contractSymbol,lastTradeDate,strike,lastPrice,bid,ask,change,percentChange,volume,openInterest,impliedVolatility,inTheMoney,contractSize,currency,expiry,spot,rfr,optionType,moneyness,ttm_years,mid
SPXW260610C03000000,2026-06-10 09:30:47+00:00,3000.0,4328.12,4334.6,4352.7,-98.40967,-2.2231786,10.0,1,5.210940986328124,True,REGULAR,USD,2026-06-10,7352.52978515625,0.03634999752044678,call,0.40802282855849004,0.0,4343.65
SPXW260610C04400000,2026-06-09 16:26:00+00:00,4400.0,2893.3,2934.6,2952.7,0.0,0.0,1.0,1,3.0664085839843747,True,REGULAR,USD,2026-06-10,7352.52978515625,0.03634999752044678,call,0.5984334818857854,0.0,2943.6499999999996
SPXW260610C05400000,2026-06-09 16:44:52+00:00,5400.0,1857.6,1934.3,1952.7,0.0,0.0,1.0,1,1.9042973535156251,True,REGULAR,USD,2026-06-10,7352.52978515625,0.03634999752044678,call,0.734441091405282,0.0,1943.5
SPXW260610C05600000,2026-06-09 16:54:50+00:00,5600.0,1654.35,1734.6,1752.7,0.0,0.0,4.0,2,1.6933609082031251,True,REGULAR,USD,2026-06-10,7352.52978515625,0.03634999752044678,call,0.7616426133091814,0.0,1743.65
SPXW260610C06575000,2026-05-13 19:10:41+00:00,6575.0,902.03,768.1,770.4,0.0,0.0,,2,1.0000000000000003e-05,True,REGULAR,USD,2026-06-10,7352.52978515625,0.03634999752044678,call,0.8942500325906906,0.0,769.25
SPXW260610C06600000,2026-06-09 16:10:26+00:00,6600.0,699.23,742.5,744.6,0.0,0.0,2.0,2,1.0000000000000003e-05,True,REGULAR,USD,2026-06-10,7352.52978515625,0.03634999752044678,call,0.897650222828678,0.0,743.55
SPXW260610C06725000,2026-06-05 10:04:51+00:00,6725.0,832.93,618.2,620.4,0.0,0.0,4.0,0,1.0000000000000003e-05,True,REGULAR,USD,2026-06-10,7352.52978515625,0.03634999752044678,call,0.9146511740186151,0.0,619.3
SPXW260610C06750000,2026-06-05 10:11:30+00:00,6750.0,807.92,593.2,595.2,0.0,0.0,2.0,2,1.0000000000000003e-05,True,REGULAR,USD,2026-06-10,7352.52978515625,0.03634999752044678,call,0.9180513642566025,0.0,594.2
SPXW260610C06825000,2026-06-04 15:53:14+00:00,6825.0,745.28,518.2,520.5,0.0,0.0,2.0,1,1.0000000000000003e-05,True,REGULAR,USD,2026-06-10,7352.52978515625,0.03634999752044678,call,0.9282519349705648,0.0,519.35
SPXW260610C06850000,2026-06-04 15:53:14+00:00,6850.0,720.41,493.0,495.6,0.0,0.0,2.0,1,1.0000000000000003e-05,True,REGULAR,USD,2026-06-10,7352.52978515625,0.03634999752044678,call,0.9316521252085522,0.0,494.3
SPXW260610C06900000,2026-06-09 20:11:15+00:00,6900.0,479.39,443.2,445.3,0.0,0.0,2.0,38,1.0000000000000003e-05,True,REGULAR,USD,2026-06-10,7352.52978515625,0.03634999752044678,call,0.938452505684527,0.0,444.25
SPXW260610C06925000,2026-06-09 14:06:06+00:00,6925.0,534.06,417.6,420.1,0.0,0.0,2.0,3,1.0000000000000003e-05,True,REGULAR,USD,2026-06-10,7352.52978515625,0.03634999752044678,call,0.9418526959225144,0.0,418.85
SPXW260610C06950000,2026-06-09 20:14:11+00:00,6950.0,428.67,393.3,395.4,0.0,0.0,13.0,11,1.0000000000000003e-05,True,REGULAR,USD,2026-06-10,7352.52978515625,0.03634999752044678,call,0.9452528861605018,0.0,394.35
SPXW260610C06965000,2026-06-08 15:14:42+00:00,6965.0,499.38,378.6,380.7,0.0,0.0,8.0,2,1.0000000000000003e-05,True,REGULAR,USD,2026-06-10,7352.52978515625,0.03634999752044678,call,0.9472930003032943,0.0,379.65
SPXW260610C06970000,2026-06-10 04:53:56+00:00,6970.0,384.37,373.2,375.5,-3.330017,-0.8589159,1.0,21,1.0000000000000003e-05,True,REGULAR,USD,2026-06-10,7352.52978515625,0.03634999752044678,call,0.9479730383508918,0.0,374.35
SPXW260610C06975000,2026-06-08 15:14:42+00:00,6975.0,489.39,368.2,370.5,0.0,0.0,8.0,3,1.0000000000000003e-05,True,REGULAR,USD,2026-06-10,7352.52978515625,0.03634999752044678,call,0.9486530763984893,0.0,369.35
SPXW260610C06980000,2026-06-09 14:08:16+00:00,6980.0,476.23,363.2,365.5,0.0,0.0,2.0,2,1.0000000000000003e-05,True,REGULAR,USD,2026-06-10,7352.52978515625,0.03634999752044678,call,0.9493331144460868,0.0,364.35
SPXW260610C06985000,2026-06-09 13:30:14+00:00,6985.0,462.85,357.4,359.7,0.0,0.0,1.0,2,1.0000000000000003e-05,True,REGULAR,USD,2026-06-10,7352.52978515625,0.03634999752044678,call,0.9500131524936842,0.0,358.54999999999995
SPXW260610C06990000,2026-06-08 15:10:49+00:00,6990.0,476.33,353.3,355.7,0.0,0.0,2.0,1,1.0000000000000003e-05,True,REGULAR,USD,2026-06-10,7352.52978515625,0.03634999752044678,call,0.9506931905412818,0.0,354.5
SPXW260610C07000000,2026-06-09 19:55:08+00:00,7000.0,377.73,343.7,344.6,0.0,0.0,31.0,731,1.0000000000000003e-05,True,REGULAR,USD,2026-06-10,7352.52978515625,0.03634999752044678,call,0.9520532666364767,0.0,344.15
SPXW260610C07025000,2026-06-09 19:55:08+00:00,7025.0,355.1,318.6,320.7,0.0,0.0,3.0,3,1.0000000000000003e-05,True,REGULAR,USD,2026-06-10,7352.52978515625,0.03634999752044678,call,0.9554534568744641,0.0,319.65
SPXW260610C07050000,2026-06-10 04:53:23+00:00,7050.0,304.36,293.5,295.8,-6.4900208,-2.0878303,1.0,12,1.0000000000000003e-05,True,REGULAR,USD,2026-06-10,7352.52978515625,0.03634999752044678,call,0.9588536471124516,0.0,294.65
SPXW260610C07060000,2026-06-08 19:21:22+00:00,7060.0,350.52,283.7,285.8,0.0,0.0,21.0,23,1.0000000000000003e-05,True,REGULAR,USD,2026-06-10,7352.52978515625,0.03634999752044678,call,0.9602137232076465,0.0,284.75
SPXW260610C07075000,2026-06-09 19:11:28+00:00,7075.0,296.65,268.8,270.9,0.0,0.0,3.0,18,1.0000000000000003e-05,True,REGULAR,USD,2026-06-10,7352.52978515625,0.03634999752044678,call,0.9622538373504389,0.0,269.85
SPXW260610C07080000,2026-06-10 03:00:15+00:00,7080.0,284.79,263.7,266.0,-91.600006,-24.336462,1.0,2,1.0000000000000003e-05,True,REGULAR,USD,2026-06-10,7352.52978515625,0.03634999752044678,call,0.9629338753980364,0.0,264.85
SPXW260610C07090000,2026-06-10 04:52:35+00:00,7090.0,265.02,254.0,256.2,11.859985,4.6847787,1.0,4,1.0000000000000003e-05,True,REGULAR,USD,2026-06-10,7352.52978515625,0.03634999752044678,call,0.9642939514932314,0.0,255.1
SPXW260610C07100000,2026-06-10 03:01:41+00:00,7100.0,266.74,243.5,245.7,-15.960022,-5.6455684,1.0,28,1.0000000000000003e-05,True,REGULAR,USD,2026-06-10,7352.52978515625,0.03634999752044678,call,0.9656540275884263,0.0,244.6
SPXW260610C07110000,2026-06-09 18:03:21+00:00,7110.0,229.36,233.2,235.7,0.0,0.0,35.0,37,1.0000000000000003e-05,True,REGULAR,USD,2026-06-10,7352.52978515625,0.03634999752044678,call,0.9670141036836213,0.0,234.45
SPXW260610C07120000,2026-06-09 16:18:03+00:00,7120.0,170.47,223.3,225.5,0.0,0.0,34.0,34,1.0000000000000003e-05,True,REGULAR,USD,2026-06-10,7352.52978515625,0.03634999752044678,call,0.9683741797788163,0.0,224.4
SPXW260610C07125000,2026-06-09 16:18:03+00:00,7125.0,165.92,218.6,220.9,0.0,0.0,1.0,13,1.0000000000000003e-05,True,REGULAR,USD,2026-06-10,7352.52978515625,0.03634999752044678,call,0.9690542178264138,0.0,219.75
SPXW260610C07130000,2026-06-10 03:27:27+00:00,7130.0,240.93,213.8,215.9,73.59,43.976334,1.0,10,1.0000000000000003e-05,True,REGULAR,USD,2026-06-10,7352.52978515625,0.03634999752044678,call,0.9697342558740113,0.0,214.85000000000002
SPXW260610C07140000,2026-06-10 12:41:07+00:00,7140.0,207.73,204.2,206.4,-35.09001,-14.451038,2.0,4,1.0000000000000003e-05,True,REGULAR,USD,2026-06-10,7352.52978515625,0.03634999752044678,call,0.9710943319692062,0.0,205.3
SPXW260610C07150000,2026-06-10 12:41:07+00:00,7150.0,197.93,194.6,197.0,-33.04001,-14.304893,3.0,167,1.0000000000000003e-05,True,REGULAR,USD,2026-06-10,7352.52978515625,0.03634999752044678,call,0.9724544080644012,0.0,195.8
SPXW260610C07160000,2026-06-10 06:11:39+00:00,7160.0,205.47,184.8,187.1,10.9900055,5.6509695,1.0,36,1.0000000000000003e-05,True,REGULAR,USD,2026-06-10,7352.52978515625,0.03634999752044678,call,0.9738144841595961,0.0,185.95
SPXW260610C07165000,2026-06-10 05:28:27+00:00,7165.0,194.29,180.4,181.8,75.48999,63.543762,1.0,6,1.0000000000000003e-05,True,REGULAR,USD,2026-06-10,7352.52978515625,0.03634999752044678,call,0.9744945222071937,0.0,181.10000000000002
SPXW260610C07170000,2026-06-09 19:49:10+00:00,7170.0,177.96,175.3,176.7,0.0,0.0,28.0,21,1.0000000000000003e-05,True,REGULAR,USD,2026-06-10,7352.52978515625,0.03634999752044678,call,0.9751745602547911,0.0,176.0
SPXW260610C07175000,2026-06-10 11:56:51+00:00,7175.0,142.61,170.3,171.9,-56.119995,-28.239317,3.0,31,1.0000000000000003e-05,True,REGULAR,USD,2026-06-10,7352.52978515625,0.03634999752044678,call,0.9758545983023886,0.0,171.10000000000002
SPXW260610C07180000,2026-06-09 18:51:00+00:00,7180.0,188.62,165.1,166.7,0.0,0.0,12.0,21,1.0000000000000003e-05,True,REGULAR,USD,2026-06-10,7352.52978515625,0.03634999752044678,call,0.976534636349986,0.0,165.89999999999998
SPXW260610C07185000,2026-06-09 16:55:35+00:00,7185.0,96.0,161.0,162.4,0.0,0.0,4.0,1,1.0000000000000003e-05,True,REGULAR,USD,2026-06-10,7352.52978515625,0.03634999752044678,call,0.9772146743975836,0.0,161.7
SPXW260610C07190000,2026-06-09 19:06:15+00:00,7190.0,194.48,155.5,156.9,0.0,0.0,14.0,7,1.0000000000000003e-05,True,REGULAR,USD,2026-06-10,7352.52978515625,0.03634999752044678,call,0.9778947124451811,0.0,156.2
SPXW260610C07200000,2026-06-10 11:31:06+00:00,7200.0,116.15,146.1,147.4,-66.02999,-36.24437,10.0,86,1.0000000000000003e-05,True,REGULAR,USD,2026-06-10,7352.52978515625,0.03634999752044678,call,0.9792547885403761,0.0,146.75
SPXW260610C07205000,2026-06-10 11:56:51+00:00,7205.0,115.51,141.8,143.3,-39.109993,-25.294266,6.0,15,1.0000000000000003e-05,True,REGULAR,USD,2026-06-10,7352.52978515625,0.03634999752044678,call,0.9799348265879735,0.0,142.55
SPXW260610C07210000,2026-06-10 02:34:00+00:00,7210.0,161.42,137.1,138.6,-18.509995,-10.287332,6.0,53,1.0000000000000003e-05,True,REGULAR,USD,2026-06-10,7352.52978515625,0.03634999752044678,call,0.980614864635571,0.0,137.85
SPXW260610C07215000,2026-06-10 11:09:48+00:00,7215.0,106.97,132.7,134.1,-68.16,-38.919662,2.0,94,1.0000000000000003e-05,True,REGULAR,USD,2026-06-10,7352.52978515625,0.03634999752044678,call,0.9812949026831684,0.0,133.39999999999998
SPXW260610C07220000,2026-06-10 11:25:23+00:00,7220.0,95.8,127.4,128.7,-71.270004,-42.658768,1.0,84,1.0000000000000003e-05,True,REGULAR,USD,2026-06-10,7352.52978515625,0.03634999752044678,call,0.981974940730766,0.0,128.05
SPXW260610C07225000,2026-06-10 10:48:30+00:00,7225.0,116.08,123.4,124.7,-46.240005,-28.48694,71.0,37,1.0000000000000003e-05,True,REGULAR,USD,2026-06-10,7352.52978515625,0.03634999752044678,call,0.9826549787783635,0.0,124.05000000000001
SPXW260610C07230000,2026-06-10 11:25:18+00:00,7230.0,86.7,118.5,119.7,-34.980003,-28.747536,4.0,22,1.0000000000000003e-05,True,REGULAR,USD,2026-06-10,7352.52978515625,0.03634999752044678,call,0.9833350168259609,0.0,119.1
SPXW260610C07240000,2026-06-10 11:50:34+00:00,7240.0,84.0,109.3,110.4,-66.95,-44.352432,31.0,115,1.0000000000000003e-05,True,REGULAR,USD,2026-06-10,7352.52978515625,0.03634999752044678,call,0.9846950929211559,0.0,109.85
SPXW260610C07250000,2026-06-10 12:30:03+00:00,7250.0,0.3,100.7,101.6,-132.26,-99.77368,24.0,161,1.0000000000000003e-05,True,REGULAR,USD,2026-06-10,7352.52978515625,0.03634999752044678,call,0.9860551690163508,0.0,101.15
SPXW260610C07260000,2026-06-10 12:10:19+00:00,7260.0,75.9,92.2,93.1,-20.019997,-20.871555,18.0,67,0.12854875366210936,True,REGULAR,USD,2026-06-10,7352.52978515625,0.03634999752044678,call,0.9874152451115459,0.0,92.65
SPXW260610C07270000,2026-06-10 12:13:43+00:00,7270.0,71.0,83.1,83.8,-51.010002,-41.80805,14.0,81,0.1364222100830078,True,REGULAR,USD,2026-06-10,7352.52978515625,0.03634999752044678,call,0.9887753212067408,0.0,83.44999999999999
SPXW260610C07275000,2026-06-10 12:28:01+00:00,7275.0,70.2,79.5,80.1,-49.9,-41.54871,24.0,146,0.15351188293457033,True,REGULAR,USD,2026-06-10,7352.52978515625,0.03634999752044678,call,0.9894553592543383,0.0,79.8
SPXW260610C07280000,2026-06-10 12:39:01+00:00,7280.0,83.5,74.8,75.5,-28.410004,-25.386475,41.0,123,0.1519860192871094,True,REGULAR,USD,2026-06-10,7352.52978515625,0.03634999752044678,call,0.9901353973019358,0.0,75.15
SPXW260610C07285000,2026-06-10 13:01:33+00:00,7285.0,73.7,71.4,71.9,-21.700005,-22.746336,37.0,137,0.16211775390625,True,REGULAR,USD,2026-06-10,7352.52978515625,0.03634999752044678,call,0.9908154353495332,0.0,71.65
SPXW260610C07290000,2026-06-10 12:55:48+00:00,7290.0,71.2,67.5,68.0,-25.410004,-26.30163,49.0,343,0.16593241302490236,True,REGULAR,USD,2026-06-10,7352.52978515625,0.03634999752044678,call,0.9914954733971307,0.0,67.75
SPXW260610C07295000,2026-06-10 12:49:11+00:00,7295.0,72.5,63.7,64.2,-24.629997,-25.357765,61.0,152,0.16916724395751953,True,REGULAR,USD,2026-06-10,7352.52978515625,0.03634999752044678,call,0.9921755114447283,0.0,63.95
SPXW260610C07300000,2026-06-10 13:11:04+00:00,7300.0,60.53,59.9,60.4,-29.330002,-32.639664,470.0,1095,0.1710135389709473,True,REGULAR,USD,2026-06-10,7352.52978515625,0.03634999752044678,call,0.9928555494923257,0.0,60.15
SPXW260610C07305000,2026-06-10 13:04:34+00:00,7305.0,56.1,55.9,56.4,-32.18,-36.452198,135.0,93,0.16997595169067387,True,REGULAR,USD,2026-06-10,7352.52978515625,0.03634999752044678,call,0.9935355875399232,0.0,56.15
SPXW260610C07310000,2026-06-10 13:06:25+00:00,7310.0,51.9,52.3,52.8,-29.989998,-36.622295,133.0,219,0.17133397033691405,True,REGULAR,USD,2026-06-10,7352.52978515625,0.03634999752044678,call,0.9942156255875206,0.0,52.55
SPXW260610C07315000,2026-06-10 12:59:14+00:00,7315.0,50.7,48.7,49.0,-27.850002,-35.455128,365.0,293,0.1700675035095215,True,REGULAR,USD,2026-06-10,7352.52978515625,0.03634999752044678,call,0.9948956636351182,0.0,48.85
SPXW260610C07320000,2026-06-10 13:03:35+00:00,7320.0,45.0,45.7,46.1,-29.800003,-39.839573,393.0,265,0.1745840599060059,True,REGULAR,USD,2026-06-10,7352.52978515625,0.03634999752044678,call,0.9955757016827156,0.0,45.900000000000006
SPXW260610C07325000,2026-06-10 13:11:04+00:00,7325.0,42.98,42.3,42.5,-25.52,-37.255474,492.0,574,0.17285983398437502,True,REGULAR,USD,2026-06-10,7352.52978515625,0.03634999752044678,call,0.9962557397303131,0.0,42.4
SPXW260610C07330000,2026-06-10 13:10:21+00:00,7330.0,40.3,39.2,39.4,-22.900002,-36.23418,373.0,343,0.17372957626342772,True,REGULAR,USD,2026-06-10,7352.52978515625,0.03634999752044678,call,0.9969357777779106,0.0,39.3
SPXW260610C07335000,2026-06-10 13:12:07+00:00,7335.0,36.35,36.2,36.4,-26.25,-41.932907,437.0,257,0.17426362854003907,True,REGULAR,USD,2026-06-10,7352.52978515625,0.03634999752044678,call,0.9976158158255081,0.0,36.3
SPXW260610C07340000,2026-06-10 13:13:23+00:00,7340.0,34.32,33.3,33.5,-21.93,-38.986668,496.0,805,0.17450013740539552,True,REGULAR,USD,2026-06-10,7352.52978515625,0.03634999752044678,call,0.9982958538731056,0.0,33.4
SPXW260610C07345000,2026-06-10 13:14:41+00:00,7345.0,30.7,30.6,30.8,-22.04,-41.789913,1017.0,341,0.17507233627319335,True,REGULAR,USD,2026-06-10,7352.52978515625,0.03634999752044678,call,0.998975891920703,0.0,30.700000000000003
SPXW260610C07350000,2026-06-10 13:13:56+00:00,7350.0,29.0,28.0,28.2,-22.04,-43.181816,1265.0,1037,0.17533173309326172,True,REGULAR,USD,2026-06-10,7352.52978515625,0.03634999752044678,call,0.9996559299683005,0.0,28.1
SPXW260610C07355000,2026-06-10 13:07:58+00:00,7355.0,25.1,25.4,25.6,-23.28,-48.119057,597.0,381,0.1746298358154297,False,REGULAR,USD,2026-06-10,7352.52978515625,0.03634999752044678,call,1.000335968015898,0.0,25.5
SPXW260610C07360000,2026-06-10 13:12:07+00:00,7360.0,23.2,23.0,23.2,-20.0,-46.296295,1161.0,530,0.17426362854003907,False,REGULAR,USD,2026-06-10,7352.52978515625,0.03634999752044678,call,1.0010160060634954,0.0,23.1
SPXW260610C07365000,2026-06-10 13:14:26+00:00,7365.0,21.0,20.8,21.0,-21.099998,-50.11876,726.0,563,0.17423311126708985,False,REGULAR,USD,2026-06-10,7352.52978515625,0.03634999752044678,call,1.001696044111093,0.0,20.9
SPXW260610C07370000,2026-06-10 13:14:12+00:00,7370.0,19.1,18.8,19.0,-17.800001,-48.238483,1354.0,487,0.17456880126953128,False,REGULAR,USD,2026-06-10,7352.52978515625,0.03634999752044678,call,1.0023760821586905,0.0,18.9
SPXW260610C07375000,2026-06-10 13:14:19+00:00,7375.0,16.9,16.8,17.0,-17.4,-50.728863,1844.0,763,0.1739431971740723,False,REGULAR,USD,2026-06-10,7352.52978515625,0.03634999752044678,call,1.003056120206288,0.0,16.9
SPXW260610C07380000,2026-06-10 13:14:54+00:00,7380.0,15.1,15.1,15.3,-16.4,-52.06349,1077.0,889,0.1744009562683106,False,REGULAR,USD,2026-06-10,7352.52978515625,0.03634999752044678,call,1.0037361582538855,0.0,15.2
SPXW260610C07385000,2026-06-10 13:14:19+00:00,7385.0,13.5,13.3,13.5,-14.799999,-52.296818,2133.0,497,0.1731802653503418,False,REGULAR,USD,2026-06-10,7352.52978515625,0.03634999752044678,call,1.0044161963014828,0.0,13.4
SPXW260610C07390000,2026-06-10 13:14:23+00:00,7390.0,11.9,11.8,12.0,-14.5,-54.924244,6027.0,678,0.17313448944091797,False,REGULAR,USD,2026-06-10,7352.52978515625,0.03634999752044678,call,1.0050962343490804,0.0,11.9
SPXW260610C07395000,2026-06-10 13:13:01+00:00,7395.0,11.0,10.4,10.6,-13.0,-54.166668,1502.0,519,0.17285983398437502,False,REGULAR,USD,2026-06-10,7352.52978515625,0.03634999752044678,call,1.0057762723966779,0.0,10.5
SPXW260610C07400000,2026-06-10 13:13:46+00:00,7400.0,9.8,9.2,9.3,-11.72,-54.460964,6015.0,2741,0.17240207489013676,False,REGULAR,USD,2026-06-10,7352.52978515625,0.03634999752044678,call,1.0064563104442754,0.0,9.25
SPXW260610C07405000,2026-06-10 13:13:20+00:00,7405.0,8.5,8.1,8.3,-10.969999,-56.343086,942.0,460,0.17350069671630858,False,REGULAR,USD,2026-06-10,7352.52978515625,0.03634999752044678,call,1.007136348491873,0.0,8.2
SPXW260610C07410000,2026-06-10 13:14:04+00:00,7410.0,7.4,7.1,7.2,-10.200001,-57.954548,2156.0,627,0.1727987994384766,False,REGULAR,USD,2026-06-10,7352.52978515625,0.03634999752044678,call,1.0078163865394703,0.0,7.15
SPXW260610C07415000,2026-06-10 13:12:48+00:00,7415.0,6.7,6.3,6.4,-9.1,-57.59494,1609.0,814,0.17397371444702148,False,REGULAR,USD,2026-06-10,7352.52978515625,0.03634999752044678,call,1.0084964245870678,0.0,6.35
SPXW260610C07420000,2026-06-10 13:15:01+00:00,7420.0,5.49,5.4,5.6,-8.51,-60.785713,2974.0,920,0.1742941458129883,False,REGULAR,USD,2026-06-10,7352.52978515625,0.03634999752044678,call,1.0091764626346653,0.0,5.5
SPXW260610C07425000,2026-06-10 13:13:01+00:00,7425.0,5.1,4.7,4.8,-7.2000003,-58.536583,1631.0,1300,0.17362276580810548,False,REGULAR,USD,2026-06-10,7352.52978515625,0.03634999752044678,call,1.0098565006822628,0.0,4.75
SPXW260610C07430000,2026-06-10 13:14:19+00:00,7430.0,4.2,4.1,4.3,-7.12,-62.89753,3213.0,1008,0.17557587127685548,False,REGULAR,USD,2026-06-10,7352.52978515625,0.03634999752044678,call,1.0105365387298602,0.0,4.199999999999999
SPXW260610C07435000,2026-06-10 13:14:33+00:00,7435.0,3.6,3.5,3.7,-6.47,-64.25025,1319.0,2202,0.1754843194580078,False,REGULAR,USD,2026-06-10,7352.52978515625,0.03634999752044678,call,1.0112165767774577,0.0,3.6
SPXW260610C07440000,2026-06-10 13:14:16+00:00,7440.0,3.2,3.1,3.2,-5.7,-64.044945,1784.0,1021,0.17585052673339846,False,REGULAR,USD,2026-06-10,7352.52978515625,0.03634999752044678,call,1.0118966148250552,0.0,3.1500000000000004
SPXW260610C07445000,2026-06-10 13:14:07+00:00,7445.0,2.8,2.7,2.8,-4.87,-63.494133,1377.0,1017,0.17685759674072266,False,REGULAR,USD,2026-06-10,7352.52978515625,0.03634999752044678,call,1.0125766528726527,0.0,2.75
SPXW260610C07450000,2026-06-10 13:14:05+00:00,7450.0,2.45,2.3,2.4,-4.54,-64.94993,5052.0,2214,0.17704070037841796,False,REGULAR,USD,2026-06-10,7352.52978515625,0.03634999752044678,call,1.0132566909202503,0.0,2.3499999999999996
SPXW260610C07455000,2026-06-10 13:14:26+00:00,7455.0,2.1,1.95,2.1,-4.1,-66.129036,1238.0,683,0.1782003567504883,False,REGULAR,USD,2026-06-10,7352.52978515625,0.03634999752044678,call,1.0139367289678476,0.0,2.025
SPXW260610C07460000,2026-06-10 13:14:05+00:00,7460.0,1.85,1.75,1.85,-3.5,-65.42056,1414.0,1528,0.179695703125,False,REGULAR,USD,2026-06-10,7352.52978515625,0.03634999752044678,call,1.0146167670154451,0.0,1.8
SPXW260610C07465000,2026-06-10 13:13:20+00:00,7465.0,1.65,1.55,1.6,-3.0499997,-64.893616,970.0,1434,0.1804891522216797,False,REGULAR,USD,2026-06-10,7352.52978515625,0.03634999752044678,call,1.0152968050630427,0.0,1.5750000000000002
SPXW260610C07470000,2026-06-10 13:15:06+00:00,7470.0,1.35,1.3,1.4,-2.7400002,-65.39379,1765.0,1292,0.18177087768554687,False,REGULAR,USD,2026-06-10,7352.52978515625,0.03634999752044678,call,1.0159768431106402,0.0,1.35
SPXW260610C07475000,2026-06-10 13:14:58+00:00,7475.0,1.15,1.15,1.25,-2.4499998,-68.05555,1508.0,2423,0.18378501770019529,False,REGULAR,USD,2026-06-10,7352.52978515625,0.03634999752044678,call,1.0166568811582377,0.0,1.2
SPXW260610C07480000,2026-06-10 13:14:20+00:00,7480.0,1.05,1.0,1.05,-2.05,-66.129036,2231.0,2338,0.18372398315429686,False,REGULAR,USD,2026-06-10,7352.52978515625,0.03634999752044678,call,1.017336919205835,0.0,1.025
SPXW260610C07485000,2026-06-10 13:12:14+00:00,7485.0,0.9,0.9,0.95,-1.85,-67.27273,1515.0,1021,0.18616536499023437,False,REGULAR,USD,2026-06-10,7352.52978515625,0.03634999752044678,call,1.0180169572534326,0.0,0.925
SPXW260610C07490000,2026-06-10 13:06:06+00:00,7490.0,0.85,0.75,0.85,-1.6,-65.30612,657.0,1983,0.18817950500488279,False,REGULAR,USD,2026-06-10,7352.52978515625,0.03634999752044678,call,1.01869699530103,0.0,0.8
SPXW260610C07495000,2026-06-10 13:06:16+00:00,7495.0,0.7,0.7,0.75,-1.5,-68.181816,1137.0,1443,0.18976640319824223,False,REGULAR,USD,2026-06-10,7352.52978515625,0.03634999752044678,call,1.0193770333486276,0.0,0.725
SPXW260610C07500000,2026-06-10 13:14:19+00:00,7500.0,0.6,0.55,0.65,-1.3,-68.42105,3480.0,5262,0.19080399047851562,False,REGULAR,USD,2026-06-10,7352.52978515625,0.03634999752044678,call,1.020057071396225,0.0,0.6000000000000001
SPXW260610C07505000,2026-06-10 13:05:03+00:00,7505.0,0.55,0.5,0.6,-1.1800001,-68.2081,307.0,2088,0.19373364868164064,False,REGULAR,USD,2026-06-10,7352.52978515625,0.03634999752044678,call,1.0207371094438225,0.0,0.55
SPXW260610C07510000,2026-06-10 13:02:56+00:00,7510.0,0.5,0.45,0.55,-1.0,-66.666664,363.0,2528,0.19641916870117188,False,REGULAR,USD,2026-06-10,7352.52978515625,0.03634999752044678,call,1.02141714749142,0.0,0.5
SPXW260610C07515000,2026-06-10 13:06:20+00:00,7515.0,0.45,0.4,0.5,-0.95,-67.85715,317.0,780,0.19886055053710935,False,REGULAR,USD,2026-06-10,7352.52978515625,0.03634999752044678,call,1.0220971855390175,0.0,0.45
SPXW260610C07520000,2026-06-10 13:08:04+00:00,7520.0,0.39,0.4,0.45,-0.81000006,-67.5,200.0,1633,0.20093572509765623,False,REGULAR,USD,2026-06-10,7352.52978515625,0.03634999752044678,call,1.022777223586615,0.0,0.42500000000000004
SPXW260610C07525000,2026-06-10 13:02:51+00:00,7525.0,0.35,0.35,0.4,-0.7099999,-66.981125,475.0,8432,0.20252262329101559,False,REGULAR,USD,2026-06-10,7352.52978515625,0.03634999752044678,call,1.0234572616342124,0.0,0.375
SPXW260610C07530000,2026-06-10 13:08:28+00:00,7530.0,0.35,0.3,0.4,-0.54999995,-61.111107,241.0,1357,0.20752745605468748,False,REGULAR,USD,2026-06-10,7352.52978515625,0.03634999752044678,call,1.0241372996818099,0.0,0.35
SPXW260610C07535000,2026-06-10 13:06:03+00:00,7535.0,0.3,0.25,0.35,-0.59999996,-66.666664,320.0,1796,0.2087481469726562,False,REGULAR,USD,2026-06-10,7352.52978515625,0.03634999752044678,call,1.0248173377294074,0.0,0.3
SPXW260610C07540000,2026-06-10 13:11:32+00:00,7540.0,0.25,0.25,0.3,-0.45,-62.499996,131.0,1159,0.2092364233398437,False,REGULAR,USD,2026-06-10,7352.52978515625,0.03634999752044678,call,1.025497375777005,0.0,0.275
SPXW260610C07545000,2026-06-10 12:53:17+00:00,7545.0,0.25,0.2,0.3,-0.45,-64.28571,411.0,864,0.21411918701171873,False,REGULAR,USD,2026-06-10,7352.52978515625,0.03634999752044678,call,1.0261774138246025,0.0,0.25
SPXW260610C07550000,2026-06-10 13:10:35+00:00,7550.0,0.25,0.2,0.25,-0.35000002,-63.636368,514.0,4831,0.213875048828125,False,REGULAR,USD,2026-06-10,7352.52978515625,0.03634999752044678,call,1.0268574518721998,0.0,0.225
SPXW260610C07555000,2026-06-10 13:00:44+00:00,7555.0,0.2,0.15,0.25,-0.35000002,-63.636368,400.0,773,0.21851367431640623,False,REGULAR,USD,2026-06-10,7352.52978515625,0.03634999752044678,call,1.0275374899197973,0.0,0.2
SPXW260610C07560000,2026-06-10 13:07:31+00:00,7560.0,0.2,0.15,0.25,-0.3,-60.000004,436.0,4772,0.22315229980468748,False,REGULAR,USD,2026-06-10,7352.52978515625,0.03634999752044678,call,1.0282175279673949,0.0,0.2
SPXW260610C07565000,2026-06-10 13:08:08+00:00,7565.0,0.2,0.15,0.2,-0.2,-50.0,389.0,616,0.22168747070312497,False,REGULAR,USD,2026-06-10,7352.52978515625,0.03634999752044678,call,1.0288975660149924,0.0,0.175
SPXW260610C07570000,2026-06-10 12:56:14+00:00,7570.0,0.15,0.15,0.2,-0.19999999,-57.142853,283.0,1417,0.22632609619140626,False,REGULAR,USD,2026-06-10,7352.52978515625,0.03634999752044678,call,1.0295776040625897,0.0,0.175
SPXW260610C07575000,2026-06-10 12:46:39+00:00,7575.0,0.17,0.1,0.2,-0.17999999,-51.428574,611.0,2950,0.2309647216796875,False,REGULAR,USD,2026-06-10,7352.52978515625,0.03634999752044678,call,1.0302576421101872,0.0,0.15000000000000002
SPXW260610C07580000,2026-06-10 12:45:11+00:00,7580.0,0.2,0.1,0.2,-0.10000001,-33.333336,365.0,856,0.23535920898437498,False,REGULAR,USD,2026-06-10,7352.52978515625,0.03634999752044678,call,1.0309376801577848,0.0,0.15000000000000002
SPXW260610C07585000,2026-06-10 12:57:49+00:00,7585.0,0.15,0.1,0.2,-0.15,-50.0,200.0,807,0.23975369628906246,False,REGULAR,USD,2026-06-10,7352.52978515625,0.03634999752044678,call,1.0316177182053823,0.0,0.15000000000000002
SPXW260610C07590000,2026-06-10 13:04:04+00:00,7590.0,0.1,0.1,0.2,-0.12,-54.545456,356.0,3213,0.24439232177734377,False,REGULAR,USD,2026-06-10,7352.52978515625,0.03634999752044678,call,1.0322977562529798,0.0,0.15000000000000002
SPXW260610C07595000,2026-06-10 12:33:27+00:00,7595.0,0.15,0.1,0.15,-0.049999997,-24.999998,330.0,7897,0.24073024902343748,False,REGULAR,USD,2026-06-10,7352.52978515625,0.03634999752044678,call,1.0329777943005771,0.0,0.125
SPXW260610C07600000,2026-06-10 13:09:55+00:00,7600.0,0.15,0.1,0.15,-0.049999997,-24.999998,461.0,6651,0.245124736328125,False,REGULAR,USD,2026-06-10,7352.52978515625,0.03634999752044678,call,1.0336578323481747,0.0,0.125
SPXW260610C07605000,2026-06-10 08:53:49+00:00,7605.0,0.25,0.1,0.15,0.049999997,24.999998,278.0,701,0.24951922363281248,False,REGULAR,USD,2026-06-10,7352.52978515625,0.03634999752044678,call,1.0343378703957722,0.0,0.125
SPXW260610C07610000,2026-06-10 11:54:48+00:00,7610.0,0.15,0.1,0.15,0.0,0.0,124.0,3914,0.25391371093750004,False,REGULAR,USD,2026-06-10,7352.52978515625,0.03634999752044678,call,1.0350179084433697,0.0,0.125
SPXW260610C07615000,2026-06-10 12:42:57+00:00,7615.0,0.1,0.1,0.15,0.0,0.0,39.0,1248,0.25830819824218754,False,REGULAR,USD,2026-06-10,7352.52978515625,0.03634999752044678,call,1.0356979464909672,0.0,0.125
SPXW260610C07620000,2026-06-10 05:29:37+00:00,7620.0,0.3,0.05,0.15,0.20000002,200.00003,87.0,568,0.2624585473632813,False,REGULAR,USD,2026-06-10,7352.52978515625,0.03634999752044678,call,1.0363779845385646,0.0,0.1
SPXW260610C07625000,2026-06-10 08:58:35+00:00,7625.0,0.15,0.05,0.1,0.050000004,50.000004,46.0,1339,0.25586681640625003,False,REGULAR,USD,2026-06-10,7352.52978515625,0.03634999752044678,call,1.037058022586162,0.0,0.07500000000000001
SPXW260610C07630000,2026-06-10 10:43:07+00:00,7630.0,0.1,0.05,0.15,0.0,0.0,10.0,649,0.2710033837890625,False,REGULAR,USD,2026-06-10,7352.52978515625,0.03634999752044678,call,1.0377380606337596,0.0,0.1
SPXW260610C07635000,2026-06-10 11:33:23+00:00,7635.0,0.15,0.05,0.1,0.080000006,114.28573,35.0,1327,0.26416751464843746,False,REGULAR,USD,2026-06-10,7352.52978515625,0.03634999752044678,call,1.0384180986813571,0.0,0.07500000000000001
SPXW260610C07640000,2026-06-10 12:32:21+00:00,7640.0,0.1,0.05,0.15,0.0,0.0,36.0,1950,0.2795482202148437,False,REGULAR,USD,2026-06-10,7352.52978515625,0.03634999752044678,call,1.0390981367289545,0.0,0.1
SPXW260610C07645000,2026-06-10 08:32:17+00:00,7645.0,0.15,0.05,0.1,0.050000004,50.000004,170.0,518,0.27246821289062495,False,REGULAR,USD,2026-06-10,7352.52978515625,0.03634999752044678,call,1.039778174776552,0.0,0.07500000000000001
SPXW260610C07650000,2026-06-10 12:46:26+00:00,7650.0,0.07,0.05,0.1,0.02,40.0,129.0,2265,0.27637442382812494,False,REGULAR,USD,2026-06-10,7352.52978515625,0.03634999752044678,call,1.0404582128241495,0.0,0.07500000000000001
SPXW260610C07655000,2026-06-10 08:05:24+00:00,7655.0,0.15,0.05,0.1,0.10000001,200.00003,11.0,805,0.2802806347656249,False,REGULAR,USD,2026-06-10,7352.52978515625,0.03634999752044678,call,1.041138250871747,0.0,0.07500000000000001
SPXW260610C07660000,2026-06-10 12:13:57+00:00,7660.0,0.05,0.05,0.1,0.0,0.0,79.0,1592,0.2846751220703124,False,REGULAR,USD,2026-06-10,7352.52978515625,0.03634999752044678,call,1.0418182889193446,0.0,0.07500000000000001
SPXW260610C07665000,2026-06-10 12:09:35+00:00,7665.0,0.05,0.05,0.1,0.0,0.0,58.0,607,0.2885813330078124,False,REGULAR,USD,2026-06-10,7352.52978515625,0.03634999752044678,call,1.042498326966942,0.0,0.07500000000000001
SPXW260610C07670000,2026-06-10 12:19:45+00:00,7670.0,0.05,0.05,0.1,0.0,0.0,138.0,806,0.2924875439453124,False,REGULAR,USD,2026-06-10,7352.52978515625,0.03634999752044678,call,1.0431783650145394,0.0,0.07500000000000001
SPXW260610C07675000,2026-06-10 12:16:31+00:00,7675.0,0.05,0.05,0.1,0.0,0.0,44.0,1369,0.29688203124999996,False,REGULAR,USD,2026-06-10,7352.52978515625,0.03634999752044678,call,1.043858403062137,0.0,0.07500000000000001
SPXW260610C07680000,2026-06-10 12:30:38+00:00,7680.0,0.05,0.05,0.1,0.0,0.0,124.0,877,0.3007882421875,False,REGULAR,USD,2026-06-10,7352.52978515625,0.03634999752044678,call,1.0445384411097345,0.0,0.07500000000000001
SPXW260611C03000000,2026-05-18 16:10:32+00:00,3000.0,4384.86,4335.9,4354.2,0.0,0.0,,1,4.4951215686035155,True,REGULAR,USD,2026-06-11,7352.52978515625,0.03634999752044678,call,0.40802282855849004,0.0027397260273972603,4345.049999999999
SPXW260611C05200000,2026-06-05 16:20:42+00:00,5200.0,2265.22,2134.2,2153.3,0.0,0.0,17.0,17,1.7175307092285155,True,REGULAR,USD,2026-06-11,7352.52978515625,0.03634999752044678,call,0.7072395695013827,0.0027397260273972603,2143.75
SPXW260611C06000000,2026-05-21 19:57:14+00:00,6000.0,1458.71,1336.4,1354.1,0.0,0.0,,3,1.1477093395996092,True,REGULAR,USD,2026-06-11,7352.52978515625,0.03634999752044678,call,0.8160456571169801,0.0027397260273972603,1345.25
SPXW260611C06100000,2026-06-05 19:48:40+00:00,6100.0,1304.17,1240.9,1247.6,0.0,0.0,1.0,2,1.0000000000000003e-05,True,REGULAR,USD,2026-06-11,7352.52978515625,0.03634999752044678,call,0.8296464180689297,0.0027397260273972603,1244.25
SPXW260611C06300000,2026-05-29 17:55:51+00:00,6300.0,1279.58,1041.5,1047.5,0.0,0.0,1.0,1,1.0000000000000003e-05,True,REGULAR,USD,2026-06-11,7352.52978515625,0.03634999752044678,call,0.856847939972829,0.0027397260273972603,1044.5
SPXW260611C06400000,2026-06-05 13:50:34+00:00,6400.0,1114.04,942.2,947.8,0.0,0.0,8.0,8,1.0000000000000003e-05,True,REGULAR,USD,2026-06-11,7352.52978515625,0.03634999752044678,call,0.8704487009247787,0.0027397260273972603,945.0
SPXW260611C06425000,2026-06-05 13:50:34+00:00,6425.0,1089.09,916.5,922.3,0.0,0.0,8.0,8,1.0000000000000003e-05,True,REGULAR,USD,2026-06-11,7352.52978515625,0.03634999752044678,call,0.8738488911627661,0.0027397260273972603,919.4
SPXW260611C06500000,2026-06-09 19:09:38+00:00,6500.0,883.47,841.7,847.8,0.0,0.0,70.0,70,1.0000000000000003e-05,True,REGULAR,USD,2026-06-11,7352.52978515625,0.03634999752044678,call,0.8840494618767284,0.0027397260273972603,844.75
SPXW260611C06525000,2026-06-05 13:56:45+00:00,6525.0,988.47,816.7,822.3,0.0,0.0,10.0,11,1.0000000000000003e-05,True,REGULAR,USD,2026-06-11,7352.52978515625,0.03634999752044678,call,0.8874496521147158,0.0027397260273972603,819.5
SPXW260611C06575000,2026-05-14 19:20:40+00:00,6575.0,950.94,766.8,772.5,0.0,0.0,,2,1.0000000000000003e-05,True,REGULAR,USD,2026-06-11,7352.52978515625,0.03634999752044678,call,0.8942500325906906,0.0027397260273972603,769.65
SPXW260611C06700000,2026-06-05 16:31:48+00:00,6700.0,760.0,642.2,647.6,0.0,0.0,1.0,1,1.0000000000000003e-05,True,REGULAR,USD,2026-06-11,7352.52978515625,0.03634999752044678,call,0.9112509837806277,0.0027397260273972603,644.9000000000001
SPXW260611C06750000,2026-06-08 11:52:31+00:00,6750.0,692.78,592.4,597.7,0.0,0.0,2.0,2,1.0000000000000003e-05,True,REGULAR,USD,2026-06-11,7352.52978515625,0.03634999752044678,call,0.9180513642566025,0.0027397260273972603,595.05
SPXW260611C06800000,2026-06-09 19:56:31+00:00,6800.0,583.5,542.8,547.9,0.0,0.0,2.0,3,1.0000000000000003e-05,True,REGULAR,USD,2026-06-11,7352.52978515625,0.03634999752044678,call,0.9248517447325774,0.0027397260273972603,545.3499999999999
SPXW260611C06850000,2026-06-04 18:11:13+00:00,6850.0,746.76,493.1,498.1,0.0,0.0,,4,1.0000000000000003e-05,True,REGULAR,USD,2026-06-11,7352.52978515625,0.03634999752044678,call,0.9316521252085522,0.0027397260273972603,495.6
SPXW260611C06875000,2026-06-05 19:45:05+00:00,6875.0,524.2,468.1,473.2,0.0,0.0,2.0,4,1.0000000000000003e-05,True,REGULAR,USD,2026-06-11,7352.52978515625,0.03634999752044678,call,0.9350523154465397,0.0027397260273972603,470.65
SPXW260611C06925000,2026-06-09 16:44:45+00:00,6925.0,339.61,418.9,424.0,0.0,0.0,1.0,1,1.0000000000000003e-05,True,REGULAR,USD,2026-06-11,7352.52978515625,0.03634999752044678,call,0.9418526959225144,0.0027397260273972603,421.45
SPXW260611C06950000,2026-05-08 19:55:38+00:00,6950.0,492.02,444.9,468.8,0.0,0.0,,1,0.9101266311645507,True,REGULAR,USD,2026-06-11,7352.52978515625,0.03634999752044678,call,0.9452528861605018,0.0027397260273972603,456.85
SPXW260611C06975000,2026-06-10 04:53:56+00:00,6975.0,381.87,369.1,373.9,4.9400024,1.3105888,1.0,67,1.0000000000000003e-05,True,REGULAR,USD,2026-06-11,7352.52978515625,0.03634999752044678,call,0.9486530763984893,0.0027397260273972603,371.5
SPXW260611C07000000,2026-06-09 19:55:08+00:00,7000.0,376.48,344.4,349.4,0.0,0.0,2.0,18,1.0000000000000003e-05,True,REGULAR,USD,2026-06-11,7352.52978515625,0.03634999752044678,call,0.9520532666364767,0.0027397260273972603,346.9
SPXW260611C07025000,2026-06-09 19:55:08+00:00,7025.0,354.05,319.9,324.8,0.0,0.0,1.0,8,1.0000000000000003e-05,True,REGULAR,USD,2026-06-11,7352.52978515625,0.03634999752044678,call,0.9554534568744641,0.0027397260273972603,322.35
SPXW260611C07050000,2026-06-09 19:37:54+00:00,7050.0,312.34,295.8,300.1,0.0,0.0,3.0,12,1.0000000000000003e-05,True,REGULAR,USD,2026-06-11,7352.52978515625,0.03634999752044678,call,0.9588536471124516,0.0027397260273972603,297.95000000000005
SPXW260611C07075000,2026-05-27 19:13:43+00:00,7075.0,467.54,271.1,276.0,0.0,0.0,,97,1.0000000000000003e-05,True,REGULAR,USD,2026-06-11,7352.52978515625,0.03634999752044678,call,0.9622538373504389,0.0027397260273972603,273.55
SPXW260611C07080000,2026-06-09 18:12:14+00:00,7080.0,269.12,266.2,270.9,0.0,0.0,1.0,98,1.0000000000000003e-05,True,REGULAR,USD,2026-06-11,7352.52978515625,0.03634999752044678,call,0.9629338753980364,0.0027397260273972603,268.54999999999995
SPXW260611C07090000,2026-06-04 14:18:01+00:00,7090.0,466.54,257.9,261.0,0.0,0.0,,4,1.0000000000000003e-05,True,REGULAR,USD,2026-06-11,7352.52978515625,0.03634999752044678,call,0.9642939514932314,0.0027397260273972603,259.45
SPXW260611C07100000,2026-06-10 12:30:01+00:00,7100.0,221.7,248.2,251.3,-30.800003,-12.198021,1.0,7,1.0000000000000003e-05,True,REGULAR,USD,2026-06-11,7352.52978515625,0.03634999752044678,call,0.9656540275884263,0.0027397260273972603,249.75
SPXW260611C07110000,2026-06-04 14:18:01+00:00,7110.0,446.74,238.6,241.7,0.0,0.0,,4,1.0000000000000003e-05,True,REGULAR,USD,2026-06-11,7352.52978515625,0.03634999752044678,call,0.9670141036836213,0.0027397260273972603,240.14999999999998
SPXW260611C07120000,2026-06-09 14:43:54+00:00,7120.0,293.88,229.1,232.2,0.0,0.0,9.0,9,1.0000000000000003e-05,True,REGULAR,USD,2026-06-11,7352.52978515625,0.03634999752044678,call,0.9683741797788163,0.0027397260273972603,230.64999999999998
SPXW260611C07125000,2026-06-04 14:11:20+00:00,7125.0,429.99,224.8,227.9,0.0,0.0,1.0,2,0.18494467407226559,True,REGULAR,USD,2026-06-11,7352.52978515625,0.03634999752044678,call,0.9690542178264138,0.0027397260273972603,226.35000000000002
SPXW260611C07130000,2026-06-09 17:06:30+00:00,7130.0,179.54,219.7,222.8,0.0,0.0,2.0,77,0.17408052490234377,True,REGULAR,USD,2026-06-11,7352.52978515625,0.03634999752044678,call,0.9697342558740113,0.0027397260273972603,221.25
SPXW260611C07150000,2026-06-09 18:30:17+00:00,7150.0,225.29,200.4,203.5,0.0,0.0,5.0,7,0.1922077850341797,True,REGULAR,USD,2026-06-11,7352.52978515625,0.03634999752044678,call,0.9724544080644012,0.0027397260273972603,201.95
SPXW260611C07160000,2026-06-10 04:51:43+00:00,7160.0,201.6,192.0,194.7,-27.269989,-11.915057,1.0,8,0.2127153924560547,True,REGULAR,USD,2026-06-11,7352.52978515625,0.03634999752044678,call,0.9738144841595961,0.0027397260273972603,193.35
SPXW260611C07175000,2026-05-27 17:35:56+00:00,7175.0,359.27,177.6,180.6,0.0,0.0,1.0,4,0.21418022155761718,True,REGULAR,USD,2026-06-11,7352.52978515625,0.03634999752044678,call,0.9758545983023886,0.0027397260273972603,179.1
SPXW260611C07180000,2026-06-09 16:44:16+00:00,7180.0,112.5,173.4,176.3,0.0,0.0,6.0,6,0.21936815795898437,True,REGULAR,USD,2026-06-11,7352.52978515625,0.03634999752044678,call,0.976534636349986,0.0027397260273972603,174.85000000000002
SPXW260611C07190000,2026-06-09 17:33:56+00:00,7190.0,153.88,164.6,167.5,0.0,0.0,4.0,5,0.2241898870849609,True,REGULAR,USD,2026-06-11,7352.52978515625,0.03634999752044678,call,0.9778947124451811,0.0027397260273972603,166.05
SPXW260611C07200000,2026-06-09 19:27:31+00:00,7200.0,165.2,155.5,158.5,0.0,0.0,22.0,17,0.22444928390502927,True,REGULAR,USD,2026-06-11,7352.52978515625,0.03634999752044678,call,0.9792547885403761,0.0027397260273972603,157.0
SPXW260611C07210000,2026-06-09 17:41:33+00:00,7210.0,147.75,146.0,154.3,0.0,0.0,7.0,8,0.2636182037353516,True,REGULAR,USD,2026-06-11,7352.52978515625,0.03634999752044678,call,0.980614864635571,0.0027397260273972603,150.15
SPXW260611C07220000,2026-06-09 19:09:18+00:00,7220.0,172.45,137.3,145.4,0.0,0.0,1.0,36,0.259345785522461,True,REGULAR,USD,2026-06-11,7352.52978515625,0.03634999752044678,call,0.981974940730766,0.0027397260273972603,141.35000000000002
SPXW260611C07225000,2026-06-10 11:25:45+00:00,7225.0,110.6,133.6,136.7,8.799995,8.644396,1.0,19,0.22492230163574217,True,REGULAR,USD,2026-06-11,7352.52978515625,0.03634999752044678,call,0.9826549787783635,0.0027397260273972603,135.14999999999998
SPXW260611C07230000,2026-06-09 17:41:33+00:00,7230.0,130.75,129.4,132.4,0.0,0.0,16.0,46,0.22440350799560543,True,REGULAR,USD,2026-06-11,7352.52978515625,0.03634999752044678,call,0.9833350168259609,0.0027397260273972603,130.9
SPXW260611C07240000,2026-06-10 11:32:42+00:00,7240.0,98.0,120.3,126.8,-14.519997,-12.904369,44.0,34,0.2431792601776123,True,REGULAR,USD,2026-06-11,7352.52978515625,0.03634999752044678,call,0.9846950929211559,0.0027397260273972603,123.55
SPXW260611C07250000,2026-06-10 10:57:31+00:00,7250.0,105.0,112.1,115.2,-15.279999,-12.703691,46.0,21,0.21918505432128904,True,REGULAR,USD,2026-06-11,7352.52978515625,0.03634999752044678,call,0.9860551690163508,0.0027397260273972603,113.65
SPXW260611C07260000,2026-06-10 09:10:32+00:00,7260.0,96.1,105.7,108.8,-40.480003,-29.63831,80.0,28,0.22864540893554688,True,REGULAR,USD,2026-06-11,7352.52978515625,0.03634999752044678,call,0.9874152451115459,0.0027397260273972603,107.25
SPXW260611C07265000,2026-06-10 12:13:55+00:00,7265.0,90.2,101.7,102.3,-30.800003,-25.454548,2.0,17,0.21238733177185057,True,REGULAR,USD,2026-06-11,7352.52978515625,0.03634999752044678,call,0.9880952831591433,0.0027397260273972603,102.0
SPXW260611C07270000,2026-06-10 12:15:26+00:00,7270.0,85.2,97.8,98.4,-31.230003,-26.822987,5.0,35,0.21202875381469727,True,REGULAR,USD,2026-06-11,7352.52978515625,0.03634999752044678,call,0.9887753212067408,0.0027397260273972603,98.1
SPXW260611C07275000,2026-06-10 11:32:55+00:00,7275.0,70.6,94.0,94.5,-30.0,-29.821074,96.0,234,0.2112887099456787,True,REGULAR,USD,2026-06-11,7352.52978515625,0.03634999752044678,call,0.9894553592543383,0.0027397260273972603,94.25
SPXW260611C07280000,2026-06-10 01:03:18+00:00,7280.0,115.3,90.2,90.9,19.400002,20.229406,3.0,27,0.21189142608642575,True,REGULAR,USD,2026-06-11,7352.52978515625,0.03634999752044678,call,0.9901353973019358,0.0027397260273972603,90.55000000000001
SPXW260611C07285000,2026-06-10 12:10:19+00:00,7285.0,73.5,86.7,87.2,-18.5,-20.108696,47.0,36,0.21152521881103514,True,REGULAR,USD,2026-06-11,7352.52978515625,0.03634999752044678,call,0.9908154353495332,0.0027397260273972603,86.95
SPXW260611C07290000,2026-06-10 11:34:32+00:00,7290.0,64.4,83.0,83.5,-36.799995,-36.363632,43.0,57,0.21077754562377926,True,REGULAR,USD,2026-06-11,7352.52978515625,0.03634999752044678,call,0.9914954733971307,0.0027397260273972603,83.25
SPXW260611C07295000,2026-06-10 12:14:04+00:00,7295.0,69.3,79.4,79.8,-18.899994,-21.428566,24.0,25,0.20966366516113277,True,REGULAR,USD,2026-06-11,7352.52978515625,0.03634999752044678,call,0.9921755114447283,0.0027397260273972603,79.6
SPXW260611C07300000,2026-06-10 12:49:29+00:00,7300.0,83.54,75.6,76.1,-16.989998,-16.900425,17.0,628,0.20819883605957026,True,REGULAR,USD,2026-06-11,7352.52978515625,0.03634999752044678,call,0.9928555494923257,0.0027397260273972603,75.85
SPXW260611C07305000,2026-06-10 12:49:29+00:00,7305.0,79.91,72.1,72.6,-26.14,-24.64875,16.0,77,0.2073977576446533,True,REGULAR,USD,2026-06-11,7352.52978515625,0.03634999752044678,call,0.9935355875399232,0.0027397260273972603,72.35
SPXW260611C07310000,2026-06-10 12:14:04+00:00,7310.0,59.8,69.0,69.4,-42.250004,-41.401276,13.0,46,0.20771055969238278,True,REGULAR,USD,2026-06-11,7352.52978515625,0.03634999752044678,call,0.9942156255875206,0.0027397260273972603,69.2
SPXW260611C07315000,2026-06-10 12:32:13+00:00,7315.0,59.6,65.6,66.0,-24.0,-28.708134,22.0,55,0.20663482582092282,True,REGULAR,USD,2026-06-11,7352.52978515625,0.03634999752044678,call,0.9948956636351182,0.0027397260273972603,65.8
SPXW260611C07320000,2026-06-10 13:05:05+00:00,7320.0,59.9,62.3,62.7,-30.299995,-33.592014,13.0,50,0.20566590240478516,True,REGULAR,USD,2026-06-11,7352.52978515625,0.03634999752044678,call,0.9955757016827156,0.0027397260273972603,62.5
SPXW260611C07325000,2026-06-10 12:42:51+00:00,7325.0,62.8,59.2,59.5,-18.560001,-22.812195,34.0,602,0.20478090148925776,True,REGULAR,USD,2026-06-11,7352.52978515625,0.03634999752044678,call,0.9962557397303131,0.0027397260273972603,59.35
SPXW260611C07330000,2026-06-10 13:08:06+00:00,7330.0,55.76,56.0,56.4,-29.240002,-34.4,59.0,461,0.2039874523925781,True,REGULAR,USD,2026-06-11,7352.52978515625,0.03634999752044678,call,0.9969357777779106,0.0027397260273972603,56.2
SPXW260611C07335000,2026-06-10 13:02:11+00:00,7335.0,53.8,53.0,53.4,-19.399998,-26.50273,28.0,128,0.20325503784179685,True,REGULAR,USD,2026-06-11,7352.52978515625,0.03634999752044678,call,0.9976158158255081,0.0027397260273972603,53.2
SPXW260611C07340000,2026-06-10 13:08:06+00:00,7340.0,49.89,49.9,50.3,-21.21,-29.831224,41.0,103,0.2016605103302002,True,REGULAR,USD,2026-06-11,7352.52978515625,0.03634999752044678,call,0.9982958538731056,0.0027397260273972603,50.099999999999994
SPXW260611C07345000,2026-06-10 13:10:10+00:00,7345.0,48.2,47.0,47.4,-18.869999,-28.134783,19.0,142,0.20058477645874018,True,REGULAR,USD,2026-06-11,7352.52978515625,0.03634999752044678,call,0.998975891920703,0.0027397260273972603,47.2
SPXW260611C07350000,2026-06-10 13:11:07+00:00,7350.0,45.33,44.3,44.7,-18.509998,-28.994358,205.0,821,0.20002020690917968,True,REGULAR,USD,2026-06-11,7352.52978515625,0.03634999752044678,call,0.9996559299683005,0.0027397260273972603,44.5
SPXW260611C07355000,2026-06-10 12:43:24+00:00,7355.0,45.5,41.6,42.0,-20.900002,-31.475906,38.0,139,0.19902839553833007,False,REGULAR,USD,2026-06-11,7352.52978515625,0.03634999752044678,call,1.000335968015898,0.0027397260273972603,41.8
SPXW260611C07360000,2026-06-10 12:48:48+00:00,7360.0,44.45,39.1,39.5,-12.450001,-21.880493,50.0,286,0.19854011917114256,False,REGULAR,USD,2026-06-11,7352.52978515625,0.03634999752044678,call,1.0010160060634954,0.0027397260273972603,39.3
SPXW260611C07365000,2026-06-10 13:05:05+00:00,7365.0,35.0,36.6,36.9,-18.8,-34.944237,130.0,161,0.19715921257019042,False,REGULAR,USD,2026-06-11,7352.52978515625,0.03634999752044678,call,1.001696044111093,0.0027397260273972603,36.75
SPXW260611C07370000,2026-06-10 13:02:11+00:00,7370.0,34.9,34.2,34.5,-19.32,-35.632607,52.0,178,0.1962665823364258,False,REGULAR,USD,2026-06-11,7352.52978515625,0.03634999752044678,call,1.0023760821586905,0.0027397260273972603,34.35
SPXW260611C07375000,2026-06-10 13:03:01+00:00,7375.0,31.8,31.8,32.2,-16.0,-33.472805,45.0,857,0.19539684005737307,False,REGULAR,USD,2026-06-11,7352.52978515625,0.03634999752044678,call,1.003056120206288,0.0027397260273972603,32.0
SPXW260611C07380000,2026-06-10 13:12:27+00:00,7380.0,31.0,29.5,29.9,-14.52,-31.898066,117.0,111,0.19408459732055666,False,REGULAR,USD,2026-06-11,7352.52978515625,0.03634999752044678,call,1.0037361582538855,0.0027397260273972603,29.7
SPXW260611C07385000,2026-06-10 13:02:56+00:00,7385.0,27.9,27.5,27.8,-14.430002,-34.089302,62.0,171,0.19326063095092771,False,REGULAR,USD,2026-06-11,7352.52978515625,0.03634999752044678,call,1.0044161963014828,0.0027397260273972603,27.65
SPXW260611C07390000,2026-06-10 12:41:36+00:00,7390.0,28.52,25.4,25.8,-12.079998,-29.753689,116.0,230,0.19245955253601074,False,REGULAR,USD,2026-06-11,7352.52978515625,0.03634999752044678,call,1.0050962343490804,0.0027397260273972603,25.6
SPXW260611C07395000,2026-06-10 12:41:36+00:00,7395.0,26.47,23.5,23.9,-11.49,-30.268705,95.0,116,0.191688991394043,False,REGULAR,USD,2026-06-11,7352.52978515625,0.03634999752044678,call,1.0057762723966779,0.0027397260273972603,23.7
SPXW260611C07400000,2026-06-10 13:10:02+00:00,7400.0,22.6,21.8,22.1,-12.1,-34.870316,526.0,1023,0.19095657684326173,False,REGULAR,USD,2026-06-11,7352.52978515625,0.03634999752044678,call,1.0064563104442754,0.0027397260273972603,21.950000000000003
SPXW260611C07405000,2026-06-10 12:46:30+00:00,7405.0,23.88,20.0,20.4,-8.280001,-25.746271,53.0,122,0.1902699382019043,False,REGULAR,USD,2026-06-11,7352.52978515625,0.03634999752044678,call,1.007136348491873,0.0027397260273972603,20.2
SPXW260611C07410000,2026-06-10 13:06:34+00:00,7410.0,17.8,18.4,18.7,-11.610001,-39.476368,69.0,279,0.18909502319335939,False,REGULAR,USD,2026-06-11,7352.52978515625,0.03634999752044678,call,1.0078163865394703,0.0027397260273972603,18.549999999999997
SPXW260611C07415000,2026-06-10 12:49:25+00:00,7415.0,19.9,16.7,17.0,-9.800001,-32.996635,36.0,189,0.18739368522644043,False,REGULAR,USD,2026-06-11,7352.52978515625,0.03634999752044678,call,1.0084964245870678,0.0027397260273972603,16.85
SPXW260611C07420000,2026-06-10 12:53:29+00:00,7420.0,17.1,15.2,15.5,-11.09,-39.34019,104.0,138,0.18627217544555663,False,REGULAR,USD,2026-06-11,7352.52978515625,0.03634999752044678,call,1.0091764626346653,0.0027397260273972603,15.35
SPXW260611C07425000,2026-06-10 13:03:48+00:00,7425.0,13.85,14.1,14.4,-10.0,-41.928722,84.0,285,0.18698170204162598,False,REGULAR,USD,2026-06-11,7352.52978515625,0.03634999752044678,call,1.0098565006822628,0.0027397260273972603,14.25
SPXW260611C07430000,2026-06-10 12:59:42+00:00,7430.0,12.9,12.7,12.9,-8.450001,-39.578457,48.0,261,0.18483023429870601,False,REGULAR,USD,2026-06-11,7352.52978515625,0.03634999752044678,call,1.0105365387298602,0.0027397260273972603,12.8
SPXW260611C07435000,2026-06-10 12:58:02+00:00,7435.0,12.6,11.6,12.0,-9.27,-42.386833,24.0,379,0.1858678215789795,False,REGULAR,USD,2026-06-11,7352.52978515625,0.03634999752044678,call,1.0112165767774577,0.0027397260273972603,11.8
SPXW260611C07440000,2026-06-10 13:12:17+00:00,7440.0,11.0,10.5,10.8,-7.3500004,-40.054497,184.0,240,0.18453269088745117,False,REGULAR,USD,2026-06-11,7352.52978515625,0.03634999752044678,call,1.0118966148250552,0.0027397260273972603,10.65
SPXW260611C07445000,2026-06-10 12:48:12+00:00,7445.0,11.5,9.5,9.8,-5.0,-30.30303,238.0,101,0.18401389724731443,False,REGULAR,USD,2026-06-11,7352.52978515625,0.03634999752044678,call,1.0125766528726527,0.0027397260273972603,9.65
SPXW260611C07450000,2026-06-10 13:13:04+00:00,7450.0,8.9,8.5,8.9,-6.3,-41.44737,565.0,1182,0.18369346588134766,False,REGULAR,USD,2026-06-11,7352.52978515625,0.03634999752044678,call,1.0132566909202503,0.0027397260273972603,8.7
SPXW260611C07455000,2026-06-10 13:05:05+00:00,7455.0,7.47,7.7,8.0,-7.3000007,-49.42451,26.0,229,0.1828694995117187,False,REGULAR,USD,2026-06-11,7352.52978515625,0.03634999752044678,call,1.0139367289678476,0.0027397260273972603,7.85
SPXW260611C07460000,2026-06-10 13:04:35+00:00,7460.0,7.2,7.0,7.2,-6.2700005,-46.547886,201.0,253,0.1823049299621582,False,REGULAR,USD,2026-06-11,7352.52978515625,0.03634999752044678,call,1.0146167670154451,0.0027397260273972603,7.1
SPXW260611C07465000,2026-06-10 13:03:54+00:00,7465.0,6.3,6.2,6.4,-5.2,-45.217392,43.0,210,0.1811910494995117,False,REGULAR,USD,2026-06-11,7352.52978515625,0.03634999752044678,call,1.0152968050630427,0.0027397260273972603,6.300000000000001
SPXW260611C07470000,2026-06-10 13:12:21+00:00,7470.0,6.0,5.5,5.8,-4.46,-42.638622,32.0,265,0.18129785995483394,False,REGULAR,USD,2026-06-11,7352.52978515625,0.03634999752044678,call,1.0159768431106402,0.0027397260273972603,5.65
SPXW260611C07475000,2026-06-10 12:49:02+00:00,7475.0,6.1,5.0,5.2,-3.2000003,-34.408604,36.0,506,0.18094691131591795,False,REGULAR,USD,2026-06-11,7352.52978515625,0.03634999752044678,call,1.0166568811582377,0.0027397260273972603,5.1
SPXW260611C07480000,2026-06-10 13:13:21+00:00,7480.0,4.7,4.4,4.7,-3.6500006,-43.71258,211.0,264,0.18109949768066402,False,REGULAR,USD,2026-06-11,7352.52978515625,0.03634999752044678,call,1.017336919205835,0.0027397260273972603,4.550000000000001
SPXW260611C07485000,2026-06-10 13:11:24+00:00,7485.0,4.2,4.2,4.4,-3.3100004,-44.07457,59.0,260,0.1829915686035156,False,REGULAR,USD,2026-06-11,7352.52978515625,0.03634999752044678,call,1.0180169572534326,0.0027397260273972603,4.300000000000001
SPXW260611C07490000,2026-06-10 12:56:29+00:00,7490.0,4.0,3.7,3.8,-3.4,-45.945946,71.0,282,0.18113001495361325,False,REGULAR,USD,2026-06-11,7352.52978515625,0.03634999752044678,call,1.01869699530103,0.0027397260273972603,3.75
SPXW260611C07495000,2026-06-10 13:04:10+00:00,7495.0,3.3,3.3,3.4,-3.3,-50.0,108.0,927,0.1810689804077148,False,REGULAR,USD,2026-06-11,7352.52978515625,0.03634999752044678,call,1.0193770333486276,0.0027397260273972603,3.3499999999999996
SPXW260611C07500000,2026-06-10 13:14:38+00:00,7500.0,2.9,2.85,3.0,-2.5,-46.296295,459.0,3215,0.1804891522216797,False,REGULAR,USD,2026-06-11,7352.52978515625,0.03634999752044678,call,1.020057071396225,0.0027397260273972603,2.925
SPXW260611C07505000,2026-06-10 12:59:42+00:00,7505.0,2.65,2.55,2.7,-2.65,-50.0,58.0,387,0.1808248422241211,False,REGULAR,USD,2026-06-11,7352.52978515625,0.03634999752044678,call,1.0207371094438225,0.0027397260273972603,2.625
SPXW260611C07510000,2026-06-10 13:00:12+00:00,7510.0,2.3,2.25,2.4,-2.2,-48.88889,41.0,369,0.18073329040527342,False,REGULAR,USD,2026-06-11,7352.52978515625,0.03634999752044678,call,1.02141714749142,0.0027397260273972603,2.325
SPXW260611C07515000,2026-06-10 12:47:44+00:00,7515.0,2.7,2.05,2.15,-1.2,-30.769232,8.0,349,0.1810079458618164,False,REGULAR,USD,2026-06-11,7352.52978515625,0.03634999752044678,call,1.0220971855390175,0.0027397260273972603,2.0999999999999996
SPXW260611C07520000,2026-06-10 13:10:24+00:00,7520.0,2.0,1.85,1.95,-1.5999999,-44.444443,167.0,850,0.18177087768554687,False,REGULAR,USD,2026-06-11,7352.52978515625,0.03634999752044678,call,1.022777223586615,0.0027397260273972603,1.9
SPXW260611C07525000,2026-06-10 13:05:39+00:00,7525.0,1.55,1.65,1.75,-1.5,-49.18033,203.0,2001,0.18219811950683595,False,REGULAR,USD,2026-06-11,7352.52978515625,0.03634999752044678,call,1.0234572616342124,0.0027397260273972603,1.7
SPXW260611C07530000,2026-06-10 13:05:52+00:00,7530.0,1.5,1.45,1.55,-1.22,-44.85294,217.0,866,0.18219811950683595,False,REGULAR,USD,2026-06-11,7352.52978515625,0.03634999752044678,call,1.0241372996818099,0.0027397260273972603,1.5
SPXW260611C07535000,2026-06-10 13:07:50+00:00,7535.0,1.3,1.3,1.4,-1.3,-50.0,51.0,234,0.1828694995117187,False,REGULAR,USD,2026-06-11,7352.52978515625,0.03634999752044678,call,1.0248173377294074,0.0027397260273972603,1.35
SPXW260611C07540000,2026-06-10 13:10:34+00:00,7540.0,1.22,1.15,1.25,-0.93000007,-43.255817,73.0,238,0.18323570678710935,False,REGULAR,USD,2026-06-11,7352.52978515625,0.03634999752044678,call,1.025497375777005,0.0027397260273972603,1.2
SPXW260611C07545000,2026-06-10 12:47:52+00:00,7545.0,1.35,1.0,1.15,-0.39999998,-22.857141,35.0,259,0.18457846679687498,False,REGULAR,USD,2026-06-11,7352.52978515625,0.03634999752044678,call,1.0261774138246025,0.0027397260273972603,1.075
SPXW260611C07550000,2026-06-10 13:05:20+00:00,7550.0,0.95,0.9,1.0,-0.59999996,-38.709675,137.0,990,0.18415122497558595,False,REGULAR,USD,2026-06-11,7352.52978515625,0.03634999752044678,call,1.0268574518721998,0.0027397260273972603,0.95
SPXW260611C07555000,2026-06-10 12:46:34+00:00,7555.0,1.02,0.8,0.9,-0.38,-27.142859,30.0,325,0.1848226049804687,False,REGULAR,USD,2026-06-11,7352.52978515625,0.03634999752044678,call,1.0275374899197973,0.0027397260273972603,0.8500000000000001
SPXW260611C07560000,2026-06-10 13:14:06+00:00,7560.0,0.77,0.7,0.85,-0.44000006,-36.36364,81.0,605,0.18689777954101564,False,REGULAR,USD,2026-06-11,7352.52978515625,0.03634999752044678,call,1.0282175279673949,0.0027397260273972603,0.7749999999999999
SPXW260611C07565000,2026-06-10 12:52:58+00:00,7565.0,0.7,0.65,0.75,-0.45,-39.130436,2.0,178,0.1870198486328125,False,REGULAR,USD,2026-06-11,7352.52978515625,0.03634999752044678,call,1.0288975660149924,0.0027397260273972603,0.7
SPXW260611C07570000,2026-06-10 10:59:48+00:00,7570.0,0.65,0.55,0.65,-0.3,-31.578949,13.0,465,0.18665364135742188,False,REGULAR,USD,2026-06-11,7352.52978515625,0.03634999752044678,call,1.0295776040625897,0.0027397260273972603,0.6000000000000001
SPXW260611C07575000,2026-06-10 13:14:14+00:00,7575.0,0.6,0.5,0.6,-0.25,-29.411764,24.0,535,0.18811847045898436,False,REGULAR,USD,2026-06-11,7352.52978515625,0.03634999752044678,call,1.0302576421101872,0.0027397260273972603,0.55
SPXW260611C07580000,2026-06-10 12:57:07+00:00,7580.0,0.53,0.45,0.55,-0.22000003,-29.333338,51.0,338,0.18933916137695314,False,REGULAR,USD,2026-06-11,7352.52978515625,0.03634999752044678,call,1.0309376801577848,0.0027397260273972603,0.5
SPXW260611C07585000,2026-06-10 12:52:29+00:00,7585.0,0.5,0.4,0.5,-0.19999999,-28.571426,10.0,420,0.19031571411132814,False,REGULAR,USD,2026-06-11,7352.52978515625,0.03634999752044678,call,1.0316177182053823,0.0027397260273972603,0.45
SPXW260611C07590000,2026-06-10 12:43:18+00:00,7590.0,0.45,0.35,0.45,-0.15000004,-25.000006,29.0,293,0.19104812866210938,False,REGULAR,USD,2026-06-11,7352.52978515625,0.03634999752044678,call,1.0322977562529798,0.0027397260273972603,0.4
SPXW260611C07595000,2026-06-10 09:35:24+00:00,7595.0,0.3,0.35,0.4,0.0,0.0,23.0,470,0.1914143359375,False,REGULAR,USD,2026-06-11,7352.52978515625,0.03634999752044678,call,1.0329777943005771,0.0027397260273972603,0.375
SPXW260611C07600000,2026-06-10 12:51:59+00:00,7600.0,0.35,0.3,0.4,-0.099999994,-22.222221,272.0,1482,0.1948322705078125,False,REGULAR,USD,2026-06-11,7352.52978515625,0.03634999752044678,call,1.0336578323481747,0.0027397260273972603,0.35
SPXW260611C07605000,2026-06-10 12:57:07+00:00,7605.0,0.33,0.25,0.35,0.08000001,32.000004,50.0,419,0.1948322705078125,False,REGULAR,USD,2026-06-11,7352.52978515625,0.03634999752044678,call,1.0343378703957722,0.0027397260273972603,0.3
SPXW260611C07610000,2026-06-10 12:34:20+00:00,7610.0,0.45,0.25,0.35,0.049999982,12.499995,19.0,416,0.1981281359863281,False,REGULAR,USD,2026-06-11,7352.52978515625,0.03634999752044678,call,1.0350179084433697,0.0027397260273972603,0.3
SPXW260611C07615000,2026-06-10 13:07:12+00:00,7615.0,0.2,0.2,0.3,0.0,0.0,47.0,222,0.19763985961914063,False,REGULAR,USD,2026-06-11,7352.52978515625,0.03634999752044678,call,1.0356979464909672,0.0027397260273972603,0.25
SPXW260611C07620000,2026-06-10 02:34:47+00:00,7620.0,0.3,0.2,0.3,0.08000001,36.36364,1.0,486,0.20093572509765623,False,REGULAR,USD,2026-06-11,7352.52978515625,0.03634999752044678,call,1.0363779845385646,0.0027397260273972603,0.25
SPXW260611C07625000,2026-06-10 07:12:39+00:00,7625.0,0.4,0.2,0.3,0.15,60.000004,6.0,2644,0.20410952148437497,False,REGULAR,USD,2026-06-11,7352.52978515625,0.03634999752044678,call,1.037058022586162,0.0027397260273972603,0.25
SPXW260611C07630000,2026-06-10 10:46:08+00:00,7630.0,0.25,0.15,0.25,0.0,0.0,5.0,2572,0.20288883056640622,False,REGULAR,USD,2026-06-11,7352.52978515625,0.03634999752044678,call,1.0377380606337596,0.0027397260273972603,0.2
SPXW260611C07635000,2026-06-09 19:47:54+00:00,7635.0,0.16,0.15,0.25,0.0,0.0,123.0,1057,0.20606262695312497,False,REGULAR,USD,2026-06-11,7352.52978515625,0.03634999752044678,call,1.0384180986813571,0.0027397260273972603,0.2
SPXW260611C07640000,2026-06-09 20:10:08+00:00,7640.0,0.2,0.15,0.25,0.0,0.0,245.0,466,0.2092364233398437,False,REGULAR,USD,2026-06-11,7352.52978515625,0.03634999752044678,call,1.0390981367289545,0.0027397260273972603,0.2
SPXW260611C07645000,2026-06-10 04:44:10+00:00,7645.0,0.29,0.1,0.2,0.19,190.00002,2.0,209,0.20703917968749996,False,REGULAR,USD,2026-06-11,7352.52978515625,0.03634999752044678,call,1.039778174776552,0.0027397260273972603,0.15000000000000002
SPXW260611C07650000,2026-06-10 04:13:50+00:00,7650.0,0.35,0.1,0.2,0.25,250.00002,1.0,1119,0.21021297607421874,False,REGULAR,USD,2026-06-11,7352.52978515625,0.03634999752044678,call,1.0404582128241495,0.0027397260273972603,0.15000000000000002
SPXW260611C07655000,2026-06-10 12:00:08+00:00,7655.0,0.15,0.1,0.2,0.050000004,50.000004,81.0,623,0.21314263427734376,False,REGULAR,USD,2026-06-11,7352.52978515625,0.03634999752044678,call,1.041138250871747,0.0027397260273972603,0.15000000000000002
SPXW260611C07660000,2026-06-09 19:55:09+00:00,7660.0,0.15,0.1,0.2,0.0,0.0,39.0,307,0.21631643066406248,False,REGULAR,USD,2026-06-11,7352.52978515625,0.03634999752044678,call,1.0418182889193446,0.0027397260273972603,0.15000000000000002
SPXW260611C07665000,2026-06-10 09:53:01+00:00,7665.0,0.15,0.1,0.2,0.07000001,87.500015,9.0,259,0.2192460888671875,False,REGULAR,USD,2026-06-11,7352.52978515625,0.03634999752044678,call,1.042498326966942,0.0027397260273972603,0.15000000000000002
SPXW260611C07670000,2026-06-10 12:41:37+00:00,7670.0,0.2,0.1,0.2,0.1,100.0,75.0,250,0.2224198852539062,False,REGULAR,USD,2026-06-11,7352.52978515625,0.03634999752044678,call,1.0431783650145394,0.0027397260273972603,0.15000000000000002
SPXW260611C07675000,2026-06-09 20:14:14+00:00,7675.0,0.15,0.05,0.15,0.0,0.0,620.0,1450,0.21851367431640623,False,REGULAR,USD,2026-06-11,7352.52978515625,0.03634999752044678,call,1.043858403062137,0.0027397260273972603,0.1
SPXW260611C07680000,2026-06-09 19:50:12+00:00,7680.0,0.1,0.05,0.15,0.0,0.0,150.0,516,0.22144333251953124,False,REGULAR,USD,2026-06-11,7352.52978515625,0.03634999752044678,call,1.0445384411097345,0.0027397260273972603,0.1
SPXW260611C07685000,2026-06-09 19:44:24+00:00,7685.0,0.15,0.05,0.15,0.0,0.0,456.0,698,0.22461712890624996,False,REGULAR,USD,2026-06-11,7352.52978515625,0.03634999752044678,call,1.045218479157332,0.0027397260273972603,0.1
SPXW260611C07690000,2026-06-10 11:05:05+00:00,7690.0,0.15,0.05,0.15,0.0,0.0,62.0,540,0.22754678710937498,False,REGULAR,USD,2026-06-11,7352.52978515625,0.03634999752044678,call,1.0458985172049293,0.0027397260273972603,0.1
SPXW260611C07695000,2026-06-10 04:38:47+00:00,7695.0,0.15,0.05,0.15,0.0,0.0,5.0,622,0.2304764453125,False,REGULAR,USD,2026-06-11,7352.52978515625,0.03634999752044678,call,1.0465785552525269,0.0027397260273972603,0.1
SPXW260611C07700000,2026-06-09 19:43:30+00:00,7700.0,0.15,0.05,0.15,0.0,0.0,367.0,1481,0.233406103515625,False,REGULAR,USD,2026-06-11,7352.52978515625,0.03634999752044678,call,1.0472585933001244,0.0027397260273972603,0.1
SPXW260611C07705000,2026-06-09 19:25:09+00:00,7705.0,0.1,0.05,0.15,0.0,0.0,51.0,354,0.23633576171874998,False,REGULAR,USD,2026-06-11,7352.52978515625,0.03634999752044678,call,1.047938631347722,0.0027397260273972603,0.1
SPXW260611C07710000,2026-06-10 08:03:39+00:00,7710.0,0.1,0.05,0.15,-0.050000004,-33.333336,4.0,415,0.23926541992187497,False,REGULAR,USD,2026-06-11,7352.52978515625,0.03634999752044678,call,1.0486186693953192,0.0027397260273972603,0.1
SPXW260611C07715000,2026-06-09 15:38:37+00:00,7715.0,0.11,0.05,0.15,0.0,0.0,2.0,177,0.242195078125,False,REGULAR,USD,2026-06-11,7352.52978515625,0.03634999752044678,call,1.0492987074429168,0.0027397260273972603,0.1
SPXW260611C07720000,2026-06-09 19:25:56+00:00,7720.0,0.1,0.05,0.15,0.0,0.0,67.0,530,0.245124736328125,False,REGULAR,USD,2026-06-11,7352.52978515625,0.03634999752044678,call,1.0499787454905143,0.0027397260273972603,0.1
SPXW260611C07725000,2026-06-09 18:58:17+00:00,7725.0,0.07,0.05,0.15,0.0,0.0,18.0,526,0.24805439453125,False,REGULAR,USD,2026-06-11,7352.52978515625,0.03634999752044678,call,1.0506587835381118,0.0027397260273972603,0.1
SPXW260611C07730000,2026-06-09 15:46:15+00:00,7730.0,0.1,0.05,0.15,0.0,0.0,36.0,240,0.2507399145507812,False,REGULAR,USD,2026-06-11,7352.52978515625,0.03634999752044678,call,1.0513388215857093,0.0027397260273972603,0.1
SPXW260611C07735000,2026-06-10 12:31:09+00:00,7735.0,0.15,0.05,0.1,0.040000007,36.36364,4.0,403,0.2436599072265625,False,REGULAR,USD,2026-06-11,7352.52978515625,0.03634999752044678,call,1.0520188596333067,0.0027397260273972603,0.07500000000000001
SPXW260611C07740000,2026-06-09 19:26:19+00:00,7740.0,0.1,0.05,0.1,0.0,0.0,45.0,462,0.24658956542968752,False,REGULAR,USD,2026-06-11,7352.52978515625,0.03634999752044678,call,1.0526988976809042,0.0027397260273972603,0.07500000000000001
SPXW260611C07745000,2026-06-09 17:05:17+00:00,7745.0,0.1,0.05,0.1,0.0,0.0,23.0,550,0.24951922363281248,False,REGULAR,USD,2026-06-11,7352.52978515625,0.03634999752044678,call,1.0533789357285017,0.0027397260273972603,0.07500000000000001
SPXW260611C07820000,2026-06-09 14:43:54+00:00,7820.0,0.1,0.05,0.1,0.0,0.0,9.0,151,0.2910227148437499,False,REGULAR,USD,2026-06-11,7352.52978515625,0.03634999752044678,call,1.063579506442464,0.0027397260273972603,0.07500000000000001
SPXW260612C02600000,2026-06-08 15:00:22+00:00,2600.0,4863.22,4736.5,4754.7,0.0,0.0,2.0,7,4.468266133422851,True,REGULAR,USD,2026-06-12,7352.52978515625,0.03634999752044678,call,0.35361978475069133,0.005479452054794521,4745.6
SPXW260612C04000000,2026-05-21 17:41:20+00:00,4000.0,3455.2,3335.8,3354.9,0.0,0.0,,120,2.730716063842773,True,REGULAR,USD,2026-06-12,7352.52978515625,0.03634999752044678,call,0.5440304380779867,0.005479452054794521,3345.3500000000004
SPXW260612C04600000,2026-06-03 18:54:09+00:00,4600.0,2975.72,2736.2,2755.8,0.0,0.0,1.0,2,2.221928273315429,True,REGULAR,USD,2026-06-12,7352.52978515625,0.03634999752044678,call,0.6256350037896847,0.005479452054794521,2746.0
SPXW260612C05000000,2026-05-21 17:41:20+00:00,5000.0,2458.1,2344.1,2346.8,0.0,0.0,120.0,1022,1.0000000000000003e-05,True,REGULAR,USD,2026-06-12,7352.52978515625,0.03634999752044678,call,0.6800380475974833,0.005479452054794521,2345.45
SPXW260612C05400000,2026-06-05 17:29:54+00:00,5400.0,2056.1,1936.3,1955.0,0.0,0.0,2.0,1,1.4826686022949218,True,REGULAR,USD,2026-06-12,7352.52978515625,0.03634999752044678,call,0.734441091405282,0.005479452054794521,1945.65
SPXW260612C05500000,2026-06-09 14:50:30+00:00,5500.0,1865.51,1836.5,1855.6,0.0,0.0,1.0,2,1.4370145336914062,True,REGULAR,USD,2026-06-12,7352.52978515625,0.03634999752044678,call,0.7480418523572316,0.005479452054794521,1846.05
SPXW260612C05700000,2026-06-09 16:54:50+00:00,5700.0,1556.7,1637.2,1656.4,0.0,0.0,2.0,4,1.3153110406494137,True,REGULAR,USD,2026-06-12,7352.52978515625,0.03634999752044678,call,0.775243374261131,0.005479452054794521,1646.8000000000002
SPXW260612C05750000,2026-06-09 16:17:32+00:00,5750.0,1536.07,1586.7,1605.2,0.0,0.0,1.0,2,1.2219277185058592,True,REGULAR,USD,2026-06-12,7352.52978515625,0.03634999752044678,call,0.7820437547371059,0.005479452054794521,1595.95
SPXW260612C05950000,2026-04-30 15:56:49+00:00,5950.0,1251.46,1444.5,1468.5,0.0,0.0,,0,1.8497627140808104,True,REGULAR,USD,2026-06-12,7352.52978515625,0.03634999752044678,call,0.8092452766410052,0.005479452054794521,1456.5
SPXW260612C06000000,2026-06-04 14:04:14+00:00,6000.0,1549.37,1345.1,1347.2,0.0,0.0,1.0,2623,1.0000000000000003e-05,True,REGULAR,USD,2026-06-12,7352.52978515625,0.03634999752044678,call,0.8160456571169801,0.005479452054794521,1346.15
SPXW260612C06050000,2026-06-05 17:04:13+00:00,6050.0,1406.29,1287.1,1305.7,0.0,0.0,2.0,3,1.0173999325561525,True,REGULAR,USD,2026-06-12,7352.52978515625,0.03634999752044678,call,0.8228460375929548,0.005479452054794521,1296.4
SPXW260612C06100000,2026-06-09 16:10:53+00:00,6100.0,1196.93,1237.3,1256.2,0.0,0.0,1.0,3,0.99804689453125,True,REGULAR,USD,2026-06-12,7352.52978515625,0.03634999752044678,call,0.8296464180689297,0.005479452054794521,1246.75
SPXW260612C06150000,2026-06-09 16:36:29+00:00,6150.0,1147.69,1187.8,1205.7,0.0,0.0,1.0,1,0.9427495959472656,True,REGULAR,USD,2026-06-12,7352.52978515625,0.03634999752044678,call,0.8364467985449046,0.005479452054794521,1196.75
SPXW260612C06175000,2026-06-01 17:57:03+00:00,6175.0,1445.32,1162.8,1181.9,0.0,0.0,,3,0.9635623760986327,True,REGULAR,USD,2026-06-12,7352.52978515625,0.03634999752044678,call,0.839846988782892,0.005479452054794521,1172.35
SPXW260612C06200000,2026-06-09 16:04:18+00:00,6200.0,1116.5,1137.7,1156.8,0.0,0.0,1.0,12,0.9414678704833983,True,REGULAR,USD,2026-06-12,7352.52978515625,0.03634999752044678,call,0.8432471790208793,0.005479452054794521,1147.25
SPXW260612C06225000,2026-06-04 17:49:12+00:00,6225.0,1367.5,1112.3,1131.4,0.0,0.0,,8,0.9102181829833984,True,REGULAR,USD,2026-06-12,7352.52978515625,0.03634999752044678,call,0.8466473692588667,0.005479452054794521,1121.85
SPXW260612C06300000,2026-06-09 16:04:18+00:00,6300.0,1016.92,1037.3,1055.9,0.0,0.0,1.0,1,0.8384415570068358,True,REGULAR,USD,2026-06-12,7352.52978515625,0.03634999752044678,call,0.856847939972829,0.005479452054794521,1046.6
SPXW260612C06350000,2026-06-03 13:46:48+00:00,6350.0,1233.13,987.9,1006.5,0.0,0.0,1.0,6,0.8192461923217772,True,REGULAR,USD,2026-06-12,7352.52978515625,0.03634999752044678,call,0.8636483204488039,0.005479452054794521,997.2
SPXW260612C06400000,2026-06-03 17:22:07+00:00,6400.0,1165.36,938.0,956.7,0.0,0.0,1.0,2,0.7871725384521484,True,REGULAR,USD,2026-06-12,7352.52978515625,0.03634999752044678,call,0.8704487009247787,0.005479452054794521,947.35
SPXW260612C06450000,2026-05-13 16:57:20+00:00,6450.0,1015.78,887.7,897.6,0.0,0.0,,226,1.0000000000000003e-05,True,REGULAR,USD,2026-06-12,7352.52978515625,0.03634999752044678,call,0.8772490814007535,0.005479452054794521,892.6500000000001
SPXW260612C06500000,2026-06-08 18:45:58+00:00,6500.0,928.41,837.7,856.3,0.0,0.0,35.0,43,0.7019683123779297,True,REGULAR,USD,2026-06-12,7352.52978515625,0.03634999752044678,call,0.8840494618767284,0.005479452054794521,847.0
SPXW260612C06520000,2026-06-08 18:45:58+00:00,6520.0,908.73,817.7,836.4,0.0,0.0,35.0,35,0.6896698513793947,True,REGULAR,USD,2026-06-12,7352.52978515625,0.03634999752044678,call,0.8867696140671183,0.005479452054794521,827.05
SPXW260612C06525000,2026-06-09 01:23:25+00:00,6525.0,883.45,813.1,831.4,0.0,0.0,1.0,1,0.6859772613525392,True,REGULAR,USD,2026-06-12,7352.52978515625,0.03634999752044678,call,0.8874496521147158,0.005479452054794521,822.25
SPXW260612C06575000,2026-05-29 13:58:42+00:00,6575.0,1027.83,763.6,782.1,0.0,0.0,1.0,5,0.6649508602905275,True,REGULAR,USD,2026-06-12,7352.52978515625,0.03634999752044678,call,0.8942500325906906,0.005479452054794521,772.85
SPXW260612C06600000,2026-06-05 19:31:00+00:00,6600.0,799.19,738.2,757.5,0.0,0.0,2.0,1,0.6545139529418947,True,REGULAR,USD,2026-06-12,7352.52978515625,0.03634999752044678,call,0.897650222828678,0.005479452054794521,747.85
SPXW260612C06675000,2026-05-28 19:57:01+00:00,6675.0,900.55,663.3,682.0,0.0,0.0,2.0,3,0.5872233660888673,True,REGULAR,USD,2026-06-12,7352.52978515625,0.03634999752044678,call,0.9078507935426403,0.005479452054794521,672.65
SPXW260612C06700000,2026-06-09 17:34:58+00:00,6700.0,632.75,639.1,657.8,0.0,0.0,5.0,10,0.5836223278808592,True,REGULAR,USD,2026-06-12,7352.52978515625,0.03634999752044678,call,0.9112509837806277,0.005479452054794521,648.45
SPXW260612C06710000,2026-06-02 19:27:46+00:00,6710.0,906.73,629.9,647.2,0.0,0.0,2.0,1,0.5646711013793947,True,REGULAR,USD,2026-06-12,7352.52978515625,0.03634999752044678,call,0.9126110598758227,0.005479452054794521,638.55
SPXW260612C06720000,2026-06-05 18:55:54+00:00,6720.0,693.39,618.1,637.8,0.0,0.0,2.0,10,0.5682111050415039,True,REGULAR,USD,2026-06-12,7352.52978515625,0.03634999752044678,call,0.9139711359710176,0.005479452054794521,627.95
SPXW260612C06725000,2026-06-05 14:37:18+00:00,6725.0,799.28,613.9,632.3,0.0,0.0,6.0,10,0.5551497122192384,True,REGULAR,USD,2026-06-12,7352.52978515625,0.03634999752044678,call,0.9146511740186151,0.005479452054794521,623.0999999999999
SPXW260612C06730000,2026-06-09 17:34:58+00:00,6730.0,602.85,610.1,627.8,0.0,0.0,5.0,5,0.5604902349853516,True,REGULAR,USD,2026-06-12,7352.52978515625,0.03634999752044678,call,0.9153312120662126,0.005479452054794521,618.95
SPXW260612C06740000,2026-06-02 19:27:46+00:00,6740.0,876.66,598.6,617.4,0.0,0.0,2.0,4,0.5455367712402344,True,REGULAR,USD,2026-06-12,7352.52978515625,0.03634999752044678,call,0.9166912881614075,0.005479452054794521,608.0
SPXW260612C06750000,2026-05-29 14:33:55+00:00,6750.0,841.29,588.8,607.4,0.0,0.0,7.0,9,0.5379074530029297,True,REGULAR,USD,2026-06-12,7352.52978515625,0.03634999752044678,call,0.9180513642566025,0.005479452054794521,598.0999999999999
SPXW260612C06760000,2026-06-09 17:08:44+00:00,6760.0,539.69,579.5,598.6,0.0,0.0,2.0,7,0.5506636730957033,True,REGULAR,USD,2026-06-12,7352.52978515625,0.03634999752044678,call,0.9194114403517974,0.005479452054794521,589.05
SPXW260612C06775000,2026-06-05 14:32:17+00:00,6775.0,741.6,563.9,583.3,0.0,0.0,4.0,8,0.5340012420654296,True,REGULAR,USD,2026-06-12,7352.52978515625,0.03634999752044678,call,0.9214515544945899,0.005479452054794521,573.5999999999999
SPXW260612C06780000,2026-04-29 18:56:47+00:00,6780.0,430.56,616.5,640.5,0.0,0.0,,3,0.9498143446350098,True,REGULAR,USD,2026-06-12,7352.52978515625,0.03634999752044678,call,0.9221315925421875,0.005479452054794521,628.5
SPXW260612C06800000,2026-06-08 13:30:04+00:00,6800.0,654.29,540.6,557.8,0.0,0.0,1.0,11,0.5062915582275391,True,REGULAR,USD,2026-06-12,7352.52978515625,0.03634999752044678,call,0.9248517447325774,0.005479452054794521,549.2
SPXW260612C06820000,2026-06-02 16:55:32+00:00,6820.0,800.34,520.0,539.1,0.0,0.0,4.0,8,0.5107165628051759,True,REGULAR,USD,2026-06-12,7352.52978515625,0.03634999752044678,call,0.9275718969229673,0.005479452054794521,529.55
SPXW260612C06825000,2026-05-28 17:07:27+00:00,6825.0,749.83,515.9,533.0,0.0,0.0,1.0,6,0.490086886291504,True,REGULAR,USD,2026-06-12,7352.52978515625,0.03634999752044678,call,0.9282519349705648,0.005479452054794521,524.45
SPXW260612C06830000,2026-06-02 14:21:10+00:00,6830.0,776.68,509.5,528.6,0.0,0.0,1.0,0,0.49539689178466795,True,REGULAR,USD,2026-06-12,7352.52978515625,0.03634999752044678,call,0.9289319730181622,0.005479452054794521,519.05
SPXW260612C06840000,2026-06-09 14:58:21+00:00,6840.0,545.58,500.2,519.0,0.0,0.0,6.0,4,0.493291199951172,True,REGULAR,USD,2026-06-12,7352.52978515625,0.03634999752044678,call,0.9302920491133573,0.005479452054794521,509.6
SPXW260612C06850000,2026-06-09 16:06:24+00:00,6850.0,459.95,490.3,508.3,0.0,0.0,7.0,47,0.47507238800048823,True,REGULAR,USD,2026-06-12,7352.52978515625,0.03634999752044678,call,0.9316521252085522,0.005479452054794521,499.3
SPXW260612C06860000,2026-06-04 15:00:14+00:00,6860.0,704.92,479.3,498.4,0.0,0.0,2.0,10,0.46866376068115234,True,REGULAR,USD,2026-06-12,7352.52978515625,0.03634999752044678,call,0.9330122013037472,0.005479452054794521,488.85
SPXW260612C06870000,2026-06-09 14:50:30+00:00,6870.0,499.69,469.4,488.5,0.0,0.0,1.0,5,0.462194098815918,True,REGULAR,USD,2026-06-12,7352.52978515625,0.03634999752044678,call,0.9343722773989421,0.005479452054794521,478.95
SPXW260612C06875000,2026-06-09 16:27:22+00:00,6875.0,419.39,465.1,483.6,0.0,0.0,2.0,11,0.45963064788818364,True,REGULAR,USD,2026-06-12,7352.52978515625,0.03634999752044678,call,0.9350523154465397,0.005479452054794521,474.35
SPXW260612C06880000,2026-06-09 13:52:01+00:00,6880.0,599.03,461.4,479.2,0.0,0.0,1.0,4,0.46393358337402346,True,REGULAR,USD,2026-06-12,7352.52978515625,0.03634999752044678,call,0.9357323534941371,0.005479452054794521,470.29999999999995
SPXW260612C06890000,2026-06-09 13:52:01+00:00,6890.0,588.81,449.9,468.8,0.0,0.0,1.0,4,0.45044494873046875,True,REGULAR,USD,2026-06-12,7352.52978515625,0.03634999752044678,call,0.937092429589332,0.005479452054794521,459.35
SPXW260612C06900000,2026-06-09 16:08:58+00:00,6900.0,406.65,440.4,458.9,0.0,0.0,2.0,9,0.4437769245910644,True,REGULAR,USD,2026-06-12,7352.52978515625,0.03634999752044678,call,0.938452505684527,0.005479452054794521,449.65
SPXW260612C06910000,2026-06-09 13:52:32+00:00,6910.0,568.58,430.6,449.7,0.0,0.0,1.0,9,0.44605046142578125,True,REGULAR,USD,2026-06-12,7352.52978515625,0.03634999752044678,call,0.939812581779722,0.005479452054794521,440.15
SPXW260612C06920000,2026-06-05 14:43:06+00:00,6920.0,597.5,421.8,439.3,0.0,0.0,1.0,1,0.4328364822387696,True,REGULAR,USD,2026-06-12,7352.52978515625,0.03634999752044678,call,0.941172657874917,0.005479452054794521,430.55
SPXW260612C06925000,2026-05-28 14:35:29+00:00,6925.0,626.94,416.0,434.7,0.0,0.0,1.0,27,0.43375200042724615,True,REGULAR,USD,2026-06-12,7352.52978515625,0.03634999752044678,call,0.9418526959225144,0.005479452054794521,425.35
SPXW260612C06930000,2026-06-05 14:41:49+00:00,6930.0,589.75,411.0,429.4,0.0,0.0,4.0,7,0.4259395785522462,True,REGULAR,USD,2026-06-12,7352.52978515625,0.03634999752044678,call,0.942532733970112,0.005479452054794521,420.2
SPXW260612C06940000,2026-06-09 16:15:56+00:00,6940.0,365.19,401.8,420.8,0.0,0.0,2.0,6,0.4342707940673829,True,REGULAR,USD,2026-06-12,7352.52978515625,0.03634999752044678,call,0.9438928100653069,0.005479452054794521,411.3
SPXW260612C06950000,2026-06-09 15:55:25+00:00,6950.0,380.0,391.8,410.6,0.0,0.0,2.0,51,0.4236202658081054,True,REGULAR,USD,2026-06-12,7352.52978515625,0.03634999752044678,call,0.9452528861605018,0.005479452054794521,401.20000000000005
SPXW260612C06960000,2026-06-05 20:06:33+00:00,6960.0,419.18,382.4,400.5,0.0,0.0,1.0,6,0.4140988766479492,True,REGULAR,USD,2026-06-12,7352.52978515625,0.03634999752044678,call,0.9466129622556968,0.005479452054794521,391.45
SPXW260612C06970000,2026-06-03 14:16:31+00:00,6970.0,621.8,379.2,382.3,0.0,0.0,1.0,11,0.2452468054199219,True,REGULAR,USD,2026-06-12,7352.52978515625,0.03634999752044678,call,0.9479730383508918,0.005479452054794521,380.75
SPXW260612C06975000,2026-06-09 16:19:17+00:00,6975.0,319.18,375.4,378.0,0.0,0.0,1.0,32,0.27545890563964837,True,REGULAR,USD,2026-06-12,7352.52978515625,0.03634999752044678,call,0.9486530763984893,0.005479452054794521,376.7
SPXW260612C06980000,2026-05-26 19:33:26+00:00,6980.0,553.08,370.2,373.1,0.0,0.0,1.0,3,0.2757030438232422,True,REGULAR,USD,2026-06-12,7352.52978515625,0.03634999752044678,call,0.9493331144460868,0.005479452054794521,371.65
SPXW260612C06985000,2026-06-09 16:59:00+00:00,6985.0,300.0,365.7,368.7,0.0,0.0,2.0,4,0.2898020239257812,True,REGULAR,USD,2026-06-12,7352.52978515625,0.03634999752044678,call,0.9500131524936842,0.005479452054794521,367.2
SPXW260612C06990000,2026-06-09 16:19:17+00:00,6990.0,304.98,359.7,362.8,0.0,0.0,1.0,4,0.25843026733398444,True,REGULAR,USD,2026-06-12,7352.52978515625,0.03634999752044678,call,0.9506931905412818,0.005479452054794521,361.25
SPXW260612C07000000,2026-06-09 17:18:06+00:00,7000.0,320.0,351.7,353.2,0.0,0.0,9.0,1598,0.26581544738769536,True,REGULAR,USD,2026-06-12,7352.52978515625,0.03634999752044678,call,0.9520532666364767,0.005479452054794521,352.45
SPXW260612C07010000,2026-06-09 18:19:45+00:00,7010.0,351.73,341.5,344.5,0.0,0.0,11.0,17,0.2902903002929687,True,REGULAR,USD,2026-06-12,7352.52978515625,0.03634999752044678,call,0.9534133427316717,0.005479452054794521,343.0
SPXW260612C07020000,2026-06-09 15:27:00+00:00,7020.0,333.48,330.7,333.7,0.0,0.0,2.0,19,0.26587648193359376,True,REGULAR,USD,2026-06-12,7352.52978515625,0.03634999752044678,call,0.9547734188268666,0.005479452054794521,332.2
SPXW260612C07025000,2026-06-09 18:19:45+00:00,7025.0,336.63,326.4,329.5,0.0,0.0,11.0,13,0.2795177029418945,True,REGULAR,USD,2026-06-12,7352.52978515625,0.03634999752044678,call,0.9554534568744641,0.005479452054794521,327.95
SPXW260612C07030000,2026-06-09 16:27:22+00:00,7030.0,271.07,321.1,324.1,0.0,0.0,1.0,8,0.2678906219482422,True,REGULAR,USD,2026-06-12,7352.52978515625,0.03634999752044678,call,0.9561334949220616,0.005479452054794521,322.6
SPXW260612C07040000,2026-06-03 14:18:45+00:00,7040.0,550.58,312.4,315.1,0.0,0.0,2.0,2,0.2792735647583008,True,REGULAR,USD,2026-06-12,7352.52978515625,0.03634999752044678,call,0.9574935710172565,0.005479452054794521,313.75
SPXW260612C07050000,2026-06-09 15:23:28+00:00,7050.0,321.08,303.1,306.1,0.0,0.0,1.0,84,0.28693340026855463,True,REGULAR,USD,2026-06-12,7352.52978515625,0.03634999752044678,call,0.9588536471124516,0.005479452054794521,304.6
SPXW260612C07060000,2026-06-08 13:32:49+00:00,7060.0,402.58,293.4,296.4,0.0,0.0,5.0,77,0.28327132751464834,True,REGULAR,USD,2026-06-12,7352.52978515625,0.03634999752044678,call,0.9602137232076465,0.005479452054794521,294.9
SPXW260612C07070000,2026-06-09 19:15:25+00:00,7070.0,302.41,283.9,286.9,0.0,0.0,11.0,16,0.2817759811401367,True,REGULAR,USD,2026-06-12,7352.52978515625,0.03634999752044678,call,0.9615737993028415,0.005479452054794521,285.4
SPXW260612C07075000,2026-06-09 15:26:36+00:00,7075.0,282.97,278.7,281.7,0.0,0.0,1.0,9,0.27530631927490234,True,REGULAR,USD,2026-06-12,7352.52978515625,0.03634999752044678,call,0.9622538373504389,0.005479452054794521,280.2
SPXW260612C07080000,2026-05-22 19:33:55+00:00,7080.0,424.44,273.9,277.0,0.0,0.0,1.0,35,0.27497062927246096,True,REGULAR,USD,2026-06-12,7352.52978515625,0.03634999752044678,call,0.9629338753980364,0.005479452054794521,275.45
SPXW260612C07090000,2026-06-09 13:30:03+00:00,7090.0,364.75,265.2,268.3,0.0,0.0,10.0,11,0.28136399795532224,True,REGULAR,USD,2026-06-12,7352.52978515625,0.03634999752044678,call,0.9642939514932314,0.005479452054794521,266.75
SPXW260612C07100000,2026-06-09 19:15:25+00:00,7100.0,272.44,255.4,258.5,0.0,0.0,23.0,116,0.27503166381835936,True,REGULAR,USD,2026-06-12,7352.52978515625,0.03634999752044678,call,0.9656540275884263,0.005479452054794521,256.95
SPXW260612C07110000,2026-06-09 19:48:41+00:00,7110.0,243.9,245.5,248.5,0.0,0.0,33.0,65,0.2665783792114258,True,REGULAR,USD,2026-06-12,7352.52978515625,0.03634999752044678,call,0.9670141036836213,0.005479452054794521,247.0
SPXW260612C07120000,2026-06-09 20:06:01+00:00,7120.0,275.88,236.2,239.2,0.0,0.0,1.0,76,0.26476260147094727,True,REGULAR,USD,2026-06-12,7352.52978515625,0.03634999752044678,call,0.9683741797788163,0.005479452054794521,237.7
SPXW260612C07125000,2026-06-09 14:18:29+00:00,7125.0,297.01,232.3,235.1,0.0,0.0,10.0,55,0.2685009674072265,True,REGULAR,USD,2026-06-12,7352.52978515625,0.03634999752044678,call,0.9690542178264138,0.005479452054794521,233.7
SPXW260612C07130000,2026-06-09 19:10:28+00:00,7130.0,258.78,227.0,230.0,0.0,0.0,33.0,76,0.26320622055053716,True,REGULAR,USD,2026-06-12,7352.52978515625,0.03634999752044678,call,0.9697342558740113,0.005479452054794521,228.5
SPXW260612C07140000,2026-06-09 17:03:04+00:00,7140.0,176.46,218.8,221.7,0.0,0.0,4.0,18,0.2682263119506836,True,REGULAR,USD,2026-06-12,7352.52978515625,0.03634999752044678,call,0.9710943319692062,0.005479452054794521,220.25
SPXW260612C07150000,2026-06-09 19:58:05+00:00,7150.0,243.25,209.8,212.9,0.0,0.0,87.0,263,0.2680279496765136,True,REGULAR,USD,2026-06-12,7352.52978515625,0.03634999752044678,call,0.9724544080644012,0.005479452054794521,211.35000000000002
SPXW260612C07160000,2026-06-09 19:58:05+00:00,7160.0,233.95,199.9,203.0,0.0,0.0,10.0,68,0.25926949234008795,True,REGULAR,USD,2026-06-12,7352.52978515625,0.03634999752044678,call,0.9738144841595961,0.005479452054794521,201.45
SPXW260612C07165000,2026-06-09 14:44:29+00:00,7165.0,252.61,195.5,204.2,0.0,0.0,1.0,1,0.2948831498718261,True,REGULAR,USD,2026-06-12,7352.52978515625,0.03634999752044678,call,0.9744945222071937,0.005479452054794521,199.85
SPXW260612C07170000,2026-06-10 10:58:51+00:00,7170.0,185.1,191.1,194.2,-43.829987,-19.145584,1.0,173,0.25797250823974616,True,REGULAR,USD,2026-06-12,7352.52978515625,0.03634999752044678,call,0.9751745602547911,0.005479452054794521,192.64999999999998
SPXW260612C07175000,2026-06-10 09:29:50+00:00,7175.0,175.0,187.3,190.2,40.679993,30.285877,6.0,59,0.2596662168884278,True,REGULAR,USD,2026-06-12,7352.52978515625,0.03634999752044678,call,0.9758545983023886,0.005479452054794521,188.75
SPXW260612C07180000,2026-06-09 16:51:41+00:00,7180.0,130.62,182.3,190.1,0.0,0.0,2.0,18,0.28449201843261707,True,REGULAR,USD,2026-06-12,7352.52978515625,0.03634999752044678,call,0.976534636349986,0.005479452054794521,186.2
SPXW260612C07190000,2026-06-09 17:14:17+00:00,7190.0,143.29,173.6,182.3,0.0,0.0,2.0,39,0.28612469253540035,True,REGULAR,USD,2026-06-12,7352.52978515625,0.03634999752044678,call,0.9778947124451811,0.005479452054794521,177.95
SPXW260612C07195000,2026-06-10 11:25:26+00:00,7195.0,144.4,169.7,172.4,7.779999,5.694627,1.0,4,0.2528990116119385,True,REGULAR,USD,2026-06-12,7352.52978515625,0.03634999752044678,call,0.9785747504927785,0.005479452054794521,171.05
SPXW260612C07200000,2026-06-10 12:36:08+00:00,7200.0,165.74,166.0,167.3,-31.539993,-15.987426,10.0,343,0.247077841796875,True,REGULAR,USD,2026-06-12,7352.52978515625,0.03634999752044678,call,0.9792547885403761,0.005479452054794521,166.65
SPXW260612C07205000,2026-06-10 12:36:08+00:00,7205.0,161.49,161.4,164.1,42.140007,35.307922,10.0,11,0.2520979331970215,True,REGULAR,USD,2026-06-12,7352.52978515625,0.03634999752044678,call,0.9799348265879735,0.005479452054794521,162.75
SPXW260612C07210000,2026-06-10 11:04:01+00:00,7210.0,139.4,157.0,160.1,-3.350006,-2.3467643,1.0,85,0.25220474365234374,True,REGULAR,USD,2026-06-12,7352.52978515625,0.03634999752044678,call,0.980614864635571,0.005479452054794521,158.55
SPXW260612C07220000,2026-06-09 17:07:44+00:00,7220.0,118.13,149.4,152.5,0.0,0.0,31.0,39,0.25382215911865236,True,REGULAR,USD,2026-06-12,7352.52978515625,0.03634999752044678,call,0.981974940730766,0.005479452054794521,150.95
SPXW260612C07225000,2026-06-09 18:13:08+00:00,7225.0,144.36,145.1,148.2,0.0,0.0,85.0,150,0.2517012086486816,True,REGULAR,USD,2026-06-12,7352.52978515625,0.03634999752044678,call,0.9826549787783635,0.005479452054794521,146.64999999999998
SPXW260612C07230000,2026-06-09 19:50:03+00:00,7230.0,147.45,142.4,145.5,0.0,0.0,19.0,64,0.2573469041442871,True,REGULAR,USD,2026-06-12,7352.52978515625,0.03634999752044678,call,0.9833350168259609,0.005479452054794521,143.95
SPXW260612C07235000,2026-06-09 19:50:03+00:00,7235.0,143.35,136.5,139.3,0.0,0.0,56.0,17,0.24557486610412596,True,REGULAR,USD,2026-06-12,7352.52978515625,0.03634999752044678,call,0.9840150548735584,0.005479452054794521,137.9
SPXW260612C07240000,2026-06-09 19:45:15+00:00,7240.0,137.97,133.8,134.5,0.0,0.0,32.0,82,0.2406463265228271,True,REGULAR,USD,2026-06-12,7352.52978515625,0.03634999752044678,call,0.9846950929211559,0.005479452054794521,134.15
SPXW260612C07245000,2026-06-10 12:33:35+00:00,7245.0,135.4,129.8,130.4,-12.040009,-8.166039,4.0,58,0.23899839378356932,True,REGULAR,USD,2026-06-12,7352.52978515625,0.03634999752044678,call,0.9853751309687534,0.005479452054794521,130.10000000000002
SPXW260612C07250000,2026-06-10 13:09:11+00:00,7250.0,124.55,125.7,126.4,-28.5,-18.621365,2.0,404,0.23764037513732908,True,REGULAR,USD,2026-06-12,7352.52978515625,0.03634999752044678,call,0.9860551690163508,0.005479452054794521,126.05000000000001
SPXW260612C07255000,2026-06-09 17:06:54+00:00,7255.0,91.9,121.9,122.5,0.0,0.0,6.0,15,0.23655701194763182,True,REGULAR,USD,2026-06-12,7352.52978515625,0.03634999752044678,call,0.9867352070639483,0.005479452054794521,122.2
SPXW260612C07260000,2026-06-10 11:22:35+00:00,7260.0,106.1,117.8,118.5,-42.54,-28.619484,5.0,120,0.23482515670776366,True,REGULAR,USD,2026-06-12,7352.52978515625,0.03634999752044678,call,0.9874152451115459,0.005479452054794521,118.15
SPXW260612C07265000,2026-06-10 11:22:35+00:00,7265.0,102.5,113.8,114.5,-18.93,-15.589229,6.0,16,0.2329101978302002,True,REGULAR,USD,2026-06-12,7352.52978515625,0.03634999752044678,call,0.9880952831591433,0.005479452054794521,114.15
SPXW260612C07270000,2026-06-10 12:33:26+00:00,7270.0,116.6,110.5,111.1,5.5,4.9504952,1.0,98,0.23342899147033688,True,REGULAR,USD,2026-06-12,7352.52978515625,0.03634999752044678,call,0.9887753212067408,0.005479452054794521,110.8
SPXW260612C07275000,2026-06-10 10:58:37+00:00,7275.0,100.4,106.6,107.2,-31.579994,-23.927864,6.0,86,0.23155217918395996,True,REGULAR,USD,2026-06-12,7352.52978515625,0.03634999752044678,call,0.9894553592543383,0.005479452054794521,106.9
SPXW260612C07280000,2026-06-10 08:26:21+00:00,7280.0,104.0,102.9,103.5,-8.290001,-7.382671,3.0,66,0.23033148826599123,True,REGULAR,USD,2026-06-12,7352.52978515625,0.03634999752044678,call,0.9901353973019358,0.005479452054794521,103.2
SPXW260612C07285000,2026-06-09 20:02:25+00:00,7285.0,124.1,99.4,99.9,0.0,0.0,119.0,85,0.2293167889404297,True,REGULAR,USD,2026-06-12,7352.52978515625,0.03634999752044678,call,0.9908154353495332,0.005479452054794521,99.65
SPXW260612C07290000,2026-06-10 12:32:39+00:00,7290.0,93.2,95.9,96.4,-0.040000916,-0.042901024,9.0,195,0.2285004518890381,True,REGULAR,USD,2026-06-12,7352.52978515625,0.03634999752044678,call,0.9914954733971307,0.005479452054794521,96.15
SPXW260612C07295000,2026-06-10 11:16:11+00:00,7295.0,80.1,92.3,92.9,-38.9,-32.68908,9.0,171,0.2274552352905273,True,REGULAR,USD,2026-06-12,7352.52978515625,0.03634999752044678,call,0.9921755114447283,0.005479452054794521,92.6
SPXW260612C07300000,2026-06-10 13:08:41+00:00,7300.0,88.7,88.8,89.3,-29.580002,-25.008457,13.0,1315,0.2257844145965576,True,REGULAR,USD,2026-06-12,7352.52978515625,0.03634999752044678,call,0.9928555494923257,0.005479452054794521,89.05
SPXW260612C07305000,2026-06-10 11:28:50+00:00,7305.0,68.0,85.0,85.6,-25.190002,-27.0308,23.0,188,0.22351087776184078,True,REGULAR,USD,2026-06-12,7352.52978515625,0.03634999752044678,call,0.9935355875399232,0.005479452054794521,85.3
SPXW260612C07310000,2026-06-10 11:54:18+00:00,7310.0,68.72,82.0,82.5,-37.35,-35.212593,2.0,157,0.22338117935180662,True,REGULAR,USD,2026-06-12,7352.52978515625,0.03634999752044678,call,0.9942156255875206,0.005479452054794521,82.25
SPXW260612C07315000,2026-06-10 10:47:14+00:00,7315.0,74.8,78.5,79.0,-12.029999,-13.854657,2.0,267,0.22145096183776855,True,REGULAR,USD,2026-06-12,7352.52978515625,0.03634999752044678,call,0.9948956636351182,0.005479452054794521,78.75
SPXW260612C07320000,2026-06-10 12:25:32+00:00,7320.0,66.0,75.4,75.9,-34.1,-34.065933,13.0,365,0.22084061637878416,True,REGULAR,USD,2026-06-12,7352.52978515625,0.03634999752044678,call,0.9955757016827156,0.005479452054794521,75.65
SPXW260612C07325000,2026-06-10 11:25:16+00:00,7325.0,57.8,71.9,72.4,-27.2,-32.0,18.0,967,0.21845263977050777,True,REGULAR,USD,2026-06-12,7352.52978515625,0.03634999752044678,call,0.9962557397303131,0.005479452054794521,72.15
SPXW260612C07330000,2026-06-10 12:42:15+00:00,7330.0,76.2,69.0,69.5,-14.690002,-16.162397,6.0,142,0.2181169497680664,True,REGULAR,USD,2026-06-12,7352.52978515625,0.03634999752044678,call,0.9969357777779106,0.005479452054794521,69.25
SPXW260612C07335000,2026-06-09 19:16:24+00:00,7335.0,71.84,66.0,66.5,0.0,0.0,321.0,156,0.21715565567016604,True,REGULAR,USD,2026-06-12,7352.52978515625,0.03634999752044678,call,0.9976158158255081,0.005479452054794521,66.25
SPXW260612C07340000,2026-06-10 12:58:18+00:00,7340.0,64.9,63.0,63.5,-18.720001,-22.38699,11.0,237,0.21594259407043456,True,REGULAR,USD,2026-06-12,7352.52978515625,0.03634999752044678,call,0.9982958538731056,0.005479452054794521,63.25
SPXW260612C07345000,2026-06-10 11:05:23+00:00,7345.0,44.2,59.9,60.4,-36.02,-44.90152,8.0,152,0.2140962990570068,True,REGULAR,USD,2026-06-12,7352.52978515625,0.03634999752044678,call,0.998975891920703,0.005479452054794521,60.15
SPXW260612C07350000,2026-06-10 12:50:24+00:00,7350.0,62.0,57.1,57.6,-10.769997,-14.800051,53.0,1726,0.2131235609817505,True,REGULAR,USD,2026-06-12,7352.52978515625,0.03634999752044678,call,0.9996559299683005,0.005479452054794521,57.35
SPXW260612C07355000,2026-06-10 12:59:06+00:00,7355.0,54.9,54.4,54.9,-18.099998,-24.79452,26.0,150,0.21226526268005372,False,REGULAR,USD,2026-06-12,7352.52978515625,0.03634999752044678,call,1.000335968015898,0.005479452054794521,54.65
SPXW260612C07360000,2026-06-10 13:06:29+00:00,7360.0,50.95,51.5,51.9,-19.05,-27.214285,14.0,291,0.21001461380004882,False,REGULAR,USD,2026-06-12,7352.52978515625,0.03634999752044678,call,1.0010160060634954,0.005479452054794521,51.7
SPXW260612C07365000,2026-06-10 12:31:51+00:00,7365.0,44.72,48.9,49.3,-24.379997,-35.282196,8.0,95,0.20899228515624996,False,REGULAR,USD,2026-06-12,7352.52978515625,0.03634999752044678,call,1.001696044111093,0.005479452054794521,49.099999999999994
SPXW260612C07370000,2026-06-10 11:50:26+00:00,7370.0,36.5,46.4,46.8,-28.120003,-43.51594,7.0,466,0.20807676696777339,False,REGULAR,USD,2026-06-12,7352.52978515625,0.03634999752044678,call,1.0023760821586905,0.005479452054794521,46.599999999999994
SPXW260612C07375000,2026-06-10 11:03:50+00:00,7375.0,35.8,43.8,44.3,-24.280003,-40.412785,1.0,1266,0.20687896400451658,False,REGULAR,USD,2026-06-12,7352.52978515625,0.03634999752044678,call,1.003056120206288,0.005479452054794521,44.05
SPXW260612C07380000,2026-06-10 12:59:20+00:00,7380.0,42.0,41.4,41.9,-15.200001,-26.57343,26.0,230,0.2057803421783447,False,REGULAR,USD,2026-06-12,7352.52978515625,0.03634999752044678,call,1.0037361582538855,0.005479452054794521,41.65
SPXW260612C07385000,2026-06-10 09:17:08+00:00,7385.0,30.9,39.1,39.5,-22.4,-42.026268,1.0,273,0.20439943557739254,False,REGULAR,USD,2026-06-12,7352.52978515625,0.03634999752044678,call,1.0044161963014828,0.005479452054794521,39.3
SPXW260612C07390000,2026-06-10 12:54:10+00:00,7390.0,39.4,36.8,37.2,-12.189999,-23.628609,150.0,379,0.20310245147705075,False,REGULAR,USD,2026-06-12,7352.52978515625,0.03634999752044678,call,1.0050962343490804,0.005479452054794521,37.0
SPXW260612C07395000,2026-06-10 12:58:01+00:00,7395.0,36.33,34.5,34.9,-16.669998,-31.452826,12.0,966,0.2015002946472168,False,REGULAR,USD,2026-06-12,7352.52978515625,0.03634999752044678,call,1.0057762723966779,0.005479452054794521,34.7
SPXW260612C07400000,2026-06-10 13:03:00+00:00,7400.0,32.8,32.5,32.9,-13.280003,-28.819448,641.0,1690,0.20077550941467284,False,REGULAR,USD,2026-06-12,7352.52978515625,0.03634999752044678,call,1.0064563104442754,0.005479452054794521,32.7
SPXW260612C07405000,2026-06-10 12:30:11+00:00,7405.0,32.2,30.5,30.9,-11.719997,-26.684877,5.0,1376,0.19976081008911134,False,REGULAR,USD,2026-06-12,7352.52978515625,0.03634999752044678,call,1.007136348491873,0.005479452054794521,30.7
SPXW260612C07410000,2026-06-10 13:00:07+00:00,7410.0,28.3,28.5,28.9,-13.16,-31.741438,11.0,706,0.198425679397583,False,REGULAR,USD,2026-06-12,7352.52978515625,0.03634999752044678,call,1.0078163865394703,0.005479452054794521,28.7
SPXW260612C07415000,2026-06-10 13:13:04+00:00,7415.0,27.2,26.7,27.1,-10.68,-28.194298,17.0,360,0.19760171302795412,False,REGULAR,USD,2026-06-12,7352.52978515625,0.03634999752044678,call,1.0084964245870678,0.005479452054794521,26.9
SPXW260612C07420000,2026-06-10 12:57:51+00:00,7420.0,26.56,24.9,25.2,-9.820002,-26.992857,24.0,509,0.19603770278930666,False,REGULAR,USD,2026-06-12,7352.52978515625,0.03634999752044678,call,1.0091764626346653,0.005479452054794521,25.049999999999997
SPXW260612C07425000,2026-06-10 12:34:03+00:00,7425.0,26.13,23.1,23.5,-11.719999,-30.96433,19.0,2342,0.19499248619079587,False,REGULAR,USD,2026-06-12,7352.52978515625,0.03634999752044678,call,1.0098565006822628,0.005479452054794521,23.3
SPXW260612C07430000,2026-06-10 13:13:55+00:00,7430.0,22.1,21.5,21.9,-9.129999,-29.234709,83.0,1819,0.19405408004760744,False,REGULAR,USD,2026-06-12,7352.52978515625,0.03634999752044678,call,1.0105365387298602,0.005479452054794521,21.7
SPXW260612C07435000,2026-06-10 13:14:03+00:00,7435.0,20.5,19.9,20.3,-9.200001,-30.976433,4.0,257,0.19278761322021482,False,REGULAR,USD,2026-06-12,7352.52978515625,0.03634999752044678,call,1.0112165767774577,0.005479452054794521,20.1
SPXW260612C07440000,2026-06-10 13:08:06+00:00,7440.0,18.57,18.4,18.8,-9.309999,-33.393112,39.0,433,0.19163558616638185,False,REGULAR,USD,2026-06-12,7352.52978515625,0.03634999752044678,call,1.0118966148250552,0.005479452054794521,18.6
SPXW260612C07445000,2026-06-09 20:09:41+00:00,7445.0,26.62,17.0,17.3,0.0,0.0,185.0,307,0.19011735183715822,False,REGULAR,USD,2026-06-12,7352.52978515625,0.03634999752044678,call,1.0125766528726527,0.005479452054794521,17.15
SPXW260612C07450000,2026-06-10 13:10:04+00:00,7450.0,16.4,15.7,16.0,-7.5,-31.380754,610.0,5594,0.18920946296691896,False,REGULAR,USD,2026-06-12,7352.52978515625,0.03634999752044678,call,1.0132566909202503,0.005479452054794521,15.85
SPXW260612C07455000,2026-06-10 13:05:05+00:00,7455.0,14.2,14.6,14.9,-8.500001,-37.44494,17.0,360,0.18898821273803712,False,REGULAR,USD,2026-06-12,7352.52978515625,0.03634999752044678,call,1.0139367289678476,0.005479452054794521,14.75
SPXW260612C07460000,2026-06-10 13:12:28+00:00,7460.0,14.15,13.3,13.6,-6.3500004,-30.975613,36.0,451,0.18738605590820312,False,REGULAR,USD,2026-06-12,7352.52978515625,0.03634999752044678,call,1.0146167670154451,0.005479452054794521,13.45
SPXW260612C07465000,2026-06-10 12:54:46+00:00,7465.0,14.1,12.3,12.6,-5.199999,-26.943,19.0,802,0.18702747795104982,False,REGULAR,USD,2026-06-12,7352.52978515625,0.03634999752044678,call,1.0152968050630427,0.005479452054794521,12.45
SPXW260612C07470000,2026-06-10 12:37:08+00:00,7470.0,13.0,11.2,11.5,-4.8999996,-27.3743,17.0,644,0.1857610111236572,False,REGULAR,USD,2026-06-12,7352.52978515625,0.03634999752044678,call,1.0159768431106402,0.005479452054794521,11.35
SPXW260612C07475000,2026-06-10 13:13:43+00:00,7475.0,10.7,10.3,10.6,-7.500001,-41.208797,71.0,1197,0.1852956227111816,False,REGULAR,USD,2026-06-12,7352.52978515625,0.03634999752044678,call,1.0166568811582377,0.005479452054794521,10.45
SPXW260612C07480000,2026-06-10 13:05:05+00:00,7480.0,9.13,9.4,9.7,-5.75,-38.64247,55.0,948,0.18449454429626463,False,REGULAR,USD,2026-06-12,7352.52978515625,0.03634999752044678,call,1.017336919205835,0.005479452054794521,9.55
SPXW260612C07485000,2026-06-10 12:54:45+00:00,7485.0,9.9,8.6,8.8,-5.1100006,-34.043976,37.0,351,0.1833119999694824,False,REGULAR,USD,2026-06-12,7352.52978515625,0.03634999752044678,call,1.0180169572534326,0.005479452054794521,8.7
SPXW260612C07490000,2026-06-10 13:00:07+00:00,7490.0,8.0,7.9,8.1,-4.4799995,-35.89743,29.0,767,0.18309837905883786,False,REGULAR,USD,2026-06-12,7352.52978515625,0.03634999752044678,call,1.01869699530103,0.005479452054794521,8.0
SPXW260612C07495000,2026-06-10 12:42:14+00:00,7495.0,8.5,7.1,7.3,-3.0,-26.086956,112.0,480,0.18181665359497068,False,REGULAR,USD,2026-06-12,7352.52978515625,0.03634999752044678,call,1.0193770333486276,0.005479452054794521,7.199999999999999
SPXW260612C07500000,2026-06-10 13:11:25+00:00,7500.0,6.8,6.6,6.8,-3.6999998,-35.23809,294.0,3013,0.18241174041748048,False,REGULAR,USD,2026-06-12,7352.52978515625,0.03634999752044678,call,1.020057071396225,0.005479452054794521,6.699999999999999
SPXW260612C07505000,2026-06-10 12:46:08+00:00,7505.0,6.85,5.9,6.1,-4.0499997,-37.15596,47.0,564,0.18113001495361325,False,REGULAR,USD,2026-06-12,7352.52978515625,0.03634999752044678,call,1.0207371094438225,0.005479452054794521,6.0
SPXW260612C07510000,2026-06-10 12:39:53+00:00,7510.0,5.73,5.4,5.6,-3.1699996,-35.617977,33.0,949,0.18109949768066402,False,REGULAR,USD,2026-06-12,7352.52978515625,0.03634999752044678,call,1.02141714749142,0.005479452054794521,5.5
SPXW260612C07515000,2026-06-10 13:01:54+00:00,7515.0,5.18,4.9,5.1,-2.8200002,-35.250004,49.0,1402,0.18076380767822264,False,REGULAR,USD,2026-06-12,7352.52978515625,0.03634999752044678,call,1.0220971855390175,0.005479452054794521,5.0
SPXW260612C07520000,2026-06-10 12:33:53+00:00,7520.0,5.1,4.4,4.6,-2.29,-30.987822,221.0,995,0.18007716903686521,False,REGULAR,USD,2026-06-12,7352.52978515625,0.03634999752044678,call,1.022777223586615,0.005479452054794521,4.5
SPXW260612C07525000,2026-06-10 12:34:03+00:00,7525.0,5.0,4.0,4.2,-1.5999999,-24.242422,160.0,2119,0.18001613449096682,False,REGULAR,USD,2026-06-12,7352.52978515625,0.03634999752044678,call,1.0234572616342124,0.005479452054794521,4.1
SPXW260612C07530000,2026-06-10 12:31:51+00:00,7530.0,3.9,3.6,3.7,-2.1,-34.999996,11.0,1307,0.1785360467529297,False,REGULAR,USD,2026-06-12,7352.52978515625,0.03634999752044678,call,1.0241372996818099,0.005479452054794521,3.6500000000000004
SPXW260612C07535000,2026-06-10 13:12:39+00:00,7535.0,3.5,3.3,3.4,-1.8499999,-34.579437,48.0,456,0.1788717367553711,False,REGULAR,USD,2026-06-12,7352.52978515625,0.03634999752044678,call,1.0248173377294074,0.005479452054794521,3.3499999999999996
SPXW260612C07540000,2026-06-10 13:01:57+00:00,7540.0,3.09,2.9,3.0,-2.0200002,-39.530334,22.0,1543,0.17768156311035155,False,REGULAR,USD,2026-06-12,7352.52978515625,0.03634999752044678,call,1.025497375777005,0.005479452054794521,2.95
SPXW260612C07545000,2026-06-10 13:13:06+00:00,7545.0,2.75,2.6,2.75,-1.8499999,-40.21739,72.0,743,0.17801725311279298,False,REGULAR,USD,2026-06-12,7352.52978515625,0.03634999752044678,call,1.0261774138246025,0.005479452054794521,2.675
SPXW260612C07550000,2026-06-10 13:08:45+00:00,7550.0,2.4,2.4,2.5,-1.5,-38.461536,382.0,3124,0.17810880493164064,False,REGULAR,USD,2026-06-12,7352.52978515625,0.03634999752044678,call,1.0268574518721998,0.005479452054794521,2.45
SPXW260612C07555000,2026-06-10 13:03:35+00:00,7555.0,2.17,2.15,2.25,-1.4299998,-39.722218,75.0,726,0.17786466674804688,False,REGULAR,USD,2026-06-12,7352.52978515625,0.03634999752044678,call,1.0275374899197973,0.005479452054794521,2.2
SPXW260612C07560000,2026-06-10 13:14:36+00:00,7560.0,1.95,1.9,2.0,-1.1499999,-37.09677,115.0,1885,0.1772543212890625,False,REGULAR,USD,2026-06-12,7352.52978515625,0.03634999752044678,call,1.0282175279673949,0.005479452054794521,1.95
SPXW260612C07565000,2026-06-10 13:01:59+00:00,7565.0,1.8,1.7,1.85,-1.0,-35.714287,110.0,711,0.1780477703857422,False,REGULAR,USD,2026-06-12,7352.52978515625,0.03634999752044678,call,1.0288975660149924,0.005479452054794521,1.775
SPXW260612C07570000,2026-06-10 12:57:50+00:00,7570.0,1.75,1.5,1.65,-0.75,-30.0,17.0,1600,0.17765104583740232,False,REGULAR,USD,2026-06-12,7352.52978515625,0.03634999752044678,call,1.0295776040625897,0.005479452054794521,1.575
SPXW260612C07575000,2026-06-10 12:32:47+00:00,7575.0,1.73,1.4,1.5,-0.3699999,-17.619043,24.0,2170,0.1779257012939453,False,REGULAR,USD,2026-06-12,7352.52978515625,0.03634999752044678,call,1.0302576421101872,0.005479452054794521,1.45
SPXW260612C07580000,2026-06-10 12:42:34+00:00,7580.0,1.45,1.25,1.35,-0.54999995,-27.499998,49.0,1888,0.1779257012939453,False,REGULAR,USD,2026-06-12,7352.52978515625,0.03634999752044678,call,1.0309376801577848,0.005479452054794521,1.3
SPXW260612C07585000,2026-06-10 09:05:58+00:00,7585.0,1.05,1.1,1.25,-0.8000001,-43.243248,8.0,641,0.17878018493652342,False,REGULAR,USD,2026-06-12,7352.52978515625,0.03634999752044678,call,1.0316177182053823,0.005479452054794521,1.175
SPXW260612C07590000,2026-06-10 12:47:17+00:00,7590.0,1.22,0.95,1.1,-0.23000002,-15.86207,13.0,1814,0.17816983947753906,False,REGULAR,USD,2026-06-12,7352.52978515625,0.03634999752044678,call,1.0322977562529798,0.005479452054794521,1.025
SPXW260612C07595000,2026-06-10 11:59:53+00:00,7595.0,0.9,0.85,1.0,-0.32000005,-26.229511,14.0,525,0.1785360467529297,False,REGULAR,USD,2026-06-12,7352.52978515625,0.03634999752044678,call,1.0329777943005771,0.005479452054794521,0.925
SPXW260612C07600000,2026-06-10 13:15:11+00:00,7600.0,0.8,0.8,0.9,-0.34999996,-30.43478,536.0,6617,0.17865811584472657,False,REGULAR,USD,2026-06-12,7352.52978515625,0.03634999752044678,call,1.0336578323481747,0.005479452054794521,0.8500000000000001
SPXW260612C07605000,2026-06-10 11:35:14+00:00,7605.0,0.7,0.7,0.85,-0.3,-30.000002,17.0,1528,0.18012294494628905,False,REGULAR,USD,2026-06-12,7352.52978515625,0.03634999752044678,call,1.0343378703957722,0.005479452054794521,0.7749999999999999
SPXW260612C07610000,2026-06-10 09:05:58+00:00,7610.0,0.6,0.65,0.75,-0.33999997,-36.170208,7.0,1056,0.179695703125,False,REGULAR,USD,2026-06-12,7352.52978515625,0.03634999752044678,call,1.0350179084433697,0.005479452054794521,0.7
SPXW260612C07615000,2026-06-10 13:07:12+00:00,7615.0,0.65,0.6,0.7,0.099999964,18.18181,3.0,1641,0.18079432495117187,False,REGULAR,USD,2026-06-12,7352.52978515625,0.03634999752044678,call,1.0356979464909672,0.005479452054794521,0.6499999999999999
SPXW260612C07620000,2026-06-10 10:40:46+00:00,7620.0,0.5,0.5,0.6,-0.25,-33.333332,4.0,1023,0.17981777221679687,False,REGULAR,USD,2026-06-12,7352.52978515625,0.03634999752044678,call,1.0363779845385646,0.005479452054794521,0.55
SPXW260612C07625000,2026-06-10 12:34:03+00:00,7625.0,0.67,0.45,0.55,0.22000003,48.888897,12.0,1683,0.18042811767578126,False,REGULAR,USD,2026-06-12,7352.52978515625,0.03634999752044678,call,1.037058022586162,0.005479452054794521,0.5
SPXW260612C07630000,2026-06-10 12:18:01+00:00,7630.0,0.45,0.4,0.5,-0.06999999,-13.461537,24.0,981,0.18091639404296872,False,REGULAR,USD,2026-06-12,7352.52978515625,0.03634999752044678,call,1.0377380606337596,0.005479452054794521,0.45
SPXW260612C07635000,2026-06-09 20:12:47+00:00,7635.0,0.49,0.35,0.5,0.0,0.0,508.0,1963,0.18372398315429686,False,REGULAR,USD,2026-06-12,7352.52978515625,0.03634999752044678,call,1.0384180986813571,0.005479452054794521,0.425
SPXW260612C07640000,2026-06-09 20:00:37+00:00,7640.0,0.3,0.3,0.45,0.0,0.0,894.0,3237,0.1839070867919922,False,REGULAR,USD,2026-06-12,7352.52978515625,0.03634999752044678,call,1.0390981367289545,0.005479452054794521,0.375
SPXW260612C07645000,2026-06-10 09:10:48+00:00,7645.0,0.32,0.3,0.4,0.06999999,27.999996,5.0,440,0.18384605224609374,False,REGULAR,USD,2026-06-12,7352.52978515625,0.03634999752044678,call,1.039778174776552,0.005479452054794521,0.35
SPXW260612C07650000,2026-06-10 12:50:48+00:00,7650.0,0.35,0.25,0.4,0.0,0.0,15.0,4435,0.186531572265625,False,REGULAR,USD,2026-06-12,7352.52978515625,0.03634999752044678,call,1.0404582128241495,0.005479452054794521,0.325
SPXW260612C07655000,2026-06-10 08:03:13+00:00,7655.0,0.3,0.25,0.35,0.10000001,50.000004,5.0,542,0.18616536499023437,False,REGULAR,USD,2026-06-12,7352.52978515625,0.03634999752044678,call,1.041138250871747,0.005479452054794521,0.3
SPXW260612C07660000,2026-06-10 10:45:22+00:00,7660.0,0.3,0.2,0.35,0.0,0.0,12.0,966,0.18872881591796875,False,REGULAR,USD,2026-06-12,7352.52978515625,0.03634999752044678,call,1.0418182889193446,0.005479452054794521,0.275
SPXW260612C07665000,2026-06-10 10:21:22+00:00,7665.0,0.25,0.2,0.3,0.0,0.0,8.0,665,0.1878743322753906,False,REGULAR,USD,2026-06-12,7352.52978515625,0.03634999752044678,call,1.042498326966942,0.005479452054794521,0.25
SPXW260612C07670000,2026-06-10 08:10:02+00:00,7670.0,0.27,0.2,0.3,0.120000005,80.0,13.0,1741,0.19043778320312502,False,REGULAR,USD,2026-06-12,7352.52978515625,0.03634999752044678,call,1.0431783650145394,0.005479452054794521,0.25
SPXW260612C07675000,2026-06-10 13:06:08+00:00,7675.0,0.25,0.15,0.25,0.049999997,24.999998,7.0,2230,0.1889729541015625,False,REGULAR,USD,2026-06-12,7352.52978515625,0.03634999752044678,call,1.043858403062137,0.005479452054794521,0.2
SPXW260612C07680000,2026-06-10 08:43:30+00:00,7680.0,0.2,0.15,0.25,0.019999996,11.111108,7.0,1173,0.1915364050292969,False,REGULAR,USD,2026-06-12,7352.52978515625,0.03634999752044678,call,1.0445384411097345,0.005479452054794521,0.2
SPXW260612C07685000,2026-06-10 12:42:18+00:00,7685.0,0.25,0.15,0.25,0.099999994,66.66666,1.0,426,0.19409985595703128,False,REGULAR,USD,2026-06-12,7352.52978515625,0.03634999752044678,call,1.045218479157332,0.005479452054794521,0.2
SPXW260612C07690000,2026-06-10 05:27:56+00:00,7690.0,0.22,0.1,0.25,0.06999999,46.66666,3.0,657,0.19654123779296873,False,REGULAR,USD,2026-06-12,7352.52978515625,0.03634999752044678,call,1.0458985172049293,0.005479452054794521,0.175
SPXW260612C07695000,2026-06-09 20:09:42+00:00,7695.0,0.15,0.1,0.2,0.0,0.0,201.0,548,0.194343994140625,False,REGULAR,USD,2026-06-12,7352.52978515625,0.03634999752044678,call,1.0465785552525269,0.005479452054794521,0.15000000000000002
SPXW260612C07700000,2026-06-10 10:01:44+00:00,7700.0,0.1,0.1,0.2,-0.050000004,-33.333336,2.0,3397,0.19678537597656248,False,REGULAR,USD,2026-06-12,7352.52978515625,0.03634999752044678,call,1.0472585933001244,0.005479452054794521,0.15000000000000002
SPXW260612C07705000,2026-06-09 20:00:37+00:00,7705.0,0.1,0.1,0.2,0.0,0.0,72.0,362,0.1992267578125,False,REGULAR,USD,2026-06-12,7352.52978515625,0.03634999752044678,call,1.047938631347722,0.005479452054794521,0.15000000000000002
SPXW260612C07710000,2026-06-09 20:01:22+00:00,7710.0,0.1,0.1,0.2,0.0,0.0,175.0,770,0.2016681396484375,False,REGULAR,USD,2026-06-12,7352.52978515625,0.03634999752044678,call,1.0486186693953192,0.005479452054794521,0.15000000000000002
SPXW260612C07715000,2026-06-09 19:55:27+00:00,7715.0,0.15,0.1,0.2,0.0,0.0,137.0,415,0.20410952148437497,False,REGULAR,USD,2026-06-12,7352.52978515625,0.03634999752044678,call,1.0492987074429168,0.005479452054794521,0.15000000000000002
SPXW260612C07720000,2026-06-09 20:04:40+00:00,7720.0,0.1,0.1,0.2,0.0,0.0,364.0,1731,0.20655090332031245,False,REGULAR,USD,2026-06-12,7352.52978515625,0.03634999752044678,call,1.0499787454905143,0.005479452054794521,0.15000000000000002
SPXW260612C07725000,2026-06-09 20:09:59+00:00,7725.0,0.1,0.1,0.15,0.0,0.0,387.0,1964,0.20264469238281246,False,REGULAR,USD,2026-06-12,7352.52978515625,0.03634999752044678,call,1.0506587835381118,0.005479452054794521,0.125
SPXW260612C07730000,2026-06-10 04:51:16+00:00,7730.0,0.2,0.1,0.15,0.080000006,66.66668,15.0,962,0.20508607421874997,False,REGULAR,USD,2026-06-12,7352.52978515625,0.03634999752044678,call,1.0513388215857093,0.005479452054794521,0.125
SPXW260612C07735000,2026-06-09 19:26:26+00:00,7735.0,0.15,0.05,0.15,0.0,0.0,52.0,441,0.20752745605468748,False,REGULAR,USD,2026-06-12,7352.52978515625,0.03634999752044678,call,1.0520188596333067,0.005479452054794521,0.1
SPXW260612C07740000,2026-06-09 19:31:39+00:00,7740.0,0.12,0.05,0.15,0.0,0.0,82.0,1163,0.20996883789062498,False,REGULAR,USD,2026-06-12,7352.52978515625,0.03634999752044678,call,1.0526988976809042,0.005479452054794521,0.1
SPXW260612C07745000,2026-06-10 00:30:55+00:00,7745.0,0.1,0.05,0.15,0.05,100.0,6.0,373,0.21216608154296873,False,REGULAR,USD,2026-06-12,7352.52978515625,0.03634999752044678,call,1.0533789357285017,0.005479452054794521,0.1
SPXW260612C07750000,2026-06-10 00:31:00+00:00,7750.0,0.1,0.05,0.15,0.05,100.0,1.0,2368,0.21460746337890624,False,REGULAR,USD,2026-06-12,7352.52978515625,0.03634999752044678,call,1.0540589737760993,0.005479452054794521,0.1
SPXW260612C07755000,2026-06-09 19:52:25+00:00,7755.0,0.09,0.05,0.15,0.0,0.0,76.0,446,0.21680470703125,False,REGULAR,USD,2026-06-12,7352.52978515625,0.03634999752044678,call,1.0547390118236968,0.005479452054794521,0.1
SPXW260612C07770000,2026-06-10 12:33:20+00:00,7770.0,0.15,0.05,0.15,0.050000004,50.000004,2.0,1677,0.2238847143554687,False,REGULAR,USD,2026-06-12,7352.52978515625,0.03634999752044678,call,1.0567791259664892,0.005479452054794521,0.1
SPXW260612C07775000,2026-06-09 18:07:57+00:00,7775.0,0.1,0.05,0.15,0.0,0.0,11.0,991,0.22632609619140626,False,REGULAR,USD,2026-06-12,7352.52978515625,0.03634999752044678,call,1.0574591640140867,0.005479452054794521,0.1
SPXW260612C07780000,2026-06-09 19:00:36+00:00,7780.0,0.05,0.05,0.15,0.0,0.0,24.0,713,0.22852333984375,False,REGULAR,USD,2026-06-12,7352.52978515625,0.03634999752044678,call,1.058139202061684,0.005479452054794521,0.1
SPXW260612C07790000,2026-06-09 18:51:39+00:00,7790.0,0.1,0.05,0.1,0.0,0.0,32.0,667,0.22412885253906245,False,REGULAR,USD,2026-06-12,7352.52978515625,0.03634999752044678,call,1.059499278156879,0.005479452054794521,0.07500000000000001
SPXW260612C07800000,2026-06-09 19:46:13+00:00,7800.0,0.1,0.05,0.1,0.0,0.0,113.0,4299,0.22876747802734376,False,REGULAR,USD,2026-06-12,7352.52978515625,0.03634999752044678,call,1.0608593542520741,0.005479452054794521,0.07500000000000001
SPXW260612C07810000,2026-06-09 17:53:18+00:00,7810.0,0.11,0.05,0.1,0.0,0.0,26.0,639,0.233406103515625,False,REGULAR,USD,2026-06-12,7352.52978515625,0.03634999752044678,call,1.062219430347269,0.005479452054794521,0.07500000000000001
SPXW260612C07820000,2026-06-09 16:19:59+00:00,7820.0,0.1,0.05,0.1,0.0,0.0,4.0,617,0.23780059082031246,False,REGULAR,USD,2026-06-12,7352.52978515625,0.03634999752044678,call,1.063579506442464,0.005479452054794521,0.07500000000000001
SPXW260612C07825000,2026-06-09 18:24:42+00:00,7825.0,0.07,0.05,0.1,0.0,0.0,9.0,1260,0.23975369628906246,False,REGULAR,USD,2026-06-12,7352.52978515625,0.03634999752044678,call,1.0642595444900615,0.005479452054794521,0.07500000000000001
SPXW260612C07830000,2026-06-09 17:04:53+00:00,7830.0,0.1,0.05,0.1,0.0,0.0,12.0,689,0.242195078125,False,REGULAR,USD,2026-06-12,7352.52978515625,0.03634999752044678,call,1.0649395825376589,0.005479452054794521,0.07500000000000001
SPXW260612C07840000,2026-06-09 14:23:14+00:00,7840.0,0.1,0.05,0.1,0.0,0.0,2.0,408,0.24658956542968752,False,REGULAR,USD,2026-06-12,7352.52978515625,0.03634999752044678,call,1.066299658632854,0.005479452054794521,0.07500000000000001
SPXW260612C07850000,2026-06-09 19:52:45+00:00,7850.0,0.1,0.05,0.1,0.0,0.0,14.0,2478,0.25098405273437496,False,REGULAR,USD,2026-06-12,7352.52978515625,0.03634999752044678,call,1.0676597347280488,0.005479452054794521,0.07500000000000001
SPXW260612C07860000,2026-06-09 19:41:12+00:00,7860.0,0.1,0.05,0.1,0.0,0.0,7.0,86,0.2553785400390626,False,REGULAR,USD,2026-06-12,7352.52978515625,0.03634999752044678,call,1.0690198108232438,0.005479452054794521,0.07500000000000001
SPXW260612C07870000,2026-06-10 02:09:32+00:00,7870.0,0.1,0.05,0.1,0.0,0.0,1.0,45,0.25977302734375,False,REGULAR,USD,2026-06-12,7352.52978515625,0.03634999752044678,call,1.0703798869184389,0.005479452054794521,0.07500000000000001
SPXW260612C07875000,2026-06-10 02:08:52+00:00,7875.0,0.1,0.05,0.1,0.0,0.0,1.0,545,0.2622144091796875,False,REGULAR,USD,2026-06-12,7352.52978515625,0.03634999752044678,call,1.0710599249660362,0.005479452054794521,0.07500000000000001
SPXW260612C07880000,2026-06-09 15:22:23+00:00,7880.0,0.05,0.05,0.1,0.0,0.0,1.0,700,0.26416751464843746,False,REGULAR,USD,2026-06-12,7352.52978515625,0.03634999752044678,call,1.0717399630136337,0.005479452054794521,0.07500000000000001
SPXW260612C07890000,2026-06-08 20:00:26+00:00,7890.0,0.07,0.05,0.1,0.0,0.0,30.0,277,0.26856200195312496,False,REGULAR,USD,2026-06-12,7352.52978515625,0.03634999752044678,call,1.0731000391088288,0.005479452054794521,0.07500000000000001
SPXW260615C05900000,2026-05-01 19:59:09+00:00,5900.0,1358.24,1493.7,1517.1,0.0,0.0,210.0,140,1.339885197563171,True,REGULAR,USD,2026-06-15,7352.52978515625,0.03634999752044678,call,0.8024448961650303,0.0136986301369863,1505.4
SPXW260615C06000000,2026-06-04 14:04:14+00:00,6000.0,1548.47,1336.9,1354.9,0.0,0.0,1.0,71,0.7215604016113282,True,REGULAR,USD,2026-06-15,7352.52978515625,0.03634999752044678,call,0.8160456571169801,0.0136986301369863,1345.9
SPXW260615C06400000,2026-05-01 19:56:49+00:00,6400.0,872.99,994.9,1017.7,0.0,0.0,105.0,105,0.9575046974182129,True,REGULAR,USD,2026-06-15,7352.52978515625,0.03634999752044678,call,0.8704487009247787,0.0136986301369863,1006.3
SPXW260615C06500000,2026-06-09 15:42:48+00:00,6500.0,838.88,837.9,857.1,0.0,0.0,2.0,33,0.5102588037109376,True,REGULAR,USD,2026-06-15,7352.52978515625,0.03634999752044678,call,0.8840494618767284,0.0136986301369863,847.5
SPXW260615C06575000,2026-05-19 17:41:04+00:00,6575.0,837.07,764.0,782.6,0.0,0.0,2.0,7,0.4777273907470704,True,REGULAR,USD,2026-06-15,7352.52978515625,0.03634999752044678,call,0.8942500325906906,0.0136986301369863,773.3
SPXW260615C06600000,2026-06-09 00:41:14+00:00,6600.0,789.03,739.0,758.2,0.0,0.0,6.0,8,0.4726615234375,True,REGULAR,USD,2026-06-15,7352.52978515625,0.03634999752044678,call,0.897650222828678,0.0136986301369863,748.6
SPXW260615C06650000,2026-06-02 19:56:53+00:00,6650.0,966.38,688.8,707.9,0.0,0.0,8.0,0,0.44122873229980464,True,REGULAR,USD,2026-06-15,7352.52978515625,0.03634999752044678,call,0.9044506033046529,0.0136986301369863,698.3499999999999
SPXW260615C06750000,2026-06-08 16:56:56+00:00,6750.0,691.41,590.8,608.3,0.0,0.0,1.0,1,0.3913635083007812,True,REGULAR,USD,2026-06-15,7352.52978515625,0.03634999752044678,call,0.9180513642566025,0.0136986301369863,599.55
SPXW260615C06800000,2026-05-29 15:27:06+00:00,6800.0,794.72,541.4,559.0,0.0,0.0,1.0,0,0.3713136599731446,True,REGULAR,USD,2026-06-15,7352.52978515625,0.03634999752044678,call,0.9248517447325774,0.0136986301369863,550.2
SPXW260615C06825000,2026-05-19 13:46:14+00:00,6825.0,562.78,516.6,535.3,0.0,0.0,1.0,1,0.3700319345092773,True,REGULAR,USD,2026-06-15,7352.52978515625,0.03634999752044678,call,0.9282519349705648,0.0136986301369863,525.95
SPXW260615C06850000,2026-06-03 14:40:38+00:00,6850.0,739.75,492.3,509.8,0.0,0.0,10.0,12,0.35088234573364246,True,REGULAR,USD,2026-06-15,7352.52978515625,0.03634999752044678,call,0.9316521252085522,0.0136986301369863,501.05
SPXW260615C06875000,2026-06-03 14:40:38+00:00,6875.0,715.8,475.1,478.2,0.0,0.0,10.0,11,0.24549094360351562,True,REGULAR,USD,2026-06-15,7352.52978515625,0.03634999752044678,call,0.9350523154465397,0.0136986301369863,476.65
SPXW260615C06900000,2026-05-29 16:36:36+00:00,6900.0,699.94,443.5,461.0,0.0,0.0,1.0,2,0.3323736196899414,True,REGULAR,USD,2026-06-15,7352.52978515625,0.03634999752044678,call,0.938452505684527,0.0136986301369863,452.25
SPXW260615C06950000,2026-06-08 14:06:34+00:00,6950.0,488.64,397.3,413.5,0.0,0.0,1.0,5,0.3210364527893066,True,REGULAR,USD,2026-06-15,7352.52978515625,0.03634999752044678,call,0.9452528861605018,0.0136986301369863,405.4
SPXW260615C06975000,2026-06-04 19:33:04+00:00,6975.0,630.18,373.2,388.9,0.0,0.0,1.0,0,0.3081429049682617,True,REGULAR,USD,2026-06-15,7352.52978515625,0.03634999752044678,call,0.9486530763984893,0.0136986301369863,381.04999999999995
SPXW260615C07000000,2026-06-09 16:04:37+00:00,7000.0,325.74,349.2,365.7,0.0,0.0,1.0,37,0.30358057266235344,True,REGULAR,USD,2026-06-15,7352.52978515625,0.03634999752044678,call,0.9520532666364767,0.0136986301369863,357.45
SPXW260615C07025000,2026-06-08 14:32:50+00:00,7025.0,425.21,325.3,341.3,0.0,0.0,1.0,29,0.2907938352966308,True,REGULAR,USD,2026-06-15,7352.52978515625,0.03634999752044678,call,0.9554534568744641,0.0136986301369863,333.3
SPXW260615C07050000,2026-06-09 19:33:27+00:00,7050.0,321.71,301.7,317.5,0.0,0.0,2.0,15,0.28079942840576166,True,REGULAR,USD,2026-06-15,7352.52978515625,0.03634999752044678,call,0.9588536471124516,0.0136986301369863,309.6
SPXW260615C07060000,2026-05-28 15:37:28+00:00,7060.0,514.75,292.3,307.8,0.0,0.0,,65,0.27563437995910645,True,REGULAR,USD,2026-06-15,7352.52978515625,0.03634999752044678,call,0.9602137232076465,0.0136986301369863,300.05
SPXW260615C07070000,2026-05-28 15:37:28+00:00,7070.0,504.91,283.0,299.3,0.0,0.0,,66,0.27644308769226067,True,REGULAR,USD,2026-06-15,7352.52978515625,0.03634999752044678,call,0.9615737993028415,0.0136986301369863,291.15
SPXW260615C07075000,2026-06-09 18:52:19+00:00,7075.0,302.86,278.9,294.0,0.0,0.0,4.0,27,0.27149166015625,True,REGULAR,USD,2026-06-15,7352.52978515625,0.03634999752044678,call,0.9622538373504389,0.0136986301369863,286.45
SPXW260615C07080000,2026-05-29 16:57:10+00:00,7080.0,516.78,273.7,289.9,0.0,0.0,25.0,25,0.2724376956176757,True,REGULAR,USD,2026-06-15,7352.52978515625,0.03634999752044678,call,0.9629338753980364,0.0136986301369863,281.79999999999995
SPXW260615C07090000,2026-06-09 19:33:27+00:00,7090.0,284.28,264.5,280.6,0.0,0.0,1.0,25,0.2687451055908203,True,REGULAR,USD,2026-06-15,7352.52978515625,0.03634999752044678,call,0.9642939514932314,0.0136986301369863,272.55
SPXW260615C07100000,2026-06-09 18:52:19+00:00,7100.0,279.54,255.3,271.9,0.0,0.0,4.0,98,0.2676083371734619,True,REGULAR,USD,2026-06-15,7352.52978515625,0.03634999752044678,call,0.9656540275884263,0.0136986301369863,263.6
SPXW260615C07110000,2026-06-05 18:46:41+00:00,7110.0,319.2,246.9,262.1,0.0,0.0,1.0,26,0.2612683737182617,True,REGULAR,USD,2026-06-15,7352.52978515625,0.03634999752044678,call,0.9670141036836213,0.0136986301369863,254.5
SPXW260615C07120000,2026-06-08 13:50:38+00:00,7120.0,329.42,237.9,253.2,0.0,0.0,2.0,59,0.2587659573364258,True,REGULAR,USD,2026-06-15,7352.52978515625,0.03634999752044678,call,0.9683741797788163,0.0136986301369863,245.55
SPXW260615C07125000,2026-06-09 16:32:04+00:00,7125.0,193.84,232.6,247.6,0.0,0.0,1.0,24,0.25249465774536134,True,REGULAR,USD,2026-06-15,7352.52978515625,0.03634999752044678,call,0.9690542178264138,0.0136986301369863,240.1
SPXW260615C07130000,2026-06-03 19:30:14+00:00,7130.0,443.86,228.3,243.1,0.0,0.0,56.0,82,0.25094590614318846,True,REGULAR,USD,2026-06-15,7352.52978515625,0.03634999752044678,call,0.9697342558740113,0.0136986301369863,235.7
SPXW260615C07140000,2026-06-08 13:50:38+00:00,7140.0,310.77,219.1,234.3,0.0,0.0,2.0,38,0.24847400703430175,True,REGULAR,USD,2026-06-15,7352.52978515625,0.03634999752044678,call,0.9710943319692062,0.0136986301369863,226.7
SPXW260615C07150000,2026-06-08 17:12:18+00:00,7150.0,279.72,210.3,227.2,0.0,0.0,4.0,64,0.25242599388122555,True,REGULAR,USD,2026-06-15,7352.52978515625,0.03634999752044678,call,0.9724544080644012,0.0136986301369863,218.75
SPXW260615C07165000,2026-06-08 14:36:02+00:00,7165.0,293.29,203.7,206.8,0.0,0.0,2.0,2,0.21937578727722168,True,REGULAR,USD,2026-06-15,7352.52978515625,0.03634999752044678,call,0.9744945222071937,0.0136986301369863,205.25
SPXW260615C07170000,2026-06-08 14:39:32+00:00,7170.0,287.97,198.8,201.9,0.0,0.0,1.0,2,0.2160112579345703,True,REGULAR,USD,2026-06-15,7352.52978515625,0.03634999752044678,call,0.9751745602547911,0.0136986301369863,200.35000000000002
SPXW260615C07175000,2026-06-09 16:20:27+00:00,7175.0,143.0,195.9,197.5,0.0,0.0,1.0,251,0.21462272201538085,True,REGULAR,USD,2026-06-15,7352.52978515625,0.03634999752044678,call,0.9758545983023886,0.0136986301369863,196.7
SPXW260615C07180000,2026-06-08 14:36:02+00:00,7180.0,279.21,190.9,194.0,0.0,0.0,2.0,3,0.2166521206665039,True,REGULAR,USD,2026-06-15,7352.52978515625,0.03634999752044678,call,0.976534636349986,0.0136986301369863,192.45
SPXW260615C07190000,2026-06-02 14:40:53+00:00,7190.0,423.35,182.3,185.0,0.0,0.0,1.0,3,0.2126162113189697,True,REGULAR,USD,2026-06-15,7352.52978515625,0.03634999752044678,call,0.9778947124451811,0.0136986301369863,183.65
SPXW260615C07200000,2026-06-09 19:40:17+00:00,7200.0,172.99,175.0,176.6,0.0,0.0,133.0,760,0.21050289016723633,True,REGULAR,USD,2026-06-15,7352.52978515625,0.03634999752044678,call,0.9792547885403761,0.0136986301369863,175.8
SPXW260615C07210000,2026-06-09 16:11:07+00:00,7210.0,133.8,166.0,168.2,0.0,0.0,4.0,4,0.20800810310363765,True,REGULAR,USD,2026-06-15,7352.52978515625,0.03634999752044678,call,0.980614864635571,0.0136986301369863,167.1
SPXW260615C07220000,2026-06-09 16:38:12+00:00,7220.0,93.29,158.1,160.6,0.0,0.0,26.0,12,0.20784788742065424,True,REGULAR,USD,2026-06-15,7352.52978515625,0.03634999752044678,call,0.981974940730766,0.0136986301369863,159.35
SPXW260615C07225000,2026-06-09 16:26:02+00:00,7225.0,119.61,154.1,156.6,0.0,0.0,21.0,47,0.2069018519592285,True,REGULAR,USD,2026-06-15,7352.52978515625,0.03634999752044678,call,0.9826549787783635,0.0136986301369863,155.35
SPXW260615C07230000,2026-06-09 19:15:55+00:00,7230.0,158.83,150.3,152.7,0.0,0.0,125.0,102,0.20617706672668454,True,REGULAR,USD,2026-06-15,7352.52978515625,0.03634999752044678,call,0.9833350168259609,0.0136986301369863,151.5
SPXW260615C07240000,2026-06-09 18:50:55+00:00,7240.0,156.8,142.3,144.8,0.0,0.0,134.0,102,0.20405611625671385,True,REGULAR,USD,2026-06-15,7352.52978515625,0.03634999752044678,call,0.9846950929211559,0.0136986301369863,143.55
SPXW260615C07250000,2026-06-10 13:12:20+00:00,7250.0,137.88,135.6,136.2,-5.720001,-3.9832876,4.0,843,0.19934119758605956,True,REGULAR,USD,2026-06-15,7352.52978515625,0.03634999752044678,call,0.9860551690163508,0.0136986301369863,135.89999999999998
SPXW260615C07255000,2026-06-09 19:54:24+00:00,7255.0,151.25,131.9,132.5,0.0,0.0,31.0,12,0.19870033485412594,True,REGULAR,USD,2026-06-15,7352.52978515625,0.03634999752044678,call,0.9867352070639483,0.0136986301369863,132.2
SPXW260615C07260000,2026-06-09 17:27:17+00:00,7260.0,110.3,127.9,128.5,0.0,0.0,34.0,62,0.19702951416015624,True,REGULAR,USD,2026-06-15,7352.52978515625,0.03634999752044678,call,0.9874152451115459,0.0136986301369863,128.2
SPXW260615C07270000,2026-06-10 13:12:20+00:00,7270.0,122.82,120.6,121.2,-6.1800003,-4.7906976,4.0,15,0.19545024528503419,True,REGULAR,USD,2026-06-15,7352.52978515625,0.03634999752044678,call,0.9887753212067408,0.0136986301369863,120.9
SPXW260615C07275000,2026-06-10 11:22:33+00:00,7275.0,106.8,116.7,117.3,5.300003,5.221678,3.0,82,0.1937374633407593,True,REGULAR,USD,2026-06-15,7352.52978515625,0.03634999752044678,call,0.9894553592543383,0.0136986301369863,117.0
SPXW260615C07280000,2026-06-10 11:35:50+00:00,7280.0,95.0,113.1,113.7,-0.5999985,-0.6276135,6.0,11,0.19278761322021482,True,REGULAR,USD,2026-06-15,7352.52978515625,0.03634999752044678,call,0.9901353973019358,0.0136986301369863,113.4
SPXW260615C07290000,2026-06-10 11:34:42+00:00,7290.0,87.63,106.4,107.0,-30.770004,-25.98818,1.0,19,0.19192550025939945,True,REGULAR,USD,2026-06-15,7352.52978515625,0.03634999752044678,call,0.9914954733971307,0.0136986301369863,106.7
SPXW260615C07295000,2026-06-10 11:34:42+00:00,7295.0,84.53,102.9,103.5,-16.07,-15.974155,1.0,66,0.19086502502441405,True,REGULAR,USD,2026-06-15,7352.52978515625,0.03634999752044678,call,0.9921755114447283,0.0136986301369863,103.2
SPXW260615C07300000,2026-06-10 12:33:13+00:00,7300.0,102.5,99.5,100.1,1.9000015,1.8886695,20.0,645,0.18995713615417484,True,REGULAR,USD,2026-06-15,7352.52978515625,0.03634999752044678,call,0.9928555494923257,0.0136986301369863,99.8
SPXW260615C07305000,2026-06-09 18:42:47+00:00,7305.0,107.9,96.2,96.8,0.0,0.0,85.0,70,0.18918657501220704,True,REGULAR,USD,2026-06-15,7352.52978515625,0.03634999752044678,call,0.9935355875399232,0.0136986301369863,96.5
SPXW260615C07310000,2026-06-10 12:33:26+00:00,7310.0,97.9,92.6,93.2,-16.869995,-14.698959,8.0,23,0.18745471977233888,True,REGULAR,USD,2026-06-15,7352.52978515625,0.03634999752044678,call,0.9942156255875206,0.0136986301369863,92.9
SPXW260615C07315000,2026-06-10 11:58:42+00:00,7315.0,76.72,89.6,90.2,-16.18,-17.416576,6.0,12,0.18723346954345704,True,REGULAR,USD,2026-06-15,7352.52978515625,0.03634999752044678,call,0.9948956636351182,0.0136986301369863,89.9
SPXW260615C07320000,2026-06-10 05:16:25+00:00,7320.0,88.35,86.3,86.8,5.470001,6.599905,2.0,48,0.18578008441925048,True,REGULAR,USD,2026-06-15,7352.52978515625,0.03634999752044678,call,0.9955757016827156,0.0136986301369863,86.55
SPXW260615C07325000,2026-06-09 19:06:34+00:00,7325.0,103.27,82.9,83.5,0.0,0.0,47.0,468,0.1844563977050781,True,REGULAR,USD,2026-06-15,7352.52978515625,0.03634999752044678,call,0.9962557397303131,0.0136986301369863,83.2
SPXW260615C07330000,2026-06-10 12:40:29+00:00,7330.0,80.5,79.6,80.2,-4.5999985,-5.4054036,10.0,70,0.1829991979217529,True,REGULAR,USD,2026-06-15,7352.52978515625,0.03634999752044678,call,0.9969357777779106,0.0136986301369863,79.9
SPXW260615C07335000,2026-06-10 13:06:25+00:00,7335.0,76.2,76.5,77.1,-20.68,-21.345995,10.0,80,0.18193109336853028,True,REGULAR,USD,2026-06-15,7352.52978515625,0.03634999752044678,call,0.9976158158255081,0.0136986301369863,76.8
SPXW260615C07340000,2026-06-10 13:12:20+00:00,7340.0,75.36,73.8,74.4,-20.14,-21.089005,8.0,249,0.18177850700378417,True,REGULAR,USD,2026-06-15,7352.52978515625,0.03634999752044678,call,0.9982958538731056,0.0136986301369863,74.1
SPXW260615C07345000,2026-06-10 08:43:24+00:00,7345.0,65.6,70.8,71.3,-19.900002,-23.274855,2.0,35,0.180409044380188,True,REGULAR,USD,2026-06-15,7352.52978515625,0.03634999752044678,call,0.998975891920703,0.0136986301369863,71.05
SPXW260615C07350000,2026-06-10 12:52:36+00:00,7350.0,70.4,67.9,68.5,-18.089996,-20.442984,4.0,453,0.1796880738067627,True,REGULAR,USD,2026-06-15,7352.52978515625,0.03634999752044678,call,0.9996559299683005,0.0136986301369863,68.2
SPXW260615C07355000,2026-06-10 12:40:32+00:00,7355.0,66.0,64.9,65.5,-18.900002,-22.261486,5.0,36,0.17827664993286135,False,REGULAR,USD,2026-06-15,7352.52978515625,0.03634999752044678,call,1.000335968015898,0.0136986301369863,65.2
SPXW260615C07360000,2026-06-09 19:55:03+00:00,7360.0,78.0,62.1,62.6,0.0,0.0,85.0,117,0.1769720365142822,False,REGULAR,USD,2026-06-15,7352.52978515625,0.03634999752044678,call,1.0010160060634954,0.0136986301369863,62.35
SPXW260615C07365000,2026-06-10 11:08:29+00:00,7365.0,49.2,59.4,59.9,-10.18,-17.14382,12.0,311,0.17604125968933107,False,REGULAR,USD,2026-06-15,7352.52978515625,0.03634999752044678,call,1.001696044111093,0.0136986301369863,59.65
SPXW260615C07370000,2026-06-10 11:07:45+00:00,7370.0,47.1,56.8,57.3,-26.79,-36.2566,12.0,178,0.17521729331970212,False,REGULAR,USD,2026-06-15,7352.52978515625,0.03634999752044678,call,1.0023760821586905,0.0136986301369863,57.05
SPXW260615C07375000,2026-06-10 13:12:20+00:00,7375.0,55.55,53.9,54.5,-15.950001,-22.307693,4.0,302,0.17368380035400394,False,REGULAR,USD,2026-06-15,7352.52978515625,0.03634999752044678,call,1.003056120206288,0.0136986301369863,54.2
SPXW260615C07380000,2026-06-10 13:12:18+00:00,7380.0,52.8,51.7,52.2,-14.200001,-21.19403,31.0,54,0.17332903705596925,False,REGULAR,USD,2026-06-15,7352.52978515625,0.03634999752044678,call,1.0037361582538855,0.0136986301369863,51.95
SPXW260615C07385000,2026-06-10 12:51:05+00:00,7385.0,52.5,48.9,49.5,2.7999992,5.6338015,24.0,201,0.17172306556701664,False,REGULAR,USD,2026-06-15,7352.52978515625,0.03634999752044678,call,1.0044161963014828,0.0136986301369863,49.2
SPXW260615C07390000,2026-06-10 12:56:38+00:00,7390.0,48.2,46.8,47.3,-16.100002,-25.038883,2.0,106,0.17129582374572752,False,REGULAR,USD,2026-06-15,7352.52978515625,0.03634999752044678,call,1.0050962343490804,0.0136986301369863,47.05
SPXW260615C07395000,2026-06-09 19:48:28+00:00,7395.0,42.21,44.4,44.9,0.0,0.0,216.0,153,0.17015142601013186,False,REGULAR,USD,2026-06-15,7352.52978515625,0.03634999752044678,call,1.0057762723966779,0.0136986301369863,44.65
SPXW260615C07400000,2026-06-10 13:07:10+00:00,7400.0,41.7,42.0,42.5,-14.66,-26.011354,81.0,1261,0.16882392463684084,False,REGULAR,USD,2026-06-15,7352.52978515625,0.03634999752044678,call,1.0064563104442754,0.0136986301369863,42.25
SPXW260615C07405000,2026-06-10 12:36:57+00:00,7405.0,42.0,39.6,40.1,1.5999985,3.960392,12.0,74,0.16730569030761722,False,REGULAR,USD,2026-06-15,7352.52978515625,0.03634999752044678,call,1.007136348491873,0.0136986301369863,39.85
SPXW260615C07410000,2026-06-10 11:55:39+00:00,7410.0,32.3,37.6,38.1,-19.400002,-37.52418,2.0,604,0.16671823280334477,False,REGULAR,USD,2026-06-15,7352.52978515625,0.03634999752044678,call,1.0078163865394703,0.0136986301369863,37.85
SPXW260615C07415000,2026-06-09 19:47:52+00:00,7415.0,36.3,35.6,36.1,0.0,0.0,104.0,136,0.16594767166137697,False,REGULAR,USD,2026-06-15,7352.52978515625,0.03634999752044678,call,1.0084964245870678,0.0136986301369863,35.85
SPXW260615C07420000,2026-06-10 12:28:04+00:00,7420.0,31.1,33.7,34.2,-13.710001,-30.59585,6.0,226,0.16528392097473146,False,REGULAR,USD,2026-06-15,7352.52978515625,0.03634999752044678,call,1.0091764626346653,0.0136986301369863,33.95
SPXW260615C07425000,2026-06-10 10:45:08+00:00,7425.0,29.54,31.7,32.2,-17.41,-37.082,22.0,1096,0.16413189392089844,False,REGULAR,USD,2026-06-15,7352.52978515625,0.03634999752044678,call,1.0098565006822628,0.0136986301369863,31.950000000000003
SPXW260615C07430000,2026-06-10 11:55:39+00:00,7430.0,25.7,29.9,30.4,-16.309998,-38.824085,11.0,224,0.1633765914154053,False,REGULAR,USD,2026-06-15,7352.52978515625,0.03634999752044678,call,1.0105365387298602,0.0136986301369863,30.15
SPXW260615C07435000,2026-06-10 12:47:30+00:00,7435.0,31.9,28.1,28.6,-7.000002,-17.994864,9.0,660,0.1624229266357422,False,REGULAR,USD,2026-06-15,7352.52978515625,0.03634999752044678,call,1.0112165767774577,0.0136986301369863,28.35
SPXW260615C07440000,2026-06-10 12:34:37+00:00,7440.0,28.6,26.4,26.9,-10.67,-27.170868,13.0,207,0.16157607231140134,False,REGULAR,USD,2026-06-15,7352.52978515625,0.03634999752044678,call,1.0118966148250552,0.0136986301369863,26.65
SPXW260615C07445000,2026-06-09 19:56:01+00:00,7445.0,34.81,24.6,25.1,0.0,0.0,106.0,131,0.16020279502868653,False,REGULAR,USD,2026-06-15,7352.52978515625,0.03634999752044678,call,1.0125766528726527,0.0136986301369863,24.85
SPXW260615C07450000,2026-06-10 12:52:25+00:00,7450.0,24.4,23.2,23.6,-7.879999,-24.4114,21.0,1530,0.1595695616149902,False,REGULAR,USD,2026-06-15,7352.52978515625,0.03634999752044678,call,1.0132566909202503,0.0136986301369863,23.4
SPXW260615C07455000,2026-06-09 20:01:09+00:00,7455.0,31.0,21.7,22.1,0.0,0.0,128.0,118,0.15873796592712405,False,REGULAR,USD,2026-06-15,7352.52978515625,0.03634999752044678,call,1.0139367289678476,0.0136986301369863,21.9
SPXW260615C07460000,2026-06-10 13:09:47+00:00,7460.0,20.7,20.1,20.5,-8.5,-29.109589,13.0,234,0.15734180068969728,False,REGULAR,USD,2026-06-15,7352.52978515625,0.03634999752044678,call,1.0146167670154451,0.0136986301369863,20.3
SPXW260615C07465000,2026-06-10 12:31:13+00:00,7465.0,19.27,18.9,19.3,-4.4300003,-18.691984,3.0,165,0.15710529182434083,False,REGULAR,USD,2026-06-15,7352.52978515625,0.03634999752044678,call,1.0152968050630427,0.0136986301369863,19.1
SPXW260615C07470000,2026-06-10 12:33:53+00:00,7470.0,19.1,17.6,18.0,-5.51,-22.389273,11.0,193,0.15631947204589847,False,REGULAR,USD,2026-06-15,7352.52978515625,0.03634999752044678,call,1.0159768431106402,0.0136986301369863,17.8
SPXW260615C07475000,2026-06-10 12:28:11+00:00,7475.0,15.59,16.3,16.8,-9.049999,-36.728893,38.0,453,0.15567860931396482,False,REGULAR,USD,2026-06-15,7352.52978515625,0.03634999752044678,call,1.0166568811582377,0.0136986301369863,16.55
SPXW260615C07480000,2026-06-10 12:52:36+00:00,7480.0,16.3,15.2,15.6,-5.1800003,-24.115458,24.0,196,0.15481649635314945,False,REGULAR,USD,2026-06-15,7352.52978515625,0.03634999752044678,call,1.017336919205835,0.0136986301369863,15.399999999999999
SPXW260615C07485000,2026-06-10 12:30:07+00:00,7485.0,0.06,14.1,14.5,-19.94,-99.7,10.0,360,0.1541145990753174,False,REGULAR,USD,2026-06-15,7352.52978515625,0.03634999752044678,call,1.0180169572534326,0.0136986301369863,14.3
SPXW260615C07490000,2026-06-10 11:43:32+00:00,7490.0,10.62,13.0,13.4,-9.38,-46.9,7.0,222,0.15319145156860353,False,REGULAR,USD,2026-06-15,7352.52978515625,0.03634999752044678,call,1.01869699530103,0.0136986301369863,13.2
SPXW260615C07495000,2026-06-10 09:01:24+00:00,7495.0,9.9,11.9,12.3,-7.700001,-43.750004,1.0,167,0.15200890724182128,False,REGULAR,USD,2026-06-15,7352.52978515625,0.03634999752044678,call,1.0193770333486276,0.0136986301369863,12.100000000000001
SPXW260615C07500000,2026-06-10 13:09:40+00:00,7500.0,11.5,11.0,11.4,-4.3999996,-27.672955,603.0,2589,0.15144433769226076,False,REGULAR,USD,2026-06-15,7352.52978515625,0.03634999752044678,call,1.020057071396225,0.0136986301369863,11.2
SPXW260615C07505000,2026-06-10 11:43:32+00:00,7505.0,8.47,10.1,10.5,-6.9799995,-45.17799,478.0,277,0.1506585179138184,False,REGULAR,USD,2026-06-15,7352.52978515625,0.03634999752044678,call,1.0207371094438225,0.0136986301369863,10.3
SPXW260615C07510000,2026-06-10 10:33:47+00:00,7510.0,8.2,9.4,9.7,-6.26,-43.29184,11.0,309,0.15009394836425782,False,REGULAR,USD,2026-06-15,7352.52978515625,0.03634999752044678,call,1.02141714749142,0.0136986301369863,9.55
SPXW260615C07515000,2026-06-10 12:29:38+00:00,7515.0,9.0,8.7,9.0,-4.25,-32.07547,45.0,347,0.14981166358947753,False,REGULAR,USD,2026-06-15,7352.52978515625,0.03634999752044678,call,1.0220971855390175,0.0136986301369863,8.85
SPXW260615C07520000,2026-06-10 04:35:04+00:00,7520.0,8.5,7.9,8.2,-3.5,-29.166666,7.0,294,0.14878170562744142,False,REGULAR,USD,2026-06-15,7352.52978515625,0.03634999752044678,call,1.022777223586615,0.0136986301369863,8.05
SPXW260615C07525000,2026-06-10 12:33:16+00:00,7525.0,8.5,7.3,7.5,-2.5600004,-23.146475,32.0,1443,0.14802640312194829,False,REGULAR,USD,2026-06-15,7352.52978515625,0.03634999752044678,call,1.0234572616342124,0.0136986301369863,7.4
SPXW260615C07530000,2026-06-10 10:58:28+00:00,7530.0,6.1,6.7,7.0,-3.7800002,-38.259113,3.0,369,0.14817136016845706,False,REGULAR,USD,2026-06-15,7352.52978515625,0.03634999752044678,call,1.0241372996818099,0.0136986301369863,6.85
SPXW260615C07535000,2026-06-10 09:26:05+00:00,7535.0,5.0,6.1,6.4,-4.05,-44.751385,6.0,208,0.14753049743652347,False,REGULAR,USD,2026-06-15,7352.52978515625,0.03634999752044678,call,1.0248173377294074,0.0136986301369863,6.25
SPXW260615C07540000,2026-06-10 12:29:18+00:00,7540.0,5.84,5.5,5.8,-2.67,-31.374853,30.0,349,0.14663786720275876,False,REGULAR,USD,2026-06-15,7352.52978515625,0.03634999752044678,call,1.025497375777005,0.0136986301369863,5.65
SPXW260615C07545000,2026-06-10 12:54:45+00:00,7545.0,5.9,5.1,5.4,-0.48000002,-7.523511,7.0,279,0.1468133415222168,False,REGULAR,USD,2026-06-15,7352.52978515625,0.03634999752044678,call,1.0261774138246025,0.0136986301369863,5.25
SPXW260615C07550000,2026-06-10 12:54:02+00:00,7550.0,5.1,4.6,4.9,-2.1,-29.166666,17.0,2891,0.14609618560791016,False,REGULAR,USD,2026-06-15,7352.52978515625,0.03634999752044678,call,1.0268574518721998,0.0136986301369863,4.75
SPXW260615C07555000,2026-06-10 12:28:50+00:00,7555.0,4.5,4.3,4.5,-1.8000002,-28.57143,22.0,325,0.1458825646972656,False,REGULAR,USD,2026-06-15,7352.52978515625,0.03634999752044678,call,1.0275374899197973,0.0136986301369863,4.4
SPXW260615C07560000,2026-06-10 04:28:46+00:00,7560.0,4.13,3.8,4.0,-1.77,-30.0,1.0,700,0.14461609786987306,False,REGULAR,USD,2026-06-15,7352.52978515625,0.03634999752044678,call,1.0282175279673949,0.0136986301369863,3.9
SPXW260615C07565000,2026-06-10 02:17:09+00:00,7565.0,4.15,3.4,3.7,-1.25,-23.148148,10.0,226,0.1447381669616699,False,REGULAR,USD,2026-06-15,7352.52978515625,0.03634999752044678,call,1.0288975660149924,0.0136986301369863,3.55
SPXW260615C07570000,2026-06-10 12:30:12+00:00,7570.0,4.27,3.1,3.4,-0.9299998,-17.884613,56.0,1081,0.14466187377929687,False,REGULAR,USD,2026-06-15,7352.52978515625,0.03634999752044678,call,1.0295776040625897,0.0136986301369863,3.25
SPXW260615C07575000,2026-06-10 12:41:02+00:00,7575.0,3.2,2.85,3.0,-1.2099998,-27.437637,30.0,1103,0.1434259242248535,False,REGULAR,USD,2026-06-15,7352.52978515625,0.03634999752044678,call,1.0302576421101872,0.0136986301369863,2.925
SPXW260615C07580000,2026-06-10 11:25:21+00:00,7580.0,2.2,2.6,2.7,-1.6499999,-42.85714,9.0,1335,0.14286135467529298,False,REGULAR,USD,2026-06-15,7352.52978515625,0.03634999752044678,call,1.0309376801577848,0.0136986301369863,2.6500000000000004
SPXW260615C07585000,2026-06-10 12:28:55+00:00,7585.0,2.7,2.35,2.5,-0.8499999,-23.94366,22.0,270,0.14313601013183597,False,REGULAR,USD,2026-06-15,7352.52978515625,0.03634999752044678,call,1.0316177182053823,0.0136986301369863,2.425
SPXW260615C07590000,2026-06-10 12:28:41+00:00,7590.0,2.35,2.15,2.25,-0.75,-24.193548,7.0,171,0.14266299240112307,False,REGULAR,USD,2026-06-15,7352.52978515625,0.03634999752044678,call,1.0322977562529798,0.0136986301369863,2.2
SPXW260615C07595000,2026-06-10 11:52:53+00:00,7595.0,1.9,1.95,2.1,-1.0000001,-34.48276,11.0,307,0.1431970446777344,False,REGULAR,USD,2026-06-15,7352.52978515625,0.03634999752044678,call,1.0329777943005771,0.0136986301369863,2.025
SPXW260615C07600000,2026-06-10 13:06:04+00:00,7600.0,1.75,1.75,1.85,-0.77,-30.555555,392.0,3706,0.14225100921630857,False,REGULAR,USD,2026-06-15,7352.52978515625,0.03634999752044678,call,1.0336578323481747,0.0136986301369863,1.8
SPXW260615C07605000,2026-06-10 13:04:25+00:00,7605.0,1.55,1.55,1.65,-0.60000014,-27.906982,5.0,2457,0.14167118103027343,False,REGULAR,USD,2026-06-15,7352.52978515625,0.03634999752044678,call,1.0343378703957722,0.0136986301369863,1.6
SPXW260615C07610000,2026-06-10 11:49:35+00:00,7610.0,1.29,1.4,1.5,-0.61,-32.105263,13.0,313,0.1416406637573242,False,REGULAR,USD,2026-06-15,7352.52978515625,0.03634999752044678,call,1.0350179084433697,0.0136986301369863,1.45
SPXW260615C07615000,2026-06-10 09:18:09+00:00,7615.0,0.95,1.25,1.35,-0.45,-32.142857,4.0,279,0.14136600830078128,False,REGULAR,USD,2026-06-15,7352.52978515625,0.03634999752044678,call,1.0356979464909672,0.0136986301369863,1.3
SPXW260615C07620000,2026-06-10 12:35:31+00:00,7620.0,1.5,1.15,1.25,-0.059999943,-3.8461504,10.0,422,0.1417932501220703,False,REGULAR,USD,2026-06-15,7352.52978515625,0.03634999752044678,call,1.0363779845385646,0.0136986301369863,1.2
SPXW260615C07625000,2026-06-09 20:04:51+00:00,7625.0,1.37,1.0,1.1,0.0,0.0,360.0,705,0.1410913528442383,False,REGULAR,USD,2026-06-15,7352.52978515625,0.03634999752044678,call,1.037058022586162,0.0136986301369863,1.05
SPXW260615C07630000,2026-06-10 11:49:16+00:00,7630.0,0.87,0.9,1.05,-0.26,-23.00885,2.0,443,0.14218997467041017,False,REGULAR,USD,2026-06-15,7352.52978515625,0.03634999752044678,call,1.0377380606337596,0.0136986301369863,0.9750000000000001
SPXW260615C07635000,2026-06-10 08:22:44+00:00,7635.0,0.8,0.8,0.95,-0.14999998,-15.789472,3.0,311,0.14215945739746094,False,REGULAR,USD,2026-06-15,7352.52978515625,0.03634999752044678,call,1.0384180986813571,0.0136986301369863,0.875
SPXW260615C07640000,2026-06-10 12:56:08+00:00,7640.0,0.8,0.7,0.85,0.15000004,23.07693,3.0,409,0.14188480194091796,False,REGULAR,USD,2026-06-15,7352.52978515625,0.03634999752044678,call,1.0390981367289545,0.0136986301369863,0.7749999999999999
SPXW260615C07645000,2026-06-10 09:26:01+00:00,7645.0,0.55,0.65,0.75,0.0,0.0,1.0,354,0.14136600830078128,False,REGULAR,USD,2026-06-15,7352.52978515625,0.03634999752044678,call,1.039778174776552,0.0136986301369863,0.7
SPXW260615C07650000,2026-06-10 13:02:39+00:00,7650.0,0.65,0.6,0.7,0.099999964,18.18181,65.0,1238,0.14203738830566404,False,REGULAR,USD,2026-06-15,7352.52978515625,0.03634999752044678,call,1.0404582128241495,0.0136986301369863,0.6499999999999999
SPXW260615C07655000,2026-06-10 12:46:56+00:00,7655.0,0.65,0.5,0.65,0.14999998,29.999996,1.0,303,0.14252566467285155,False,REGULAR,USD,2026-06-15,7352.52978515625,0.03634999752044678,call,1.041138250871747,0.0136986301369863,0.575
SPXW260615C07660000,2026-06-10 10:45:22+00:00,7660.0,0.49,0.45,0.6,0.09,22.5,3.0,573,0.14295290649414064,False,REGULAR,USD,2026-06-15,7352.52978515625,0.03634999752044678,call,1.0418182889193446,0.0136986301369863,0.525
SPXW260615C07665000,2026-06-09 20:03:04+00:00,7665.0,0.35,0.4,0.55,0.0,0.0,31.0,272,0.14325807922363282,False,REGULAR,USD,2026-06-15,7352.52978515625,0.03634999752044678,call,1.042498326966942,0.0136986301369863,0.47500000000000003
SPXW260615C07670000,2026-06-10 09:13:00+00:00,7670.0,0.3,0.35,0.5,0.0,0.0,2.0,282,0.14344118286132812,False,REGULAR,USD,2026-06-15,7352.52978515625,0.03634999752044678,call,1.0431783650145394,0.0136986301369863,0.425
SPXW260615C07675000,2026-06-10 09:01:34+00:00,7675.0,0.3,0.35,0.45,0.050000012,20.000004,2.0,820,0.1433801483154297,False,REGULAR,USD,2026-06-15,7352.52978515625,0.03634999752044678,call,1.043858403062137,0.0136986301369863,0.4
SPXW260615C07680000,2026-06-09 20:14:51+00:00,7680.0,0.34,0.3,0.4,0.0,0.0,196.0,365,0.1431970446777344,False,REGULAR,USD,2026-06-15,7352.52978515625,0.03634999752044678,call,1.0445384411097345,0.0136986301369863,0.35
SPXW260615C07685000,2026-06-09 20:00:37+00:00,7685.0,0.2,0.25,0.4,0.0,0.0,162.0,323,0.1450280810546875,False,REGULAR,USD,2026-06-15,7352.52978515625,0.03634999752044678,call,1.045218479157332,0.0136986301369863,0.325
SPXW260615C07690000,2026-06-10 07:53:14+00:00,7690.0,0.3,0.25,0.35,0.10000001,50.000004,1.0,315,0.1445398046875,False,REGULAR,USD,2026-06-15,7352.52978515625,0.03634999752044678,call,1.0458985172049293,0.0136986301369863,0.3
SPXW260615C07695000,2026-06-10 01:39:07+00:00,7695.0,0.4,0.2,0.35,0.2,100.0,1.0,312,0.1463708410644531,False,REGULAR,USD,2026-06-15,7352.52978515625,0.03634999752044678,call,1.0465785552525269,0.0136986301369863,0.275
SPXW260615C07700000,2026-06-10 11:55:28+00:00,7700.0,0.25,0.2,0.3,0.099999994,66.66666,6.0,804,0.145516357421875,False,REGULAR,USD,2026-06-15,7352.52978515625,0.03634999752044678,call,1.0472585933001244,0.0136986301369863,0.25
SPXW260615C07705000,2026-06-10 00:20:45+00:00,7705.0,0.25,0.15,0.3,0.099999994,66.66666,1.0,343,0.14734739379882814,False,REGULAR,USD,2026-06-15,7352.52978515625,0.03634999752044678,call,1.047938631347722,0.0136986301369863,0.22499999999999998
SPXW260615C07710000,2026-06-10 04:15:40+00:00,7710.0,0.2,0.15,0.3,0.049999997,33.33333,9.0,244,0.14917843017578125,False,REGULAR,USD,2026-06-15,7352.52978515625,0.03634999752044678,call,1.0486186693953192,0.0136986301369863,0.22499999999999998
SPXW260615C07715000,2026-06-09 19:02:00+00:00,7715.0,0.1,0.15,0.25,0.0,0.0,218.0,208,0.14783567016601565,False,REGULAR,USD,2026-06-15,7352.52978515625,0.03634999752044678,call,1.0492987074429168,0.0136986301369863,0.2
SPXW260615C07720000,2026-06-10 05:08:17+00:00,7720.0,0.25,0.15,0.25,0.11,78.57143,1.0,506,0.14966670654296876,False,REGULAR,USD,2026-06-15,7352.52978515625,0.03634999752044678,call,1.0499787454905143,0.0136986301369863,0.2
SPXW260615C07725000,2026-06-09 20:00:37+00:00,7725.0,0.1,0.1,0.25,0.0,0.0,95.0,389,0.15137567382812503,False,REGULAR,USD,2026-06-15,7352.52978515625,0.03634999752044678,call,1.0506587835381118,0.0136986301369863,0.175
SPXW260615C07730000,2026-06-09 20:00:37+00:00,7730.0,0.1,0.1,0.25,0.0,0.0,133.0,288,0.1530846411132813,False,REGULAR,USD,2026-06-15,7352.52978515625,0.03634999752044678,call,1.0513388215857093,0.0136986301369863,0.175
SPXW260615C07735000,2026-06-09 20:08:45+00:00,7735.0,0.15,0.1,0.2,0.0,0.0,68.0,156,0.1511315356445313,False,REGULAR,USD,2026-06-15,7352.52978515625,0.03634999752044678,call,1.0520188596333067,0.0136986301369863,0.15000000000000002
SPXW260615C07740000,2026-06-09 20:01:28+00:00,7740.0,0.1,0.1,0.2,0.0,0.0,94.0,336,0.15284050292968754,False,REGULAR,USD,2026-06-15,7352.52978515625,0.03634999752044678,call,1.0526988976809042,0.0136986301369863,0.15000000000000002
SPXW260615C07745000,2026-06-09 19:12:19+00:00,7745.0,0.1,0.1,0.2,0.0,0.0,81.0,262,0.15454947021484378,False,REGULAR,USD,2026-06-15,7352.52978515625,0.03634999752044678,call,1.0533789357285017,0.0136986301369863,0.15000000000000002
SPXW260615C07750000,2026-06-09 20:00:25+00:00,7750.0,0.1,0.1,0.2,0.0,0.0,258.0,594,0.1562584375,False,REGULAR,USD,2026-06-15,7352.52978515625,0.03634999752044678,call,1.0540589737760993,0.0136986301369863,0.15000000000000002
SPXW260615C07755000,2026-06-09 19:58:03+00:00,7755.0,0.1,0.05,0.15,0.0,0.0,24.0,265,0.15332877929687502,False,REGULAR,USD,2026-06-15,7352.52978515625,0.03634999752044678,call,1.0547390118236968,0.0136986301369863,0.1
SPXW260615C07760000,2026-06-09 20:04:32+00:00,7760.0,0.1,0.05,0.15,0.0,0.0,42.0,539,0.1550377465820313,False,REGULAR,USD,2026-06-15,7352.52978515625,0.03634999752044678,call,1.055419049871294,0.0136986301369863,0.1
SPXW260615C07770000,2026-06-09 20:01:55+00:00,7770.0,0.1,0.05,0.15,0.0,0.0,434.0,272,0.15833361206054689,False,REGULAR,USD,2026-06-15,7352.52978515625,0.03634999752044678,call,1.0567791259664892,0.0136986301369863,0.1
SPXW260615C07775000,2026-06-09 20:02:28+00:00,7775.0,0.1,0.05,0.15,0.0,0.0,64.0,247,0.15992051025390625,False,REGULAR,USD,2026-06-15,7352.52978515625,0.03634999752044678,call,1.0574591640140867,0.0136986301369863,0.1
SPXW260615C07780000,2026-06-09 20:02:34+00:00,7780.0,0.1,0.05,0.15,0.0,0.0,38.0,117,0.16162947753906248,False,REGULAR,USD,2026-06-15,7352.52978515625,0.03634999752044678,call,1.058139202061684,0.0136986301369863,0.1
SPXW260615C07790000,2026-06-10 09:26:38+00:00,7790.0,0.1,0.05,0.15,0.05,100.0,40.0,207,0.16492534301757814,False,REGULAR,USD,2026-06-15,7352.52978515625,0.03634999752044678,call,1.059499278156879,0.0136986301369863,0.1
SPXW260615C07800000,2026-06-10 06:44:28+00:00,7800.0,0.1,0.05,0.15,0.0,0.0,5.0,555,0.1682212084960938,False,REGULAR,USD,2026-06-15,7352.52978515625,0.03634999752044678,call,1.0608593542520741,0.0136986301369863,0.1
SPXW260615C07810000,2026-06-09 20:01:35+00:00,7810.0,0.05,0.05,0.15,0.0,0.0,27.0,50,0.1713950048828125,False,REGULAR,USD,2026-06-15,7352.52978515625,0.03634999752044678,call,1.062219430347269,0.0136986301369863,0.1
SPXW260615C07820000,2026-06-08 20:03:20+00:00,7820.0,0.1,0.05,0.15,0.0,0.0,10.0,33,0.174812939453125,False,REGULAR,USD,2026-06-15,7352.52978515625,0.03634999752044678,call,1.063579506442464,0.0136986301369863,0.1
SPXW260615C07825000,2026-06-09 19:53:30+00:00,7825.0,0.1,0.05,0.15,0.0,0.0,4.0,411,0.17627776855468752,False,REGULAR,USD,2026-06-15,7352.52978515625,0.03634999752044678,call,1.0642595444900615,0.0136986301369863,0.1
SPXW260615C07830000,2026-06-08 20:03:37+00:00,7830.0,0.1,0.05,0.1,0.0,0.0,9.0,29,0.17115086669921875,False,REGULAR,USD,2026-06-15,7352.52978515625,0.03634999752044678,call,1.0649395825376589,0.0136986301369863,0.07500000000000001
SPXW260615C07840000,2026-06-09 03:58:42+00:00,7840.0,0.15,0.05,0.1,0.0,0.0,3.0,29,0.17432466308593753,False,REGULAR,USD,2026-06-15,7352.52978515625,0.03634999752044678,call,1.066299658632854,0.0136986301369863,0.07500000000000001
SPXW260615C07850000,2026-06-09 14:13:21+00:00,7850.0,0.15,0.05,0.1,0.0,0.0,4.0,357,0.17749845947265624,False,REGULAR,USD,2026-06-15,7352.52978515625,0.03634999752044678,call,1.0676597347280488,0.0136986301369863,0.07500000000000001
SPXW260615C07875000,2026-06-09 17:10:12+00:00,7875.0,0.1,0.05,0.1,0.0,0.0,13.0,615,0.18531088134765622,False,REGULAR,USD,2026-06-15,7352.52978515625,0.03634999752044678,call,1.0710599249660362,0.0136986301369863,0.07500000000000001
SPXW260615C07900000,2026-06-10 10:45:28+00:00,7900.0,0.1,0.05,0.1,0.0,0.0,1.0,1230,0.1928791650390625,False,REGULAR,USD,2026-06-15,7352.52978515625,0.03634999752044678,call,1.0744601152040236,0.0136986301369863,0.07500000000000001
SPXW260616C03400000,2026-05-29 19:38:31+00:00,3400.0,4192.3,3934.4,3953.6,0.0,0.0,1.0,1,2.0935106256103513,True,REGULAR,USD,2026-06-16,7352.52978515625,0.03634999752044678,call,0.4624258723662887,0.01643835616438356,3944.0
SPXW260616C06300000,2026-06-03 19:29:19+00:00,6300.0,1270.97,1038.9,1058.0,0.0,0.0,,1,0.5871012969970704,True,REGULAR,USD,2026-06-16,7352.52978515625,0.03634999752044678,call,0.856847939972829,0.01643835616438356,1048.45
SPXW260616C06475000,2026-06-03 19:29:19+00:00,6475.0,1096.27,864.3,883.4,0.0,0.0,,1,0.5038501763916017,True,REGULAR,USD,2026-06-16,7352.52978515625,0.03634999752044678,call,0.880649271638741,0.01643835616438356,873.8499999999999
SPXW260616C06900000,2026-06-04 13:34:24+00:00,6900.0,653.16,445.3,464.3,0.0,0.0,,1,0.3311681874084473,True,REGULAR,USD,2026-06-16,7352.52978515625,0.03634999752044678,call,0.938452505684527,0.01643835616438356,454.8
SPXW260616C06925000,2026-06-04 13:34:24+00:00,6925.0,628.44,421.2,439.6,0.0,0.0,,1,0.31868662277221677,True,REGULAR,USD,2026-06-16,7352.52978515625,0.03634999752044678,call,0.9418526959225144,0.01643835616438356,430.4
SPXW260616C06990000,2026-06-08 14:41:22+00:00,6990.0,462.5,359.4,378.0,0.0,0.0,1.0,1,0.29960569786071767,True,REGULAR,USD,2026-06-16,7352.52978515625,0.03634999752044678,call,0.9506931905412818,0.01643835616438356,368.7
SPXW260616C07000000,2026-06-08 16:57:07+00:00,7000.0,446.48,349.6,368.2,0.0,0.0,2.0,17,0.2945016839599609,True,REGULAR,USD,2026-06-16,7352.52978515625,0.03634999752044678,call,0.9520532666364767,0.01643835616438356,358.9
SPXW260616C07025000,2026-05-14 19:48:12+00:00,7025.0,524.8,326.3,345.2,0.0,0.0,,4,0.2888636177825926,True,REGULAR,USD,2026-06-16,7352.52978515625,0.03634999752044678,call,0.9554534568744641,0.01643835616438356,335.75
SPXW260616C07050000,2026-06-09 13:45:59+00:00,7050.0,424.83,303.4,322.2,0.0,0.0,1.0,11,0.282035377960205,True,REGULAR,USD,2026-06-16,7352.52978515625,0.03634999752044678,call,0.9588536471124516,0.01643835616438356,312.79999999999995
SPXW260616C07060000,2026-06-09 18:12:14+00:00,7060.0,302.1,293.4,312.5,0.0,0.0,1.0,3,0.2768169242858886,True,REGULAR,USD,2026-06-16,7352.52978515625,0.03634999752044678,call,0.9602137232076465,0.01643835616438356,302.95
SPXW260616C07080000,2026-06-08 13:40:38+00:00,7080.0,368.04,276.7,294.4,0.0,0.0,1.0,1,0.2715984706115722,True,REGULAR,USD,2026-06-16,7352.52978515625,0.03634999752044678,call,0.9629338753980364,0.01643835616438356,285.54999999999995
SPXW260616C07100000,2026-06-09 16:10:40+00:00,7100.0,225.44,258.7,276.5,0.0,0.0,1.0,5,0.2663723876190186,True,REGULAR,USD,2026-06-16,7352.52978515625,0.03634999752044678,call,0.9656540275884263,0.01643835616438356,267.6
SPXW260616C07110000,2026-06-08 13:40:38+00:00,7110.0,339.87,250.7,267.3,0.0,0.0,1.0,2,0.26249669395446773,True,REGULAR,USD,2026-06-16,7352.52978515625,0.03634999752044678,call,0.9670141036836213,0.01643835616438356,259.0
SPXW260616C07120000,2026-06-09 13:45:59+00:00,7120.0,355.99,240.4,258.3,0.0,0.0,1.0,11,0.25920464313507086,True,REGULAR,USD,2026-06-16,7352.52978515625,0.03634999752044678,call,0.9683741797788163,0.01643835616438356,249.35000000000002
SPXW260616C07125000,2026-06-09 16:46:26+00:00,7125.0,186.49,236.5,254.0,0.0,0.0,1.0,2,0.25822427574157714,True,REGULAR,USD,2026-06-16,7352.52978515625,0.03634999752044678,call,0.9690542178264138,0.01643835616438356,245.25
SPXW260616C07130000,2026-06-09 16:42:00+00:00,7130.0,172.6,229.7,249.4,0.0,0.0,5.0,5,0.25608806663513184,True,REGULAR,USD,2026-06-16,7352.52978515625,0.03634999752044678,call,0.9697342558740113,0.01643835616438356,239.55
SPXW260616C07140000,2026-05-26 19:57:30+00:00,7140.0,411.31,223.4,241.0,0.0,0.0,,1,0.25453168571472173,True,REGULAR,USD,2026-06-16,7352.52978515625,0.03634999752044678,call,0.9710943319692062,0.01643835616438356,232.2
SPXW260616C07150000,2026-06-09 20:00:31+00:00,7150.0,255.0,216.1,230.9,0.0,0.0,32.0,33,0.24681081565856935,True,REGULAR,USD,2026-06-16,7352.52978515625,0.03634999752044678,call,0.9724544080644012,0.01643835616438356,223.5
SPXW260616C07160000,2026-06-09 13:47:55+00:00,7160.0,323.7,209.7,222.2,0.0,0.0,1.0,2,0.24382012290954588,True,REGULAR,USD,2026-06-16,7352.52978515625,0.03634999752044678,call,0.9738144841595961,0.01643835616438356,215.95
SPXW260616C07165000,2026-06-08 16:09:48+00:00,7165.0,289.22,204.0,216.5,0.0,0.0,3.0,3,0.2376861510467529,True,REGULAR,USD,2026-06-16,7352.52978515625,0.03634999752044678,call,0.9744945222071937,0.01643835616438356,210.25
SPXW260616C07170000,2026-06-08 14:46:47+00:00,7170.0,297.85,200.2,213.3,0.0,0.0,1.0,1,0.23992917060852045,True,REGULAR,USD,2026-06-16,7352.52978515625,0.03634999752044678,call,0.9751745602547911,0.01643835616438356,206.75
SPXW260616C07175000,2026-05-14 17:23:42+00:00,7175.0,376.5,197.2,208.1,0.0,0.0,,2,0.23544313148498533,True,REGULAR,USD,2026-06-16,7352.52978515625,0.03634999752044678,call,0.9758545983023886,0.01643835616438356,202.64999999999998
SPXW260616C07180000,2026-06-09 13:50:05+00:00,7180.0,310.23,193.5,204.5,0.0,0.0,1.0,4,0.23616028739929198,True,REGULAR,USD,2026-06-16,7352.52978515625,0.03634999752044678,call,0.976534636349986,0.01643835616438356,199.0
SPXW260616C07190000,2026-06-09 17:33:45+00:00,7190.0,175.18,184.7,196.4,0.0,0.0,6.0,9,0.23438265625,True,REGULAR,USD,2026-06-16,7352.52978515625,0.03634999752044678,call,0.9778947124451811,0.01643835616438356,190.55
SPXW260616C07200000,2026-06-09 17:38:16+00:00,7200.0,175.15,180.1,182.8,0.0,0.0,6.0,12,0.21511099838256836,True,REGULAR,USD,2026-06-16,7352.52978515625,0.03634999752044678,call,0.9792547885403761,0.01643835616438356,181.45
SPXW260616C07210000,2026-06-09 16:39:51+00:00,7210.0,117.57,171.4,174.5,0.0,0.0,5.0,5,0.21251703018188478,True,REGULAR,USD,2026-06-16,7352.52978515625,0.03634999752044678,call,0.980614864635571,0.01643835616438356,172.95
SPXW260616C07220000,2026-06-10 11:15:37+00:00,7220.0,148.9,164.0,166.7,-16.630005,-10.04652,20.0,7,0.21112467960357661,True,REGULAR,USD,2026-06-16,7352.52978515625,0.03634999752044678,call,0.981974940730766,0.01643835616438356,165.35
SPXW260616C07225000,2026-06-09 17:35:05+00:00,7225.0,149.13,159.9,162.6,0.0,0.0,8.0,13,0.2096865531158447,True,REGULAR,USD,2026-06-16,7352.52978515625,0.03634999752044678,call,0.9826549787783635,0.01643835616438356,161.25
SPXW260616C07230000,2026-06-09 15:05:15+00:00,7230.0,181.95,156.3,158.8,0.0,0.0,2.0,1,0.2090533197021484,True,REGULAR,USD,2026-06-16,7352.52978515625,0.03634999752044678,call,0.9833350168259609,0.01643835616438356,157.55
SPXW260616C07240000,2026-06-10 11:31:05+00:00,7240.0,129.3,148.5,151.4,22.960007,21.591131,4.0,20,0.20805387901306147,True,REGULAR,USD,2026-06-16,7352.52978515625,0.03634999752044678,call,0.9846950929211559,0.01643835616438356,149.95
SPXW260616C07250000,2026-06-10 11:15:37+00:00,7250.0,126.87,142.2,142.8,-22.93,-15.3070755,22.0,67,0.2032817404556274,True,REGULAR,USD,2026-06-16,7352.52978515625,0.03634999752044678,call,0.9860551690163508,0.01643835616438356,142.5
SPXW260616C07260000,2026-06-09 19:59:13+00:00,7260.0,162.14,134.8,135.3,0.0,0.0,50.0,32,0.2012599711227417,True,REGULAR,USD,2026-06-16,7352.52978515625,0.03634999752044678,call,0.9874152451115459,0.01643835616438356,135.05
SPXW260616C07265000,2026-06-10 11:35:50+00:00,7265.0,112.1,130.9,131.5,-46.730003,-29.421396,66.0,1,0.19996680168151856,True,REGULAR,USD,2026-06-16,7352.52978515625,0.03634999752044678,call,0.9880952831591433,0.01643835616438356,131.2
SPXW260616C07270000,2026-06-10 11:30:24+00:00,7270.0,110.0,127.3,127.9,11.099998,11.223456,120.0,11,0.19911231803894042,True,REGULAR,USD,2026-06-16,7352.52978515625,0.03634999752044678,call,0.9887753212067408,0.01643835616438356,127.6
SPXW260616C07275000,2026-06-10 11:30:24+00:00,7275.0,106.7,123.6,124.2,-37.190002,-25.846134,62.0,16,0.19788399780273438,True,REGULAR,USD,2026-06-16,7352.52978515625,0.03634999752044678,call,0.9894553592543383,0.01643835616438356,123.9
SPXW260616C07280000,2026-06-09 20:03:41+00:00,7280.0,143.3,119.6,120.2,0.0,0.0,76.0,70,0.1957668619918823,True,REGULAR,USD,2026-06-16,7352.52978515625,0.03634999752044678,call,0.9901353973019358,0.01643835616438356,119.9
SPXW260616C07290000,2026-06-10 11:26:44+00:00,7290.0,94.2,112.9,113.5,-10.889999,-10.362547,6.0,69,0.19464916687011719,True,REGULAR,USD,2026-06-16,7352.52978515625,0.03634999752044678,call,0.9914954733971307,0.01643835616438356,113.2
SPXW260616C07300000,2026-06-09 19:53:06+00:00,7300.0,121.25,105.9,106.5,0.0,0.0,57.0,89,0.19229933685302736,True,REGULAR,USD,2026-06-16,7352.52978515625,0.03634999752044678,call,0.9928555494923257,0.01643835616438356,106.2
SPXW260616C07310000,2026-06-10 08:49:33+00:00,7310.0,90.4,99.3,99.9,0.040000916,0.04426839,6.0,33,0.19052170570373536,True,REGULAR,USD,2026-06-16,7352.52978515625,0.03634999752044678,call,0.9942156255875206,0.01643835616438356,99.6
SPXW260616C07315000,2026-06-09 17:04:55+00:00,7315.0,75.0,96.0,96.6,0.0,0.0,26.0,24,0.18946123046875002,True,REGULAR,USD,2026-06-16,7352.52978515625,0.03634999752044678,call,0.9948956636351182,0.01643835616438356,96.3
SPXW260616C07320000,2026-06-10 12:33:25+00:00,7320.0,97.9,92.9,93.5,4.510002,4.829213,5.0,19,0.1887822211456299,True,REGULAR,USD,2026-06-16,7352.52978515625,0.03634999752044678,call,0.9955757016827156,0.01643835616438356,93.2
SPXW260616C07325000,2026-06-10 12:38:16+00:00,7325.0,92.1,89.4,90.0,-3.380005,-3.5400133,4.0,349,0.18698170204162598,True,REGULAR,USD,2026-06-16,7352.52978515625,0.03634999752044678,call,0.9962557397303131,0.01643835616438356,89.7
SPXW260616C07330000,2026-06-10 12:38:19+00:00,7330.0,89.9,86.3,86.9,-11.089996,-10.981282,5.0,39,0.18606236919403074,True,REGULAR,USD,2026-06-16,7352.52978515625,0.03634999752044678,call,0.9969357777779106,0.01643835616438356,86.6
SPXW260616C07335000,2026-06-09 18:56:56+00:00,7335.0,100.27,83.5,84.1,0.0,0.0,41.0,27,0.1857610111236572,True,REGULAR,USD,2026-06-16,7352.52978515625,0.03634999752044678,call,0.9976158158255081,0.01643835616438356,83.8
SPXW260616C07340000,2026-06-10 12:21:06+00:00,7340.0,73.0,80.4,81.0,-6.8600006,-8.590034,2.0,100,0.18459372543334956,True,REGULAR,USD,2026-06-16,7352.52978515625,0.03634999752044678,call,0.9982958538731056,0.01643835616438356,80.7
SPXW260616C07350000,2026-06-10 11:41:52+00:00,7350.0,60.99,74.1,74.6,-34.099995,-35.86076,101.0,380,0.18137796779632565,True,REGULAR,USD,2026-06-16,7352.52978515625,0.03634999752044678,call,0.9996559299683005,0.01643835616438356,74.35
SPXW260616C07355000,2026-06-09 19:47:02+00:00,7355.0,72.6,71.4,71.9,0.0,0.0,59.0,30,0.18080576892852784,False,REGULAR,USD,2026-06-16,7352.52978515625,0.03634999752044678,call,1.000335968015898,0.01643835616438356,71.65
SPXW260616C07360000,2026-06-09 20:03:33+00:00,7360.0,86.8,68.9,69.5,0.0,0.0,82.0,50,0.1808401008605957,False,REGULAR,USD,2026-06-16,7352.52978515625,0.03634999752044678,call,1.0010160060634954,0.01643835616438356,69.2
SPXW260616C07365000,2026-06-10 06:53:17+00:00,7365.0,72.88,65.7,66.3,6.3799973,9.593982,1.0,37,0.17877255561828612,False,REGULAR,USD,2026-06-16,7352.52978515625,0.03634999752044678,call,1.001696044111093,0.01643835616438356,66.0
SPXW260616C07370000,2026-06-10 10:17:09+00:00,7370.0,53.8,63.2,63.8,-22.560001,-29.544268,30.0,53,0.17828809391021733,False,REGULAR,USD,2026-06-16,7352.52978515625,0.03634999752044678,call,1.0023760821586905,0.01643835616438356,63.5
SPXW260616C07375000,2026-06-10 11:45:39+00:00,7375.0,48.52,60.6,61.2,-16.48,-25.353846,3.0,83,0.17741835163116454,False,REGULAR,USD,2026-06-16,7352.52978515625,0.03634999752044678,call,1.003056120206288,0.01643835616438356,60.900000000000006
SPXW260616C07380000,2026-06-09 19:59:09+00:00,7380.0,77.21,57.7,58.2,0.0,0.0,59.0,115,0.17541565559387207,False,REGULAR,USD,2026-06-16,7352.52978515625,0.03634999752044678,call,1.0037361582538855,0.01643835616438356,57.95
SPXW260616C07385000,2026-06-10 12:54:47+00:00,7385.0,59.1,55.4,56.0,2.5,4.416961,9.0,122,0.17525543991088866,False,REGULAR,USD,2026-06-16,7352.52978515625,0.03634999752044678,call,1.0044161963014828,0.01643835616438356,55.7
SPXW260616C07390000,2026-06-09 19:47:05+00:00,7390.0,53.5,52.8,53.4,0.0,0.0,164.0,193,0.17395464115142822,False,REGULAR,USD,2026-06-16,7352.52978515625,0.03634999752044678,call,1.0050962343490804,0.01643835616438356,53.099999999999994
SPXW260616C07395000,2026-06-10 12:51:19+00:00,7395.0,52.9,50.2,50.7,-15.059998,-22.160091,2.0,32,0.172245673866272,False,REGULAR,USD,2026-06-16,7352.52978515625,0.03634999752044678,call,1.0057762723966779,0.01643835616438356,50.45
SPXW260616C07400000,2026-06-10 12:33:34+00:00,7400.0,51.0,48.1,48.7,-13.300003,-20.684296,37.0,332,0.172157936706543,False,REGULAR,USD,2026-06-16,7352.52978515625,0.03634999752044678,call,1.0064563104442754,0.01643835616438356,48.400000000000006
SPXW260616C07405000,2026-06-09 19:47:03+00:00,7405.0,46.9,45.8,46.4,0.0,0.0,58.0,42,0.17115849601745606,False,REGULAR,USD,2026-06-16,7352.52978515625,0.03634999752044678,call,1.007136348491873,0.01643835616438356,46.099999999999994
SPXW260616C07410000,2026-06-09 19:59:34+00:00,7410.0,59.26,43.7,44.2,0.0,0.0,133.0,160,0.17025823646545415,False,REGULAR,USD,2026-06-16,7352.52978515625,0.03634999752044678,call,1.0078163865394703,0.01643835616438356,43.95
SPXW260616C07415000,2026-06-10 10:16:10+00:00,7415.0,35.1,41.4,42.0,-7.4000015,-17.411768,3.0,51,0.16920539054870606,False,REGULAR,USD,2026-06-16,7352.52978515625,0.03634999752044678,call,1.0084964245870678,0.01643835616438356,41.7
SPXW260616C07420000,2026-06-10 11:52:07+00:00,7420.0,33.6,39.0,39.5,-17.730003,-34.54121,30.0,123,0.167187435874939,False,REGULAR,USD,2026-06-16,7352.52978515625,0.03634999752044678,call,1.0091764626346653,0.01643835616438356,39.25
SPXW260616C07425000,2026-06-10 11:52:07+00:00,7425.0,31.8,37.3,37.8,-17.7,-35.75758,48.0,166,0.16713021598815922,False,REGULAR,USD,2026-06-16,7352.52978515625,0.03634999752044678,call,1.0098565006822628,0.01643835616438356,37.55
SPXW260616C07430000,2026-06-10 12:52:44+00:00,7430.0,37.0,35.3,35.8,-1.9000015,-4.8843226,7.0,149,0.1661078873443604,False,REGULAR,USD,2026-06-16,7352.52978515625,0.03634999752044678,call,1.0105365387298602,0.01643835616438356,35.55
SPXW260616C07435000,2026-06-09 20:06:57+00:00,7435.0,45.46,33.4,33.9,0.0,0.0,88.0,41,0.16519236915588378,False,REGULAR,USD,2026-06-16,7352.52978515625,0.03634999752044678,call,1.0112165767774577,0.01643835616438356,33.65
SPXW260616C07440000,2026-06-10 13:13:41+00:00,7440.0,32.33,31.5,32.0,-7.4699974,-18.768839,56.0,204,0.16410137664794922,False,REGULAR,USD,2026-06-16,7352.52978515625,0.03634999752044678,call,1.0118966148250552,0.01643835616438356,31.75
SPXW260616C07445000,2026-06-10 12:52:11+00:00,7445.0,31.96,29.8,30.2,-2.0600014,-6.0552654,47.0,167,0.16311719459533694,False,REGULAR,USD,2026-06-16,7352.52978515625,0.03634999752044678,call,1.0125766528726527,0.01643835616438356,30.0
SPXW260616C07450000,2026-06-10 11:56:37+00:00,7450.0,23.51,28.0,28.5,-17.339998,-42.44798,25.0,722,0.16224363765716554,False,REGULAR,USD,2026-06-16,7352.52978515625,0.03634999752044678,call,1.0132566909202503,0.01643835616438356,28.25
SPXW260616C07455000,2026-06-10 11:52:07+00:00,7455.0,22.6,26.4,26.9,-13.9,-38.08219,10.0,86,0.1614845204925537,False,REGULAR,USD,2026-06-16,7352.52978515625,0.03634999752044678,call,1.0139367289678476,0.01643835616438356,26.65
SPXW260616C07460000,2026-06-10 12:52:11+00:00,7460.0,26.84,24.8,25.3,-8.099998,-23.182596,18.0,142,0.16054611434936522,False,REGULAR,USD,2026-06-16,7352.52978515625,0.03634999752044678,call,1.0146167670154451,0.01643835616438356,25.05
SPXW260616C07465000,2026-06-10 12:11:19+00:00,7465.0,20.3,23.3,23.7,-4.1000004,-16.80328,11.0,69,0.15942460456848143,False,REGULAR,USD,2026-06-16,7352.52978515625,0.03634999752044678,call,1.0152968050630427,0.01643835616438356,23.5
SPXW260616C07470000,2026-06-09 20:05:53+00:00,7470.0,32.9,21.7,22.1,0.0,0.0,117.0,85,0.15809710319519044,False,REGULAR,USD,2026-06-16,7352.52978515625,0.03634999752044678,call,1.0159768431106402,0.01643835616438356,21.9
SPXW260616C07475000,2026-06-10 11:56:37+00:00,7475.0,17.2,20.5,20.9,-11.449999,-39.96509,8.0,194,0.15785677967071532,False,REGULAR,USD,2026-06-16,7352.52978515625,0.03634999752044678,call,1.0166568811582377,0.01643835616438356,20.7
SPXW260616C07480000,2026-06-10 04:45:01+00:00,7480.0,19.9,19.0,19.4,-7.3999996,-27.106226,2.0,214,0.15644917045593262,False,REGULAR,USD,2026-06-16,7352.52978515625,0.03634999752044678,call,1.017336919205835,0.01643835616438356,19.2
SPXW260616C07485000,2026-06-09 20:00:00+00:00,7485.0,26.25,17.8,18.2,0.0,0.0,149.0,109,0.1558502689743042,False,REGULAR,USD,2026-06-16,7352.52978515625,0.03634999752044678,call,1.0180169572534326,0.01643835616438356,18.0
SPXW260616C07490000,2026-06-09 19:59:18+00:00,7490.0,24.75,16.6,17.1,0.0,0.0,104.0,85,0.1554192124938965,False,REGULAR,USD,2026-06-16,7352.52978515625,0.03634999752044678,call,1.01869699530103,0.01643835616438356,16.85
SPXW260616C07495000,2026-06-10 13:05:39+00:00,7495.0,15.3,15.5,15.9,-0.5500002,-3.4700327,11.0,51,0.15443884510040284,False,REGULAR,USD,2026-06-16,7352.52978515625,0.03634999752044678,call,1.0193770333486276,0.01643835616438356,15.7
SPXW260616C07500000,2026-06-10 12:51:12+00:00,7500.0,15.9,14.4,14.8,-5.0699997,-24.177395,23.0,677,0.1536263227081299,False,REGULAR,USD,2026-06-16,7352.52978515625,0.03634999752044678,call,1.020057071396225,0.01643835616438356,14.600000000000001
SPXW260616C07505000,2026-06-10 11:50:21+00:00,7505.0,11.48,13.2,13.6,-8.140001,-41.48828,9.0,55,0.15220726951599126,False,REGULAR,USD,2026-06-16,7352.52978515625,0.03634999752044678,call,1.0207371094438225,0.01643835616438356,13.399999999999999
SPXW260616C07510000,2026-06-09 19:54:10+00:00,7510.0,16.94,12.3,12.7,0.0,0.0,303.0,281,0.15174951042175294,False,REGULAR,USD,2026-06-16,7352.52978515625,0.03634999752044678,call,1.02141714749142,0.01643835616438356,12.5
SPXW260616C07515000,2026-06-10 00:30:01+00:00,7515.0,15.8,11.4,11.8,-0.31000042,-1.9242731,1.0,157,0.15110864768981938,False,REGULAR,USD,2026-06-16,7352.52978515625,0.03634999752044678,call,1.0220971855390175,0.01643835616438356,11.600000000000001
SPXW260616C07520000,2026-06-10 00:43:07+00:00,7520.0,12.83,10.6,11.0,-3.1499996,-19.71214,1.0,225,0.15069666450500493,False,REGULAR,USD,2026-06-16,7352.52978515625,0.03634999752044678,call,1.022777223586615,0.01643835616438356,10.8
SPXW260616C07525000,2026-06-10 11:54:36+00:00,7525.0,8.8,9.7,10.1,-3.5,-28.455284,4.0,169,0.14963618927001954,False,REGULAR,USD,2026-06-16,7352.52978515625,0.03634999752044678,call,1.0234572616342124,0.01643835616438356,9.899999999999999
SPXW260616C07530000,2026-06-10 13:13:41+00:00,7530.0,9.33,9.0,9.3,-4.6000004,-33.022255,2.0,148,0.14881222290039062,False,REGULAR,USD,2026-06-16,7352.52978515625,0.03634999752044678,call,1.0241372996818099,0.01643835616438356,9.15
SPXW260616C07535000,2026-06-10 11:06:22+00:00,7535.0,6.8,8.3,8.6,-5.5999994,-45.161285,45.0,132,0.14824765335083012,False,REGULAR,USD,2026-06-16,7352.52978515625,0.03634999752044678,call,1.0248173377294074,0.01643835616438356,8.45
SPXW260616C07540000,2026-06-10 06:10:24+00:00,7540.0,9.1,7.5,7.9,-2.6999998,-22.881353,7.0,165,0.147469462890625,False,REGULAR,USD,2026-06-16,7352.52978515625,0.03634999752044678,call,1.025497375777005,0.01643835616438356,7.7
SPXW260616C07545000,2026-06-10 00:15:00+00:00,7545.0,9.5,7.0,7.3,-1.25,-11.627907,1.0,91,0.14701170379638673,False,REGULAR,USD,2026-06-16,7352.52978515625,0.03634999752044678,call,1.0261774138246025,0.01643835616438356,7.15
SPXW260616C07550000,2026-06-10 12:02:19+00:00,7550.0,5.8,6.3,6.6,-4.04,-41.05691,28.0,1256,0.14577575424194333,False,REGULAR,USD,2026-06-16,7352.52978515625,0.03634999752044678,call,1.0268574518721998,0.01643835616438356,6.449999999999999
SPXW260616C07555000,2026-06-10 12:13:30+00:00,7555.0,5.9,5.8,6.1,-3.2999997,-35.869564,2.0,226,0.14545532287597657,False,REGULAR,USD,2026-06-16,7352.52978515625,0.03634999752044678,call,1.0275374899197973,0.01643835616438356,5.949999999999999
SPXW260616C07560000,2026-06-10 03:33:34+00:00,7560.0,6.55,5.4,5.7,-1.8999996,-22.485205,1.0,1238,0.14557739196777342,False,REGULAR,USD,2026-06-16,7352.52978515625,0.03634999752044678,call,1.0282175279673949,0.01643835616438356,5.550000000000001
SPXW260616C07565000,2026-06-09 20:09:53+00:00,7565.0,7.65,4.9,5.2,0.0,0.0,215.0,109,0.14489075332641604,False,REGULAR,USD,2026-06-16,7352.52978515625,0.03634999752044678,call,1.0288975660149924,0.01643835616438356,5.050000000000001
SPXW260616C07570000,2026-06-10 12:07:02+00:00,7570.0,4.3,4.4,4.7,-1.8899999,-30.533115,6.0,199,0.1439447178649902,False,REGULAR,USD,2026-06-16,7352.52978515625,0.03634999752044678,call,1.0295776040625897,0.01643835616438356,4.550000000000001
SPXW260616C07575000,2026-06-10 11:53:23+00:00,7575.0,3.9,4.0,4.3,-2.21,-36.17021,3.0,265,0.14348695877075196,False,REGULAR,USD,2026-06-16,7352.52978515625,0.03634999752044678,call,1.0302576421101872,0.01643835616438356,4.15
SPXW260616C07580000,2026-06-10 07:44:00+00:00,7580.0,3.86,3.7,4.0,0.3599999,10.285711,1.0,160,0.1435937692260742,False,REGULAR,USD,2026-06-16,7352.52978515625,0.03634999752044678,call,1.0309376801577848,0.01643835616438356,3.85
SPXW260616C07585000,2026-06-10 03:33:34+00:00,7585.0,4.1,3.4,3.6,-1.2600002,-23.507467,1.0,206,0.14272402694702147,False,REGULAR,USD,2026-06-16,7352.52978515625,0.03634999752044678,call,1.0316177182053823,0.01643835616438356,3.5
SPXW260616C07590000,2026-06-10 07:44:00+00:00,7590.0,3.16,3.0,3.2,-1.4399998,-31.304346,2.0,311,0.1415643705749512,False,REGULAR,USD,2026-06-16,7352.52978515625,0.03634999752044678,call,1.0322977562529798,0.01643835616438356,3.1
SPXW260616C07595000,2026-06-09 20:09:50+00:00,7595.0,4.2,2.75,2.9,0.0,0.0,323.0,300,0.14103031829833984,False,REGULAR,USD,2026-06-16