contractSymbol,lastTradeDate,strike,lastPrice,bid,ask,change,percentChange,volume,openInterest,impliedVolatility,inTheMoney,contractSize,currency,expiry,spot,rfr,optionType,moneyness,ttm_years,mid
SPXW260609C07285000,2026-06-09 19:10:06+00:00,7285.0,92.0,85.2,86.5,-31.199997,-25.324675,8867.0,6.0,0.2772441661071776,True,REGULAR,USD,2026-06-09,7355.39013671875,0.0363499975204467,call,0.9904301287341162,0.0,85.85
SPXW260609C07290000,2026-06-09 19:13:13+00:00,7290.0,82.82,80.2,81.7,-34.629997,-29.484886,12262.0,9.0,0.2683331224060058,True,REGULAR,USD,2026-06-09,7355.39013671875,0.0363499975204467,call,0.9911099023296784,0.0,80.95
SPXW260609C07300000,2026-06-09 19:13:42+00:00,7300.0,72.2,64.7,66.7,-37.0,-33.882786,38981.0,723.0,0.2067797828674316,True,REGULAR,USD,2026-06-09,7355.39013671875,0.0363499975204467,call,0.9924694495208028,0.0,65.7
SPXW260609C07305000,2026-06-09 19:14:53+00:00,7305.0,61.7,60.8,61.5,-46.02,-42.72187,15826.0,46.0,0.1948627877807617,True,REGULAR,USD,2026-06-09,7355.39013671875,0.0363499975204467,call,0.993149223116365,0.0,61.15
SPXW260609C07310000,2026-06-09 19:13:13+00:00,7310.0,63.4,59.2,60.0,-36.6,-36.6,19682.0,9.0,0.2117693569946289,True,REGULAR,USD,2026-06-09,7355.39013671875,0.0363499975204467,call,0.9938289967119271,0.0,59.6
SPXW260609C07320000,2026-06-09 19:14:31+00:00,7320.0,46.83,46.2,46.9,-49.35,-51.310043,28966.0,38.0,0.1659781889343262,True,REGULAR,USD,2026-06-09,7355.39013671875,0.0363499975204467,call,0.9951885439030516,0.0,46.55
SPXW260609C07325000,2026-06-09 19:14:31+00:00,7325.0,42.13,41.5,42.1,-44.12,-51.15362,31872.0,380.0,0.1562431788635254,True,REGULAR,USD,2026-06-09,7355.39013671875,0.0363499975204467,call,0.9958683174986136,0.0,41.8
SPXW260609C07330000,2026-06-09 19:14:38+00:00,7330.0,37.4,37.6,38.2,-45.39,-54.825462,33652.0,61.0,0.1525505888366699,True,REGULAR,USD,2026-06-09,7355.39013671875,0.0363499975204467,call,0.996548091094176,0.0,37.900000000000006
SPXW260609C07335000,2026-06-09 19:14:37+00:00,7335.0,32.51,32.8,33.4,-48.820004,-60.027054,30013.0,18.0,0.1417779914855957,True,REGULAR,USD,2026-06-09,7355.39013671875,0.0363499975204467,call,0.997227864689738,0.0,33.099999999999994
SPXW260609C07340000,2026-06-09 19:14:53+00:00,7340.0,28.9,28.4,28.8,-47.32,-62.083443,42471.0,129.0,0.1317988432312011,True,REGULAR,USD,2026-06-09,7355.39013671875,0.0363499975204467,call,0.9979076382853004,0.0,28.6
SPXW260609C07345000,2026-06-09 19:14:50+00:00,7345.0,24.7,24.6,24.8,-43.81,-64.51185,33378.0,11.0,0.125085043182373,True,REGULAR,USD,2026-06-09,7355.39013671875,0.0363499975204467,call,0.9985874118808624,0.0,24.700000000000003
SPXW260609C07350000,2026-06-09 19:15:00+00:00,7350.0,21.15,21.0,21.3,-43.949997,-67.51151,75198.0,1150.0,0.1206142626953125,True,REGULAR,USD,2026-06-09,7355.39013671875,0.0363499975204467,call,0.9992671854764248,0.0,21.15
SPXW260609C07355000,2026-06-09 19:14:49+00:00,7355.0,16.8,17.0,17.2,-44.25,-72.481575,39411.0,138.0,0.1109402871704101,True,REGULAR,USD,2026-06-09,7355.39013671875,0.0363499975204467,call,0.9999469590719868,0.0,17.1
SPXW260609C07360000,2026-06-09 19:14:48+00:00,7360.0,13.9,13.8,14.0,-44.449997,-76.17823,56801.0,122.0,0.1056455403137207,False,REGULAR,USD,2026-06-09,7355.39013671875,0.0363499975204467,call,1.000626732667549,0.0,13.9
SPXW260609C07365000,2026-06-09 19:15:00+00:00,7365.0,11.3,11.3,11.6,-41.23,-78.48849,43597.0,239.0,0.1039365730285644,False,REGULAR,USD,2026-06-09,7355.39013671875,0.0363499975204467,call,1.0013065062631112,0.0,11.45
SPXW260609C07370000,2026-06-09 19:14:57+00:00,7370.0,8.7,8.6,8.7,-42.5,-83.00781,58317.0,319.0,0.0969328588867187,False,REGULAR,USD,2026-06-09,7355.39013671875,0.0363499975204467,call,1.0019862798586734,0.0,8.649999999999999
SPXW260609C07375000,2026-06-09 19:14:55+00:00,7375.0,6.5,6.7,6.8,-41.55,-86.47243,59517.0,379.0,0.0947661325073242,False,REGULAR,USD,2026-06-09,7355.39013671875,0.0363499975204467,call,1.0026660534542358,0.0,6.75
SPXW260609C07380000,2026-06-09 19:15:01+00:00,7380.0,5.3,4.9,5.1,-38.39,-87.86908,65975.0,201.0,0.0919432847595214,False,REGULAR,USD,2026-06-09,7355.39013671875,0.0363499975204467,call,1.003345827049798,0.0,5.0
SPXW260609C07385000,2026-06-09 19:15:03+00:00,7385.0,3.7,3.6,3.8,-34.61,-90.34194,50079.0,225.0,0.0901427656555176,False,REGULAR,USD,2026-06-09,7355.39013671875,0.0363499975204467,call,1.00402560064536,0.0,3.7
SPXW260609C07390000,2026-06-09 19:15:03+00:00,7390.0,2.65,2.65,2.7,-32.71,-92.50565,54193.0,269.0,0.0878081942749023,False,REGULAR,USD,2026-06-09,7355.39013671875,0.0363499975204467,call,1.0047053742409222,0.0,2.675
SPXW260609C07395000,2026-06-09 19:15:01+00:00,7395.0,2.02,2.0,2.1,-29.77,-93.46938,41945.0,112.0,0.0888457815551757,False,REGULAR,USD,2026-06-09,7355.39013671875,0.0363499975204467,call,1.0053851478364844,0.0,2.05
SPXW260609C07400000,2026-06-09 19:15:03+00:00,7400.0,1.4,1.4,1.45,-27.31,-95.12365,117181.0,1067.0,0.0872283660888672,False,REGULAR,USD,2026-06-09,7355.39013671875,0.0363499975204467,call,1.0060649214320467,0.0,1.4249999999999998
SPXW260609C07405000,2026-06-09 19:15:04+00:00,7405.0,1.0,1.0,1.05,-24.88,-96.13602,45342.0,670.0,0.0872894006347656,False,REGULAR,USD,2026-06-09,7355.39013671875,0.0363499975204467,call,1.0067446950276089,0.0,1.025
SPXW260609C07410000,2026-06-09 19:15:02+00:00,7410.0,0.75,0.75,0.8,-22.65,-96.58849,46663.0,550.0,0.0885711260986328,False,REGULAR,USD,2026-06-09,7355.39013671875,0.0363499975204467,call,1.007424468623171,0.0,0.775
SPXW260609C07415000,2026-06-09 19:15:04+00:00,7415.0,0.53,0.5,0.6,-20.039999,-97.23435,37091.0,281.0,0.0896087133789062,False,REGULAR,USD,2026-06-09,7355.39013671875,0.0363499975204467,call,1.0081042422187332,0.0,0.55
SPXW260609C07420000,2026-06-09 19:15:00+00:00,7420.0,0.42,0.4,0.45,-17.88,-97.81181,45424.0,910.0,0.0907683697509765,False,REGULAR,USD,2026-06-09,7355.39013671875,0.0363499975204467,call,1.008784015814295,0.0,0.425
SPXW260609C07425000,2026-06-09 19:14:31+00:00,7425.0,0.4,0.35,0.4,-15.6,-97.5,43896.0,1074.0,0.0946135461425781,False,REGULAR,USD,2026-06-09,7355.39013671875,0.0363499975204467,call,1.0094637894098577,0.0,0.375
SPXW260609C07430000,2026-06-09 19:15:00+00:00,7430.0,0.22,0.2,0.25,-14.17,-98.608215,41498.0,1068.0,0.0930266479492187,False,REGULAR,USD,2026-06-09,7355.39013671875,0.0363499975204467,call,1.01014356300542,0.0,0.225
SPXW260609C07435000,2026-06-09 19:14:52+00:00,7435.0,0.2,0.15,0.2,-11.88,-98.34437,30014.0,428.0,0.0952238916015625,False,REGULAR,USD,2026-06-09,7355.39013671875,0.0363499975204467,call,1.010823336600982,0.0,0.175
SPXW260609C07440000,2026-06-09 19:14:34+00:00,7440.0,0.2,0.2,0.25,-10.18,-98.07322,36299.0,949.0,0.1035245898437499,False,REGULAR,USD,2026-06-09,7355.39013671875,0.0363499975204467,call,1.0115031101965442,0.0,0.225
SPXW260610C07285000,2026-06-09 18:51:40+00:00,7285.0,94.15,90.8,95.4,-39.999992,-29.817364,540.0,20.0,0.2450789604187012,True,REGULAR,USD,2026-06-10,7355.39013671875,0.0363499975204467,call,0.9904301287341162,0.0027397260273972,93.1
SPXW260610C07290000,2026-06-09 19:04:41+00:00,7290.0,102.82,87.8,89.3,-26.329994,-20.387144,934.0,35.0,0.2312012305450439,True,REGULAR,USD,2026-06-10,7355.39013671875,0.0363499975204467,call,0.9911099023296784,0.0027397260273972,88.55
SPXW260610C07295000,2026-06-09 19:11:02+00:00,7295.0,90.0,82.9,87.9,-35.199997,-28.115015,673.0,21.0,0.2417602069854736,True,REGULAR,USD,2026-06-10,7355.39013671875,0.0363499975204467,call,0.9917896759252406,0.0027397260273972,85.4
SPXW260610C07300000,2026-06-09 19:13:21+00:00,7300.0,84.5,79.9,81.5,-32.54,-27.80246,2726.0,195.0,0.2261887684631348,True,REGULAR,USD,2026-06-10,7355.39013671875,0.0363499975204467,call,0.9924694495208028,0.0027397260273972,80.7
SPXW260610C07310000,2026-06-09 19:13:46+00:00,7310.0,77.5,72.8,73.8,-64.41,-45.387924,1199.0,55.0,0.2205430729675292,True,REGULAR,USD,2026-06-10,7355.39013671875,0.0363499975204467,call,0.9938289967119271,0.0027397260273972,73.3
SPXW260610C07315000,2026-06-09 19:05:19+00:00,7315.0,85.73,71.6,72.1,-23.219994,-21.312523,1778.0,12.0,0.2277756666564941,True,REGULAR,USD,2026-06-10,7355.39013671875,0.0363499975204467,call,0.9945087703074892,0.0027397260273972,71.85
SPXW260610C07320000,2026-06-09 19:09:28+00:00,7320.0,75.21,65.0,65.5,-55.07,-42.270496,1742.0,18.0,0.2108233215332031,True,REGULAR,USD,2026-06-10,7355.39013671875,0.0363499975204467,call,0.9951885439030516,0.0027397260273972,65.25
SPXW260610C07325000,2026-06-09 19:04:02+00:00,7325.0,74.0,64.9,65.3,-20.61,-21.784166,1875.0,223.0,0.2244035079956054,True,REGULAR,USD,2026-06-10,7355.39013671875,0.0363499975204467,call,0.9958683174986136,0.0027397260273972,65.1
SPXW260610C07330000,2026-06-09 19:12:54+00:00,7330.0,60.9,60.5,60.9,-33.36,-35.391468,3138.0,35.0,0.2174913456726074,True,REGULAR,USD,2026-06-10,7355.39013671875,0.0363499975204467,call,0.996548091094176,0.0027397260273972,60.7
SPXW260610C07335000,2026-06-09 19:13:59+00:00,7335.0,57.9,54.5,54.8,-31.799995,-35.4515,1497.0,8.0,0.2023547782897948,True,REGULAR,USD,2026-06-10,7355.39013671875,0.0363499975204467,call,0.997227864689738,0.0027397260273972,54.65
SPXW260610C07340000,2026-06-09 19:13:59+00:00,7340.0,54.4,54.2,54.5,-31.809998,-36.89827,3275.0,127.0,0.2140123765563965,True,REGULAR,USD,2026-06-10,7355.39013671875,0.0363499975204467,call,0.9979076382853004,0.0027397260273972,54.35
SPXW260610C07345000,2026-06-09 19:13:00+00:00,7345.0,50.48,51.6,51.9,-35.7,-41.424923,1726.0,17.0,0.2144853942871093,True,REGULAR,USD,2026-06-10,7355.39013671875,0.0363499975204467,call,0.9985874118808624,0.0027397260273972,51.75
SPXW260610C07350000,2026-06-09 19:13:00+00:00,7350.0,47.21,47.7,48.1,-33.39,-41.4268,3719.0,212.0,0.2090380610656738,True,REGULAR,USD,2026-06-10,7355.39013671875,0.0363499975204467,call,0.9992671854764248,0.0027397260273972,47.900000000000006
SPXW260610C07355000,2026-06-09 19:13:00+00:00,7355.0,44.06,43.9,44.2,-32.539997,-42.480415,1780.0,17.0,0.2027515028381347,True,REGULAR,USD,2026-06-10,7355.39013671875,0.0363499975204467,call,0.9999469590719868,0.0027397260273972,44.05
SPXW260610C07360000,2026-06-09 19:14:53+00:00,7360.0,38.7,38.6,38.9,-28.899998,-42.81481,3280.0,39.0,0.1895985581970214,False,REGULAR,USD,2026-06-10,7355.39013671875,0.0363499975204467,call,1.000626732667549,0.0027397260273972,38.75
SPXW260610C07365000,2026-06-09 19:13:49+00:00,7365.0,39.23,37.5,37.8,-26.869999,-40.65053,3529.0,102.0,0.1953663227844238,False,REGULAR,USD,2026-06-10,7355.39013671875,0.0363499975204467,call,1.0013065062631112,0.0027397260273972,37.65
SPXW260610C07370000,2026-06-09 19:14:44+00:00,7370.0,33.2,33.0,33.3,-32.170002,-49.212177,2500.0,113.0,0.1849523033905029,False,REGULAR,USD,2026-06-10,7355.39013671875,0.0363499975204467,call,1.0019862798586734,0.0027397260273972,33.15
SPXW260610C07375000,2026-06-09 19:14:49+00:00,7375.0,30.5,30.5,30.8,-28.2,-48.040886,2228.0,226.0,0.183304370651245,False,REGULAR,USD,2026-06-10,7355.39013671875,0.0363499975204467,call,1.0026660534542358,0.0027397260273972,30.65
SPXW260610C07380000,2026-06-09 19:14:51+00:00,7380.0,27.9,28.3,28.6,-28.699999,-50.706715,3663.0,135.0,0.1825795854187011,False,REGULAR,USD,2026-06-10,7355.39013671875,0.0363499975204467,call,1.003345827049798,0.0027397260273972,28.450000000000003
SPXW260610C07385000,2026-06-09 19:13:44+00:00,7385.0,28.6,25.5,25.8,-24.1,-45.73055,2343.0,52.0,0.1784902708435058,False,REGULAR,USD,2026-06-10,7355.39013671875,0.0363499975204467,call,1.00402560064536,0.0027397260273972,25.65
SPXW260610C07390000,2026-06-09 19:13:50+00:00,7390.0,25.8,24.7,25.0,-22.0,-46.025105,2299.0,113.0,0.1835713967895507,False,REGULAR,USD,2026-06-10,7355.39013671875,0.0363499975204467,call,1.0047053742409222,0.0027397260273972,24.85
SPXW260610C07395000,2026-06-09 19:13:53+00:00,7395.0,23.2,22.3,22.6,-23.599998,-50.427345,1990.0,35.0,0.1804128590393066,False,REGULAR,USD,2026-06-10,7355.39013671875,0.0363499975204467,call,1.0053851478364844,0.0027397260273972,22.450000000000003
SPXW260610C07400000,2026-06-09 19:14:49+00:00,7400.0,19.3,19.2,19.4,-22.55,-53.882915,9061.0,406.0,0.1725394026184082,False,REGULAR,USD,2026-06-10,7355.39013671875,0.0363499975204467,call,1.0060649214320467,0.0027397260273972,19.3
SPXW260610C07405000,2026-06-09 19:14:30+00:00,7405.0,17.58,17.4,17.6,-23.42,-57.121952,2001.0,188.0,0.1711127201080322,False,REGULAR,USD,2026-06-10,7355.39013671875,0.0363499975204467,call,1.0067446950276089,0.0027397260273972,17.5
SPXW260610C07410000,2026-06-09 19:13:49+00:00,7410.0,17.54,17.0,17.2,-18.559998,-51.41274,2679.0,207.0,0.1766973810577392,False,REGULAR,USD,2026-06-10,7355.39013671875,0.0363499975204467,call,1.007424468623171,0.0027397260273972,17.1
SPXW260610C07415000,2026-06-09 19:13:30+00:00,7415.0,16.0,15.4,15.6,-18.900002,-54.154728,2324.0,129.0,0.1754385435485839,False,REGULAR,USD,2026-06-10,7355.39013671875,0.0363499975204467,call,1.0081042422187332,0.0027397260273972,15.5
SPXW260610C07420000,2026-06-09 19:14:17+00:00,7420.0,13.5,13.4,13.6,-17.13,-54.8511,3363.0,222.0,0.1712881944274902,False,REGULAR,USD,2026-06-10,7355.39013671875,0.0363499975204467,call,1.008784015814295,0.0027397260273972,13.5
SPXW260610C07425000,2026-06-09 19:15:00+00:00,7425.0,11.17,10.9,11.2,-18.73,-62.64214,3578.0,293.0,0.1637809452819824,False,REGULAR,USD,2026-06-10,7355.39013671875,0.0363499975204467,call,1.0094637894098577,0.0027397260273972,11.05
SPXW260610C07430000,2026-06-09 19:14:31+00:00,7430.0,10.0,9.7,9.9,-16.54,-62.321026,3522.0,295.0,0.1621024952697753,False,REGULAR,USD,2026-06-10,7355.39013671875,0.0363499975204467,call,1.01014356300542,0.0027397260273972,9.8
SPXW260610C07435000,2026-06-09 19:14:29+00:00,7435.0,8.8,8.5,8.7,-14.999999,-63.025208,2127.0,168.0,0.1604087866210937,False,REGULAR,USD,2026-06-10,7355.39013671875,0.0363499975204467,call,1.010823336600982,0.0027397260273972,8.6
SPXW260610C07440000,2026-06-09 19:14:40+00:00,7440.0,7.82,7.5,7.7,-13.710001,-63.678593,5040.0,416.0,0.1594322338867187,False,REGULAR,USD,2026-06-10,7355.39013671875,0.0363499975204467,call,1.0115031101965442,0.0027397260273972,7.6
SPXW260610C07445000,2026-06-09 19:12:58+00:00,7445.0,7.4,6.7,6.9,-12.800001,-63.36634,2098.0,447.0,0.1593406820678711,False,REGULAR,USD,2026-06-10,7355.39013671875,0.0363499975204467,call,1.0121828837921063,0.0027397260273972,6.800000000000001
SPXW260610C07450000,2026-06-09 19:14:58+00:00,7450.0,5.9,5.9,6.0,-13.1,-68.947365,5904.0,1107.0,0.1578605943298339,False,REGULAR,USD,2026-06-10,7355.39013671875,0.0363499975204467,call,1.012862657387669,0.0027397260273972,5.95
SPXW260610C07455000,2026-06-09 19:13:40+00:00,7455.0,5.9,5.7,5.9,-10.800001,-64.67066,2301.0,325.0,0.1626212889099121,False,REGULAR,USD,2026-06-10,7355.39013671875,0.0363499975204467,call,1.0135424309832308,0.0027397260273972,5.800000000000001
SPXW260610C07460000,2026-06-09 19:14:26+00:00,7460.0,4.77,4.7,4.8,-9.83,-67.328766,4050.0,803.0,0.1581962843322754,False,REGULAR,USD,2026-06-10,7355.39013671875,0.0363499975204467,call,1.014222204578793,0.0027397260273972,4.75
SPXW260610C07465000,2026-06-09 19:11:46+00:00,7465.0,4.2,3.9,4.1,-9.0,-68.181816,2408.0,295.0,0.156533092956543,False,REGULAR,USD,2026-06-10,7355.39013671875,0.0363499975204467,call,1.0149019781743551,0.0027397260273972,4.0
SPXW260610C07470000,2026-06-09 19:13:28+00:00,7470.0,4.0,3.6,3.8,-8.2,-67.21312,3081.0,472.0,0.1584404225158691,False,REGULAR,USD,2026-06-10,7355.39013671875,0.0363499975204467,call,1.0155817517699173,0.0027397260273972,3.7
SPXW260610C07475000,2026-06-09 19:13:36+00:00,7475.0,3.5,3.3,3.4,-7.3,-67.59259,4505.0,640.0,0.158913440246582,False,REGULAR,USD,2026-06-10,7355.39013671875,0.0363499975204467,call,1.0162615253654796,0.0027397260273972,3.35
SPXW260610C07480000,2026-06-09 19:14:09+00:00,7480.0,2.88,2.75,2.85,-7.0199995,-70.90909,4322.0,1256.0,0.156960334777832,False,REGULAR,USD,2026-06-10,7355.39013671875,0.0363499975204467,call,1.0169412989610418,0.0027397260273972,2.8
SPXW260610C07485000,2026-06-09 19:13:55+00:00,7485.0,2.55,2.5,2.55,-5.75,-69.27711,1660.0,396.0,0.1576317147827148,False,REGULAR,USD,2026-06-10,7355.39013671875,0.0363499975204467,call,1.017621072556604,0.0027397260273972,2.525
SPXW260610C07490000,2026-06-09 19:13:44+00:00,7490.0,2.2,2.15,2.25,-5.3999996,-71.05263,2975.0,885.0,0.1578453356933593,False,REGULAR,USD,2026-06-10,7355.39013671875,0.0363499975204467,call,1.018300846152166,0.0027397260273972,2.2
SPXW260610C07495000,2026-06-09 19:14:44+00:00,7495.0,1.7,1.65,1.7,-4.95,-74.43609,2103.0,587.0,0.1531761929321289,False,REGULAR,USD,2026-06-10,7355.39013671875,0.0363499975204467,call,1.0189806197477282,0.0027397260273972,1.6749999999999998
SPXW260610C07500000,2026-06-09 19:14:41+00:00,7500.0,1.45,1.45,1.55,-4.05,-73.63637,11252.0,2637.0,0.1546715393066406,False,REGULAR,USD,2026-06-10,7355.39013671875,0.0363499975204467,call,1.0196603933432906,0.0027397260273972,1.5
SPXW260610C07505000,2026-06-09 19:12:02+00:00,7505.0,1.35,1.4,1.5,-3.75,-73.52941,1865.0,1730.0,0.1579063702392578,False,REGULAR,USD,2026-06-10,7355.39013671875,0.0363499975204467,call,1.0203401669388528,0.0027397260273972,1.45
SPXW260610C07510000,2026-06-09 19:12:57+00:00,7510.0,1.2,1.2,1.25,-2.8999999,-70.73171,2999.0,1561.0,0.1567161965942383,False,REGULAR,USD,2026-06-10,7355.39013671875,0.0363499975204467,call,1.021019940534415,0.0027397260273972,1.225
SPXW260610C07515000,2026-06-09 19:12:45+00:00,7515.0,1.09,1.0,1.1,-2.5099998,-69.72221,1594.0,278.0,0.1571739556884765,False,REGULAR,USD,2026-06-10,7355.39013671875,0.0363499975204467,call,1.021699714129977,0.0027397260273972,1.05
SPXW260610C07520000,2026-06-09 19:13:37+00:00,7520.0,0.94,0.8,0.85,-2.06,-68.666664,3987.0,1106.0,0.15430533203125,False,REGULAR,USD,2026-06-10,7355.39013671875,0.0363499975204467,call,1.0223794877255392,0.0027397260273972,0.825
SPXW260610C07525000,2026-06-09 19:12:17+00:00,7525.0,0.75,0.8,0.9,-1.8,-70.588234,7506.0,6855.0,0.1596763720703125,False,REGULAR,USD,2026-06-10,7355.39013671875,0.0363499975204467,call,1.0230592613211016,0.0027397260273972,0.8500000000000001
SPXW260610C07530000,2026-06-09 19:11:41+00:00,7530.0,0.68,0.7,0.75,-1.6699998,-71.06383,3993.0,524.0,0.1588218884277344,False,REGULAR,USD,2026-06-10,7355.39013671875,0.0363499975204467,call,1.0237390349166635,0.0027397260273972,0.725
SPXW260610C07535000,2026-06-09 19:11:41+00:00,7535.0,0.58,0.55,0.6,-1.3199999,-69.47369,2237.0,374.0,0.1571129211425781,False,REGULAR,USD,2026-06-10,7355.39013671875,0.0363499975204467,call,1.024418808512226,0.0027397260273972,0.575
SPXW260610C07540000,2026-06-09 19:15:03+00:00,7540.0,0.5,0.45,0.5,-1.05,-67.741936,2076.0,576.0,0.1565636102294922,False,REGULAR,USD,2026-06-10,7355.39013671875,0.0363499975204467,call,1.025098582107788,0.0027397260273972,0.475
SPXW260610C07545000,2026-06-09 19:10:05+00:00,7545.0,0.5,0.4,0.5,-0.79999995,-61.53846,1640.0,461.0,0.1601646484375,False,REGULAR,USD,2026-06-10,7355.39013671875,0.0363499975204467,call,1.0257783557033502,0.0027397260273972,0.45
SPXW260610C07550000,2026-06-09 19:11:44+00:00,7550.0,0.4,0.4,0.45,-0.70000005,-63.636368,6583.0,5525.0,0.1612632702636718,False,REGULAR,USD,2026-06-10,7355.39013671875,0.0363499975204467,call,1.0264581292989126,0.0027397260273972,0.425
SPXW260610C07555000,2026-06-09 19:13:47+00:00,7555.0,0.35,0.3,0.4,-0.45000002,-56.25,1291.0,578.0,0.1621787884521484,False,REGULAR,USD,2026-06-10,7355.39013671875,0.0363499975204467,call,1.0271379028944747,0.0027397260273972,0.35
SPXW260610C07570000,2026-06-09 19:14:07+00:00,7570.0,0.2,0.2,0.25,-0.38,-60.31746,1669.0,545.0,0.1624839611816406,False,REGULAR,USD,2026-06-10,7355.39013671875,0.0363499975204467,call,1.0291772236811612,0.0027397260273972,0.225
SPXW260610C07575000,2026-06-09 19:00:07+00:00,7575.0,0.25,0.2,0.25,-0.19999999,-44.444443,2935.0,1953.0,0.1657798266601562,False,REGULAR,USD,2026-06-10,7355.39013671875,0.0363499975204467,call,1.0298569972767233,0.0027397260273972,0.225
SPXW260610C07585000,2026-06-09 19:01:10+00:00,7585.0,0.2,0.15,0.2,-0.10000001,-33.333336,964.0,388.0,0.1677329321289062,False,REGULAR,USD,2026-06-10,7355.39013671875,0.0363499975204467,call,1.0312165444678478,0.0027397260273972,0.175
SPXW260611C07285000,2026-06-09 18:09:44+00:00,7285.0,90.5,103.6,104.2,-182.03,-66.79265,104.0,2.0,0.2373123144531249,True,REGULAR,USD,2026-06-11,7355.39013671875,0.0363499975204467,call,0.9904301287341162,0.0054794520547945,103.9
SPXW260611C07290000,2026-06-09 19:09:38+00:00,7290.0,110.25,103.6,104.4,-22.25,-16.792454,85.0,19.0,0.2517012086486816,True,REGULAR,USD,2026-06-11,7355.39013671875,0.0363499975204467,call,0.9911099023296784,0.0054794520547945,104.0
SPXW260611C07295000,2026-06-09 18:49:37+00:00,7295.0,112.6,96.1,96.6,-180.1,-61.530575,76.0,10.0,0.2331161894226074,True,REGULAR,USD,2026-06-11,7355.39013671875,0.0363499975204467,call,0.9917896759252406,0.0054794520547945,96.35
SPXW260611C07300000,2026-06-09 19:05:18+00:00,7300.0,108.16,94.5,94.9,-24.059998,-18.196943,326.0,553.0,0.2391814974212646,True,REGULAR,USD,2026-06-11,7355.39013671875,0.0363499975204467,call,0.9924694495208028,0.0054794520547945,94.7
SPXW260611C07305000,2026-06-09 18:42:19+00:00,7305.0,96.15,88.5,88.9,-190.24002,-66.4269,435.0,33.0,0.2277756666564941,True,REGULAR,USD,2026-06-11,7355.39013671875,0.0363499975204467,call,0.993149223116365,0.0054794520547945,88.7
SPXW260611C07310000,2026-06-09 19:09:38+00:00,7310.0,94.53,88.1,88.5,-25.419998,-21.192162,319.0,13.0,0.2384033069610595,True,REGULAR,USD,2026-06-11,7355.39013671875,0.0363499975204467,call,0.9938289967119271,0.0054794520547945,88.3
SPXW260611C07315000,2026-06-09 18:10:09+00:00,7315.0,96.88,84.6,85.0,-179.78,-64.982285,171.0,35.0,0.2365036067199706,True,REGULAR,USD,2026-06-11,7355.39013671875,0.0363499975204467,call,0.9945087703074892,0.0054794520547945,84.8
SPXW260611C07320000,2026-06-09 18:52:22+00:00,7320.0,80.0,80.6,81.0,-163.33,-67.12283,285.0,2.0,0.2324676973724365,True,REGULAR,USD,2026-06-11,7355.39013671875,0.0363499975204467,call,0.9951885439030516,0.0054794520547945,80.8
SPXW260611C07325000,2026-06-09 18:58:11+00:00,7325.0,85.0,77.5,77.9,-191.6,-69.2697,346.0,513.0,0.2316971362304687,True,REGULAR,USD,2026-06-11,7355.39013671875,0.0363499975204467,call,0.9958683174986136,0.0054794520547945,77.7
SPXW260611C07330000,2026-06-09 18:33:23+00:00,7330.0,70.27,70.7,71.3,-29.230003,-29.376886,936.0,52.0,0.217331129989624,True,REGULAR,USD,2026-06-11,7355.39013671875,0.0363499975204467,call,0.996548091094176,0.0054794520547945,71.0
SPXW260611C07335000,2026-06-09 18:41:23+00:00,7335.0,71.8,70.2,70.7,-20.799995,-22.462198,223.0,5.0,0.225669974822998,True,REGULAR,USD,2026-06-11,7355.39013671875,0.0363499975204467,call,0.997227864689738,0.0054794520547945,70.45
SPXW260611C07340000,2026-06-09 19:00:29+00:00,7340.0,69.65,63.9,64.2,-31.96,-31.453596,185.0,52.0,0.2113497444915771,True,REGULAR,USD,2026-06-11,7355.39013671875,0.0363499975204467,call,0.9979076382853004,0.0054794520547945,64.05
SPXW260611C07345000,2026-06-09 19:07:35+00:00,7345.0,71.0,61.3,61.7,-33.4,-31.992338,210.0,86.0,0.2119677192687988,True,REGULAR,USD,2026-06-11,7355.39013671875,0.0363499975204467,call,0.9985874118808624,0.0054794520547945,61.5
SPXW260611C07350000,2026-06-09 18:49:26+00:00,7350.0,63.4,60.4,60.8,-23.71,-27.21846,677.0,787.0,0.2183381999969482,True,REGULAR,USD,2026-06-11,7355.39013671875,0.0363499975204467,call,0.9992671854764248,0.0054794520547945,60.6
SPXW260611C07355000,2026-06-09 18:58:38+00:00,7355.0,60.71,56.8,57.1,-30.989998,-33.794983,358.0,16.0,0.2138979367828369,True,REGULAR,USD,2026-06-11,7355.39013671875,0.0363499975204467,call,0.9999469590719868,0.0054794520547945,56.95
SPXW260611C07360000,2026-06-09 19:07:59+00:00,7360.0,60.4,54.5,54.8,-19.099998,-24.025156,694.0,48.0,0.2144701356506347,False,REGULAR,USD,2026-06-11,7355.39013671875,0.0363499975204467,call,1.000626732667549,0.0054794520547945,54.65
SPXW260611C07365000,2026-06-09 19:14:51+00:00,7365.0,48.74,48.6,49.0,-26.560001,-35.272247,598.0,4.0,0.2015994757843017,False,REGULAR,USD,2026-06-11,7355.39013671875,0.0363499975204467,call,1.0013065062631112,0.0054794520547945,48.8
SPXW260611C07370000,2026-06-09 19:13:13+00:00,7370.0,49.6,47.4,47.8,-22.800003,-31.491714,321.0,50.0,0.2057650835418701,False,REGULAR,USD,2026-06-11,7355.39013671875,0.0363499975204467,call,1.0019862798586734,0.0054794520547945,47.6
SPXW260611C07375000,2026-06-09 19:13:39+00:00,7375.0,46.2,45.6,45.9,-23.990002,-34.17866,498.0,544.0,0.2070315503692626,False,REGULAR,USD,2026-06-11,7355.39013671875,0.0363499975204467,call,1.0026660534542358,0.0054794520547945,45.75
SPXW260611C07380000,2026-06-09 19:10:47+00:00,7380.0,43.7,42.8,43.1,-23.350002,-34.82476,451.0,24.0,0.2046054271697997,False,REGULAR,USD,2026-06-11,7355.39013671875,0.0363499975204467,call,1.003345827049798,0.0054794520547945,42.95
SPXW260611C07385000,2026-06-09 19:13:54+00:00,7385.0,40.43,40.3,40.5,-18.669998,-31.59052,385.0,121.0,0.2026370630645751,False,REGULAR,USD,2026-06-11,7355.39013671875,0.0363499975204467,call,1.00402560064536,0.0054794520547945,40.4
SPXW260611C07390000,2026-06-09 19:11:00+00:00,7390.0,38.1,37.7,38.1,-18.7,-32.92254,292.0,138.0,0.2011417166900634,False,REGULAR,USD,2026-06-11,7355.39013671875,0.0363499975204467,call,1.0047053742409222,0.0054794520547945,37.900000000000006
SPXW260611C07395000,2026-06-09 19:00:03+00:00,7395.0,40.0,35.3,35.6,-13.77,-25.609076,205.0,29.0,0.1989444730377197,False,REGULAR,USD,2026-06-11,7355.39013671875,0.0363499975204467,call,1.0053851478364844,0.0054794520547945,35.45
SPXW260611C07400000,2026-06-09 19:13:54+00:00,7400.0,33.0,32.2,32.5,-17.7,-34.911243,1113.0,663.0,0.1940311920928955,False,REGULAR,USD,2026-06-11,7355.39013671875,0.0363499975204467,call,1.0060649214320467,0.0054794520547945,32.35
SPXW260611C07405000,2026-06-09 19:05:02+00:00,7405.0,36.28,30.0,30.3,-14.220001,-28.158419,247.0,18.0,0.1923145954895019,False,REGULAR,USD,2026-06-11,7355.39013671875,0.0363499975204467,call,1.0067446950276089,0.0054794520547945,30.15
SPXW260611C07410000,2026-06-09 19:10:37+00:00,7410.0,29.32,28.2,28.6,-14.380001,-32.90618,418.0,142.0,0.1923069661712646,False,REGULAR,USD,2026-06-11,7355.39013671875,0.0363499975204467,call,1.007424468623171,0.0054794520547945,28.4
SPXW260611C07415000,2026-06-09 19:02:14+00:00,7415.0,29.5,26.5,26.8,-13.900002,-32.027653,433.0,86.0,0.191589810256958,False,REGULAR,USD,2026-06-11,7355.39013671875,0.0363499975204467,call,1.0081042422187332,0.0054794520547945,26.65
SPXW260611C07420000,2026-06-09 19:11:29+00:00,7420.0,24.3,23.1,23.4,-16.0,-39.702232,416.0,62.0,0.1837163538360595,False,REGULAR,USD,2026-06-11,7355.39013671875,0.0363499975204467,call,1.008784015814295,0.0054794520547945,23.25
SPXW260611C07425000,2026-06-09 19:13:57+00:00,7425.0,22.75,22.0,22.2,-14.450001,-38.84409,821.0,72.0,0.1848073463439941,False,REGULAR,USD,2026-06-11,7355.39013671875,0.0363499975204467,call,1.0094637894098577,0.0054794520547945,22.1
SPXW260611C07430000,2026-06-09 19:04:46+00:00,7430.0,25.0,21.2,21.5,-10.459999,-29.498024,589.0,256.0,0.1878819615936279,False,REGULAR,USD,2026-06-11,7355.39013671875,0.0363499975204467,call,1.01014356300542,0.0054794520547945,21.35
SPXW260611C07435000,2026-06-09 19:04:11+00:00,7435.0,23.53,17.7,18.0,-8.569998,-26.697813,578.0,74.0,0.177895184020996,False,REGULAR,USD,2026-06-11,7355.39013671875,0.0363499975204467,call,1.010823336600982,0.0054794520547945,17.85
SPXW260611C07440000,2026-06-09 19:06:34+00:00,7440.0,20.28,17.6,17.8,-8.619999,-29.826986,396.0,161.0,0.1827474304199218,False,REGULAR,USD,2026-06-11,7355.39013671875,0.0363499975204467,call,1.0115031101965442,0.0054794520547945,17.700000000000003
SPXW260611C07445000,2026-06-09 19:02:48+00:00,7445.0,19.0,16.1,16.3,-7.8999996,-29.368029,283.0,74.0,0.1811834201812744,False,REGULAR,USD,2026-06-11,7355.39013671875,0.0363499975204467,call,1.0121828837921063,0.0054794520547945,16.200000000000003
SPXW260611C07450000,2026-06-09 19:12:06+00:00,7450.0,14.63,14.7,14.9,-13.04,-47.126854,1145.0,899.0,0.1797109617614746,False,REGULAR,USD,2026-06-11,7355.39013671875,0.0363499975204467,call,1.012862657387669,0.0054794520547945,14.8
SPXW260611C07455000,2026-06-09 19:13:54+00:00,7455.0,13.4,12.5,12.7,-12.220001,-47.697113,382.0,148.0,0.1735464726257324,False,REGULAR,USD,2026-06-11,7355.39013671875,0.0363499975204467,call,1.0135424309832308,0.0054794520547945,12.6
SPXW260611C07460000,2026-06-09 19:06:30+00:00,7460.0,14.1,11.8,12.0,-8.299999,-37.05357,329.0,128.0,0.174889232635498,False,REGULAR,USD,2026-06-11,7355.39013671875,0.0363499975204467,call,1.014222204578793,0.0054794520547945,11.9
SPXW260611C07465000,2026-06-09 19:02:14+00:00,7465.0,12.6,10.1,10.3,-7.299999,-36.683414,304.0,151.0,0.1701895726013184,False,REGULAR,USD,2026-06-11,7355.39013671875,0.0363499975204467,call,1.0149019781743551,0.0054794520547945,10.2
SPXW260611C07470000,2026-06-09 19:10:47+00:00,7470.0,10.1,9.1,9.4,-8.0,-44.198895,476.0,148.0,0.1696250030517578,False,REGULAR,USD,2026-06-11,7355.39013671875,0.0363499975204467,call,1.0155817517699173,0.0054794520547945,9.25
SPXW260611C07475000,2026-06-09 19:10:54+00:00,7475.0,8.9,8.7,9.0,-9.08,-50.500557,842.0,453.0,0.17188328125,False,REGULAR,USD,2026-06-11,7355.39013671875,0.0363499975204467,call,1.0162615253654796,0.0054794520547945,8.85
SPXW260611C07480000,2026-06-09 19:09:48+00:00,7480.0,9.0,7.6,7.8,-6.0,-40.0,551.0,142.0,0.1686331916809082,False,REGULAR,USD,2026-06-11,7355.39013671875,0.0363499975204467,call,1.0169412989610418,0.0054794520547945,7.699999999999999
SPXW260611C07485000,2026-06-09 19:02:14+00:00,7485.0,9.43,7.1,7.3,-4.79,-33.68495,390.0,102.0,0.1696860375976562,False,REGULAR,USD,2026-06-11,7355.39013671875,0.0363499975204467,call,1.017621072556604,0.0054794520547945,7.199999999999999
SPXW260611C07490000,2026-06-09 19:06:44+00:00,7490.0,7.4,6.4,6.6,-5.9999995,-44.776115,450.0,137.0,0.1690146575927734,False,REGULAR,USD,2026-06-11,7355.39013671875,0.0363499975204467,call,1.018300846152166,0.0054794520547945,6.5
SPXW260611C07495000,2026-06-09 19:08:51+00:00,7495.0,6.9,5.7,5.9,-5.0499997,-42.25941,1102.0,138.0,0.1679312944030762,False,REGULAR,USD,2026-06-11,7355.39013671875,0.0363499975204467,call,1.0189806197477282,0.0054794520547945,5.800000000000001
SPXW260611C07500000,2026-06-09 19:13:48+00:00,7500.0,5.3,5.0,5.1,-5.5,-50.925926,2943.0,1949.0,0.1655051712036133,False,REGULAR,USD,2026-06-11,7355.39013671875,0.0363499975204467,call,1.0196603933432906,0.0054794520547945,5.05
SPXW260611C07505000,2026-06-09 19:12:02+00:00,7505.0,4.47,4.1,4.3,-5.1300006,-53.437504,514.0,157.0,0.1623466334533691,False,REGULAR,USD,2026-06-11,7355.39013671875,0.0363499975204467,call,1.0203401669388528,0.0054794520547945,4.199999999999999
SPXW260611C07510000,2026-06-09 19:13:40+00:00,7510.0,4.1,4.0,4.2,-4.7999997,-53.932583,640.0,175.0,0.1653678434753418,False,REGULAR,USD,2026-06-11,7355.39013671875,0.0363499975204467,call,1.021019940534415,0.0054794520547945,4.1
SPXW260611C07515000,2026-06-09 19:12:23+00:00,7515.0,3.8,3.5,3.7,-4.0,-51.28205,422.0,237.0,0.1642234457397461,False,REGULAR,USD,2026-06-11,7355.39013671875,0.0363499975204467,call,1.021699714129977,0.0054794520547945,3.6
SPXW260611C07520000,2026-06-09 19:02:15+00:00,7520.0,4.1,2.95,3.1,-3.3000002,-44.594597,288.0,410.0,0.1614158566284179,False,REGULAR,USD,2026-06-11,7355.39013671875,0.0363499975204467,call,1.0223794877255392,0.0054794520547945,3.0250000000000004
SPXW260611C07525000,2026-06-09 19:11:20+00:00,7525.0,2.8,2.5,2.6,-3.7500002,-57.25191,460.0,1814.0,0.1589439575195312,False,REGULAR,USD,2026-06-11,7355.39013671875,0.0363499975204467,call,1.0230592613211016,0.0054794520547945,2.55
SPXW260611C07530000,2026-06-09 19:02:15+00:00,7530.0,2.7,2.35,2.5,-2.8999999,-51.785717,452.0,301.0,0.1612632702636718,False,REGULAR,USD,2026-06-11,7355.39013671875,0.0363499975204467,call,1.0237390349166635,0.0054794520547945,2.425
SPXW260611C07535000,2026-06-09 19:02:15+00:00,7535.0,2.35,2.1,2.25,-2.85,-54.807693,366.0,115.0,0.1613243048095703,False,REGULAR,USD,2026-06-11,7355.39013671875,0.0363499975204467,call,1.024418808512226,0.0054794520547945,2.175
SPXW260611C07540000,2026-06-09 19:05:47+00:00,7540.0,2.34,1.8,1.95,-2.26,-49.130436,220.0,150.0,0.1602562002563476,False,REGULAR,USD,2026-06-11,7355.39013671875,0.0363499975204467,call,1.025098582107788,0.0054794520547945,1.875
SPXW260611C07545000,2026-06-09 19:10:26+00:00,7545.0,1.72,1.4,1.5,-1.98,-53.51351,262.0,148.0,0.1558922302246093,False,REGULAR,USD,2026-06-11,7355.39013671875,0.0363499975204467,call,1.0257783557033502,0.0054794520547945,1.45
SPXW260611C07550000,2026-06-09 19:10:12+00:00,7550.0,1.55,1.4,1.5,-1.95,-55.714287,1263.0,819.0,0.159188095703125,False,REGULAR,USD,2026-06-11,7355.39013671875,0.0363499975204467,call,1.0264581292989126,0.0054794520547945,1.45
SPXW260611C07555000,2026-06-09 19:02:15+00:00,7555.0,1.35,1.15,1.3,-1.7499999,-56.45161,318.0,265.0,0.1584556811523437,False,REGULAR,USD,2026-06-11,7355.39013671875,0.0363499975204467,call,1.0271379028944747,0.0054794520547945,1.225
SPXW260611C07560000,2026-06-09 19:02:25+00:00,7560.0,1.35,0.95,1.05,-0.91999996,-40.528633,377.0,471.0,0.1560142993164062,False,REGULAR,USD,2026-06-11,7355.39013671875,0.0363499975204467,call,1.0278176764900369,0.0054794520547945,1.0
SPXW260611C07565000,2026-06-09 19:02:15+00:00,7565.0,1.0,0.9,1.0,-1.05,-51.21951,249.0,112.0,0.1578758529663085,False,REGULAR,USD,2026-06-11,7355.39013671875,0.0363499975204467,call,1.028497450085599,0.0054794520547945,0.95
SPXW260611C07570000,2026-06-09 18:54:34+00:00,7570.0,0.8,0.75,0.85,-0.93,-53.757225,357.0,328.0,0.1569298175048828,False,REGULAR,USD,2026-06-11,7355.39013671875,0.0363499975204467,call,1.0291772236811612,0.0054794520547945,0.8
SPXW260611C07575000,2026-06-09 19:09:45+00:00,7575.0,0.8,0.7,0.75,-0.84999996,-51.515152,363.0,428.0,0.1569298175048828,False,REGULAR,USD,2026-06-11,7355.39013671875,0.0363499975204467,call,1.0298569972767233,0.0054794520547945,0.725
SPXW260611C07580000,2026-06-09 19:14:53+00:00,7580.0,0.55,0.5,0.6,-0.49999994,-39.999992,423.0,407.0,0.1547936083984375,False,REGULAR,USD,2026-06-11,7355.39013671875,0.0363499975204467,call,1.0305367708722857,0.0054794520547945,0.55
SPXW260611C07585000,2026-06-09 19:02:26+00:00,7585.0,0.5,0.45,0.5,-0.74,-59.677418,323.0,313.0,0.1536949865722656,False,REGULAR,USD,2026-06-11,7355.39013671875,0.0363499975204467,call,1.0312165444678478,0.0054794520547945,0.475
SPXW260611C07590000,2026-06-09 19:02:16+00:00,7590.0,0.5,0.45,0.5,-0.3,-37.5,259.0,291.0,0.1565025756835937,False,REGULAR,USD,2026-06-11,7355.39013671875,0.0363499975204467,call,1.03189631806341,0.0054794520547945,0.475
SPXW260611C07595000,2026-06-09 19:00:09+00:00,7595.0,0.4,0.4,0.45,-0.29999998,-42.85714,459.0,186.0,0.1571129211425781,False,REGULAR,USD,2026-06-11,7355.39013671875,0.0363499975204467,call,1.032576091658972,0.0054794520547945,0.425
SPXW260611C07600000,2026-06-09 19:10:12+00:00,7600.0,0.4,0.3,0.4,-0.4,-50.0,924.0,1239.0,0.1574791284179687,False,REGULAR,USD,2026-06-11,7355.39013671875,0.0363499975204467,call,1.0332558652545345,0.0054794520547945,0.35
SPXW260611C07615000,2026-06-09 19:00:30+00:00,7615.0,0.2,0.25,0.3,-0.26999998,-57.446808,128.0,222.0,0.1597984411621093,False,REGULAR,USD,2026-06-11,7355.39013671875,0.0363499975204467,call,1.035295186041221,0.0054794520547945,0.275
SPXW260611C07635000,2026-06-09 19:00:09+00:00,7635.0,0.15,0.15,0.2,-0.099999994,-39.999996,57.0,1059.0,0.1624839611816406,False,REGULAR,USD,2026-06-11,7355.39013671875,0.0363499975204467,call,1.0380142804234698,0.0054794520547945,0.175
SPXW260612C07285000,2026-06-09 19:06:27+00:00,7285.0,124.18,114.1,114.8,-33.04,-21.015139,114.0,6.0,0.2434005104064941,True,REGULAR,USD,2026-06-12,7355.39013671875,0.0363499975204467,call,0.9904301287341162,0.0082191780821917,114.45
SPXW260612C07290000,2026-06-09 18:30:06+00:00,7290.0,110.0,113.7,114.2,-43.5,-28.338762,198.0,62.0,0.2523725886535644,True,REGULAR,USD,2026-06-12,7355.39013671875,0.0363499975204467,call,0.9911099023296784,0.0082191780821917,113.95
SPXW260612C07295000,2026-06-09 18:30:16+00:00,7295.0,108.99,106.7,108.3,-40.299995,-26.994438,273.0,2.0,0.2427825356292724,True,REGULAR,USD,2026-06-12,7355.39013671875,0.0363499975204467,call,0.9917896759252406,0.0082191780821917,107.5
SPXW260612C07300000,2026-06-09 19:08:40+00:00,7300.0,115.18,106.1,106.6,-18.07,-13.560976,1697.0,555.0,0.2475127129364013,True,REGULAR,USD,2026-06-12,7355.39013671875,0.0363499975204467,call,0.9924694495208028,0.0082191780821917,106.35
SPXW260612C07305000,2026-06-09 17:40:25+00:00,7305.0,103.3,102.4,102.9,-66.2,-39.056046,165.0,67.0,0.2452201028060913,True,REGULAR,USD,2026-06-12,7355.39013671875,0.0363499975204467,call,0.993149223116365,0.0082191780821917,102.65
SPXW260612C07310000,2026-06-09 19:12:10+00:00,7310.0,100.0,95.5,96.0,-24.160004,-19.458767,180.0,50.0,0.2320099382781982,True,REGULAR,USD,2026-06-12,7355.39013671875,0.0363499975204467,call,0.9938289967119271,0.0082191780821917,95.75
SPXW260612C07315000,2026-06-09 19:06:27+00:00,7315.0,101.28,94.0,94.5,-41.75,-29.18968,479.0,8.0,0.2368698139953613,True,REGULAR,USD,2026-06-12,7355.39013671875,0.0363499975204467,call,0.9945087703074892,0.0082191780821917,94.25
SPXW260612C07320000,2026-06-09 18:58:23+00:00,7320.0,99.63,91.7,92.1,-35.79,-26.428888,477.0,225.0,0.2384872294616699,True,REGULAR,USD,2026-06-12,7355.39013671875,0.0363499975204467,call,0.9951885439030516,0.0082191780821917,91.9
SPXW260612C07325000,2026-06-09 19:03:55+00:00,7325.0,94.8,85.7,86.2,-17.57,-15.635845,554.0,773.0,0.2283326068878174,True,REGULAR,USD,2026-06-12,7355.39013671875,0.0363499975204467,call,0.9958683174986136,0.0082191780821917,85.95
SPXW260612C07330000,2026-06-09 18:36:55+00:00,7330.0,86.1,85.0,85.5,-22.880005,-20.994682,291.0,44.0,0.2352218812561035,True,REGULAR,USD,2026-06-12,7355.39013671875,0.0363499975204467,call,0.996548091094176,0.0082191780821917,85.25
SPXW260612C07335000,2026-06-09 19:02:07+00:00,7335.0,86.2,78.7,79.1,-56.710007,-39.68232,318.0,8.0,0.2231675584411621,True,REGULAR,USD,2026-06-12,7355.39013671875,0.0363499975204467,call,0.997227864689738,0.0082191780821917,78.9
SPXW260612C07340000,2026-06-09 19:11:26+00:00,7340.0,77.59,78.0,78.3,-23.890007,-23.541592,382.0,204.0,0.2293320475769042,True,REGULAR,USD,2026-06-12,7355.39013671875,0.0363499975204467,call,0.9979076382853004,0.0082191780821917,78.15
SPXW260612C07345000,2026-06-09 19:11:29+00:00,7345.0,74.8,74.8,75.1,-40.899994,-35.35004,216.0,47.0,0.2274399766540527,True,REGULAR,USD,2026-06-12,7355.39013671875,0.0363499975204467,call,0.9985874118808624,0.0082191780821917,74.94999999999999
SPXW260612C07350000,2026-06-09 19:08:40+00:00,7350.0,79.03,70.5,71.0,-14.870003,-15.835999,1874.0,796.0,0.2224389585494994,True,REGULAR,USD,2026-06-12,7355.39013671875,0.0363499975204467,call,0.9992671854764248,0.0082191780821917,70.75
SPXW260612C07355000,2026-06-09 19:12:28+00:00,7355.0,69.9,68.7,69.0,-21.900002,-23.85621,127.0,134.0,0.2240983352661132,True,REGULAR,USD,2026-06-12,7355.39013671875,0.0363499975204467,call,0.9999469590719868,0.0082191780821917,68.85
SPXW260612C07360000,2026-06-09 19:13:30+00:00,7360.0,66.8,65.4,65.8,-21.649994,-24.4771,326.0,308.0,0.2216607680892944,False,REGULAR,USD,2026-06-12,7355.39013671875,0.0363499975204467,call,1.000626732667549,0.0082191780821917,65.6
SPXW260612C07365000,2026-06-09 19:10:48+00:00,7365.0,63.08,62.3,62.7,-21.29,-25.234087,207.0,38.0,0.219360528640747,False,REGULAR,USD,2026-06-12,7355.39013671875,0.0363499975204467,call,1.0013065062631112,0.0082191780821917,62.5
SPXW260612C07370000,2026-06-09 19:14:51+00:00,7370.0,57.02,57.5,57.8,-20.460003,-26.406816,381.0,182.0,0.2109797225570678,False,REGULAR,USD,2026-06-12,7355.39013671875,0.0363499975204467,call,1.0019862798586734,0.0082191780821917,57.65
SPXW260612C07375000,2026-06-09 19:05:15+00:00,7375.0,59.5,56.6,56.9,-18.07,-23.295088,434.0,1070.0,0.2154619470214843,False,REGULAR,USD,2026-06-12,7355.39013671875,0.0363499975204467,call,1.0026660534542358,0.0082191780821917,56.75
SPXW260612C07380000,2026-06-09 19:11:02+00:00,7380.0,54.4,53.7,54.1,-17.799995,-24.653734,264.0,182.0,0.2135279148483276,False,REGULAR,USD,2026-06-12,7355.39013671875,0.0363499975204467,call,1.003345827049798,0.0082191780821917,53.900000000000006
SPXW260612C07385000,2026-06-09 19:02:23+00:00,7385.0,54.9,51.2,51.6,-14.299995,-20.664734,377.0,111.0,0.2123720731353759,False,REGULAR,USD,2026-06-12,7355.39013671875,0.0363499975204467,call,1.00402560064536,0.0082191780821917,51.400000000000006
SPXW260612C07390000,2026-06-09 19:10:12+00:00,7390.0,50.48,48.4,48.7,-14.680004,-22.529163,905.0,250.0,0.2096789237976073,False,REGULAR,USD,2026-06-12,7355.39013671875,0.0363499975204467,call,1.0047053742409222,0.0082191780821917,48.55
SPXW260612C07395000,2026-06-09 18:44:03+00:00,7395.0,43.87,43.8,44.2,-18.310001,-29.44677,211.0,924.0,0.2013858548736572,False,REGULAR,USD,2026-06-12,7355.39013671875,0.0363499975204467,call,1.0053851478364844,0.0082191780821917,44.0
SPXW260612C07400000,2026-06-09 19:12:31+00:00,7400.0,44.4,41.2,41.6,-15.899998,-26.368156,2160.0,1313.0,0.1991733525848388,False,REGULAR,USD,2026-06-12,7355.39013671875,0.0363499975204467,call,1.0060649214320467,0.0082191780821917,41.400000000000006
SPXW260612C07405000,2026-06-09 19:06:07+00:00,7405.0,45.7,40.8,41.2,-12.049999,-20.865799,1494.0,208.0,0.2042163319396972,False,REGULAR,USD,2026-06-12,7355.39013671875,0.0363499975204467,call,1.0067446950276089,0.0082191780821917,41.0
SPXW260612C07410000,2026-06-09 19:12:36+00:00,7410.0,39.26,38.7,39.1,-14.740002,-27.296299,613.0,368.0,0.2032931844329833,False,REGULAR,USD,2026-06-12,7355.39013671875,0.0363499975204467,call,1.007424468623171,0.0082191780821917,38.900000000000006
SPXW260612C07415000,2026-06-09 19:03:37+00:00,7415.0,39.6,36.3,36.7,-13.450001,-25.353443,159.0,325.0,0.2010959407806396,False,REGULAR,USD,2026-06-12,7355.39013671875,0.0363499975204467,call,1.0081042422187332,0.0082191780821917,36.5
SPXW260612C07420000,2026-06-09 19:11:26+00:00,7420.0,33.84,34.0,34.4,-13.599998,-28.66779,616.0,464.0,0.1989902489471435,False,REGULAR,USD,2026-06-12,7355.39013671875,0.0363499975204467,call,1.008784015814295,0.0082191780821917,34.2
SPXW260612C07425000,2026-06-09 19:13:57+00:00,7425.0,32.15,31.9,32.2,-15.57,-32.627827,2158.0,457.0,0.1969684796142577,False,REGULAR,USD,2026-06-12,7355.39013671875,0.0363499975204467,call,1.0094637894098577,0.0082191780821917,32.05
SPXW260612C07430000,2026-06-09 19:14:12+00:00,7430.0,30.0,29.5,29.8,-15.119999,-33.510635,2093.0,421.0,0.1939320109558105,False,REGULAR,USD,2026-06-12,7355.39013671875,0.0363499975204467,call,1.01014356300542,0.0082191780821917,29.65
SPXW260612C07435000,2026-06-09 19:07:31+00:00,7435.0,32.0,27.9,28.3,-8.599998,-21.182264,220.0,204.0,0.1939396402740479,False,REGULAR,USD,2026-06-12,7355.39013671875,0.0363499975204467,call,1.010823336600982,0.0082191780821917,28.1
SPXW260612C07440000,2026-06-09 19:10:12+00:00,7440.0,27.45,26.2,26.6,-12.5,-31.28911,423.0,394.0,0.1929630875396728,False,REGULAR,USD,2026-06-12,7355.39013671875,0.0363499975204467,call,1.0115031101965442,0.0082191780821917,26.4
SPXW260612C07445000,2026-06-09 19:02:07+00:00,7445.0,26.6,24.5,24.8,-9.949999,-27.222979,163.0,290.0,0.1913380427551269,False,REGULAR,USD,2026-06-12,7355.39013671875,0.0363499975204467,call,1.0121828837921063,0.0082191780821917,24.65
SPXW260612C07450000,2026-06-09 19:13:34+00:00,7450.0,23.1,22.2,22.5,-11.1,-32.45614,4540.0,4411.0,0.1874318318176269,False,REGULAR,USD,2026-06-12,7355.39013671875,0.0363499975204467,call,1.012862657387669,0.0082191780821917,22.35
SPXW260612C07455000,2026-06-09 19:00:14+00:00,7455.0,22.3,20.4,20.7,-10.400002,-31.804285,353.0,343.0,0.1851506656646728,False,REGULAR,USD,2026-06-12,7355.39013671875,0.0363499975204467,call,1.0135424309832308,0.0082191780821917,20.55
SPXW260612C07460000,2026-06-09 19:05:06+00:00,7460.0,22.66,19.0,19.3,-7.34,-24.466667,825.0,322.0,0.184204630203247,False,REGULAR,USD,2026-06-12,7355.39013671875,0.0363499975204467,call,1.014222204578793,0.0082191780821917,19.15
SPXW260612C07465000,2026-06-09 19:08:58+00:00,7465.0,20.0,17.7,18.0,-8.57,-29.9965,1504.0,434.0,0.1834188104248046,False,REGULAR,USD,2026-06-12,7355.39013671875,0.0363499975204467,call,1.0149019781743551,0.0082191780821917,17.85
SPXW260612C07470000,2026-06-09 18:59:53+00:00,7470.0,18.8,15.6,15.8,-7.220001,-27.74789,612.0,356.0,0.1782842792510986,False,REGULAR,USD,2026-06-12,7355.39013671875,0.0363499975204467,call,1.0155817517699173,0.0082191780821917,15.7
SPXW260612C07475000,2026-06-09 19:02:23+00:00,7475.0,16.8,15.1,15.4,-8.560001,-33.75395,694.0,1127.0,0.1809926872253418,False,REGULAR,USD,2026-06-12,7355.39013671875,0.0363499975204467,call,1.0162615253654796,0.0082191780821917,15.25
SPXW260612C07480000,2026-06-09 19:14:12+00:00,7480.0,14.17,13.8,14.1,-8.09,-36.343216,1277.0,519.0,0.1793066078948974,False,REGULAR,USD,2026-06-12,7355.39013671875,0.0363499975204467,call,1.0169412989610418,0.0082191780821917,13.95
SPXW260612C07485000,2026-06-09 19:12:44+00:00,7485.0,13.15,12.9,13.1,-8.800001,-40.09112,297.0,269.0,0.1787649263000488,False,REGULAR,USD,2026-06-12,7355.39013671875,0.0363499975204467,call,1.017621072556604,0.0082191780821917,13.0
SPXW260612C07490000,2026-06-09 19:10:32+00:00,7490.0,12.3,11.8,12.0,-7.9800005,-39.349113,1165.0,397.0,0.1774221662902831,False,REGULAR,USD,2026-06-12,7355.39013671875,0.0363499975204467,call,1.018300846152166,0.0082191780821917,11.9
SPXW260612C07495000,2026-06-09 19:11:09+00:00,7495.0,11.1,10.8,11.1,-6.75,-37.815125,567.0,365.0,0.1768194501495361,False,REGULAR,USD,2026-06-12,7355.39013671875,0.0363499975204467,call,1.0189806197477282,0.0082191780821917,10.95
SPXW260612C07500000,2026-06-09 19:14:14+00:00,7500.0,9.85,9.8,9.9,-6.6499996,-39.559784,5407.0,2853.0,0.1742331112670898,False,REGULAR,USD,2026-06-12,7355.39013671875,0.0363499975204467,call,1.0196603933432906,0.0082191780821917,9.85
SPXW260612C07505000,2026-06-09 19:11:30+00:00,7505.0,8.93,8.3,8.5,-6.3899994,-41.71018,455.0,530.0,0.1699149171447754,False,REGULAR,USD,2026-06-12,7355.39013671875,0.0363499975204467,call,1.0203401669388528,0.0082191780821917,8.4
SPXW260612C07510000,2026-06-09 19:11:54+00:00,7510.0,7.8,7.6,7.7,-5.9399996,-43.231438,682.0,818.0,0.1687247434997559,False,REGULAR,USD,2026-06-12,7355.39013671875,0.0363499975204467,call,1.021019940534415,0.0082191780821917,7.65
SPXW260612C07515000,2026-06-09 19:12:15+00:00,7515.0,7.6,7.4,7.5,-5.72,-42.942944,648.0,1447.0,0.1711966426086426,False,REGULAR,USD,2026-06-12,7355.39013671875,0.0363499975204467,call,1.021699714129977,0.0082191780821917,7.45
SPXW260612C07520000,2026-06-09 19:07:30+00:00,7520.0,7.75,6.6,6.8,-4.25,-35.416668,2681.0,978.0,0.1701590553283691,False,REGULAR,USD,2026-06-12,7355.39013671875,0.0363499975204467,call,1.0223794877255392,0.0082191780821917,6.699999999999999
SPXW260612C07525000,2026-06-09 19:12:27+00:00,7525.0,6.36,5.9,6.0,-4.07,-39.022053,1476.0,2091.0,0.1680075875854492,False,REGULAR,USD,2026-06-12,7355.39013671875,0.0363499975204467,call,1.0230592613211016,0.0082191780821917,5.95
SPXW260612C07530000,2026-06-09 19:13:12+00:00,7530.0,5.61,5.5,5.6,-3.9900002,-41.5625,2374.0,625.0,0.1685111225891113,False,REGULAR,USD,2026-06-12,7355.39013671875,0.0363499975204467,call,1.0237390349166635,0.0082191780821917,5.55
SPXW260612C07535000,2026-06-09 19:12:36+00:00,7535.0,5.1,4.8,5.0,-3.7999997,-42.69663,366.0,393.0,0.1671531039428711,False,REGULAR,USD,2026-06-12,7355.39013671875,0.0363499975204467,call,1.024418808512226,0.0082191780821917,4.9
SPXW260612C07540000,2026-06-09 19:13:24+00:00,7540.0,4.47,4.2,4.4,-3.3500004,-42.83888,1370.0,950.0,0.1653678434753418,False,REGULAR,USD,2026-06-12,7355.39013671875,0.0363499975204467,call,1.025098582107788,0.0082191780821917,4.300000000000001
SPXW260612C07545000,2026-06-09 19:12:10+00:00,7545.0,4.0,3.8,3.9,-3.1,-43.661972,698.0,521.0,0.1640403421020508,False,REGULAR,USD,2026-06-12,7355.39013671875,0.0363499975204467,call,1.0257783557033502,0.0082191780821917,3.85
SPXW260612C07550000,2026-06-09 19:14:38+00:00,7550.0,3.3,3.2,3.4,-3.1000001,-48.4375,2166.0,2932.0,0.1622550816345214,False,REGULAR,USD,2026-06-12,7355.39013671875,0.0363499975204467,call,1.0264581292989126,0.0082191780821917,3.3
SPXW260612C07555000,2026-06-09 19:07:29+00:00,7555.0,3.6,3.0,3.1,-2.2000003,-37.931038,712.0,731.0,0.1621787884521484,False,REGULAR,USD,2026-06-12,7355.39013671875,0.0363499975204467,call,1.0271379028944747,0.0082191780821917,3.05
SPXW260612C07560000,2026-06-09 19:13:34+00:00,7560.0,2.83,2.5,2.6,-2.37,-45.576923,1735.0,1842.0,0.1594017166137695,False,REGULAR,USD,2026-06-12,7355.39013671875,0.0363499975204467,call,1.0278176764900369,0.0082191780821917,2.55
SPXW260612C07565000,2026-06-09 19:11:41+00:00,7565.0,2.35,2.25,2.35,-2.35,-50.0,1259.0,462.0,0.1592186129760742,False,REGULAR,USD,2026-06-12,7355.39013671875,0.0363499975204467,call,1.028497450085599,0.0082191780821917,2.3
SPXW260612C07570000,2026-06-09 19:13:57+00:00,7570.0,2.2,1.95,2.05,-1.9999998,-47.61904,1412.0,1195.0,0.1579979220581054,False,REGULAR,USD,2026-06-12,7355.39013671875,0.0363499975204467,call,1.0291772236811612,0.0082191780821917,2.0
SPXW260612C07575000,2026-06-09 19:13:48+00:00,7575.0,2.0,1.9,2.0,-1.75,-46.666668,1837.0,1907.0,0.1601951657104492,False,REGULAR,USD,2026-06-12,7355.39013671875,0.0363499975204467,call,1.0298569972767233,0.0082191780821917,1.95
SPXW260612C07580000,2026-06-09 19:11:31+00:00,7580.0,1.68,1.65,1.7,-1.34,-44.37086,2868.0,1413.0,0.1583336120605468,False,REGULAR,USD,2026-06-12,7355.39013671875,0.0363499975204467,call,1.0305367708722857,0.0082191780821917,1.6749999999999998
SPXW260612C07585000,2026-06-09 19:12:26+00:00,7585.0,1.55,1.45,1.55,-1.0,-39.215687,524.0,407.0,0.1585777502441406,False,REGULAR,USD,2026-06-12,7355.39013671875,0.0363499975204467,call,1.0312165444678478,0.0082191780821917,1.5
SPXW260612C07590000,2026-06-09 19:11:18+00:00,7590.0,1.32,1.3,1.35,-0.9999999,-43.103443,1286.0,1666.0,0.1576011975097656,False,REGULAR,USD,2026-06-12,7355.39013671875,0.0363499975204467,call,1.03189631806341,0.0082191780821917,1.3250000000000002
SPXW260612C07595000,2026-06-09 19:12:41+00:00,7595.0,1.2,1.15,1.25,-0.8499999,-41.463413,310.0,444.0,0.1583030947875977,False,REGULAR,USD,2026-06-12,7355.39013671875,0.0363499975204467,call,1.032576091658972,0.0082191780821917,1.2
SPXW260612C07600000,2026-06-09 19:11:27+00:00,7600.0,1.0,0.95,1.05,-1.02,-50.49505,4779.0,6119.0,0.1565636102294922,False,REGULAR,USD,2026-06-12,7355.39013671875,0.0363499975204467,call,1.0332558652545345,0.0082191780821917,1.0
SPXW260612C07605000,2026-06-09 19:11:35+00:00,7605.0,0.85,0.8,0.9,-0.91999996,-51.977398,414.0,429.0,0.1554649884033203,False,REGULAR,USD,2026-06-12,7355.39013671875,0.0363499975204467,call,1.0339356388500966,0.0082191780821917,0.8500000000000001
SPXW260612C07610000,2026-06-09 19:02:20+00:00,7610.0,0.8,0.7,0.8,-0.71999997,-47.368423,658.0,1114.0,0.155281884765625,False,REGULAR,USD,2026-06-12,7355.39013671875,0.0363499975204467,call,1.0346154124456588,0.0082191780821917,0.75
SPXW260612C07615000,2026-06-09 19:04:32+00:00,7615.0,0.74,0.65,0.75,-0.63,-45.9854,1258.0,1722.0,0.1563194720458984,False,REGULAR,USD,2026-06-12,7355.39013671875,0.0363499975204467,call,1.035295186041221,0.0082191780821917,0.7
SPXW260612C07620000,2026-06-09 19:02:15+00:00,7620.0,0.6,0.55,0.6,-0.6,-50.0,1199.0,1228.0,0.1539391247558593,False,REGULAR,USD,2026-06-12,7355.39013671875,0.0363499975204467,call,1.035974959636783,0.0082191780821917,0.575
SPXW260612C07625000,2026-06-09 19:04:32+00:00,7625.0,0.54,0.5,0.55,-0.5199999,-49.0566,2073.0,1947.0,0.1545494702148437,False,REGULAR,USD,2026-06-12,7355.39013671875,0.0363499975204467,call,1.0366547332323452,0.0082191780821917,0.525
SPXW260612C07630000,2026-06-09 19:09:31+00:00,7630.0,0.52,0.45,0.55,-0.38,-42.222225,1109.0,1402.0,0.1569908520507812,False,REGULAR,USD,2026-06-12,7355.39013671875,0.0363499975204467,call,1.0373345068279076,0.0082191780821917,0.5
SPXW260612C07635000,2026-06-09 19:13:24+00:00,7635.0,0.42,0.4,0.45,-0.35,-43.750004,480.0,2006.0,0.1552208502197266,False,REGULAR,USD,2026-06-12,7355.39013671875,0.0363499975204467,call,1.0380142804234698,0.0082191780821917,0.425
SPXW260612C07640000,2026-06-09 19:08:44+00:00,7640.0,0.4,0.3,0.4,-0.24999997,-38.461533,872.0,3359.0,0.1552208502197266,False,REGULAR,USD,2026-06-12,7355.39013671875,0.0363499975204467,call,1.038694054019032,0.0082191780821917,0.35
SPXW260612C07645000,2026-06-09 19:00:08+00:00,7645.0,0.3,0.3,0.4,-0.3,-50.0,434.0,444.0,0.1575401629638672,False,REGULAR,USD,2026-06-12,7355.39013671875,0.0363499975204467,call,1.039373827614594,0.0082191780821917,0.35
SPXW260612C07650000,2026-06-09 19:12:10+00:00,7650.0,0.3,0.25,0.3,-0.25,-45.454544,2612.0,3853.0,0.15430533203125,False,REGULAR,USD,2026-06-12,7355.39013671875,0.0363499975204467,call,1.0400536012101562,0.0082191780821917,0.275
SPXW260612C07660000,2026-06-09 18:55:31+00:00,7660.0,0.3,0.2,0.25,-0.099999994,-24.999998,470.0,1064.0,0.1555260229492187,False,REGULAR,USD,2026-06-12,7355.39013671875,0.0363499975204467,call,1.0414131484012807,0.0082191780821917,0.225
SPXW260612C07665000,2026-06-09 19:10:39+00:00,7665.0,0.2,0.2,0.25,-0.14999999,-42.85714,308.0,476.0,0.1577232666015625,False,REGULAR,USD,2026-06-12,7355.39013671875,0.0363499975204467,call,1.042092921996843,0.0082191780821917,0.225
SPXW260612C07675000,2026-06-09 19:03:12+00:00,7675.0,0.17,0.15,0.2,-0.14999999,-46.874996,1340.0,2548.0,0.1580894738769531,False,REGULAR,USD,2026-06-12,7355.39013671875,0.0363499975204467,call,1.0434524691879672,0.0082191780821917,0.175
SPXW260612C07680000,2026-06-09 19:06:35+00:00,7680.0,0.15,0.15,0.2,-0.099999994,-39.999996,706.0,1036.0,0.1602867175292968,False,REGULAR,USD,2026-06-12,7355.39013671875,0.0363499975204467,call,1.0441322427835296,0.0082191780821917,0.175
SPXW260615C07290000,2026-06-09 18:50:55+00:00,7290.0,118.4,118.9,119.4,-221.20999,-65.13648,30.0,3.0,0.2042087026214599,True,REGULAR,USD,2026-06-15,7355.39013671875,0.0363499975204467,call,0.9911099023296784,0.0164383561643835,119.15
SPXW260615C07295000,2026-06-09 17:28:38+00:00,7295.0,97.9,118.9,119.4,-91.810005,-48.39492,88.0,1.0,0.2121126763153075,True,REGULAR,USD,2026-06-15,7355.39013671875,0.0363499975204467,call,0.9917896759252406,0.0164383561643835,119.15
SPXW260615C07300000,2026-06-09 18:20:09+00:00,7300.0,122.52,114.7,115.1,-17.030006,-12.203515,362.0,476.0,0.20879392288208,True,REGULAR,USD,2026-06-15,7355.39013671875,0.0363499975204467,call,0.9924694495208028,0.0164383561643835,114.9
SPXW260615C07305000,2026-06-09 18:42:47+00:00,7305.0,107.9,108.1,108.7,-72.74,-40.267937,85.0,1.0,0.2000583535003662,True,REGULAR,USD,2026-06-15,7355.39013671875,0.0363499975204467,call,0.993149223116365,0.0164383561643835,108.4
SPXW260615C07310000,2026-06-09 17:29:26+00:00,7310.0,96.1,104.6,105.0,-64.53001,-40.17307,30.0,14.0,0.1981319506454467,True,REGULAR,USD,2026-06-15,7355.39013671875,0.0363499975204467,call,0.9938289967119271,0.0164383561643835,104.8
SPXW260615C07315000,2026-06-09 17:31:08+00:00,7315.0,92.9,104.5,104.9,-65.939995,-41.51347,30.0,1.0,0.2051661820602416,True,REGULAR,USD,2026-06-15,7355.39013671875,0.0363499975204467,call,0.9945087703074892,0.0164383561643835,104.7
SPXW260615C07320000,2026-06-09 19:06:35+00:00,7320.0,106.77,97.7,98.3,-41.65,-28.062256,68.0,31.0,0.1957325300598144,True,REGULAR,USD,2026-06-15,7355.39013671875,0.0363499975204467,call,0.9951885439030516,0.0164383561643835,98.0
SPXW260615C07325000,2026-06-09 19:06:35+00:00,7325.0,103.27,96.5,96.9,-16.230003,-13.581593,47.0,452.0,0.1992267578125,True,REGULAR,USD,2026-06-15,7355.39013671875,0.0363499975204467,call,0.9958683174986136,0.0164383561643835,96.7
SPXW260615C07330000,2026-06-09 17:48:47+00:00,7330.0,83.3,90.7,91.2,-62.440002,-42.84342,32.0,64.0,0.1918873536682129,True,REGULAR,USD,2026-06-15,7355.39013671875,0.0363499975204467,call,0.996548091094176,0.0164383561643835,90.95
SPXW260615C07335000,2026-06-09 18:19:25+00:00,7335.0,81.0,90.4,90.8,-66.32001,-45.017654,15.0,71.0,0.1976017130279541,True,REGULAR,USD,2026-06-15,7355.39013671875,0.0363499975204467,call,0.997227864689738,0.0164383561643835,90.6
SPXW260615C07340000,2026-06-09 19:08:37+00:00,7340.0,94.65,87.5,87.9,-14.25,-13.0854,238.0,61.0,0.1969837382507324,True,REGULAR,USD,2026-06-15,7355.39013671875,0.0363499975204467,call,0.9979076382853004,0.0164383561643835,87.7
SPXW260615C07345000,2026-06-09 19:06:29+00:00,7345.0,89.5,81.1,81.5,-35.29,-28.279509,46.0,11.0,0.1876149354553222,True,REGULAR,USD,2026-06-15,7355.39013671875,0.0363499975204467,call,0.9985874118808624,0.0164383561643835,81.3
SPXW260615C07350000,2026-06-09 18:58:13+00:00,7350.0,86.39,80.9,81.3,-14.610001,-14.465346,304.0,439.0,0.1934208466339111,True,REGULAR,USD,2026-06-15,7355.39013671875,0.0363499975204467,call,0.9992671854764248,0.0164383561643835,81.1
SPXW260615C07355000,2026-06-09 18:31:06+00:00,7355.0,79.4,77.6,78.0,-18.489998,-18.888546,59.0,16.0,0.1914562971878052,True,REGULAR,USD,2026-06-15,7355.39013671875,0.0363499975204467,call,0.9999469590719868,0.0164383561643835,77.8
SPXW260615C07360000,2026-06-09 19:09:43+00:00,7360.0,79.5,74.6,75.0,-40.449997,-33.72238,68.0,95.0,0.1901097225189209,False,REGULAR,USD,2026-06-15,7355.39013671875,0.0363499975204467,call,1.000626732667549,0.0164383561643835,74.8
SPXW260615C07365000,2026-06-09 19:12:09+00:00,7365.0,72.5,71.5,72.0,-34.4,-32.179607,298.0,72.0,0.1886334494400024,False,REGULAR,USD,2026-06-15,7355.39013671875,0.0363499975204467,call,1.0013065062631112,0.0164383561643835,71.75
SPXW260615C07370000,2026-06-09 19:09:43+00:00,7370.0,73.3,68.6,69.0,-47.159996,-39.14992,133.0,105.0,0.1870274779510498,False,REGULAR,USD,2026-06-15,7355.39013671875,0.0363499975204467,call,1.0019862798586734,0.0164383561643835,68.8
SPXW260615C07375000,2026-06-09 19:14:27+00:00,7375.0,64.0,63.2,63.6,-21.120003,-24.812033,122.0,228.0,0.1793561984634399,False,REGULAR,USD,2026-06-15,7355.39013671875,0.0363499975204467,call,1.0026660534542358,0.0164383561643835,63.400000000000006
SPXW260615C07380000,2026-06-09 19:04:04+00:00,7380.0,68.7,62.8,63.2,-50.490005,-42.36094,50.0,41.0,0.1839070867919922,False,REGULAR,USD,2026-06-15,7355.39013671875,0.0363499975204467,call,1.003345827049798,0.0164383561643835,63.0
SPXW260615C07385000,2026-06-09 18:58:17+00:00,7385.0,64.4,60.0,60.5,-9.799995,-13.207541,188.0,81.0,0.1826329906463623,False,REGULAR,USD,2026-06-15,7355.39013671875,0.0363499975204467,call,1.00402560064536,0.0164383561643835,60.25
SPXW260615C07390000,2026-06-09 18:18:43+00:00,7390.0,49.6,55.0,55.4,-34.6,-41.092636,118.0,49.0,0.1752172933197021,False,REGULAR,USD,2026-06-15,7355.39013671875,0.0363499975204467,call,1.0047053742409222,0.0164383561643835,55.2
SPXW260615C07395000,2026-06-09 19:07:14+00:00,7395.0,59.38,54.7,55.1,-21.289997,-26.391468,207.0,13.0,0.1796537418746948,False,REGULAR,USD,2026-06-15,7355.39013671875,0.0363499975204467,call,1.0053851478364844,0.0164383561643835,54.900000000000006
SPXW260615C07400000,2026-06-09 19:11:26+00:00,7400.0,51.9,52.1,52.5,-16.29,-23.889133,1500.0,671.0,0.1781927274322509,False,REGULAR,USD,2026-06-15,7355.39013671875,0.0363499975204467,call,1.0060649214320467,0.0164383561643835,52.3
SPXW260615C07405000,2026-06-09 19:08:00+00:00,7405.0,54.4,49.9,50.3,-12.199997,-18.318316,138.0,68.0,0.1775976406097412,False,REGULAR,USD,2026-06-15,7355.39013671875,0.0363499975204467,call,1.0067446950276089,0.0164383561643835,50.1
SPXW260615C07410000,2026-06-09 18:56:42+00:00,7410.0,49.2,45.4,45.8,-13.16,-21.103271,572.0,121.0,0.1709486897659302,False,REGULAR,USD,2026-06-15,7355.39013671875,0.0363499975204467,call,1.007424468623171,0.0164383561643835,45.6
SPXW260615C07415000,2026-06-09 19:01:43+00:00,7415.0,46.8,44.7,45.1,-12.48,-21.052631,96.0,74.0,0.1738974212646484,False,REGULAR,USD,2026-06-15,7355.39013671875,0.0363499975204467,call,1.0081042422187332,0.0164383561643835,44.900000000000006
SPXW260615C07420000,2026-06-09 19:02:02+00:00,7420.0,45.19,41.9,42.3,-12.41,-21.54514,254.0,126.0,0.1712653064727783,False,REGULAR,USD,2026-06-15,7355.39013671875,0.0363499975204467,call,1.008784015814295,0.0164383561643835,42.1
SPXW260615C07425000,2026-06-09 19:02:59+00:00,7425.0,43.36,40.1,40.5,-10.309998,-19.209984,682.0,686.0,0.1710898321533203,False,REGULAR,USD,2026-06-15,7355.39013671875,0.0363499975204467,call,1.0094637894098577,0.0164383561643835,40.3
SPXW260615C07430000,2026-06-09 18:45:14+00:00,7430.0,39.8,38.0,38.4,-11.27,-22.06775,109.0,213.0,0.1699606930541992,False,REGULAR,USD,2026-06-15,7355.39013671875,0.0363499975204467,call,1.01014356300542,0.0164383561643835,38.2
SPXW260615C07435000,2026-06-09 19:01:43+00:00,7435.0,37.6,35.8,36.2,-11.400002,-23.265308,633.0,82.0,0.1683890534973144,False,REGULAR,USD,2026-06-15,7355.39013671875,0.0363499975204467,call,1.010823336600982,0.0164383561643835,36.0
SPXW260615C07440000,2026-06-09 18:57:12+00:00,7440.0,35.6,34.0,34.4,-10.530003,-22.8268,294.0,239.0,0.1677405614471435,False,REGULAR,USD,2026-06-15,7355.39013671875,0.0363499975204467,call,1.0115031101965442,0.0164383561643835,34.2
SPXW260615C07445000,2026-06-09 18:09:14+00:00,7445.0,33.4,31.7,32.0,-12.009998,-26.447916,92.0,64.0,0.1652457743835449,False,REGULAR,USD,2026-06-15,7355.39013671875,0.0363499975204467,call,1.0121828837921063,0.0164383561643835,31.85
SPXW260615C07450000,2026-06-09 19:08:57+00:00,7450.0,32.7,28.8,29.1,-8.599998,-20.823242,803.0,1388.0,0.1610725373077392,False,REGULAR,USD,2026-06-15,7355.39013671875,0.0363499975204467,call,1.012862657387669,0.0164383561643835,28.950000000000003
SPXW260615C07455000,2026-06-09 19:01:43+00:00,7455.0,29.6,28.1,28.5,-11.050001,-27.183273,108.0,90.0,0.1633346301651001,False,REGULAR,USD,2026-06-15,7355.39013671875,0.0363499975204467,call,1.0135424309832308,0.0164383561643835,28.3
SPXW260615C07460000,2026-06-09 19:01:43+00:00,7460.0,27.9,26.2,26.6,-10.190001,-26.75243,236.0,213.0,0.1616599948120117,False,REGULAR,USD,2026-06-15,7355.39013671875,0.0363499975204467,call,1.014222204578793,0.0164383561643835,26.4
SPXW260615C07465000,2026-06-09 19:13:27+00:00,7465.0,25.3,23.5,23.8,-9.700001,-27.714287,138.0,124.0,0.1570061106872559,False,REGULAR,USD,2026-06-15,7355.39013671875,0.0363499975204467,call,1.0149019781743551,0.0164383561643835,23.65
SPXW260615C07470000,2026-06-09 19:12:37+00:00,7470.0,23.6,22.9,23.2,-9.140001,-27.916924,150.0,168.0,0.1588867376327514,False,REGULAR,USD,2026-06-15,7355.39013671875,0.0363499975204467,call,1.0155817517699173,0.0164383561643835,23.05
SPXW260615C07475000,2026-06-09 19:10:19+00:00,7475.0,22.55,21.4,21.7,-7.8500004,-25.82237,308.0,415.0,0.1578148184204101,False,REGULAR,USD,2026-06-15,7355.39013671875,0.0363499975204467,call,1.0162615253654796,0.0164383561643835,21.55
SPXW260615C07480000,2026-06-09 19:10:19+00:00,7480.0,21.05,20.0,20.3,-8.810001,-29.504356,198.0,96.0,0.1568687829589844,False,REGULAR,USD,2026-06-15,7355.39013671875,0.0363499975204467,call,1.0169412989610418,0.0164383561643835,20.15
SPXW260615C07485000,2026-06-09 19:11:20+00:00,7485.0,18.5,18.3,18.6,-9.9,-34.859154,1045.0,53.0,0.1547020565795898,False,REGULAR,USD,2026-06-15,7355.39013671875,0.0363499975204467,call,1.017621072556604,0.0164383561643835,18.450000000000003
SPXW260615C07490000,2026-06-09 18:30:35+00:00,7490.0,18.8,17.0,17.3,-6.0,-24.193548,194.0,210.0,0.1536568399810791,False,REGULAR,USD,2026-06-15,7355.39013671875,0.0363499975204467,call,1.018300846152166,0.0164383561643835,17.15
SPXW260615C07495000,2026-06-09 19:02:25+00:00,7495.0,17.5,16.0,16.3,-6.0599995,-25.72156,196.0,160.0,0.1534737363433838,False,REGULAR,USD,2026-06-15,7355.39013671875,0.0363499975204467,call,1.0189806197477282,0.0164383561643835,16.15
SPXW260615C07500000,2026-06-09 19:12:28+00:00,7500.0,15.4,14.9,15.1,-6.59,-29.968168,2703.0,1849.0,0.1523751145172119,False,REGULAR,USD,2026-06-15,7355.39013671875,0.0363499975204467,call,1.0196603933432906,0.0164383561643835,15.0
SPXW260615C07505000,2026-06-09 19:08:58+00:00,7505.0,15.2,13.0,13.3,-5.12,-25.19685,314.0,271.0,0.1487130417633056,False,REGULAR,USD,2026-06-15,7355.39013671875,0.0363499975204467,call,1.0203401669388528,0.0164383561643835,13.15
SPXW260615C07510000,2026-06-09 19:02:31+00:00,7510.0,13.6,11.8,12.1,-5.6900005,-29.49715,198.0,279.0,0.1470345917510986,False,REGULAR,USD,2026-06-15,7355.39013671875,0.0363499975204467,call,1.021019940534415,0.0164383561643835,11.95
SPXW260615C07515000,2026-06-09 19:12:15+00:00,7515.0,11.91,11.4,11.7,-6.1900005,-34.1989,183.0,276.0,0.1484536449432373,False,REGULAR,USD,2026-06-15,7355.39013671875,0.0363499975204467,call,1.021699714129977,0.0164383561643835,11.55
SPXW260615C07520000,2026-06-09 19:02:24+00:00,7520.0,11.7,10.4,10.7,-4.5999994,-28.220856,148.0,268.0,0.147194807434082,False,REGULAR,USD,2026-06-15,7355.39013671875,0.0363499975204467,call,1.0223794877255392,0.0164383561643835,10.55
SPXW260615C07525000,2026-06-09 19:02:32+00:00,7525.0,10.4,9.5,9.7,-5.4000006,-34.17722,357.0,1455.0,0.1456613144683838,False,REGULAR,USD,2026-06-15,7355.39013671875,0.0363499975204467,call,1.0230592613211016,0.0164383561643835,9.6
SPXW260615C07530000,2026-06-09 19:06:50+00:00,7530.0,10.1,8.8,9.0,-3.5299997,-25.89875,294.0,283.0,0.1452722192382812,False,REGULAR,USD,2026-06-15,7355.39013671875,0.0363499975204467,call,1.0237390349166635,0.0164383561643835,8.9
SPXW260615C07535000,2026-06-09 19:02:25+00:00,7535.0,8.9,8.1,8.4,-3.3500004,-27.346941,276.0,180.0,0.1451806674194335,False,REGULAR,USD,2026-06-15,7355.39013671875,0.0363499975204467,call,1.024418808512226,0.0164383561643835,8.25
SPXW260615C07540000,2026-06-09 19:02:24+00:00,7540.0,9.0,7.3,7.6,-3.2399998,-26.470587,219.0,318.0,0.1438760540008545,False,REGULAR,USD,2026-06-15,7355.39013671875,0.0363499975204467,call,1.025098582107788,0.0164383561643835,7.449999999999999
SPXW260615C07545000,2026-06-09 19:02:31+00:00,7545.0,7.2,6.8,7.0,-3.4700003,-32.52109,167.0,259.0,0.1433801483154297,False,REGULAR,USD,2026-06-15,7355.39013671875,0.0363499975204467,call,1.0257783557033502,0.0164383561643835,6.9
SPXW260615C07550000,2026-06-09 19:08:00+00:00,7550.0,7.01,5.6,5.8,-3.4299994,-32.8544,945.0,2929.0,0.1390924714660644,False,REGULAR,USD,2026-06-15,7355.39013671875,0.0363499975204467,call,1.0264581292989126,0.0164383561643835,5.699999999999999
SPXW260615C07555000,2026-06-09 19:10:19+00:00,7555.0,5.77,5.1,5.3,-3.15,-35.3139,243.0,230.0,0.1385660485076904,False,REGULAR,USD,2026-06-15,7355.39013671875,0.0363499975204467,call,1.0271379028944747,0.0164383561643835,5.199999999999999
SPXW260615C07560000,2026-06-09 19:10:19+00:00,7560.0,5.22,4.8,5.0,-3.48,-40.0,704.0,568.0,0.1391535060119629,False,REGULAR,USD,2026-06-15,7355.39013671875,0.0363499975204467,call,1.0278176764900369,0.0164383561643835,4.9
SPXW260615C07565000,2026-06-09 19:02:32+00:00,7565.0,4.6,4.3,4.5,-2.9,-38.666668,139.0,189.0,0.1382150998687744,False,REGULAR,USD,2026-06-15,7355.39013671875,0.0363499975204467,call,1.028497450085599,0.0164383561643835,4.4
SPXW260615C07570000,2026-06-09 19:12:31+00:00,7570.0,4.2,4.0,4.2,-2.96,-41.340782,1031.0,1640.0,0.1384973846435547,False,REGULAR,USD,2026-06-15,7355.39013671875,0.0363499975204467,call,1.0291772236811612,0.0164383561643835,4.1
SPXW260615C07575000,2026-06-09 19:05:11+00:00,7575.0,4.25,3.4,3.6,-2.3400002,-35.508347,455.0,1155.0,0.1362238478088379,False,REGULAR,USD,2026-06-15,7355.39013671875,0.0363499975204467,call,1.0298569972767233,0.0164383561643835,3.5
SPXW260615C07580000,2026-06-09 19:02:20+00:00,7580.0,3.5,3.2,3.4,-1.8000002,-33.962265,731.0,1405.0,0.1369257450866699,False,REGULAR,USD,2026-06-15,7355.39013671875,0.0363499975204467,call,1.0305367708722857,0.0164383561643835,3.3
SPXW260615C07585000,2026-06-09 19:11:36+00:00,7585.0,2.7,2.7,2.85,-2.45,-47.572815,251.0,197.0,0.1343165182495117,False,REGULAR,USD,2026-06-15,7355.39013671875,0.0363499975204467,call,1.0312165444678478,0.0164383561643835,2.7750000000000004
SPXW260615C07590000,2026-06-09 19:02:33+00:00,7590.0,2.45,2.5,2.6,-1.95,-44.31818,267.0,197.0,0.1341334146118164,False,REGULAR,USD,2026-06-15,7355.39013671875,0.0363499975204467,call,1.03189631806341,0.0164383561643835,2.55
SPXW260615C07595000,2026-06-09 19:02:34+00:00,7595.0,2.2,2.0,2.15,-1.5999999,-42.10526,121.0,262.0,0.1315394464111328,False,REGULAR,USD,2026-06-15,7355.39013671875,0.0363499975204467,call,1.032576091658972,0.0164383561643835,2.075
SPXW260615C07600000,2026-06-09 19:12:41+00:00,7600.0,2.05,1.95,2.05,-1.55,-43.055557,2626.0,3708.0,0.1325617750549316,False,REGULAR,USD,2026-06-15,7355.39013671875,0.0363499975204467,call,1.0332558652545345,0.0164383561643835,2.0
SPXW260615C07605000,2026-06-09 19:05:45+00:00,7605.0,1.9,1.6,1.7,-1.1,-36.666668,871.0,2125.0,0.1302882382202148,False,REGULAR,USD,2026-06-15,7355.39013671875,0.0363499975204467,call,1.0339356388500966,0.0164383561643835,1.65
SPXW260615C07610000,2026-06-09 19:02:25+00:00,7610.0,1.65,1.35,1.45,-1.4499999,-46.774197,221.0,250.0,0.1288539263916015,False,REGULAR,USD,2026-06-15,7355.39013671875,0.0363499975204467,call,1.0346154124456588,0.0164383561643835,1.4
SPXW260615C07615000,2026-06-09 19:02:33+00:00,7615.0,1.25,1.3,1.45,-1.0999999,-46.80851,154.0,233.0,0.1309291009521484,False,REGULAR,USD,2026-06-15,7355.39013671875,0.0363499975204467,call,1.035295186041221,0.0164383561643835,1.375
SPXW260615C07620000,2026-06-09 19:10:14+00:00,7620.0,1.24,1.05,1.15,-1.1099999,-47.234043,353.0,263.0,0.1280604772949218,False,REGULAR,USD,2026-06-15,7355.39013671875,0.0363499975204467,call,1.035974959636783,0.0164383561643835,1.1
SPXW260615C07625000,2026-06-09 19:09:20+00:00,7625.0,1.2,1.0,1.15,-0.8499999,-41.463413,272.0,694.0,0.1300746173095703,False,REGULAR,USD,2026-06-15,7355.39013671875,0.0363499975204467,call,1.0366547332323452,0.0164383561643835,1.075
SPXW260615C07630000,2026-06-09 19:10:14+00:00,7630.0,0.94,0.9,1.0,-0.85999995,-47.777775,520.0,355.0,0.1292201336669922,False,REGULAR,USD,2026-06-15,7355.39013671875,0.0363499975204467,call,1.0373345068279076,0.0164383561643835,0.95
SPXW260615C07635000,2026-06-09 19:06:20+00:00,7635.0,0.85,0.75,0.85,-0.79999995,-48.484844,126.0,266.0,0.1280604772949218,False,REGULAR,USD,2026-06-15,7355.39013671875,0.0363499975204467,call,1.0380142804234698,0.0164383561643835,0.8
SPXW260615C07640000,2026-06-09 19:05:36+00:00,7640.0,0.8,0.65,0.75,-0.59999996,-42.85714,437.0,353.0,0.1276332354736328,False,REGULAR,USD,2026-06-15,7355.39013671875,0.0363499975204467,call,1.038694054019032,0.0164383561643835,0.7
SPXW260615C07645000,2026-06-09 19:02:26+00:00,7645.0,0.6,0.55,0.65,-0.65,-52.0,160.0,334.0,0.1269313381958007,False,REGULAR,USD,2026-06-15,7355.39013671875,0.0363499975204467,call,1.039373827614594,0.0164383561643835,0.6000000000000001
SPXW260615C07650000,2026-06-09 19:10:59+00:00,7650.0,0.55,0.5,0.6,-0.59999996,-52.173912,391.0,1147.0,0.127389097290039,False,REGULAR,USD,2026-06-15,7355.39013671875,0.0363499975204467,call,1.0400536012101562,0.0164383561643835,0.55
SPXW260615C07660000,2026-06-09 19:02:00+00:00,7660.0,0.4,0.35,0.45,-0.45000002,-52.941174,419.0,311.0,0.1261684063720703,False,REGULAR,USD,2026-06-15,7355.39013671875,0.0363499975204467,call,1.0414131484012807,0.0164383561643835,0.4
SPXW260615C07670000,2026-06-09 18:59:48+00:00,7670.0,0.3,0.3,0.4,-0.34999996,-53.84615,36.0,274.0,0.1278163391113281,False,REGULAR,USD,2026-06-15,7355.39013671875,0.0363499975204467,call,1.042772695592405,0.0164383561643835,0.35
SPXW260615C07680000,2026-06-09 18:54:18+00:00,7680.0,0.25,0.25,0.3,-0.25,-50.0,45.0,267.0,0.1268397863769531,False,REGULAR,USD,2026-06-15,7355.39013671875,0.0363499975204467,call,1.0441322427835296,0.0164383561643835,0.275
SPXW260615C07700000,2026-06-09 19:02:00+00:00,7700.0,0.21,0.15,0.2,-0.040000007,-16.000002,404.0,772.0,0.1275722009277343,False,REGULAR,USD,2026-06-15,7355.39013671875,0.0363499975204467,call,1.0468513371657782,0.0164383561643835,0.175
SPXW260616C07290000,2026-06-09 17:40:14+00:00,7290.0,105.09,128.3,128.7,-200.36002,-65.595024,69.0,2.0,0.2135050268936157,True,REGULAR,USD,2026-06-16,7355.39013671875,0.0363499975204467,call,0.9911099023296784,0.0191780821917808,128.5
SPXW260616C07300000,2026-06-09 17:40:02+00:00,7300.0,100.87,120.8,121.3,-81.63999,-44.731792,56.0,19.0,0.2100985363006591,True,REGULAR,USD,2026-06-16,7355.39013671875,0.0363499975204467,call,0.9924694495208028,0.0191780821917808,121.05
SPXW260616C07310000,2026-06-09 17:27:54+00:00,7310.0,90.36,114.0,114.5,-213.65001,-70.27729,63.0,3.0,0.2077754088973998,True,REGULAR,USD,2026-06-16,7355.39013671875,0.0363499975204467,call,0.9938289967119271,0.0191780821917808,114.25
SPXW260616C07315000,2026-06-09 16:53:57+00:00,7315.0,75.0,107.3,107.7,-66.45,-46.97773,26.0,16.0,0.1984943432617187,True,REGULAR,USD,2026-06-16,7355.39013671875,0.0363499975204467,call,0.9945087703074892,0.0191780821917808,107.5
SPXW260616C07320000,2026-06-09 17:43:48+00:00,7320.0,95.36,106.8,107.3,-61.819992,-39.3307,49.0,5.0,0.2041514827346801,True,REGULAR,USD,2026-06-16,7355.39013671875,0.0363499975204467,call,0.9951885439030516,0.0191780821917808,107.05
SPXW260616C07325000,2026-06-09 18:20:37+00:00,7325.0,95.48,103.4,103.9,-38.719994,-28.852455,383.0,32.0,0.2026752096557617,True,REGULAR,USD,2026-06-16,7355.39013671875,0.0363499975204467,call,0.9958683174986136,0.0191780821917808,103.65
SPXW260616C07330000,2026-06-09 19:13:42+00:00,7330.0,100.99,100.4,100.8,-44.36001,-30.519442,65.0,6.0,0.2017978380584716,True,REGULAR,USD,2026-06-16,7355.39013671875,0.0363499975204467,call,0.996548091094176,0.0191780821917808,100.6
SPXW260616C07335000,2026-06-09 18:56:56+00:00,7335.0,100.27,94.1,94.7,-37.93,-27.445732,41.0,1.0,0.1938709764099121,True,REGULAR,USD,2026-06-16,7355.39013671875,0.0363499975204467,call,0.997227864689738,0.0191780821917808,94.4
SPXW260616C07340000,2026-06-09 18:56:56+00:00,7340.0,96.97,93.4,94.2,-16.379997,-14.450814,109.0,6.0,0.1988185892868041,True,REGULAR,USD,2026-06-16,7355.39013671875,0.0363499975204467,call,0.9979076382853004,0.0191780821917808,93.8
SPXW260616C07350000,2026-06-09 19:10:26+00:00,7350.0,89.4,87.2,87.6,-27.299995,-23.393312,325.0,127.0,0.1954388013076782,True,REGULAR,USD,2026-06-16,7355.39013671875,0.0363499975204467,call,0.9992671854764248,0.0191780821917808,87.4
SPXW260616C07355000,2026-06-09 19:03:32+00:00,7355.0,89.14,83.2,83.6,-47.100006,-34.571346,39.0,1.0,0.1919827201461792,True,REGULAR,USD,2026-06-16,7355.39013671875,0.0363499975204467,call,0.9999469590719868,0.0191780821917808,83.4
SPXW260616C07360000,2026-06-09 18:00:53+00:00,7360.0,68.8,81.0,81.5,-171.06999,-71.317795,54.0,14.0,0.1927914278793334,False,REGULAR,USD,2026-06-16,7355.39013671875,0.0363499975204467,call,1.000626732667549,0.0191780821917808,81.25
SPXW260616C07365000,2026-06-09 19:11:38+00:00,7365.0,76.6,78.3,78.8,-30.700005,-28.611374,63.0,10.0,0.1921086038970947,False,REGULAR,USD,2026-06-16,7355.39013671875,0.0363499975204467,call,1.0013065062631112,0.0191780821917808,78.55
SPXW260616C07370000,2026-06-09 18:52:51+00:00,7370.0,76.12,74.3,74.7,-96.579994,-55.92356,48.0,24.0,0.1880917678451538,False,REGULAR,USD,2026-06-16,7355.39013671875,0.0363499975204467,call,1.0019862798586734,0.0191780821917808,74.5
SPXW260616C07375000,2026-06-09 18:44:46+00:00,7375.0,66.6,69.6,70.0,-34.1,-33.862957,76.0,55.0,0.1825605121231079,False,REGULAR,USD,2026-06-16,7355.39013671875,0.0363499975204467,call,1.0026660534542358,0.0191780821917808,69.8
SPXW260616C07380000,2026-06-09 18:56:46+00:00,7380.0,71.56,69.1,69.6,-38.840004,-35.181164,54.0,102.0,0.1868520036315918,False,REGULAR,USD,2026-06-16,7355.39013671875,0.0363499975204467,call,1.003345827049798,0.0191780821917808,69.35
SPXW260616C07385000,2026-06-09 19:10:37+00:00,7385.0,67.3,66.5,66.9,-17.619995,-20.748936,179.0,6.0,0.185707605895996,False,REGULAR,USD,2026-06-16,7355.39013671875,0.0363499975204467,call,1.00402560064536,0.0191780821917808,66.7
SPXW260616C07390000,2026-06-09 19:10:37+00:00,7390.0,64.5,63.6,64.0,-14.93,-18.796425,162.0,70.0,0.1839795653152465,False,REGULAR,USD,2026-06-16,7355.39013671875,0.0363499975204467,call,1.0047053742409222,0.0191780821917808,63.8
SPXW260616C07395000,2026-06-09 18:58:42+00:00,7395.0,66.46,59.5,60.0,-24.010002,-26.539186,18.0,25.0,0.1795469314193725,False,REGULAR,USD,2026-06-16,7355.39013671875,0.0363499975204467,call,1.0053851478364844,0.0191780821917808,59.75
SPXW260616C07400000,2026-06-09 18:56:55+00:00,7400.0,61.0,58.3,58.8,-14.419998,-19.119595,150.0,301.0,0.1815458127975463,False,REGULAR,USD,2026-06-16,7355.39013671875,0.0363499975204467,call,1.0060649214320467,0.0191780821917808,58.55
SPXW260616C07405000,2026-06-09 19:07:14+00:00,7405.0,60.03,55.6,56.0,-40.840004,-40.48776,54.0,1.0,0.1796651858520507,False,REGULAR,USD,2026-06-16,7355.39013671875,0.0363499975204467,call,1.0067446950276089,0.0191780821917808,55.8
SPXW260616C07410000,2026-06-09 15:49:37+00:00,7410.0,24.3,53.5,54.0,-45.500004,-65.18625,116.0,94.0,0.1795469314193725,False,REGULAR,USD,2026-06-16,7355.39013671875,0.0363499975204467,call,1.007424468623171,0.0191780821917808,53.75
SPXW260616C07415000,2026-06-09 17:21:25+00:00,7415.0,34.2,48.8,49.2,-42.899998,-55.642025,56.0,7.0,0.1725775492095947,False,REGULAR,USD,2026-06-16,7355.39013671875,0.0363499975204467,call,1.0081042422187332,0.0191780821917808,49.0
SPXW260616C07420000,2026-06-09 19:14:15+00:00,7420.0,48.22,46.7,47.3,-13.009998,-21.247753,96.0,124.0,0.172409704208374,False,REGULAR,USD,2026-06-16,7355.39013671875,0.0363499975204467,call,1.008784015814295,0.0191780821917808,47.0
SPXW260616C07425000,2026-06-09 19:04:04+00:00,7425.0,51.0,46.1,46.4,-7.459999,-12.76086,149.0,120.0,0.1745688012695312,False,REGULAR,USD,2026-06-16,7355.39013671875,0.0363499975204467,call,1.0094637894098577,0.0191780821917808,46.25
SPXW260616C07430000,2026-06-09 19:04:27+00:00,7430.0,48.27,43.8,44.2,-5.880001,-10.858727,148.0,114.0,0.1734320328521728,False,REGULAR,USD,2026-06-16,7355.39013671875,0.0363499975204467,call,1.01014356300542,0.0191780821917808,44.0
SPXW260616C07435000,2026-06-09 19:08:02+00:00,7435.0,46.0,41.4,41.8,-16.02,-25.830378,63.0,19.0,0.1716544017028808,False,REGULAR,USD,2026-06-16,7355.39013671875,0.0363499975204467,call,1.010823336600982,0.0191780821917808,41.6
SPXW260616C07440000,2026-06-09 18:58:00+00:00,7440.0,43.12,39.0,39.4,-7.4000015,-14.647667,307.0,59.0,0.1697089255523682,False,REGULAR,USD,2026-06-16,7355.39013671875,0.0363499975204467,call,1.0115031101965442,0.0191780821917808,39.2
SPXW260616C07445000,2026-06-09 18:25:05+00:00,7445.0,35.83,37.1,37.4,-14.239998,-28.44018,186.0,17.0,0.1686179330444336,False,REGULAR,USD,2026-06-16,7355.39013671875,0.0363499975204467,call,1.0121828837921063,0.0191780821917808,37.25
SPXW260616C07450000,2026-06-09 19:11:29+00:00,7450.0,35.19,33.8,34.2,-13.150002,-27.203146,345.0,626.0,0.1642310750579834,False,REGULAR,USD,2026-06-16,7355.39013671875,0.0363499975204467,call,1.012862657387669,0.0191780821917808,34.0
SPXW260616C07455000,2026-06-09 18:56:19+00:00,7455.0,34.87,32.9,33.3,-19.18,-35.48566,167.0,14.0,0.1657035334777832,False,REGULAR,USD,2026-06-16,7355.39013671875,0.0363499975204467,call,1.0135424309832308,0.0191780821917808,33.099999999999994
SPXW260616C07460000,2026-06-09 18:42:09+00:00,7460.0,31.62,31.4,31.8,-11.190001,-26.138752,153.0,111.0,0.165474653930664,False,REGULAR,USD,2026-06-16,7355.39013671875,0.0363499975204467,call,1.014222204578793,0.0191780821917808,31.6
SPXW260616C07465000,2026-06-09 19:10:04+00:00,7465.0,30.93,29.6,30.0,-8.869999,-22.28643,85.0,39.0,0.1642844802856445,False,REGULAR,USD,2026-06-16,7355.39013671875,0.0363499975204467,call,1.0149019781743551,0.0191780821917808,29.8
SPXW260616C07470000,2026-06-09 19:14:15+00:00,7470.0,27.9,26.7,27.0,-14.469999,-34.15152,70.0,32.0,0.1595466736602783,False,REGULAR,USD,2026-06-16,7355.39013671875,0.0363499975204467,call,1.0155817517699173,0.0191780821917808,26.85
SPXW260616C07475000,2026-06-09 18:45:14+00:00,7475.0,25.63,26.3,26.7,-11.430002,-30.841883,194.0,86.0,0.1622474523162841,False,REGULAR,USD,2026-06-16,7355.39013671875,0.0363499975204467,call,1.0162615253654796,0.0191780821917808,26.5
SPXW260616C07480000,2026-06-09 19:05:12+00:00,7480.0,28.24,24.4,24.7,-6.42,-18.522793,291.0,43.0,0.1599510275268554,False,REGULAR,USD,2026-06-16,7355.39013671875,0.0363499975204467,call,1.0169412989610418,0.0191780821917808,24.55
SPXW260616C07485000,2026-06-09 19:01:58+00:00,7485.0,24.9,21.9,22.3,-6.8900013,-21.673485,131.0,7.0,0.1561974029541015,False,REGULAR,USD,2026-06-16,7355.39013671875,0.0363499975204467,call,1.017621072556604,0.0191780821917808,22.1
SPXW260616C07490000,2026-06-09 19:10:33+00:00,7490.0,22.2,20.6,20.9,-6.0999985,-21.554766,96.0,30.0,0.1552208502197266,False,REGULAR,USD,2026-06-16,7355.39013671875,0.0363499975204467,call,1.018300846152166,0.0191780821917808,20.75
SPXW260616C07495000,2026-06-09 19:08:09+00:00,7495.0,22.85,19.1,19.4,-3.6999989,-13.935966,50.0,7.0,0.1537407624816894,False,REGULAR,USD,2026-06-16,7355.39013671875,0.0363499975204467,call,1.0189806197477282,0.0191780821917808,19.25
SPXW260616C07500000,2026-06-09 19:12:50+00:00,7500.0,19.0,18.7,19.0,-6.9300003,-26.7258,422.0,477.0,0.1556595360183715,False,REGULAR,USD,2026-06-16,7355.39013671875,0.0363499975204467,call,1.0196603933432906,0.0191780821917808,18.85
SPXW260616C07505000,2026-06-09 18:57:12+00:00,7505.0,19.8,16.7,17.0,-4.460001,-18.384174,50.0,21.0,0.1521538642883301,False,REGULAR,USD,2026-06-16,7355.39013671875,0.0363499975204467,call,1.0203401669388528,0.0191780821917808,16.85
SPXW260616C07510000,2026-06-09 19:02:14+00:00,7510.0,18.08,16.3,16.6,-4.120001,-18.558561,216.0,135.0,0.1538704608917236,False,REGULAR,USD,2026-06-16,7355.39013671875,0.0363499975204467,call,1.021019940534415,0.0191780821917808,16.450000000000003
SPXW260616C07515000,2026-06-09 19:06:04+00:00,7515.0,17.25,15.1,15.4,-3.5499992,-17.067305,153.0,55.0,0.1526955458831787,False,REGULAR,USD,2026-06-16,7355.39013671875,0.0363499975204467,call,1.021699714129977,0.0191780821917808,15.25
SPXW260616C07520000,2026-06-09 19:06:04+00:00,7520.0,16.0,13.2,13.6,-4.7700005,-22.965818,206.0,103.0,0.1490639904022216,False,REGULAR,USD,2026-06-16,7355.39013671875,0.0363499975204467,call,1.0223794877255392,0.0191780821917808,13.4
SPXW260616C07525000,2026-06-09 19:10:23+00:00,7525.0,13.47,13.0,13.3,-4.6799994,-25.785122,102.0,155.0,0.1508339922332764,False,REGULAR,USD,2026-06-16,7355.39013671875,0.0363499975204467,call,1.0230592613211016,0.0191780821917808,13.15
SPXW260616C07530000,2026-06-09 19:11:10+00:00,7530.0,12.1,11.2,11.5,-4.199999,-25.766865,154.0,99.0,0.146569203338623,False,REGULAR,USD,2026-06-16,7355.39013671875,0.0363499975204467,call,1.0237390349166635,0.0191780821917808,11.35
SPXW260616C07535000,2026-06-09 19:02:25+00:00,7535.0,12.28,10.7,11.0,-4.1099997,-25.076265,108.0,35.0,0.1472863592529297,False,REGULAR,USD,2026-06-16,7355.39013671875,0.0363499975204467,call,1.024418808512226,0.0191780821917808,10.85
SPXW260616C07540000,2026-06-09 19:13:29+00:00,7540.0,10.4,10.0,10.3,-5.1800003,-33.247753,116.0,123.0,0.1470422210693359,False,REGULAR,USD,2026-06-16,7355.39013671875,0.0363499975204467,call,1.025098582107788,0.0191780821917808,10.15
SPXW260616C07545000,2026-06-09 19:02:31+00:00,7545.0,11.07,9.4,9.6,-10.130001,-47.783024,116.0,27.0,0.1466378672027587,False,REGULAR,USD,2026-06-16,7355.39013671875,0.0363499975204467,call,1.0257783557033502,0.0191780821917808,9.5
SPXW260616C07550000,2026-06-09 19:08:11+00:00,7550.0,9.81,8.0,8.2,-3.0999994,-24.012388,1364.0,275.0,0.1427011389923095,False,REGULAR,USD,2026-06-16,7355.39013671875,0.0363499975204467,call,1.0264581292989126,0.0191780821917808,8.1
SPXW260616C07555000,2026-06-09 19:02:32+00:00,7555.0,8.2,7.7,7.9,-3.3000002,-28.695654,272.0,113.0,0.1437921315002441,False,REGULAR,USD,2026-06-16,7355.39013671875,0.0363499975204467,call,1.0271379028944747,0.0191780821917808,7.800000000000001
SPXW260616C07560000,2026-06-09 19:02:32+00:00,7560.0,7.5,7.2,7.4,-3.5,-31.818182,1731.0,220.0,0.1437845021820068,False,REGULAR,USD,2026-06-16,7355.39013671875,0.0363499975204467,call,1.0278176764900369,0.0191780821917808,7.300000000000001
SPXW260616C07565000,2026-06-09 19:02:32+00:00,7565.0,6.7,6.4,6.6,-2.9099998,-30.280958,209.0,53.0,0.1419839830780029,False,REGULAR,USD,2026-06-16,7355.39013671875,0.0363499975204467,call,1.028497450085599,0.0191780821917808,6.5
SPXW260616C07570000,2026-06-09 19:02:48+00:00,7570.0,6.3,5.7,5.9,-3.0,-32.258064,217.0,138.0,0.1404199728393554,False,REGULAR,USD,2026-06-16,7355.39013671875,0.0363499975204467,call,1.0291772236811612,0.0191780821917808,5.800000000000001
SPXW260616C07575000,2026-06-09 19:02:32+00:00,7575.0,5.6,5.2,5.3,-2.3899999,-29.91239,223.0,192.0,0.1391535060119629,False,REGULAR,USD,2026-06-16,7355.39013671875,0.0363499975204467,call,1.0298569972767233,0.0191780821917808,5.25
SPXW260616C07580000,2026-06-09 19:02:32+00:00,7580.0,5.0,4.4,4.7,-2.9,-36.70886,167.0,143.0,0.1375818664550781,False,REGULAR,USD,2026-06-16,7355.39013671875,0.0363499975204467,call,1.0305367708722857,0.0191780821917808,4.550000000000001
SPXW260616C07585000,2026-06-09 19:02:32+00:00,7585.0,5.4,4.4,4.6,-1.29,-19.28251,131.0,73.0,0.1391992819213867,False,REGULAR,USD,2026-06-16,7355.39013671875,0.0363499975204467,call,1.0312165444678478,0.0191780821917808,4.5
SPXW260616C07590000,2026-06-09 19:02:32+00:00,7590.0,4.2,3.6,3.8,-2.3500004,-35.877865,318.0,287.0,0.1356440196228027,False,REGULAR,USD,2026-06-16,7355.39013671875,0.0363499975204467,call,1.03189631806341,0.0191780821917808,3.7
SPXW260616C07595000,2026-06-09 19:02:27+00:00,7595.0,4.4,3.3,3.5,-1.6999998,-27.86885,316.0,84.0,0.135476174621582,False,REGULAR,USD,2026-06-16,7355.39013671875,0.0363499975204467,call,1.032576091658972,0.0191780821917808,3.4
SPXW260616C07600000,2026-06-09 19:13:31+00:00,7600.0,3.27,2.95,3.1,-1.6500001,-33.536587,512.0,524.0,0.1342707423400879,False,REGULAR,USD,2026-06-16,7355.39013671875,0.0363499975204467,call,1.0332558652545345,0.0191780821917808,3.0250000000000004
SPXW260616C07605000,2026-06-09 19:10:24+00:00,7605.0,3.1,2.8,2.95,-1.4000001,-31.111115,257.0,116.0,0.1350641914367676,False,REGULAR,USD,2026-06-16,7355.39013671875,0.0363499975204467,call,1.0339356388500966,0.0191780821917808,2.875
SPXW260616C07610000,2026-06-09 19:02:35+00:00,7610.0,2.5,2.45,2.65,-1.5500002,-38.271606,83.0,142.0,0.1343470355224609,False,REGULAR,USD,2026-06-16,7355.39013671875,0.0363499975204467,call,1.0346154124456588,0.0191780821917808,2.55
SPXW260616C07615000,2026-06-09 19:02:33+00:00,7615.0,2.25,2.15,2.3,-2.5500002,-53.125,163.0,221.0,0.132821171875,False,REGULAR,USD,2026-06-16,7355.39013671875,0.0363499975204467,call,1.035295186041221,0.0191780821917808,2.225
SPXW260616C07620000,2026-06-09 19:11:22+00:00,7620.0,2.04,2.0,2.1,-1.06,-34.193546,121.0,166.0,0.1326380682373047,False,REGULAR,USD,2026-06-16,7355.39013671875,0.0363499975204467,call,1.035974959636783,0.0191780821917808,2.05
SPXW260616C07625000,2026-06-09 19:02:16+00:00,7625.0,1.75,1.85,2.0,-1.1700001,-40.068493,174.0,180.0,0.1334620346069335,False,REGULAR,USD,2026-06-16,7355.39013671875,0.0363499975204467,call,1.0366547332323452,0.0191780821917808,1.925
SPXW260616C07630000,2026-06-09 19:05:10+00:00,7630.0,1.88,1.6,1.7,-0.82000005,-30.370373,105.0,62.0,0.1316920327758789,False,REGULAR,USD,2026-06-16,7355.39013671875,0.0363499975204467,call,1.0373345068279076,0.0191780821917808,1.65
SPXW260616C07635000,2026-06-09 19:13:31+00:00,7635.0,1.52,1.4,1.5,-0.5799999,-27.619045,70.0,119.0,0.1308375491333007,False,REGULAR,USD,2026-06-16,7355.39013671875,0.0363499975204467,call,1.0380142804234698,0.0191780821917808,1.45
SPXW260616C07640000,2026-06-09 19:11:22+00:00,7640.0,1.29,1.25,1.4,-1.69,-56.71141,133.0,274.0,0.1312647909545898,False,REGULAR,USD,2026-06-16,7355.39013671875,0.0363499975204467,call,1.038694054019032,0.0191780821917808,1.325
SPXW260616C07645000,2026-06-09 19:02:20+00:00,7645.0,1.25,1.1,1.2,-0.39999998,-24.242422,112.0,84.0,0.1299220309448241,False,REGULAR,USD,2026-06-16,7355.39013671875,0.0363499975204467,call,1.039373827614594,0.0191780821917808,1.15
SPXW260616C07650000,2026-06-09 19:13:08+00:00,7650.0,1.1,0.9,1.05,-1.0500001,-48.83721,321.0,800.0,0.1290980645751953,False,REGULAR,USD,2026-06-16,7355.39013671875,0.0363499975204467,call,1.0400536012101562,0.0191780821917808,0.975
SPXW260616C07655000,2026-06-09 19:02:29+00:00,7655.0,0.9,0.85,0.95,-0.47000003,-34.306572,176.0,144.0,0.1289759954833984,False,REGULAR,USD,2026-06-16,7355.39013671875,0.0363499975204467,call,1.0407333748057186,0.0191780821917808,0.8999999999999999
SPXW260616C07660000,2026-06-09 19:02:21+00:00,7660.0,0.85,0.75,0.85,-1.0699999,-55.729164,130.0,151.0,0.1286708227539062,False,REGULAR,USD,2026-06-16,7355.39013671875,0.0363499975204467,call,1.0414131484012807,0.0191780821917808,0.8
SPXW260616C07665000,2026-06-09 19:02:22+00:00,7665.0,0.75,0.65,0.8,-0.39,-34.210526,59.0,88.0,0.1292811682128906,False,REGULAR,USD,2026-06-16,7355.39013671875,0.0363499975204467,call,1.042092921996843,0.0191780821917808,0.7250000000000001
SPXW260616C07670000,2026-06-09 19:09:44+00:00,7670.0,0.75,0.55,0.65,-0.6,-44.444447,238.0,215.0,0.1273280627441406,False,REGULAR,USD,2026-06-16,7355.39013671875,0.0363499975204467,call,1.042772695592405,0.0191780821917808,0.6000000000000001
SPXW260616C07675000,2026-06-09 19:02:27+00:00,7675.0,0.5,0.5,0.6,-0.54999995,-52.38095,127.0,337.0,0.1276332354736328,False,REGULAR,USD,2026-06-16,7355.39013671875,0.0363499975204467,call,1.0434524691879672,0.0191780821917808,0.55
SPXW260616C07680000,2026-06-09 17:01:19+00:00,7680.0,0.45,0.45,0.55,-0.35000002,-43.750004,65.0,89.0,0.1278773736572265,False,REGULAR,USD,2026-06-16,7355.39013671875,0.0363499975204467,call,1.0441322427835296,0.0191780821917808,0.5
SPXW260616C07685000,2026-06-09 18:54:30+00:00,7685.0,0.6,0.45,0.5,-0.29999995,-33.33333,16.0,60.0,0.127938408203125,False,REGULAR,USD,2026-06-16,7355.39013671875,0.0363499975204467,call,1.0448120163790915,0.0191780821917808,0.475
SPXW260616C07690000,2026-06-09 18:54:30+00:00,7690.0,0.55,0.4,0.45,-0.34999996,-38.888885,17.0,73.0,0.1278773736572265,False,REGULAR,USD,2026-06-16,7355.39013671875,0.0363499975204467,call,1.045491789974654,0.0191780821917808,0.425
SPXW260616C07695000,2026-06-09 18:58:37+00:00,7695.0,0.43,0.35,0.4,-0.37,-46.25,92.0,36.0,0.1276332354736328,False,REGULAR,USD,2026-06-16,7355.39013671875,0.0363499975204467,call,1.046171563570216,0.0191780821917808,0.375
SPXW260616C07700000,2026-06-09 19:10:02+00:00,7700.0,0.35,0.3,0.35,-0.20000002,-36.36364,198.0,583.0,0.1272059936523437,False,REGULAR,USD,2026-06-16,7355.39013671875,0.0363499975204467,call,1.0468513371657782,0.0191780821917808,0.3249999999999999
SPXW260616C07710000,2026-06-09 19:10:02+00:00,7710.0,0.3,0.25,0.3,-0.049999982,-14.285709,19.0,103.0,0.1279994427490234,False,REGULAR,USD,2026-06-16,7355.39013671875,0.0363499975204467,call,1.048210884356903,0.0191780821917808,0.275
SPXW260617C07290000,2026-06-09 17:29:45+00:00,7290.0,118.4,134.0,135.2,-82.579994,-41.08866,162.0,124.0,0.2160951804351806,True,REGULAR,USD,2026-06-17,7355.39013671875,0.0363499975204467,call,0.9911099023296784,0.021917808219178,134.6
SPXW260617C07295000,2026-06-09 16:46:49+00:00,7295.0,80.6,133.2,134.0,-75.700005,-48.432503,62.0,6.0,0.2200586112594604,True,REGULAR,USD,2026-06-17,7355.39013671875,0.0363499975204467,call,0.9917896759252406,0.021917808219178,133.6
SPXW260617C07300000,2026-06-09 18:26:41+00:00,7300.0,131.0,129.2,130.0,-20.940002,-13.781757,1334.0,22.0,0.2176439320373535,True,REGULAR,USD,2026-06-17,7355.39013671875,0.0363499975204467,call,0.9924694495208028,0.021917808219178,129.6
SPXW260617C07310000,2026-06-09 17:28:54+00:00,7310.0,96.3,122.6,123.4,-34.199997,-26.206894,3.0,7.0,0.2157175291824341,True,REGULAR,USD,2026-06-17,7355.39013671875,0.0363499975204467,call,0.9938289967119271,0.021917808219178,123.0
SPXW260617C07315000,2026-06-09 18:12:00+00:00,7315.0,104.5,115.8,116.6,-121.11,-53.68113,10.0,1.0,0.2069094812774657,True,REGULAR,USD,2026-06-17,7355.39013671875,0.0363499975204467,call,0.9945087703074892,0.021917808219178,116.2
SPXW260617C07320000,2026-06-09 16:13:44+00:00,7320.0,72.55,112.6,113.2,-65.45,-47.427532,3.0,16.0,0.2055514626312255,True,REGULAR,USD,2026-06-17,7355.39013671875,0.0363499975204467,call,0.9951885439030516,0.021917808219178,112.9
SPXW260617C07325000,2026-06-09 17:36:38+00:00,7325.0,91.36,111.6,112.4,-65.92,-41.912514,4.0,16.0,0.2098162515258789,True,REGULAR,USD,2026-06-17,7355.39013671875,0.0363499975204467,call,0.9958683174986136,0.021917808219178,112.0
SPXW260617C07330000,2026-06-09 16:46:06+00:00,7330.0,63.29,106.2,106.8,-76.810005,-54.825127,6.0,10.0,0.2034648440933227,True,REGULAR,USD,2026-06-17,7355.39013671875,0.0363499975204467,call,0.996548091094176,0.021917808219178,106.5
SPXW260617C07335000,2026-06-09 18:03:02+00:00,7335.0,90.0,103.7,104.4,-60.339996,-40.13569,10.0,6.0,0.2040370429611205,True,REGULAR,USD,2026-06-17,7355.39013671875,0.0363499975204467,call,0.997227864689738,0.021917808219178,104.05
SPXW260617C07340000,2026-06-09 18:58:47+00:00,7340.0,106.7,102.6,103.2,-29.160004,-21.463274,9.0,78.0,0.207126916847229,True,REGULAR,USD,2026-06-17,7355.39013671875,0.0363499975204467,call,0.9979076382853004,0.021917808219178,102.9
SPXW260617C07350000,2026-06-09 19:03:32+00:00,7350.0,101.29,94.0,94.7,-16.71,-14.1610155,29.0,58.0,0.1997569954299927,True,REGULAR,USD,2026-06-17,7355.39013671875,0.0363499975204467,call,0.9992671854764248,0.021917808219178,94.35
SPXW260617C07355000,2026-06-09 19:03:32+00:00,7355.0,98.11,90.6,91.4,-47.89,-32.80137,6.0,3.0,0.1980060668945312,True,REGULAR,USD,2026-06-17,7355.39013671875,0.0363499975204467,call,0.9999469590719868,0.021917808219178,91.0
SPXW260617C07360000,2026-06-09 18:22:47+00:00,7360.0,84.6,90.0,90.6,-32.260002,-27.605684,14.0,229.0,0.2015880318069458,False,REGULAR,USD,2026-06-17,7355.39013671875,0.0363499975204467,call,1.000626732667549,0.021917808219178,90.3
SPXW260617C07365000,2026-06-09 18:56:54+00:00,7365.0,89.8,84.6,85.2,-33.85,-27.375654,12.0,2.0,0.1950916673278808,False,REGULAR,USD,2026-06-17,7355.39013671875,0.0363499975204467,call,1.0013065062631112,0.021917808219178,84.9
SPXW260617C07370000,2026-06-09 18:53:07+00:00,7370.0,85.8,83.4,84.2,-30.559998,-26.263319,8.0,45.0,0.1980518428039551,False,REGULAR,USD,2026-06-17,7355.39013671875,0.0363499975204467,call,1.0019862798586734,0.021917808219178,83.80000000000001
SPXW260617C07375000,2026-06-09 17:36:38+00:00,7375.0,64.04,78.7,80.4,-43.65,-40.533012,13.0,511.0,0.1948322705078125,False,REGULAR,USD,2026-06-17,7355.39013671875,0.0363499975204467,call,1.0026660534542358,0.021917808219178,79.55000000000001
SPXW260617C07380000,2026-06-09 19:10:13+00:00,7380.0,80.01,78.0,78.7,-25.739998,-24.340424,99.0,40.0,0.1960834786987305,False,REGULAR,USD,2026-06-17,7355.39013671875,0.0363499975204467,call,1.003345827049798,0.021917808219178,78.35
SPXW260617C07385000,2026-06-09 16:21:11+00:00,7385.0,55.38,75.2,75.8,-73.17,-56.919487,6.0,26.0,0.1946186495971679,False,REGULAR,USD,2026-06-17,7355.39013671875,0.0363499975204467,call,1.00402560064536,0.021917808219178,75.5
SPXW260617C07390000,2026-06-09 19:00:10+00:00,7390.0,76.53,70.4,71.2,-13.080002,-14.596588,12.0,70.0,0.1893315320587158,False,REGULAR,USD,2026-06-17,7355.39013671875,0.0363499975204467,call,1.0047053742409222,0.021917808219178,70.80000000000001
SPXW260617C07395000,2026-06-09 15:10:35+00:00,7395.0,38.2,69.8,70.4,-71.92999,-65.31372,8.0,10.0,0.1922650049209595,False,REGULAR,USD,2026-06-17,7355.39013671875,0.0363499975204467,call,1.0053851478364844,0.021917808219178,70.1
SPXW260617C07400000,2026-06-09 19:11:44+00:00,7400.0,66.0,67.1,67.6,-16.470001,-19.9709,83.0,447.0,0.1907086240005493,False,REGULAR,USD,2026-06-17,7355.39013671875,0.0363499975204467,call,1.0060649214320467,0.021917808219178,67.35
SPXW260617C07405000,2026-06-09 17:11:27+00:00,7405.0,38.82,64.9,65.6,-51.980003,-57.2467,4.0,33.0,0.1908154344558715,False,REGULAR,USD,2026-06-17,7355.39013671875,0.0363499975204467,call,1.0067446950276089,0.021917808219178,65.25
SPXW260617C07410000,2026-06-09 18:57:13+00:00,7410.0,66.46,60.0,60.6,-12.739998,-16.085855,41.0,85.0,0.184128337020874,False,REGULAR,USD,2026-06-17,7355.39013671875,0.0363499975204467,call,1.007424468623171,0.021917808219178,60.3
SPXW260617C07415000,2026-06-09 18:54:56+00:00,7415.0,59.8,57.4,58.2,-22.2,-27.073172,10.0,20.0,0.1831060083770751,False,REGULAR,USD,2026-06-17,7355.39013671875,0.0363499975204467,call,1.0081042422187332,0.021917808219178,57.8
SPXW260617C07420000,2026-06-08 19:29:35+00:00,7420.0,36.95,55.0,56.0,-33.460003,-47.52166,3.0,22.0,0.1824193697357178,False,REGULAR,USD,2026-06-17,7355.39013671875,0.0363499975204467,call,1.008784015814295,0.021917808219178,55.5
SPXW260617C07425000,2026-06-09 16:30:04+00:00,7425.0,28.13,54.6,55.2,-39.510002,-58.412186,101.0,731.0,0.1848149756622314,False,REGULAR,USD,2026-06-17,7355.39013671875,0.0363499975204467,call,1.0094637894098577,0.021917808219178,54.900000000000006
SPXW260617C07430000,2026-06-09 16:34:40+00:00,7430.0,29.55,52.6,53.2,-38.350002,-56.48012,10.0,120.0,0.1843877338409423,False,REGULAR,USD,2026-06-17,7355.39013671875,0.0363499975204467,call,1.01014356300542,0.021917808219178,52.900000000000006
SPXW260617C07435000,2026-06-09 17:40:18+00:00,7435.0,39.2,48.2,48.9,-31.249996,-44.357697,39.0,7.0,0.1785207881164551,False,REGULAR,USD,2026-06-17,7355.39013671875,0.0363499975204467,call,1.010823336600982,0.021917808219178,48.55
SPXW260617C07440000,2026-06-09 16:55:30+00:00,7440.0,22.9,47.6,48.1,-37.550003,-62.11745,30.0,42.0,0.1806379239273071,False,REGULAR,USD,2026-06-17,7355.39013671875,0.0363499975204467,call,1.0115031101965442,0.021917808219178,47.85
SPXW260617C07445000,2026-06-09 15:27:57+00:00,7445.0,25.54,45.6,46.2,-32.36,-55.88946,3.0,5.0,0.1800924276733398,False,REGULAR,USD,2026-06-17,7355.39013671875,0.0363499975204467,call,1.0121828837921063,0.021917808219178,45.900000000000006
SPXW260617C07450000,2026-06-09 19:11:29+00:00,7450.0,43.44,43.2,43.9,-10.510002,-19.481005,197.0,868.0,0.1784750122070312,False,REGULAR,USD,2026-06-17,7355.39013671875,0.0363499975204467,call,1.012862657387669,0.021917808219178,43.55
SPXW260617C07455000,2026-06-09 18:31:42+00:00,7455.0,42.4,41.4,41.9,-16.329998,-27.805206,5.0,42.0,0.1774412395858764,False,REGULAR,USD,2026-06-17,7355.39013671875,0.0363499975204467,call,1.0135424309832308,0.021917808219178,41.65
SPXW260617C07460000,2026-06-09 17:45:42+00:00,7460.0,31.9,39.0,39.4,-18.99,-37.31578,62.0,80.0,0.1750532629776001,False,REGULAR,USD,2026-06-17,7355.39013671875,0.0363499975204467,call,1.014222204578793,0.021917808219178,39.2
SPXW260617C07465000,2026-06-09 18:40:19+00:00,7465.0,38.57,37.2,37.6,-36.480003,-48.607597,33.0,15.0,0.1742407405853271,False,REGULAR,USD,2026-06-17,7355.39013671875,0.0363499975204467,call,1.0149019781743551,0.021917808219178,37.400000000000006
SPXW260617C07470000,2026-06-09 19:13:14+00:00,7470.0,36.55,35.6,36.0,-10.650002,-22.563562,85.0,184.0,0.1738020547866821,False,REGULAR,USD,2026-06-17,7355.39013671875,0.0363499975204467,call,1.0155817517699173,0.021917808219178,35.8
SPXW260617C07475000,2026-06-09 18:03:20+00:00,7475.0,31.0,34.0,34.4,-11.400002,-26.886795,53.0,92.0,0.1732451145553588,False,REGULAR,USD,2026-06-17,7355.39013671875,0.0363499975204467,call,1.0162615253654796,0.021917808219178,34.2
SPXW260617C07480000,2026-06-09 19:05:18+00:00,7480.0,35.2,32.1,32.6,-15.5,-30.571991,140.0,134.0,0.1720434969329834,False,REGULAR,USD,2026-06-17,7355.39013671875,0.0363499975204467,call,1.0169412989610418,0.021917808219178,32.35
SPXW260617C07485000,2026-06-09 18:40:25+00:00,7485.0,31.42,29.0,29.4,-9.49,-23.197262,10.0,12.0,0.1669547416687012,False,REGULAR,USD,2026-06-17,7355.39013671875,0.0363499975204467,call,1.017621072556604,0.021917808219178,29.2
SPXW260617C07490000,2026-06-09 19:02:33+00:00,7490.0,30.8,27.7,28.1,-6.799999,-18.085106,33.0,66.0,0.1667411207580567,False,REGULAR,USD,2026-06-17,7355.39013671875,0.0363499975204467,call,1.018300846152166,0.021917808219178,27.9
SPXW260617C07495000,2026-06-09 18:49:35+00:00,7495.0,26.82,26.0,26.6,-9.380001,-25.911606,21.0,2869.0,0.165848490524292,False,REGULAR,USD,2026-06-17,7355.39013671875,0.0363499975204467,call,1.0189806197477282,0.021917808219178,26.3
SPXW260617C07500000,2026-06-09 18:49:35+00:00,7500.0,25.37,25.2,25.6,-9.530001,-27.306591,161.0,732.0,0.1662375857543945,False,REGULAR,USD,2026-06-17,7355.39013671875,0.0363499975204467,call,1.0196603933432906,0.021917808219178,25.4
SPXW260617C07505000,2026-06-09 18:34:27+00:00,7505.0,24.55,24.2,24.6,-24.2,-49.641026,36.0,132.0,0.1665274998474121,False,REGULAR,USD,2026-06-17,7355.39013671875,0.0363499975204467,call,1.0203401669388528,0.021917808219178,24.4
SPXW260617C07510000,2026-06-09 18:03:59+00:00,7510.0,17.6,22.0,22.4,-13.4,-43.225807,19.0,86.0,0.1631591558456421,False,REGULAR,USD,2026-06-17,7355.39013671875,0.0363499975204467,call,1.021019940534415,0.021917808219178,22.2
SPXW260617C07515000,2026-06-09 17:11:42+00:00,7515.0,11.43,20.2,20.7,-18.07,-61.25424,19.0,66.0,0.1610267613983154,False,REGULAR,USD,2026-06-17,7355.39013671875,0.0363499975204467,call,1.021699714129977,0.021917808219178,20.45
SPXW260617C07520000,2026-06-09 19:10:36+00:00,7520.0,20.37,20.0,20.5,-7.0,-25.575447,102.0,115.0,0.1633918500518799,False,REGULAR,USD,2026-06-17,7355.39013671875,0.0363499975204467,call,1.0223794877255392,0.021917808219178,20.25
SPXW260617C07525000,2026-06-09 18:25:36+00:00,7525.0,18.15,18.7,19.1,-6.870001,-27.458036,78.0,254.0,0.1619041329956054,False,REGULAR,USD,2026-06-17,7355.39013671875,0.0363499975204467,call,1.0230592613211016,0.021917808219178,18.9
SPXW260617C07530000,2026-06-09 19:10:36+00:00,7530.0,17.87,17.2,17.6,-6.3899994,-26.339651,33.0,67.0,0.159889992980957,False,REGULAR,USD,2026-06-17,7355.39013671875,0.0363499975204467,call,1.0237390349166635,0.021917808219178,17.4
SPXW260617C07535000,2026-06-09 19:02:21+00:00,7535.0,17.7,16.3,16.7,-4.92,-21.750662,36.0,48.0,0.1596916307067871,False,REGULAR,USD,2026-06-17,7355.39013671875,0.0363499975204467,call,1.024418808512226,0.021917808219178,16.5
SPXW260617C07540000,2026-06-09 19:02:21+00:00,7540.0,16.6,14.5,14.9,-5.3500004,-24.373579,25.0,87.0,0.1561897736358642,False,REGULAR,USD,2026-06-17,7355.39013671875,0.0363499975204467,call,1.025098582107788,0.021917808219178,14.7
SPXW260617C07545000,2026-06-09 19:02:22+00:00,7545.0,15.5,14.1,14.5,-4.0699997,-20.797136,20.0,142.0,0.1574638697814941,False,REGULAR,USD,2026-06-17,7355.39013671875,0.0363499975204467,call,1.0257783557033502,0.021917808219178,14.3
SPXW260617C07550000,2026-06-09 19:08:42+00:00,7550.0,15.14,12.7,13.0,-3.159999,-17.267754,75.0,729.0,0.1545494702148437,False,REGULAR,USD,2026-06-17,7355.39013671875,0.0363499975204467,call,1.0264581292989126,0.021917808219178,12.85
SPXW260617C07555000,2026-06-09 19:13:47+00:00,7555.0,12.62,12.2,12.6,-4.410001,-25.895483,30.0,302.0,0.155632833404541,False,REGULAR,USD,2026-06-17,7355.39013671875,0.0363499975204467,call,1.0271379028944747,0.021917808219178,12.4
SPXW260617C07560000,2026-06-09 19:02:21+00:00,7560.0,12.5,11.3,11.6,-3.3000002,-20.886078,60.0,335.0,0.1542366681671142,False,REGULAR,USD,2026-06-17,7355.39013671875,0.0363499975204467,call,1.0278176764900369,0.021917808219178,11.45
SPXW260617C07565000,2026-06-09 19:02:22+00:00,7565.0,11.6,10.0,10.5,-3.1599998,-21.409214,18.0,88.0,0.1521843815612793,False,REGULAR,USD,2026-06-17,7355.39013671875,0.0363499975204467,call,1.028497450085599,0.021917808219178,10.25
SPXW260617C07570000,2026-06-09 19:02:31+00:00,7570.0,10.6,9.6,10.0,-7.289999,-40.749016,65.0,270.0,0.1525124422454834,False,REGULAR,USD,2026-06-17,7355.39013671875,0.0363499975204467,call,1.0291772236811612,0.021917808219178,9.8
SPXW260617C07575000,2026-06-09 19:02:21+00:00,7575.0,10.0,8.8,9.1,-2.5299997,-20.191538,50.0,671.0,0.1509026560974121,False,REGULAR,USD,2026-06-17,7355.39013671875,0.0363499975204467,call,1.0298569972767233,0.021917808219178,8.95
SPXW260617C07580000,2026-06-09 19:13:54+00:00,7580.0,8.5,8.2,8.6,-10.549999,-55.380573,49.0,76.0,0.1509636906433106,False,REGULAR,USD,2026-06-17,7355.39013671875,0.0363499975204467,call,1.0305367708722857,0.021917808219178,8.399999999999999
SPXW260617C07585000,2026-06-09 19:02:32+00:00,7585.0,8.2,7.3,7.6,-2.9000006,-26.126131,16.0,154.0,0.1483849810791015,False,REGULAR,USD,2026-06-17,7355.39013671875,0.0363499975204467,call,1.0312165444678478,0.021917808219178,7.449999999999999
SPXW260617C07590000,2026-06-09 19:02:28+00:00,7590.0,7.7,6.7,7.0,-2.4400005,-24.063122,74.0,2906.0,0.14756864402771,False,REGULAR,USD,2026-06-17,7355.39013671875,0.0363499975204467,call,1.03189631806341,0.021917808219178,6.85
SPXW260617C07595000,2026-06-09 19:06:36+00:00,7595.0,7.23,6.5,6.9,-1.8300004,-20.198679,63.0,138.0,0.1493157579040527,False,REGULAR,USD,2026-06-17,7355.39013671875,0.0363499975204467,call,1.032576091658972,0.021917808219178,6.7
SPXW260617C07600000,2026-06-09 19:02:32+00:00,7600.0,6.3,6.1,6.4,-2.1999998,-25.88235,308.0,387.0,0.1488045935821533,False,REGULAR,USD,2026-06-17,7355.39013671875,0.0363499975204467,call,1.0332558652545345,0.021917808219178,6.25
SPXW260617C07605000,2026-06-09 19:02:32+00:00,7605.0,5.8,5.3,5.7,-5.0199995,-46.39556,32.0,627.0,0.1469048933410644,False,REGULAR,USD,2026-06-17,7355.39013671875,0.0363499975204467,call,1.0339356388500966,0.021917808219178,5.5
SPXW260617C07610000,2026-06-09 19:06:36+00:00,7610.0,5.61,5.2,5.4,-4.0799994,-42.10526,111.0,695.0,0.1472405833435058,False,REGULAR,USD,2026-06-17,7355.39013671875,0.0363499975204467,call,1.0346154124456588,0.021917808219178,5.300000000000001
SPXW260617C07615000,2026-06-09 19:02:32+00:00,7615.0,4.9,4.6,4.8,-2.1,-29.999998,59.0,57.0,0.1454705815124511,False,REGULAR,USD,2026-06-17,7355.39013671875,0.0363499975204467,call,1.035295186041221,0.021917808219178,4.699999999999999
SPXW260617C07620000,2026-06-09 19:02:32+00:00,7620.0,4.4,4.2,4.5,-1.6999998,-27.86885,90.0,54.0,0.145516357421875,False,REGULAR,USD,2026-06-17,7355.39013671875,0.0363499975204467,call,1.035974959636783,0.021917808219178,4.35
SPXW260617C07625000,2026-06-09 19:06:36+00:00,7625.0,4.3,3.7,4.0,-1.23,-22.242313,742.0,581.0,0.1439447178649902,False,REGULAR,USD,2026-06-17,7355.39013671875,0.0363499975204467,call,1.0366547332323452,0.021917808219178,3.85
SPXW260617C07630000,2026-06-09 19:12:05+00:00,7630.0,3.5,3.6,3.8,-1.5999999,-31.372547,204.0,161.0,0.1444482528686523,False,REGULAR,USD,2026-06-17,7355.39013671875,0.0363499975204467,call,1.0373345068279076,0.021917808219178,3.7
SPXW260617C07635000,2026-06-09 19:14:19+00:00,7635.0,3.3,3.1,3.4,-1.8999999,-36.53846,36.0,51.0,0.1432123033142089,False,REGULAR,USD,2026-06-17,7355.39013671875,0.0363499975204467,call,1.0380142804234698,0.021917808219178,3.25
SPXW260617C07640000,2026-06-09 19:11:36+00:00,7640.0,2.85,2.95,3.1,-1.54,-35.079727,755.0,67.0,0.14258669921875,False,REGULAR,USD,2026-06-17,7355.39013671875,0.0363499975204467,call,1.038694054019032,0.021917808219178,3.0250000000000004
SPXW260617C07645000,2026-06-09 19:02:32+00:00,7645.0,2.8,2.5,2.7,-0.96000004,-25.531916,19.0,53.0,0.140786180114746,False,REGULAR,USD,2026-06-17,7355.39013671875,0.0363499975204467,call,1.039373827614594,0.021917808219178,2.6
SPXW260617C07650000,2026-06-09 19:02:35+00:00,7650.0,2.45,2.35,2.55,-1.3899999,-36.197914,107.0,301.0,0.1412134219360352,False,REGULAR,USD,2026-06-17,7355.39013671875,0.0363499975204467,call,1.0400536012101562,0.021917808219178,2.45
SPXW260617C07655000,2026-06-09 19:02:35+00:00,7655.0,2.2,2.25,2.45,-2.2,-50.0,17.0,35.0,0.1420679055786132,False,REGULAR,USD,2026-06-17,7355.39013671875,0.0363499975204467,call,1.0407333748057186,0.021917808219178,2.35
SPXW260617C07660000,2026-06-09 19:02:33+00:00,7660.0,2.0,2.0,2.2,-0.93000007,-31.740616,43.0,147.0,0.1412134219360352,False,REGULAR,USD,2026-06-17,7355.39013671875,0.0363499975204467,call,1.0414131484012807,0.021917808219178,2.1
SPXW260617C07665000,2026-06-09 19:02:33+00:00,7665.0,1.8,1.85,2.0,-1.23,-40.59406,42.0,67.0,0.1406946282958984,False,REGULAR,USD,2026-06-17,7355.39013671875,0.0363499975204467,call,1.042092921996843,0.021917808219178,1.925
SPXW260617C07670000,2026-06-09 19:02:33+00:00,7670.0,1.6,1.7,1.9,-0.9799999,-37.984493,38.0,67.0,0.1413049737548828,False,REGULAR,USD,2026-06-17,7355.39013671875,0.0363499975204467,call,1.042772695592405,0.021917808219178,1.7999999999999998
SPXW260617C07675000,2026-06-09 19:02:28+00:00,7675.0,1.6,1.4,1.6,-0.58000004,-26.605505,81.0,264.0,0.1390772128295898,False,REGULAR,USD,2026-06-17,7355.39013671875,0.0363499975204467,call,1.0434524691879672,0.021917808219178,1.5
SPXW260617C07680000,2026-06-09 19:13:46+00:00,7680.0,1.45,1.35,1.5,-0.54999995,-27.499998,149.0,226.0,0.139382385559082,False,REGULAR,USD,2026-06-17,7355.39013671875,0.0363499975204467,call,1.0441322427835296,0.021917808219178,1.425
SPXW260617C07685000,2026-06-09 19:02:33+00:00,7685.0,1.2,1.15,1.35,-1.1499999,-48.936165,17.0,102.0,0.1388330746459961,False,REGULAR,USD,2026-06-17,7355.39013671875,0.0363499975204467,call,1.0448120163790915,0.021917808219178,1.25
SPXW260617C07690000,2026-06-09 19:02:33+00:00,7690.0,1.1,1.05,1.25,-1.0500001,-48.83721,23.0,102.0,0.1388941091918945,False,REGULAR,USD,2026-06-17,7355.39013671875,0.0363499975204467,call,1.045491789974654,0.021917808219178,1.15
SPXW260617C07695000,2026-06-09 19:02:33+00:00,7695.0,1.0,0.95,1.1,-0.9,-47.368423,18.0,17.0,0.1379175564575195,False,REGULAR,USD,2026-06-17,7355.39013671875,0.0363499975204467,call,1.046171563570216,0.021917808219178,1.025
SPXW260617C07700000,2026-06-09 19:05:29+00:00,7700.0,1.05,0.9,1.05,-0.70000005,-40.000004,128.0,506.0,0.1386499710083008,False,REGULAR,USD,2026-06-17,7355.39013671875,0.0363499975204467,call,1.0468513371657782,0.021917808219178,0.975
SPXW260617C07705000,2026-06-09 19:02:33+00:00,7705.0,0.8,0.85,1.0,-0.74999994,-48.387093,20.0,70.0,0.1393213510131836,False,REGULAR,USD,2026-06-17,7355.39013671875,0.0363499975204467,call,1.0475311107613403,0.021917808219178,0.925
SPXW260617C07710000,2026-06-09 19:03:42+00:00,7710.0,0.8,0.7,0.9,-0.65000004,-44.827583,587.0,1530.0,0.1388635919189453,False,REGULAR,USD,2026-06-17,7355.39013671875,0.0363499975204467,call,1.048210884356903,0.021917808219178,0.8
SPXW260617C07715000,2026-06-09 19:02:33+00:00,7715.0,0.65,0.65,0.8,-0.65,-50.0,19.0,12.0,0.1382227291870117,False,REGULAR,USD,2026-06-17,7355.39013671875,0.0363499975204467,call,1.0488906579524648,0.021917808219178,0.7250000000000001
SPXW260617C07720000,2026-06-09 19:02:21+00:00,7720.0,0.7,0.65,0.75,-0.45,-39.130436,23.0,285.0,0.1386194537353515,False,REGULAR,USD,2026-06-17,7355.39013671875,0.0363499975204467,call,1.049570431548027,0.021917808219178,0.7
SPXW260617C07730000,2026-06-09 18:40:07+00:00,7730.0,0.78,0.45,0.6,-0.22000003,-22.000004,2.0,55.0,0.1376429010009766,False,REGULAR,USD,2026-06-17,7355.39013671875,0.0363499975204467,call,1.0509299787391515,0.021917808219178,0.525
SPXW260618C07285000,2026-06-09 16:27:37+00:00,7285.0,117.2,148.6,149.4,-92.770004,-44.182503,16.0,18.0,0.2289238790512084,True,REGULAR,USD,2026-06-18,7355.39013671875,0.0363499975204467,call,0.9904301287341162,0.0246575342465753,149.0
SPXW260618C07290000,2026-06-09 17:36:22+00:00,7290.0,120.16,142.2,143.0,-57.14,-32.227863,19.0,145.0,0.2215730309295654,True,REGULAR,USD,2026-06-18,7355.39013671875,0.0363499975204467,call,0.9911099023296784,0.0246575342465753,142.6
SPXW260618C07295000,2026-06-09 17:07:57+00:00,7295.0,107.0,137.1,140.0,-238.72,-69.050095,32.0,127.0,0.2214166299057006,True,REGULAR,USD,2026-06-18,7355.39013671875,0.0363499975204467,call,0.9917896759252406,0.0246575342465753,138.55
SPXW260618C07300000,2026-06-09 19:13:43+00:00,7300.0,138.9,134.8,135.4,-23.580002,-14.512557,216.0,1130.0,0.2178079623794555,True,REGULAR,USD,2026-06-18,7355.39013671875,0.0363499975204467,call,0.9924694495208028,0.0246575342465753,135.10000000000002
SPX260618C07305000,2026-06-09 17:16:02+00:00,7305.0,92.0,128.6,130.4,-84.2,-47.786606,385.0,96.0,0.2133066646194458,True,REGULAR,USD,2026-06-18,7355.39013671875,0.0363499975204467,call,0.993149223116365,0.0246575342465753,129.5
SPX260618C07310000,2026-06-09 17:37:09+00:00,7310.0,107.0,128.4,129.7,-86.880005,-44.811222,763.0,421.0,0.2177774451065063,True,REGULAR,USD,2026-06-18,7355.39013671875,0.0363499975204467,call,0.9938289967119271,0.0246575342465753,129.05
SPX260618C07315000,2026-06-09 17:26:14+00:00,7315.0,95.36,124.4,126.0,-57.339996,-37.55075,200.0,81.0,0.2158701155471801,True,REGULAR,USD,2026-06-18,7355.39013671875,0.0363499975204467,call,0.9945087703074892,0.0246575342465753,125.2
SPXW260618C07320000,2026-06-09 17:33:56+00:00,7320.0,125.71,121.4,122.0,-22.840004,-15.375298,40.0,246.0,0.2132723326873779,True,REGULAR,USD,2026-06-18,7355.39013671875,0.0363499975204467,call,0.9951885439030516,0.0246575342465753,121.7
SPX260618C07325000,2026-06-09 18:12:31+00:00,7325.0,104.04,115.3,116.3,-33.07,-24.11932,1079.0,3207.0,0.2070735116195678,True,REGULAR,USD,2026-06-18,7355.39013671875,0.0363499975204467,call,0.9958683174986136,0.0246575342465753,115.8
SPX260618C07330000,2026-06-09 17:54:44+00:00,7330.0,121.73,114.8,116.0,-28.999992,-19.239697,539.0,2592.0,0.2120211244964599,True,REGULAR,USD,2026-06-18,7355.39013671875,0.0363499975204467,call,0.996548091094176,0.0246575342465753,115.4
SPXW260618C07335000,2026-06-09 17:39:06+00:00,7335.0,94.4,113.4,114.0,-67.200005,-41.58416,15.0,42.0,0.2133486258697509,True,REGULAR,USD,2026-06-18,7355.39013671875,0.0363499975204467,call,0.997227864689738,0.0246575342465753,113.7
SPXW260618C07340000,2026-06-09 18:06:21+00:00,7340.0,102.55,110.8,111.6,-29.61,-22.404661,50.0,263.0,0.2137682383728027,True,REGULAR,USD,2026-06-18,7355.39013671875,0.0363499975204467,call,0.9979076382853004,0.0246575342465753,111.2
SPX260618C07345000,2026-06-09 18:18:24+00:00,7345.0,98.3,104.7,105.6,-34.08,-25.74407,223.0,846.0,0.2066806017303466,True,REGULAR,USD,2026-06-18,7355.39013671875,0.0363499975204467,call,0.9985874118808624,0.0246575342465753,105.15
SPX260618C07350000,2026-06-09 19:09:58+00:00,7350.0,105.08,101.9,102.8,-16.369995,-13.478794,4578.0,11124.0,0.2061198468399047,True,REGULAR,USD,2026-06-18,7355.39013671875,0.0363499975204467,call,0.9992671854764248,0.0246575342465753,102.35
SPX260618C07355000,2026-06-09 18:43:23+00:00,7355.0,95.89,97.6,98.5,-60.050003,-38.508404,157.0,1126.0,0.2023929248809814,True,REGULAR,USD,2026-06-18,7355.39013671875,0.0363499975204467,call,0.9999469590719868,0.0246575342465753,98.05
SPX260618C07360000,2026-06-09 18:37:25+00:00,7360.0,96.78,95.2,96.0,-15.68,-13.942736,42.0,3124.0,0.2022861144256591,False,REGULAR,USD,2026-06-18,7355.39013671875,0.0363499975204467,call,1.000626732667549,0.0246575342465753,95.6
SPX260618C07365000,2026-06-09 19:04:53+00:00,7365.0,97.6,92.1,93.0,-13.75,-12.348451,235.0,5648.0,0.2010730528259277,False,REGULAR,USD,2026-06-18,7355.39013671875,0.0363499975204467,call,1.0013065062631112,0.0246575342465753,92.55
SPX260618C07370000,2026-06-09 19:03:45+00:00,7370.0,94.33,89.1,89.9,-29.589996,-23.878305,354.0,7213.0,0.1995624478149414,False,REGULAR,USD,2026-06-18,7355.39013671875,0.0363499975204467,call,1.0019862798586734,0.0246575342465753,89.5
SPX260618C07375000,2026-06-09 19:08:45+00:00,7375.0,92.8,86.1,87.0,-24.89,-21.14878,474.0,13623.0,0.1983837181472778,False,REGULAR,USD,2026-06-18,7355.39013671875,0.0363499975204467,call,1.0026660534542358,0.0246575342465753,86.55
SPX260618C07380000,2026-06-09 19:12:20+00:00,7380.0,83.0,81.2,81.9,-24.199997,-22.574625,1003.0,4327.0,0.192566362991333,False,REGULAR,USD,2026-06-18,7355.39013671875,0.0363499975204467,call,1.003345827049798,0.0246575342465753,81.55000000000001
SPX260618C07385000,2026-06-09 19:11:36+00:00,7385.0,79.6,80.5,81.3,-26.970001,-25.30731,623.0,3693.0,0.1959614096069336,False,REGULAR,USD,2026-06-18,7355.39013671875,0.0363499975204467,call,1.00402560064536,0.0246575342465753,80.9
SPX260618C07390000,2026-06-09 19:08:47+00:00,7390.0,82.3,77.7,78.5,-12.099998,-12.817795,196.0,6017.0,0.1947178307342529,False,REGULAR,USD,2026-06-18,7355.39013671875,0.0363499975204467,call,1.0047053742409222,0.0246575342465753,78.1
SPXW260618C07395000,2026-06-09 18:11:20+00:00,7395.0,65.68,76.8,77.4,-64.35,-49.48858,18.0,42.0,0.1969188890457153,False,REGULAR,USD,2026-06-18,7355.39013671875,0.0363499975204467,call,1.0053851478364844,0.0246575342465753,77.1
SPX260618C07400000,2026-06-09 19:13:28+00:00,7400.0,73.2,70.4,71.2,-16.690002,-18.56714,4800.0,61068.0,0.1883931259155273,False,REGULAR,USD,2026-06-18,7355.39013671875,0.0363499975204467,call,1.0060649214320467,0.0246575342465753,70.80000000000001
SPXW260618C07405000,2026-06-09 18:11:20+00:00,7405.0,60.88,72.0,72.7,-27.670002,-31.247885,160.0,306.0,0.1958736724472046,False,REGULAR,USD,2026-06-18,7355.39013671875,0.0363499975204467,call,1.0067446950276089,0.0246575342465753,72.35
SPXW260618C07410000,2026-06-09 18:02:09+00:00,7410.0,63.78,67.8,68.3,-21.690002,-25.377327,179.0,439.0,0.1908955422973632,False,REGULAR,USD,2026-06-18,7355.39013671875,0.0363499975204467,call,1.007424468623171,0.0246575342465753,68.05
SPXW260618C07415000,2026-06-09 18:59:13+00:00,7415.0,72.0,66.6,67.4,-12.199997,-14.489308,28.0,170.0,0.1931957817459106,False,REGULAR,USD,2026-06-18,7355.39013671875,0.0363499975204467,call,1.0081042422187332,0.0246575342465753,67.0
SPXW260618C07420000,2026-06-09 19:04:52+00:00,7420.0,69.9,64.6,65.2,-9.720001,-12.207989,171.0,231.0,0.1926655441284179,False,REGULAR,USD,2026-06-18,7355.39013671875,0.0363499975204467,call,1.008784015814295,0.0246575342465753,64.9
SPX260618C07425000,2026-06-09 19:13:28+00:00,7425.0,60.3,58.7,59.5,-14.59,-19.481907,410.0,7569.0,0.1845365055465698,False,REGULAR,USD,2026-06-18,7355.39013671875,0.0363499975204467,call,1.0094637894098577,0.0246575342465753,59.1
SPXW260618C07430000,2026-06-09 19:01:29+00:00,7430.0,62.02,59.6,60.2,-12.1799965,-16.41509,67.0,266.0,0.1900334293365479,False,REGULAR,USD,2026-06-18,7355.39013671875,0.0363499975204467,call,1.01014356300542,0.0246575342465753,59.900000000000006
SPXW260618C07435000,2026-06-09 18:58:16+00:00,7435.0,62.0,56.9,57.4,-7.25,-10.469314,106.0,162.0,0.1879048495483398,False,REGULAR,USD,2026-06-18,7355.39013671875,0.0363499975204467,call,1.010823336600982,0.0246575342465753,57.15
SPXW260618C07440000,2026-06-09 18:55:49+00:00,7440.0,56.1,54.4,54.9,-12.980003,-18.789814,164.0,260.0,0.1863141366958618,False,REGULAR,USD,2026-06-18,7355.39013671875,0.0363499975204467,call,1.0115031101965442,0.0246575342465753,54.65
SPX260618C07445000,2026-06-09 18:46:17+00:00,7445.0,47.14,49.8,50.5,-18.36,-28.030535,40.0,5791.0,0.1803937857437134,False,REGULAR,USD,2026-06-18,7355.39013671875,0.0363499975204467,call,1.0121828837921063,0.0246575342465753,50.15
SPXW260618C07450000,2026-06-09 19:13:51+00:00,7450.0,50.72,48.7,49.4,-11.279999,-18.193546,1599.0,1007.0,0.1816602525711059,False,REGULAR,USD,2026-06-18,7355.39013671875,0.0363499975204467,call,1.012862657387669,0.0246575342465753,49.05
SPXW260618C07455000,2026-06-09 18:51:59+00:00,7455.0,47.28,47.4,48.0,-13.52,-22.236843,49.0,202.0,0.1821790462112427,False,REGULAR,USD,2026-06-18,7355.39013671875,0.0363499975204467,call,1.0135424309832308,0.0246575342465753,47.7
SPXW260618C07460000,2026-06-09 18:57:05+00:00,7460.0,49.19,45.0,45.6,-7.6000023,-13.382642,103.0,582.0,0.1803327511978149,False,REGULAR,USD,2026-06-18,7355.39013671875,0.0363499975204467,call,1.014222204578793,0.0246575342465753,45.3
SPX260618C07465000,2026-06-09 18:21:09+00:00,7465.0,37.9,41.0,41.7,-14.099998,-27.115383,547.0,2720.0,0.1748663446807861,False,REGULAR,USD,2026-06-18,7355.39013671875,0.0363499975204467,call,1.0149019781743551,0.0246575342465753,41.35
SPX260618C07470000,2026-06-09 19:13:54+00:00,7470.0,39.7,39.4,40.1,-12.5,-23.94636,1581.0,3800.0,0.1745802452468872,False,REGULAR,USD,2026-06-18,7355.39013671875,0.0363499975204467,call,1.0155817517699173,0.0246575342465753,39.75
SPXW260618C07475000,2026-06-09 18:51:27+00:00,7475.0,39.79,39.7,40.2,-11.809998,-22.887592,1225.0,503.0,0.1782385033416748,False,REGULAR,USD,2026-06-18,7355.39013671875,0.0363499975204467,call,1.0162615253654796,0.0246575342465753,39.95
SPXW260618C07480000,2026-06-09 17:55:50+00:00,7480.0,34.72,37.3,37.8,-14.0,-28.735632,174.0,251.0,0.1758734146881103,False,REGULAR,USD,2026-06-18,7355.39013671875,0.0363499975204467,call,1.0169412989610418,0.0246575342465753,37.55
SPX260618C07485000,2026-06-09 18:54:03+00:00,7485.0,35.6,32.6,33.3,-16.300003,-31.406555,271.0,1432.0,0.168152544631958,False,REGULAR,USD,2026-06-18,7355.39013671875,0.0363499975204467,call,1.017621072556604,0.0246575342465753,32.95
SPX260618C07490000,2026-06-09 18:34:33+00:00,7490.0,31.3,32.1,32.8,-9.68,-23.621279,117.0,4410.0,0.1701209087371826,False,REGULAR,USD,2026-06-18,7355.39013671875,0.0363499975204467,call,1.018300846152166,0.0246575342465753,32.45
SPXW260618C07495000,2026-06-09 18:22:45+00:00,7495.0,30.81,32.8,33.3,-10.4,-25.236593,132.0,228.0,0.1745764305877686,False,REGULAR,USD,2026-06-18,7355.39013671875,0.0363499975204467,call,1.0189806197477282,0.0246575342465753,33.05
SPXW260618C07500000,2026-06-09 19:13:51+00:00,7500.0,31.39,31.1,31.6,-9.130001,-22.532085,1103.0,3419.0,0.1734167742156982,False,REGULAR,USD,2026-06-18,7355.39013671875,0.0363499975204467,call,1.0196603933432906,0.0246575342465753,31.35
SPX260618C07505000,2026-06-09 17:21:20+00:00,7505.0,18.85,27.3,27.9,-33.75,-64.1635,89.0,4090.0,0.1668441165542603,False,REGULAR,USD,2026-06-18,7355.39013671875,0.0363499975204467,call,1.0203401669388528,0.0246575342465753,27.6
SPX260618C07510000,2026-06-09 19:02:06+00:00,7510.0,27.4,25.0,25.7,-6.539999,-19.269297,41.0,4153.0,0.1639220876693725,False,REGULAR,USD,2026-06-18,7355.39013671875,0.0363499975204467,call,1.021019940534415,0.0246575342465753,25.35
SPX260618C07515000,2026-06-09 18:23:52+00:00,7515.0,23.15,23.2,23.9,-8.6,-27.086617,22.0,4992.0,0.1618812450408935,False,REGULAR,USD,2026-06-18,7355.39013671875,0.0363499975204467,call,1.021699714129977,0.0246575342465753,23.55
SPXW260618C07520000,2026-06-09 19:13:51+00:00,7520.0,25.29,24.7,25.2,-7.7299995,-23.410053,196.0,382.0,0.1684424587249756,False,REGULAR,USD,2026-06-18,7355.39013671875,0.0363499975204467,call,1.0223794877255392,0.0246575342465753,24.95
SPXW260618C07525000,2026-06-09 19:00:01+00:00,7525.0,25.95,23.0,23.4,-5.33,-17.039642,213.0,513.0,0.1662452150726318,False,REGULAR,USD,2026-06-18,7355.39013671875,0.0363499975204467,call,1.0230592613211016,0.0246575342465753,23.2
SPXW260618C07530000,2026-06-09 18:59:02+00:00,7530.0,24.78,22.3,22.7,-3.6899986,-12.961008,344.0,1268.0,0.1670691814422607,False,REGULAR,USD,2026-06-18,7355.39013671875,0.0363499975204467,call,1.0237390349166635,0.0246575342465753,22.5
SPX260618C07535000,2026-06-09 17:17:33+00:00,7535.0,11.11,19.0,19.6,-13.510001,-54.87409,84.0,5066.0,0.1605880755996704,False,REGULAR,USD,2026-06-18,7355.39013671875,0.0363499975204467,call,1.024418808512226,0.0246575342465753,19.3
SPX260618C07540000,2026-06-09 19:11:18+00:00,7540.0,17.86,17.9,18.5,-6.1399994,-25.58333,14.0,4576.0,0.1598823636627197,False,REGULAR,USD,2026-06-18,7355.39013671875,0.0363499975204467,call,1.025098582107788,0.0246575342465753,18.2
SPXW260618C07545000,2026-06-09 18:04:48+00:00,7545.0,15.06,18.5,18.9,-8.69,-36.58947,136.0,264.0,0.1638419798278809,False,REGULAR,USD,2026-06-18,7355.39013671875,0.0363499975204467,call,1.0257783557033502,0.0246575342465753,18.7
SPX260618C07550000,2026-06-09 19:10:11+00:00,7550.0,16.42,15.9,16.3,-4.379999,-21.057688,2908.0,22792.0,0.1580513272857666,False,REGULAR,USD,2026-06-18,7355.39013671875,0.0363499975204467,call,1.0264581292989126,0.0246575342465753,16.1
SPX260618C07555000,2026-06-09 16:17:22+00:00,7555.0,6.55,14.1,14.7,-14.650001,-69.10377,42.0,2062.0,0.1551598156738281,False,REGULAR,USD,2026-06-18,7355.39013671875,0.0363499975204467,call,1.0271379028944747,0.0246575342465753,14.4
SPXW260618C07560000,2026-06-09 19:02:23+00:00,7560.0,16.5,15.4,15.8,-4.6000004,-21.80095,188.0,379.0,0.1615302964019775,False,REGULAR,USD,2026-06-18,7355.39013671875,0.0363499975204467,call,1.0278176764900369,0.0246575342465753,15.6
SPXW260618C07565000,2026-06-09 19:02:15+00:00,7565.0,15.5,14.1,14.5,-3.2999992,-17.553188,73.0,631.0,0.1595161563873291,False,REGULAR,USD,2026-06-18,7355.39013671875,0.0363499975204467,call,1.028497450085599,0.0246575342465753,14.3
SPXW260618C07570000,2026-06-09 19:02:25+00:00,7570.0,14.5,13.5,13.7,-3.1499996,-17.847025,260.0,757.0,0.1591041732025146,False,REGULAR,USD,2026-06-18,7355.39013671875,0.0363499975204467,call,1.0291772236811612,0.0246575342465753,13.6
SPX260618C07575000,2026-06-09 19:10:11+00:00,7575.0,11.67,10.7,11.0,-3.4300003,-22.715233,189.0,12135.0,0.151123906326294,False,REGULAR,USD,2026-06-18,7355.39013671875,0.0363499975204467,call,1.0298569972767233,0.0246575342465753,10.85
SPX260618C07580000,2026-06-09 19:05:38+00:00,7580.0,12.15,9.8,10.3,-2.4500008,-16.780827,121.0,5031.0,0.1505974833679199,False,REGULAR,USD,2026-06-18,7355.39013671875,0.0363499975204467,call,1.0305367708722857,0.0246575342465753,10.05
SPXW260618C07585000,2026-06-09 19:02:35+00:00,7585.0,11.75,10.8,11.1,-2.6999998,-18.68512,99.0,577.0,0.1562660668182373,False,REGULAR,USD,2026-06-18,7355.39013671875,0.0363499975204467,call,1.0312165444678478,0.0246575342465753,10.95
SPXW260618C07590000,2026-06-09 19:02:15+00:00,7590.0,11.1,9.7,10.0,-2.08,-15.7814865,226.0,447.0,0.1539620127105712,False,REGULAR,USD,2026-06-18,7355.39013671875,0.0363499975204467,call,1.03189631806341,0.0246575342465753,9.85
SPX260618C07595000,2026-06-09 15:25:20+00:00,7595.0,6.3,7.8,8.2,-6.2,-49.6,8.0,6102.0,0.1480645497131348,False,REGULAR,USD,2026-06-18,7355.39013671875,0.0363499975204467,call,1.032576091658972,0.0246575342465753,8.0
SPX260618C07600000,2026-06-09 19:12:16+00:00,7600.0,7.98,7.3,7.5,-3.0700002,-27.782808,4948.0,50073.0,0.1468514881134033,False,REGULAR,USD,2026-06-18,7355.39013671875,0.0363499975204467,call,1.0332558652545345,0.0246575342465753,7.4
SPX260618C07605000,2026-06-09 18:51:17+00:00,7605.0,7.3,6.7,7.0,-2.8000002,-27.722775,90.0,3813.0,0.1464623928833007,False,REGULAR,USD,2026-06-18,7355.39013671875,0.0363499975204467,call,1.0339356388500966,0.0246575342465753,6.85
SPXW260618C07610000,2026-06-09 19:03:27+00:00,7610.0,8.1,7.2,7.5,-2.62,-24.440298,787.0,956.0,0.1512078288269043,False,REGULAR,USD,2026-06-18,7355.39013671875,0.0363499975204467,call,1.0346154124456588,0.0246575342465753,7.35
SPX260618C07615000,2026-06-09 16:50:55+00:00,7615.0,3.4,6.0,6.3,-4.7499995,-58.282204,10.0,1832.0,0.1469354106140136,False,REGULAR,USD,2026-06-18,7355.39013671875,0.0363499975204467,call,1.035295186041221,0.0246575342465753,6.15
SPXW260618C07620000,2026-06-09 19:02:25+00:00,7620.0,7.0,6.2,6.5,-1.6499996,-19.075142,223.0,665.0,0.1501549829101562,False,REGULAR,USD,2026-06-18,7355.39013671875,0.0363499975204467,call,1.035974959636783,0.0246575342465753,6.35
SPX260618C07625000,2026-06-09 18:59:34+00:00,7625.0,6.15,5.1,5.4,-1.3499999,-17.999998,200.0,5989.0,0.1458062715148925,False,REGULAR,USD,2026-06-18,7355.39013671875,0.0363499975204467,call,1.0366547332323452,0.0246575342465753,5.25
SPXW260618C07630000,2026-06-09 19:02:27+00:00,7630.0,6.0,5.2,5.6,-1.8600001,-23.664124,481.0,1549.0,0.1490716197204589,False,REGULAR,USD,2026-06-18,7355.39013671875,0.0363499975204467,call,1.0373345068279076,0.0246575342465753,5.4
SPXW260618C07635000,2026-06-09 19:02:23+00:00,7635.0,5.6,5.0,5.4,-1.7000003,-23.287674,78.0,269.0,0.149872698135376,False,REGULAR,USD,2026-06-18,7355.39013671875,0.0363499975204467,call,1.0380142804234698,0.0246575342465753,5.2
SPXW260618C07640000,2026-06-09 19:02:29+00:00,7640.0,5.0,4.7,5.0,-1.3000002,-20.634922,380.0,663.0,0.1493157579040527,False,REGULAR,USD,2026-06-18,7355.39013671875,0.0363499975204467,call,1.038694054019032,0.0246575342465753,4.85
SPX260618C07645000,2026-06-09 17:42:51+00:00,7645.0,3.6,3.7,3.9,-3.67,-50.48143,64.0,175.0,0.1435479933166504,False,REGULAR,USD,2026-06-18,7355.39013671875,0.0363499975204467,call,1.039373827614594,0.0246575342465753,3.8
SPX260618C07650000,2026-06-09 19:12:02+00:00,7650.0,3.36,3.4,3.6,-1.24,-26.956522,405.0,12315.0,0.1431207514953613,False,REGULAR,USD,2026-06-18,7355.39013671875,0.0363499975204467,call,1.0400536012101562,0.0246575342465753,3.5
SPX260618C07655000,2026-06-09 17:42:27+00:00,7655.0,3.04,3.1,3.3,-4.86,-61.518986,208.0,648.0,0.1425409233093261,False,REGULAR,USD,2026-06-18,7355.39013671875,0.0363499975204467,call,1.0407333748057186,0.0246575342465753,3.2
SPXW260618C07660000,2026-06-09 19:11:34+00:00,7660.0,3.38,3.4,3.7,-1.5699997,-31.717167,146.0,940.0,0.1476983424377441,False,REGULAR,USD,2026-06-18,7355.39013671875,0.0363499975204467,call,1.0414131484012807,0.0246575342465753,3.55
SPX260618C07665000,2026-06-09 14:58:20+00:00,7665.0,2.6,2.45,2.65,-1.1000001,-29.729734,59.0,605.0,0.1403284210205078,False,REGULAR,USD,2026-06-18,7355.39013671875,0.0363499975204467,call,1.042092921996843,0.0246575342465753,2.55
SPX260618C07670000,2026-06-09 16:04:55+00:00,7670.0,1.55,2.45,2.65,-4.6499996,-75.0,1.0,1157.0,0.1421289401245117,False,REGULAR,USD,2026-06-18,7355.39013671875,0.0363499975204467,call,1.042772695592405,0.0246575342465753,2.55
SPXW260618C07675000,2026-06-09 19:08:03+00:00,7675.0,3.02,2.65,2.85,-0.48000002,-13.714286,258.0,904.0,0.1458520474243164,False,REGULAR,USD,2026-06-18,7355.39013671875,0.0363499975204467,call,1.0434524691879672,0.0246575342465753,2.75
SPXW260618C07680000,2026-06-09 19:02:48+00:00,7680.0,2.65,2.35,2.55,-0.8499999,-24.285711,204.0,1510.0,0.144692391052246,False,REGULAR,USD,2026-06-18,7355.39013671875,0.0363499975204467,call,1.0441322427835296,0.0246575342465753,2.45
SPXW260618C07685000,2026-06-09 19:02:32+00:00,7685.0,2.3,2.2,2.35,-1.1000001,-32.352943,82.0,436.0,0.1443567010498047,False,REGULAR,USD,2026-06-18,7355.39013671875,0.0363499975204467,call,1.0448120163790915,0.0246575342465753,2.2750000000000004
SPX260618C07690000,2026-06-09 16:35:19+00:00,7690.0,1.25,1.6,1.75,-4.15,-76.85185,9.0,907.0,0.138955143737793,False,REGULAR,USD,2026-06-18,7355.39013671875,0.0363499975204467,call,1.045491789974654,0.0246575342465753,1.675
SPXW260618C07695000,2026-06-09 19:02:25+00:00,7695.0,2.05,1.85,2.0,-0.60000014,-22.641514,71.0,252.0,0.1438073901367187,False,REGULAR,USD,2026-06-18,7355.39013671875,0.0363499975204467,call,1.046171563570216,0.0246575342465753,1.925
SPXW260618C07700000,2026-06-09 19:13:43+00:00,7700.0,1.75,1.7,1.8,-0.6500001,-27.083336,1909.0,2277.0,0.1429834237670898,False,REGULAR,USD,2026-06-18,7355.39013671875,0.0363499975204467,call,1.0468513371657782,0.0246575342465753,1.75
SPXW260618C07705000,2026-06-09 19:02:32+00:00,7705.0,1.6,1.65,1.8,-0.44999993,-21.951216,24.0,219.0,0.144692391052246,False,REGULAR,USD,2026-06-18,7355.39013671875,0.0363499975204467,call,1.0475311107613403,0.0246575342465753,1.725
SPX260618C07710000,2026-06-09 18:45:27+00:00,7710.0,1.45,1.2,1.35,-0.29999995,-17.142855,6.0,2004.0,0.1398401446533203,False,REGULAR,USD,2026-06-18,7355.39013671875,0.0363499975204467,call,1.048210884356903,0.0246575342465753,1.275
SPX260618C07715000,2026-06-09 18:23:19+00:00,7715.0,1.44,1.1,1.25,-0.51,-26.153845,305.0,433.0,0.1398096273803711,False,REGULAR,USD,2026-06-18,7355.39013671875,0.0363499975204467,call,1.0488906579524648,0.0246575342465753,1.175
SPXW260618C07720000,2026-06-09 19:02:32+00:00,7720.0,1.25,1.2,1.35,-0.67999995,-35.23316,240.0,1369.0,0.1430749755859375,False,REGULAR,USD,2026-06-18,7355.39013671875,0.0363499975204467,call,1.049570431548027,0.0246575342465753,1.275
SPXW260618C07725000,2026-06-09 19:02:26+00:00,7725.0,1.2,1.15,1.3,-0.25,-17.241379,168.0,746.0,0.1438684246826171,False,REGULAR,USD,2026-06-18,7355.39013671875,0.0363499975204467,call,1.0502502051435891,0.0246575342465753,1.225
SPXW260618C07730000,2026-06-09 19:07:50+00:00,7730.0,1.19,1.05,1.15,-0.15999997,-11.851849,59.0,197.0,0.1428308374023437,False,REGULAR,USD,2026-06-18,7355.39013671875,0.0363499975204467,call,1.0509299787391515,0.0246575342465753,1.1
SPX260618C07735000,2026-06-05 19:32:38+00:00,7735.0,2.3,0.75,0.95,0.0,0.0,2.0,330.0,0.1405115246582031,False,REGULAR,USD,2026-06-18,7355.39013671875,0.0363499975204467,call,1.0516097523347137,0.0246575342465753,0.85
SPXW260618C07740000,2026-06-09 19:02:22+00:00,7740.0,0.95,0.85,1.0,-0.15000004,-13.636367,79.0,829.0,0.1430749755859375,False,REGULAR,USD,2026-06-18,7355.39013671875,0.0363499975204467,call,1.0522895259302758,0.0246575342465753,0.925
SPXW260618C07745000,2026-06-09 19:02:30+00:00,7745.0,0.85,0.8,0.95,-0.39999998,-31.999996,23.0,234.0,0.1435937692260742,False,REGULAR,USD,2026-06-18,7355.39013671875,0.0363499975204467,call,1.052969299525838,0.0246575342465753,0.875
SPXW260618C07750000,2026-06-09 19:02:26+00:00,7750.0,0.8,0.8,0.9,-0.14999998,-15.789472,324.0,1213.0,0.1440515283203124,False,REGULAR,USD,2026-06-18,7355.39013671875,0.0363499975204467,call,1.0536490731214,0.0246575342465753,0.8500000000000001
SPXW260618C07770000,2026-06-09 19:01:21+00:00,7770.0,0.67,0.55,0.7,-0.13,-16.25,94.0,348.0,0.1451501501464843,False,REGULAR,USD,2026-06-18,7355.39013671875,0.0363499975204467,call,1.056368167503649,0.0246575342465753,0.625
SPXW260618C07790000,2026-06-09 17:38:47+00:00,7790.0,0.7,0.45,0.55,0.00999999,1.449274,11.0,214.0,0.14649291015625,False,REGULAR,USD,2026-06-18,7355.39013671875,0.0363499975204467,call,1.0590872618858975,0.0246575342465753,0.5
SPXW260622C07290000,2026-06-09 16:34:14+00:00,7290.0,109.7,149.2,152.4,-207.59999,-65.42704,3.0,1.0,0.2041400387573241,True,REGULAR,USD,2026-06-22,7355.39013671875,0.0363499975204467,call,0.9911099023296784,0.0356164383561643,150.8
SPXW260622C07300000,2026-06-09 18:52:34+00:00,7300.0,146.0,142.2,143.0,-21.720001,-12.950155,28.0,94.0,0.197624600982666,True,REGULAR,USD,2026-06-22,7355.39013671875,0.0363499975204467,call,0.9924694495208028,0.0356164383561643,142.6
SPXW260622C07310000,2026-06-09 17:18:12+00:00,7310.0,109.0,137.2,138.0,-72.57001,-39.96806,4.0,5.0,0.1987384814453124,True,REGULAR,USD,2026-06-22,7355.39013671875,0.0363499975204467,call,0.9938289967119271,0.0356164383561643,137.6
SPXW260622C07315000,2026-06-08 13:41:15+00:00,7315.0,177.77,132.8,133.4,0.0,0.0,1.0,1.0,0.195496021194458,True,REGULAR,USD,2026-06-22,7355.39013671875,0.0363499975204467,call,0.9945087703074892,0.0356164383561643,133.10000000000002
SPXW260622C07320000,2026-06-09 18:55:46+00:00,7320.0,133.0,128.4,129.4,-156.98001,-54.13477,100.0,5.0,0.1932606309509277,True,REGULAR,USD,2026-06-22,7355.39013671875,0.0363499975204467,call,0.9951885439030516,0.0356164383561643,128.9
SPXW260622C07325000,2026-06-09 18:57:06+00:00,7325.0,132.77,127.9,128.5,-27.409988,-17.111992,207.0,16.0,0.1964153540420532,True,REGULAR,USD,2026-06-22,7355.39013671875,0.0363499975204467,call,0.9958683174986136,0.0356164383561643,128.2
SPXW260622C07330000,2026-06-09 17:18:56+00:00,7330.0,94.7,124.4,125.1,-77.630005,-45.047295,12.0,4.0,0.1951183699417114,True,REGULAR,USD,2026-06-22,7355.39013671875,0.0363499975204467,call,0.996548091094176,0.0356164383561643,124.75
SPXW260622C07340000,2026-06-09 15:10:14+00:00,7340.0,129.05,115.3,116.4,-17.12999,-11.718423,4.0,23.0,0.1890339886474609,True,REGULAR,USD,2026-06-22,7355.39013671875,0.0363499975204467,call,0.9979076382853004,0.0356164383561643,115.85
SPXW260622C07350000,2026-06-09 18:40:36+00:00,7350.0,112.47,110.8,111.4,-28.220001,-20.058285,23.0,216.0,0.1891713163757324,True,REGULAR,USD,2026-06-22,7355.39013671875,0.0363499975204467,call,0.9992671854764248,0.0356164383561643,111.1
SPXW260622C07355000,2026-06-09 17:51:53+00:00,7355.0,94.64,108.2,108.8,-35.83,-27.462254,155.0,2.0,0.1889691394424438,True,REGULAR,USD,2026-06-22,7355.39013671875,0.0363499975204467,call,0.9999469590719868,0.0356164383561643,108.5
SPXW260622C07360000,2026-06-09 17:56:44+00:00,7360.0,90.25,102.4,103.2,-34.239998,-27.504215,27.0,45.0,0.1834874742889404,False,REGULAR,USD,2026-06-22,7355.39013671875,0.0363499975204467,call,1.000626732667549,0.0356164383561643,102.8
SPXW260622C07365000,2026-06-09 15:23:28+00:00,7365.0,83.55,101.4,102.0,-44.84999,-34.9299,31.0,35.0,0.1855931661224365,False,REGULAR,USD,2026-06-22,7355.39013671875,0.0363499975204467,call,1.0013065062631112,0.0356164383561643,101.7
SPXW260622C07370000,2026-06-09 16:47:06+00:00,7370.0,97.3,99.0,99.8,-20.269997,-17.24079,38.0,50.0,0.18589452419281,False,REGULAR,USD,2026-06-22,7355.39013671875,0.0363499975204467,call,1.0019862798586734,0.0356164383561643,99.4
SPXW260622C07375000,2026-06-09 18:26:50+00:00,7375.0,89.37,93.6,94.2,-26.229996,-22.690308,99.0,1287.0,0.1802106821060181,False,REGULAR,USD,2026-06-22,7355.39013671875,0.0363499975204467,call,1.0026660534542358,0.0356164383561643,93.9
SPXW260622C07380000,2026-06-09 19:10:13+00:00,7380.0,95.11,93.2,93.8,-25.970001,-21.44863,97.0,72.0,0.1835179915618896,False,REGULAR,USD,2026-06-22,7355.39013671875,0.0363499975204467,call,1.003345827049798,0.0356164383561643,93.5
SPXW260622C07385000,2026-06-08 14:46:13+00:00,7385.0,134.1,90.0,90.6,0.0,0.0,2.0,2.0,0.1818776881408691,False,REGULAR,USD,2026-06-22,7355.39013671875,0.0363499975204467,call,1.00402560064536,0.0356164383561643,90.3
SPXW260622C07390000,2026-06-09 16:18:05+00:00,7390.0,54.4,86.6,87.3,-71.869995,-56.917713,154.0,26.0,0.1799856172180176,False,REGULAR,USD,2026-06-22,7355.39013671875,0.0363499975204467,call,1.0047053742409222,0.0356164383561643,86.94999999999999
SPXW260622C07400000,2026-06-09 19:10:27+00:00,7400.0,83.61,80.5,81.1,-13.989998,-14.334014,104.0,723.0,0.1766859370803833,False,REGULAR,USD,2026-06-22,7355.39013671875,0.0363499975204467,call,1.0060649214320467,0.0356164383561643,80.8
SPXW260622C07405000,2026-06-09 18:11:20+00:00,7405.0,67.43,77.2,78.0,-27.839996,-29.222206,81.0,32.0,0.1749197499084472,False,REGULAR,USD,2026-06-22,7355.39013671875,0.0363499975204467,call,1.0067446950276089,0.0356164383561643,77.6
SPXW260622C07410000,2026-06-09 18:27:24+00:00,7410.0,71.6,76.2,76.9,-20.810005,-22.519213,14.0,105.0,0.1766210878753662,False,REGULAR,USD,2026-06-22,7355.39013671875,0.0363499975204467,call,1.007424468623171,0.0356164383561643,76.55000000000001
SPXW260622C07415000,2026-06-09 14:59:19+00:00,7415.0,45.8,73.6,74.3,-43.98,-48.986412,15.0,11.0,0.1755949445724487,False,REGULAR,USD,2026-06-22,7355.39013671875,0.0363499975204467,call,1.0081042422187332,0.0356164383561643,73.94999999999999
SPXW260622C07420000,2026-06-09 19:10:27+00:00,7420.0,72.69,69.2,70.0,-13.309998,-15.476742,9.0,81.0,0.171444595451355,False,REGULAR,USD,2026-06-22,7355.39013671875,0.0363499975204467,call,1.008784015814295,0.0356164383561643,69.6
SPXW260622C07425000,2026-06-09 19:12:36+00:00,7425.0,69.61,68.1,68.6,-15.089996,-17.815817,180.0,164.0,0.172409704208374,False,REGULAR,USD,2026-06-22,7355.39013671875,0.0363499975204467,call,1.0094637894098577,0.0356164383561643,68.35
SPXW260622C07430000,2026-06-09 19:01:29+00:00,7430.0,68.69,64.0,64.7,-12.029999,-14.903368,15.0,48.0,0.1687857780456543,False,REGULAR,USD,2026-06-22,7355.39013671875,0.0363499975204467,call,1.01014356300542,0.0356164383561643,64.35
SPXW260622C07435000,2026-06-09 16:00:13+00:00,7435.0,42.1,63.8,64.4,-49.5,-54.039303,4.0,27.0,0.1716105331230163,False,REGULAR,USD,2026-06-22,7355.39013671875,0.0363499975204467,call,1.010823336600982,0.0356164383561643,64.1
SPXW260622C07440000,2026-06-09 18:27:24+00:00,7440.0,57.3,60.2,60.8,-18.920002,-24.822884,62.0,112.0,0.1683470922470093,False,REGULAR,USD,2026-06-22,7355.39013671875,0.0363499975204467,call,1.0115031101965442,0.0356164383561643,60.5
SPXW260622C07445000,2026-06-09 16:00:13+00:00,7445.0,29.62,58.6,59.2,-40.689995,-57.872276,9.0,13.0,0.1686637089538574,False,REGULAR,USD,2026-06-22,7355.39013671875,0.0363499975204467,call,1.0121828837921063,0.0356164383561643,58.900000000000006
SPXW260622C07450000,2026-06-09 19:13:51+00:00,7450.0,57.05,56.3,56.7,-12.899998,-18.441742,163.0,396.0,0.1672370264434814,False,REGULAR,USD,2026-06-22,7355.39013671875,0.0363499975204467,call,1.012862657387669,0.0356164383561643,56.5
SPXW260622C07455000,2026-06-09 17:43:17+00:00,7455.0,46.87,53.9,54.4,-20.890003,-30.829401,25.0,16.0,0.1660964433670044,False,REGULAR,USD,2026-06-22,7355.39013671875,0.0363499975204467,call,1.0135424309832308,0.0356164383561643,54.15
SPXW260622C07460000,2026-06-09 17:49:55+00:00,7460.0,43.8,51.8,52.4,-19.55,-30.860298,29.0,81.0,0.1654288780212402,False,REGULAR,USD,2026-06-22,7355.39013671875,0.0363499975204467,call,1.014222204578793,0.0356164383561643,52.1
SPXW260622C07465000,2026-06-09 18:00:02+00:00,7465.0,41.8,49.5,50.1,-20.71,-33.1307,19.0,29.0,0.1641051913070678,False,REGULAR,USD,2026-06-22,7355.39013671875,0.0363499975204467,call,1.0149019781743551,0.0356164383561643,49.8
SPXW260622C07470000,2026-06-09 17:12:15+00:00,7470.0,29.68,47.7,48.2,-29.579998,-49.915623,15.0,54.0,0.163456699256897,False,REGULAR,USD,2026-06-22,7355.39013671875,0.0363499975204467,call,1.0155817517699173,0.0356164383561643,47.95
SPXW260622C07475000,2026-06-09 18:44:59+00:00,7475.0,42.58,45.1,45.6,-14.82,-25.818815,43.0,99.0,0.1613510074234008,False,REGULAR,USD,2026-06-22,7355.39013671875,0.0363499975204467,call,1.0162615253654796,0.0356164383561643,45.35
SPXW260622C07480000,2026-06-09 15:22:01+00:00,7480.0,37.33,42.7,43.2,-17.369999,-31.755024,25.0,93.0,0.1595161563873291,False,REGULAR,USD,2026-06-22,7355.39013671875,0.0363499975204467,call,1.0169412989610418,0.0356164383561643,42.95
SPXW260622C07485000,2026-06-09 18:16:45+00:00,7485.0,43.2,40.7,41.2,-9.809998,-18.505938,13.0,27.0,0.1583679439926147,False,REGULAR,USD,2026-06-22,7355.39013671875,0.0363499975204467,call,1.017621072556604,0.0356164383561643,40.95
SPXW260622C07490000,2026-06-09 17:40:47+00:00,7490.0,32.0,40.2,40.6,-23.0,-41.81818,23.0,106.0,0.1599815447998047,False,REGULAR,USD,2026-06-22,7355.39013671875,0.0363499975204467,call,1.018300846152166,0.0356164383561643,40.400000000000006
SPXW260622C07495000,2026-06-09 16:00:13+00:00,7495.0,29.5,38.3,38.8,-18.029999,-37.933933,379.0,41.0,0.1590774705886841,False,REGULAR,USD,2026-06-22,7355.39013671875,0.0363499975204467,call,1.0189806197477282,0.0356164383561643,38.55
SPXW260622C07500000,2026-06-09 19:02:36+00:00,7500.0,38.98,36.5,37.0,-7.170002,-15.536298,755.0,347.0,0.1580742152404785,False,REGULAR,USD,2026-06-22,7355.39013671875,0.0363499975204467,call,1.0196603933432906,0.0356164383561643,36.75
SPXW260622C07505000,2026-06-09 16:59:09+00:00,7505.0,18.81,33.4,33.9,-25.300001,-57.35661,29.0,45.0,0.1541832629394531,False,REGULAR,USD,2026-06-22,7355.39013671875,0.0363499975204467,call,1.0203401669388528,0.0356164383561643,33.65
SPXW260622C07510000,2026-06-09 16:38:01+00:00,7510.0,32.57,33.1,33.5,-11.23,-25.63927,257.0,112.0,0.155972338066101,False,REGULAR,USD,2026-06-22,7355.39013671875,0.0363499975204467,call,1.021019940534415,0.0356164383561643,33.3
SPXW260622C07515000,2026-06-09 15:18:50+00:00,7515.0,31.67,31.4,31.9,-22.06,-41.057137,2.0,16.0,0.1550873371505737,False,REGULAR,USD,2026-06-22,7355.39013671875,0.0363499975204467,call,1.021699714129977,0.0356164383561643,31.65
SPXW260622C07520000,2026-06-09 19:01:44+00:00,7520.0,31.25,29.4,29.8,-8.119999,-20.624838,25.0,95.0,0.152966386680603,False,REGULAR,USD,2026-06-22,7355.39013671875,0.0363499975204467,call,1.0223794877255392,0.0356164383561643,29.6
SPXW260622C07525000,2026-06-09 18:26:41+00:00,7525.0,24.6,27.3,27.7,-12.08,-32.93348,183.0,135.0,0.150685220527649,False,REGULAR,USD,2026-06-22,7355.39013671875,0.0363499975204467,call,1.0230592613211016,0.0356164383561643,27.5
SPXW260622C07530000,2026-06-09 18:53:25+00:00,7530.0,27.74,26.4,26.8,-7.949999,-22.275145,55.0,210.0,0.1510666864395142,False,REGULAR,USD,2026-06-22,7355.39013671875,0.0363499975204467,call,1.0237390349166635,0.0356164383561643,26.6
SPXW260622C07535000,2026-06-09 19:02:33+00:00,7535.0,27.2,24.6,25.1,-6.0099983,-18.096954,20.0,8.0,0.1494607149505615,False,REGULAR,USD,2026-06-22,7355.39013671875,0.0363499975204467,call,1.024418808512226,0.0356164383561643,24.85
SPXW260622C07540000,2026-06-09 18:35:31+00:00,7540.0,24.62,23.6,24.1,-11.559999,-31.951355,22.0,258.0,0.1494301976776123,False,REGULAR,USD,2026-06-22,7355.39013671875,0.0363499975204467,call,1.025098582107788,0.0356164383561643,23.85
SPXW260622C07545000,2026-06-09 15:58:00+00:00,7545.0,12.88,22.6,23.0,-18.169998,-58.518513,2.0,53.0,0.1490716197204589,False,REGULAR,USD,2026-06-22,7355.39013671875,0.0363499975204467,call,1.0257783557033502,0.0356164383561643,22.8
SPXW260622C07550000,2026-06-09 19:13:51+00:00,7550.0,21.81,21.6,21.9,-5.8199997,-21.064062,151.0,608.0,0.1486176752853393,False,REGULAR,USD,2026-06-22,7355.39013671875,0.0363499975204467,call,1.0264581292989126,0.0356164383561643,21.75
SPXW260622C07555000,2026-06-09 16:52:54+00:00,7555.0,9.6,19.5,19.9,-16.38,-63.048496,28.0,30.0,0.1456842024230957,False,REGULAR,USD,2026-06-22,7355.39013671875,0.0363499975204467,call,1.0271379028944747,0.0356164383561643,19.7
SPXW260622C07560000,2026-06-09 18:33:37+00:00,7560.0,19.5,18.5,19.0,-6.049999,-23.679058,28.0,98.0,0.145516357421875,False,REGULAR,USD,2026-06-22,7355.39013671875,0.0363499975204467,call,1.0278176764900369,0.0356164383561643,18.75
SPXW260622C07565000,2026-06-09 16:36:21+00:00,7565.0,9.91,17.4,17.7,-13.23,-57.173725,12.0,37.0,0.1441354508209228,False,REGULAR,USD,2026-06-22,7355.39013671875,0.0363499975204467,call,1.028497450085599,0.0356164383561643,17.549999999999997
SPXW260622C07570000,2026-06-09 19:04:06+00:00,7570.0,19.11,16.9,17.4,-10.15,-34.68899,44.0,77.0,0.1454743961715698,False,REGULAR,USD,2026-06-22,7355.39013671875,0.0363499975204467,call,1.0291772236811612,0.0356164383561643,17.15
SPXW260622C07575000,2026-06-09 17:34:46+00:00,7575.0,11.9,16.0,16.4,-8.66,-42.120625,61.0,250.0,0.1447457962799072,False,REGULAR,USD,2026-06-22,7355.39013671875,0.0363499975204467,call,1.0298569972767233,0.0356164383561643,16.2
SPXW260622C07580000,2026-06-09 18:29:37+00:00,7580.0,14.7,14.3,14.7,-5.0999994,-25.757574,37.0,209.0,0.1417589181900024,False,REGULAR,USD,2026-06-22,7355.39013671875,0.0363499975204467,call,1.0305367708722857,0.0356164383561643,14.5
SPXW260622C07585000,2026-06-09 15:19:58+00:00,7585.0,8.0,13.9,14.3,-11.24,-58.41996,13.0,41.0,0.1426057725143432,False,REGULAR,USD,2026-06-22,7355.39013671875,0.0363499975204467,call,1.0312165444678478,0.0356164383561643,14.1
SPXW260622C07590000,2026-06-09 19:03:41+00:00,7590.0,14.4,12.9,13.3,-3.1100006,-17.761282,47.0,1101.0,0.1414728187561035,False,REGULAR,USD,2026-06-22,7355.39013671875,0.0363499975204467,call,1.03189631806341,0.0356164383561643,13.1
SPXW260622C07595000,2026-06-09 16:59:07+00:00,7595.0,8.8,12.3,12.7,-7.8,-46.98795,60.0,682.0,0.1415262239837646,False,REGULAR,USD,2026-06-22,7355.39013671875,0.0363499975204467,call,1.032576091658972,0.0356164383561643,12.5
SPXW260622C07600000,2026-06-09 19:06:08+00:00,7600.0,12.88,10.9,11.3,-2.0299997,-13.615022,172.0,737.0,0.1387186348724365,False,REGULAR,USD,2026-06-22,7355.39013671875,0.0363499975204467,call,1.0332558652545345,0.0356164383561643,11.1
SPXW260622C07605000,2026-06-09 16:41:08+00:00,7605.0,4.8,10.4,10.9,-9.599999,-66.666664,39.0,97.0,0.1392488724899292,False,REGULAR,USD,2026-06-22,7355.39013671875,0.0363499975204467,call,1.0339356388500966,0.0356164383561643,10.65
SPXW260622C07610000,2026-06-09 16:45:46+00:00,7610.0,7.2,10.0,10.4,-5.8,-44.615383,9.0,139.0,0.1393594976043701,False,REGULAR,USD,2026-06-22,7355.39013671875,0.0363499975204467,call,1.0346154124456588,0.0356164383561643,10.2
SPXW260622C07615000,2026-06-09 15:40:53+00:00,7615.0,4.25,9.3,9.6,-15.0,-77.92208,36.0,222.0,0.138230358505249,False,REGULAR,USD,2026-06-22,7355.39013671875,0.0363499975204467,call,1.035295186041221,0.0356164383561643,9.45
SPXW260622C07620000,2026-06-09 18:42:19+00:00,7620.0,8.95,8.2,8.6,-2.54,-22.10618,41.0,286.0,0.1361094080352783,False,REGULAR,USD,2026-06-22,7355.39013671875,0.0363499975204467,call,1.035974959636783,0.0356164383561643,8.399999999999999
SPXW260622C07625000,2026-06-09 15:59:54+00:00,7625.0,4.8,8.2,8.5,-5.87,-55.014057,125.0,782.0,0.1375513491821289,False,REGULAR,USD,2026-06-22,7355.39013671875,0.0363499975204467,call,1.0366547332323452,0.0356164383561643,8.35
SPXW260622C07630000,2026-06-09 18:35:31+00:00,7630.0,8.1,7.6,7.9,-2.0499992,-20.197037,8.0,206.0,0.136826563949585,False,REGULAR,USD,2026-06-22,7355.39013671875,0.0363499975204467,call,1.0373345068279076,0.0356164383561643,7.75
SPXW260622C07635000,2026-06-09 15:58:28+00:00,7635.0,3.86,6.6,6.9,-9.71,-71.5549,5.0,45.0,0.1341105266571045,False,REGULAR,USD,2026-06-22,7355.39013671875,0.0363499975204467,call,1.0380142804234698,0.0356164383561643,6.75
SPXW260622C07640000,2026-06-09 16:56:00+00:00,7640.0,3.42,6.3,6.6,-5.41,-61.268402,20.0,161.0,0.1344538459777832,False,REGULAR,USD,2026-06-22,7355.39013671875,0.0363499975204467,call,1.038694054019032,0.0356164383561643,6.449999999999999
SPXW260622C07645000,2026-06-09 16:05:04+00:00,7645.0,3.39,5.7,6.1,-10.82,-76.14356,6.0,182.0,0.1337290607452392,False,REGULAR,USD,2026-06-22,7355.39013671875,0.0363499975204467,call,1.039373827614594,0.0356164383561643,5.9
SPXW260622C07650000,2026-06-09 17:42:28+00:00,7650.0,5.72,5.4,5.6,-1.6400003,-22.282612,158.0,658.0,0.1328516891479492,False,REGULAR,USD,2026-06-22,7355.39013671875,0.0363499975204467,call,1.0400536012101562,0.0356164383561643,5.5
SPXW260622C07655000,2026-06-09 15:28:00+00:00,7655.0,4.5,5.1,5.4,-2.62,-36.797752,45.0,52.0,0.1334696639251708,False,REGULAR,USD,2026-06-22,7355.39013671875,0.0363499975204467,call,1.0407333748057186,0.0356164383561643,5.25
SPXW260622C07660000,2026-06-09 19:00:31+00:00,7660.0,5.2,4.8,5.0,-1.1000004,-17.460323,77.0,98.0,0.132897465057373,False,REGULAR,USD,2026-06-22,7355.39013671875,0.0363499975204467,call,1.0414131484012807,0.0356164383561643,4.9
SPXW260622C07665000,2026-06-09 19:10:37+00:00,7665.0,4.55,4.4,4.7,-1.3499999,-22.881353,17.0,49.0,0.1328059132385254,False,REGULAR,USD,2026-06-22,7355.39013671875,0.0363499975204467,call,1.042092921996843,0.0356164383561643,4.550000000000001
SPXW260622C07670000,2026-06-09 16:53:47+00:00,7670.0,2.31,4.1,4.4,-5.39,-70.0,32.0,289.0,0.1325999216461182,False,REGULAR,USD,2026-06-22,7355.39013671875,0.0363499975204467,call,1.042772695592405,0.0356164383561643,4.25
SPXW260622C07675000,2026-06-09 17:07:44+00:00,7675.0,3.28,3.9,4.2,-2.36,-41.84397,71.0,394.0,0.1329432409667968,False,REGULAR,USD,2026-06-22,7355.39013671875,0.0363499975204467,call,1.0434524691879672,0.0356164383561643,4.05
SPXW260622C07680000,2026-06-09 17:55:46+00:00,7680.0,3.25,3.4,3.7,-1.5,-31.578947,47.0,142.0,0.1311884977722168,False,REGULAR,USD,2026-06-22,7355.39013671875,0.0363499975204467,call,1.0441322427835296,0.0356164383561643,3.55
SPXW260622C07685000,2026-06-09 18:20:09+00:00,7685.0,3.49,3.2,3.6,-2.4599998,-41.344536,10.0,30.0,0.1320429814147949,False,REGULAR,USD,2026-06-22,7355.39013671875,0.0363499975204467,call,1.0448120163790915,0.0356164383561643,3.4000000000000004
SPXW260622C07690000,2026-06-09 18:55:34+00:00,7690.0,3.33,2.85,3.1,-1.1700001,-26.000002,130.0,294.0,0.1298609963989258,False,REGULAR,USD,2026-06-22,7355.39013671875,0.0363499975204467,call,1.045491789974654,0.0356164383561643,2.975
SPXW260622C07700000,2026-06-09 19:04:19+00:00,7700.0,2.88,2.6,2.8,-0.63999987,-18.181814,286.0,915.0,0.1304408245849609,False,REGULAR,USD,2026-06-22,7355.39013671875,0.0363499975204467,call,1.0468513371657782,0.0356164383561643,2.7
SPXW260622C07710000,2026-06-09 16:55:21+00:00,7710.0,1.42,2.2,2.4,-4.58,-76.333336,37.0,132.0,0.1298457377624511,False,REGULAR,USD,2026-06-22,7355.39013671875,0.0363499975204467,call,1.048210884356903,0.0356164383561643,2.3
SPXW260622C07720000,2026-06-09 18:42:19+00:00,7720.0,2.1,1.8,2.0,-0.42000008,-16.66667,7.0,147.0,0.1287318572998047,False,REGULAR,USD,2026-06-22,7355.39013671875,0.0363499975204467,call,1.049570431548027,0.0356164383561643,1.9
SPXW260622C07725000,2026-06-09 18:20:09+00:00,7725.0,1.99,1.7,1.85,-1.5799999,-44.257706,57.0,219.0,0.1285182363891601,False,REGULAR,USD,2026-06-22,7355.39013671875,0.0363499975204467,call,1.0502502051435891,0.0356164383561643,1.775
SPXW260622C07730000,2026-06-09 16:15:22+00:00,7730.0,1.15,1.6,1.8,-2.75,-70.51282,1.0,192.0,0.129342202758789,False,REGULAR,USD,2026-06-22,7355.39013671875,0.0363499975204467,call,1.0509299787391515,0.0356164383561643,1.7000000000000002
SPXW260622C07740000,2026-06-09 15:47:06+00:00,7740.0,1.15,1.3,1.5,-1.3000001,-53.061222,9.0,237.0,0.1283961672973632,False,REGULAR,USD,2026-06-22,7355.39013671875,0.0363499975204467,call,1.0522895259302758,0.0356164383561643,1.4
SPXW260622C07750000,2026-06-09 18:35:31+00:00,7750.0,1.42,1.2,1.35,-0.03000009,-2.0689716,588.0,882.0,0.129067547302246,False,REGULAR,USD,2026-06-22,7355.39013671875,0.0363499975204467,call,1.0536490731214,0.0356164383561643,1.275
SPXW260622C07760000,2026-06-09 17:47:05+00:00,7760.0,1.17,1.0,1.2,-0.6500001,-35.71429,20.0,82.0,0.1294642718505859,False,REGULAR,USD,2026-06-22,7355.39013671875,0.0363499975204467,call,1.0550086203125246,0.0356164383561643,1.1
SPXW260622C07770000,2026-06-08 17:01:22+00:00,7770.0,1.7,0.8,1.0,0.0,0.0,12.0,22.0,0.1287318572998047,False,REGULAR,USD,2026-06-22,7355.39013671875,0.0363499975204467,call,1.056368167503649,0.0356164383561643,0.9
SPXW260622C07775000,2026-06-09 15:26:08+00:00,7775.0,0.8,0.8,1.0,-0.7,-46.666668,10.0,153.0,0.1300135827636718,False,REGULAR,USD,2026-06-22,7355.39013671875,0.0363499975204467,call,1.057047941099211,0.0356164383561643,0.9
SPXW260622C07780000,2026-06-09 19:10:37+00:00,7780.0,0.82,0.75,0.95,-0.97999996,-54.444443,33.0,67.0,0.1303797900390624,False,REGULAR,USD,2026-06-22,7355.39013671875,0.0363499975204467,call,1.0577277146947734,0.0356164383561643,0.85
SPXW260622C07800000,2026-06-09 18:30:16+00:00,7800.0,0.8,0.55,0.7,0.050000012,6.666668,77.0,572.0,0.1301051345825195,False,REGULAR,USD,2026-06-22,7355.39013671875,0.0363499975204467,call,1.060446809077022,0.0356164383561643,0.625
SPXW260623C07290000,2026-06-09 18:39:21+00:00,7290.0,158.75,156.8,157.6,-54.22,-25.458984,6.0,4.0,0.2054522814941406,True,REGULAR,USD,2026-06-23,7355.39013671875,0.0363499975204467,call,0.9911099023296784,0.0383561643835616,157.2
SPXW260623C07300000,2026-06-09 17:03:10+00:00,7300.0,110.0,149.2,150.0,-84.990005,-43.586853,371.0,19.0,0.2022136359024047,True,REGULAR,USD,2026-06-23,7355.39013671875,0.0363499975204467,call,0.9924694495208028,0.0383561643835616,149.6
SPXW260623C07320000,2026-06-09 17:52:19+00:00,7320.0,119.0,132.7,134.8,-201.35999,-62.854286,13.0,2.0,0.1951794044876099,True,REGULAR,USD,2026-06-23,7355.39013671875,0.0363499975204467,call,0.9951885439030516,0.0383561643835616,133.75
SPXW260623C07325000,2026-06-08 20:13:13+00:00,7325.0,108.6,128.8,129.6,-43.299995,-28.505594,2.0,2.0,0.1909279668998718,True,REGULAR,USD,2026-06-23,7355.39013671875,0.0363499975204467,call,0.9958683174986136,0.0383561643835616,129.2
SPXW260623C07330000,2026-06-09 16:25:15+00:00,7330.0,81.68,128.8,129.6,-94.6,-53.664623,6.0,5.0,0.1954311719894409,True,REGULAR,USD,2026-06-23,7355.39013671875,0.0363499975204467,call,0.996548091094176,0.0383561643835616,129.2
SPXW260623C07340000,2026-06-09 16:38:12+00:00,7340.0,80.25,121.8,122.4,-196.5,-71.00271,5.0,1.0,0.1920780866241455,True,REGULAR,USD,2026-06-23,7355.39013671875,0.0363499975204467,call,0.9979076382853004,0.0383561643835616,122.1
SPXW260623C07345000,2026-06-09 18:07:08+00:00,7345.0,119.94,116.2,117.0,-34.059998,-22.116882,10.0,6.0,0.1872887821006775,True,REGULAR,USD,2026-06-23,7355.39013671875,0.0363499975204467,call,0.9985874118808624,0.0383561643835616,116.6
SPXW260623C07350000,2026-06-09 18:10:46+00:00,7350.0,120.8,115.8,116.5,-13.5,-10.052122,35.0,6.0,0.1906933653640747,True,REGULAR,USD,2026-06-23,7355.39013671875,0.0363499975204467,call,0.9992671854764248,0.0383561643835616,116.15
SPXW260623C07360000,2026-06-09 14:54:27+00:00,7360.0,84.97,109.4,110.0,-58.03,-40.58042,11.0,3.0,0.1880688798904419,False,REGULAR,USD,2026-06-23,7355.39013671875,0.0363499975204467,call,1.000626732667549,0.0383561643835616,109.7
SPXW260623C07365000,2026-06-09 13:40:32+00:00,7365.0,86.48,105.6,106.2,-75.26,-46.531467,4.0,2.0,0.1857457524871825,False,REGULAR,USD,2026-06-23,7355.39013671875,0.0363499975204467,call,1.0013065062631112,0.0383561643835616,105.9
SPXW260623C07370000,2026-06-09 19:05:47+00:00,7370.0,110.8,103.6,104.3,-21.64,-16.339474,67.0,64.0,0.1865544602203369,False,REGULAR,USD,2026-06-23,7355.39013671875,0.0363499975204467,call,1.0019862798586734,0.0383561643835616,103.95
SPXW260623C07375000,2026-06-09 18:57:14+00:00,7375.0,105.0,97.9,98.6,-35.369995,-25.19769,18.0,20.0,0.1809087647247314,False,REGULAR,USD,2026-06-23,7355.39013671875,0.0363499975204467,call,1.0026660534542358,0.0383561643835616,98.25
SPXW260623C07380000,2026-06-09 18:28:36+00:00,7380.0,93.1,97.6,98.3,-116.98,-55.683548,43.0,61.0,0.1842885527038574,False,REGULAR,USD,2026-06-23,7355.39013671875,0.0363499975204467,call,1.003345827049798,0.0383561643835616,97.95
SPXW260623C07385000,2026-06-09 19:09:42+00:00,7385.0,98.6,94.6,95.2,-40.840004,-29.288586,33.0,1.0,0.1828923874664306,False,REGULAR,USD,2026-06-23,7355.39013671875,0.0363499975204467,call,1.00402560064536,0.0383561643835616,94.9
SPXW260623C07390000,2026-06-09 14:46:38+00:00,7390.0,72.77,90.2,90.8,-69.18,-48.73547,30.0,8.0,0.179234129371643,False,REGULAR,USD,2026-06-23,7355.39013671875,0.0363499975204467,call,1.0047053742409222,0.0383561643835616,90.5
SPXW260623C07400000,2026-06-09 18:53:05+00:00,7400.0,93.9,84.2,84.8,-8.68,-8.461688,130.0,1280.0,0.1764341695785522,False,REGULAR,USD,2026-06-23,7355.39013671875,0.0363499975204467,call,1.0060649214320467,0.0383561643835616,84.5
SPXW260623C07405000,2026-06-08 19:59:04+00:00,7405.0,76.7,83.8,84.4,-22.730003,-22.860306,5.0,2.0,0.1793600131225585,False,REGULAR,USD,2026-06-23,7355.39013671875,0.0363499975204467,call,1.0067446950276089,0.0383561643835616,84.1
SPXW260623C07410000,2026-06-09 19:12:16+00:00,7410.0,81.35,80.4,81.1,-15.82,-16.280745,28.0,25.0,0.177281023902893,False,REGULAR,USD,2026-06-23,7355.39013671875,0.0363499975204467,call,1.007424468623171,0.0383561643835616,80.75
SPXW260623C07415000,2026-06-09 15:11:40+00:00,7415.0,79.69,76.6,77.2,-23.049995,-22.435268,25.0,6.0,0.1740957835388183,False,REGULAR,USD,2026-06-23,7355.39013671875,0.0363499975204467,call,1.0081042422187332,0.0383561643835616,76.9
SPXW260623C07420000,2026-06-09 19:11:26+00:00,7420.0,75.0,73.2,74.0,-17.0,-18.47826,28.0,7.0,0.1720282382965088,False,REGULAR,USD,2026-06-23,7355.39013671875,0.0363499975204467,call,1.008784015814295,0.0383561643835616,73.6
SPXW260623C07425000,2026-06-09 18:54:25+00:00,7425.0,74.25,72.2,72.9,-21.75,-22.65625,48.0,724.0,0.1735159553527832,False,REGULAR,USD,2026-06-23,7355.39013671875,0.0363499975204467,call,1.0094637894098577,0.0383561643835616,72.55000000000001
SPXW260623C07430000,2026-06-09 16:27:37+00:00,7430.0,43.08,69.8,70.5,-51.189995,-54.30147,16.0,19.0,0.1726881743240356,False,REGULAR,USD,2026-06-23,7355.39013671875,0.0363499975204467,call,1.01014356300542,0.0383561643835616,70.15
SPXW260623C07435000,2026-06-09 18:54:47+00:00,7435.0,67.89,66.0,66.8,-26.510002,-28.08263,31.0,6.0,0.1695105632781982,False,REGULAR,USD,2026-06-23,7355.39013671875,0.0363499975204467,call,1.010823336600982,0.0383561643835616,66.4
SPXW260623C07440000,2026-06-09 17:07:22+00:00,7440.0,64.6,63.4,64.0,-23.770004,-26.898273,115.0,6.0,0.1678130399703979,False,REGULAR,USD,2026-06-23,7355.39013671875,0.0363499975204467,call,1.0115031101965442,0.0383561643835616,63.7
SPXW260623C07445000,2026-06-09 15:52:53+00:00,7445.0,48.9,62.8,63.5,-39.0,-44.3686,5.0,14.0,0.1701209087371826,False,REGULAR,USD,2026-06-23,7355.39013671875,0.0363499975204467,call,1.0121828837921063,0.0383561643835616,63.15
SPXW260623C07450000,2026-06-09 18:52:12+00:00,7450.0,59.39,59.9,60.4,-43.840004,-42.468277,100.0,29.0,0.1677367467880249,False,REGULAR,USD,2026-06-23,7355.39013671875,0.0363499975204467,call,1.012862657387669,0.0383561643835616,60.15
SPXW260623C07455000,2026-06-09 18:52:12+00:00,7455.0,57.19,58.0,58.6,-25.540005,-30.871515,13.0,9.0,0.1675994190597534,False,REGULAR,USD,2026-06-23,7355.39013671875,0.0363499975204467,call,1.0135424309832308,0.0383561643835616,58.3
SPXW260623C07460000,2026-06-09 16:48:00+00:00,7460.0,30.59,54.0,54.8,-42.609997,-58.210377,77.0,34.0,0.1637504280090332,False,REGULAR,USD,2026-06-23,7355.39013671875,0.0363499975204467,call,1.014222204578793,0.0383561643835616,54.4
SPXW260623C07465000,2026-06-09 15:52:53+00:00,7465.0,48.0,52.2,52.8,-28.57,-37.312263,18.0,9.0,0.1630771406745911,False,REGULAR,USD,2026-06-23,7355.39013671875,0.0363499975204467,call,1.0149019781743551,0.0383561643835616,52.5
SPXW260623C07470000,2026-06-09 18:50:05+00:00,7470.0,51.14,49.8,50.3,-38.11,-42.70028,14.0,79.0,0.161392968673706,False,REGULAR,USD,2026-06-23,7355.39013671875,0.0363499975204467,call,1.0155817517699173,0.0383561643835616,50.05
SPXW260623C07475000,2026-06-09 13:46:59+00:00,7475.0,29.2,49.2,49.8,-59.069996,-66.91968,39.0,65.0,0.1633613327789307,False,REGULAR,USD,2026-06-23,7355.39013671875,0.0363499975204467,call,1.0162615253654796,0.0383561643835616,49.5
SPXW260623C07480000,2026-06-09 16:15:38+00:00,7480.0,49.24,46.0,46.7,-35.44,-41.851673,165.0,11.0,0.1603744546890259,False,REGULAR,USD,2026-06-23,7355.39013671875,0.0363499975204467,call,1.0169412989610418,0.0383561643835616,46.35
SPXW260623C07485000,2026-06-09 15:52:53+00:00,7485.0,50.88,44.0,44.5,-15.209995,-23.014065,22.0,2.0,0.1589744747924805,False,REGULAR,USD,2026-06-23,7355.39013671875,0.0363499975204467,call,1.017621072556604,0.0383561643835616,44.25
SPXW260623C07490000,2026-06-09 19:12:16+00:00,7490.0,44.07,42.1,42.8,-10.950001,-19.901855,24.0,15.0,0.1584480518341064,False,REGULAR,USD,2026-06-23,7355.39013671875,0.0363499975204467,call,1.018300846152166,0.0383561643835616,42.45
SPXW260623C07495000,2026-06-09 16:05:02+00:00,7495.0,26.6,41.5,42.1,-61.83,-69.91971,8.0,10.0,0.1598098851394653,False,REGULAR,USD,2026-06-23,7355.39013671875,0.0363499975204467,call,1.0189806197477282,0.0383561643835616,41.8
SPXW260623C07500000,2026-06-09 17:30:24+00:00,7500.0,41.44,39.6,40.2,-15.560001,-27.298248,233.0,230.0,0.1587455952453613,False,REGULAR,USD,2026-06-23,7355.39013671875,0.0363499975204467,call,1.0196603933432906,0.0383561643835616,39.900000000000006
SPXW260623C07510000,2026-06-09 15:18:21+00:00,7510.0,22.12,35.0,35.5,-24.249998,-52.296738,37.0,20.0,0.1544541037368774,False,REGULAR,USD,2026-06-23,7355.39013671875,0.0363499975204467,call,1.021019940534415,0.0383561643835616,35.25
SPXW260623C07515000,2026-06-09 16:44:39+00:00,7515.0,16.94,34.2,34.7,-32.58,-65.791595,11.0,16.0,0.1553543632888794,False,REGULAR,USD,2026-06-23,7355.39013671875,0.0363499975204467,call,1.021699714129977,0.0383561643835616,34.45
SPXW260623C07520000,2026-06-09 18:46:39+00:00,7520.0,31.44,32.7,33.2,-43.36,-57.96791,65.0,12.0,0.1547249445343017,False,REGULAR,USD,2026-06-23,7355.39013671875,0.0363499975204467,call,1.0223794877255392,0.0383561643835616,32.95
SPXW260623C07525000,2026-06-09 16:47:37+00:00,7525.0,22.62,30.1,30.6,-16.549997,-42.25172,23.0,111.0,0.1516083680343627,False,REGULAR,USD,2026-06-23,7355.39013671875,0.0363499975204467,call,1.0230592613211016,0.0383561643835616,30.35
SPXW260623C07530000,2026-06-09 16:44:39+00:00,7530.0,25.43,29.4,29.9,-13.18,-34.136234,16.0,13.0,0.1525200715637207,False,REGULAR,USD,2026-06-23,7355.39013671875,0.0363499975204467,call,1.0237390349166635,0.0383561643835616,29.65
SPXW260623C07535000,2026-06-09 14:25:56+00:00,7535.0,29.52,27.5,27.9,-11.939999,-28.79884,41.0,17.0,0.1504601556396484,False,REGULAR,USD,2026-06-23,7355.39013671875,0.0363499975204467,call,1.024418808512226,0.0383561643835616,27.7
SPXW260623C07540000,2026-06-09 16:10:57+00:00,7540.0,19.24,26.8,27.3,-33.46,-63.491467,19.0,27.0,0.1514710403060913,False,REGULAR,USD,2026-06-23,7355.39013671875,0.0363499975204467,call,1.025098582107788,0.0383561643835616,27.05
SPXW260623C07545000,2026-06-09 18:54:25+00:00,7545.0,26.65,24.8,25.3,-20.49,-43.46627,44.0,5.0,0.1491631715393066,False,REGULAR,USD,2026-06-23,7355.39013671875,0.0363499975204467,call,1.0257783557033502,0.0383561643835616,25.05
SPXW260623C07550000,2026-06-09 19:08:26+00:00,7550.0,26.72,23.9,24.3,-3.8500004,-12.594048,28.0,126.0,0.1490868783569335,False,REGULAR,USD,2026-06-23,7355.39013671875,0.0363499975204467,call,1.0264581292989126,0.0383561643835616,24.1
SPXW260623C07555000,2026-06-09 19:08:43+00:00,7555.0,25.3,22.2,22.7,-3.8000011,-13.058423,53.0,30.0,0.147458018913269,False,REGULAR,USD,2026-06-23,7355.39013671875,0.0363499975204467,call,1.0271379028944747,0.0383561643835616,22.45
SPXW260623C07560000,2026-06-09 18:50:44+00:00,7560.0,21.34,21.0,21.4,-7.459999,-25.902775,14.0,46.0,0.1464395049285888,False,REGULAR,USD,2026-06-23,7355.39013671875,0.0363499975204467,call,1.0278176764900369,0.0383561643835616,21.2
SPXW260623C07565000,2026-06-09 15:57:41+00:00,7565.0,11.48,20.2,20.7,-13.890001,-54.749706,4.0,17.0,0.1468514881134033,False,REGULAR,USD,2026-06-23,7355.39013671875,0.0363499975204467,call,1.028497450085599,0.0383561643835616,20.45
SPXW260623C07570000,2026-06-09 15:56:58+00:00,7570.0,13.61,18.8,19.2,-24.11,-63.918343,57.0,84.0,0.1450891156005859,False,REGULAR,USD,2026-06-23,7355.39013671875,0.0363499975204467,call,1.0291772236811612,0.0383561643835616,19.0
SPXW260623C07575000,2026-06-09 19:08:26+00:00,7575.0,20.32,18.2,18.6,-3.130001,-13.347552,148.0,182.0,0.1456155385589599,False,REGULAR,USD,2026-06-23,7355.39013671875,0.0363499975204467,call,1.0298569972767233,0.0383561643835616,18.4
SPXW260623C07580000,2026-06-09 17:42:46+00:00,7580.0,14.14,16.9,17.4,-8.2,-36.70546,15.0,41.0,0.1444177355957031,False,REGULAR,USD,2026-06-23,7355.39013671875,0.0363499975204467,call,1.0305367708722857,0.0383561643835616,17.15
SPXW260623C07585000,2026-06-09 18:49:29+00:00,7585.0,16.05,16.1,16.4,-7.9300003,-33.069225,71.0,14.0,0.1436548037719726,False,REGULAR,USD,2026-06-23,7355.39013671875,0.0363499975204467,call,1.0312165444678478,0.0383561643835616,16.25
SPXW260623C07590000,2026-06-09 15:44:23+00:00,7590.0,15.14,14.4,14.9,-19.510002,-56.30592,8.0,24.0,0.1412820858001709,False,REGULAR,USD,2026-06-23,7355.39013671875,0.0363499975204467,call,1.03189631806341,0.0383561643835616,14.65
SPXW260623C07595000,2026-06-09 16:18:43+00:00,7595.0,6.9,13.5,13.9,-11.15,-61.772858,5.0,10.0,0.1402254252243042,False,REGULAR,USD,2026-06-23,7355.39013671875,0.0363499975204467,call,1.032576091658972,0.0383561643835616,13.7
SPXW260623C07600000,2026-06-09 18:59:36+00:00,7600.0,15.2,13.4,13.7,-1.750001,-10.324489,192.0,104.0,0.1415758145523071,False,REGULAR,USD,2026-06-23,7355.39013671875,0.0363499975204467,call,1.0332558652545345,0.0383561643835616,13.55
SPXW260623C07605000,2026-06-09 18:49:29+00:00,7605.0,12.6,11.9,12.4,-12.699999,-50.197624,21.0,20.0,0.1393289803314209,False,REGULAR,USD,2026-06-23,7355.39013671875,0.0363499975204467,call,1.0339356388500966,0.0383561643835616,12.15
SPXW260623C07610000,2026-06-09 18:55:36+00:00,7610.0,12.49,11.5,12.0,-6.3999996,-33.88036,18.0,32.0,0.139908808517456,False,REGULAR,USD,2026-06-23,7355.39013671875,0.0363499975204467,call,1.0346154124456588,0.0383561643835616,11.75
SPXW260623C07615000,2026-06-09 18:50:44+00:00,7615.0,11.02,10.9,11.3,-7.379999,-40.108692,9.0,13.0,0.1394052735137939,False,REGULAR,USD,2026-06-23,7355.39013671875,0.0363499975204467,call,1.035295186041221,0.0383561643835616,11.1
SPXW260623C07620000,2026-06-09 18:49:40+00:00,7620.0,10.48,10.2,10.6,-6.8199997,-39.421967,8.0,41.0,0.1387872987365723,False,REGULAR,USD,2026-06-23,7355.39013671875,0.0363499975204467,call,1.035974959636783,0.0383561643835616,10.4
SPXW260623C07625000,2026-06-09 18:15:44+00:00,7625.0,8.15,9.2,9.5,-4.450001,-35.317463,744.0,755.0,0.1365290205383301,False,REGULAR,USD,2026-06-23,7355.39013671875,0.0363499975204467,call,1.0366547332323452,0.0383561643835616,9.35
SPXW260623C07630000,2026-06-09 17:19:46+00:00,7630.0,6.05,8.5,8.9,-5.95,-49.583332,26.0,64.0,0.1359949682617187,False,REGULAR,USD,2026-06-23,7355.39013671875,0.0363499975204467,call,1.0373345068279076,0.0383561643835616,8.7
SPXW260623C07635000,2026-06-09 19:11:55+00:00,7635.0,8.2,8.4,8.7,-7.6000004,-48.10127,26.0,19.0,0.136979150314331,False,REGULAR,USD,2026-06-23,7355.39013671875,0.0363499975204467,call,1.0380142804234698,0.0383561643835616,8.55
SPXW260623C07640000,2026-06-09 18:18:43+00:00,7640.0,7.13,7.5,7.8,-5.91,-45.322086,13.0,45.0,0.1349878982543945,False,REGULAR,USD,2026-06-23,7355.39013671875,0.0363499975204467,call,1.038694054019032,0.0383561643835616,7.65
SPXW260623C07645000,2026-06-08 13:35:00+00:00,7645.0,17.35,6.8,7.2,0.0,0.0,3.0,3.0,0.1340876387023926,False,REGULAR,USD,2026-06-23,7355.39013671875,0.0363499975204467,call,1.039373827614594,0.0383561643835616,7.0
SPXW260623C07650000,2026-06-09 18:59:15+00:00,7650.0,7.86,6.8,7.1,-1.0099998,-11.386694,728.0,1714.0,0.1353388468933106,False,REGULAR,USD,2026-06-23,7355.39013671875,0.0363499975204467,call,1.0400536012101562,0.0383561643835616,6.949999999999999
SPXW260623C07655000,2026-06-09 15:02:14+00:00,7655.0,6.95,6.3,6.6,-1.3400002,-16.164055,24.0,24.0,0.1347056134796142,False,REGULAR,USD,2026-06-23,7355.39013671875,0.0363499975204467,call,1.0407333748057186,0.0383561643835616,6.449999999999999
SPXW260623C07660000,2026-06-09 14:44:25+00:00,7660.0,4.72,5.6,6.0,-2.9700003,-38.62159,12.0,18.0,0.1334315173339843,False,REGULAR,USD,2026-06-23,7355.39013671875,0.0363499975204467,call,1.0414131484012807,0.0383561643835616,5.8
SPXW260623C07665000,2026-06-09 18:54:25+00:00,7665.0,6.1,5.4,5.7,-1.52,-19.947506,23.0,9.0,0.1335306984710693,False,REGULAR,USD,2026-06-23,7355.39013671875,0.0363499975204467,call,1.042092921996843,0.0383561643835616,5.550000000000001
SPXW260623C07670000,2026-06-08 19:40:07+00:00,7670.0,3.85,5.0,5.4,-2.9500003,-43.382355,3.0,141.0,0.1335688450622558,False,REGULAR,USD,2026-06-23,7355.39013671875,0.0363499975204467,call,1.042772695592405,0.0383561643835616,5.2
SPXW260623C07675000,2026-06-09 18:54:47+00:00,7675.0,5.06,4.5,4.9,-1.7400002,-25.58824,44.0,45.0,0.1323786714172363,False,REGULAR,USD,2026-06-23,7355.39013671875,0.0363499975204467,call,1.0434524691879672,0.0383561643835616,4.7
SPXW260623C07680000,2026-06-09 19:12:16+00:00,7680.0,4.49,4.3,4.7,-1.5800004,-26.029661,14.0,43.0,0.1328059132385254,False,REGULAR,USD,2026-06-23,7355.39013671875,0.0363499975204467,call,1.0441322427835296,0.0383561643835616,4.5
SPXW260623C07685000,2026-06-09 15:34:40+00:00,7685.0,2.28,4.0,4.4,-5.54,-70.843994,12.0,5.0,0.1325541457366943,False,REGULAR,USD,2026-06-23,7355.39013671875,0.0363499975204467,call,1.0448120163790915,0.0383561643835616,4.2
SPXW260623C07690000,2026-06-09 15:32:49+00:00,7690.0,2.15,3.5,3.8,-5.9500003,-73.45679,7.0,18.0,0.1302272036743164,False,REGULAR,USD,2026-06-23,7355.39013671875,0.0363499975204467,call,1.045491789974654,0.0383561643835616,3.65
SPXW260623C07700000,2026-06-09 19:00:04+00:00,7700.0,3.74,3.1,3.4,-0.3399999,-8.333332,42.0,199.0,0.1304255659484863,False,REGULAR,USD,2026-06-23,7355.39013671875,0.0363499975204467,call,1.0468513371657782,0.0383561643835616,3.25
SPXW260623C07710000,2026-06-09 15:34:40+00:00,7710.0,3.22,2.7,2.95,-2.24,-41.025642,56.0,32.0,0.1299220309448241,False,REGULAR,USD,2026-06-23,7355.39013671875,0.0363499975204467,call,1.048210884356903,0.0383561643835616,2.825
SPXW260623C07720000,2026-06-09 18:25:04+00:00,7720.0,2.7,2.35,2.65,-1.0,-27.027027,6.0,23.0,0.1303034968566894,False,REGULAR,USD,2026-06-23,7355.39013671875,0.0363499975204467,call,1.049570431548027,0.0383561643835616,2.5
SPXW260623C07725000,2026-06-09 19:00:04+00:00,7725.0,2.56,2.15,2.35,-0.17000008,-6.227109,38.0,88.0,0.1290065127563476,False,REGULAR,USD,2026-06-23,7355.39013671875,0.0363499975204467,call,1.0502502051435891,0.0383561643835616,2.25
SPXW260623C07730000,2026-06-09 14:57:22+00:00,7730.0,1.81,2.0,2.2,-10.040001,-84.725746,2.0,8.0,0.1289454782104492,False,REGULAR,USD,2026-06-23,7355.39013671875,0.0363499975204467,call,1.0509299787391515,0.0383561643835616,2.1
SPXW260623C07740000,2026-06-09 16:09:06+00:00,7740.0,1.06,1.75,1.9,-23.640001,-95.70851,7.0,9.0,0.1285792709350585,False,REGULAR,USD,2026-06-23,7355.39013671875,0.0363499975204467,call,1.0522895259302758,0.0383561643835616,1.825
SPXW260623C07750000,2026-06-09 19:02:34+00:00,7750.0,1.6,1.5,1.65,-0.35000002,-17.948719,48.0,290.0,0.128365650024414,False,REGULAR,USD,2026-06-23,7355.39013671875,0.0363499975204467,call,1.0536490731214,0.0383561643835616,1.575
SPXW260623C07760000,2026-06-09 19:02:31+00:00,7760.0,1.4,1.3,1.45,-5.5499997,-79.85612,8.0,11.0,0.1284572018432617,False,REGULAR,USD,2026-06-23,7355.39013671875,0.0363499975204467,call,1.0550086203125246,0.0383561643835616,1.375
SPXW260623C07770000,2026-06-09 10:47:34+00:00,7770.0,1.93,1.15,1.3,-0.13,-6.31068,2.0,7.0,0.1289454782104492,False,REGULAR,USD,2026-06-23,7355.39013671875,0.0363499975204467,call,1.056368167503649,0.0383561643835616,1.225
SPXW260623C07775000,2026-06-09 17:13:04+00:00,7775.0,1.25,1.05,1.2,-0.66999996,-34.89583,21.0,400.0,0.1287013400268554,False,REGULAR,USD,2026-06-23,7355.39013671875,0.0363499975204467,call,1.057047941099211,0.0383561643835616,1.125
SPXW260623C07780000,2026-06-09 14:08:55+00:00,7780.0,1.21,1.0,1.15,-0.64,-34.594593,20.0,13.0,0.1291896163940429,False,REGULAR,USD,2026-06-23,7355.39013671875,0.0363499975204467,call,1.0577277146947734,0.0383561643835616,1.075
SPXW260623C07790000,2026-06-08 16:02:45+00:00,7790.0,2.06,0.8,1.0,0.0,0.0,1.0,56.0,0.1291590991210937,False,REGULAR,USD,2026-06-23,7355.39013671875,0.0363499975204467,call,1.0590872618858975,0.0383561643835616,0.9
SPXW260624C07290000,2026-06-09 18:38:02+00:00,7290.0,161.74,159.8,161.4,-109.7,-40.41409,7.0,2.0,0.2052844364929199,True,REGULAR,USD,2026-06-24,7355.39013671875,0.0363499975204467,call,0.9911099023296784,0.0410958904109589,160.60000000000002
SPXW260624C07300000,2026-06-09 18:38:02+00:00,7300.0,154.64,152.7,153.4,-33.14,-17.648312,34.0,31.0,0.2014392601013183,True,REGULAR,USD,2026-06-24,7355.39013671875,0.0363499975204467,call,0.9924694495208028,0.0410958904109589,153.05
SPXW260624C07310000,2026-06-09 14:53:45+00:00,7310.0,103.5,146.6,147.4,-107.83,-51.024464,7.0,3.0,0.2007373628234863,True,REGULAR,USD,2026-06-24,7355.39013671875,0.0363499975204467,call,0.9938289967119271,0.0410958904109589,147.0
SPXW260624C07325000,2026-06-09 17:10:32+00:00,7325.0,97.68,136.2,136.9,-201.5,-67.35076,10.0,17.0,0.1968387812042236,True,REGULAR,USD,2026-06-24,7355.39013671875,0.0363499975204467,call,0.9958683174986136,0.0410958904109589,136.55
SPXW260624C07330000,2026-06-09 19:09:52+00:00,7330.0,136.5,132.2,133.0,-100.78999,-42.47545,33.0,2.0,0.1947903092575073,True,REGULAR,USD,2026-06-24,7355.39013671875,0.0363499975204467,call,0.996548091094176,0.0410958904109589,132.6
SPXW260624C07340000,2026-06-09 18:47:19+00:00,7340.0,123.38,123.4,124.1,-124.74,-50.274063,33.0,2.0,0.1887517038726806,True,REGULAR,USD,2026-06-24,7355.39013671875,0.0363499975204467,call,0.9979076382853004,0.0410958904109589,123.75
SPXW260624C07350000,2026-06-09 17:37:09+00:00,7350.0,116.13,119.7,120.3,-52.030006,-30.940773,142.0,293.0,0.1908268784332275,True,REGULAR,USD,2026-06-24,7355.39013671875,0.0363499975204467,call,0.9992671854764248,0.0410958904109589,120.0
SPXW260624C07360000,2026-06-09 17:56:25+00:00,7360.0,99.45,110.6,111.4,-135.68001,-57.70425,3.0,2.0,0.1843762898635864,False,REGULAR,USD,2026-06-24,7355.39013671875,0.0363499975204467,call,1.000626732667549,0.0410958904109589,111.0
SPXW260624C07370000,2026-06-09 17:56:25+00:00,7370.0,103.98,106.8,107.6,-57.79,-35.723557,15.0,10.0,0.1860013346481323,False,REGULAR,USD,2026-06-24,7355.39013671875,0.0363499975204467,call,1.0019862798586734,0.0410958904109589,107.2
SPXW260624C07375000,2026-06-09 15:51:32+00:00,7375.0,83.1,102.0,102.8,-49.18,-37.17871,12.0,302.0,0.1820073865509033,False,REGULAR,USD,2026-06-24,7355.39013671875,0.0363499975204467,call,1.0026660534542358,0.0410958904109589,102.4
SPXW260624C07380000,2026-06-09 18:41:34+00:00,7380.0,99.6,101.0,102.0,-29.280006,-22.718813,8.0,98.0,0.1844716563415527,False,REGULAR,USD,2026-06-24,7355.39013671875,0.0363499975204467,call,1.003345827049798,0.0410958904109589,101.5
SPXW260624C07390000,2026-06-09 15:09:42+00:00,7390.0,102.3,95.0,95.8,-17.799995,-14.820978,2.0,2.0,0.1817212871170044,False,REGULAR,USD,2026-06-24,7355.39013671875,0.0363499975204467,call,1.0047053742409222,0.0410958904109589,95.4
SPXW260624C07400000,2026-06-09 16:29:54+00:00,7400.0,59.0,88.0,88.6,-47.0,-44.339622,8.0,73.0,0.1770788469696045,False,REGULAR,USD,2026-06-24,7355.39013671875,0.0363499975204467,call,1.0060649214320467,0.0410958904109589,88.3
SPXW260624C07410000,2026-06-08 19:27:42+00:00,7410.0,102.4,83.3,84.0,2.5999985,2.6052089,1.0,28.0,0.1764494282150268,False,REGULAR,USD,2026-06-24,7355.39013671875,0.0363499975204467,call,1.007424468623171,0.0410958904109589,83.65
SPXW260624C07415000,2026-06-05 18:44:22+00:00,7415.0,105.68,81.4,82.1,-7.5199966,-6.6431065,1.0,9.0,0.1767050103759765,False,REGULAR,USD,2026-06-24,7355.39013671875,0.0363499975204467,call,1.0081042422187332,0.0410958904109589,81.75
SPXW260624C07420000,2026-06-09 16:22:23+00:00,7420.0,50.42,77.6,78.4,-60.380005,-54.494587,10.0,106.0,0.1739088652420044,False,REGULAR,USD,2026-06-24,7355.39013671875,0.0363499975204467,call,1.008784015814295,0.0410958904109589,78.0
SPXW260624C07425000,2026-06-09 16:18:41+00:00,7425.0,48.8,76.9,77.6,-43.84,-47.32297,3.0,39.0,0.175877229347229,False,REGULAR,USD,2026-06-24,7355.39013671875,0.0363499975204467,call,1.0094637894098577,0.0410958904109589,77.25
SPXW260624C07430000,2026-06-09 14:24:17+00:00,7430.0,96.4,72.2,73.3,-4.5,-4.4598613,23.0,31.0,0.1719214278411865,False,REGULAR,USD,2026-06-24,7355.39013671875,0.0363499975204467,call,1.01014356300542,0.0410958904109589,72.75
SPXW260624C07435000,2026-06-09 15:21:55+00:00,7435.0,70.88,71.4,72.2,-29.120003,-29.120003,4.0,12.0,0.1732775391578674,False,REGULAR,USD,2026-06-24,7355.39013671875,0.0363499975204467,call,1.010823336600982,0.0410958904109589,71.80000000000001
SPXW260624C07440000,2026-06-09 15:43:46+00:00,7440.0,52.66,68.4,69.0,-54.969997,-51.073116,35.0,64.0,0.1710173536300659,False,REGULAR,USD,2026-06-24,7355.39013671875,0.0363499975204467,call,1.0115031101965442,0.0410958904109589,68.7
SPXW260624C07445000,2026-06-08 17:09:37+00:00,7445.0,88.61,64.8,65.5,0.0,0.0,14.0,20.0,0.1681487299728393,False,REGULAR,USD,2026-06-24,7355.39013671875,0.0363499975204467,call,1.0121828837921063,0.0410958904109589,65.15
SPXW260624C07450000,2026-06-09 16:44:26+00:00,7450.0,35.16,63.6,64.4,-54.3,-60.697517,19.0,59.0,0.1693274596405029,False,REGULAR,USD,2026-06-24,7355.39013671875,0.0363499975204467,call,1.012862657387669,0.0410958904109589,64.0
SPXW260624C07455000,2026-06-09 16:45:10+00:00,7455.0,34.3,61.2,61.8,-68.5,-66.63424,4.0,28.0,0.1678511865615845,False,REGULAR,USD,2026-06-24,7355.39013671875,0.0363499975204467,call,1.0135424309832308,0.0410958904109589,61.5
SPXW260624C07460000,2026-06-09 16:18:41+00:00,7460.0,38.62,57.8,58.4,-51.540005,-57.165043,3.0,46.0,0.1648910110855103,False,REGULAR,USD,2026-06-24,7355.39013671875,0.0363499975204467,call,1.014222204578793,0.0410958904109589,58.1
SPXW260624C07465000,2026-06-09 15:03:47+00:00,7465.0,37.17,55.5,56.1,-30.330002,-44.93334,8.0,10.0,0.1637618719863892,False,REGULAR,USD,2026-06-24,7355.39013671875,0.0363499975204467,call,1.0149019781743551,0.0410958904109589,55.8
SPXW260624C07470000,2026-06-09 15:03:47+00:00,7470.0,44.52,54.6,55.2,-49.079998,-52.435898,9.0,7.0,0.1650512267684936,False,REGULAR,USD,2026-06-24,7355.39013671875,0.0363499975204467,call,1.0155817517699173,0.0410958904109589,54.900000000000006
SPXW260624C07475000,2026-06-09 18:52:27+00:00,7475.0,53.47,52.7,53.3,-12.379997,-18.8003,13.0,26.0,0.164498101196289,False,REGULAR,USD,2026-06-24,7355.39013671875,0.0363499975204467,call,1.0162615253654796,0.0410958904109589,53.0
SPXW260624C07480000,2026-06-09 18:52:27+00:00,7480.0,51.42,50.2,51.0,-9.200001,-15.176511,12.0,13.0,0.1631477118682861,False,REGULAR,USD,2026-06-24,7355.39013671875,0.0363499975204467,call,1.0169412989610418,0.0410958904109589,50.6
SPXW260624C07485000,2026-06-09 14:15:53+00:00,7485.0,64.82,48.0,48.6,-33.58,-34.12602,2.0,1.0,0.1615226670837402,False,REGULAR,USD,2026-06-24,7355.39013671875,0.0363499975204467,call,1.017621072556604,0.0410958904109589,48.3
SPXW260624C07490000,2026-06-09 13:43:40+00:00,7490.0,25.5,45.2,46.0,-31.7,-55.41958,2.0,11.0,0.1594207899093627,False,REGULAR,USD,2026-06-24,7355.39013671875,0.0363499975204467,call,1.018300846152166,0.0410958904109589,45.6
SPXW260624C07495000,2026-06-05 15:19:25+00:00,7495.0,29.86,44.6,45.2,-71.22,-70.45904,2.0,2.0,0.160603334236145,False,REGULAR,USD,2026-06-24,7355.39013671875,0.0363499975204467,call,1.0189806197477282,0.0410958904109589,44.900000000000006
SPXW260624C07500000,2026-06-09 17:45:22+00:00,7500.0,36.4,42.6,43.2,-16.399998,-31.060602,90.0,89.0,0.1594589365005493,False,REGULAR,USD,2026-06-24,7355.39013671875,0.0363499975204467,call,1.0196603933432906,0.0410958904109589,42.900000000000006
SPXW260624C07505000,2026-06-08 14:37:38+00:00,7505.0,53.3,40.9,41.6,-14.259998,-21.107162,2.0,11.0,0.1589973627471924,False,REGULAR,USD,2026-06-24,7355.39013671875,0.0363499975204467,call,1.0203401669388528,0.0410958904109589,41.25
SPXW260624C07510000,2026-06-09 18:37:25+00:00,7510.0,40.32,38.5,39.0,-9.799999,-19.553072,27.0,61.0,0.1564949463653564,False,REGULAR,USD,2026-06-24,7355.39013671875,0.0363499975204467,call,1.021019940534415,0.0410958904109589,38.75
SPXW260624C07515000,2026-06-09 17:41:59+00:00,7515.0,31.49,37.3,37.8,-49.510002,-61.123455,194.0,10.0,0.1566475327301025,False,REGULAR,USD,2026-06-24,7355.39013671875,0.0363499975204467,call,1.021699714129977,0.0410958904109589,37.55
SPXW260624C07520000,2026-06-09 18:46:39+00:00,7520.0,34.33,35.8,36.4,-10.219997,-22.940512,6.0,92.0,0.156334730682373,False,REGULAR,USD,2026-06-24,7355.39013671875,0.0363499975204467,call,1.0223794877255392,0.0410958904109589,36.1
SPXW260624C07525000,2026-06-09 18:37:25+00:00,7525.0,35.0,34.0,34.5,-29.900002,-46.07088,561.0,65.0,0.154919492149353,False,REGULAR,USD,2026-06-24,7355.39013671875,0.0363499975204467,call,1.0230592613211016,0.0410958904109589,34.25
SPXW260624C07530000,2026-06-09 17:17:55+00:00,7530.0,23.84,31.3,31.8,-30.23,-55.909008,549.0,39.0,0.1517113638305664,False,REGULAR,USD,2026-06-24,7355.39013671875,0.0363499975204467,call,1.0237390349166635,0.0410958904109589,31.55
SPXW260624C07535000,2026-06-08 14:33:33+00:00,7535.0,21.41,29.9,30.4,-31.09,-59.219048,2.0,10.0,0.151101018371582,False,REGULAR,USD,2026-06-24,7355.39013671875,0.0363499975204467,call,1.024418808512226,0.0410958904109589,30.15
SPXW260624C07540000,2026-06-09 16:38:54+00:00,7540.0,14.6,29.4,30.0,-38.89,-72.705185,558.0,26.0,0.1525811061096191,False,REGULAR,USD,2026-06-24,7355.39013671875,0.0363499975204467,call,1.025098582107788,0.0410958904109589,29.7
SPXW260624C07545000,2026-06-09 15:56:44+00:00,7545.0,20.46,27.0,27.5,-74.64,-78.48581,369.0,11.0,0.1493920510864257,False,REGULAR,USD,2026-06-24,7355.39013671875,0.0363499975204467,call,1.0257783557033502,0.0410958904109589,27.25
SPXW260624C07550000,2026-06-09 19:07:55+00:00,7550.0,28.8,26.4,26.9,-6.040001,-17.3364,16.0,114.0,0.150311383934021,False,REGULAR,USD,2026-06-24,7355.39013671875,0.0363499975204467,call,1.0264581292989126,0.0410958904109589,26.65
SPXW260624C07555000,2026-06-09 16:45:31+00:00,7555.0,13.5,25.5,26.0,-19.119999,-58.614346,11.0,20.0,0.1505059315490723,False,REGULAR,USD,2026-06-24,7355.39013671875,0.0363499975204467,call,1.0271379028944747,0.0410958904109589,25.75
SPXW260624C07560000,2026-06-09 13:42:07+00:00,7560.0,37.24,23.0,23.7,-7.949997,-17.592382,14.0,41.0,0.1473397644805908,False,REGULAR,USD,2026-06-24,7355.39013671875,0.0363499975204467,call,1.0278176764900369,0.0410958904109589,23.35
SPXW260624C07570000,2026-06-08 14:09:29+00:00,7570.0,21.0,21.4,21.9,-17.169998,-44.982967,8.0,58.0,0.147293988571167,False,REGULAR,USD,2026-06-24,7355.39013671875,0.0363499975204467,call,1.0291772236811612,0.0410958904109589,21.65
SPXW260624C07575000,2026-06-08 19:37:52+00:00,7575.0,11.0,20.4,20.9,-16.05,-59.334564,2.0,112.0,0.1469125226593017,False,REGULAR,USD,2026-06-24,7355.39013671875,0.0363499975204467,call,1.0298569972767233,0.0410958904109589,20.65
SPXW260624C07580000,2026-06-09 18:54:13+00:00,7580.0,20.4,18.6,19.3,-4.870001,-19.271868,12.0,56.0,0.1448831240081787,False,REGULAR,USD,2026-06-24,7355.39013671875,0.0363499975204467,call,1.0305367708722857,0.0410958904109589,18.950000000000003
SPXW260624C07585000,2026-06-08 19:36:45+00:00,7585.0,11.9,18.2,18.7,-11.700001,-49.576275,2.0,23.0,0.1453523270797729,False,REGULAR,USD,2026-06-24,7355.39013671875,0.0363499975204467,call,1.0312165444678478,0.0410958904109589,18.45
SPXW260624C07590000,2026-06-09 16:07:25+00:00,7590.0,11.69,16.8,17.2,-21.010002,-64.25077,18.0,27.0,0.1433114844512939,False,REGULAR,USD,2026-06-24,7355.39013671875,0.0363499975204467,call,1.03189631806341,0.0410958904109589,17.0
SPXW260624C07595000,2026-06-09 16:05:02+00:00,7595.0,11.02,16.2,16.7,-21.189999,-65.78702,21.0,3.0,0.1439103859329223,False,REGULAR,USD,2026-06-24,7355.39013671875,0.0363499975204467,call,1.032576091658972,0.0410958904109589,16.45
SPXW260624C07600000,2026-06-09 19:07:55+00:00,7600.0,16.7,15.0,15.4,-4.0999985,-19.711533,1061.0,2415.0,0.1421518280792236,False,REGULAR,USD,2026-06-24,7355.39013671875,0.0363499975204467,call,1.0332558652545345,0.0410958904109589,15.2
SPXW260624C07605000,2026-06-09 17:54:08+00:00,7605.0,11.5,14.3,14.8,-26.7,-69.89529,5.0,0.0,0.1423196730804443,False,REGULAR,USD,2026-06-24,7355.39013671875,0.0363499975204467,call,1.0339356388500966,0.0410958904109589,14.55
SPXW260624C07610000,2026-06-09 15:40:14+00:00,7610.0,8.72,13.4,13.8,-9.88,-53.11828,7.0,41.0,0.1411905339813232,False,REGULAR,USD,2026-06-24,7355.39013671875,0.0363499975204467,call,1.0346154124456588,0.0410958904109589,13.6
SPXW260624C07615000,2026-06-09 15:51:44+00:00,7615.0,8.6,12.5,12.9,-21.05,-70.99494,5.0,2.0,0.1402368692016601,False,REGULAR,USD,2026-06-24,7355.39013671875,0.0363499975204467,call,1.035295186041221,0.0410958904109589,12.7
SPXW260624C07620000,2026-06-09 15:40:14+00:00,7620.0,7.62,11.4,11.9,-12.080001,-61.3198,8.0,16.0,0.1388178160095214,False,REGULAR,USD,2026-06-24,7355.39013671875,0.0363499975204467,call,1.035974959636783,0.0410958904109589,11.65
SPXW260624C07625000,2026-06-09 16:22:40+00:00,7625.0,7.6,10.7,11.1,-6.9,-47.58621,80.0,551.0,0.1379213711166381,False,REGULAR,USD,2026-06-24,7355.39013671875,0.0363499975204467,call,1.0366547332323452,0.0410958904109589,10.9
SPXW260624C07630000,2026-06-09 18:43:22+00:00,7630.0,10.5,10.3,10.7,-18.87,-64.24924,14.0,7.0,0.1383142810058593,False,REGULAR,USD,2026-06-24,7355.39013671875,0.0363499975204467,call,1.0373345068279076,0.0410958904109589,10.5
SPXW260624C07635000,2026-06-09 18:31:39+00:00,7635.0,10.5,9.8,10.3,-18.1,-63.286713,37.0,2.0,0.1386576003265381,False,REGULAR,USD,2026-06-24,7355.39013671875,0.0363499975204467,call,1.0380142804234698,0.0410958904109589,10.05
SPXW260624C07640000,2026-06-09 16:40:27+00:00,7640.0,7.9,9.1,9.5,-6.7000003,-45.89041,21.0,14.0,0.1374445387268066,False,REGULAR,USD,2026-06-24,7355.39013671875,0.0363499975204467,call,1.038694054019032,0.0410958904109589,9.3
SPXW260624C07645000,2026-06-09 17:48:30+00:00,7645.0,6.9,8.2,8.6,-13.970001,-66.938194,16.0,3.0,0.1356669075775146,False,REGULAR,USD,2026-06-24,7355.39013671875,0.0363499975204467,call,1.039373827614594,0.0410958904109589,8.399999999999999
SPXW260624C07650000,2026-06-09 17:38:57+00:00,7650.0,6.5,7.6,8.0,-6.8999996,-51.492535,47.0,355.0,0.1349116050720215,False,REGULAR,USD,2026-06-24,7355.39013671875,0.0363499975204467,call,1.0400536012101562,0.0410958904109589,7.8
SPXW260624C07655000,2026-06-09 17:42:55+00:00,7655.0,6.6,7.6,8.0,-17.0,-72.0339,36.0,0.0,0.1365900550842285,False,REGULAR,USD,2026-06-24,7355.39013671875,0.0363499975204467,call,1.0407333748057186,0.0410958904109589,7.8
SPXW260624C07660000,2026-06-09 17:42:55+00:00,7660.0,6.2,6.9,7.2,-3.25,-34.391537,44.0,30.0,0.1347895359802246,False,REGULAR,USD,2026-06-24,7355.39013671875,0.0363499975204467,call,1.0414131484012807,0.0410958904109589,7.050000000000001
SPXW260624C07670000,2026-06-09 15:48:58+00:00,7670.0,3.91,6.0,6.4,-9.95,-71.78932,3.0,115.0,0.1343317768859863,False,REGULAR,USD,2026-06-24,7355.39013671875,0.0363499975204467,call,1.042772695592405,0.0410958904109589,6.2
SPXW260624C07675000,2026-06-09 17:27:07+00:00,7675.0,4.16,5.5,5.9,-7.9400005,-65.619835,40.0,89.0,0.1334696639251708,False,REGULAR,USD,2026-06-24,7355.39013671875,0.0363499975204467,call,1.0434524691879672,0.0410958904109589,5.7
SPXW260624C07680000,2026-06-09 17:42:55+00:00,7680.0,4.8,5.3,5.5,-10.25,-68.10631,40.0,83.0,0.1329737582397461,False,REGULAR,USD,2026-06-24,7355.39013671875,0.0363499975204467,call,1.0441322427835296,0.0410958904109589,5.4
SPXW260624C07690000,2026-06-05 18:00:07+00:00,7690.0,4.54,4.6,4.8,-9.08,-66.666664,2.0,18.0,0.1322108264160156,False,REGULAR,USD,2026-06-24,7355.39013671875,0.0363499975204467,call,1.045491789974654,0.0410958904109589,4.699999999999999
SPXW260624C07700000,2026-06-09 17:21:57+00:00,7700.0,3.2,3.9,4.2,-2.09,-39.508503,10.0,155.0,0.1316157395935058,False,REGULAR,USD,2026-06-24,7355.39013671875,0.0363499975204467,call,1.0468513371657782,0.0410958904109589,4.05
SPXW260624C07710000,2026-06-09 18:35:01+00:00,7710.0,3.79,3.3,3.6,-0.7600002,-16.7033,38.0,50.0,0.1305781523132324,False,REGULAR,USD,2026-06-24,7355.39013671875,0.0363499975204467,call,1.048210884356903,0.0410958904109589,3.45
SPXW260624C07720000,2026-06-09 14:50:13+00:00,7720.0,3.0,2.85,3.2,-7.1000004,-70.297035,4.0,11.0,0.1305476350402831,False,REGULAR,USD,2026-06-24,7355.39013671875,0.0363499975204467,call,1.049570431548027,0.0410958904109589,3.0250000000000004
SPXW260624C07725000,2026-06-09 16:44:43+00:00,7725.0,1.51,2.65,2.9,-3.2299998,-68.143456,103.0,103.0,0.129616858215332,False,REGULAR,USD,2026-06-24,7355.39013671875,0.0363499975204467,call,1.0502502051435891,0.0410958904109589,2.775
SPXW260624C07730000,2026-06-09 19:09:05+00:00,7730.0,2.85,2.4,2.7,-3.58,-55.676517,2.0,18.0,0.1293574613952636,False,REGULAR,USD,2026-06-24,7355.39013671875,0.0363499975204467,call,1.0509299787391515,0.0410958904109589,2.55
SPXW260624C07740000,2026-06-09 18:49:14+00:00,7740.0,2.35,2.05,2.3,-0.95000005,-28.787882,10.0,14.0,0.1285029777526855,False,REGULAR,USD,2026-06-24,7355.39013671875,0.0363499975204467,call,1.0522895259302758,0.0410958904109589,2.175
SPXW260624C07750000,2026-06-09 18:51:35+00:00,7750.0,2.1,1.85,2.1,-0.25,-10.638298,551.0,681.0,0.1292201336669922,False,REGULAR,USD,2026-06-24,7355.39013671875,0.0363499975204467,call,1.0536490731214,0.0410958904109589,1.975
SPXW260624C07760000,2026-06-09 17:09:23+00:00,7760.0,1.29,1.55,1.75,-4.61,-78.13559,1.0,7.0,0.1280452186584472,False,REGULAR,USD,2026-06-24,7355.39013671875,0.0363499975204467,call,1.0550086203125246,0.0410958904109589,1.65
SPXW260624C07775000,2026-06-09 17:13:07+00:00,7775.0,1.05,1.3,1.5,-1.3,-55.319153,98.0,202.0,0.1288234091186523,False,REGULAR,USD,2026-06-24,7355.39013671875,0.0363499975204467,call,1.057047941099211,0.0410958904109589,1.4
SPXW260624C07800000,2026-06-09 16:50:15+00:00,7800.0,0.77,0.9,1.05,-0.38,-33.04348,26.0,195.0,0.1283046154785156,False,REGULAR,USD,2026-06-24,7355.39013671875,0.0363499975204467,call,1.060446809077022,0.0410958904109589,0.975
SPXW260624C07825000,2026-06-08 19:54:17+00:00,7825.0,0.6,0.7,0.85,-0.20999998,-25.925924,1.0,138.0,0.1305018591308593,False,REGULAR,USD,2026-06-24,7355.39013671875,0.0363499975204467,call,1.063845677054833,0.0410958904109589,0.7749999999999999
SPXW260624C07850000,2026-06-09 15:26:32+00:00,7850.0,0.42,0.5,0.65,-0.44000003,-51.162796,6.0,83.0,0.1317225500488281,False,REGULAR,USD,2026-06-24,7355.39013671875,0.0363499975204467,call,1.067244545032644,0.0410958904109589,0.575
SPXW260625C07290000,2026-06-09 16:03:44+00:00,7290.0,130.86,164.6,165.4,-103.69,-44.208057,1.0,1.0,0.2056353851318359,True,REGULAR,USD,2026-06-25,7355.39013671875,0.0363499975204467,call,0.9911099023296784,0.0438356164383561,165.0
SPXW260625C07300000,2026-06-09 18:36:17+00:00,7300.0,158.0,154.8,156.6,-24.839996,-13.585647,67.0,110.0,0.2005809617996215,True,REGULAR,USD,2026-06-25,7355.39013671875,0.0363499975204467,call,0.9924694495208028,0.0438356164383561,155.7
SPXW260625C07325000,2026-06-05 14:50:49+00:00,7325.0,122.8,141.0,141.8,-113.33,-47.994747,4.0,6.0,0.1987537400817871,True,REGULAR,USD,2026-06-25,7355.39013671875,0.0363499975204467,call,0.9958683174986136,0.0438356164383561,141.4
SPXW260625C07330000,2026-06-09 15:26:55+00:00,7330.0,121.8,134.7,135.6,-110.229996,-47.506786,1.0,1.0,0.1931004152679443,True,REGULAR,USD,2026-06-25,7355.39013671875,0.0363499975204467,call,0.996548091094176,0.0438356164383561,135.14999999999998
SPXW260625C07340000,2026-06-09 17:41:38+00:00,7340.0,120.8,127.8,129.0,-199.52998,-62.288887,2.0,1.0,0.1908726543426513,True,REGULAR,USD,2026-06-25,7355.39013671875,0.0363499975204467,call,0.9979076382853004,0.0438356164383561,128.4
SPXW260625C07350000,2026-06-09 19:03:46+00:00,7350.0,129.54,121.2,122.1,-16.460007,-11.273977,5.0,55.0,0.1879716060829162,True,REGULAR,USD,2026-06-25,7355.39013671875,0.0363499975204467,call,0.9992671854764248,0.0438356164383561,121.65
SPXW260625C07360000,2026-06-09 18:30:09+00:00,7360.0,116.4,117.3,118.1,-20.870003,-15.203614,2.0,2.0,0.1894459718322754,False,REGULAR,USD,2026-06-25,7355.39013671875,0.0363499975204467,call,1.000626732667549,0.0438356164383561,117.7
SPXW260625C07370000,2026-06-09 16:40:27+00:00,7370.0,67.3,111.6,112.5,-78.2,-53.7457,3.0,2.0,0.1881871343231201,False,REGULAR,USD,2026-06-25,7355.39013671875,0.0363499975204467,call,1.0019862798586734,0.0438356164383561,112.05
SPXW260625C07375000,2026-06-09 15:05:47+00:00,7375.0,109.61,106.2,107.4,-145.09,-56.965057,2.0,14.0,0.1838422375869751,False,REGULAR,USD,2026-06-25,7355.39013671875,0.0363499975204467,call,1.0026660534542358,0.0438356164383561,106.8
SPXW260625C07380000,2026-06-09 17:45:55+00:00,7380.0,91.6,103.8,104.4,-78.409996,-46.120815,12.0,90.0,0.1827588743972778,False,REGULAR,USD,2026-06-25,7355.39013671875,0.0363499975204467,call,1.003345827049798,0.0438356164383561,104.1
SPXW260625C07390000,2026-06-09 16:40:27+00:00,7390.0,58.8,99.0,99.9,-91.89,-60.979492,4.0,60.0,0.1828008356475829,False,REGULAR,USD,2026-06-25,7355.39013671875,0.0363499975204467,call,1.0047053742409222,0.0438356164383561,99.45
SPXW260625C07400000,2026-06-09 18:56:14+00:00,7400.0,95.84,91.5,92.4,-26.160004,-21.442627,9.0,195.0,0.1778494081115723,False,REGULAR,USD,2026-06-25,7355.39013671875,0.0363499975204467,call,1.0060649214320467,0.0438356164383561,91.95
SPXW260625C07410000,2026-06-09 15:23:30+00:00,7410.0,57.0,88.5,89.4,-149.1,-72.34353,3.0,1.0,0.1798368455123901,False,REGULAR,USD,2026-06-25,7355.39013671875,0.0363499975204467,call,1.007424468623171,0.0438356164383561,88.95
SPXW260625C07420000,2026-06-08 19:50:10+00:00,7420.0,59.25,80.7,81.6,-44.160004,-42.703804,2.0,122.0,0.1738859772872925,False,REGULAR,USD,2026-06-25,7355.39013671875,0.0363499975204467,call,1.008784015814295,0.0438356164383561,81.15
SPXW260625C07425000,2026-06-09 16:14:13+00:00,7425.0,43.95,80.4,81.2,-69.56999,-61.28435,8.0,28.0,0.1764608721923828,False,REGULAR,USD,2026-06-25,7355.39013671875,0.0363499975204467,call,1.0094637894098577,0.0438356164383561,80.80000000000001
SPXW260625C07430000,2026-06-09 18:23:46+00:00,7430.0,74.22,75.9,76.6,-45.78,-38.15,53.0,77.0,0.1721693806838989,False,REGULAR,USD,2026-06-25,7355.39013671875,0.0363499975204467,call,1.01014356300542,0.0438356164383561,76.25
SPXW260625C07440000,2026-06-09 15:02:11+00:00,7440.0,75.76,71.4,72.0,-27.349998,-26.525068,50.0,53.0,0.1708533232879639,False,REGULAR,USD,2026-06-25,7355.39013671875,0.0363499975204467,call,1.0115031101965442,0.0438356164383561,71.7
SPXW260625C07445000,2026-06-09 18:54:10+00:00,7445.0,72.15,68.5,69.4,-42.089996,-36.843483,3.0,1.0,0.1696021150970459,False,REGULAR,USD,2026-06-25,7355.39013671875,0.0363499975204467,call,1.0121828837921063,0.0438356164383561,68.95
SPXW260625C07450000,2026-06-09 18:18:28+00:00,7450.0,61.0,68.2,69.0,-29.529999,-32.619022,19.0,54.0,0.1719443157958984,False,REGULAR,USD,2026-06-25,7355.39013671875,0.0363499975204467,call,1.012862657387669,0.0438356164383561,68.6
SPXW260625C07455000,2026-06-09 14:51:55+00:00,7455.0,66.24,65.2,65.8,-23.849998,-26.473524,1.0,16.0,0.1695639685058594,False,REGULAR,USD,2026-06-25,7355.39013671875,0.0363499975204467,call,1.0135424309832308,0.0438356164383561,65.5
SPXW260625C07460000,2026-06-09 18:23:46+00:00,7460.0,67.02,61.4,62.2,-26.630005,-28.435669,12.0,11.0,0.1664168747329712,False,REGULAR,USD,2026-06-25,7355.39013671875,0.0363499975204467,call,1.014222204578793,0.0438356164383561,61.8
SPXW260625C07465000,2026-06-09 18:43:48+00:00,7465.0,59.0,60.6,61.2,-32.370003,-35.427383,12.0,1.0,0.1675917897415161,False,REGULAR,USD,2026-06-25,7355.39013671875,0.0363499975204467,call,1.0149019781743551,0.0438356164383561,60.900000000000006
SPXW260625C07470000,2026-06-08 12:53:26+00:00,7470.0,96.3,58.6,59.2,0.0,0.0,2.0,4.0,0.1670119615554809,False,REGULAR,USD,2026-06-25,7355.39013671875,0.0363499975204467,call,1.0155817517699173,0.0438356164383561,58.900000000000006
SPXW260625C07475000,2026-06-09 16:18:41+00:00,7475.0,33.52,56.4,57.1,-47.95,-58.856018,10.0,132.0,0.1661918098449707,False,REGULAR,USD,2026-06-25,7355.39013671875,0.0363499975204467,call,1.0162615253654796,0.0438356164383561,56.75
SPXW260625C07480000,2026-06-05 19:57:13+00:00,7480.0,74.26,54.6,55.2,0.0,0.0,6.0,16.0,0.1656501282501221,False,REGULAR,USD,2026-06-25,7355.39013671875,0.0363499975204467,call,1.0169412989610418,0.0438356164383561,54.900000000000006
SPXW260625C07485000,2026-06-09 17:05:43+00:00,7485.0,34.6,52.5,53.2,-55.9,-61.767956,6.0,11.0,0.164860493812561,False,REGULAR,USD,2026-06-25,7355.39013671875,0.0363499975204467,call,1.017621072556604,0.0438356164383561,52.85
SPXW260625C07490000,2026-06-09 18:28:38+00:00,7490.0,48.24,50.2,51.0,-39.459995,-44.994293,66.0,71.0,0.1636436175537109,False,REGULAR,USD,2026-06-25,7355.39013671875,0.0363499975204467,call,1.018300846152166,0.0438356164383561,50.6
SPXW260625C07495000,2026-06-09 16:07:16+00:00,7495.0,32.78,48.2,48.8,-55.82,-63.00226,4.0,4.0,0.1623390041351318,False,REGULAR,USD,2026-06-25,7355.39013671875,0.0363499975204467,call,1.0189806197477282,0.0438356164383561,48.5
SPXW260625C07500000,2026-06-09 19:00:06+00:00,7500.0,49.46,46.3,47.1,-14.870003,-23.11519,30.0,1045.0,0.1618621717453002,False,REGULAR,USD,2026-06-25,7355.39013671875,0.0363499975204467,call,1.0196603933432906,0.0438356164383561,46.7
SPXW260625C07505000,2026-06-09 16:17:29+00:00,7505.0,25.63,44.1,44.6,-53.880005,-67.76507,5.0,15.0,0.1598327730941772,False,REGULAR,USD,2026-06-25,7355.39013671875,0.0363499975204467,call,1.0203401669388528,0.0438356164383561,44.35
SPXW260625C07510000,2026-06-09 16:17:41+00:00,7510.0,24.25,42.0,42.6,-41.300003,-63.005344,1.0,24.0,0.1586311554718017,False,REGULAR,USD,2026-06-25,7355.39013671875,0.0363499975204467,call,1.021019940534415,0.0438356164383561,42.3
SPXW260625C07515000,2026-06-09 15:27:57+00:00,7515.0,28.75,39.6,40.2,-36.809998,-56.147038,5.0,12.0,0.1565750542068482,False,REGULAR,USD,2026-06-25,7355.39013671875,0.0363499975204467,call,1.021699714129977,0.0438356164383561,39.900000000000006
SPXW260625C07520000,2026-06-09 16:02:25+00:00,7520.0,25.5,38.1,38.8,-26.330002,-50.800697,8.0,75.0,0.156334730682373,False,REGULAR,USD,2026-06-25,7355.39013671875,0.0363499975204467,call,1.0223794877255392,0.0438356164383561,38.45
SPXW260625C07525000,2026-06-09 17:54:08+00:00,7525.0,30.65,37.2,38.0,-21.550001,-41.283524,21.0,61.0,0.1572006583023071,False,REGULAR,USD,2026-06-25,7355.39013671875,0.0363499975204467,call,1.0230592613211016,0.0438356164383561,37.6
SPXW260625C07530000,2026-06-09 14:37:59+00:00,7530.0,50.1,34.6,35.2,4.209999,9.17411,2.0,40.0,0.1540497498703003,False,REGULAR,USD,2026-06-25,7355.39013671875,0.0363499975204467,call,1.0237390349166635,0.0438356164383561,34.900000000000006
SPXW260625C07535000,2026-06-09 18:28:38+00:00,7535.0,32.79,33.6,34.3,-65.01,-66.47239,1.0,1.0,0.1545876168060303,False,REGULAR,USD,2026-06-25,7355.39013671875,0.0363499975204467,call,1.024418808512226,0.0438356164383561,33.95
SPXW260625C07540000,2026-06-09 13:41:38+00:00,7540.0,44.32,31.6,32.2,-6.010002,-11.941193,10.0,74.0,0.1526078087234497,False,REGULAR,USD,2026-06-25,7355.39013671875,0.0363499975204467,call,1.025098582107788,0.0438356164383561,31.9
SPXW260625C07550000,2026-06-09 19:02:41+00:00,7550.0,31.74,29.9,30.4,-13.51,-29.856354,52.0,186.0,0.1533707405471802,False,REGULAR,USD,2026-06-25,7355.39013671875,0.0363499975204467,call,1.0264581292989126,0.0438356164383561,30.15
SPXW260625C07555000,2026-06-08 19:42:17+00:00,7555.0,31.2,28.1,28.6,-4.8999977,-13.573401,2.0,12.0,0.1517304371261597,False,REGULAR,USD,2026-06-25,7355.39013671875,0.0363499975204467,call,1.0271379028944747,0.0438356164383561,28.35
SPXW260625C07560000,2026-06-09 14:44:29+00:00,7560.0,20.96,26.0,26.7,-11.830002,-36.07808,5.0,26.0,0.1497391850662232,False,REGULAR,USD,2026-06-25,7355.39013671875,0.0363499975204467,call,1.0278176764900369,0.0438356164383561,26.35
SPXW260625C07565000,2026-06-09 15:34:30+00:00,7565.0,17.09,24.8,25.4,-20.89,-55.002632,25.0,24.0,0.148960994606018,False,REGULAR,USD,2026-06-25,7355.39013671875,0.0363499975204467,call,1.028497450085599,0.0438356164383561,25.1
SPXW260625C07570000,2026-06-09 14:19:13+00:00,7570.0,31.2,24.4,25.0,-15.259998,-32.845455,3.0,19.0,0.1501702415466309,False,REGULAR,USD,2026-06-25,7355.39013671875,0.0363499975204467,call,1.0291772236811612,0.0438356164383561,24.7
SPXW260625C07575000,2026-06-09 19:07:21+00:00,7575.0,25.3,22.2,22.8,-4.33,-14.613567,17.0,176.0,0.1471146995925903,False,REGULAR,USD,2026-06-25,7355.39013671875,0.0363499975204467,call,1.0298569972767233,0.0438356164383561,22.5
SPXW260625C07580000,2026-06-09 14:19:13+00:00,7580.0,11.25,21.8,22.3,-93.53,-89.26322,39.0,59.0,0.1479768125534057,False,REGULAR,USD,2026-06-25,7355.39013671875,0.0363499975204467,call,1.0305367708722857,0.0438356164383561,22.05
SPXW260625C07585000,2026-06-08 17:56:33+00:00,7585.0,16.08,20.8,21.3,-15.280001,-48.72449,4.0,3.0,0.1475724586868286,False,REGULAR,USD,2026-06-25,7355.39013671875,0.0363499975204467,call,1.0312165444678478,0.0438356164383561,21.05
SPXW260625C07590000,2026-06-09 19:13:54+00:00,7590.0,19.9,19.7,20.2,-12.0,-37.617554,2.0,51.0,0.1468362294769287,False,REGULAR,USD,2026-06-25,7355.39013671875,0.0363499975204467,call,1.03189631806341,0.0438356164383561,19.95
SPXW260625C07600000,2026-06-09 19:07:21+00:00,7600.0,19.45,17.6,18.2,-2.3400002,-10.738872,56.0,190.0,0.1455850212860107,False,REGULAR,USD,2026-06-25,7355.39013671875,0.0363499975204467,call,1.0332558652545345,0.0438356164383561,17.9
SPXW260625C07605000,2026-06-08 16:05:51+00:00,7605.0,29.7,16.7,17.2,0.0,0.0,14.0,24.0,0.1448182748031616,False,REGULAR,USD,2026-06-25,7355.39013671875,0.0363499975204467,call,1.0339356388500966,0.0438356164383561,16.95
SPXW260625C07610000,2026-06-09 18:10:34+00:00,7610.0,13.37,15.1,15.6,-16.18,-54.754654,2.0,17.0,0.1422433798980712,False,REGULAR,USD,2026-06-25,7355.39013671875,0.0363499975204467,call,1.0346154124456588,0.0438356164383561,15.35
SPXW260625C07615000,2026-06-05 19:15:30+00:00,7615.0,28.88,14.5,15.0,5.7699986,24.96754,5.0,2.0,0.1423730783081054,False,REGULAR,USD,2026-06-25,7355.39013671875,0.0363499975204467,call,1.035295186041221,0.0438356164383561,14.75
SPXW260625C07620000,2026-06-09 16:06:31+00:00,7620.0,8.0,13.9,14.4,-12.870001,-61.66747,4.0,62.0,0.1424417421722412,False,REGULAR,USD,2026-06-25,7355.39013671875,0.0363499975204467,call,1.035974959636783,0.0438356164383561,14.15
SPXW260625C07625000,2026-06-09 17:41:17+00:00,7625.0,10.78,13.0,13.6,-10.37,-49.030735,36.0,204.0,0.1418390260314941,False,REGULAR,USD,2026-06-25,7355.39013671875,0.0363499975204467,call,1.0366547332323452,0.0438356164383561,13.3
SPXW260625C07630000,2026-06-09 18:10:34+00:00,7630.0,10.62,11.9,12.3,-15.03,-58.596493,11.0,136.0,0.1395197132873535,False,REGULAR,USD,2026-06-25,7355.39013671875,0.0363499975204467,call,1.0373345068279076,0.0438356164383561,12.1
SPXW260625C07635000,2026-06-09 16:58:08+00:00,7635.0,9.1,11.2,11.6,-12.59,-58.04518,21.0,42.0,0.1389780316925049,False,REGULAR,USD,2026-06-25,7355.39013671875,0.0363499975204467,call,1.0380142804234698,0.0438356164383561,11.4
SPXW260625C07640000,2026-06-08 17:11:26+00:00,7640.0,16.72,10.5,11.0,0.0,0.0,8.0,13.0,0.13868048828125,False,REGULAR,USD,2026-06-25,7355.39013671875,0.0363499975204467,call,1.038694054019032,0.0438356164383561,10.75
SPXW260625C07645000,2026-06-09 16:51:03+00:00,7645.0,5.15,9.8,10.3,-14.15,-73.31606,46.0,46.0,0.1379404444122314,False,REGULAR,USD,2026-06-25,7355.39013671875,0.0363499975204467,call,1.039373827614594,0.0438356164383561,10.05
SPXW260625C07650000,2026-06-09 18:33:12+00:00,7650.0,9.7,9.6,10.1,-3.21,-24.864447,65.0,141.0,0.1389169971466064,False,REGULAR,USD,2026-06-25,7355.39013671875,0.0363499975204467,call,1.0400536012101562,0.0438356164383561,9.85
SPXW260625C07655000,2026-06-09 16:18:00+00:00,7655.0,4.6,9.1,9.5,-9.129999,-66.49672,9.0,2.0,0.1383829448699951,False,REGULAR,USD,2026-06-25,7355.39013671875,0.0363499975204467,call,1.0407333748057186,0.0438356164383561,9.3
SPXW260625C07660000,2026-06-09 18:29:26+00:00,7660.0,8.6,8.5,8.9,-5.1399994,-37.40902,16.0,86.0,0.1377420821380615,False,REGULAR,USD,2026-06-25,7355.39013671875,0.0363499975204467,call,1.0414131484012807,0.0438356164383561,8.7
SPXW260625C07670000,2026-06-09 17:38:16+00:00,7670.0,6.2,7.4,7.8,-6.1500006,-49.797573,16.0,36.0,0.1365290205383301,False,REGULAR,USD,2026-06-25,7355.39013671875,0.0363499975204467,call,1.042772695592405,0.0438356164383561,7.6
SPXW260625C07675000,2026-06-09 16:56:54+00:00,7675.0,5.74,7.0,7.3,-7.1400003,-55.434788,16.0,174.0,0.1359644509887695,False,REGULAR,USD,2026-06-25,7355.39013671875,0.0363499975204467,call,1.0434524691879672,0.0438356164383561,7.15
SPXW260625C07680000,2026-06-08 16:01:35+00:00,7680.0,13.01,6.2,6.5,0.0,0.0,2.0,33.0,0.1339045350646973,False,REGULAR,USD,2026-06-25,7355.39013671875,0.0363499975204467,call,1.0441322427835296,0.0438356164383561,6.35
SPXW260625C07690000,2026-06-09 16:18:47+00:00,7690.0,2.94,5.6,6.0,-4.38,-59.836063,5.0,48.0,0.1345682857513428,False,REGULAR,USD,2026-06-25,7355.39013671875,0.0363499975204467,call,1.045491789974654,0.0438356164383561,5.8
SPXW260625C07700000,2026-06-09 17:45:58+00:00,7700.0,4.4,4.7,5.0,-2.4299998,-35.578327,60.0,127.0,0.1323328955078125,False,REGULAR,USD,2026-06-25,7355.39013671875,0.0363499975204467,call,1.0468513371657782,0.0438356164383561,4.85
SPXW260625C07710000,2026-06-09 16:58:08+00:00,7710.0,2.3,4.1,4.4,-3.6299999,-61.21417,28.0,439.0,0.1317835845947265,False,REGULAR,USD,2026-06-25,7355.39013671875,0.0363499975204467,call,1.048210884356903,0.0438356164383561,4.25
SPXW260625C07720000,2026-06-08 18:49:15+00:00,7720.0,3.34,3.5,3.9,-3.11,-48.217056,1.0,49.0,0.1314936705017089,False,REGULAR,USD,2026-06-25,7355.39013671875,0.0363499975204467,call,1.049570431548027,0.0438356164383561,3.7
SPXW260625C07725000,2026-06-09 16:40:06+00:00,7725.0,1.74,3.5,3.8,-4.26,-71.00001,8.0,118.0,0.1322413436889648,False,REGULAR,USD,2026-06-25,7355.39013671875,0.0363499975204467,call,1.0502502051435891,0.0438356164383561,3.65
SPXW260625C07730000,2026-06-09 16:11:04+00:00,7730.0,1.96,3.2,3.5,-4.74,-70.74627,3.0,52.0,0.131569963684082,False,REGULAR,USD,2026-06-25,7355.39013671875,0.0363499975204467,call,1.0509299787391515,0.0438356164383561,3.35
SPXW260625C07740000,2026-06-09 16:21:27+00:00,7740.0,1.48,2.65,2.9,-6.02,-80.26667,22.0,21.0,0.1297999618530273,False,REGULAR,USD,2026-06-25,7355.39013671875,0.0363499975204467,call,1.0522895259302758,0.0438356164383561,2.775
SPXW260625C07750000,2026-06-09 19:02:41+00:00,7750.0,2.6,2.45,2.7,-1.7600002,-40.366978,27.0,277.0,0.1308222904968261,False,REGULAR,USD,2026-06-25,7355.39013671875,0.0363499975204467,call,1.0536490731214,0.0438356164383561,2.575
SPXW260625C07760000,2026-06-09 17:53:23+00:00,7760.0,2.02,2.1,2.3,-2.62,-56.46552,1.0,8.0,0.1298762550354004,False,REGULAR,USD,2026-06-25,7355.39013671875,0.0363499975204467,call,1.0550086203125246,0.0438356164383561,2.2
SPXW260625C07770000,2026-06-09 16:24:46+00:00,7770.0,1.85,1.85,2.05,-2.85,-60.6383,2.0,6.0,0.1299830654907226,False,REGULAR,USD,2026-06-25,7355.39013671875,0.0363499975204467,call,1.056368167503649,0.0438356164383561,1.95
SPXW260625C07775000,2026-06-09 16:21:28+00:00,7775.0,0.97,1.65,1.85,-2.96,-75.31806,12.0,44.0,0.1290980645751953,False,REGULAR,USD,2026-06-25,7355.39013671875,0.0363499975204467,call,1.057047941099211,0.0438356164383561,1.75
SPXW260625C07800000,2026-06-09 16:16:45+00:00,7800.0,1.05,1.15,1.35,-0.63,-37.5,34.0,484.0,0.1290370300292968,False,REGULAR,USD,2026-06-25,7355.39013671875,0.0363499975204467,call,1.060446809077022,0.0438356164383561,1.25
SPXW260625C07825000,2026-06-09 15:45:53+00:00,7825.0,0.68,0.85,1.05,-0.79,-53.741497,43.0,220.0,0.1302882382202148,False,REGULAR,USD,2026-06-25,7355.39013671875,0.0363499975204467,call,1.063845677054833,0.0438356164383561,0.95
SPXW260625C07850000,2026-06-09 14:09:56+00:00,7850.0,0.47,0.65,0.85,-0.29999998,-38.961037,20.0,125.0,0.1322413436889648,False,REGULAR,USD,2026-06-25,7355.39013671875,0.0363499975204467,call,1.067244545032644,0.0438356164383561,0.75
SPXW260626C07290000,2026-06-09 17:04:25+00:00,7290.0,141.04,166.4,167.2,-83.64,-37.22628,2.0,1.0,0.202671394996643,True,REGULAR,USD,2026-06-26,7355.39013671875,0.0363499975204467,call,0.9911099023296784,0.0465753424657534,166.8
SPXW260626C07300000,2026-06-09 19:06:13+00:00,7300.0,168.78,159.6,160.4,-15.020004,-8.171928,100.0,402.0,0.2008708758926391,True,REGULAR,USD,2026-06-26,7355.39013671875,0.0363499975204467,call,0.9924694495208028,0.0465753424657534,160.0
SPXW260626C07310000,2026-06-09 17:49:00+00:00,7310.0,132.5,153.0,153.8,-53.17,-28.63683,5.0,15.0,0.1992114991760253,True,REGULAR,USD,2026-06-26,7355.39013671875,0.0363499975204467,call,0.9938289967119271,0.0465753424657534,153.4
SPXW260626C07320000,2026-06-09 18:56:55+00:00,7320.0,152.34,149.4,150.2,-16.740005,-9.900641,10.0,8.0,0.2020267176055908,True,REGULAR,USD,2026-06-26,7355.39013671875,0.0363499975204467,call,0.9951885439030516,0.0465753424657534,149.8
SPXW260626C07325000,2026-06-09 17:37:03+00:00,7325.0,126.0,142.6,143.8,-50.36,-28.555227,13.0,33.0,0.1962436943817138,True,REGULAR,USD,2026-06-26,7355.39013671875,0.0363499975204467,call,0.9958683174986136,0.0465753424657534,143.2
SPXW260626C07330000,2026-06-09 16:04:13+00:00,7330.0,149.55,140.6,141.3,-11.580002,-7.1867447,39.0,9.0,0.1964535006332397,True,REGULAR,USD,2026-06-26,7355.39013671875,0.0363499975204467,call,0.996548091094176,0.0465753424657534,140.95
SPXW260626C07340000,2026-06-09 18:11:55+00:00,7340.0,122.3,135.6,136.5,-35.86,-22.673243,11.0,8.0,0.1970333288192748,True,REGULAR,USD,2026-06-26,7355.39013671875,0.0363499975204467,call,0.9979076382853004,0.0465753424657534,136.05
SPXW260626C07350000,2026-06-09 19:08:49+00:00,7350.0,135.4,126.2,127.0,-14.600006,-9.733337,104.0,234.0,0.1901993670082092,True,REGULAR,USD,2026-06-26,7355.39013671875,0.0363499975204467,call,0.9992671854764248,0.0465753424657534,126.6
SPXW260626C07360000,2026-06-09 19:08:49+00:00,7360.0,128.9,123.4,124.2,-14.529999,-10.130377,56.0,33.0,0.1934685298728943,False,REGULAR,USD,2026-06-26,7355.39013671875,0.0363499975204467,call,1.000626732667549,0.0465753424657534,123.8
SPXW260626C07365000,2026-06-09 18:48:36+00:00,7365.0,118.7,119.7,120.6,-20.080002,-14.4689455,24.0,7.0,0.1916546594619751,False,REGULAR,USD,2026-06-26,7355.39013671875,0.0363499975204467,call,1.0013065062631112,0.0465753424657534,120.15
SPXW260626C07370000,2026-06-09 18:56:55+00:00,7370.0,121.32,116.7,117.5,-31.640007,-20.68515,49.0,30.0,0.1905560376358032,False,REGULAR,USD,2026-06-26,7355.39013671875,0.0363499975204467,call,1.0019862798586734,0.0465753424657534,117.1
SPXW260626C07375000,2026-06-09 18:36:58+00:00,7375.0,115.51,111.2,111.9,-25.599998,-18.141872,128.0,112.0,0.1855721854972839,False,REGULAR,USD,2026-06-26,7355.39013671875,0.0363499975204467,call,1.0026660534542358,0.0465753424657534,111.55
SPXW260626C07380000,2026-06-09 19:11:29+00:00,7380.0,110.6,108.6,109.5,-20.07,-15.3593025,43.0,159.0,0.1854482090759276,False,REGULAR,USD,2026-06-26,7355.39013671875,0.0363499975204467,call,1.003345827049798,0.0465753424657534,109.05
SPXW260626C07385000,2026-06-09 16:34:40+00:00,7385.0,75.02,105.1,105.7,-59.29,-44.144146,24.0,67.0,0.1831174523544311,False,REGULAR,USD,2026-06-26,7355.39013671875,0.0363499975204467,call,1.00402560064536,0.0465753424657534,105.4
SPXW260626C07390000,2026-06-09 18:36:22+00:00,7390.0,105.53,104.7,105.6,-19.489998,-15.589504,26.0,278.0,0.18643239112854,False,REGULAR,USD,2026-06-26,7355.39013671875,0.0363499975204467,call,1.0047053742409222,0.0465753424657534,105.15
SPXW260626C07395000,2026-06-09 15:05:38+00:00,7395.0,107.72,101.4,102.3,-11.400002,-9.570182,15.0,11.0,0.1847691997528076,False,REGULAR,USD,2026-06-26,7355.39013671875,0.0363499975204467,call,1.0053851478364844,0.0465753424657534,101.85
SPXW260626C07400000,2026-06-09 18:58:08+00:00,7400.0,103.6,98.7,99.6,-11.900002,-10.303031,285.0,788.0,0.1839795653152465,False,REGULAR,USD,2026-06-26,7355.39013671875,0.0363499975204467,call,1.0060649214320467,0.0465753424657534,99.15
SPXW260626C07405000,2026-06-09 17:47:16+00:00,7405.0,81.15,93.9,94.6,-47.049995,-36.700466,68.0,12.0,0.1795660047149658,False,REGULAR,USD,2026-06-26,7355.39013671875,0.0363499975204467,call,1.0067446950276089,0.0465753424657534,94.25
SPXW260626C07410000,2026-06-09 16:50:02+00:00,7410.0,59.34,90.8,91.6,-50.99,-46.215897,30.0,116.0,0.1781889127731323,False,REGULAR,USD,2026-06-26,7355.39013671875,0.0363499975204467,call,1.007424468623171,0.0465753424657534,91.2
SPXW260626C07415000,2026-06-05 16:17:30+00:00,7415.0,92.63,90.0,90.6,-54.04,-36.844616,4.0,10.0,0.1798730847740173,False,REGULAR,USD,2026-06-26,7355.39013671875,0.0363499975204467,call,1.0081042422187332,0.0465753424657534,90.3
SPXW260626C07420000,2026-06-09 14:57:37+00:00,7420.0,85.05,85.5,86.4,-17.909996,-17.395102,9.0,196.0,0.1765066481018066,False,REGULAR,USD,2026-06-26,7355.39013671875,0.0363499975204467,call,1.008784015814295,0.0465753424657534,85.95
SPXW260626C07425000,2026-06-09 17:47:55+00:00,7425.0,70.07,84.6,85.4,-32.03,-31.371204,190.0,1575.0,0.178093546295166,False,REGULAR,USD,2026-06-26,7355.39013671875,0.0363499975204467,call,1.0094637894098577,0.0465753424657534,85.0
SPXW260626C07430000,2026-06-09 16:48:02+00:00,7430.0,68.73,80.4,81.2,-27.779999,-28.784582,14.0,114.0,0.1745916892242432,False,REGULAR,USD,2026-06-26,7355.39013671875,0.0363499975204467,call,1.01014356300542,0.0465753424657534,80.80000000000001
SPXW260626C07435000,2026-06-09 18:03:37+00:00,7435.0,67.77,79.6,80.5,-24.43,-26.496748,8.0,26.0,0.1765524240112305,False,REGULAR,USD,2026-06-26,7355.39013671875,0.0363499975204467,call,1.010823336600982,0.0465753424657534,80.05
SPXW260626C07440000,2026-06-09 17:14:18+00:00,7440.0,65.15,76.9,77.6,-27.79,-29.90101,34.0,138.0,0.1749769697952271,False,REGULAR,USD,2026-06-26,7355.39013671875,0.0363499975204467,call,1.0115031101965442,0.0465753424657534,77.25
SPXW260626C07445000,2026-06-09 18:29:58+00:00,7445.0,73.05,73.0,74.2,-15.849998,-17.82902,24.0,22.0,0.1725317733001709,False,REGULAR,USD,2026-06-26,7355.39013671875,0.0363499975204467,call,1.0121828837921063,0.0465753424657534,73.6
SPXW260626C07450000,2026-06-09 19:13:51+00:00,7450.0,73.05,72.5,73.2,-15.149994,-17.176865,455.0,2327.0,0.1738707186508178,False,REGULAR,USD,2026-06-26,7355.39013671875,0.0363499975204467,call,1.012862657387669,0.0465753424657534,72.85
SPXW260626C07455000,2026-06-09 16:54:14+00:00,7455.0,60.94,69.0,69.8,-20.329998,-25.015379,22.0,39.0,0.1712862870979309,False,REGULAR,USD,2026-06-26,7355.39013671875,0.0363499975204467,call,1.0135424309832308,0.0465753424657534,69.4
SPXW260626C07460000,2026-06-09 16:23:22+00:00,7460.0,68.2,67.6,68.3,-13.9900055,-17.021542,62.0,164.0,0.1717154362487793,False,REGULAR,USD,2026-06-26,7355.39013671875,0.0363499975204467,call,1.014222204578793,0.0465753424657534,67.94999999999999
SPXW260626C07465000,2026-06-09 16:51:06+00:00,7465.0,38.11,65.0,65.8,-40.690002,-51.63706,36.0,75.0,0.1704527840805054,False,REGULAR,USD,2026-06-26,7355.39013671875,0.0363499975204467,call,1.0149019781743551,0.0465753424657534,65.4
SPXW260626C07470000,2026-06-09 18:15:40+00:00,7470.0,55.17,63.0,63.8,-30.620003,-35.691807,103.0,117.0,0.1699454344177246,False,REGULAR,USD,2026-06-26,7355.39013671875,0.0363499975204467,call,1.0155817517699173,0.0465753424657534,63.4
SPXW260626C07475000,2026-06-09 19:05:40+00:00,7475.0,66.45,61.0,61.6,-9.050003,-11.986759,99.0,163.0,0.1690451748657226,False,REGULAR,USD,2026-06-26,7355.39013671875,0.0363499975204467,call,1.0162615253654796,0.0465753424657534,61.3
SPXW260626C07480000,2026-06-09 18:41:05+00:00,7480.0,59.0,58.2,58.8,-12.150002,-17.076601,68.0,80.0,0.1670653667831421,False,REGULAR,USD,2026-06-26,7355.39013671875,0.0363499975204467,call,1.0169412989610418,0.0465753424657534,58.5
SPXW260626C07485000,2026-06-09 17:57:50+00:00,7485.0,49.38,56.6,57.2,-26.539997,-34.957848,41.0,18.0,0.1670348495101928,False,REGULAR,USD,2026-06-26,7355.39013671875,0.0363499975204467,call,1.017621072556604,0.0465753424657534,56.900000000000006
SPXW260626C07490000,2026-06-09 18:51:45+00:00,7490.0,53.92,54.8,55.4,-12.950005,-19.36594,45.0,318.0,0.1666076076889038,False,REGULAR,USD,2026-06-26,7355.39013671875,0.0363499975204467,call,1.018300846152166,0.0465753424657534,55.1
SPXW260626C07495000,2026-06-09 18:51:50+00:00,7495.0,52.23,52.0,52.6,-6.0600014,-10.3962965,21.0,25.0,0.1643874760818481,False,REGULAR,USD,2026-06-26,7355.39013671875,0.0363499975204467,call,1.0189806197477282,0.0465753424657534,52.3
SPXW260626C07500000,2026-06-09 19:05:40+00:00,7500.0,55.35,50.1,50.6,-7.16,-11.454167,290.0,982.0,0.1634681432342529,False,REGULAR,USD,2026-06-26,7355.39013671875,0.0363499975204467,call,1.0196603933432906,0.0465753424657534,50.35
SPXW260626C07505000,2026-06-09 18:51:50+00:00,7505.0,48.28,48.4,49.0,-10.220001,-17.470087,16.0,68.0,0.1631782291412354,False,REGULAR,USD,2026-06-26,7355.39013671875,0.0363499975204467,call,1.0203401669388528,0.0465753424657534,48.7
SPXW260626C07510000,2026-06-09 18:15:20+00:00,7510.0,40.4,46.2,46.8,-16.039997,-28.419558,52.0,183.0,0.161755361289978,False,REGULAR,USD,2026-06-26,7355.39013671875,0.0363499975204467,call,1.021019940534415,0.0465753424657534,46.5
SPXW260626C07515000,2026-06-09 16:51:06+00:00,7515.0,27.3,43.4,44.0,-39.960003,-59.411243,5.0,82.0,0.1591499491119385,False,REGULAR,USD,2026-06-26,7355.39013671875,0.0363499975204467,call,1.021699714129977,0.0465753424657534,43.7
SPXW260626C07520000,2026-06-09 18:51:45+00:00,7520.0,42.51,42.6,43.4,-9.230003,-17.839203,20.0,295.0,0.1604736358261108,False,REGULAR,USD,2026-06-26,7355.39013671875,0.0363499975204467,call,1.0223794877255392,0.0465753424657534,43.0
SPXW260626C07525000,2026-06-09 18:54:40+00:00,7525.0,42.3,40.0,40.6,-10.790001,-20.32398,192.0,263.0,0.1576698613739013,False,REGULAR,USD,2026-06-26,7355.39013671875,0.0363499975204467,call,1.0230592613211016,0.0465753424657534,40.3
SPXW260626C07530000,2026-06-09 18:50:17+00:00,7530.0,39.24,39.6,40.2,-13.539997,-25.653652,114.0,284.0,0.159275832862854,False,REGULAR,USD,2026-06-26,7355.39013671875,0.0363499975204467,call,1.0237390349166635,0.0465753424657534,39.900000000000006
SPXW260626C07535000,2026-06-09 16:25:09+00:00,7535.0,22.3,36.6,37.2,-23.79,-51.6164,97.0,106.0,0.1558769715881348,False,REGULAR,USD,2026-06-26,7355.39013671875,0.0363499975204467,call,1.024418808512226,0.0465753424657534,36.900000000000006
SPXW260626C07540000,2026-06-09 19:13:57+00:00,7540.0,36.34,34.8,35.4,-7.3499985,-16.823069,20.0,375.0,0.154656280670166,False,REGULAR,USD,2026-06-26,7355.39013671875,0.0363499975204467,call,1.025098582107788,0.0465753424657534,35.099999999999994
SPXW260626C07545000,2026-06-09 18:55:22+00:00,7545.0,35.32,34.2,34.8,-16.279999,-31.550386,77.0,58.0,0.1557281998825073,False,REGULAR,USD,2026-06-26,7355.39013671875,0.0363499975204467,call,1.0257783557033502,0.0465753424657534,34.5
SPXW260626C07550000,2026-06-09 19:02:24+00:00,7550.0,35.05,33.1,33.7,-6.299999,-15.235791,705.0,968.0,0.1557663464736938,False,REGULAR,USD,2026-06-26,7355.39013671875,0.0363499975204467,call,1.0264581292989126,0.0465753424657534,33.400000000000006
SPXW260626C07555000,2026-06-08 18:07:47+00:00,7555.0,19.75,31.2,31.7,-27.25,-57.97872,5.0,52.0,0.1539047928237915,False,REGULAR,USD,2026-06-26,7355.39013671875,0.0363499975204467,call,1.0271379028944747,0.0465753424657534,31.45
SPXW260626C07560000,2026-06-09 18:22:59+00:00,7560.0,31.3,29.1,29.6,-6.75,-17.739817,40.0,141.0,0.1517037345123291,False,REGULAR,USD,2026-06-26,7355.39013671875,0.0363499975204467,call,1.0278176764900369,0.0465753424657534,29.35
SPXW260626C07565000,2026-06-09 18:14:52+00:00,7565.0,24.75,28.6,29.1,-18.8,-43.16877,13.0,58.0,0.1527832830429077,False,REGULAR,USD,2026-06-26,7355.39013671875,0.0363499975204467,call,1.028497450085599,0.0465753424657534,28.85
SPXW260626C07570000,2026-06-09 13:55:32+00:00,7570.0,17.22,27.4,27.9,-16.63,-49.128506,31.0,123.0,0.1523178946304321,False,REGULAR,USD,2026-06-26,7355.39013671875,0.0363499975204467,call,1.0291772236811612,0.0465753424657534,27.65
SPXW260626C07575000,2026-06-09 18:55:22+00:00,7575.0,26.82,25.0,25.6,-6.3199997,-19.07061,94.0,240.0,0.1493386458587646,False,REGULAR,USD,2026-06-26,7355.39013671875,0.0363499975204467,call,1.0298569972767233,0.0465753424657534,25.3
SPXW260626C07580000,2026-06-09 18:48:50+00:00,7580.0,24.63,23.8,24.4,-6.17,-20.032469,832.0,264.0,0.1486672658538818,False,REGULAR,USD,2026-06-26,7355.39013671875,0.0363499975204467,call,1.0305367708722857,0.0465753424657534,24.1
SPXW260626C07585000,2026-06-09 16:45:43+00:00,7585.0,12.5,22.8,23.3,-24.73,-66.42493,11.0,89.0,0.1481446575546264,False,REGULAR,USD,2026-06-26,7355.39013671875,0.0363499975204467,call,1.0312165444678478,0.0465753424657534,23.05
SPXW260626C07590000,2026-06-09 18:03:04+00:00,7590.0,18.76,21.6,22.2,-20.039999,-51.649483,164.0,850.0,0.1475381267547607,False,REGULAR,USD,2026-06-26,7355.39013671875,0.0363499975204467,call,1.03189631806341,0.0465753424657534,21.9
SPXW260626C07595000,2026-06-09 14:12:39+00:00,7595.0,33.0,21.3,21.9,-4.5,-12.0,3.0,55.0,0.1487893349456787,False,REGULAR,USD,2026-06-26,7355.39013671875,0.0363499975204467,call,1.032576091658972,0.0465753424657534,21.6
SPXW260626C07600000,2026-06-09 19:05:58+00:00,7600.0,22.29,20.0,20.6,-2.7599983,-11.017957,2512.0,3275.0,0.147557200050354,False,REGULAR,USD,2026-06-26,7355.39013671875,0.0363499975204467,call,1.0332558652545345,0.0465753424657534,20.3
SPXW260626C07605000,2026-06-09 19:01:51+00:00,7605.0,20.15,18.8,19.3,-4.970001,-19.785036,61.0,219.0,0.1462029960632324,False,REGULAR,USD,2026-06-26,7355.39013671875,0.0363499975204467,call,1.0339356388500966,0.0465753424657534,19.05
SPXW260626C07610000,2026-06-09 16:17:30+00:00,7610.0,19.05,17.4,17.8,-4.050001,-17.532473,27.0,378.0,0.1441926707077025,False,REGULAR,USD,2026-06-26,7355.39013671875,0.0363499975204467,call,1.0346154124456588,0.0465753424657534,17.6
SPXW260626C07615000,2026-06-09 15:49:53+00:00,7615.0,8.8,16.5,16.9,-18.75,-68.058075,6.0,72.0,0.1436357304763794,False,REGULAR,USD,2026-06-26,7355.39013671875,0.0363499975204467,call,1.035295186041221,0.0465753424657534,16.7
SPXW260626C07620000,2026-06-09 18:46:59+00:00,7620.0,15.52,16.1,16.6,-9.58,-38.16733,80.0,291.0,0.1446466151428223,False,REGULAR,USD,2026-06-26,7355.39013671875,0.0363499975204467,call,1.035974959636783,0.0465753424657534,16.35
SPXW260626C07625000,2026-06-09 18:24:08+00:00,7625.0,15.0,15.1,15.6,-5.040001,-25.149704,57.0,583.0,0.1436700624084472,False,REGULAR,USD,2026-06-26,7355.39013671875,0.0363499975204467,call,1.0366547332323452,0.0465753424657534,15.35
SPXW260626C07630000,2026-06-09 18:24:08+00:00,7630.0,15.48,13.9,14.3,-2.4899998,-13.856426,24.0,209.0,0.141686439666748,False,REGULAR,USD,2026-06-26,7355.39013671875,0.0363499975204467,call,1.0373345068279076,0.0465753424657534,14.1
SPXW260626C07635000,2026-06-09 15:54:12+00:00,7635.0,14.63,13.4,13.8,-2.3900003,-14.042305,36.0,32.0,0.1419534658050537,False,REGULAR,USD,2026-06-26,7355.39013671875,0.0363499975204467,call,1.0380142804234698,0.0465753424657534,13.6
SPXW260626C07640000,2026-06-09 17:42:54+00:00,7640.0,10.9,12.9,13.3,-6.4300003,-37.10329,69.0,430.0,0.1421670867156982,False,REGULAR,USD,2026-06-26,7355.39013671875,0.0363499975204467,call,1.038694054019032,0.0465753424657534,13.1
SPXW260626C07645000,2026-06-09 16:17:30+00:00,7645.0,6.35,11.6,12.0,-11.65,-64.72222,23.0,53.0,0.1397638514709472,False,REGULAR,USD,2026-06-26,7355.39013671875,0.0363499975204467,call,1.039373827614594,0.0465753424657534,11.8
SPXW260626C07650000,2026-06-09 19:09:11+00:00,7650.0,12.5,11.1,11.5,-2.0500002,-14.089348,497.0,1010.0,0.1398096273803711,False,REGULAR,USD,2026-06-26,7355.39013671875,0.0363499975204467,call,1.0400536012101562,0.0465753424657534,11.3
SPXW260626C07655000,2026-06-09 16:57:22+00:00,7655.0,5.8,10.5,11.0,-14.650001,-71.63814,10.0,25.0,0.1397867394256592,False,REGULAR,USD,2026-06-26,7355.39013671875,0.0363499975204467,call,1.0407333748057186,0.0465753424657534,10.75
SPXW260626C07660000,2026-06-09 18:41:21+00:00,7660.0,10.4,10.1,10.4,-3.8000002,-26.760567,52.0,186.0,0.1393518682861328,False,REGULAR,USD,2026-06-26,7355.39013671875,0.0363499975204467,call,1.0414131484012807,0.0465753424657534,10.25
SPXW260626C07665000,2026-06-09 18:33:33+00:00,7665.0,9.8,9.5,9.8,-4.91,-33.378654,11.0,39.0,0.1388254453277587,False,REGULAR,USD,2026-06-26,7355.39013671875,0.0363499975204467,call,1.042092921996843,0.0465753424657534,9.65
SPXW260626C07670000,2026-06-09 18:33:33+00:00,7670.0,9.2,8.6,8.9,-2.5200005,-21.501709,124.0,273.0,0.1370554434967041,False,REGULAR,USD,2026-06-26,7355.39013671875,0.0363499975204467,call,1.042772695592405,0.0465753424657534,8.75
SPXW260626C07675000,2026-06-09 18:36:12+00:00,7675.0,8.78,8.3,8.6,-3.21,-26.77231,82.0,500.0,0.1374674266815186,False,REGULAR,USD,2026-06-26,7355.39013671875,0.0363499975204467,call,1.0434524691879672,0.0465753424657534,8.45
SPXW260626C07680000,2026-06-09 18:58:00+00:00,7680.0,9.01,7.5,7.8,-0.78999996,-8.061224,25.0,763.0,0.1357889766693115,False,REGULAR,USD,2026-06-26,7355.39013671875,0.0363499975204467,call,1.0441322427835296,0.0465753424657534,7.65
SPXW260626C07685000,2026-06-09 16:56:39+00:00,7685.0,6.95,7.1,7.5,-4.87,-41.201355,52.0,61.0,0.1360712614440918,False,REGULAR,USD,2026-06-26,7355.39013671875,0.0363499975204467,call,1.0448120163790915,0.0465753424657534,7.3
SPXW260626C07690000,2026-06-09 17:06:36+00:00,7690.0,4.24,6.9,7.2,-6.9300003,-62.04118,80.0,164.0,0.1363001409912109,False,REGULAR,USD,2026-06-26,7355.39013671875,0.0363499975204467,call,1.045491789974654,0.0465753424657534,7.050000000000001
SPXW260626C07700000,2026-06-09 19:12:20+00:00,7700.0,6.12,6.1,6.4,-1.4500003,-19.154562,890.0,2303.0,0.1356592782592773,False,REGULAR,USD,2026-06-26,7355.39013671875,0.0363499975204467,call,1.0468513371657782,0.0465753424657534,6.25
SPXW260626C07710000,2026-06-09 16:06:38+00:00,7710.0,5.05,5.3,5.6,-1.6199999,-24.287853,47.0,1462.0,0.1346522082519531,False,REGULAR,USD,2026-06-26,7355.39013671875,0.0363499975204467,call,1.048210884356903,0.0465753424657534,5.449999999999999
SPXW260626C07720000,2026-06-09 17:06:36+00:00,7720.0,2.92,4.7,5.0,-5.08,-63.5,9.0,356.0,0.1343165182495117,False,REGULAR,USD,2026-06-26,7355.39013671875,0.0363499975204467,call,1.049570431548027,0.0465753424657534,4.85
SPXW260626C07725000,2026-06-09 18:47:20+00:00,7725.0,4.47,4.1,4.4,-0.9200001,-17.068647,243.0,1553.0,0.1322566023254394,False,REGULAR,USD,2026-06-26,7355.39013671875,0.0363499975204467,call,1.0502502051435891,0.0465753424657534,4.25
SPXW260626C07730000,2026-06-09 16:52:15+00:00,7730.0,2.75,3.9,4.1,-3.1,-52.991455,108.0,869.0,0.1317988432312011,False,REGULAR,USD,2026-06-26,7355.39013671875,0.0363499975204467,call,1.0509299787391515,0.0465753424657534,4.0
SPXW260626C07740000,2026-06-09 18:58:00+00:00,7740.0,4.1,3.3,3.7,-0.73,-15.113872,39.0,212.0,0.131920912322998,False,REGULAR,USD,2026-06-26,7355.39013671875,0.0363499975204467,call,1.0522895259302758,0.0465753424657534,3.5
SPXW260626C07750000,2026-06-09 18:22:53+00:00,7750.0,3.2,3.1,3.3,-0.5,-13.513514,245.0,1661.0,0.1317835845947265,False,REGULAR,USD,2026-06-26,7355.39013671875,0.0363499975204467,call,1.0536490731214,0.0465753424657534,3.2
SPXW260626C07760000,2026-06-09 17:23:17+00:00,7760.0,2.25,2.55,2.75,-1.45,-39.18919,355.0,193.0,0.1301356518554687,False,REGULAR,USD,2026-06-26,7355.39013671875,0.0363499975204467,call,1.0550086203125246,0.0465753424657534,2.65
SPXW260626C07770000,2026-06-09 18:15:01+00:00,7770.0,2.25,2.3,2.5,-1.05,-31.81818,247.0,411.0,0.1305476350402831,False,REGULAR,USD,2026-06-26,7355.39013671875,0.0363499975204467,call,1.056368167503649,0.0465753424657534,2.4
SPXW260626C07775000,2026-06-09 18:49:02+00:00,7775.0,2.35,2.05,2.3,-0.5500002,-18.965523,799.0,731.0,0.1299830654907226,False,REGULAR,USD,2026-06-26,7355.39013671875,0.0363499975204467,call,1.057047941099211,0.0465753424657534,2.175
SPXW260626C07780000,2026-06-09 16:52:15+00:00,7780.0,1.29,2.05,2.25,-1.3900001,-51.865677,87.0,421.0,0.1307459973144531,False,REGULAR,USD,2026-06-26,7355.39013671875,0.0363499975204467,call,1.0577277146947734,0.0465753424657534,2.15
SPXW260626C07790000,2026-06-09 17:10:32+00:00,7790.0,1.3,1.75,2.0,-1.1300001,-46.502064,7.0,124.0,0.1307154800415039,False,REGULAR,USD,2026-06-26,7355.39013671875,0.0363499975204467,call,1.0590872618858975,0.0465753424657534,1.875
SPXW260626C07800000,2026-06-09 18:25:47+00:00,7800.0,1.8,1.5,1.7,-0.05000007,-2.7027066,280.0,951.0,0.1298152204895019,False,REGULAR,USD,2026-06-26,7355.39013671875,0.0363499975204467,call,1.060446809077022,0.0465753424657534,1.6
SPXW260626C07810000,2026-06-09 18:25:47+00:00,7810.0,1.6,1.3,1.5,-0.62,-27.927927,9.0,230.0,0.1297236686706542,False,REGULAR,USD,2026-06-26,7355.39013671875,0.0363499975204467,call,1.0618063562681466,0.0465753424657534,1.4
SPXW260626C07820000,2026-06-08 16:51:15+00:00,7820.0,2.45,1.15,1.4,0.0,0.0,76.0,138.0,0.1307307386779785,False,REGULAR,USD,2026-06-26,7355.39013671875,0.0363499975204467,call,1.0631659034592709,0.0465753424657534,1.275
SPXW260626C07825000,2026-06-09 18:44:15+00:00,7825.0,1.27,1.1,1.3,-0.33000004,-20.625002,51.0,503.0,0.1304713418579101,False,REGULAR,USD,2026-06-26,7355.39013671875,0.0363499975204467,call,1.063845677054833,0.0465753424657534,1.2000000000000002
SPXW260626C07830000,2026-06-08 19:52:22+00:00,7830.0,0.75,1.0,1.25,-0.54999995,-42.30769,1.0,82.0,0.1308985836791992,False,REGULAR,USD,2026-06-26,7355.39013671875,0.0363499975204467,call,1.0645254506503954,0.0465753424657534,1.125
SPXW260626C07840000,2026-06-09 15:53:42+00:00,7840.0,0.67,0.9,1.05,-2.1499999,-76.241135,5.0,51.0,0.1299830654907226,False,REGULAR,USD,2026-06-26,7355.39013671875,0.0363499975204467,call,1.0658849978415197,0.0465753424657534,0.975
SPXW260626C07850000,2026-06-09 18:28:19+00:00,7850.0,0.95,0.8,1.0,-0.050000012,-5.000001,59.0,385.0,0.1313258255004882,False,REGULAR,USD,2026-06-26,7355.39013671875,0.0363499975204467,call,1.067244545032644,0.0465753424657534,0.9
SPXW260626C07860000,2026-06-09 17:09:38+00:00,7860.0,0.7,0.75,0.95,-0.8,-53.333332,6.0,63.0,0.1326380682373047,False,REGULAR,USD,2026-06-26,7355.39013671875,0.0363499975204467,call,1.0686040922237685,0.0465753424657534,0.85
SPXW260626C07870000,2026-06-05 13:49:44+00:00,7870.0,2.94,0.65,0.85,0.0,0.0,2.0,56.0,0.1328516891479492,False,REGULAR,USD,2026-06-26,7355.39013671875,0.0363499975204467,call,1.0699636394148928,0.0465753424657534,0.75
SPXW260626C07875000,2026-06-09 18:44:15+00:00,7875.0,0.77,0.65,0.8,-0.060000002,-7.2289157,17.0,571.0,0.1328822064208984,False,REGULAR,USD,2026-06-26,7355.39013671875,0.0363499975204467,call,1.070643413010455,0.0465753424657534,0.7250000000000001
SPXW260626C07880000,2026-06-08 14:07:22+00:00,7880.0,1.33,0.6,0.8,0.0,0.0,1.0,25.0,0.1339808282470703,False,REGULAR,USD,2026-06-26,7355.39013671875,0.0363499975204467,call,1.071323186606017,0.0465753424657534,0.7
SPXW260629C07290000,2026-06-09 18:20:16+00:00,7290.0,168.1,174.0,175.2,-139.68,-45.383064,13.0,1.0,0.1992725337219238,True,REGULAR,USD,2026-06-29,7355.39013671875,0.0363499975204467,call,0.9911099023296784,0.0547945205479452,174.6
SPXW260629C07300000,2026-06-09 16:22:23+00:00,7300.0,123.77,161.8,169.7,-88.840004,-41.785427,9.0,48.0,0.1994155834388732,True,REGULAR,USD,2026-06-29,7355.39013671875,0.0363499975204467,call,0.9924694495208028,0.0547945205479452,165.75
SPXW260629C07320000,2026-06-09 17:28:00+00:00,7320.0,129.2,150.9,151.8,-63.01001,-32.781857,2.0,3.0,0.1893277173995972,True,REGULAR,USD,2026-06-29,7355.39013671875,0.0363499975204467,call,0.9951885439030516,0.0547945205479452,151.35000000000002
SPXW260629C07325000,2026-06-09 17:32:55+00:00,7325.0,125.8,150.6,151.5,-76.95,-37.95314,2.0,26.0,0.1926960614013672,True,REGULAR,USD,2026-06-29,7355.39013671875,0.0363499975204467,call,0.9958683174986136,0.0547945205479452,151.05
SPXW260629C07330000,2026-06-09 18:25:31+00:00,7330.0,142.8,147.3,148.2,-45.09999,-24.002125,7.0,4.0,0.1917290453147888,True,REGULAR,USD,2026-06-29,7355.39013671875,0.0363499975204467,call,0.996548091094176,0.0547945205479452,147.75
SPXW260629C07340000,2026-06-09 17:41:07+00:00,7340.0,125.3,141.0,141.7,-53.09999,-29.76457,3.0,5.0,0.189817901096344,True,REGULAR,USD,2026-06-29,7355.39013671875,0.0363499975204467,call,0.9979076382853004,0.0547945205479452,141.35
SPXW260629C07350000,2026-06-09 18:59:09+00:00,7350.0,140.22,134.0,134.9,-35.39,-20.15261,11.0,140.0,0.1873173920440674,True,REGULAR,USD,2026-06-29,7355.39013671875,0.0363499975204467,call,0.9992671854764248,0.0547945205479452,134.45
SPXW260629C07360000,2026-06-09 18:30:37+00:00,7360.0,131.44,125.7,127.2,-18.759995,-12.49001,10.0,7.0,0.1833749418449401,False,REGULAR,USD,2026-06-29,7355.39013671875,0.0363499975204467,call,1.000626732667549,0.0547945205479452,126.45
SPXW260629C07370000,2026-06-09 14:52:43+00:00,7370.0,125.5,121.8,122.7,-32.600006,-20.619864,5.0,5.0,0.1838079056549072,False,REGULAR,USD,2026-06-29,7355.39013671875,0.0363499975204467,call,1.0019862798586734,0.0547945205479452,122.25
SPXW260629C07375000,2026-06-09 18:59:09+00:00,7375.0,124.32,117.0,118.2,-24.079994,-16.226412,1.0,57.0,0.180759993019104,False,REGULAR,USD,2026-06-29,7355.39013671875,0.0363499975204467,call,1.0026660534542358,0.0547945205479452,117.6
SPXW260629C07380000,2026-06-09 18:25:31+00:00,7380.0,111.75,113.1,114.3,-21.949997,-16.41735,62.0,62.0,0.1785169734573364,False,REGULAR,USD,2026-06-29,7355.39013671875,0.0363499975204467,call,1.003345827049798,0.0547945205479452,113.7
SPXW260629C07400000,2026-06-09 18:10:31+00:00,7400.0,93.51,101.7,102.8,-27.71,-22.859264,28.0,1170.0,0.1749083059310913,False,REGULAR,USD,2026-06-29,7355.39013671875,0.0363499975204467,call,1.0060649214320467,0.0547945205479452,102.25
SPXW260629C07410000,2026-06-09 18:25:13+00:00,7410.0,94.3,98.1,99.0,-33.6,-26.270521,30.0,14.0,0.175614017868042,False,REGULAR,USD,2026-06-29,7355.39013671875,0.0363499975204467,call,1.007424468623171,0.0547945205479452,98.55
SPXW260629C07420000,2026-06-09 14:40:02+00:00,7420.0,115.6,90.6,91.5,6.169998,5.638306,6.0,21.0,0.1707961034011841,False,REGULAR,USD,2026-06-29,7355.39013671875,0.0363499975204467,call,1.008784015814295,0.0547945205479452,91.05
SPXW260629C07425000,2026-06-09 18:59:46+00:00,7425.0,94.6,87.7,88.6,-21.150002,-18.27214,13.0,1197.0,0.1695277292442322,False,REGULAR,USD,2026-06-29,7355.39013671875,0.0363499975204467,call,1.0094637894098577,0.0547945205479452,88.15
SPXW260629C07430000,2026-06-09 18:23:46+00:00,7430.0,83.59,86.8,87.5,-19.29,-18.750002,22.0,23.0,0.1708266206741333,False,REGULAR,USD,2026-06-29,7355.39013671875,0.0363499975204467,call,1.01014356300542,0.0547945205479452,87.15
SPXW260629C07440000,2026-06-09 13:32:22+00:00,7440.0,58.43,80.1,80.8,-52.269997,-47.2177,62.0,76.0,0.1667048814964294,False,REGULAR,USD,2026-06-29,7355.39013671875,0.0363499975204467,call,1.0115031101965442,0.0547945205479452,80.44999999999999
SPXW260629C07450000,2026-06-09 19:13:51+00:00,7450.0,77.97,77.4,78.2,-20.869995,-21.11493,88.0,71.0,0.1684043121337891,False,REGULAR,USD,2026-06-29,7355.39013671875,0.0363499975204467,call,1.012862657387669,0.0547945205479452,77.80000000000001
SPXW260629C07460000,2026-06-09 18:23:46+00:00,7460.0,69.11,71.7,72.5,-30.470001,-30.598513,37.0,109.0,0.1652972722816467,False,REGULAR,USD,2026-06-29,7355.39013671875,0.0363499975204467,call,1.014222204578793,0.0547945205479452,72.1
SPXW260629C07470000,2026-06-08 19:22:42+00:00,7470.0,110.53,67.5,68.4,29.29,36.05367,4.0,36.0,0.1643569588088989,False,REGULAR,USD,2026-06-29,7355.39013671875,0.0363499975204467,call,1.0155817517699173,0.0547945205479452,67.95
SPXW260629C07475000,2026-06-09 18:15:40+00:00,7475.0,57.47,63.9,64.7,-23.36,-28.90016,14.0,84.0,0.1612747142410278,False,REGULAR,USD,2026-06-29,7355.39013671875,0.0363499975204467,call,1.0162615253654796,0.0547945205479452,64.3
SPXW260629C07480000,2026-06-09 16:16:13+00:00,7480.0,39.66,62.7,63.6,-36.34,-47.81579,38.0,25.0,0.1621196612358093,False,REGULAR,USD,2026-06-29,7355.39013671875,0.0363499975204467,call,1.0169412989610418,0.0547945205479452,63.150000000000006
SPXW260629C07490000,2026-06-09 18:55:15+00:00,7490.0,59.4,57.5,58.2,-12.260002,-17.10857,49.0,65.0,0.1586731167221069,False,REGULAR,USD,2026-06-29,7355.39013671875,0.0363499975204467,call,1.018300846152166,0.0547945205479452,57.85
SPXW260629C07500000,2026-06-09 19:13:51+00:00,7500.0,55.29,54.3,55.0,-10.260002,-15.652177,291.0,187.0,0.1584308858680725,False,REGULAR,USD,2026-06-29,7355.39013671875,0.0363499975204467,call,1.0196603933432906,0.0547945205479452,54.65
SPXW260629C07510000,2026-06-09 18:15:36+00:00,7510.0,44.0,49.2,50.0,-23.79,-35.09367,27.0,144.0,0.1550358392524719,False,REGULAR,USD,2026-06-29,7355.39013671875,0.0363499975204467,call,1.021019940534415,0.0547945205479452,49.6
SPXW260629C07520000,2026-06-09 16:02:25+00:00,7520.0,33.18,45.5,46.2,-25.57,-43.523403,15.0,127.0,0.1533020766830444,False,REGULAR,USD,2026-06-29,7355.39013671875,0.0363499975204467,call,1.0223794877255392,0.0547945205479452,45.85
SPXW260629C07525000,2026-06-09 13:54:02+00:00,7525.0,34.38,43.7,44.6,-20.219997,-37.032963,40.0,165.0,0.1528366882705689,False,REGULAR,USD,2026-06-29,7355.39013671875,0.0363499975204467,call,1.0230592613211016,0.0547945205479452,44.150000000000006
SPXW260629C07530000,2026-06-09 16:46:02+00:00,7530.0,24.71,43.0,43.8,-27.650002,-52.80749,17.0,295.0,0.1536873572540283,False,REGULAR,USD,2026-06-29,7355.39013671875,0.0363499975204467,call,1.0237390349166635,0.0547945205479452,43.4
SPXW260629C07540000,2026-06-09 13:41:38+00:00,7540.0,52.63,38.8,39.3,-2.3400002,-4.2568674,10.0,151.0,0.1501816855239868,False,REGULAR,USD,2026-06-29,7355.39013671875,0.0363499975204467,call,1.025098582107788,0.0547945205479452,39.05
SPXW260629C07550000,2026-06-09 19:13:51+00:00,7550.0,37.17,36.4,37.0,-8.330002,-18.307695,165.0,258.0,0.1502808666610718,False,REGULAR,USD,2026-06-29,7355.39013671875,0.0363499975204467,call,1.0264581292989126,0.0547945205479452,36.7
SPXW260629C07560000,2026-06-09 18:38:48+00:00,7560.0,34.7,32.4,33.1,-7.209999,-17.20353,50.0,73.0,0.1471642901611328,False,REGULAR,USD,2026-06-29,7355.39013671875,0.0363499975204467,call,1.0278176764900369,0.0547945205479452,32.75
SPXW260629C07570000,2026-06-09 15:28:48+00:00,7570.0,22.72,30.6,31.3,-25.1,-52.4885,9.0,84.0,0.1477250450515747,False,REGULAR,USD,2026-06-29,7355.39013671875,0.0363499975204467,call,1.0291772236811612,0.0547945205479452,30.950000000000003
SPXW260629C07575000,2026-06-09 17:49:35+00:00,7575.0,22.34,29.2,29.9,-19.650002,-46.796856,32.0,156.0,0.1469506692504882,False,REGULAR,USD,2026-06-29,7355.39013671875,0.0363499975204467,call,1.0298569972767233,0.0547945205479452,29.55
SPXW260629C07580000,2026-06-09 18:07:08+00:00,7580.0,29.0,27.2,27.8,-6.0999985,-17.378914,38.0,128.0,0.1446809470748901,False,REGULAR,USD,2026-06-29,7355.39013671875,0.0363499975204467,call,1.0305367708722857,0.0547945205479452,27.5
SPXW260629C07590000,2026-06-09 19:05:15+00:00,7590.0,28.52,25.5,26.1,-3.8899994,-12.002466,50.0,137.0,0.1449746758270263,False,REGULAR,USD,2026-06-29,7355.39013671875,0.0363499975204467,call,1.03189631806341,0.0547945205479452,25.8
SPXW260629C07600000,2026-06-09 19:01:51+00:00,7600.0,24.25,22.6,23.1,-4.200001,-14.762743,128.0,834.0,0.1422319359207153,False,REGULAR,USD,2026-06-29,7355.39013671875,0.0363499975204467,call,1.0332558652545345,0.0547945205479452,22.85
SPXW260629C07610000,2026-06-09 17:17:20+00:00,7610.0,13.58,20.4,21.0,-12.290001,-47.506767,15.0,56.0,0.1410951675033569,False,REGULAR,USD,2026-06-29,7355.39013671875,0.0363499975204467,call,1.0346154124456588,0.0547945205479452,20.7
SPXW260629C07620000,2026-06-09 15:41:25+00:00,7620.0,11.32,18.2,18.8,-12.1,-51.665245,14.0,82.0,0.1393900148773193,False,REGULAR,USD,2026-06-29,7355.39013671875,0.0363499975204467,call,1.035974959636783,0.0547945205479452,18.5
SPXW260629C07625000,2026-06-09 16:51:34+00:00,7625.0,9.63,17.7,18.2,-14.070001,-59.367092,79.0,157.0,0.1396379677200317,False,REGULAR,USD,2026-06-29,7355.39013671875,0.0363499975204467,call,1.0366547332323452,0.0547945205479452,17.95
SPXW260629C07630000,2026-06-09 18:32:35+00:00,7630.0,17.0,17.0,17.6,-8.0,-32.0,3.0,133.0,0.1398401446533203,False,REGULAR,USD,2026-06-29,7355.39013671875,0.0363499975204467,call,1.0373345068279076,0.0547945205479452,17.3
SPXW260629C07640000,2026-06-09 17:25:59+00:00,7640.0,10.5,15.0,15.5,-9.02,-46.20902,4.0,23.0,0.1377153795242309,False,REGULAR,USD,2026-06-29,7355.39013671875,0.0363499975204467,call,1.038694054019032,0.0547945205479452,15.25
SPXW260629C07650000,2026-06-09 16:55:57+00:00,7650.0,7.17,13.5,14.0,-10.200001,-58.721935,76.0,227.0,0.136826563949585,False,REGULAR,USD,2026-06-29,7355.39013671875,0.0363499975204467,call,1.0400536012101562,0.0547945205479452,13.75
SPXW260629C07660000,2026-06-09 16:16:20+00:00,7660.0,6.6,12.1,12.6,-11.15,-62.816902,13.0,33.0,0.1359110457611084,False,REGULAR,USD,2026-06-29,7355.39013671875,0.0363499975204467,call,1.0414131484012807,0.0547945205479452,12.35
SPXW260629C07670000,2026-06-09 15:27:30+00:00,7670.0,6.86,10.7,11.2,-6.5899997,-48.996277,15.0,101.0,0.1346598375701904,False,REGULAR,USD,2026-06-29,7355.39013671875,0.0363499975204467,call,1.042772695592405,0.0547945205479452,10.95
SPXW260629C07675000,2026-06-09 16:38:14+00:00,7675.0,5.4,10.2,10.6,-7.72,-58.841465,24.0,623.0,0.1342173371124267,False,REGULAR,USD,2026-06-29,7355.39013671875,0.0363499975204467,call,1.0434524691879672,0.0547945205479452,10.4
SPXW260629C07680000,2026-06-09 13:47:15+00:00,7680.0,21.1,9.3,9.7,8.780001,71.26624,10.0,25.0,0.1326609561920166,False,REGULAR,USD,2026-06-29,7355.39013671875,0.0363499975204467,call,1.0441322427835296,0.0547945205479452,9.5
SPXW260629C07690000,2026-06-08 18:06:07+00:00,7690.0,13.8,8.2,8.5,0.0,0.0,6.0,7.0,0.1312571616363525,False,REGULAR,USD,2026-06-29,7355.39013671875,0.0363499975204467,call,1.045491789974654,0.0547945205479452,8.35
SPXW260629C07700000,2026-06-09 19:06:34+00:00,7700.0,8.3,7.5,7.9,-2.0,-19.417475,69.0,430.0,0.1318217311859131,False,REGULAR,USD,2026-06-29,7355.39013671875,0.0363499975204467,call,1.0468513371657782,0.0547945205479452,7.7
SPXW260629C07710000,2026-06-09 17:17:20+00:00,7710.0,4.28,6.6,7.0,-4.1,-48.926014,20.0,24.0,0.130944359588623,False,REGULAR,USD,2026-06-29,7355.39013671875,0.0363499975204467,call,1.048210884356903,0.0547945205479452,6.8
SPXW260629C07720000,2026-06-08 19:25:21+00:00,7720.0,3.4,5.8,6.2,-4.0299997,-54.239567,10.0,62.0,0.1301661691284179,False,REGULAR,USD,2026-06-29,7355.39013671875,0.0363499975204467,call,1.049570431548027,0.0547945205479452,6.0
SPXW260629C07725000,2026-06-09 16:18:39+00:00,7725.0,2.7,5.4,5.8,-4.45,-62.237762,51.0,779.0,0.1296397461700439,False,REGULAR,USD,2026-06-29,7355.39013671875,0.0363499975204467,call,1.0502502051435891,0.0547945205479452,5.6
SPXW260629C07730000,2026-06-09 18:29:58+00:00,7730.0,5.3,4.9,5.3,-1.6499996,-23.741003,7.0,22.0,0.1285106070709228,False,REGULAR,USD,2026-06-29,7355.39013671875,0.0363499975204467,call,1.0509299787391515,0.0547945205479452,5.1
SPXW260629C07740000,2026-06-09 13:48:08+00:00,7740.0,11.0,4.6,4.9,5.15,88.03419,12.0,42.0,0.1290522886657714,False,REGULAR,USD,2026-06-29,7355.39013671875,0.0363499975204467,call,1.0522895259302758,0.0547945205479452,4.75
SPXW260629C07750000,2026-06-09 18:05:43+00:00,7750.0,3.46,3.9,4.3,-2.1599998,-38.434162,22.0,283.0,0.1282740982055664,False,REGULAR,USD,2026-06-29,7355.39013671875,0.0363499975204467,call,1.0536490731214,0.0547945205479452,4.1
SPXW260629C07760000,2026-06-08 19:15:31+00:00,7760.0,4.64,3.4,3.8,0.0,0.0,18.0,19.0,0.1277553045654297,False,REGULAR,USD,2026-06-29,7355.39013671875,0.0363499975204467,call,1.0550086203125246,0.0547945205479452,3.6
SPXW260629C07775000,2026-06-09 19:09:09+00:00,7775.0,3.26,2.7,2.95,-0.45000005,-12.129381,14.0,80.0,0.1255733195495605,False,REGULAR,USD,2026-06-29,7355.39013671875,0.0363499975204467,call,1.057047941099211,0.0547945205479452,2.825
SPXW260629C07800000,2026-06-09 19:03:30+00:00,7800.0,2.27,2.05,2.3,-0.1400001,-5.8091326,567.0,998.0,0.1261073718261718,False,REGULAR,USD,2026-06-29,7355.39013671875,0.0363499975204467,call,1.060446809077022,0.0547945205479452,2.175
SPXW260629C07825000,2026-06-09 15:13:58+00:00,7825.0,0.92,1.45,1.65,-1.5799999,-63.2,65.0,84.0,0.1251308190917968,False,REGULAR,USD,2026-06-29,7355.39013671875,0.0363499975204467,call,1.063845677054833,0.0547945205479452,1.5499999999999998
SPXW260629C07850000,2026-06-09 15:13:58+00:00,7850.0,0.72,1.05,1.25,-0.54999995,-43.307083,87.0,262.0,0.1254054745483398,False,REGULAR,USD,2026-06-29,7355.39013671875,0.0363499975204467,call,1.067244545032644,0.0547945205479452,1.15
SPXW260629C07875000,2026-06-08 20:00:04+00:00,7875.0,0.99,0.8,1.05,0.0,0.0,59.0,280.0,0.1275111663818359,False,REGULAR,USD,2026-06-29,7355.39013671875,0.0363499975204467,call,1.070643413010455,0.0547945205479452,0.925
SPXW260629C07900000,2026-06-09 17:03:37+00:00,7900.0,0.5,0.6,0.7,-0.35000002,-41.176476,28.0,125.0,0.1258632336425781,False,REGULAR,USD,2026-06-29,7355.39013671875,0.0363499975204467,call,1.074042280988266,0.0547945205479452,0.6499999999999999
SPXW260630C07285000,2026-06-09 16:00:21+00:00,7285.0,143.73,178.6,179.4,-145.52,-50.30942,5.0,602.0,0.1966213456344604,True,REGULAR,USD,2026-06-30,7355.39013671875,0.0363499975204467,call,0.9904301287341162,0.0575342465753424,179.0
SPXW260630C07290000,2026-06-09 17:30:36+00:00,7290.0,150.65,175.4,177.0,-87.8,-36.821136,6.0,26.0,0.1972431350708007,True,REGULAR,USD,2026-06-30,7355.39013671875,0.0363499975204467,call,0.9911099023296784,0.0575342465753424,176.2
SPXW260630C07295000,2026-06-09 17:22:51+00:00,7295.0,177.6,175.0,175.8,-57.0,-24.296675,10.0,87.0,0.1995204865646362,True,REGULAR,USD,2026-06-30,7355.39013671875,0.0363499975204467,call,0.9917896759252406,0.0575342465753424,175.4
SPXW260630C07300000,2026-06-09 17:31:13+00:00,7300.0,155.1,168.9,169.7,-72.04999,-31.719126,454.0,2033.0,0.1948284558486938,True,REGULAR,USD,2026-06-30,7355.39013671875,0.0363499975204467,call,0.9924694495208028,0.0575342465753424,169.3
SPXW260630C07305000,2026-06-09 14:34:58+00:00,7305.0,135.0,164.5,165.6,-41.89,-23.681383,3.0,55.0,0.1929363849258423,True,REGULAR,USD,2026-06-30,7355.39013671875,0.0363499975204467,call,0.993149223116365,0.0575342465753424,165.05
SPXW260630C07310000,2026-06-09 16:23:00+00:00,7310.0,109.0,161.0,162.0,-96.0,-46.82927,4.0,186.0,0.1917176013374329,True,REGULAR,USD,2026-06-30,7355.39013671875,0.0363499975204467,call,0.9938289967119271,0.0575342465753424,161.5
SPXW260630C07315000,2026-06-08 17:38:10+00:00,7315.0,136.0,161.1,161.8,-58.5,-30.077122,6.0,142.0,0.1952289950561523,True,REGULAR,USD,2026-06-30,7355.39013671875,0.0363499975204467,call,0.9945087703074892,0.0575342465753424,161.45
SPXW260630C07320000,2026-06-09 18:57:04+00:00,7320.0,162.65,154.5,155.2,-34.72,-17.591326,19.0,190.0,0.1897320712661743,True,REGULAR,USD,2026-06-30,7355.39013671875,0.0363499975204467,call,0.9951885439030516,0.0575342465753424,154.85
SPXW260630C07325000,2026-06-09 18:01:18+00:00,7325.0,159.14,154.3,154.8,-24.660004,-13.4167595,97.0,340.0,0.1928753503799438,True,REGULAR,USD,2026-06-30,7355.39013671875,0.0363499975204467,call,0.9958683174986136,0.0575342465753424,154.55
SPXW260630C07330000,2026-06-09 17:35:30+00:00,7330.0,129.1,150.3,151.1,-65.29999,-33.59053,12.0,90.0,0.1913647453689575,True,REGULAR,USD,2026-06-30,7355.39013671875,0.0363499975204467,call,0.996548091094176,0.0575342465753424,150.7
SPXW260630C07335000,2026-06-09 17:10:39+00:00,7335.0,110.97,145.0,145.7,-203.67001,-64.731125,58.0,22.0,0.1874509051132202,True,REGULAR,USD,2026-06-30,7355.39013671875,0.0363499975204467,call,0.997227864689738,0.0575342465753424,145.35
SPXW260630C07340000,2026-06-09 16:18:38+00:00,7340.0,104.25,142.8,143.4,-72.350006,-40.968292,1.0,121.0,0.1878171123886108,True,REGULAR,USD,2026-06-30,7355.39013671875,0.0363499975204467,call,0.9979076382853004,0.0575342465753424,143.10000000000002
SPXW260630C07345000,2026-06-08 18:07:22+00:00,7345.0,96.6,141.0,141.9,-81.78001,-45.845947,20.0,46.0,0.1892552388763428,True,REGULAR,USD,2026-06-30,7355.39013671875,0.0363499975204467,call,0.9985874118808624,0.0575342465753424,141.45
SPXW260630C07350000,2026-06-09 18:38:19+00:00,7350.0,141.28,137.4,138.0,-19.930008,-12.362761,1011.0,2334.0,0.1873173920440674,True,REGULAR,USD,2026-06-30,7355.39013671875,0.0363499975204467,call,0.9992671854764248,0.0575342465753424,137.7
SPXW260630C07355000,2026-06-09 18:01:18+00:00,7355.0,122.53,134.1,134.9,-41.210007,-25.167952,108.0,51.0,0.1864495570945739,True,REGULAR,USD,2026-06-30,7355.39013671875,0.0363499975204467,call,0.9999469590719868,0.0575342465753424,134.5
SPXW260630C07360000,2026-06-09 16:39:59+00:00,7360.0,83.4,131.4,132.1,-106.189995,-56.010334,2.0,132.0,0.1859593733978271,False,REGULAR,USD,2026-06-30,7355.39013671875,0.0363499975204467,call,1.000626732667549,0.0575342465753424,131.75
SPXW260630C07365000,2026-06-05 18:15:29+00:00,7365.0,95.8,125.8,126.5,-76.62999,-44.44122,4.0,68.0,0.1815419981384277,False,REGULAR,USD,2026-06-30,7355.39013671875,0.0363499975204467,call,1.0013065062631112,0.0575342465753424,126.15
SPXW260630C07370000,2026-06-09 15:46:12+00:00,7370.0,104.1,124.8,125.5,-56.420006,-35.14827,10.0,81.0,0.1834664936637878,False,REGULAR,USD,2026-06-30,7355.39013671875,0.0363499975204467,call,1.0019862798586734,0.0575342465753424,125.15
SPXW260630C07375000,2026-06-09 18:40:27+00:00,7375.0,126.78,115.1,121.2,-36.020004,-22.125309,531.0,1604.0,0.1807676223373412,False,REGULAR,USD,2026-06-30,7355.39013671875,0.0363499975204467,call,1.0026660534542358,0.0575342465753424,118.15
SPXW260630C07380000,2026-06-09 18:37:32+00:00,7380.0,123.67,116.7,117.3,-13.779999,-10.025463,286.0,90.0,0.1785818226623535,False,REGULAR,USD,2026-06-30,7355.39013671875,0.0363499975204467,call,1.003345827049798,0.0575342465753424,117.0
SPXW260630C07385000,2026-06-09 18:01:18+00:00,7385.0,105.18,116.7,117.4,-26.920006,-20.378504,19.0,48.0,0.181912020072937,False,REGULAR,USD,2026-06-30,7355.39013671875,0.0363499975204467,call,1.00402560064536,0.0575342465753424,117.05
SPXW260630C07390000,2026-06-09 16:12:47+00:00,7390.0,96.48,113.1,114.0,-58.969994,-37.935024,38.0,143.0,0.1803327511978149,False,REGULAR,USD,2026-06-30,7355.39013671875,0.0363499975204467,call,1.0047053742409222,0.0575342465753424,113.55
SPXW260630C07395000,2026-06-09 17:39:00+00:00,7395.0,93.58,108.9,109.8,-155.05,-62.36174,8.0,50.0,0.1775919186210632,False,REGULAR,USD,2026-06-30,7355.39013671875,0.0363499975204467,call,1.0053851478364844,0.0575342465753424,109.35
SPXW260630C07400000,2026-06-09 18:58:55+00:00,7400.0,110.46,107.1,107.8,-14.540001,-11.632001,704.0,3396.0,0.1778722960662841,False,REGULAR,USD,2026-06-30,7355.39013671875,0.0363499975204467,call,1.0060649214320467,0.0575342465753424,107.45
SPXW260630C07405000,2026-06-09 17:12:42+00:00,7405.0,76.01,103.7,104.3,-43.9,-36.61079,21.0,131.0,0.1760126497459411,False,REGULAR,USD,2026-06-30,7355.39013671875,0.0363499975204467,call,1.0067446950276089,0.0575342465753424,104.0
SPXW260630C07410000,2026-06-09 17:50:36+00:00,7410.0,87.0,99.7,100.8,-30.720001,-26.09582,88.0,99.0,0.1741015055274963,False,REGULAR,USD,2026-06-30,7355.39013671875,0.0363499975204467,call,1.007424468623171,0.0575342465753424,100.25
SPXW260630C07415000,2026-06-09 16:18:58+00:00,7415.0,66.5,99.0,99.8,-65.3,-49.544765,157.0,214.0,0.1756540717887878,False,REGULAR,USD,2026-06-30,7355.39013671875,0.0363499975204467,call,1.0081042422187332,0.0575342465753424,99.4
SPXW260630C07420000,2026-06-09 19:06:13+00:00,7420.0,101.1,96.3,97.0,-9.099998,-8.257712,185.0,296.0,0.1746336504745483,False,REGULAR,USD,2026-06-30,7355.39013671875,0.0363499975204467,call,1.008784015814295,0.0575342465753424,96.65
SPXW260630C07425000,2026-06-09 17:11:08+00:00,7425.0,83.3,93.7,94.3,-36.449997,-30.438412,231.0,1132.0,0.1737047809791565,False,REGULAR,USD,2026-06-30,7355.39013671875,0.0363499975204467,call,1.0094637894098577,0.0575342465753424,94.0
SPXW260630C07430000,2026-06-09 18:25:36+00:00,7430.0,87.9,88.7,89.3,-16.5,-15.804598,1561.0,9674.0,0.1694571580505371,False,REGULAR,USD,2026-06-30,7355.39013671875,0.0363499975204467,call,1.01014356300542,0.0575342465753424,89.0
SPXW260630C07435000,2026-06-09 15:22:05+00:00,7435.0,86.78,86.0,86.8,-13.989998,-13.883099,1.0,21.0,0.168701855545044,False,REGULAR,USD,2026-06-30,7355.39013671875,0.0363499975204467,call,1.010823336600982,0.0575342465753424,86.4
SPXW260630C07440000,2026-06-09 18:28:39+00:00,7440.0,82.8,83.9,84.5,-36.299995,-30.478586,300.0,156.0,0.1681811545753479,False,REGULAR,USD,2026-06-30,7355.39013671875,0.0363499975204467,call,1.0115031101965442,0.0575342465753424,84.2
SPXW260630C07445000,2026-06-09 17:50:34+00:00,7445.0,87.6,83.2,83.9,-20.130005,-18.685606,28.0,55.0,0.1700579668617249,False,REGULAR,USD,2026-06-30,7355.39013671875,0.0363499975204467,call,1.0121828837921063,0.0575342465753424,83.55000000000001
SPXW260630C07450000,2026-06-09 18:37:00+00:00,7450.0,82.33,78.7,79.3,-15.07,-15.472279,2307.0,10724.0,0.166123145980835,False,REGULAR,USD,2026-06-30,7355.39013671875,0.0363499975204467,call,1.012862657387669,0.0575342465753424,79.0
SPXW260630C07455000,2026-06-09 18:44:51+00:00,7455.0,73.84,76.7,77.3,-16.560005,-18.318588,33.0,338.0,0.1658847297859192,False,REGULAR,USD,2026-06-30,7355.39013671875,0.0363499975204467,call,1.0135424309832308,0.0575342465753424,77.0
SPXW260630C07460000,2026-06-09 16:43:24+00:00,7460.0,44.85,75.8,76.5,-44.270004,-49.6746,45.0,59.0,0.167351466217041,False,REGULAR,USD,2026-06-30,7355.39013671875,0.0363499975204467,call,1.014222204578793,0.0575342465753424,76.15
SPXW260630C07465000,2026-06-09 16:34:53+00:00,7465.0,48.61,73.2,74.0,-36.589996,-42.946007,10.0,46.0,0.1662909909820557,False,REGULAR,USD,2026-06-30,7355.39013671875,0.0363499975204467,call,1.0149019781743551,0.0575342465753424,73.6
SPXW260630C07470000,2026-06-09 18:50:05+00:00,7470.0,70.72,69.4,70.2,-43.18,-37.910446,34.0,144.0,0.1632488003349304,False,REGULAR,USD,2026-06-30,7355.39013671875,0.0363499975204467,call,1.0155817517699173,0.0575342465753424,69.80000000000001
SPXW260630C07475000,2026-06-09 19:12:35+00:00,7475.0,69.84,68.8,69.3,-12.230003,-14.901917,184.0,2294.0,0.1644446959686279,False,REGULAR,USD,2026-06-30,7355.39013671875,0.0363499975204467,call,1.0162615253654796,0.0575342465753424,69.05
SPXW260630C07480000,2026-06-09 18:58:07+00:00,7480.0,70.25,65.0,65.7,-14.75,-17.352942,113.0,322.0,0.1615550916862487,False,REGULAR,USD,2026-06-30,7355.39013671875,0.0363499975204467,call,1.0169412989610418,0.0575342465753424,65.35
SPXW260630C07485000,2026-06-09 15:23:51+00:00,7485.0,55.29,62.6,63.4,-77.71,-58.42857,17.0,17.0,0.1605461143493652,False,REGULAR,USD,2026-06-30,7355.39013671875,0.0363499975204467,call,1.017621072556604,0.0575342465753424,63.0
SPXW260630C07490000,2026-06-09 17:48:43+00:00,7490.0,50.1,62.1,62.7,-31.419998,-38.542686,17.0,108.0,0.1619155769729614,False,REGULAR,USD,2026-06-30,7355.39013671875,0.0363499975204467,call,1.018300846152166,0.0575342465753424,62.400000000000006
SPXW260630C07495000,2026-06-09 15:23:51+00:00,7495.0,54.77,59.0,59.6,-21.630001,-28.311518,19.0,37.0,0.1595695616149902,False,REGULAR,USD,2026-06-30,7355.39013671875,0.0363499975204467,call,1.0189806197477282,0.0575342465753424,59.3
SPXW260630C07500000,2026-06-09 19:11:17+00:00,7500.0,57.86,58.1,58.6,-11.239998,-16.266277,3208.0,9495.0,0.1603973426437377,False,REGULAR,USD,2026-06-30,7355.39013671875,0.0363499975204467,call,1.0196603933432906,0.0575342465753424,58.35
SPXW260630C07505000,2026-06-09 18:15:04+00:00,7505.0,49.05,55.6,56.4,-43.570004,-47.04168,170.0,476.0,0.1593139794540405,False,REGULAR,USD,2026-06-30,7355.39013671875,0.0363499975204467,call,1.0203401669388528,0.0575342465753424,56.0
SPXW260630C07510000,2026-06-09 17:19:06+00:00,7510.0,40.2,52.4,53.0,-32.600002,-44.78022,200.0,130.0,0.1562584375,False,REGULAR,USD,2026-06-30,7355.39013671875,0.0363499975204467,call,1.021019940534415,0.0575342465753424,52.7
SPXW260630C07515000,2026-06-09 18:39:56+00:00,7515.0,52.89,51.7,52.3,-17.910004,-25.296614,29.0,48.0,0.1574219085311889,False,REGULAR,USD,2026-06-30,7355.39013671875,0.0363499975204467,call,1.021699714129977,0.0575342465753424,52.0
SPXW260630C07520000,2026-06-09 18:39:56+00:00,7520.0,50.99,50.3,51.0,-14.459995,-22.093195,161.0,265.0,0.1575897535324096,False,REGULAR,USD,2026-06-30,7355.39013671875,0.0363499975204467,call,1.0223794877255392,0.0575342465753424,50.65
SPXW260630C07525000,2026-06-09 19:00:50+00:00,7525.0,50.0,48.2,48.7,-8.549999,-14.602902,68.0,1633.0,0.156082963180542,False,REGULAR,USD,2026-06-30,7355.39013671875,0.0363499975204467,call,1.0230592613211016,0.0575342465753424,48.45
SPXW260630C07530000,2026-06-09 18:19:17+00:00,7530.0,42.2,46.0,46.6,-13.43,-24.14165,54.0,191.0,0.1548203110122681,False,REGULAR,USD,2026-06-30,7355.39013671875,0.0363499975204467,call,1.0237390349166635,0.0575342465753424,46.3
SPXW260630C07535000,2026-06-09 18:25:36+00:00,7535.0,43.0,44.4,45.1,-10.66,-19.865822,4.0,84.0,0.1544884356689453,False,REGULAR,USD,2026-06-30,7355.39013671875,0.0363499975204467,call,1.024418808512226,0.0575342465753424,44.75
SPXW260630C07540000,2026-06-09 16:19:08+00:00,7540.0,25.17,42.8,43.3,-49.490005,-66.28717,50.0,324.0,0.153591990776062,False,REGULAR,USD,2026-06-30,7355.39013671875,0.0363499975204467,call,1.025098582107788,0.0575342465753424,43.05
SPXW260630C07545000,2026-06-09 18:51:10+00:00,7545.0,40.25,40.8,41.4,-12.040001,-23.025436,37.0,46.0,0.152451407699585,False,REGULAR,USD,2026-06-30,7355.39013671875,0.0363499975204467,call,1.0257783557033502,0.0575342465753424,41.1
SPXW260630C07550000,2026-06-09 17:43:31+00:00,7550.0,33.6,39.6,40.0,-13.620003,-28.843716,229.0,2825.0,0.1521080883789062,False,REGULAR,USD,2026-06-30,7355.39013671875,0.0363499975204467,call,1.0264581292989126,0.0575342465753424,39.8
SPXW260630C07555000,2026-06-09 17:43:31+00:00,7555.0,33.58,37.3,37.7,-18.019997,-34.922474,13.0,29.0,0.1501092070007324,False,REGULAR,USD,2026-06-30,7355.39013671875,0.0363499975204467,call,1.0271379028944747,0.0575342465753424,37.5
SPXW260630C07560000,2026-06-09 18:51:10+00:00,7560.0,35.6,35.7,36.2,-10.200001,-22.270744,65.0,4634.0,0.1494454563140869,False,REGULAR,USD,2026-06-30,7355.39013671875,0.0363499975204467,call,1.0278176764900369,0.0575342465753424,35.95
SPXW260630C07565000,2026-06-09 17:46:47+00:00,7565.0,28.5,34.9,35.4,-18.5,-39.361702,22.0,730.0,0.1499909525680542,False,REGULAR,USD,2026-06-30,7355.39013671875,0.0363499975204467,call,1.028497450085599,0.0575342465753424,35.15
SPXW260630C07570000,2026-06-09 17:12:48+00:00,7570.0,21.61,33.3,33.8,-18.29,-45.8396,41.0,226.0,0.1490220291519165,False,REGULAR,USD,2026-06-30,7355.39013671875,0.0363499975204467,call,1.0291772236811612,0.0575342465753424,33.55
SPXW260630C07575000,2026-06-09 19:00:50+00:00,7575.0,33.4,31.2,31.7,-7.359997,-18.056911,339.0,2830.0,0.1470231477737427,False,REGULAR,USD,2026-06-30,7355.39013671875,0.0363499975204467,call,1.0298569972767233,0.0575342465753424,31.45
SPXW260630C07580000,2026-06-09 18:54:23+00:00,7580.0,31.9,30.5,30.9,-6.379999,-16.666666,409.0,126.0,0.1474160576629638,False,REGULAR,USD,2026-06-30,7355.39013671875,0.0363499975204467,call,1.0305367708722857,0.0575342465753424,30.7
SPXW260630C07585000,2026-06-08 18:58:27+00:00,7585.0,17.28,28.4,29.0,-24.12,-58.260868,6.0,297.0,0.1456079092407226,False,REGULAR,USD,2026-06-30,7355.39013671875,0.0363499975204467,call,1.0312165444678478,0.0575342465753424,28.7
SPXW260630C07590000,2026-06-09 19:15:01+00:00,7590.0,27.4,27.1,27.7,-12.300001,-30.98237,69.0,222.0,0.144890753326416,False,REGULAR,USD,2026-06-30,7355.39013671875,0.0363499975204467,call,1.03189631806341,0.0575342465753424,27.4
SPXW260630C07595000,2026-06-09 17:45:39+00:00,7595.0,22.6,26.7,27.2,-15.499998,-40.68241,23.0,227.0,0.1457299783325195,False,REGULAR,USD,2026-06-30,7355.39013671875,0.0363499975204467,call,1.032576091658972,0.0575342465753424,26.95
SPXW260630C07600000,2026-06-09 19:11:52+00:00,7600.0,25.1,24.5,25.0,-5.529999,-18.054192,1357.0,8031.0,0.1430063117218017,False,REGULAR,USD,2026-06-30,7355.39013671875,0.0363499975204467,call,1.0332558652545345,0.0575342465753424,24.75
SPXW260630C07605000,2026-06-09 18:05:34+00:00,7605.0,26.72,23.6,24.1,-3.08,-10.33557,282.0,66.0,0.1428918719482422,False,REGULAR,USD,2026-06-30,7355.39013671875,0.0363499975204467,call,1.0339356388500966,0.0575342465753424,23.85
SPXW260630C07610000,2026-06-09 19:11:17+00:00,7610.0,23.06,22.8,23.3,-5.950001,-20.51017,65.0,100.0,0.1429452771759033,False,REGULAR,USD,2026-06-30,7355.39013671875,0.0363499975204467,call,1.0346154124456588,0.0575342465753424,23.05
SPXW260630C07615000,2026-06-09 19:08:52+00:00,7615.0,23.9,22.0,22.5,-7.6000004,-24.126986,96.0,82.0,0.1429490918350219,False,REGULAR,USD,2026-06-30,7355.39013671875,0.0363499975204467,call,1.035295186041221,0.0575342465753424,22.25
SPXW260630C07620000,2026-06-09 19:09:11+00:00,7620.0,22.4,20.9,21.4,-4.0699997,-15.375896,351.0,171.0,0.1422204919433593,False,REGULAR,USD,2026-06-30,7355.39013671875,0.0363499975204467,call,1.035974959636783,0.0575342465753424,21.15
SPXW260630C07625000,2026-06-09 19:09:11+00:00,7625.0,21.3,19.9,20.2,-3.9500008,-15.643567,119.0,2456.0,0.1411752753448486,False,REGULAR,USD,2026-06-30,7355.39013671875,0.0363499975204467,call,1.0366547332323452,0.0575342465753424,20.05
SPXW260630C07630000,2026-06-09 19:14:40+00:00,7630.0,18.65,18.5,18.9,-5.620001,-23.156162,163.0,207.0,0.1397905540847778,False,REGULAR,USD,2026-06-30,7355.39013671875,0.0363499975204467,call,1.0373345068279076,0.0575342465753424,18.7
SPXW260630C07635000,2026-06-09 17:43:31+00:00,7635.0,15.94,18.2,18.6,-10.81,-40.411217,22.0,25.0,0.1407365895462036,False,REGULAR,USD,2026-06-30,7355.39013671875,0.0363499975204467,call,1.0380142804234698,0.0575342465753424,18.4
SPXW260630C07640000,2026-06-09 18:56:02+00:00,7640.0,17.85,17.1,17.6,-3.92,-18.00643,103.0,169.0,0.1399278818130493,False,REGULAR,USD,2026-06-30,7355.39013671875,0.0363499975204467,call,1.038694054019032,0.0575342465753424,17.35
SPXW260630C07645000,2026-06-09 18:56:02+00:00,7645.0,16.95,15.8,16.3,-8.029999,-32.145714,26.0,312.0,0.1382494318008423,False,REGULAR,USD,2026-06-30,7355.39013671875,0.0363499975204467,call,1.039373827614594,0.0575342465753424,16.05
SPXW260630C07650000,2026-06-09 19:14:40+00:00,7650.0,15.2,15.1,15.4,-4.3,-22.051283,447.0,5226.0,0.1374903146362305,False,REGULAR,USD,2026-06-30,7355.39013671875,0.0363499975204467,call,1.0400536012101562,0.0575342465753424,15.25
SPXW260630C07655000,2026-06-09 17:11:51+00:00,7655.0,11.98,14.4,14.9,-9.42,-44.018692,42.0,131.0,0.1377268235015869,False,REGULAR,USD,2026-06-30,7355.39013671875,0.0363499975204467,call,1.0407333748057186,0.0575342465753424,14.65
SPXW260630C07660000,2026-06-09 18:34:22+00:00,7660.0,14.14,13.9,14.4,-3.4399996,-19.567688,65.0,227.0,0.1379251857757568,False,REGULAR,USD,2026-06-30,7355.39013671875,0.0363499975204467,call,1.0414131484012807,0.0575342465753424,14.15
SPXW260630C07665000,2026-06-09 17:36:32+00:00,7665.0,10.37,12.9,13.4,-8.830001,-45.989586,113.0,384.0,0.1366510896301269,False,REGULAR,USD,2026-06-30,7355.39013671875,0.0363499975204467,call,1.042092921996843,0.0575342465753424,13.15
SPXW260630C07670000,2026-06-09 16:26:49+00:00,7670.0,9.3,12.0,12.4,-5.8,-38.410595,41.0,122.0,0.1352396657562256,False,REGULAR,USD,2026-06-30,7355.39013671875,0.0363499975204467,call,1.042772695592405,0.0575342465753424,12.2
SPXW260630C07675000,2026-06-09 19:09:11+00:00,7675.0,12.6,11.8,12.1,-1.6999998,-11.888111,312.0,4642.0,0.1358461965560913,False,REGULAR,USD,2026-06-30,7355.39013671875,0.0363499975204467,call,1.0434524691879672,0.0575342465753424,11.95
SPXW260630C07680000,2026-06-09 18:22:10+00:00,7680.0,10.3,10.9,11.4,-3.8199997,-27.053822,131.0,103.0,0.1351710018920898,False,REGULAR,USD,2026-06-30,7355.39013671875,0.0363499975204467,call,1.0441322427835296,0.0575342465753424,11.15
SPXW260630C07685000,2026-06-09 16:11:49+00:00,7685.0,5.75,10.1,10.6,-7.05,-55.078125,18.0,69.0,0.1340723800659179,False,REGULAR,USD,2026-06-30,7355.39013671875,0.0363499975204467,call,1.0448120163790915,0.0575342465753424,10.35
SPXW260630C07690000,2026-06-09 18:46:24+00:00,7690.0,9.75,9.9,10.3,-2.5500002,-20.731709,253.0,169.0,0.1345377684783935,False,REGULAR,USD,2026-06-30,7355.39013671875,0.0363499975204467,call,1.045491789974654,0.0575342465753424,10.1
SPXW260630C07695000,2026-06-09 17:03:11+00:00,7695.0,5.95,9.1,9.5,-5.45,-47.80702,12.0,62.0,0.1332445990371704,False,REGULAR,USD,2026-06-30,7355.39013671875,0.0363499975204467,call,1.046171563570216,0.0575342465753424,9.3
SPXW260630C07700000,2026-06-09 19:13:23+00:00,7700.0,9.2,8.8,9.0,-1.6000004,-14.814817,2303.0,7557.0,0.1328898357391357,False,REGULAR,USD,2026-06-30,7355.39013671875,0.0363499975204467,call,1.0468513371657782,0.0575342465753424,8.9
SPXW260630C07705000,2026-06-09 16:38:16+00:00,7705.0,5.25,8.3,8.7,-5.6499996,-51.834858,64.0,71.0,0.1332026377868652,False,REGULAR,USD,2026-06-30,7355.39013671875,0.0363499975204467,call,1.0475311107613403,0.0575342465753424,8.5
SPXW260630C07710000,2026-06-09 16:52:45+00:00,7710.0,4.1,7.7,8.1,-5.5000005,-57.29167,83.0,174.0,0.1323328955078125,False,REGULAR,USD,2026-06-30,7355.39013671875,0.0363499975204467,call,1.048210884356903,0.0575342465753424,7.9
SPXW260630C07715000,2026-06-09 16:51:56+00:00,7715.0,4.7,7.5,7.8,-5.0,-51.546394,25.0,111.0,0.1325388871002197,False,REGULAR,USD,2026-06-30,7355.39013671875,0.0363499975204467,call,1.0488906579524648,0.0575342465753424,7.65
SPXW260630C07720000,2026-06-09 17:01:23+00:00,7720.0,6.25,7.1,7.5,-2.9300003,-31.917213,180.0,124.0,0.1327067321014404,False,REGULAR,USD,2026-06-30,7355.39013671875,0.0363499975204467,call,1.049570431548027,0.0575342465753424,7.3
SPXW260630C07725000,2026-06-09 19:09:05+00:00,7725.0,7.1,6.6,6.9,-1.1500001,-13.939395,681.0,2678.0,0.1315623343658447,False,REGULAR,USD,2026-06-30,7355.39013671875,0.0363499975204467,call,1.0502502051435891,0.0575342465753424,6.75
SPXW260630C07730000,2026-06-09 16:51:55+00:00,7730.0,3.4,6.2,6.6,-4.7000003,-58.024693,106.0,931.0,0.1316004809570312,False,REGULAR,USD,2026-06-30,7355.39013671875,0.0363499975204467,call,1.0509299787391515,0.0575342465753424,6.4
SPXW260630C07735000,2026-06-09 15:06:07+00:00,7735.0,3.54,5.8,6.2,-3.5700002,-50.210976,35.0,78.0,0.1311274632263183,False,REGULAR,USD,2026-06-30,7355.39013671875,0.0363499975204467,call,1.0516097523347137,0.0575342465753424,6.0
SPXW260630C07740000,2026-06-09 18:57:03+00:00,7740.0,6.28,5.5,5.8,-0.8199997,-11.549292,28.0,339.0,0.1305628936767577,False,REGULAR,USD,2026-06-30,7355.39013671875,0.0363499975204467,call,1.0522895259302758,0.0575342465753424,5.65
SPXW260630C07745000,2026-06-09 18:45:01+00:00,7745.0,5.0,5.0,5.3,-1.6999998,-25.373133,25.0,43.0,0.1294032373046875,False,REGULAR,USD,2026-06-30,7355.39013671875,0.0363499975204467,call,1.052969299525838,0.0575342465753424,5.15
SPXW260630C07750000,2026-06-09 18:57:03+00:00,7750.0,5.48,4.9,5.1,-0.52,-8.666667,922.0,1276.0,0.1296626341247558,False,REGULAR,USD,2026-06-30,7355.39013671875,0.0363499975204467,call,1.0536490731214,0.0575342465753424,5.0
SPXW260630C07755000,2026-06-08 19:30:12+00:00,7755.0,5.9,4.7,4.9,0.0,0.0,34.0,91.0,0.1298762550354004,False,REGULAR,USD,2026-06-30,7355.39013671875,0.0363499975204467,call,1.0543288467169625,0.0575342465753424,4.800000000000001
SPXW260630C07760000,2026-06-09 17:32:09+00:00,7760.0,3.35,4.1,4.5,-2.2800002,-40.497337,136.0,400.0,0.1289378488922119,False,REGULAR,USD,2026-06-30,7355.39013671875,0.0363499975204467,call,1.0550086203125246,0.0575342465753424,4.3
SPXW260630C07765000,2026-06-09 18:46:24+00:00,7765.0,4.15,3.9,4.2,-2.75,-39.855072,255.0,242.0,0.1284419432067871,False,REGULAR,USD,2026-06-30,7355.39013671875,0.0363499975204467,call,1.0556883939080868,0.0575342465753424,4.05
SPXW260630C07770000,2026-06-09 18:57:03+00:00,7770.0,4.32,3.8,4.0,-0.5799999,-11.836733,106.0,176.0,0.1284724604797363,False,REGULAR,USD,2026-06-30,7355.39013671875,0.0363499975204467,call,1.056368167503649,0.0575342465753424,3.9
SPXW260630C07775000,2026-06-09 19:00:17+00:00,7775.0,3.9,3.4,3.7,-0.5,-11.363636,74.0,1649.0,0.1278087097930908,False,REGULAR,USD,2026-06-30,7355.39013671875,0.0363499975204467,call,1.057047941099211,0.0575342465753424,3.55
SPXW260630C07780000,2026-06-09 16:23:51+00:00,7780.0,2.53,3.4,3.6,-4.55,-64.26554,34.0,127.0,0.1283580207061767,False,REGULAR,USD,2026-06-30,7355.39013671875,0.0363499975204467,call,1.0577277146947734,0.0575342465753424,3.5
SPXW260630C07785000,2026-06-09 16:17:51+00:00,7785.0,1.75,3.1,3.4,-3.4499998,-66.34615,388.0,767.0,0.1282130636596679,False,REGULAR,USD,2026-06-30,7355.39013671875,0.0363499975204467,call,1.0584074882903356,0.0575342465753424,3.25
SPXW260630C07790000,2026-06-09 17:42:53+00:00,7790.0,2.85,2.95,3.1,-0.95000005,-25.000002,213.0,884.0,0.1272822868347168,False,REGULAR,USD,2026-06-30,7355.39013671875,0.0363499975204467,call,1.0590872618858975,0.0575342465753424,3.0250000000000004
SPXW260630C07795000,2026-06-09 17:03:11+00:00,7795.0,1.97,2.7,2.9,-4.13,-67.70491,30.0,41.0,0.12696185546875,False,REGULAR,USD,2026-06-30,7355.39013671875,0.0363499975204467,call,1.05976703548146,0.0575342465753424,2.8
SPXW260630C07800000,2026-06-09 18:52:29+00:00,7800.0,2.85,2.65,2.85,-0.20000005,-6.5573783,559.0,5603.0,0.1277247872924805,False,REGULAR,USD,2026-06-30,7355.39013671875,0.0363499975204467,call,1.060446809077022,0.0575342465753424,2.75
SPXW260630C07805000,2026-06-09 15:25:25+00:00,7805.0,1.78,2.5,2.7,-1.4200001,-44.375,26.0,72.0,0.1276942700195312,False,REGULAR,USD,2026-06-30,7355.39013671875,0.0363499975204467,call,1.0611265826725844,0.0575342465753424,2.6
SPXW260630C07810000,2026-06-09 16:15:12+00:00,7810.0,1.47,2.35,2.55,-2.53,-63.25,39.0,149.0,0.1276027182006835,False,REGULAR,USD,2026-06-30,7355.39013671875,0.0363499975204467,call,1.0618063562681466,0.0575342465753424,2.45
SPXW260630C07815000,2026-06-09 16:16:17+00:00,7815.0,1.42,2.15,2.35,-3.6799998,-72.15686,18.0,85.0,0.1269923727416992,False,REGULAR,USD,2026-06-30,7355.39013671875,0.0363499975204467,call,1.0624861298637087,0.0575342465753424,2.25
SPXW260630C07820000,2026-06-09 18:52:29+00:00,7820.0,2.25,2.05,2.25,-0.1500001,-6.250004,19.0,2681.0,0.1272059936523437,False,REGULAR,USD,2026-06-30,7355.39013671875,0.0363499975204467,call,1.0631659034592709,0.0575342465753424,2.15
SPXW260630C07825000,2026-06-09 19:07:11+00:00,7825.0,2.2,1.9,2.1,-0.099999905,-4.347822,151.0,1441.0,0.1269008209228515,False,REGULAR,USD,2026-06-30,7355.39013671875,0.0363499975204467,call,1.063845677054833,0.0575342465753424,2.0
SPXW260630C07830000,2026-06-09 18:51:35+00:00,7830.0,1.95,1.8,1.95,-0.29999995,-13.333332,699.0,3254.0,0.1265193550109863,False,REGULAR,USD,2026-06-30,7355.39013671875,0.0363499975204467,call,1.0645254506503954,0.0575342465753424,1.875
SPXW260630C07835000,2026-06-08 13:49:49+00:00,7835.0,2.4,1.7,1.85,-1.5,-38.461536,1.0,72.0,0.1265651309204101,False,REGULAR,USD,2026-06-30,7355.39013671875,0.0363499975204467,call,1.0652052242459575,0.0575342465753424,1.775
SPXW260630C07840000,2026-06-09 18:18:20+00:00,7840.0,1.52,1.55,1.7,-1.1800001,-43.703705,16.0,211.0,0.1260158200073242,False,REGULAR,USD,2026-06-30,7355.39013671875,0.0363499975204467,call,1.0658849978415197,0.0575342465753424,1.625
SPXW260630C07845000,2026-06-05 15:15:09+00:00,7845.0,5.3,1.55,1.7,0.0,0.0,11.0,21.0,0.1270686659240723,False,REGULAR,USD,2026-06-30,7355.39013671875,0.0363499975204467,call,1.0665647714370818,0.0575342465753424,1.625
SPXW260630C07850000,2026-06-09 17:53:04+00:00,7850.0,1.4,1.4,1.6,-0.30000007,-17.647062,87.0,5449.0,0.1269771141052246,False,REGULAR,USD,2026-06-30,7355.39013671875,0.0363499975204467,call,1.067244545032644,0.0575342465753424,1.5
SPXW260630C07855000,2026-06-08 14:55:19+00:00,7855.0,2.87,1.25,1.5,0.0,0.0,1.0,142.0,0.1268092691040039,False,REGULAR,USD,2026-06-30,7355.39013671875,0.0363499975204467,call,1.0679243186282064,0.0575342465753424,1.375
SPXW260630C07860000,2026-06-09 15:45:25+00:00,7860.0,0.75,1.25,1.45,-2.07,-73.40426,7.0,157.0,0.1272365109252929,False,REGULAR,USD,2026-06-30,7355.39013671875,0.0363499975204467,call,1.0686040922237685,0.0575342465753424,1.35
SPXW260630C07865000,2026-06-08 15:53:44+00:00,7865.0,1.6,1.15,1.3,-1.0600001,-39.849625,8.0,39.0,0.1262904754638671,False,REGULAR,USD,2026-06-30,7355.39013671875,0.0363499975204467,call,1.0692838658193309,0.0575342465753424,1.225
SPXW260630C07870000,2026-06-09 17:04:06+00:00,7870.0,1.02,1.05,1.3,-1.23,-54.666668,3.0,171.0,0.1272975454711914,False,REGULAR,USD,2026-06-30,7355.39013671875,0.0363499975204467,call,1.0699636394148928,0.0575342465753424,1.175
SPXW260630C07875000,2026-06-09 18:33:54+00:00,7875.0,1.2,1.1,1.2,-0.21999991,-15.492951,142.0,1296.0,0.1269008209228515,False,REGULAR,USD,2026-06-30,7355.39013671875,0.0363499975204467,call,1.070643413010455,0.0575342465753424,1.15
SPXW260630C07880000,2026-06-09 17:04:06+00:00,7880.0,0.92,1.05,1.2,-0.99999994,-52.083332,9.0,460.0,0.1279078909301758,False,REGULAR,USD,2026-06-30,7355.39013671875,0.0363499975204467,call,1.071323186606017,0.0575342465753424,1.125
SPXW260630C07885000,2026-06-08 19:29:16+00:00,7885.0,1.27,1.0,1.1,0.0,0.0,1.0,13.0,0.127389097290039,False,REGULAR,USD,2026-06-30,7355.39013671875,0.0363499975204467,call,1.0720029602015797,0.0575342465753424,1.05
SPXW260630C07890000,2026-06-09 13:30:03+00:00,7890.0,1.25,0.95,1.1,-0.9000001,-41.860466,3.0,709.0,0.1283961672973632,False,REGULAR,USD,2026-06-30,7355.39013671875,0.0363499975204467,call,1.0726827337971416,0.0575342465753424,1.025
SPXW260630C07895000,2026-06-08 17:08:56+00:00,7895.0,1.45,0.9,1.0,0.0,0.0,9.0,75.0,0.1277247872924805,False,REGULAR,USD,2026-06-30,7355.39013671875,0.0363499975204467,call,1.0733625073927038,0.0575342465753424,0.95
SPXW260630C07900000,2026-06-09 17:49:28+00:00,7900.0,0.92,0.75,1.0,-0.029999971,-3.1578918,52.0,5334.0,0.1287318572998047,False,REGULAR,USD,2026-06-30,7355.39013671875,0.0363499975204467,call,1.074042280988266,0.0575342465753424,0.875
SPXW260630C07905000,2026-06-05 15:22:53+00:00,7905.0,2.45,0.8,0.95,0.0,0.0,1.0,175.0,0.1288234091186523,False,REGULAR,USD,2026-06-30,7355.39013671875,0.0363499975204467,call,1.0747220545838283,0.0575342465753424,0.875
SPXW260630C07910000,2026-06-08 15:03:08+00:00,7910.0,0.73,0.7,0.9,-0.96000004,-56.804733,1.0,2075.0,0.1289149609375,False,REGULAR,USD,2026-06-30,7355.39013671875,0.0363499975204467,call,1.0754018281793905,0.0575342465753424,0.8
SPXW260630C07915000,2026-06-09 11:26:40+00:00,7915.0,1.0,0.75,0.85,-1.1500001,-53.488373,1.0,17.0,0.1289149609375,False,REGULAR,USD,2026-06-30,7355.39013671875,0.0363499975204467,call,1.0760816017749526,0.0575342465753424,0.8
SPXW260630C07920000,2026-06-09 12:25:50+00:00,7920.0,0.8,0.7,0.8,-1.1199999,-58.333332,2.0,333.0,0.1288844436645507,False,REGULAR,USD,2026-06-30,7355.39013671875,0.0363499975204467,call,1.0767613753705148,0.0575342465753424,0.75
SPXW260630C07925000,2026-06-09 16:58:46+00:00,7925.0,0.6,0.6,0.8,-0.65,-52.0,28.0,719.0,0.1298304791259765,False,REGULAR,USD,2026-06-30,7355.39013671875,0.0363499975204467,call,1.077441148966077,0.0575342465753424,0.7
SPXW260630C07930000,2026-06-09 12:25:50+00:00,7930.0,0.85,0.6,0.75,-0.14999998,-14.999998,1.0,213.0,0.1297389273071288,False,REGULAR,USD,2026-06-30,7355.39013671875,0.0363499975204467,call,1.0781209225616393,0.0575342465753424,0.675
SPXW260630C07940000,2026-06-09 16:20:23+00:00,7940.0,0.39,0.6,0.7,-1.21,-75.625,1.0,57.0,0.1305018591308593,False,REGULAR,USD,2026-06-30,7355.39013671875,0.0363499975204467,call,1.0794804697527636,0.0575342465753424,0.6499999999999999
SPXW260630C07950000,2026-06-09 16:13:53+00:00,7950.0,0.42,0.55,0.65,-0.22999999,-35.384613,52.0,2472.0,0.1312037564086914,False,REGULAR,USD,2026-06-30,7355.39013671875,0.0363499975204467,call,1.080840016943888,0.0575342465753424,0.6000000000000001
SPXW260630C07960000,2026-06-09 16:56:32+00:00,7960.0,0.5,0.45,0.6,-0.52,-50.980392,3.0,88.0,0.1317835845947265,False,REGULAR,USD,2026-06-30,7355.39013671875,0.0363499975204467,call,1.0821995641350124,0.0575342465753424,0.525
SPXW260630C07975000,2026-06-09 17:07:44+00:00,7975.0,0.46,0.45,0.55,-0.48999998,-51.578945,4.0,631.0,0.1331873791503906,False,REGULAR,USD,2026-06-30,7355.39013671875,0.0363499975204467,call,1.0842388849216988,0.0575342465753424,0.5
SPXW260630C07980000,2026-06-09 15:20:41+00:00,7980.0,0.35,0.45,0.6,-0.42,-54.545456,4.0,31.0,0.1354456573486328,False,REGULAR,USD,2026-06-30,7355.39013671875,0.0363499975204467,call,1.0849186585172612,0.0575342465753424,0.525
SPXW260630C08020000,2026-06-09 15:07:54+00:00,8020.0,0.29,0.35,0.45,-0.13,-30.952381,3.0,38.0,0.138131177368164,False,REGULAR,USD,2026-06-30,7355.39013671875,0.0363499975204467,call,1.0903568472817586,0.0575342465753424,0.4
SPXW260630C08050000,2026-06-09 15:04:10+00:00,8050.0,0.2,0.3,0.4,-0.3,-60.000004,6.0,1160.0,0.141610146484375,False,REGULAR,USD,2026-06-30,7355.39013671875,0.0363499975204467,call,1.0944354888551318,0.0575342465753424,0.35
SPXW260630C08080000,2026-06-09 18:30:36+00:00,8080.0,0.25,0.3,0.4,-3.9,-93.9759,15.0,1.0,0.1467370483398437,False,REGULAR,USD,2026-06-30,7355.39013671875,0.0363499975204467,call,1.0985141304285049,0.0575342465753424,0.35
SPXW260630C08400000,2026-06-05 18:31:11+00:00,8400.0,0.23,0.15,0.2,0.08,53.333332,1.0,575.0,0.1867757104492187,False,REGULAR,USD,2026-06-30,7355.39013671875,0.0363499975204467,call,1.1420196405444851,0.0575342465753424,0.175
SPXW260701C07300000,2026-06-09 18:08:30+00:00,7300.0,162.5,174.6,175.5,-41.17,-20.214071,16.0,5.0,0.1985477484893798,True,REGULAR,USD,2026-07-01,7355.39013671875,0.0363499975204467,call,0.9924694495208028,0.0602739726027397,175.05
SPXW260701C07310000,2026-06-09 16:02:20+00:00,7310.0,138.5,168.9,169.8,-71.229996,-33.96271,4.0,2.0,0.1982158731460571,True,REGULAR,USD,2026-07-01,7355.39013671875,0.0363499975204467,call,0.9938289967119271,0.0602739726027397,169.35000000000002
SPXW260701C07325000,2026-06-09 18:05:45+00:00,7325.0,142.95,157.5,158.4,-173.76,-54.86407,1.0,2.0,0.1935505450439453,True,REGULAR,USD,2026-07-01,7355.39013671875,0.0363499975204467,call,0.9958683174986136,0.0602739726027397,157.95
SPXW260701C07340000,2026-06-09 18:00:04+00:00,7340.0,136.5,148.2,149.1,-68.5,-33.414635,17.0,2.0,0.1914448532104492,True,REGULAR,USD,2026-07-01,7355.39013671875,0.0363499975204467,call,0.9979076382853004,0.0602739726027397,148.64999999999998
SPXW260701C07350000,2026-06-09 16:20:00+00:00,7350.0,136.08,141.6,142.5,-23.09999,-14.511868,14.0,21.0,0.1893124587631225,True,REGULAR,USD,2026-07-01,7355.39013671875,0.0363499975204467,call,0.9992671854764248,0.0602739726027397,142.05
SPXW260701C07360000,2026-06-09 18:29:14+00:00,7360.0,132.89,135.6,136.5,-47.11,-26.172222,35.0,3.0,0.1878438150024414,False,REGULAR,USD,2026-07-01,7355.39013671875,0.0363499975204467,call,1.000626732667549,0.0602739726027397,136.05
SPXW260701C07375000,2026-06-09 18:39:16+00:00,7375.0,128.23,124.8,126.0,-18.37001,-12.530702,1.0,8.0,0.1833119999694824,False,REGULAR,USD,2026-07-01,7355.39013671875,0.0363499975204467,call,1.0026660534542358,0.0602739726027397,125.4
SPXW260701C07380000,2026-06-09 17:01:19+00:00,7380.0,89.0,123.4,124.2,-177.20001,-66.5665,3.0,1.0,0.1840329705429076,False,REGULAR,USD,2026-07-01,7355.39013671875,0.0363499975204467,call,1.003345827049798,0.0602739726027397,123.8
SPXW260701C07390000,2026-06-09 16:16:23+00:00,7390.0,82.4,116.4,117.2,-72.200005,-46.701164,2.0,9.0,0.1807256610870361,False,REGULAR,USD,2026-07-01,7355.39013671875,0.0363499975204467,call,1.0047053742409222,0.0602739726027397,116.8
SPXW260701C07400000,2026-06-09 17:45:29+00:00,7400.0,117.0,111.6,112.5,-9.690002,-7.648593,45.0,44.0,0.1803823417663574,False,REGULAR,USD,2026-07-01,7355.39013671875,0.0363499975204467,call,1.0060649214320467,0.0602739726027397,112.05
SPXW260701C07410000,2026-06-08 14:39:32+00:00,7410.0,87.3,105.0,106.0,-58.23999,-40.016487,5.0,18.0,0.1774069076538085,False,REGULAR,USD,2026-07-01,7355.39013671875,0.0363499975204467,call,1.007424468623171,0.0602739726027397,105.5
SPXW260701C07420000,2026-06-09 00:49:32+00:00,7420.0,95.64,98.2,99.0,-49.86,-34.26804,4.0,18.0,0.1735521946144104,False,REGULAR,USD,2026-07-01,7355.39013671875,0.0363499975204467,call,1.008784015814295,0.0602739726027397,98.6
SPXW260701C07425000,2026-06-09 17:10:48+00:00,7425.0,70.3,97.5,98.3,-43.899994,-38.441326,10.0,16.0,0.1754175629234313,False,REGULAR,USD,2026-07-01,7355.39013671875,0.0363499975204467,call,1.0094637894098577,0.0602739726027397,97.9
SPXW260701C07430000,2026-06-08 14:02:09+00:00,7430.0,115.8,94.8,95.6,-13.800003,-10.6481495,1.0,11.0,0.1744810641098022,False,REGULAR,USD,2026-07-01,7355.39013671875,0.0363499975204467,call,1.01014356300542,0.0602739726027397,95.2
SPXW260701C07440000,2026-06-09 13:48:52+00:00,7440.0,139.6,89.1,90.0,27.90001,24.977629,2.0,30.0,0.1721808246612549,False,REGULAR,USD,2026-07-01,7355.39013671875,0.0363499975204467,call,1.0115031101965442,0.0602739726027397,89.55
SPXW260701C07450000,2026-06-09 18:39:16+00:00,7450.0,86.24,82.8,83.5,-20.980003,-19.567247,165.0,513.0,0.1684081267929077,False,REGULAR,USD,2026-07-01,7355.39013671875,0.0363499975204467,call,1.012862657387669,0.0602739726027397,83.15
SPXW260701C07460000,2026-06-09 15:53:43+00:00,7460.0,63.57,79.8,80.7,-42.260002,-39.931965,2.0,13.0,0.1696631496429443,False,REGULAR,USD,2026-07-01,7355.39013671875,0.0363499975204467,call,1.014222204578793,0.0602739726027397,80.25
SPXW260701C07470000,2026-06-09 17:19:06+00:00,7470.0,57.72,74.7,75.5,-41.68,-41.931587,1.0,20.0,0.1673190416145325,False,REGULAR,USD,2026-07-01,7355.39013671875,0.0363499975204467,call,1.0155817517699173,0.0602739726027397,75.1
SPXW260701C07475000,2026-06-09 17:41:46+00:00,7475.0,62.7,71.4,72.3,-39.280003,-38.517357,24.0,13.0,0.1651923691558837,False,REGULAR,USD,2026-07-01,7355.39013671875,0.0363499975204467,call,1.0162615253654796,0.0602739726027397,71.85
SPXW260701C07480000,2026-06-09 17:19:06+00:00,7480.0,53.84,68.1,69.0,-57.920002,-51.82534,2.0,5.0,0.1628463537979126,False,REGULAR,USD,2026-07-01,7355.39013671875,0.0363499975204467,call,1.0169412989610418,0.0602739726027397,68.55
SPXW260701C07490000,2026-06-09 16:25:02+00:00,7490.0,43.12,65.7,66.6,-70.68001,-62.10897,11.0,4.0,0.1641509672164917,False,REGULAR,USD,2026-07-01,7355.39013671875,0.0363499975204467,call,1.018300846152166,0.0602739726027397,66.15
SPXW260701C07500000,2026-06-09 17:50:20+00:00,7500.0,50.6,60.1,60.8,-22.900002,-31.156466,26.0,348.0,0.1602008876991272,False,REGULAR,USD,2026-07-01,7355.39013671875,0.0363499975204467,call,1.0196603933432906,0.0602739726027397,60.45
SPXW260701C07510000,2026-06-09 18:29:14+00:00,7510.0,55.89,55.8,56.6,-25.720001,-31.515745,14.0,6.0,0.1583908319473266,False,REGULAR,USD,2026-07-01,7355.39013671875,0.0363499975204467,call,1.021019940534415,0.0602739726027397,56.2
SPXW260701C07520000,2026-06-05 19:21:38+00:00,7520.0,67.77,53.4,54.2,0.0,0.0,10.0,33.0,0.1591537637710571,False,REGULAR,USD,2026-07-01,7355.39013671875,0.0363499975204467,call,1.0223794877255392,0.0602739726027397,53.8
SPXW260701C07525000,2026-06-09 16:30:31+00:00,7525.0,31.35,51.4,52.2,-62.550003,-66.61343,12.0,42.0,0.1582153576278686,False,REGULAR,USD,2026-07-01,7355.39013671875,0.0363499975204467,call,1.0230592613211016,0.0602739726027397,51.8
SPXW260701C07530000,2026-06-09 17:17:19+00:00,7530.0,34.73,48.3,49.0,-37.820004,-52.129566,7.0,3.0,0.1552895140838623,False,REGULAR,USD,2026-07-01,7355.39013671875,0.0363499975204467,call,1.0237390349166635,0.0602739726027397,48.65
SPXW260701C07540000,2026-06-08 16:30:40+00:00,7540.0,37.2,46.2,47.1,-30.84,-45.32628,1.0,54.0,0.1564758730697631,False,REGULAR,USD,2026-07-01,7355.39013671875,0.0363499975204467,call,1.025098582107788,0.0602739726027397,46.650000000000006
SPXW260701C07550000,2026-06-09 18:02:51+00:00,7550.0,37.2,42.4,43.2,-14.599998,-28.185326,15.0,25.0,0.1541832629394531,False,REGULAR,USD,2026-07-01,7355.39013671875,0.0363499975204467,call,1.0264581292989126,0.0602739726027397,42.8
SPXW260701C07560000,2026-06-09 15:53:43+00:00,7560.0,29.62,37.9,38.9,-36.579994,-55.256794,4.0,36.0,0.1508873974609375,False,REGULAR,USD,2026-07-01,7355.39013671875,0.0363499975204467,call,1.0278176764900369,0.0602739726027397,38.4
SPXW260701C07570000,2026-06-09 19:13:54+00:00,7570.0,36.5,35.6,36.2,-11.5,-23.958334,147.0,85.0,0.1500710604095459,False,REGULAR,USD,2026-07-01,7355.39013671875,0.0363499975204467,call,1.0291772236811612,0.0602739726027397,35.900000000000006
SPXW260701C07575000,2026-06-08 19:12:03+00:00,7575.0,23.48,34.6,35.3,-20.25,-46.306885,1.0,43.0,0.1503914917755127,False,REGULAR,USD,2026-07-01,7355.39013671875,0.0363499975204467,call,1.0298569972767233,0.0602739726027397,34.95
SPXW260701C07580000,2026-06-08 17:59:20+00:00,7580.0,45.55,32.7,33.4,0.0,0.0,2.0,34.0,0.1488351108551025,False,REGULAR,USD,2026-07-01,7355.39013671875,0.0363499975204467,call,1.0305367708722857,0.0602739726027397,33.05
SPXW260701C07590000,2026-06-09 15:14:50+00:00,7590.0,20.29,30.3,30.9,-29.96,-59.62189,2.0,60.0,0.1479005193710327,False,REGULAR,USD,2026-07-01,7355.39013671875,0.0363499975204467,call,1.03189631806341,0.0602739726027397,30.6
SPXW260701C07600000,2026-06-09 18:33:47+00:00,7600.0,28.0,27.5,28.1,-6.4000015,-18.604654,27.0,291.0,0.146119073562622,False,REGULAR,USD,2026-07-01,7355.39013671875,0.0363499975204467,call,1.0332558652545345,0.0602739726027397,27.8
SPXW260701C07610000,2026-06-09 16:23:29+00:00,7610.0,14.71,25.7,26.2,-41.29,-73.73214,30.0,19.0,0.1458596767425537,False,REGULAR,USD,2026-07-01,7355.39013671875,0.0363499975204467,call,1.0346154124456588,0.0602739726027397,25.95
SPXW260701C07620000,2026-06-09 15:48:57+00:00,7620.0,17.0,23.2,23.8,-11.639999,-40.64246,8.0,46.0,0.1443223691177368,False,REGULAR,USD,2026-07-01,7355.39013671875,0.0363499975204467,call,1.035974959636783,0.0602739726027397,23.5
SPXW260701C07625000,2026-06-09 18:25:52+00:00,7625.0,20.99,22.1,22.7,-21.460001,-50.553593,28.0,95.0,0.1436548037719726,False,REGULAR,USD,2026-07-01,7355.39013671875,0.0363499975204467,call,1.0366547332323452,0.0602739726027397,22.4
SPXW260701C07630000,2026-06-09 17:14:15+00:00,7630.0,14.1,21.2,21.8,-12.76,-47.505585,23.0,9.0,0.1433572603607178,False,REGULAR,USD,2026-07-01,7355.39013671875,0.0363499975204467,call,1.0373345068279076,0.0602739726027397,21.5
SPXW260701C07640000,2026-06-09 16:26:24+00:00,7640.0,15.5,18.5,19.2,-8.959999,-36.63123,42.0,36.0,0.1406984429550171,False,REGULAR,USD,2026-07-01,7355.39013671875,0.0363499975204467,call,1.038694054019032,0.0602739726027397,18.85
SPXW260701C07650000,2026-06-09 18:45:57+00:00,7650.0,16.82,17.5,18.1,-8.98,-34.806202,12.0,71.0,0.1412859004592895,False,REGULAR,USD,2026-07-01,7355.39013671875,0.0363499975204467,call,1.0400536012101562,0.0602739726027397,17.8
SPXW260701C07660000,2026-06-09 15:53:43+00:00,7660.0,10.97,15.1,15.8,-11.12,-50.33952,13.0,16.0,0.1386270830535888,False,REGULAR,USD,2026-07-01,7355.39013671875,0.0363499975204467,call,1.0414131484012807,0.0602739726027397,15.45
SPXW260701C07670000,2026-06-09 18:45:57+00:00,7670.0,13.77,13.5,14.2,-11.25,-44.964027,6.0,11.0,0.1373949481582642,False,REGULAR,USD,2026-07-01,7355.39013671875,0.0363499975204467,call,1.042772695592405,0.0602739726027397,13.85
SPXW260701C07675000,2026-06-09 14:58:46+00:00,7675.0,8.81,13.4,13.9,-15.97,-64.447136,7.0,79.0,0.1380701428222656,False,REGULAR,USD,2026-07-01,7355.39013671875,0.0363499975204467,call,1.0434524691879672,0.0602739726027397,13.65
SPXW260701C07680000,2026-06-09 16:09:28+00:00,7680.0,7.6,12.6,13.1,-8.67,-53.288258,27.0,460.0,0.1372843230438233,False,REGULAR,USD,2026-07-01,7355.39013671875,0.0363499975204467,call,1.0441322427835296,0.0602739726027397,12.85
SPXW260701C07690000,2026-06-09 16:20:50+00:00,7690.0,10.7,11.5,11.9,-11.400001,-51.58371,4.0,1500.0,0.1366472749710083,False,REGULAR,USD,2026-07-01,7355.39013671875,0.0363499975204467,call,1.045491789974654,0.0602739726027397,11.7
SPXW260701C07700000,2026-06-09 16:23:38+00:00,7700.0,5.8,10.3,10.6,-7.37,-55.960518,38.0,2218.0,0.1354075107574463,False,REGULAR,USD,2026-07-01,7355.39013671875,0.0363499975204467,call,1.0468513371657782,0.0602739726027397,10.45
SPXW260701C07710000,2026-06-09 12:33:17+00:00,7710.0,8.6,9.2,9.6,-7.75,-47.40061,11.0,9.0,0.1348467558670044,False,REGULAR,USD,2026-07-01,7355.39013671875,0.0363499975204467,call,1.048210884356903,0.0602739726027397,9.4
SPXW260701C07720000,2026-06-09 16:23:38+00:00,7720.0,4.58,7.8,8.3,-17.57,-79.3228,7.0,5.0,0.1328822064208984,False,REGULAR,USD,2026-07-01,7355.39013671875,0.0363499975204467,call,1.049570431548027,0.0602739726027397,8.05
SPXW260701C07725000,2026-06-09 15:25:24+00:00,7725.0,3.68,7.4,7.8,-9.12,-71.25,21.0,132.0,0.1323023782348633,False,REGULAR,USD,2026-07-01,7355.39013671875,0.0363499975204467,call,1.0502502051435891,0.0602739726027397,7.6
SPXW260701C07730000,2026-06-09 17:27:55+00:00,7730.0,5.5,7.3,7.6,-9.88,-64.23927,4.0,1.0,0.1328440598297119,False,REGULAR,USD,2026-07-01,7355.39013671875,0.0363499975204467,call,1.0509299787391515,0.0602739726027397,7.449999999999999
SPXW260701C07750000,2026-06-09 17:56:55+00:00,7750.0,4.9,5.6,5.9,-3.9900002,-44.881893,43.0,142.0,0.1307002214050293,False,REGULAR,USD,2026-07-01,7355.39013671875,0.0363499975204467,call,1.0536490731214,0.0602739726027397,5.75
SPXW260701C07775000,2026-06-09 17:15:41+00:00,7775.0,2.95,4.3,4.7,-5.04,-63.07885,9.0,342.0,0.1308375491333007,False,REGULAR,USD,2026-07-01,7355.39013671875,0.0363499975204467,call,1.057047941099211,0.0602739726027397,4.5
SPXW260701C07800000,2026-06-09 18:40:17+00:00,7800.0,3.3,3.0,3.3,-2.8999999,-46.774197,84.0,106.0,0.1281672877502441,False,REGULAR,USD,2026-07-01,7355.39013671875,0.0363499975204467,call,1.060446809077022,0.0602739726027397,3.15
SPXW260701C07825000,2026-06-09 16:39:53+00:00,7825.0,1.24,2.35,2.6,-2.46,-66.48649,6.0,100.0,0.1285029777526855,False,REGULAR,USD,2026-07-01,7355.39013671875,0.0363499975204467,call,1.063845677054833,0.0602739726027397,2.475
SPXW260701C07850000,2026-06-09 18:32:20+00:00,7850.0,1.8,1.65,1.9,-0.5,-21.73913,112.0,164.0,0.1274501318359375,False,REGULAR,USD,2026-07-01,7355.39013671875,0.0363499975204467,call,1.067244545032644,0.0602739726027397,1.775
SPXW260701C07875000,2026-06-09 15:28:29+00:00,7875.0,0.87,1.25,1.45,-0.80999994,-48.214283,6.0,173.0,0.1274806491088867,False,REGULAR,USD,2026-07-01,7355.39013671875,0.0363499975204467,call,1.070643413010455,0.0602739726027397,1.35
SPXW260701C07900000,2026-06-09 18:41:48+00:00,7900.0,1.1,0.95,1.2,-0.100000024,-8.333335,36.0,360.0,0.1290370300292968,False,REGULAR,USD,2026-07-01,7355.39013671875,0.0363499975204467,call,1.074042280988266,0.0602739726027397,1.075
SPXW260701C07925000,2026-06-09 16:55:21+00:00,7925.0,0.91,0.75,0.95,-0.33999997,-27.199997,6.0,42.0,0.1298304791259765,False,REGULAR,USD,2026-07-01,7355.39013671875,0.0363499975204467,call,1.077441148966077,0.0602739726027397,0.85
SPXW260702C07290000,2026-06-09 17:36:44+00:00,7290.0,166.9,188.4,189.6,-214.15,-56.199974,78.0,1.0,0.2059405578613281,True,REGULAR,USD,2026-07-02,7355.39013671875,0.0363499975204467,call,0.9911099023296784,0.0630136986301369,189.0
SPXW260702C07300000,2026-06-09 17:48:21+00:00,7300.0,165.6,178.2,179.4,-39.84999,-19.396442,191.0,149.0,0.1996311116790771,True,REGULAR,USD,2026-07-02,7355.39013671875,0.0363499975204467,call,0.9924694495208028,0.0630136986301369,178.8
SPXW260702C07310000,2026-06-09 17:27:46+00:00,7310.0,148.62,171.7,174.0,-197.27002,-57.032585,78.0,2.0,0.1996864242362976,True,REGULAR,USD,2026-07-02,7355.39013671875,0.0363499975204467,call,0.9938289967119271,0.0630136986301369,172.85
SPXW260702C07320000,2026-06-09 18:23:53+00:00,7320.0,162.63,165.0,166.0,-46.87999,-22.376017,54.0,4.0,0.1961178106307983,True,REGULAR,USD,2026-07-02,7355.39013671875,0.0363499975204467,call,0.9951885439030516,0.0630136986301369,165.5
SPXW260702C07325000,2026-06-09 17:33:45+00:00,7325.0,142.9,164.4,165.3,-76.97,-35.00705,20.0,4.0,0.1987003348541259,True,REGULAR,USD,2026-07-02,7355.39013671875,0.0363499975204467,call,0.9958683174986136,0.0630136986301369,164.85000000000002
SPXW260702C07330000,2026-06-09 18:28:48+00:00,7330.0,163.76,158.4,159.6,-154.93001,-48.614643,120.0,1.0,0.1945652443695068,True,REGULAR,USD,2026-07-02,7355.39013671875,0.0363499975204467,call,0.996548091094176,0.0630136986301369,159.0
SPXW260702C07340000,2026-06-09 18:11:46+00:00,7340.0,140.5,154.2,155.4,-197.20001,-58.395027,156.0,1.0,0.1958050085830688,True,REGULAR,USD,2026-07-02,7355.39013671875,0.0363499975204467,call,0.9979076382853004,0.0630136986301369,154.8
SPXW260702C07350000,2026-06-09 19:11:57+00:00,7350.0,146.7,148.2,149.1,-24.0,-14.059754,166.0,82.0,0.1941017632865906,True,REGULAR,USD,2026-07-02,7355.39013671875,0.0363499975204467,call,0.9992671854764248,0.0630136986301369,148.64999999999998
SPXW260702C07360000,2026-06-09 18:28:39+00:00,7360.0,137.2,141.6,142.5,-162.37999,-54.20255,16.0,8.0,0.1918606510543823,False,REGULAR,USD,2026-07-02,7355.39013671875,0.0363499975204467,call,1.000626732667549,0.0630136986301369,142.05
SPXW260702C07370000,2026-06-09 18:48:39+00:00,7370.0,134.4,134.9,135.9,-51.04001,-27.523733,38.0,7.0,0.1894764891052246,False,REGULAR,USD,2026-07-02,7355.39013671875,0.0363499975204467,call,1.0019862798586734,0.0630136986301369,135.4
SPXW260702C07375000,2026-06-09 19:13:29+00:00,7375.0,133.1,132.2,133.2,-66.759995,-33.40338,89.0,63.0,0.1890244519996643,False,REGULAR,USD,2026-07-02,7355.39013671875,0.0363499975204467,call,1.0026660534542358,0.0630136986301369,132.7
SPXW260702C07380000,2026-06-09 19:02:31+00:00,7380.0,134.0,126.6,127.8,-16.539993,-10.987108,68.0,5.0,0.1849446740722655,False,REGULAR,USD,2026-07-02,7355.39013671875,0.0363499975204467,call,1.003345827049798,0.0630136986301369,127.2
SPXW260702C07385000,2026-06-09 19:09:28+00:00,7385.0,130.3,126.1,126.8,-17.699997,-11.959457,94.0,3.0,0.1866803439712524,False,REGULAR,USD,2026-07-02,7355.39013671875,0.0363499975204467,call,1.00402560064536,0.0630136986301369,126.45
SPXW260702C07390000,2026-06-09 18:23:53+00:00,7390.0,119.51,123.2,124.2,-21.870003,-15.46895,84.0,10.0,0.1862473801612854,False,REGULAR,USD,2026-07-02,7355.39013671875,0.0363499975204467,call,1.0047053742409222,0.0630136986301369,123.7
SPXW260702C07395000,2026-06-09 15:14:17+00:00,7395.0,128.3,119.7,120.6,-10.889999,-7.8238378,8.0,4.0,0.1844430463981628,False,REGULAR,USD,2026-07-02,7355.39013671875,0.0363499975204467,call,1.0053851478364844,0.0630136986301369,120.15
SPXW260702C07400000,2026-06-09 18:39:16+00:00,7400.0,119.01,115.2,116.9,-15.620003,-11.60217,168.0,281.0,0.1824613309860229,False,REGULAR,USD,2026-07-02,7355.39013671875,0.0363499975204467,call,1.0060649214320467,0.0630136986301369,116.05
SPXW260702C07410000,2026-06-09 18:29:14+00:00,7410.0,109.03,110.7,111.6,-18.96,-14.813657,7.0,36.0,0.1811834201812744,False,REGULAR,USD,2026-07-02,7355.39013671875,0.0363499975204467,call,1.007424468623171,0.0630136986301369,111.15
SPXW260702C07415000,2026-06-09 17:55:57+00:00,7415.0,97.2,108.6,109.5,-32.800003,-25.230772,20.0,,0.1812215667724609,False,REGULAR,USD,2026-07-02,7355.39013671875,0.0363499975204467,call,1.0081042422187332,0.0630136986301369,109.05
SPXW260702C07420000,2026-06-09 16:24:05+00:00,7420.0,67.54,105.6,106.5,-59.120003,-46.676144,61.0,74.0,0.1800085051727295,False,REGULAR,USD,2026-07-02,7355.39013671875,0.0363499975204467,call,1.008784015814295,0.0630136986301369,106.05
SPXW260702C07425000,2026-06-09 18:40:11+00:00,7425.0,105.57,102.6,103.8,-14.330002,-11.951629,281.0,102.0,0.17915783618927,False,REGULAR,USD,2026-07-02,7355.39013671875,0.0363499975204467,call,1.0094637894098577,0.0630136986301369,103.2
SPXW260702C07430000,2026-06-09 17:34:10+00:00,7430.0,85.5,100.0,100.8,-32.870003,-27.768862,128.0,53.0,0.1778570374298095,False,REGULAR,USD,2026-07-02,7355.39013671875,0.0363499975204467,call,1.01014356300542,0.0630136986301369,100.4
SPXW260702C07435000,2026-06-09 14:27:01+00:00,7435.0,113.86,96.9,97.7,1.3600006,1.2088895,34.0,23.0,0.1763731350326538,False,REGULAR,USD,2026-07-02,7355.39013671875,0.0363499975204467,call,1.010823336600982,0.0630136986301369,97.3
SPXW260702C07440000,2026-06-08 18:06:33+00:00,7440.0,123.86,93.1,94.2,0.0,0.0,445.0,71.0,0.1742941458129883,False,REGULAR,USD,2026-07-02,7355.39013671875,0.0363499975204467,call,1.0115031101965442,0.0630136986301369,93.65
SPXW260702C07445000,2026-06-08 16:54:14+00:00,7445.0,137.0,90.3,91.8,12.790001,10.297078,1.0,64.0,0.1736647270584106,False,REGULAR,USD,2026-07-02,7355.39013671875,0.0363499975204467,call,1.0121828837921063,0.0630136986301369,91.05
SPXW260702C07450000,2026-06-09 19:04:28+00:00,7450.0,95.65,88.2,89.1,-9.75,-9.250474,484.0,577.0,0.1725813638687134,False,REGULAR,USD,2026-07-02,7355.39013671875,0.0363499975204467,call,1.012862657387669,0.0630136986301369,88.65
SPXW260702C07455000,2026-06-09 13:37:33+00:00,7455.0,124.8,85.8,87.0,1.2000046,0.9708775,56.0,49.0,0.1722761911392212,False,REGULAR,USD,2026-07-02,7355.39013671875,0.0363499975204467,call,1.0135424309832308,0.0630136986301369,86.4
SPXW260702C07460000,2026-06-09 18:29:14+00:00,7460.0,82.95,84.9,85.8,-16.370003,-16.48208,399.0,36.0,0.1731802653503418,False,REGULAR,USD,2026-07-02,7355.39013671875,0.0363499975204467,call,1.014222204578793,0.0630136986301369,85.35
SPXW260702C07465000,2026-06-09 16:09:34+00:00,7465.0,56.8,81.4,82.2,-61.969997,-52.17647,224.0,45.0,0.1707045515823365,False,REGULAR,USD,2026-07-02,7355.39013671875,0.0363499975204467,call,1.0149019781743551,0.0630136986301369,81.80000000000001
SPXW260702C07470000,2026-06-09 13:56:06+00:00,7470.0,82.26,79.5,80.3,-40.64,-33.067535,80.0,29.0,0.170544335899353,False,REGULAR,USD,2026-07-02,7355.39013671875,0.0363499975204467,call,1.0155817517699173,0.0630136986301369,79.9
SPXW260702C07475000,2026-06-09 17:55:57+00:00,7475.0,68.55,76.0,76.8,-41.939995,-37.958183,100.0,80.0,0.1680876954269409,False,REGULAR,USD,2026-07-02,7355.39013671875,0.0363499975204467,call,1.0162615253654796,0.0630136986301369,76.4
SPXW260702C07480000,2026-06-09 16:15:57+00:00,7480.0,51.2,75.6,76.3,-36.99,-41.94353,52.0,42.0,0.1698214579963684,False,REGULAR,USD,2026-07-02,7355.39013671875,0.0363499975204467,call,1.0169412989610418,0.0630136986301369,75.94999999999999
SPXW260702C07490000,2026-06-09 17:36:17+00:00,7490.0,58.44,70.9,71.7,-26.759998,-31.40845,16.0,25.0,0.1680552708244324,False,REGULAR,USD,2026-07-02,7355.39013671875,0.0363499975204467,call,1.018300846152166,0.0630136986301369,71.30000000000001
SPXW260702C07500000,2026-06-09 19:04:05+00:00,7500.0,72.74,66.4,67.2,-4.560005,-5.899101,409.0,446.0,0.1662261417770386,False,REGULAR,USD,2026-07-02,7355.39013671875,0.0363499975204467,call,1.0196603933432906,0.0630136986301369,66.80000000000001
SPXW260702C07510000,2026-06-09 17:23:58+00:00,7510.0,47.12,61.0,61.7,-26.189999,-35.725002,52.0,287.0,0.1626880454444885,False,REGULAR,USD,2026-07-02,7355.39013671875,0.0363499975204467,call,1.021019940534415,0.0630136986301369,61.35
SPXW260702C07520000,2026-06-09 17:02:21+00:00,7520.0,50.51,57.9,58.8,-20.610004,-28.979197,12.0,46.0,0.1627948558998108,False,REGULAR,USD,2026-07-02,7355.39013671875,0.0363499975204467,call,1.0223794877255392,0.0630136986301369,58.35
SPXW260702C07525000,2026-06-09 18:25:36+00:00,7525.0,54.2,56.1,57.0,-20.3,-27.24832,18.0,88.0,0.1622531743049621,False,REGULAR,USD,2026-07-02,7355.39013671875,0.0363499975204467,call,1.0230592613211016,0.0630136986301369,56.55
SPXW260702C07530000,2026-06-09 18:35:23+00:00,7530.0,55.0,54.2,54.9,-8.200001,-12.974685,105.0,46.0,0.1611984210586547,False,REGULAR,USD,2026-07-02,7355.39013671875,0.0363499975204467,call,1.0237390349166635,0.0630136986301369,54.55
SPXW260702C07540000,2026-06-09 19:02:41+00:00,7540.0,53.01,50.1,50.9,-14.610004,-21.606041,105.0,966.0,0.1592109836578369,False,REGULAR,USD,2026-07-02,7355.39013671875,0.0363499975204467,call,1.025098582107788,0.0630136986301369,50.5
SPXW260702C07550000,2026-06-09 19:04:28+00:00,7550.0,50.65,46.6,47.4,-5.4399986,-9.698696,444.0,1402.0,0.1577728571701049,False,REGULAR,USD,2026-07-02,7355.39013671875,0.0363499975204467,call,1.0264581292989126,0.0630136986301369,47.0
SPXW260702C07560000,2026-06-09 18:57:08+00:00,7560.0,46.21,42.0,42.9,-4.9900017,-9.746098,247.0,291.0,0.1544388451004028,False,REGULAR,USD,2026-07-02,7355.39013671875,0.0363499975204467,call,1.0278176764900369,0.0630136986301369,42.45
SPXW260702C07570000,2026-06-09 16:30:03+00:00,7570.0,31.52,40.3,41.1,-16.43,-34.26486,22.0,511.0,0.1553505486297607,False,REGULAR,USD,2026-07-02,7355.39013671875,0.0363499975204467,call,1.0291772236811612,0.0630136986301369,40.7
SPXW260702C07575000,2026-06-09 17:25:41+00:00,7575.0,30.09,37.5,38.5,-18.21,-37.701862,188.0,170.0,0.1528290589523315,False,REGULAR,USD,2026-07-02,7355.39013671875,0.0363499975204467,call,1.0298569972767233,0.0630136986301369,38.0
SPXW260702C07580000,2026-06-09 17:22:05+00:00,7580.0,30.0,36.1,36.7,-16.599998,-35.622314,94.0,1232.0,0.1515854800796509,False,REGULAR,USD,2026-07-02,7355.39013671875,0.0363499975204467,call,1.0305367708722857,0.0630136986301369,36.400000000000006
SPXW260702C07590000,2026-06-09 17:48:02+00:00,7590.0,27.8,33.4,33.9,-17.670002,-38.86079,47.0,106.0,0.150311383934021,False,REGULAR,USD,2026-07-02,7355.39013671875,0.0363499975204467,call,1.03189631806341,0.0630136986301369,33.65
SPXW260702C07600000,2026-06-09 19:13:15+00:00,7600.0,32.35,30.4,31.2,-5.830002,-15.269779,1264.0,893.0,0.1489648092651367,False,REGULAR,USD,2026-07-02,7355.39013671875,0.0363499975204467,call,1.0332558652545345,0.0630136986301369,30.8
SPXW260702C07610000,2026-06-09 19:13:15+00:00,7610.0,29.7,28.1,28.8,-5.8999977,-16.573027,39.0,132.0,0.1479310366439819,False,REGULAR,USD,2026-07-02,7355.39013671875,0.0363499975204467,call,1.0346154124456588,0.0630136986301369,28.450000000000003
SPXW260702C07620000,2026-06-09 17:51:51+00:00,7620.0,27.71,26.6,27.2,-9.810001,-26.146059,67.0,620.0,0.1482514680099487,False,REGULAR,USD,2026-07-02,7355.39013671875,0.0363499975204467,call,1.035974959636783,0.0630136986301369,26.9
SPXW260702C07625000,2026-06-09 19:13:07+00:00,7625.0,25.76,25.7,26.2,-5.539999,-17.699677,36.0,1028.0,0.1479462952804565,False,REGULAR,USD,2026-07-02,7355.39013671875,0.0363499975204467,call,1.0366547332323452,0.0630136986301369,25.95
SPXW260702C07630000,2026-06-09 18:20:09+00:00,7630.0,23.3,24.4,25.0,-7.5300007,-24.424265,52.0,164.0,0.1471642901611328,False,REGULAR,USD,2026-07-02,7355.39013671875,0.0363499975204467,call,1.0373345068279076,0.0630136986301369,24.7
SPXW260702C07640000,2026-06-09 17:00:57+00:00,7640.0,14.5,22.3,22.9,-13.08,-47.42567,8.0,97.0,0.1460275217437744,False,REGULAR,USD,2026-07-02,7355.39013671875,0.0363499975204467,call,1.038694054019032,0.0630136986301369,22.6
SPXW260702C07650000,2026-06-09 19:13:07+00:00,7650.0,20.52,20.3,20.9,-3.8799992,-15.901636,101.0,503.0,0.1448411627578735,False,REGULAR,USD,2026-07-02,7355.39013671875,0.0363499975204467,call,1.0400536012101562,0.0630136986301369,20.6
SPXW260702C07660000,2026-06-09 17:12:42+00:00,7660.0,19.17,17.8,18.3,-3.2700005,-14.572195,36.0,94.0,0.1419229485321045,False,REGULAR,USD,2026-07-02,7355.39013671875,0.0363499975204467,call,1.0414131484012807,0.0630136986301369,18.05
SPXW260702C07670000,2026-06-09 16:41:09+00:00,7670.0,8.54,16.4,16.9,-12.759999,-59.9061,12.0,433.0,0.1415567412567138,False,REGULAR,USD,2026-07-02,7355.39013671875,0.0363499975204467,call,1.042772695592405,0.0630136986301369,16.65
SPXW260702C07675000,2026-06-09 17:15:43+00:00,7675.0,16.65,15.8,16.3,-2.790001,-14.351856,70.0,627.0,0.1415491119384765,False,REGULAR,USD,2026-07-02,7355.39013671875,0.0363499975204467,call,1.0434524691879672,0.0630136986301369,16.05
SPXW260702C07680000,2026-06-09 16:11:07+00:00,7680.0,9.0,15.1,15.6,-10.5,-53.846153,30.0,223.0,0.1412286805725098,False,REGULAR,USD,2026-07-02,7355.39013671875,0.0363499975204467,call,1.0441322427835296,0.0630136986301369,15.35
SPXW260702C07690000,2026-06-09 16:20:53+00:00,7690.0,7.9,13.6,14.1,-9.700001,-55.11364,16.0,59.0,0.1401262440872192,False,REGULAR,USD,2026-07-02,7355.39013671875,0.0363499975204467,call,1.045491789974654,0.0630136986301369,13.85
SPXW260702C07700000,2026-06-09 18:30:35+00:00,7700.0,12.96,12.4,12.9,-2.9899998,-18.74608,458.0,2213.0,0.1395960064697265,False,REGULAR,USD,2026-07-02,7355.39013671875,0.0363499975204467,call,1.0468513371657782,0.0630136986301369,12.65
SPXW260702C07710000,2026-06-09 17:36:13+00:00,7710.0,11.67,10.6,11.1,-10.610001,-47.621185,14.0,141.0,0.1369333744049072,False,REGULAR,USD,2026-07-02,7355.39013671875,0.0363499975204467,call,1.048210884356903,0.0630136986301369,10.85
SPXW260702C07720000,2026-06-09 19:04:04+00:00,7720.0,11.06,9.9,10.4,-1.1399994,-9.344257,18.0,97.0,0.1374216507720947,False,REGULAR,USD,2026-07-02,7355.39013671875,0.0363499975204467,call,1.049570431548027,0.0630136986301369,10.15
SPXW260702C07725000,2026-06-09 18:40:11+00:00,7725.0,9.78,9.4,9.8,-2.62,-21.129032,563.0,270.0,0.1367655294036865,False,REGULAR,USD,2026-07-02,7355.39013671875,0.0363499975204467,call,1.0502502051435891,0.0630136986301369,9.6
SPXW260702C07730000,2026-06-09 16:55:57+00:00,7730.0,4.97,8.9,9.3,-9.030001,-64.50001,17.0,136.0,0.1363688048553467,False,REGULAR,USD,2026-07-02,7355.39013671875,0.0363499975204467,call,1.0509299787391515,0.0630136986301369,9.1
SPXW260702C07740000,2026-06-09 16:13:02+00:00,7740.0,4.95,8.0,8.5,-9.0,-64.51613,7.0,626.0,0.1361094080352783,False,REGULAR,USD,2026-07-02,7355.39013671875,0.0363499975204467,call,1.0522895259302758,0.0630136986301369,8.25
SPXW260702C07750000,2026-06-09 19:02:41+00:00,7750.0,7.73,7.2,7.7,-1.5899997,-17.060083,220.0,1125.0,0.1356211316680908,False,REGULAR,USD,2026-07-02,7355.39013671875,0.0363499975204467,call,1.0536490731214,0.0630136986301369,7.45
SPXW260702C07760000,2026-06-09 18:37:23+00:00,7760.0,7.0,6.4,6.8,-1.3699999,-16.36798,25.0,48.0,0.1344385873413086,False,REGULAR,USD,2026-07-02,7355.39013671875,0.0363499975204467,call,1.0550086203125246,0.0630136986301369,6.6
SPXW260702C07770000,2026-06-09 16:24:39+00:00,7770.0,2.87,5.7,6.2,-6.0,-67.643745,21.0,234.0,0.1342707423400879,False,REGULAR,USD,2026-07-02,7355.39013671875,0.0363499975204467,call,1.056368167503649,0.0630136986301369,5.95
SPXW260702C07775000,2026-06-09 17:13:21+00:00,7775.0,3.6,5.4,5.8,-3.2000003,-47.058826,71.0,907.0,0.1336298796081543,False,REGULAR,USD,2026-07-02,7355.39013671875,0.0363499975204467,call,1.057047941099211,0.0630136986301369,5.6
SPXW260702C07780000,2026-06-09 18:54:29+00:00,7780.0,5.5,5.1,5.4,-1.1799998,-17.664669,22.0,29.0,0.132897465057373,False,REGULAR,USD,2026-07-02,7355.39013671875,0.0363499975204467,call,1.0577277146947734,0.0630136986301369,5.25
SPXW260702C07790000,2026-06-09 19:04:04+00:00,7790.0,5.16,4.4,4.8,-0.86000013,-14.285717,6.0,31.0,0.1321803091430664,False,REGULAR,USD,2026-07-02,7355.39013671875,0.0363499975204467,call,1.0590872618858975,0.0630136986301369,4.6
SPXW260702C07800000,2026-06-09 18:43:41+00:00,7800.0,4.1,4.0,4.4,-0.8000002,-16.326534,205.0,602.0,0.1323023782348633,False,REGULAR,USD,2026-07-02,7355.39013671875,0.0363499975204467,call,1.060446809077022,0.0630136986301369,4.2
SPXW260702C07810000,2026-06-08 18:11:09+00:00,7810.0,1.96,3.6,4.0,-3.8899999,-66.49573,9.0,27.0,0.1322413436889648,False,REGULAR,USD,2026-07-02,7355.39013671875,0.0363499975204467,call,1.0618063562681466,0.0630136986301369,3.8
SPXW260702C07820000,2026-06-09 14:14:21+00:00,7820.0,4.7,3.2,3.5,-0.5500002,-10.476194,1.0,42.0,0.131295308227539,False,REGULAR,USD,2026-07-02,7355.39013671875,0.0363499975204467,call,1.0631659034592709,0.0630136986301369,3.35
SPXW260702C07825000,2026-06-09 19:13:07+00:00,7825.0,3.15,3.0,3.3,-0.9499998,-32.758617,80.0,349.0,0.1310435407257079,False,REGULAR,USD,2026-07-02,7355.39013671875,0.0363499975204467,call,1.063845677054833,0.0630136986301369,3.15
SPXW260702C07830000,2026-06-09 14:25:00+00:00,7830.0,1.57,2.85,3.1,-2.73,-63.48837,37.0,106.0,0.1307154800415039,False,REGULAR,USD,2026-07-02,7355.39013671875,0.0363499975204467,call,1.0645254506503954,0.0630136986301369,2.975
SPXW260702C07850000,2026-06-09 19:13:07+00:00,7850.0,2.36,2.2,2.4,-1.1400001,-32.57143,115.0,522.0,0.1294642718505859,False,REGULAR,USD,2026-07-02,7355.39013671875,0.0363499975204467,call,1.067244545032644,0.0630136986301369,2.3
SPXW260702C07875000,2026-06-09 18:25:16+00:00,7875.0,1.9,1.7,1.9,-0.64,-25.19685,33.0,155.0,0.129891513671875,False,REGULAR,USD,2026-07-02,7355.39013671875,0.0363499975204467,call,1.070643413010455,0.0630136986301369,1.7999999999999998
SPXW260702C07900000,2026-06-09 19:02:07+00:00,7900.0,1.46,1.25,1.45,-0.13999999,-8.749999,145.0,668.0,0.1297084100341796,False,REGULAR,USD,2026-07-02,7355.39013671875,0.0363499975204467,call,1.074042280988266,0.0630136986301369,1.35
SPXW260702C07925000,2026-06-09 17:19:26+00:00,7925.0,1.2,0.95,1.2,-0.54999995,-31.42857,78.0,170.0,0.1311122045898437,False,REGULAR,USD,2026-07-02,7355.39013671875,0.0363499975204467,call,1.077441148966077,0.0630136986301369,1.075
SPXW260702C07950000,2026-06-09 14:32:52+00:00,7950.0,0.87,0.75,0.95,-0.54999995,-38.73239,42.0,214.0,0.1317225500488281,False,REGULAR,USD,2026-07-02,7355.39013671875,0.0363499975204467,call,1.080840016943888,0.0630136986301369,0.85
SPXW260702C07975000,2026-06-09 09:39:11+00:00,7975.0,0.95,0.6,0.8,0.099999964,11.764701,4.0,553.0,0.1334010000610351,False,REGULAR,USD,2026-07-02,7355.39013671875,0.0363499975204467,call,1.0842388849216988,0.0630136986301369,0.7
SPXW260706C07300000,2026-06-09 17:25:02+00:00,7300.0,158.05,182.7,183.6,-203.56999,-56.2939,18.0,1.0,0.1898503256988525,True,REGULAR,USD,2026-07-06,7355.39013671875,0.0363499975204467,call,0.9924694495208028,0.073972602739726,183.15
SPXW260706C07325000,2026-06-09 17:33:58+00:00,7325.0,147.5,168.6,169.8,-165.38,-52.857327,4.0,38.0,0.1893219954109192,True,REGULAR,USD,2026-07-06,7355.39013671875,0.0363499975204467,call,0.9958683174986136,0.073972602739726,169.2
SPXW260706C07340000,2026-06-09 17:38:40+00:00,7340.0,141.7,158.1,159.2,-67.67,-32.320774,8.0,1.0,0.1857648257827758,True,REGULAR,USD,2026-07-06,7355.39013671875,0.0363499975204467,call,0.9979076382853004,0.073972602739726,158.64999999999998
SPXW260706C07350000,2026-06-09 17:37:42+00:00,7350.0,136.03,150.8,151.7,-44.070007,-24.469744,31.0,3.0,0.1827092838287353,True,REGULAR,USD,2026-07-06,7355.39013671875,0.0363499975204467,call,0.9992671854764248,0.073972602739726,151.25
SPXW260706C07375000,2026-06-09 15:46:13+00:00,7375.0,115.63,134.6,135.5,-51.370003,-30.760483,26.0,24.0,0.1776472311782836,False,REGULAR,USD,2026-07-06,7355.39013671875,0.0363499975204467,call,1.0026660534542358,0.073972602739726,135.05
SPXW260706C07390000,2026-06-09 15:28:43+00:00,7390.0,108.7,127.6,128.4,-39.58,-26.692745,20.0,1.0,0.1774317029380798,False,REGULAR,USD,2026-07-06,7355.39013671875,0.0363499975204467,call,1.0047053742409222,0.073972602739726,128.0
SPXW260706C07400000,2026-06-09 17:43:17+00:00,7400.0,111.81,121.3,122.1,-27.220001,-19.578508,53.0,41.0,0.1751829613876342,False,REGULAR,USD,2026-07-06,7355.39013671875,0.0363499975204467,call,1.0060649214320467,0.073972602739726,121.7
SPXW260706C07410000,2026-06-08 08:22:42+00:00,7410.0,75.39,115.9,117.0,-63.5,-45.719635,1.0,4.0,0.1742712578582763,False,REGULAR,USD,2026-07-06,7355.39013671875,0.0363499975204467,call,1.007424468623171,0.073972602739726,116.45
SPXW260706C07420000,2026-06-09 16:19:26+00:00,7420.0,74.4,109.5,110.4,-59.299995,-44.353027,25.0,5.0,0.1713492289733886,False,REGULAR,USD,2026-07-06,7355.39013671875,0.0363499975204467,call,1.008784015814295,0.073972602739726,109.95
SPXW260706C07425000,2026-06-09 18:55:35+00:00,7425.0,108.9,106.9,107.9,-28.049995,-20.481924,41.0,14.0,0.170824713344574,False,REGULAR,USD,2026-07-06,7355.39013671875,0.0363499975204467,call,1.0094637894098577,0.073972602739726,107.4
SPXW260706C07430000,2026-06-09 13:30:03+00:00,7430.0,85.01,104.7,105.6,-43.969994,-34.090553,11.0,12.0,0.1705138186264038,False,REGULAR,USD,2026-07-06,7355.39013671875,0.0363499975204467,call,1.01014356300542,0.073972602739726,105.15
SPXW260706C07440000,2026-06-09 16:35:04+00:00,7440.0,69.93,98.7,99.6,-58.230003,-45.435394,1.0,4.0,0.1680190315628052,False,REGULAR,USD,2026-07-06,7355.39013671875,0.0363499975204467,call,1.0115031101965442,0.073972602739726,99.15
SPXW260706C07450000,2026-06-09 18:30:13+00:00,7450.0,94.04,92.1,92.9,-23.760002,-20.16978,38.0,66.0,0.1644580472755432,False,REGULAR,USD,2026-07-06,7355.39013671875,0.0363499975204467,call,1.012862657387669,0.073972602739726,92.5
SPXW260706C07460000,2026-06-09 17:53:50+00:00,7460.0,76.2,89.2,90.0,-27.5,-26.518805,17.0,83.0,0.1655662057495117,False,REGULAR,USD,2026-07-06,7355.39013671875,0.0363499975204467,call,1.014222204578793,0.073972602739726,89.6
SPXW260706C07470000,2026-06-08 15:06:34+00:00,7470.0,128.07,84.3,85.2,0.0,0.0,1.0,8.0,0.1640937473297119,False,REGULAR,USD,2026-07-06,7355.39013671875,0.0363499975204467,call,1.0155817517699173,0.073972602739726,84.75
SPXW260706C07475000,2026-06-09 15:30:58+00:00,7475.0,54.05,80.1,80.9,-41.55,-43.462345,64.0,1627.0,0.1608226771354675,False,REGULAR,USD,2026-07-06,7355.39013671875,0.0363499975204467,call,1.0162615253654796,0.073972602739726,80.5
SPXW260706C07480000,2026-06-09 17:27:07+00:00,7480.0,63.09,77.9,78.9,-59.109997,-48.37152,9.0,19.0,0.1604869871330261,False,REGULAR,USD,2026-07-06,7355.39013671875,0.0363499975204467,call,1.0169412989610418,0.073972602739726,78.4
SPXW260706C07490000,2026-06-09 16:22:38+00:00,7490.0,62.6,74.9,75.9,-31.0,-33.11966,6.0,12.0,0.1610191320800781,False,REGULAR,USD,2026-07-06,7355.39013671875,0.0363499975204467,call,1.018300846152166,0.073972602739726,75.4
SPXW260706C07500000,2026-06-09 19:04:05+00:00,7500.0,76.94,70.8,71.5,-8.5099945,-9.959034,75.0,1626.0,0.1595428590011596,False,REGULAR,USD,2026-07-06,7355.39013671875,0.0363499975204467,call,1.0196603933432906,0.073972602739726,71.15
SPXW260706C07510000,2026-06-08 19:49:04+00:00,7510.0,49.17,66.2,66.9,-29.450005,-37.458668,4.0,57.0,0.1576050121688842,False,REGULAR,USD,2026-07-06,7355.39013671875,0.0363499975204467,call,1.021019940534415,0.073972602739726,66.55000000000001
SPXW260706C07520000,2026-06-09 16:38:10+00:00,7520.0,42.74,62.1,62.9,-29.139996,-40.539783,6.0,50.0,0.1562908621025085,False,REGULAR,USD,2026-07-06,7355.39013671875,0.0363499975204467,call,1.0223794877255392,0.073972602739726,62.5
SPXW260706C07525000,2026-06-09 16:39:09+00:00,7525.0,39.05,58.8,59.7,-38.750004,-49.8072,25.0,115.0,0.1538838121986389,False,REGULAR,USD,2026-07-06,7355.39013671875,0.0363499975204467,call,1.0230592613211016,0.073972602739726,59.25
SPXW260706C07530000,2026-06-09 14:16:07+00:00,7530.0,74.59,58.4,59.1,12.989998,21.08766,6.0,90.0,0.1550644491958618,False,REGULAR,USD,2026-07-06,7355.39013671875,0.0363499975204467,call,1.0237390349166635,0.073972602739726,58.75
SPXW260706C07540000,2026-06-08 14:57:37+00:00,7540.0,85.0,54.3,55.0,0.0,0.0,20.0,97.0,0.1532143395233154,False,REGULAR,USD,2026-07-06,7355.39013671875,0.0363499975204467,call,1.025098582107788,0.073972602739726,54.65
SPXW260706C07550000,2026-06-09 19:08:01+00:00,7550.0,54.3,49.3,50.1,-11.899998,-17.975828,63.0,624.0,0.1499566206359863,False,REGULAR,USD,2026-07-06,7355.39013671875,0.0363499975204467,call,1.0264581292989126,0.073972602739726,49.7
SPXW260706C07560000,2026-06-09 18:56:25+00:00,7560.0,48.97,46.2,46.8,-6.6299973,-11.924457,43.0,38.0,0.1488103155708313,False,REGULAR,USD,2026-07-06,7355.39013671875,0.0363499975204467,call,1.0278176764900369,0.073972602739726,46.5
SPXW260706C07570000,2026-06-09 18:56:25+00:00,7570.0,45.62,43.7,44.4,-1.3800011,-2.9361725,44.0,22.0,0.1488465548324584,False,REGULAR,USD,2026-07-06,7355.39013671875,0.0363499975204467,call,1.0291772236811612,0.073972602739726,44.05
SPXW260706C07575000,2026-06-09 16:09:17+00:00,7575.0,27.79,41.2,41.8,-27.93,-50.125626,24.0,204.0,0.1466149792480468,False,REGULAR,USD,2026-07-06,7355.39013671875,0.0363499975204467,call,1.0298569972767233,0.073972602739726,41.5
SPXW260706C07580000,2026-06-09 16:40:19+00:00,7580.0,21.94,39.7,40.4,-27.06,-55.22449,6.0,30.0,0.1461915520858764,False,REGULAR,USD,2026-07-06,7355.39013671875,0.0363499975204467,call,1.0305367708722857,0.073972602739726,40.05
SPXW260706C07590000,2026-06-09 16:41:08+00:00,7590.0,20.51,37.4,38.1,-24.47,-54.40196,4.0,32.0,0.1460122631072997,False,REGULAR,USD,2026-07-06,7355.39013671875,0.0363499975204467,call,1.03189631806341,0.073972602739726,37.75
SPXW260706C07600000,2026-06-09 17:34:17+00:00,7600.0,28.14,34.9,35.5,-13.43,-32.306953,86.0,241.0,0.145159686794281,False,REGULAR,USD,2026-07-06,7355.39013671875,0.0363499975204467,call,1.0332558652545345,0.073972602739726,35.2
SPXW260706C07610000,2026-06-09 14:11:34+00:00,7610.0,46.2,31.4,32.0,6.200001,15.500002,2.0,16.0,0.1425294793319702,False,REGULAR,USD,2026-07-06,7355.39013671875,0.0363499975204467,call,1.0346154124456588,0.073972602739726,31.7
SPXW260706C07620000,2026-06-09 16:41:08+00:00,7620.0,30.78,29.8,30.4,-6.699999,-17.876198,8.0,19.0,0.1429910530853271,False,REGULAR,USD,2026-07-06,7355.39013671875,0.0363499975204467,call,1.035974959636783,0.073972602739726,30.1
SPXW260706C07625000,2026-06-09 19:06:21+00:00,7625.0,30.8,27.6,28.2,-12.600002,-29.032263,26.0,134.0,0.1406030764770507,False,REGULAR,USD,2026-07-06,7355.39013671875,0.0363499975204467,call,1.0366547332323452,0.073972602739726,27.9
SPXW260706C07630000,2026-06-09 16:40:19+00:00,7630.0,14.24,27.3,27.9,-19.51,-57.807407,4.0,83.0,0.1416444784164428,False,REGULAR,USD,2026-07-06,7355.39013671875,0.0363499975204467,call,1.0373345068279076,0.073972602739726,27.6
SPXW260706C07640000,2026-06-09 13:49:06+00:00,7640.0,47.5,25.0,25.6,11.599998,32.311974,2.0,14.0,0.1404237874984741,False,REGULAR,USD,2026-07-06,7355.39013671875,0.0363499975204467,call,1.038694054019032,0.073972602739726,25.3
SPXW260706C07650000,2026-06-09 19:08:52+00:00,7650.0,24.88,23.0,23.6,-2.540001,-9.263315,51.0,192.0,0.1395540452194213,False,REGULAR,USD,2026-07-06,7355.39013671875,0.0363499975204467,call,1.0400536012101562,0.073972602739726,23.3
SPXW260706C07660000,2026-06-09 16:58:51+00:00,7660.0,12.2,20.9,21.5,-24.579998,-66.829796,17.0,23.0,0.1382379878234863,False,REGULAR,USD,2026-07-06,7355.39013671875,0.0363499975204467,call,1.0414131484012807,0.073972602739726,21.2
SPXW260706C07670000,2026-06-09 16:22:06+00:00,7670.0,9.64,19.2,19.8,-13.05,-57.51432,18.0,18.0,0.1375246465682983,False,REGULAR,USD,2026-07-06,7355.39013671875,0.0363499975204467,call,1.042772695592405,0.073972602739726,19.5
SPXW260706C07675000,2026-06-09 17:15:43+00:00,7675.0,12.35,18.3,18.9,-14.1,-53.30813,55.0,106.0,0.1369715209960937,False,REGULAR,USD,2026-07-06,7355.39013671875,0.0363499975204467,call,1.0434524691879672,0.073972602739726,18.6
SPXW260706C07680000,2026-06-09 16:31:41+00:00,7680.0,11.13,17.5,18.0,-10.05,-47.450424,16.0,5.0,0.136353546218872,False,REGULAR,USD,2026-07-06,7355.39013671875,0.0363499975204467,call,1.0441322427835296,0.073972602739726,17.75
SPXW260706C07700000,2026-06-09 19:00:59+00:00,7700.0,15.5,14.1,14.6,-2.8600006,-15.577345,55.0,669.0,0.1336451382446289,False,REGULAR,USD,2026-07-06,7355.39013671875,0.0363499975204467,call,1.0468513371657782,0.073972602739726,14.35
SPXW260706C07725000,2026-06-09 18:20:27+00:00,7725.0,10.8,10.9,11.4,-4.88,-31.122448,83.0,144.0,0.1314326359558105,False,REGULAR,USD,2026-07-06,7355.39013671875,0.0363499975204467,call,1.0502502051435891,0.073972602739726,11.15
SPXW260706C07750000,2026-06-09 19:08:52+00:00,7750.0,9.65,8.8,9.2,-3.5300007,-26.783009,65.0,298.0,0.1307650706100463,False,REGULAR,USD,2026-07-06,7355.39013671875,0.0363499975204467,call,1.0536490731214,0.073972602739726,9.0
SPXW260706C07775000,2026-06-09 19:13:45+00:00,7775.0,7.0,6.6,7.0,-1.5500002,-18.128656,46.0,87.0,0.1286784520721435,False,REGULAR,USD,2026-07-06,7355.39013671875,0.0363499975204467,call,1.057047941099211,0.073972602739726,6.8
SPXW260706C07800000,2026-06-09 19:08:52+00:00,7800.0,5.8,5.2,5.5,-0.19999981,-3.3333302,189.0,233.0,0.1278850029754638,False,REGULAR,USD,2026-07-06,7355.39013671875,0.0363499975204467,call,1.060446809077022,0.073972602739726,5.35
SPXW260706C07825000,2026-06-09 19:12:49+00:00,7825.0,4.1,3.9,4.3,-1.8200002,-30.743246,49.0,176.0,0.1272212522888183,False,REGULAR,USD,2026-07-06,7355.39013671875,0.0363499975204467,call,1.063845677054833,0.073972602739726,4.1
SPXW260706C07850000,2026-06-09 18:49:27+00:00,7850.0,3.2,2.95,3.3,-1.3700001,-29.97812,20.0,191.0,0.1263667686462402,False,REGULAR,USD,2026-07-06,7355.39013671875,0.0363499975204467,call,1.067244545032644,0.073972602739726,3.125
SPXW260706C07875000,2026-06-09 16:18:47+00:00,7875.0,1.4,2.3,2.55,-3.04,-68.46847,2.0,181.0,0.1258937509155273,False,REGULAR,USD,2026-07-06,7355.39013671875,0.0363499975204467,call,1.070643413010455,0.073972602739726,2.425
SPXW260706C07900000,2026-06-09 19:12:21+00:00,7900.0,1.9,1.75,2.05,-0.83000004,-30.402933,17.0,124.0,0.1263515100097656,False,REGULAR,USD,2026-07-06,7355.39013671875,0.0363499975204467,call,1.074042280988266,0.073972602739726,1.9
SPXW260706C07925000,2026-06-09 16:17:27+00:00,7925.0,0.9,1.35,1.6,-0.85,-48.57143,6.0,36.0,0.1263209927368164,False,REGULAR,USD,2026-07-06,7355.39013671875,0.0363499975204467,call,1.077441148966077,0.073972602739726,1.475
SPXW260706C07950000,2026-06-09 19:08:52+00:00,7950.0,1.27,1.05,1.3,-0.13,-9.285714,7.0,43.0,0.1270839245605468,False,REGULAR,USD,2026-07-06,7355.39013671875,0.0363499975204467,call,1.080840016943888,0.073972602739726,1.175
SPXW260706C07975000,2026-06-09 16:21:10+00:00,7975.0,0.6,0.85,1.1,-1.25,-67.567566,30.0,33.0,0.1285792709350585,False,REGULAR,USD,2026-07-06,7355.39013671875,0.0363499975204467,call,1.0842388849216988,0.073972602739726,0.975
SPXW260706C08000000,2026-06-09 15:26:35+00:00,8000.0,0.7,0.7,0.9,-0.3,-30.000002,13.0,96.0,0.1294947891235351,False,REGULAR,USD,2026-07-06,7355.39013671875,0.0363499975204467,call,1.0876377528995098,0.073972602739726,0.8
SPXW260706C08025000,2026-06-05 18:59:57+00:00,8025.0,0.9,0.6,0.8,0.0,0.0,19.0,28.0,0.1317225500488281,False,REGULAR,USD,2026-07-06,7355.39013671875,0.0363499975204467,call,1.0910366208773208,0.073972602739726,0.7
SPXW260707C07300000,2026-06-08 13:37:27+00:00,7300.0,148.6,188.4,189.3,-83.86,-36.075024,4.0,3.0,0.1937469999885559,True,REGULAR,USD,2026-07-07,7355.39013671875,0.0363499975204467,call,0.9924694495208028,0.0767123287671232,188.85
SPXW260707C07350000,2026-06-09 17:45:45+00:00,7350.0,141.18,155.3,156.3,-176.42001,-55.547863,4.0,1.0,0.1852841787338256,True,REGULAR,USD,2026-07-07,7355.39013671875,0.0363499975204467,call,0.9992671854764248,0.0767123287671232,155.8
SPXW260707C07360000,2026-06-08 14:50:56+00:00,7360.0,194.67,149.2,150.3,0.0,0.0,1.0,1.0,0.1839643066787719,False,REGULAR,USD,2026-07-07,7355.39013671875,0.0363499975204467,call,1.000626732667549,0.0767123287671232,149.75
SPXW260707C07390000,2026-06-09 15:09:43+00:00,7390.0,138.7,128.1,129.2,-12.830002,-8.466972,14.0,1.0,0.1754862267875671,False,REGULAR,USD,2026-07-07,7355.39013671875,0.0363499975204467,call,1.0047053742409222,0.0767123287671232,128.64999999999998
SPXW260707C07400000,2026-06-09 17:41:57+00:00,7400.0,112.79,125.3,126.3,-92.840004,-45.14905,2.0,3.0,0.1774030929946899,False,REGULAR,USD,2026-07-07,7355.39013671875,0.0363499975204467,call,1.0060649214320467,0.0767123287671232,125.8
SPXW260707C07410000,2026-06-05 16:01:01+00:00,7410.0,180.6,119.4,120.3,0.0,0.0,1.0,1.0,0.1754232849121093,False,REGULAR,USD,2026-07-07,7355.39013671875,0.0363499975204467,call,1.007424468623171,0.0767123287671232,119.85
SPXW260707C07420000,2026-06-09 16:49:31+00:00,7420.0,75.82,111.6,112.5,-73.38,-49.182304,7.0,4.0,0.1710974614715576,False,REGULAR,USD,2026-07-07,7355.39013671875,0.0363499975204467,call,1.008784015814295,0.0767123287671232,112.05
SPXW260707C07425000,2026-06-09 16:01:06+00:00,7425.0,85.4,110.7,111.6,-86.799995,-50.406506,2.0,2.0,0.1725508465957642,False,REGULAR,USD,2026-07-07,7355.39013671875,0.0363499975204467,call,1.0094637894098577,0.0767123287671232,111.15
SPXW260707C07430000,2026-06-09 15:48:24+00:00,7430.0,88.5,108.0,108.8,-44.5,-33.458645,8.0,4.0,0.1716391430664062,False,REGULAR,USD,2026-07-07,7355.39013671875,0.0363499975204467,call,1.01014356300542,0.0767123287671232,108.4
SPXW260707C07440000,2026-06-09 16:49:31+00:00,7440.0,67.57,102.7,103.5,-58.730003,-46.500397,6.0,6.0,0.1700751328277588,False,REGULAR,USD,2026-07-07,7355.39013671875,0.0363499975204467,call,1.0115031101965442,0.0767123287671232,103.1
SPXW260707C07450000,2026-06-09 14:38:28+00:00,7450.0,117.6,97.6,98.3,-5.0,-4.0783033,79.0,516.0,0.1684806053161621,False,REGULAR,USD,2026-07-07,7355.39013671875,0.0363499975204467,call,1.012862657387669,0.0767123287671232,97.95
SPXW260707C07460000,2026-06-09 16:32:29+00:00,7460.0,66.77,90.4,91.7,-42.730003,-39.022835,4.0,53.0,0.1649692115974426,False,REGULAR,USD,2026-07-07,7355.39013671875,0.0363499975204467,call,1.014222204578793,0.0767123287671232,91.05
SPXW260707C07470000,2026-06-09 19:10:15+00:00,7470.0,89.2,87.3,88.0,-35.980003,-28.742613,10.0,1.0,0.1649348796653747,False,REGULAR,USD,2026-07-07,7355.39013671875,0.0363499975204467,call,1.0155817517699173,0.0767123287671232,87.65
SPXW260707C07475000,2026-06-09 14:13:32+00:00,7475.0,68.57,85.2,86.1,-37.43,-35.31132,5.0,421.0,0.1648032739257812,False,REGULAR,USD,2026-07-07,7355.39013671875,0.0363499975204467,call,1.0162615253654796,0.0767123287671232,85.65
SPXW260707C07480000,2026-06-05 17:54:55+00:00,7480.0,125.17,82.6,83.4,0.0,0.0,13.0,11.0,0.1636092856216431,False,REGULAR,USD,2026-07-07,7355.39013671875,0.0363499975204467,call,1.0169412989610418,0.0767123287671232,83.0
SPXW260707C07490000,2026-06-09 16:21:46+00:00,7490.0,51.3,77.9,78.6,-59.06,-53.515766,36.0,13.0,0.1618583570861816,False,REGULAR,USD,2026-07-07,7355.39013671875,0.0363499975204467,call,1.018300846152166,0.0767123287671232,78.25
SPXW260707C07500000,2026-06-09 18:22:24+00:00,7500.0,69.36,73.3,74.1,-15.739998,-18.495884,118.0,920.0,0.1603210494613647,False,REGULAR,USD,2026-07-07,7355.39013671875,0.0363499975204467,call,1.0196603933432906,0.0767123287671232,73.69999999999999
SPXW260707C07510000,2026-06-09 15:52:25+00:00,7510.0,40.7,67.2,68.0,-53.389996,-56.74354,2.0,7.0,0.1564644290924072,False,REGULAR,USD,2026-07-07,7355.39013671875,0.0363499975204467,call,1.021019940534415,0.0767123287671232,67.6
SPXW260707C07520000,2026-06-09 13:47:31+00:00,7520.0,52.19,63.5,64.2,-76.61,-59.479813,2.0,16.0,0.1554668957328796,False,REGULAR,USD,2026-07-07,7355.39013671875,0.0363499975204467,call,1.0223794877255392,0.0767123287671232,63.85
SPXW260707C07525000,2026-06-08 18:43:34+00:00,7525.0,55.72,61.2,62.1,-25.479996,-31.379305,10.0,89.0,0.1546276707267761,False,REGULAR,USD,2026-07-07,7355.39013671875,0.0363499975204467,call,1.0230592613211016,0.0767123287671232,61.650000000000006
SPXW260707C07530000,2026-06-09 16:38:10+00:00,7530.0,40.4,60.4,61.1,-48.71,-54.662777,2.0,1.0,0.1552551821517944,False,REGULAR,USD,2026-07-07,7355.39013671875,0.0363499975204467,call,1.0237390349166635,0.0767123287671232,60.75
SPXW260707C07540000,2026-06-09 16:00:08+00:00,7540.0,40.38,55.9,56.7,-114.23999,-73.88436,42.0,18.0,0.1530693824768066,False,REGULAR,USD,2026-07-07,7355.39013671875,0.0363499975204467,call,1.025098582107788,0.0767123287671232,56.3
SPXW260707C07550000,2026-06-09 15:40:55+00:00,7550.0,32.33,53.6,54.2,-31.939995,-49.696587,61.0,35.0,0.1533726478767395,False,REGULAR,USD,2026-07-07,7355.39013671875,0.0363499975204467,call,1.0264581292989126,0.0767123287671232,53.900000000000006
SPXW260707C07560000,2026-06-09 18:30:16+00:00,7560.0,51.58,49.6,50.4,-6.6499977,-11.420226,7.0,9.0,0.15164460729599,False,REGULAR,USD,2026-07-07,7355.39013671875,0.0363499975204467,call,1.0278176764900369,0.0767123287671232,50.0
SPXW260707C07570000,2026-06-08 08:33:55+00:00,7570.0,61.3,46.4,47.1,0.0,0.0,11.0,13.0,0.1504410823440552,False,REGULAR,USD,2026-07-07,7355.39013671875,0.0363499975204467,call,1.0291772236811612,0.0767123287671232,46.75
SPXW260707C07575000,2026-06-08 18:43:43+00:00,7575.0,58.8,43.8,44.7,0.0,0.0,24.0,26.0,0.1486233972740173,False,REGULAR,USD,2026-07-07,7355.39013671875,0.0363499975204467,call,1.0298569972767233,0.0767123287671232,44.25
SPXW260707C07580000,2026-06-09 14:45:30+00:00,7580.0,49.42,43.0,43.7,-1.3800011,-2.7165375,2.0,5.0,0.1488770721054076,False,REGULAR,USD,2026-07-07,7355.39013671875,0.0363499975204467,call,1.0305367708722857,0.0767123287671232,43.35
SPXW260707C07590000,2026-06-09 14:20:41+00:00,7590.0,47.7,39.2,40.3,-16.8,-26.046509,1.0,6.0,0.1470860896492004,False,REGULAR,USD,2026-07-07,7355.39013671875,0.0363499975204467,call,1.03189631806341,0.0767123287671232,39.75
SPXW260707C07600000,2026-06-09 17:35:04+00:00,7600.0,38.88,37.5,38.1,-10.869999,-21.849243,22.0,673.0,0.1469964451599121,False,REGULAR,USD,2026-07-07,7355.39013671875,0.0363499975204467,call,1.0332558652545345,0.0767123287671232,37.8
SPXW260707C07610000,2026-06-09 18:55:36+00:00,7610.0,35.49,33.9,34.4,-14.509998,-29.019997,2.0,9.0,0.1442384466171264,False,REGULAR,USD,2026-07-07,7355.39013671875,0.0363499975204467,call,1.0346154124456588,0.0767123287671232,34.15
SPXW260707C07620000,2026-06-09 16:13:40+00:00,7620.0,20.98,30.9,31.6,-90.92,-81.25112,6.0,1.0,0.1427087683105468,False,REGULAR,USD,2026-07-07,7355.39013671875,0.0363499975204467,call,1.035974959636783,0.0767123287671232,31.25
SPXW260707C07625000,2026-06-09 16:39:48+00:00,7625.0,16.02,29.7,30.5,-32.55,-67.01668,19.0,3.0,0.1423807076263427,False,REGULAR,USD,2026-07-07,7355.39013671875,0.0363499975204467,call,1.0366547332323452,0.0767123287671232,30.1
SPXW260707C07630000,2026-06-09 14:20:41+00:00,7630.0,15.13,29.5,30.2,-24.82,-62.12766,18.0,2.0,0.1434373682022094,False,REGULAR,USD,2026-07-07,7355.39013671875,0.0363499975204467,call,1.0373345068279076,0.0767123287671232,29.85
SPXW260707C07640000,2026-06-09 16:41:49+00:00,7640.0,21.47,26.4,27.0,-26.83,-55.548656,26.0,11.0,0.140721330909729,False,REGULAR,USD,2026-07-07,7355.39013671875,0.0363499975204467,call,1.038694054019032,0.0767123287671232,26.7
SPXW260707C07650000,2026-06-09 18:48:10+00:00,7650.0,24.75,24.1,24.7,-15.700001,-38.81335,39.0,34.0,0.139382385559082,False,REGULAR,USD,2026-07-07,7355.39013671875,0.0363499975204467,call,1.0400536012101562,0.0767123287671232,24.4
SPXW260707C07660000,2026-06-04 18:58:05+00:00,7660.0,21.0,22.2,22.8,-69.0,-76.666664,2.0,1.0,0.1385889364624023,False,REGULAR,USD,2026-07-07,7355.39013671875,0.0363499975204467,call,1.0414131484012807,0.0767123287671232,22.5
SPXW260707C07670000,2026-06-09 16:41:57+00:00,7670.0,13.91,20.4,21.0,-16.89,-54.837666,10.0,13.0,0.1377878580474853,False,REGULAR,USD,2026-07-07,7355.39013671875,0.0363499975204467,call,1.042772695592405,0.0767123287671232,20.7
SPXW260707C07675000,2026-06-09 13:47:22+00:00,7675.0,30.0,19.8,20.3,-51.6,-63.235294,15.0,2.0,0.1377306381607055,False,REGULAR,USD,2026-07-07,7355.39013671875,0.0363499975204467,call,1.0434524691879672,0.0767123287671232,20.05
SPXW260707C07680000,2026-06-08 19:30:09+00:00,7680.0,14.75,18.7,19.2,-9.52,-39.225384,12.0,10.0,0.1367540854263306,False,REGULAR,USD,2026-07-07,7355.39013671875,0.0363499975204467,call,1.0441322427835296,0.0767123287671232,18.95
SPXW260707C07700000,2026-06-09 16:13:40+00:00,7700.0,13.99,15.5,16.1,-16.11,-53.521595,20.0,70.0,0.1351175966644287,False,REGULAR,USD,2026-07-07,7355.39013671875,0.0363499975204467,call,1.0468513371657782,0.0767123287671232,15.8
SPXW260707C07725000,2026-06-09 15:24:16+00:00,7725.0,13.03,12.7,13.3,-9.410001,-41.934048,8.0,34.0,0.1345568417739868,False,REGULAR,USD,2026-07-07,7355.39013671875,0.0363499975204467,call,1.0502502051435891,0.0767123287671232,13.0
SPXW260707C07750000,2026-06-09 16:18:22+00:00,7750.0,5.81,9.9,10.3,-6.2900004,-51.983475,3.0,79.0,0.132119274597168,False,REGULAR,USD,2026-07-07,7355.39013671875,0.0363499975204467,call,1.0536490731214,0.0767123287671232,10.1
SPXW260707C07775000,2026-06-09 17:47:41+00:00,7775.0,6.5,7.7,8.2,-5.0299997,-43.625324,2.0,76.0,0.1310282820892333,False,REGULAR,USD,2026-07-07,7355.39013671875,0.0363499975204467,call,1.057047941099211,0.0767123287671232,7.949999999999999
SPXW260707C07800000,2026-06-09 18:48:10+00:00,7800.0,6.11,6.1,6.5,-4.89,-44.454544,31.0,28.0,0.1301280225372314,False,REGULAR,USD,2026-07-07,7355.39013671875,0.0363499975204467,call,1.060446809077022,0.0767123287671232,6.3
SPXW260707C07825000,2026-06-09 19:11:08+00:00,7825.0,4.8,4.4,4.8,-0.60999966,-11.27541,12.0,42.0,0.1277095286560058,False,REGULAR,USD,2026-07-07,7355.39013671875,0.0363499975204467,call,1.063845677054833,0.0767123287671232,4.6
SPXW260707C07850000,2026-06-09 17:42:58+00:00,7850.0,3.3,3.6,4.0,-0.85000014,-20.481932,3.0,53.0,0.1285487536621093,False,REGULAR,USD,2026-07-07,7355.39013671875,0.0363499975204467,call,1.067244545032644,0.0767123287671232,3.8
SPXW260707C07875000,2026-06-09 14:09:19+00:00,7875.0,1.64,2.75,3.1,-1.7600001,-51.76471,9.0,117.0,0.1278315977478027,False,REGULAR,USD,2026-07-07,7355.39013671875,0.0363499975204467,call,1.070643413010455,0.0767123287671232,2.925
SPXW260707C07900000,2026-06-08 14:41:45+00:00,7900.0,1.05,2.15,2.4,-2.55,-70.833336,12.0,22.0,0.1272975454711914,False,REGULAR,USD,2026-07-07,7355.39013671875,0.0363499975204467,call,1.074042280988266,0.0767123287671232,2.275
SPXW260707C07925000,2026-06-08 20:11:07+00:00,7925.0,2.1,1.6,1.85,0.14999986,7.6923003,2.0,9.0,0.1268397863769531,False,REGULAR,USD,2026-07-07,7355.39013671875,0.0363499975204467,call,1.077441148966077,0.0767123287671232,1.725
SPXW260707C07950000,2026-06-09 14:14:25+00:00,7950.0,1.77,1.25,1.5,-0.27999997,-13.658535,8.0,11.0,0.1274501318359375,False,REGULAR,USD,2026-07-07,7355.39013671875,0.0363499975204467,call,1.080840016943888,0.0767123287671232,1.375
SPXW260707C07975000,2026-06-05 14:00:56+00:00,7975.0,2.87,1.05,1.25,0.0,0.0,1.0,2.0,0.1285792709350585,False,REGULAR,USD,2026-07-07,7355.39013671875,0.0363499975204467,call,1.0842388849216988,0.0767123287671232,1.15
SPXW260707C08000000,2026-06-09 18:52:51+00:00,8000.0,1.0,0.85,1.1,-0.70000005,-41.176476,3.0,102.0,0.1306239282226562,False,REGULAR,USD,2026-07-07,7355.39013671875,0.0363499975204467,call,1.0876377528995098,0.0767123287671232,0.975
SPXW260708C07330000,2026-06-09 16:05:07+00:00,7330.0,129.19,172.0,172.8,-71.59,-35.65594,6.0,1.0,0.1895832995605469,True,REGULAR,USD,2026-07-08,7355.39013671875,0.0363499975204467,call,0.996548091094176,0.0794520547945205,172.4
SPXW260708C07340000,2026-06-08 17:45:05+00:00,7340.0,193.55,165.3,166.5,0.0,0.0,2.0,2.0,0.1881604317092895,True,REGULAR,USD,2026-07-08,7355.39013671875,0.0363499975204467,call,0.9979076382853004,0.0794520547945205,165.9
SPXW260708C07350000,2026-06-09 16:27:32+00:00,7350.0,117.85,157.7,158.7,-68.93,-36.90438,8.0,11.0,0.1848378636169433,True,REGULAR,USD,2026-07-08,7355.39013671875,0.0363499975204467,call,0.9992671854764248,0.0794520547945205,158.2
SPXW260708C07375000,2026-06-05 16:04:32+00:00,7375.0,137.2,141.8,142.8,-73.7,-34.94547,1.0,13.0,0.1803003265953064,False,REGULAR,USD,2026-07-08,7355.39013671875,0.0363499975204467,call,1.0026660534542358,0.0794520547945205,142.3
SPXW260708C07380000,2026-06-09 15:22:18+00:00,7380.0,137.8,138.8,139.8,-50.819992,-26.943056,2.0,1.0,0.179514506816864,False,REGULAR,USD,2026-07-08,7355.39013671875,0.0363499975204467,call,1.003345827049798,0.0794520547945205,139.3
SPXW260708C07400000,2026-06-09 16:27:32+00:00,7400.0,92.23,128.4,129.2,-53.93,-36.89792,12.0,104.0,0.1777158950424194,False,REGULAR,USD,2026-07-08,7355.39013671875,0.0363499975204467,call,1.0060649214320467,0.0794520547945205,128.8
SPXW260708C07410000,2026-06-09 17:57:37+00:00,7410.0,110.83,122.4,123.3,-82.17,-42.57513,14.0,3.0,0.1759039319610595,False,REGULAR,USD,2026-07-08,7355.39013671875,0.0363499975204467,call,1.007424468623171,0.0794520547945205,122.85
SPXW260708C07420000,2026-06-08 19:45:10+00:00,7420.0,156.4,116.1,117.3,22.0,16.36905,1.0,31.0,0.1738325720596313,False,REGULAR,USD,2026-07-08,7355.39013671875,0.0363499975204467,call,1.008784015814295,0.0794520547945205,116.7
SPXW260708C07425000,2026-06-08 17:27:41+00:00,7425.0,108.1,114.0,114.9,-31.099998,-22.341953,7.0,11.0,0.1734663647842407,False,REGULAR,USD,2026-07-08,7355.39013671875,0.0363499975204467,call,1.0094637894098577,0.0794520547945205,114.45
SPXW260708C07430000,2026-06-08 18:51:26+00:00,7430.0,137.3,108.3,110.4,0.0,0.0,4.0,5.0,0.1705309845924378,False,REGULAR,USD,2026-07-08,7355.39013671875,0.0363499975204467,call,1.01014356300542,0.0794520547945205,109.35
SPXW260708C07440000,2026-06-08 18:51:26+00:00,7440.0,131.12,103.8,104.4,0.0,0.0,18.0,18.0,0.1681563592910767,False,REGULAR,USD,2026-07-08,7355.39013671875,0.0363499975204467,call,1.0115031101965442,0.0794520547945205,104.1
SPXW260708C07450000,2026-06-09 16:27:32+00:00,7450.0,71.23,99.2,100.4,-53.909996,-43.079746,11.0,145.0,0.1680686221313477,False,REGULAR,USD,2026-07-08,7355.39013671875,0.0363499975204467,call,1.012862657387669,0.0794520547945205,99.8
SPXW260708C07460000,2026-06-09 16:45:10+00:00,7460.0,62.25,94.6,95.4,-69.25,-52.6616,2.0,1.0,0.1666152370071412,False,REGULAR,USD,2026-07-08,7355.39013671875,0.0363499975204467,call,1.014222204578793,0.0794520547945205,95.0
SPXW260708C07470000,2026-06-09 18:10:26+00:00,7470.0,82.21,88.5,89.6,-22.160004,-21.232159,2.0,3.0,0.1640117321586609,False,REGULAR,USD,2026-07-08,7355.39013671875,0.0363499975204467,call,1.0155817517699173,0.0794520547945205,89.05
SPXW260708C07475000,2026-06-08 19:45:37+00:00,7475.0,127.9,88.0,89.1,25.700005,25.146776,1.0,71.0,0.1656405916023255,False,REGULAR,USD,2026-07-08,7355.39013671875,0.0363499975204467,call,1.0162615253654796,0.0794520547945205,88.55
SPXW260708C07480000,2026-06-08 11:15:02+00:00,7480.0,120.2,85.1,86.1,0.0,0.0,1.0,6.0,0.1641128206253052,False,REGULAR,USD,2026-07-08,7355.39013671875,0.0363499975204467,call,1.0169412989610418,0.0794520547945205,85.6
SPXW260708C07490000,2026-06-09 16:27:32+00:00,7490.0,55.72,80.5,81.3,-44.269997,-44.27442,4.0,17.0,0.1624343706130981,False,REGULAR,USD,2026-07-08,7355.39013671875,0.0363499975204467,call,1.018300846152166,0.0794520547945205,80.9
SPXW260708C07500000,2026-06-09 18:10:26+00:00,7500.0,69.06,74.7,76.2,-19.340004,-21.877832,11.0,830.0,0.1601989803695678,False,REGULAR,USD,2026-07-08,7355.39013671875,0.0363499975204467,call,1.0196603933432906,0.0794520547945205,75.45
SPXW260708C07510000,2026-06-08 17:45:06+00:00,7510.0,49.73,71.6,72.4,-39.960003,-44.553463,3.0,5.0,0.1594608438301086,False,REGULAR,USD,2026-07-08,7355.39013671875,0.0363499975204467,call,1.021019940534415,0.0794520547945205,72.0
SPXW260708C07520000,2026-06-08 13:58:17+00:00,7520.0,90.9,66.2,67.0,0.0,0.0,15.0,18.0,0.1564491704559326,False,REGULAR,USD,2026-07-08,7355.39013671875,0.0363499975204467,call,1.0223794877255392,0.0794520547945205,66.6
SPXW260708C07525000,2026-06-09 15:10:17+00:00,7525.0,71.85,65.8,66.6,-5.9300003,-7.624068,5.0,594.0,0.1579273508644104,False,REGULAR,USD,2026-07-08,7355.39013671875,0.0363499975204467,call,1.0230592613211016,0.0794520547945205,66.19999999999999
SPXW260708C07530000,2026-06-09 14:19:36+00:00,7530.0,92.0,62.2,63.0,16.82,22.37297,170.0,136.0,0.1550892444801331,False,REGULAR,USD,2026-07-08,7355.39013671875,0.0363499975204467,call,1.0237390349166635,0.0794520547945205,62.6
SPXW260708C07540000,2026-06-08 19:54:00+00:00,7540.0,40.48,60.0,60.7,-29.780003,-42.38543,1.0,4.0,0.1558731569290161,False,REGULAR,USD,2026-07-08,7355.39013671875,0.0363499975204467,call,1.025098582107788,0.0794520547945205,60.35
SPXW260708C07550000,2026-06-09 17:54:25+00:00,7550.0,48.6,54.6,55.8,-17.770004,-26.77415,18.0,167.0,0.1529187034416199,False,REGULAR,USD,2026-07-08,7355.39013671875,0.0363499975204467,call,1.0264581292989126,0.0794520547945205,55.2
SPXW260708C07560000,2026-06-05 16:03:18+00:00,7560.0,93.6,51.3,52.1,0.0,0.0,1.0,1.0,0.1514157277488708,False,REGULAR,USD,2026-07-08,7355.39013671875,0.0363499975204467,call,1.0278176764900369,0.0794520547945205,51.7
SPXW260708C07570000,2026-06-09 18:25:37+00:00,7570.0,47.2,47.8,48.5,-41.3,-46.666668,16.0,17.0,0.1498517175102234,False,REGULAR,USD,2026-07-08,7355.39013671875,0.0363499975204467,call,1.0291772236811612,0.0794520547945205,48.15
SPXW260708C07575000,2026-06-09 15:27:08+00:00,7575.0,39.99,46.5,47.2,-16.269997,-28.919298,10.0,18.0,0.1497296484184265,False,REGULAR,USD,2026-07-08,7355.39013671875,0.0363499975204467,call,1.0298569972767233,0.0794520547945205,46.85
SPXW260708C07580000,2026-06-05 16:03:18+00:00,7580.0,83.4,44.8,45.5,0.0,0.0,3.0,5.0,0.148972438583374,False,REGULAR,USD,2026-07-08,7355.39013671875,0.0363499975204467,call,1.0305367708722857,0.0794520547945205,45.15
SPXW260708C07600000,2026-06-09 17:58:30+00:00,7600.0,34.9,39.5,40.2,-12.559998,-26.464386,13.0,151.0,0.1477403036880493,False,REGULAR,USD,2026-07-08,7355.39013671875,0.0363499975204467,call,1.0332558652545345,0.0794520547945205,39.85
SPXW260708C07610000,2026-06-09 17:58:30+00:00,7610.0,32.35,36.6,37.5,-12.75,-28.270512,2.0,2.0,0.1467771022605896,False,REGULAR,USD,2026-07-08,7355.39013671875,0.0363499975204467,call,1.0346154124456588,0.0794520547945205,37.05
SPXW260708C07620000,2026-06-08 17:00:46+00:00,7620.0,26.0,34.3,34.9,-20.900002,-44.562904,1.0,1.0,0.1457795689010619,False,REGULAR,USD,2026-07-08,7355.39013671875,0.0363499975204467,call,1.035974959636783,0.0794520547945205,34.599999999999994
SPXW260708C07625000,2026-06-09 19:05:57+00:00,7625.0,35.5,32.7,33.3,-3.8899994,-9.875602,4.0,3.0,0.1446962057113647,False,REGULAR,USD,2026-07-08,7355.39013671875,0.0363499975204467,call,1.0366547332323452,0.0794520547945205,33.0
SPXW260708C07630000,2026-06-09 16:20:55+00:00,7630.0,18.42,30.6,31.3,-19.570002,-51.513557,41.0,1.0,0.1428480033683777,False,REGULAR,USD,2026-07-08,7355.39013671875,0.0363499975204467,call,1.0373345068279076,0.0794520547945205,30.950000000000003
SPXW260708C07640000,2026-06-08 19:58:55+00:00,7640.0,22.0,29.1,29.6,-12.799999,-36.781605,1.0,1.0,0.1429681651306152,False,REGULAR,USD,2026-07-08,7355.39013671875,0.0363499975204467,call,1.038694054019032,0.0794520547945205,29.35
SPXW260708C07650000,2026-06-09 17:54:25+00:00,7650.0,27.82,26.8,27.5,-15.599998,-35.928143,54.0,19.0,0.1422090479660034,False,REGULAR,USD,2026-07-08,7355.39013671875,0.0363499975204467,call,1.0400536012101562,0.0794520547945205,27.15
SPXW260708C07660000,2026-06-09 18:30:58+00:00,7660.0,25.24,24.2,24.7,-4.0300007,-13.768365,4.0,1.0,0.1398973645401001,False,REGULAR,USD,2026-07-08,7355.39013671875,0.0363499975204467,call,1.0414131484012807,0.0794520547945205,24.45
SPXW260708C07675000,2026-06-09 18:30:58+00:00,7675.0,23.8,21.9,22.5,-2.9000015,-10.861428,9.0,178.0,0.1398859205627441,False,REGULAR,USD,2026-07-08,7355.39013671875,0.0363499975204467,call,1.0434524691879672,0.0794520547945205,22.2
SPXW260708C07700000,2026-06-09 17:54:16+00:00,7700.0,15.19,17.6,18.2,-6.21,-29.018692,28.0,160.0,0.1376390863418579,False,REGULAR,USD,2026-07-08,7355.39013671875,0.0363499975204467,call,1.0468513371657782,0.0794520547945205,17.9
SPXW260708C07725000,2026-06-09 18:59:25+00:00,7725.0,15.67,14.0,14.6,-1.0300007,-6.1676683,8.0,243.0,0.1356058730316162,False,REGULAR,USD,2026-07-08,7355.39013671875,0.0363499975204467,call,1.0502502051435891,0.0794520547945205,14.3
SPXW260708C07750000,2026-06-09 17:54:25+00:00,7750.0,9.59,11.0,11.5,-3.5100002,-26.793894,14.0,160.0,0.133423888015747,False,REGULAR,USD,2026-07-08,7355.39013671875,0.0363499975204467,call,1.0536490731214,0.0794520547945205,11.25
SPXW260708C07775000,2026-06-09 17:53:44+00:00,7775.0,7.29,8.8,9.2,-3.3999996,-31.805424,11.0,20.0,0.1322070117568969,False,REGULAR,USD,2026-07-08,7355.39013671875,0.0363499975204467,call,1.057047941099211,0.0794520547945205,9.0
SPXW260708C07800000,2026-06-09 17:54:16+00:00,7800.0,5.8,6.9,7.4,-2.5500002,-30.538923,26.0,526.0,0.1314555239105224,False,REGULAR,USD,2026-07-08,7355.39013671875,0.0363499975204467,call,1.060446809077022,0.0794520547945205,7.15
SPXW260708C07825000,2026-06-09 14:51:45+00:00,7825.0,2.85,5.4,5.7,-5.0,-63.694267,4.0,541.0,0.1297999618530273,False,REGULAR,USD,2026-07-08,7355.39013671875,0.0363499975204467,call,1.063845677054833,0.0794520547945205,5.550000000000001
SPXW260708C07850000,2026-06-09 16:55:48+00:00,7850.0,2.56,4.2,4.5,-2.44,-48.8,9.0,324.0,0.1290980645751953,False,REGULAR,USD,2026-07-08,7355.39013671875,0.0363499975204467,call,1.067244545032644,0.0794520547945205,4.35
SPXW260708C07875000,2026-06-08 20:05:37+00:00,7875.0,1.75,3.0,3.6,-2.1,-54.545452,1.0,35.0,0.1288997023010253,False,REGULAR,USD,2026-07-08,7355.39013671875,0.0363499975204467,call,1.070643413010455,0.0794520547945205,3.3
SPXW260708C07900000,2026-06-09 16:20:14+00:00,7900.0,1.5,2.55,2.85,-3.0700002,-67.177246,2.0,31.0,0.1286250468444824,False,REGULAR,USD,2026-07-08,7355.39013671875,0.0363499975204467,call,1.074042280988266,0.0794520547945205,2.7
SPXW260708C07925000,2026-06-05 16:16:21+00:00,7925.0,4.72,1.95,2.2,0.0,0.0,1.0,9.0,0.1279689254760742,False,REGULAR,USD,2026-07-08,7355.39013671875,0.0363499975204467,call,1.077441148966077,0.0794520547945205,2.075
SPXW260708C07950000,2026-06-09 16:55:48+00:00,7950.0,1.15,1.6,1.85,-1.34,-53.81526,3.0,12.0,0.1290980645751953,False,REGULAR,USD,2026-07-08,7355.39013671875,0.0363499975204467,call,1.080840016943888,0.0794520547945205,1.725
SPXW260708C07975000,2026-06-09 13:50:35+00:00,7975.0,2.0,1.25,1.5,-0.56999993,-22.178986,2.0,11.0,0.1295710823059082,False,REGULAR,USD,2026-07-08,7355.39013671875,0.0363499975204467,call,1.0842388849216988,0.0794520547945205,1.375
SPXW260708C08000000,2026-06-08 19:28:25+00:00,8000.0,1.25,1.0,1.25,0.0,0.0,1.0,66.0,0.1305628936767577,False,REGULAR,USD,2026-07-08,7355.39013671875,0.0363499975204467,call,1.0876377528995098,0.0794520547945205,1.125
SPXW260708C08075000,2026-06-08 19:24:07+00:00,8075.0,0.77,0.6,0.8,0.0,0.0,1.0,1.0,0.1351404846191406,False,REGULAR,USD,2026-07-08,7355.39013671875,0.0363499975204467,call,1.0978343568329427,0.0794520547945205,0.7
SPXW260709C07300000,2026-06-09 18:50:39+00:00,7300.0,193.58,192.9,194.7,-152.17,-44.01157,5.0,23.0,0.1935905989646911,True,REGULAR,USD,2026-07-09,7355.39013671875,0.0363499975204467,call,0.9924694495208028,0.0821917808219178,193.8
SPXW260709C07325000,2026-06-09 17:46:26+00:00,7325.0,160.7,177.6,178.8,-47.440002,-22.79235,2.0,3.0,0.1905064470672607,True,REGULAR,USD,2026-07-09,7355.39013671875,0.0363499975204467,call,0.9958683174986136,0.0821917808219178,178.2
SPXW260709C07350000,2026-06-09 17:08:53+00:00,7350.0,151.39,158.7,159.8,-39.399994,-20.650976,15.0,5.0,0.1831193596839904,True,REGULAR,USD,2026-07-09,7355.39013671875,0.0363499975204467,call,0.9992671854764248,0.0821917808219178,159.25
SPXW260709C07375000,2026-06-09 17:42:23+00:00,7375.0,136.95,145.8,146.7,-45.210007,-24.818842,4.0,2.0,0.1819291860389709,False,REGULAR,USD,2026-07-09,7355.39013671875,0.0363499975204467,call,1.0026660534542358,0.0821917808219178,146.25
SPXW260709C07400000,2026-06-09 17:08:53+00:00,7400.0,129.4,128.9,131.1,-20.830002,-13.865408,83.0,26.0,0.1770540516853332,False,REGULAR,USD,2026-07-09,7355.39013671875,0.0363499975204467,call,1.0060649214320467,0.0821917808219178,130.0
SPXW260709C07410000,2026-06-09 17:45:32+00:00,7410.0,112.59,125.4,126.6,-29.809998,-20.933989,15.0,1.0,0.1769262606048584,False,REGULAR,USD,2026-07-09,7355.39013671875,0.0363499975204467,call,1.007424468623171,0.0821917808219178,126.0
SPXW260709C07420000,2026-06-09 17:45:39+00:00,7420.0,107.66,117.5,118.4,-37.789993,-25.981432,7.0,3.0,0.1723067084121704,False,REGULAR,USD,2026-07-09,7355.39013671875,0.0363499975204467,call,1.008784015814295,0.0821917808219178,117.95
SPXW260709C07425000,2026-06-09 14:17:40+00:00,7425.0,134.28,116.7,117.6,3.25,2.480348,6.0,5.0,0.173842108707428,False,REGULAR,USD,2026-07-09,7355.39013671875,0.0363499975204467,call,1.0094637894098577,0.0821917808219178,117.15
SPXW260709C07430000,2026-06-09 17:45:11+00:00,7430.0,104.24,111.9,112.8,-28.560005,-21.506027,18.0,7.0,0.1706072777748108,False,REGULAR,USD,2026-07-09,7355.39013671875,0.0363499975204467,call,1.01014356300542,0.0821917808219178,112.35
SPXW260709C07440000,2026-06-09 18:50:39+00:00,7440.0,107.54,106.8,107.7,-22.46,-17.276922,3.0,27.0,0.1693636989021301,False,REGULAR,USD,2026-07-09,7355.39013671875,0.0363499975204467,call,1.0115031101965442,0.0821917808219178,107.25
SPXW260709C07450000,2026-06-09 19:02:02+00:00,7450.0,106.83,101.7,102.6,-11.82,-9.962073,2.0,69.0,0.1679789776420593,False,REGULAR,USD,2026-07-09,7355.39013671875,0.0363499975204467,call,1.012862657387669,0.0821917808219178,102.15
SPXW260709C07460000,2026-06-09 13:43:58+00:00,7460.0,139.5,96.7,97.6,7.880005,5.986936,12.0,5.0,0.1665694610977173,False,REGULAR,USD,2026-07-09,7355.39013671875,0.0363499975204467,call,1.014222204578793,0.0821917808219178,97.15
SPXW260709C07470000,2026-06-09 13:44:12+00:00,7470.0,133.3,91.8,92.7,15.75,13.398554,4.0,9.0,0.1651332419395447,False,REGULAR,USD,2026-07-09,7355.39013671875,0.0363499975204467,call,1.0155817517699173,0.0821917808219178,92.25
SPXW260709C07475000,2026-06-05 18:45:31+00:00,7475.0,117.4,89.2,90.0,0.0,0.0,9.0,11.0,0.1640498787498474,False,REGULAR,USD,2026-07-09,7355.39013671875,0.0363499975204467,call,1.0162615253654796,0.0821917808219178,89.6
SPXW260709C07480000,2026-06-09 13:49:11+00:00,7480.0,132.0,88.0,88.8,-7.5,-5.376344,10.0,5.0,0.1647746639823913,False,REGULAR,USD,2026-07-09,7355.39013671875,0.0363499975204467,call,1.0169412989610418,0.0821917808219178,88.4
SPXW260709C07490000,2026-06-09 14:03:46+00:00,7490.0,99.2,82.3,83.4,-34.0,-25.525526,7.0,1.0,0.1624114826583862,False,REGULAR,USD,2026-07-09,7355.39013671875,0.0363499975204467,call,1.018300846152166,0.0821917808219178,82.85
SPXW260709C07500000,2026-06-09 16:53:47+00:00,7500.0,69.15,78.6,79.4,-49.35,-41.64557,12.0,28.0,0.1616332921981811,False,REGULAR,USD,2026-07-09,7355.39013671875,0.0363499975204467,call,1.0196603933432906,0.0821917808219178,79.0
SPXW260709C07510000,2026-06-08 13:49:35+00:00,7510.0,53.23,75.0,75.9,-50.41,-48.639523,1.0,2.0,0.1613414707756042,False,REGULAR,USD,2026-07-09,7355.39013671875,0.0363499975204467,call,1.021019940534415,0.0821917808219178,75.45
SPXW260709C07525000,2026-06-05 16:05:26+00:00,7525.0,112.9,68.7,69.6,0.0,0.0,8.0,15.0,0.1592777401924133,False,REGULAR,USD,2026-07-09,7355.39013671875,0.0363499975204467,call,1.0230592613211016,0.0821917808219178,69.15
SPXW260709C07530000,2026-06-09 16:53:47+00:00,7530.0,42.1,66.0,66.9,-69.200005,-62.174305,1.0,0.0,0.1577156372833252,False,REGULAR,USD,2026-07-09,7355.39013671875,0.0363499975204467,call,1.0237390349166635,0.0821917808219178,66.45
SPXW260709C07540000,2026-06-05 16:01:01+00:00,7540.0,105.9,62.4,63.3,0.0,0.0,1.0,1.0,0.1568230070495606,False,REGULAR,USD,2026-07-09,7355.39013671875,0.0363499975204467,call,1.025098582107788,0.0821917808219178,62.85
SPXW260709C07550000,2026-06-09 18:40:41+00:00,7550.0,61.82,57.6,58.3,-35.43,-36.431877,20.0,529.0,0.1538571095848083,False,REGULAR,USD,2026-07-09,7355.39013671875,0.0363499975204467,call,1.0264581292989126,0.0821917808219178,57.95
SPXW260709C07560000,2026-06-09 16:21:23+00:00,7560.0,34.59,54.3,55.1,-51.01,-59.59112,27.0,20.0,0.1531456756591797,False,REGULAR,USD,2026-07-09,7355.39013671875,0.0363499975204467,call,1.0278176764900369,0.0821917808219178,54.7
SPXW260709C07570000,2026-06-09 16:38:17+00:00,7570.0,32.71,50.4,51.2,-59.090004,-64.368195,2.0,0.0,0.1512784000205994,False,REGULAR,USD,2026-07-09,7355.39013671875,0.0363499975204467,call,1.0291772236811612,0.0821917808219178,50.8
SPXW260709C07575000,2026-06-09 16:18:43+00:00,7575.0,31.35,48.5,49.6,-47.300003,-60.139866,13.0,535.0,0.1507653283691406,False,REGULAR,USD,2026-07-09,7355.39013671875,0.0363499975204467,call,1.0298569972767233,0.0821917808219178,49.05
SPXW260709C07600000,2026-06-09 18:45:06+00:00,7600.0,39.7,42.2,42.9,-21.5,-35.13072,23.0,40.0,0.1494797882461548,False,REGULAR,USD,2026-07-09,7355.39013671875,0.0363499975204467,call,1.0332558652545345,0.0821917808219178,42.55
SPXW260709C07610000,2026-06-09 15:25:47+00:00,7610.0,34.37,39.2,39.9,-38.829998,-53.046448,6.0,1.0,0.1481751748275757,False,REGULAR,USD,2026-07-09,7355.39013671875,0.0363499975204467,call,1.0346154124456588,0.0821917808219178,39.55
SPXW260709C07625000,2026-06-09 18:18:25+00:00,7625.0,31.15,34.1,34.7,-21.000002,-40.26846,2.0,14.0,0.1446656884384155,False,REGULAR,USD,2026-07-09,7355.39013671875,0.0363499975204467,call,1.0366547332323452,0.0821917808219178,34.400000000000006
SPXW260709C07630000,2026-06-09 17:05:39+00:00,7630.0,23.04,33.6,34.3,-41.659996,-64.38949,13.0,1.0,0.1455792992973327,False,REGULAR,USD,2026-07-09,7355.39013671875,0.0363499975204467,call,1.0373345068279076,0.0821917808219178,33.95
SPXW260709C07650000,2026-06-09 18:30:35+00:00,7650.0,30.1,28.9,29.5,-6.050001,-16.735826,7.0,25.0,0.1434888661003112,False,REGULAR,USD,2026-07-09,7355.39013671875,0.0363499975204467,call,1.0400536012101562,0.0821917808219178,29.2
SPXW260709C07675000,2026-06-09 18:28:36+00:00,7675.0,22.5,23.3,23.9,-7.3999996,-24.749163,40.0,3.0,0.1403818262481689,False,REGULAR,USD,2026-07-09,7355.39013671875,0.0363499975204467,call,1.0434524691879672,0.0821917808219178,23.6
SPXW260709C07700000,2026-06-09 19:11:02+00:00,7700.0,19.5,18.7,19.3,-5.0,-20.408163,81.0,48.0,0.1378260046386719,False,REGULAR,USD,2026-07-09,7355.39013671875,0.0363499975204467,call,1.0468513371657782,0.0821917808219178,19.0
SPXW260709C07725000,2026-06-09 17:44:01+00:00,7725.0,13.98,15.2,15.8,-4.8199997,-25.638298,31.0,57.0,0.1363688048553467,False,REGULAR,USD,2026-07-09,7355.39013671875,0.0363499975204467,call,1.0502502051435891,0.0821917808219178,15.5
SPXW260709C07750000,2026-06-09 18:50:13+00:00,7750.0,12.5,12.0,12.5,-2.5500002,-16.943521,51.0,98.0,0.1340800093841553,False,REGULAR,USD,2026-07-09,7355.39013671875,0.0363499975204467,call,1.0536490731214,0.0821917808219178,12.25
SPXW260709C07775000,2026-06-09 17:12:30+00:00,7775.0,6.63,9.8,10.3,-11.339999,-63.10517,71.0,7.0,0.1335841036987304,False,REGULAR,USD,2026-07-09,7355.39013671875,0.0363499975204467,call,1.057047941099211,0.0821917808219178,10.05
SPXW260709C07800000,2026-06-09 17:12:51+00:00,7800.0,5.31,7.8,8.3,-3.8300004,-41.90372,118.0,297.0,0.1326304389190674,False,REGULAR,USD,2026-07-09,7355.39013671875,0.0363499975204467,call,1.060446809077022,0.0821917808219178,8.05
SPXW260709C07825000,2026-06-09 17:50:55+00:00,7825.0,5.14,6.0,6.3,-6.2000003,-54.67372,66.0,22.0,0.1303111261749267,False,REGULAR,USD,2026-07-09,7355.39013671875,0.0363499975204467,call,1.063845677054833,0.0821917808219178,6.15
SPXW260709C07850000,2026-06-09 16:02:42+00:00,7850.0,3.2,4.8,5.3,-2.6499999,-45.299145,16.0,37.0,0.131020652770996,False,REGULAR,USD,2026-07-09,7355.39013671875,0.0363499975204467,call,1.067244545032644,0.0821917808219178,5.05
SPXW260709C07875000,2026-06-09 15:25:47+00:00,7875.0,3.02,3.8,4.2,-1.3200002,-30.41475,9.0,32.0,0.1303492727661132,False,REGULAR,USD,2026-07-09,7355.39013671875,0.0363499975204467,call,1.070643413010455,0.0821917808219178,4.0
SPXW260709C07900000,2026-06-09 19:11:02+00:00,7900.0,3.1,3.0,3.3,-0.4000001,-11.428574,61.0,694.0,0.1296702634429931,False,REGULAR,USD,2026-07-09,7355.39013671875,0.0363499975204467,call,1.074042280988266,0.0821917808219178,3.15
SPXW260709C07925000,2026-06-08 20:08:42+00:00,7925.0,2.65,2.25,2.55,0.0,0.0,60.0,60.0,0.1288386677551269,False,REGULAR,USD,2026-07-09,7355.39013671875,0.0363499975204467,call,1.077441148966077,0.0821917808219178,2.4
SPXW260709C07950000,2026-06-08 13:54:33+00:00,7950.0,3.57,1.9,2.15,0.0,0.0,1.0,1.0,0.129891513671875,False,REGULAR,USD,2026-07-09,7355.39013671875,0.0363499975204467,call,1.080840016943888,0.0821917808219178,2.025
SPXW260709C07975000,2026-06-09 17:05:42+00:00,7975.0,1.36,1.45,1.7,-0.7399999,-35.238094,8.0,3.0,0.1297541859436035,False,REGULAR,USD,2026-07-09,7355.39013671875,0.0363499975204467,call,1.0842388849216988,0.0821917808219178,1.575
SPXW260709C08000000,2026-06-09 17:05:49+00:00,8000.0,1.17,1.2,1.4,-0.42000008,-26.415098,24.0,69.0,0.1304408245849609,False,REGULAR,USD,2026-07-09,7355.39013671875,0.0363499975204467,call,1.0876377528995098,0.0821917808219178,1.2999999999999998
SPXW260710C07300000,2026-06-09 17:31:55+00:00,7300.0,172.79,199.5,200.4,-49.820007,-22.379951,101.0,193.0,0.1971878225135803,True,REGULAR,USD,2026-07-10,7355.39013671875,0.0363499975204467,call,0.9924694495208028,0.084931506849315,199.95
SPXW260710C07310000,2026-06-09 16:43:06+00:00,7310.0,135.25,190.2,191.1,-87.149994,-39.18615,4.0,26.0,0.1926121389007568,True,REGULAR,USD,2026-07-10,7355.39013671875,0.0363499975204467,call,0.9938289967119271,0.084931506849315,190.65
SPXW260710C07320000,2026-06-09 17:46:19+00:00,7320.0,168.91,183.0,183.9,-161.66998,-48.90495,30.0,9.0,0.1903900999641418,True,REGULAR,USD,2026-07-10,7355.39013671875,0.0363499975204467,call,0.9951885439030516,0.084931506849315,183.45
SPXW260710C07325000,2026-06-09 18:46:19+00:00,7325.0,177.5,179.4,180.6,-27.820007,-13.549584,5.0,28.0,0.1895890215492248,True,REGULAR,USD,2026-07-10,7355.39013671875,0.0363499975204467,call,0.9958683174986136,0.084931506849315,180.0
SPXW260710C07330000,2026-05-27 14:28:26+00:00,7330.0,295.78,178.2,179.1,0.0,0.0,1.0,4.0,0.1908421370697021,True,REGULAR,USD,2026-07-10,7355.39013671875,0.0363499975204467,call,0.996548091094176,0.084931506849315,178.64999999999998
SPXW260710C07350000,2026-06-09 18:35:16+00:00,7350.0,165.8,163.0,164.1,-21.62999,-11.540303,57.0,86.0,0.1851869049263,True,REGULAR,USD,2026-07-10,7355.39013671875,0.0363499975204467,call,0.9992671854764248,0.084931506849315,163.55
SPXW260710C07360000,2026-06-09 19:11:33+00:00,7360.0,159.1,157.2,158.1,-16.64,-9.468533,23.0,39.0,0.1839261600875854,False,REGULAR,USD,2026-07-10,7355.39013671875,0.0363499975204467,call,1.000626732667549,0.084931506849315,157.64999999999998
SPXW260710C07370000,2026-06-09 18:01:28+00:00,7370.0,140.53,152.7,153.5,-61.119995,-30.309942,1.0,61.0,0.1841664836120605,False,REGULAR,USD,2026-07-10,7355.39013671875,0.0363499975204467,call,1.0019862798586734,0.084931506849315,153.1
SPXW260710C07375000,2026-06-09 18:41:25+00:00,7375.0,149.42,150.1,150.9,-69.009995,-31.593645,30.0,37.0,0.1838956428146362,False,REGULAR,USD,2026-07-10,7355.39013671875,0.0363499975204467,call,1.0026660534542358,0.084931506849315,150.5
SPXW260710C07380000,2026-06-09 17:35:28+00:00,7380.0,128.32,147.1,147.9,-34.829987,-21.348444,9.0,25.0,0.1831384329795837,False,REGULAR,USD,2026-07-10,7355.39013671875,0.0363499975204467,call,1.003345827049798,0.084931506849315,147.5
SPXW260710C07390000,2026-06-09 19:00:20+00:00,7390.0,144.65,140.9,141.7,-33.72,-18.904526,163.0,24.0,0.1813035819435119,False,REGULAR,USD,2026-07-10,7355.39013671875,0.0363499975204467,call,1.0047053742409222,0.084931506849315,141.3
SPXW260710C07400000,2026-06-09 19:14:04+00:00,7400.0,135.88,132.9,133.8,-18.330002,-11.88639,318.0,181.0,0.1773840196990966,False,REGULAR,USD,2026-07-10,7355.39013671875,0.0363499975204467,call,1.0060649214320467,0.084931506849315,133.35000000000002
SPXW260710C07410000,2026-06-09 15:11:08+00:00,7410.0,96.58,129.3,130.2,-51.92,-34.962963,15.0,54.0,0.1783090745353699,False,REGULAR,USD,2026-07-10,7355.39013671875,0.0363499975204467,call,1.007424468623171,0.084931506849315,129.75
SPXW260710C07420000,2026-06-09 19:10:27+00:00,7420.0,125.61,121.5,122.4,-42.289993,-25.18761,8.0,33.0,0.1742407405853271,False,REGULAR,USD,2026-07-10,7355.39013671875,0.0363499975204467,call,1.008784015814295,0.084931506849315,121.95
SPXW260710C07425000,2026-06-09 18:28:12+00:00,7425.0,116.25,120.8,121.8,-23.580002,-16.863335,76.0,133.0,0.1759954837799072,False,REGULAR,USD,2026-07-10,7355.39013671875,0.0363499975204467,call,1.0094637894098577,0.084931506849315,121.3
SPXW260710C07430000,2026-06-09 17:34:40+00:00,7430.0,101.4,117.3,118.5,-42.9,-29.729729,11.0,30.0,0.1745764305877686,False,REGULAR,USD,2026-07-10,7355.39013671875,0.0363499975204467,call,1.01014356300542,0.084931506849315,117.9
SPXW260710C07440000,2026-06-08 14:41:36+00:00,7440.0,144.6,112.6,113.7,0.0,0.0,43.0,61.0,0.173737205581665,False,REGULAR,USD,2026-07-10,7355.39013671875,0.0363499975204467,call,1.0115031101965442,0.084931506849315,113.15
SPXW260710C07450000,2026-06-09 18:28:12+00:00,7450.0,106.67,106.8,107.7,-15.150002,-12.436382,75.0,100.0,0.1713568582916259,False,REGULAR,USD,2026-07-10,7355.39013671875,0.0363499975204467,call,1.012862657387669,0.084931506849315,107.25
SPXW260710C07460000,2026-06-09 16:19:55+00:00,7460.0,69.48,101.7,102.6,-46.739998,-40.21683,173.0,26.0,0.1698939365196228,False,REGULAR,USD,2026-07-10,7355.39013671875,0.0363499975204467,call,1.014222204578793,0.084931506849315,102.15
SPXW260710C07470000,2026-06-09 16:19:55+00:00,7470.0,65.58,96.6,97.5,-59.32,-47.493996,5.0,47.0,0.1682898723602295,False,REGULAR,USD,2026-07-10,7355.39013671875,0.0363499975204467,call,1.0155817517699173,0.084931506849315,97.05
SPXW260710C07475000,2026-06-09 16:42:02+00:00,7475.0,59.12,94.5,95.4,-49.77,-45.706676,69.0,92.0,0.1679732556533814,False,REGULAR,USD,2026-07-10,7355.39013671875,0.0363499975204467,call,1.0162615253654796,0.084931506849315,94.95
SPXW260710C07480000,2026-06-09 19:11:33+00:00,7480.0,91.8,92.1,93.0,-12.619995,-12.085803,12.0,16.0,0.1672599143981933,False,REGULAR,USD,2026-07-10,7355.39013671875,0.0363499975204467,call,1.0169412989610418,0.084931506849315,92.55
SPXW260710C07490000,2026-06-05 16:05:27+00:00,7490.0,58.99,84.3,87.2,-77.81,-56.878654,3.0,5.0,0.164503823184967,False,REGULAR,USD,2026-07-10,7355.39013671875,0.0363499975204467,call,1.018300846152166,0.084931506849315,85.75
SPXW260710C07500000,2026-06-09 19:12:21+00:00,7500.0,83.85,82.5,83.2,-12.779999,-13.225705,1116.0,795.0,0.1637866672706604,False,REGULAR,USD,2026-07-10,7355.39013671875,0.0363499975204467,call,1.0196603933432906,0.084931506849315,82.85
SPXW260710C07510000,2026-06-09 19:12:21+00:00,7510.0,79.35,78.0,78.9,-20.730003,-20.71343,102.0,62.0,0.1625545323753356,False,REGULAR,USD,2026-07-10,7355.39013671875,0.0363499975204467,call,1.021019940534415,0.084931506849315,78.45
SPXW260710C07520000,2026-06-09 14:49:45+00:00,7520.0,73.59,73.5,74.7,-15.2400055,-17.156372,2.0,12.0,0.1612937875366211,False,REGULAR,USD,2026-07-10,7355.39013671875,0.0363499975204467,call,1.0223794877255392,0.084931506849315,74.1
SPXW260710C07525000,2026-06-09 17:41:43+00:00,7525.0,63.63,71.9,72.7,-20.899998,-24.724947,18.0,583.0,0.1607311253166199,False,REGULAR,USD,2026-07-10,7355.39013671875,0.0363499975204467,call,1.0230592613211016,0.084931506849315,72.30000000000001
SPXW260710C07530000,2026-06-09 15:54:25+00:00,7530.0,48.49,68.1,69.0,-48.920002,-50.220715,21.0,31.0,0.157942609500885,False,REGULAR,USD,2026-07-10,7355.39013671875,0.0363499975204467,call,1.0237390349166635,0.084931506849315,68.55
SPXW260710C07540000,2026-06-09 14:50:07+00:00,7540.0,66.5,65.4,66.2,-9.989998,-13.060528,2.0,13.0,0.1581505084228515,False,REGULAR,USD,2026-07-10,7355.39013671875,0.0363499975204467,call,1.025098582107788,0.084931506849315,65.80000000000001
SPXW260710C07550000,2026-06-09 18:04:11+00:00,7550.0,53.5,62.1,63.0,-20.010002,-27.220789,140.0,1014.0,0.1577061006355285,False,REGULAR,USD,2026-07-10,7355.39013671875,0.0363499975204467,call,1.0264581292989126,0.084931506849315,62.55
SPXW260710C07560000,2026-06-09 17:01:42+00:00,7560.0,38.95,58.3,59.1,-30.73,-44.10161,18.0,36.0,0.1561745149993896,False,REGULAR,USD,2026-07-10,7355.39013671875,0.0363499975204467,call,1.0278176764900369,0.084931506849315,58.7
SPXW260710C07570000,2026-06-09 17:18:34+00:00,7570.0,41.6,53.5,54.3,-24.279999,-36.85489,26.0,60.0,0.1532105248641967,False,REGULAR,USD,2026-07-10,7355.39013671875,0.0363499975204467,call,1.0291772236811612,0.084931506849315,53.9
SPXW260710C07575000,2026-06-09 16:33:53+00:00,7575.0,35.7,52.6,53.3,-28.18,-44.113964,33.0,76.0,0.153591990776062,False,REGULAR,USD,2026-07-10,7355.39013671875,0.0363499975204467,call,1.0298569972767233,0.084931506849315,52.95
SPXW260710C07580000,2026-06-09 16:21:28+00:00,7580.0,35.0,50.1,50.9,-30.71,-46.735657,27.0,31.0,0.1519707606506348,False,REGULAR,USD,2026-07-10,7355.39013671875,0.0363499975204467,call,1.0305367708722857,0.084931506849315,50.5
SPXW260710C07590000,2026-06-09 18:53:43+00:00,7590.0,49.4,48.1,48.8,-13.049999,-20.896715,60.0,288.0,0.1524208904266357,False,REGULAR,USD,2026-07-10,7355.39013671875,0.0363499975204467,call,1.03189631806341,0.084931506849315,48.45
SPXW260710C07600000,2026-06-09 18:53:59+00:00,7600.0,46.0,43.5,44.3,-7.580002,-14.147073,257.0,446.0,0.1492127621078491,False,REGULAR,USD,2026-07-10,7355.39013671875,0.0363499975204467,call,1.0332558652545345,0.084931506849315,43.9
SPXW260710C07610000,2026-06-09 16:32:15+00:00,7610.0,43.86,40.8,41.5,-18.96,-30.181469,25.0,35.0,0.1482896146011352,False,REGULAR,USD,2026-07-10,7355.39013671875,0.0363499975204467,call,1.0346154124456588,0.084931506849315,41.15
SPXW260710C07620000,2026-06-09 18:25:37+00:00,7620.0,41.01,38.9,39.6,-11.470001,-21.855947,29.0,5.0,0.1485947873306274,False,REGULAR,USD,2026-07-10,7355.39013671875,0.0363499975204467,call,1.035974959636783,0.084931506849315,39.25
SPXW260710C07625000,2026-06-09 17:41:43+00:00,7625.0,32.6,36.4,37.5,-16.980003,-34.24769,27.0,148.0,0.1468820053863525,False,REGULAR,USD,2026-07-10,7355.39013671875,0.0363499975204467,call,1.0366547332323452,0.084931506849315,36.95
SPXW260710C07630000,2026-06-09 18:25:45+00:00,7630.0,34.9,36.2,36.8,-18.469997,-34.607452,17.0,26.0,0.1473359498214722,False,REGULAR,USD,2026-07-10,7355.39013671875,0.0363499975204467,call,1.0373345068279076,0.084931506849315,36.5
SPXW260710C07640000,2026-06-09 15:40:41+00:00,7640.0,25.97,32.8,33.6,-13.530001,-34.253166,9.0,45.0,0.1452054627037048,False,REGULAR,USD,2026-07-10,7355.39013671875,0.0363499975204467,call,1.038694054019032,0.084931506849315,33.2
SPXW260710C07650000,2026-06-09 18:52:34+00:00,7650.0,32.0,30.6,31.4,-4.580002,-12.520508,245.0,236.0,0.144516916732788,False,REGULAR,USD,2026-07-10,7355.39013671875,0.0363499975204467,call,1.0400536012101562,0.084931506849315,31.0
SPXW260710C07660000,2026-06-09 18:49:45+00:00,7660.0,28.75,29.1,29.7,-7.25,-20.13889,449.0,12.0,0.1445321753692627,False,REGULAR,USD,2026-07-10,7355.39013671875,0.0363499975204467,call,1.0414131484012807,0.084931506849315,29.4
SPXW260710C07670000,2026-06-09 16:14:17+00:00,7670.0,23.26,26.8,27.4,-12.620001,-35.172802,35.0,66.0,0.1433152991104126,False,REGULAR,USD,2026-07-10,7355.39013671875,0.0363499975204467,call,1.042772695592405,0.084931506849315,27.1
SPXW260710C07675000,2026-06-09 17:40:19+00:00,7675.0,21.49,25.5,26.1,-13.840002,-39.17351,76.0,127.0,0.1423463756942748,False,REGULAR,USD,2026-07-10,7355.39013671875,0.0363499975204467,call,1.0434524691879672,0.084931506849315,25.8
SPXW260710C07680000,2026-06-09 18:51:54+00:00,7680.0,24.8,24.6,25.2,-4.700001,-15.932205,269.0,69.0,0.1420640909194946,False,REGULAR,USD,2026-07-10,7355.39013671875,0.0363499975204467,call,1.0441322427835296,0.084931506849315,24.9
SPXW260710C07700000,2026-06-09 18:58:38+00:00,7700.0,23.13,20.4,21.2,-2.5500011,-9.929912,241.0,852.0,0.139657041015625,False,REGULAR,USD,2026-07-10,7355.39013671875,0.0363499975204467,call,1.0468513371657782,0.084931506849315,20.8
SPXW260710C07725000,2026-06-09 18:26:55+00:00,7725.0,15.9,17.1,17.7,-4.550001,-22.249393,170.0,141.0,0.1386576003265381,False,REGULAR,USD,2026-07-10,7355.39013671875,0.0363499975204467,call,1.0502502051435891,0.084931506849315,17.4
SPXW260710C07750000,2026-06-09 19:11:23+00:00,7750.0,13.9,13.8,14.4,-2.6499996,-16.012083,127.0,316.0,0.1369867796325684,False,REGULAR,USD,2026-07-10,7355.39013671875,0.0363499975204467,call,1.0536490731214,0.084931506849315,14.1
SPXW260710C07775000,2026-06-09 19:11:23+00:00,7775.0,11.2,11.3,11.7,-2.0200005,-15.279882,111.0,434.0,0.13565164894104,False,REGULAR,USD,2026-07-10,7355.39013671875,0.0363499975204467,call,1.057047941099211,0.084931506849315,11.5
SPXW260710C07800000,2026-06-09 17:08:11+00:00,7800.0,5.9,8.8,9.4,-5.4500003,-48.01762,265.0,1135.0,0.1342936302947998,False,REGULAR,USD,2026-07-10,7355.39013671875,0.0363499975204467,call,1.060446809077022,0.084931506849315,9.1
SPXW260710C07825000,2026-06-09 16:59:03+00:00,7825.0,4.3,6.8,7.3,-5.6899996,-56.95695,92.0,182.0,0.1322794902801513,False,REGULAR,USD,2026-07-10,7355.39013671875,0.0363499975204467,call,1.063845677054833,0.084931506849315,7.05
SPXW260710C07850000,2026-06-09 17:08:11+00:00,7850.0,5.25,5.6,6.0,-1.9000001,-26.57343,57.0,292.0,0.1321574211883545,False,REGULAR,USD,2026-07-10,7355.39013671875,0.0363499975204467,call,1.067244545032644,0.084931506849315,5.8
SPXW260710C07875000,2026-06-09 16:59:03+00:00,7875.0,3.7,4.5,4.8,-1.7,-31.481482,42.0,45.0,0.1314936705017089,False,REGULAR,USD,2026-07-10,7355.39013671875,0.0363499975204467,call,1.070643413010455,0.084931506849315,4.65
SPXW260710C07900000,2026-06-09 16:57:51+00:00,7900.0,3.1,3.4,3.8,-1.2000003,-27.906982,73.0,1060.0,0.1307765145874023,False,REGULAR,USD,2026-07-10,7355.39013671875,0.0363499975204467,call,1.074042280988266,0.084931506849315,3.6
SPXW260710C07950000,2026-06-09 17:03:12+00:00,7950.0,1.85,2.25,2.5,-0.87,-31.985294,67.0,283.0,0.1308680664062499,False,REGULAR,USD,2026-07-10,7355.39013671875,0.0363499975204467,call,1.080840016943888,0.084931506849315,2.375
SPXW260710C08000000,2026-06-09 18:59:31+00:00,8000.0,1.65,1.45,1.65,-0.40999997,-19.902912,65.0,353.0,0.1313563427734375,False,REGULAR,USD,2026-07-10,7355.39013671875,0.0363499975204467,call,1.0876377528995098,0.084931506849315,1.5499999999999998
SPXW260710C08050000,2026-06-09 16:52:14+00:00,8050.0,0.79,0.95,1.2,-0.75999993,-49.032253,15.0,288.0,0.1337366900634765,False,REGULAR,USD,2026-07-10,7355.39013671875,0.0363499975204467,call,1.0944354888551318,0.084931506849315,1.075
SPXW260710C08100000,2026-06-09 15:55:00+00:00,8100.0,0.5,0.7,0.9,-0.5,-50.0,7.0,507.0,0.1366053137207031,False,REGULAR,USD,2026-07-10,7355.39013671875,0.0363499975204467,call,1.1012332248107537,0.084931506849315,0.8
SPXW260713C07300000,2026-06-09 16:43:06+00:00,7300.0,144.65,201.6,202.5,-62.39,-30.134275,6.0,1.0,0.1908840983200073,True,REGULAR,USD,2026-07-13,7355.39013671875,0.0363499975204467,call,0.9924694495208028,0.0931506849315068,202.05
SPXW260713C07325000,2026-06-05 16:04:34+00:00,7325.0,258.9,183.3,184.2,0.0,0.0,6.0,4.0,0.1852612907791137,True,REGULAR,USD,2026-07-13,7355.39013671875,0.0363499975204467,call,0.9958683174986136,0.0931506849315068,183.75
SPXW260713C07350000,2026-06-09 17:22:53+00:00,7350.0,145.13,167.1,169.5,-40.059998,-21.631836,23.0,6.0,0.1830163638877868,True,REGULAR,USD,2026-07-13,7355.39013671875,0.0363499975204467,call,0.9992671854764248,0.0931506849315068,168.3
SPXW260713C07375000,2026-06-09 19:11:33+00:00,7375.0,153.6,151.1,152.6,-16.069992,-9.471322,29.0,12.0,0.1777063583946228,False,REGULAR,USD,2026-07-13,7355.39013671875,0.0363499975204467,call,1.0026660534542358,0.0931506849315068,151.85
SPXW260713C07400000,2026-06-09 19:14:04+00:00,7400.0,139.78,138.2,139.4,-18.380005,-11.621146,70.0,43.0,0.1757933068466186,False,REGULAR,USD,2026-07-13,7355.39013671875,0.0363499975204467,call,1.0060649214320467,0.0931506849315068,138.8
SPXW260713C07425000,2026-06-09 15:21:39+00:00,7425.0,92.91,122.2,123.3,-50.819992,-35.357956,34.0,15.0,0.1699492490768432,False,REGULAR,USD,2026-07-13,7355.39013671875,0.0363499975204467,call,1.0094637894098577,0.0931506849315068,122.75
SPXW260713C07450000,2026-06-09 17:22:53+00:00,7450.0,92.29,110.8,111.9,-64.29,-41.058884,30.0,9.0,0.1685797864532471,False,REGULAR,USD,2026-07-13,7355.39013671875,0.0363499975204467,call,1.012862657387669,0.0931506849315068,111.35
SPXW260713C07475000,2026-06-09 19:11:33+00:00,7475.0,97.95,98.4,99.3,-14.720001,-13.064704,54.0,31.0,0.1650874660301208,False,REGULAR,USD,2026-07-13,7355.39013671875,0.0363499975204467,call,1.0162615253654796,0.0931506849315068,98.85
SPXW260713C07500000,2026-06-09 16:15:22+00:00,7500.0,62.99,86.2,87.1,-37.34,-37.217182,32.0,52.0,0.1612003283882141,False,REGULAR,USD,2026-07-13,7355.39013671875,0.0363499975204467,call,1.0196603933432906,0.0931506849315068,86.65
SPXW260713C07525000,2026-06-09 13:56:58+00:00,7525.0,53.1,73.6,74.5,-43.86,-45.23515,25.0,82.0,0.1558769715881348,False,REGULAR,USD,2026-07-13,7355.39013671875,0.0363499975204467,call,1.0230592613211016,0.0931506849315068,74.05
SPXW260713C07550000,2026-06-09 17:22:40+00:00,7550.0,52.93,63.6,64.8,-55.07,-50.99074,71.0,28.0,0.153071289806366,False,REGULAR,USD,2026-07-13,7355.39013671875,0.0363499975204467,call,1.0264581292989126,0.0931506849315068,64.2
SPXW260713C07575000,2026-06-09 15:08:21+00:00,7575.0,50.1,54.9,55.7,-14.130005,-21.999073,53.0,54.0,0.1500481724548339,False,REGULAR,USD,2026-07-13,7355.39013671875,0.0363499975204467,call,1.0298569972767233,0.0931506849315068,55.3
SPXW260713C07600000,2026-06-09 18:46:34+00:00,7600.0,46.0,47.7,48.4,-10.779999,-18.985556,208.0,63.0,0.1484364789772033,False,REGULAR,USD,2026-07-13,7355.39013671875,0.0363499975204467,call,1.0332558652545345,0.0931506849315068,48.05
SPXW260713C07625000,2026-06-09 15:58:12+00:00,7625.0,28.17,39.4,40.0,-14.039999,-33.262257,12.0,15.0,0.1442041146850585,False,REGULAR,USD,2026-07-13,7355.39013671875,0.0363499975204467,call,1.0366547332323452,0.0931506849315068,39.7
SPXW260713C07650000,2026-06-09 19:03:15+00:00,7650.0,36.09,33.8,34.4,-16.61,-31.518026,103.0,48.0,0.1430330143356323,False,REGULAR,USD,2026-07-13,7355.39013671875,0.0363499975204467,call,1.0400536012101562,0.0931506849315068,34.099999999999994
SPXW260713C07675000,2026-06-09 19:03:15+00:00,7675.0,30.19,28.0,28.7,-3.6299992,-10.733292,15.0,45.0,0.1406755550003052,False,REGULAR,USD,2026-07-13,7355.39013671875,0.0363499975204467,call,1.0434524691879672,0.0931506849315068,28.35
SPXW260713C07700000,2026-06-09 16:34:28+00:00,7700.0,13.22,23.1,23.7,-14.81,-52.836246,34.0,85.0,0.1383753155517578,False,REGULAR,USD,2026-07-13,7355.39013671875,0.0363499975204467,call,1.0468513371657782,0.0931506849315068,23.4
SPXW260713C07725000,2026-06-09 15:51:51+00:00,7725.0,14.58,18.9,19.4,-14.92,-50.57627,8.0,12.0,0.1362200331497192,False,REGULAR,USD,2026-07-13,7355.39013671875,0.0363499975204467,call,1.0502502051435891,0.0931506849315068,19.15
SPXW260713C07750000,2026-06-09 16:55:57+00:00,7750.0,9.25,15.2,15.8,-9.09,-49.563793,70.0,67.0,0.1343394062042236,False,REGULAR,USD,2026-07-13,7355.39013671875,0.0363499975204467,call,1.0536490731214,0.0931506849315068,15.5
SPXW260713C07775000,2026-06-09 16:55:57+00:00,7775.0,7.45,12.6,13.1,-12.650001,-62.93532,1.0,11.0,0.1334772932434081,False,REGULAR,USD,2026-07-13,7355.39013671875,0.0363499975204467,call,1.057047941099211,0.0931506849315068,12.85
SPXW260713C07800000,2026-06-09 16:10:49+00:00,7800.0,6.67,9.9,10.4,-6.1400003,-47.93131,177.0,198.0,0.1314860411834716,False,REGULAR,USD,2026-07-13,7355.39013671875,0.0363499975204467,call,1.060446809077022,0.0931506849315068,10.15
SPXW260713C07825000,2026-06-09 11:03:32+00:00,7825.0,11.76,7.9,8.3,-3.67,-23.784834,3.0,23.0,0.1300517293548584,False,REGULAR,USD,2026-07-13,7355.39013671875,0.0363499975204467,call,1.063845677054833,0.0931506849315068,8.100000000000001
SPXW260713C07850000,2026-06-09 14:46:21+00:00,7850.0,6.6,6.5,7.0,-1.0900002,-14.174254,7.0,56.0,0.1304103073120117,False,REGULAR,USD,2026-07-13,7355.39013671875,0.0363499975204467,call,1.067244545032644,0.0931506849315068,6.75
SPXW260713C07900000,2026-06-09 17:04:24+00:00,7900.0,2.95,4.1,4.4,-2.3,-43.809525,7.0,20.0,0.128365650024414,False,REGULAR,USD,2026-07-13,7355.39013671875,0.0363499975204467,call,1.074042280988266,0.0931506849315068,4.25
SPXW260713C08000000,2026-06-09 11:49:35+00:00,8000.0,1.52,1.75,2.0,-1.4300001,-48.474575,5.0,50.0,0.1291285818481445,False,REGULAR,USD,2026-07-13,7355.39013671875,0.0363499975204467,call,1.0876377528995098,0.0931506849315068,1.875
SPXW260713C08100000,2026-06-08 18:21:12+00:00,8100.0,0.55,0.8,1.05,-0.59999996,-52.173912,1.0,10.0,0.1331263446044921,False,REGULAR,USD,2026-07-13,7355.39013671875,0.0363499975204467,call,1.1012332248107537,0.0931506849315068,0.925
SPXW260714C07325000,2026-06-05 16:04:30+00:00,7325.0,261.3,187.4,188.6,0.0,0.0,16.0,1.0,0.1874680710792541,True,REGULAR,USD,2026-07-14,7355.39013671875,0.0363499975204467,call,0.9958683174986136,0.0958904109589041,188.0
SPXW260714C07350000,2026-06-05 19:25:08+00:00,7350.0,118.1,172.6,173.8,-76.54,-39.32388,1.0,8.0,0.1851258703804016,True,REGULAR,USD,2026-07-14,7355.39013671875,0.0363499975204467,call,0.9992671854764248,0.0958904109589041,173.2
SPXW260714C07375000,2026-06-09 18:37:02+00:00,7375.0,159.73,157.6,158.6,-18.51001,-10.384879,10.0,12.0,0.181730823764801,False,REGULAR,USD,2026-07-14,7355.39013671875,0.0363499975204467,call,1.0026660534542358,0.0958904109589041,158.1
SPXW260714C07400000,2026-06-09 18:37:02+00:00,7400.0,144.58,142.6,143.8,-33.020004,-18.592344,5.0,17.0,0.1781221562385559,False,REGULAR,USD,2026-07-14,7355.39013671875,0.0363499975204467,call,1.0060649214320467,0.0958904109589041,143.2
SPXW260714C07425000,2026-06-05 19:19:06+00:00,7425.0,143.87,128.3,129.4,0.0,0.0,24.0,4.0,0.1742617212104797,False,REGULAR,USD,2026-07-14,7355.39013671875,0.0363499975204467,call,1.0094637894098577,0.0958904109589041,128.85000000000002
SPXW260714C07450000,2026-06-05 16:04:30+00:00,7450.0,174.2,114.6,115.3,0.0,0.0,31.0,14.0,0.1699950249862671,False,REGULAR,USD,2026-07-14,7355.39013671875,0.0363499975204467,call,1.012862657387669,0.0958904109589041,114.95
SPXW260714C07475000,2026-06-08 15:01:58+00:00,7475.0,145.1,101.8,103.0,0.0,0.0,16.0,33.0,0.1669566489982605,False,REGULAR,USD,2026-07-14,7355.39013671875,0.0363499975204467,call,1.0162615253654796,0.0958904109589041,102.4
SPXW260714C07500000,2026-06-09 18:14:19+00:00,7500.0,82.16,89.5,90.5,-59.64,-42.05924,13.0,13.0,0.1628768710708618,False,REGULAR,USD,2026-07-14,7355.39013671875,0.0363499975204467,call,1.0196603933432906,0.0958904109589041,90.0
SPXW260714C07525000,2026-06-05 16:04:31+00:00,7525.0,127.4,78.6,79.5,0.0,0.0,34.0,12.0,0.1596592061042785,False,REGULAR,USD,2026-07-14,7355.39013671875,0.0363499975204467,call,1.0230592613211016,0.0958904109589041,79.05
SPXW260714C07550000,2026-06-09 18:43:42+00:00,7550.0,66.7,68.5,69.3,-23.600006,-26.135109,4.0,10.0,0.1565006683540344,False,REGULAR,USD,2026-07-14,7355.39013671875,0.0363499975204467,call,1.0264581292989126,0.0958904109589041,68.9
SPXW260714C07575000,2026-06-09 16:49:43+00:00,7575.0,37.65,59.2,59.9,-43.409996,-53.552917,8.0,6.0,0.1533859991836548,False,REGULAR,USD,2026-07-14,7355.39013671875,0.0363499975204467,call,1.0298569972767233,0.0958904109589041,59.55
SPXW260714C07600000,2026-06-08 19:04:37+00:00,7600.0,65.2,49.2,50.0,0.0,0.0,18.0,22.0,0.1485471040916443,False,REGULAR,USD,2026-07-14,7355.39013671875,0.0363499975204467,call,1.0332558652545345,0.0958904109589041,49.6
SPXW260714C07625000,2026-06-09 16:49:43+00:00,7625.0,26.72,41.7,42.5,-49.08,-64.74934,18.0,3.0,0.1458367887878418,False,REGULAR,USD,2026-07-14,7355.39013671875,0.0363499975204467,call,1.0366547332323452,0.0958904109589041,42.1
SPXW260714C07650000,2026-06-09 15:48:24+00:00,7650.0,27.89,35.4,36.1,-18.970001,-40.48229,12.0,10.0,0.1436834137153625,False,REGULAR,USD,2026-07-14,7355.39013671875,0.0363499975204467,call,1.0400536012101562,0.0958904109589041,35.75
SPXW260714C07675000,2026-06-08 20:10:56+00:00,7675.0,36.18,29.6,30.3,0.0,0.0,1.0,4.0,0.1414117842102051,False,REGULAR,USD,2026-07-14,7355.39013671875,0.0363499975204467,call,1.0434524691879672,0.0958904109589041,29.950000000000003
SPXW260714C07700000,2026-06-09 18:30:57+00:00,7700.0,25.63,24.7,25.3,-7.6000004,-22.870901,13.0,46.0,0.1393976441955566,False,REGULAR,USD,2026-07-14,7355.39013671875,0.0363499975204467,call,1.0468513371657782,0.0958904109589041,25.0
SPXW260714C07725000,2026-06-05 16:03:22+00:00,7725.0,41.7,20.7,21.4,0.0,0.0,9.0,3.0,0.1383753155517578,False,REGULAR,USD,2026-07-14,7355.39013671875,0.0363499975204467,call,1.0502502051435891,0.0958904109589041,21.05
SPXW260714C07750000,2026-06-09 16:49:43+00:00,7750.0,10.23,17.2,17.8,-13.17,-56.28205,8.0,29.0,0.1369715209960937,False,REGULAR,USD,2026-07-14,7355.39013671875,0.0363499975204467,call,1.0536490731214,0.0958904109589041,17.5
SPXW260714C07775000,2026-06-05 16:02:52+00:00,7775.0,28.2,13.9,14.5,0.0,0.0,11.0,4.0,0.1351442992782593,False,REGULAR,USD,2026-07-14,7355.39013671875,0.0363499975204467,call,1.057047941099211,0.0958904109589041,14.2
SPXW260714C07800000,2026-06-09 18:46:11+00:00,7800.0,11.0,11.0,11.6,-4.8,-30.37975,11.0,48.0,0.1331072713088989,False,REGULAR,USD,2026-07-14,7355.39013671875,0.0363499975204467,call,1.060446809077022,0.0958904109589041,11.3
SPXW260714C07825000,2026-06-09 17:15:06+00:00,7825.0,8.1,9.3,9.8,-7.5,-48.076923,4.0,11.0,0.1331263446044921,False,REGULAR,USD,2026-07-14,7355.39013671875,0.0363499975204467,call,1.063845677054833,0.0958904109589041,9.55
SPXW260714C07850000,2026-06-05 17:34:17+00:00,7850.0,13.6,7.5,8.0,0.0,0.0,34.0,30.0,0.132271860961914,False,REGULAR,USD,2026-07-14,7355.39013671875,0.0363499975204467,call,1.067244545032644,0.0958904109589041,7.75
SPXW260714C07875000,2026-06-09 14:32:17+00:00,7875.0,4.18,5.8,6.3,-7.8800006,-65.339966,4.0,4.0,0.1306849627685546,False,REGULAR,USD,2026-07-14,7355.39013671875,0.0363499975204467,call,1.070643413010455,0.0958904109589041,6.05
SPXW260714C07900000,2026-06-09 15:13:17+00:00,7900.0,3.45,4.8,5.2,-4.1099997,-54.365078,10.0,3.0,0.1305476350402831,False,REGULAR,USD,2026-07-14,7355.39013671875,0.0363499975204467,call,1.074042280988266,0.0958904109589041,5.0
SPXW260714C08000000,2026-06-09 14:54:37+00:00,8000.0,1.35,2.0,2.25,-1.8100001,-57.27848,4.0,4.0,0.1295863409423828,False,REGULAR,USD,2026-07-14,7355.39013671875,0.0363499975204467,call,1.0876377528995098,0.0958904109589041,2.125
SPXW260715C07350000,2026-06-09 18:41:05+00:00,7350.0,176.2,174.6,175.8,-38.83,-18.057947,6.0,3.0,0.184748219127655,True,REGULAR,USD,2026-07-15,7355.39013671875,0.0363499975204467,call,0.9992671854764248,0.0986301369863013,175.2
SPXW260715C07375000,2026-06-08 14:26:31+00:00,7375.0,201.82,159.8,161.0,0.0,0.0,2.0,2.0,0.1818261902427673,False,REGULAR,USD,2026-07-15,7355.39013671875,0.0363499975204467,call,1.0026660534542358,0.0986301369863013,160.4
SPXW260715C07425000,2026-06-09 13:55:27+00:00,7425.0,92.6,130.2,131.4,-87.700005,-48.64115,7.0,8.0,0.1740500076293945,False,REGULAR,USD,2026-07-15,7355.39013671875,0.0363499975204467,call,1.0094637894098577,0.0986301369863013,130.8
SPXW260715C07500000,2026-06-09 18:13:36+00:00,7500.0,83.0,90.2,92.3,-22.07,-21.005045,4.0,12.0,0.1627071187400818,False,REGULAR,USD,2026-07-15,7355.39013671875,0.0363499975204467,call,1.0196603933432906,0.0986301369863013,91.25
SPXW260715C07550000,2026-06-08 16:29:31+00:00,7550.0,94.37,69.3,70.1,0.0,0.0,1.0,1.0,0.1553429193115234,False,REGULAR,USD,2026-07-15,7355.39013671875,0.0363499975204467,call,1.0264581292989126,0.0986301369863013,69.69999999999999
SPXW260715C07575000,2026-06-09 19:04:41+00:00,7575.0,65.2,61.0,62.0,-28.400002,-30.341883,11.0,14.0,0.1539543833923339,False,REGULAR,USD,2026-07-15,7355.39013671875,0.0363499975204467,call,1.0298569972767233,0.0986301369863013,61.5
SPXW260715C07600000,2026-06-08 19:58:18+00:00,7600.0,61.05,52.3,53.1,0.0,0.0,25.0,25.0,0.150662332572937,False,REGULAR,USD,2026-07-15,7355.39013671875,0.0363499975204467,call,1.0332558652545345,0.0986301369863013,52.7
SPXW260715C07625000,2026-06-09 14:32:11+00:00,7625.0,33.9,44.0,44.8,-37.799995,-52.71966,2.0,11.0,0.1471146995925903,False,REGULAR,USD,2026-07-15,7355.39013671875,0.0363499975204467,call,1.0366547332323452,0.0986301369863013,44.4
SPXW260715C07650000,2026-06-08 17:15:30+00:00,7650.0,49.32,38.0,38.6,0.0,0.0,2.0,2.0,0.1455125427627563,False,REGULAR,USD,2026-07-15,7355.39013671875,0.0363499975204467,call,1.0400536012101562,0.0986301369863013,38.3
SPXW260715C07675000,2026-06-09 14:32:11+00:00,7675.0,23.4,31.8,32.4,-14.199999,-37.765957,2.0,6.0,0.1429185745620728,False,REGULAR,USD,2026-07-15,7355.39013671875,0.0363499975204467,call,1.0434524691879672,0.0986301369863013,32.1
SPXW260715C07700000,2026-06-09 15:21:36+00:00,7700.0,18.0,26.0,26.7,-17.14,-48.776325,8.0,7.0,0.139996545677185,False,REGULAR,USD,2026-07-15,7355.39013671875,0.0363499975204467,call,1.0468513371657782,0.0986301369863013,26.35
SPXW260715C07800000,2026-06-09 14:44:41+00:00,7800.0,13.52,12.1,12.5,-3.58,-20.935673,5.0,29.0,0.1337443193817138,False,REGULAR,USD,2026-07-15,7355.39013671875,0.0363499975204467,call,1.060446809077022,0.0986301369863013,12.3
SPXW260715C07900000,2026-06-09 15:26:12+00:00,7900.0,3.34,5.4,5.8,-4.2,-55.702915,3.0,13.0,0.1314936705017089,False,REGULAR,USD,2026-07-15,7355.39013671875,0.0363499975204467,call,1.074042280988266,0.0986301369863013,5.6
SPXW260715C08000000,2026-06-09 14:19:44+00:00,8000.0,1.54,2.3,2.6,-2.7600002,-64.18605,3.0,9.0,0.1306849627685546,False,REGULAR,USD,2026-07-15,7355.39013671875,0.0363499975204467,call,1.0876377528995098,0.0986301369863013,2.45
SPXW260716C07300000,2026-06-09 19:06:34+00:00,7300.0,219.02,209.8,211.0,-14.779999,-6.321642,2.0,11.0,0.1922802635574341,True,REGULAR,USD,2026-07-16,7355.39013671875,0.0363499975204467,call,0.9924694495208028,0.1013698630136986,210.4
SPXW260716C07325000,2026-06-08 15:18:38+00:00,7325.0,151.8,195.5,196.6,-101.399994,-40.04739,2.0,7.0,0.1909565768432617,True,REGULAR,USD,2026-07-16,7355.39013671875,0.0363499975204467,call,0.9958683174986136,0.1013698630136986,196.05
SPXW260716C07350000,2026-06-05 19:39:15+00:00,7350.0,206.58,177.8,178.7,0.0,0.0,3.0,3.0,0.1853661939048766,True,REGULAR,USD,2026-07-16,7355.39013671875,0.0363499975204467,call,0.9992671854764248,0.1013698630136986,178.25
SPXW260716C07375000,2026-06-09 19:10:15+00:00,7375.0,166.0,161.3,162.6,-23.830002,-12.553338,2.0,7.0,0.1811071269989013,False,REGULAR,USD,2026-07-16,7355.39013671875,0.0363499975204467,call,1.0026660534542358,0.1013698630136986,161.95
SPXW260716C07400000,2026-06-09 18:40:42+00:00,7400.0,148.3,148.7,149.8,-33.199997,-18.29201,77.0,34.0,0.1797224057388305,False,REGULAR,USD,2026-07-16,7355.39013671875,0.0363499975204467,call,1.0060649214320467,0.1013698630136986,149.25
SPXW260716C07425000,2026-06-09 13:55:27+00:00,7425.0,182.7,131.7,132.9,-12.199997,-6.259619,6.0,1.0,0.1733442956924438,False,REGULAR,USD,2026-07-16,7355.39013671875,0.0363499975204467,call,1.0094637894098577,0.1013698630136986,132.3
SPXW260716C07450000,2026-06-09 17:41:53+00:00,7450.0,109.0,120.2,121.0,-24.529999,-18.370403,4.0,5.0,0.1716067184638977,False,REGULAR,USD,2026-07-16,7355.39013671875,0.0363499975204467,call,1.012862657387669,0.1013698630136986,120.6
SPXW260716C07475000,2026-06-05 16:39:51+00:00,7475.0,155.6,105.5,106.6,0.0,0.0,3.0,3.0,0.1664492993354797,False,REGULAR,USD,2026-07-16,7355.39013671875,0.0363499975204467,call,1.0162615253654796,0.1013698630136986,106.05
SPXW260716C07500000,2026-06-08 14:47:12+00:00,7500.0,131.67,94.7,95.8,0.0,0.0,1.0,6.0,0.1644694912528991,False,REGULAR,USD,2026-07-16,7355.39013671875,0.0363499975204467,call,1.0196603933432906,0.1013698630136986,95.25
SPXW260716C07525000,2026-06-09 19:07:11+00:00,7525.0,87.6,83.4,84.5,-45.500008,-34.18483,2.0,7.0,0.1611621817970275,False,REGULAR,USD,2026-07-16,7355.39013671875,0.0363499975204467,call,1.0230592613211016,0.1013698630136986,83.95
SPXW260716C07550000,2026-06-09 16:00:16+00:00,7550.0,54.05,73.1,74.1,-65.05,-54.61797,11.0,14.0,0.1580513272857666,False,REGULAR,USD,2026-07-16,7355.39013671875,0.0363499975204467,call,1.0264581292989126,0.1013698630136986,73.6
SPXW260716C07575000,2026-06-05 16:04:32+00:00,7575.0,106.0,63.7,64.5,0.0,0.0,4.0,5.0,0.1550148586273193,False,REGULAR,USD,2026-07-16,7355.39013671875,0.0363499975204467,call,1.0298569972767233,0.1013698630136986,64.1
SPXW260716C07600000,2026-06-09 16:43:56+00:00,7600.0,35.2,54.8,55.5,-32.819996,-48.25051,1.0,25.0,0.1517914716720581,False,REGULAR,USD,2026-07-16,7355.39013671875,0.0363499975204467,call,1.0332558652545345,0.1013698630136986,55.15
SPXW260716C07625000,2026-06-09 16:33:24+00:00,7625.0,32.64,47.0,48.1,-39.86,-54.97931,16.0,16.0,0.1497124824523926,False,REGULAR,USD,2026-07-16,7355.39013671875,0.0363499975204467,call,1.0366547332323452,0.1013698630136986,47.55
SPXW260716C07650000,2026-06-09 17:01:11+00:00,7650.0,28.56,39.5,40.1,-18.62,-39.465878,38.0,5.0,0.1457910128784179,False,REGULAR,USD,2026-07-16,7355.39013671875,0.0363499975204467,call,1.0400536012101562,0.1013698630136986,39.8
SPXW260716C07675000,2026-06-09 16:25:38+00:00,7675.0,22.92,33.2,33.9,-17.109999,-42.742943,10.0,5.0,0.1434030362701416,False,REGULAR,USD,2026-07-16,7355.39013671875,0.0363499975204467,call,1.0434524691879672,0.1013698630136986,33.55
SPXW260716C07700000,2026-06-09 18:52:46+00:00,7700.0,29.55,28.7,29.4,-16.25,-35.48035,12.0,13.0,0.1427698028564453,False,REGULAR,USD,2026-07-16,7355.39013671875,0.0363499975204467,call,1.0468513371657782,0.1013698630136986,29.05
SPXW260716C07725000,2026-06-09 17:01:11+00:00,7725.0,16.07,23.2,23.9,-12.120001,-42.993973,15.0,36.0,0.1394319761276245,False,REGULAR,USD,2026-07-16,7355.39013671875,0.0363499975204467,call,1.0502502051435891,0.1013698630136986,23.55
SPXW260716C07750000,2026-06-09 16:38:55+00:00,7750.0,11.76,19.7,20.3,-11.68,-49.82935,25.0,49.0,0.1385317165756225,False,REGULAR,USD,2026-07-16,7355.39013671875,0.0363499975204467,call,1.0536490731214,0.1013698630136986,20.0
SPXW260716C07775000,2026-06-09 17:47:37+00:00,7775.0,13.9,16.5,17.1,-9.559999,-40.750214,49.0,37.0,0.1375589785003662,False,REGULAR,USD,2026-07-16,7355.39013671875,0.0363499975204467,call,1.057047941099211,0.1013698630136986,16.8
SPXW260716C07800000,2026-06-09 18:52:46+00:00,7800.0,14.15,13.5,14.1,-2.0200005,-12.492272,47.0,35.0,0.1360750761032104,False,REGULAR,USD,2026-07-16,7355.39013671875,0.0363499975204467,call,1.060446809077022,0.1013698630136986,13.8
SPXW260716C07825000,2026-06-09 14:19:11+00:00,7825.0,7.35,11.2,11.7,-6.82,-48.129852,17.0,16.0,0.1351099673461914,False,REGULAR,USD,2026-07-16,7355.39013671875,0.0363499975204467,call,1.063845677054833,0.1013698630136986,11.45
SPXW260716C07850000,2026-06-09 14:25:51+00:00,7850.0,9.29,8.9,9.5,-0.9800005,-9.54236,10.0,13.0,0.1337138021087646,False,REGULAR,USD,2026-07-16,7355.39013671875,0.0363499975204467,call,1.067244545032644,0.1013698630136986,9.2
SPXW260716C07875000,2026-06-09 16:33:24+00:00,7875.0,4.75,7.5,8.0,-3.5699997,-42.908653,6.0,21.0,0.1336298796081543,False,REGULAR,USD,2026-07-16,7355.39013671875,0.0363499975204467,call,1.070643413010455,0.1013698630136986,7.75
SPXW260716C07900000,2026-06-09 15:57:37+00:00,7900.0,5.0,6.1,6.4,-2.02,-28.77493,11.0,68.0,0.1322871195983886,False,REGULAR,USD,2026-07-16,7355.39013671875,0.0363499975204467,call,1.074042280988266,0.1013698630136986,6.25
SPXW260716C08000000,2026-06-09 19:04:58+00:00,8000.0,2.97,2.65,2.95,-0.12999988,-4.1935444,23.0,47.0,0.1315547050476074,False,REGULAR,USD,2026-07-16,7355.39013671875,0.0363499975204467,call,1.0876377528995098,0.1013698630136986,2.8
SPXW260716C08100000,2026-06-08 19:47:54+00:00,8100.0,1.2,1.3,1.6,-0.19999993,-14.285709,3.0,13.0,0.135048932800293,False,REGULAR,USD,2026-07-16,7355.39013671875,0.0363499975204467,call,1.1012332248107537,0.1013698630136986,1.4500000000000002
SPX260717C07285000,2026-06-09 17:02:42+00:00,7285.0,183.89,225.4,227.3,-172.11,-48.345505,16.0,13.0,0.1984352160453796,True,REGULAR,USD,2026-07-17,7355.39013671875,0.0363499975204467,call,0.9904301287341162,0.1041095890410958,226.35
SPXW260717C07290000,2026-06-09 16:26:02+00:00,7290.0,180.46,219.6,222.6,-228.77998,-55.90362,3.0,24.0,0.1963447828483581,True,REGULAR,USD,2026-07-17,7355.39013671875,0.0363499975204467,call,0.9911099023296784,0.1041095890410958,221.1
SPXW260717C07295000,2026-06-09 17:01:42+00:00,7295.0,174.24,217.8,219.0,-205.61998,-54.130466,7.0,46.0,0.1954006547164917,True,REGULAR,USD,2026-07-17,7355.39013671875,0.0363499975204467,call,0.9917896759252406,0.1041095890410958,218.4
SPXW260717C07300000,2026-06-09 18:42:47+00:00,7300.0,214.16,216.3,217.1,-45.04001,-17.376547,20.0,467.0,0.1962322504043579,True,REGULAR,USD,2026-07-17,7355.39013671875,0.0363499975204467,call,0.9924694495208028,0.1041095890410958,216.7
SPX260717C07305000,2026-05-27 15:19:09+00:00,7305.0,172.65,211.5,213.4,-155.25,-47.346752,1.0,92.0,0.1951412578964233,True,REGULAR,USD,2026-07-17,7355.39013671875,0.0363499975204467,call,0.993149223116365,0.1041095890410958,212.45
SPX260717C07310000,2026-06-09 19:13:57+00:00,7310.0,209.44,207.6,209.1,-33.550003,-13.807154,3.0,338.0,0.1934017733383178,True,REGULAR,USD,2026-07-17,7355.39013671875,0.0363499975204467,call,0.9938289967119271,0.1041095890410958,208.35
SPXW260717C07320000,2026-06-09 18:05:53+00:00,7320.0,197.7,203.1,204.3,-136.65999,-40.872112,347.0,96.0,0.1938538104438782,True,REGULAR,USD,2026-07-17,7355.39013671875,0.0363499975204467,call,0.9951885439030516,0.1041095890410958,203.7
SPX260717C07325000,2026-06-09 18:31:17+00:00,7325.0,199.72,195.5,196.9,-24.649994,-10.986316,22.0,1488.0,0.1888070164299011,True,REGULAR,USD,2026-07-17,7355.39013671875,0.0363499975204467,call,0.9958683174986136,0.1041095890410958,196.2
SPX260717C07330000,2026-06-09 17:58:56+00:00,7330.0,181.8,194.9,196.5,-162.89,-47.256954,45.0,229.0,0.1910729239463806,True,REGULAR,USD,2026-07-17,7355.39013671875,0.0363499975204467,call,0.996548091094176,0.1041095890410958,195.7
SPXW260717C07335000,2026-06-09 15:40:54+00:00,7335.0,168.11,191.5,193.2,-66.729996,-28.415089,1.0,16.0,0.1902813821792602,True,REGULAR,USD,2026-07-17,7355.39013671875,0.0363499975204467,call,0.997227864689738,0.1041095890410958,192.35
SPXW260717C07340000,2026-05-19 05:31:08+00:00,7340.0,232.97,188.1,189.4,0.0,0.0,4.0,41.0,0.1889443441581726,True,REGULAR,USD,2026-07-17,7355.39013671875,0.0363499975204467,call,0.9979076382853004,0.1041095890410958,188.75
SPXW260717C07345000,2026-06-09 16:18:43+00:00,7345.0,144.3,186.2,186.9,-112.7,-43.85214,1.0,16.0,0.1889443441581726,True,REGULAR,USD,2026-07-17,7355.39013671875,0.0363499975204467,call,0.9985874118808624,0.1041095890410958,186.55
SPX260717C07350000,2026-06-09 18:48:23+00:00,7350.0,180.54,179.3,180.8,-22.800003,-11.212749,4767.0,4863.0,0.1851640169715881,True,REGULAR,USD,2026-07-17,7355.39013671875,0.0363499975204467,call,0.9992671854764248,0.1041095890410958,180.05
SPX260717C07355000,2026-06-09 17:13:16+00:00,7355.0,143.39,177.1,178.7,-86.990005,-37.759357,18.0,22.0,0.185537853565216,True,REGULAR,USD,2026-07-17,7355.39013671875,0.0363499975204467,call,0.9999469590719868,0.1041095890410958,177.89999999999998
SPXW260717C07360000,2026-06-09 19:10:28+00:00,7360.0,179.68,175.4,176.4,-53.020004,-22.784704,7.0,37.0,0.1856770886230468,False,REGULAR,USD,2026-07-17,7355.39013671875,0.0363499975204467,call,1.000626732667549,0.1041095890410958,175.9
SPX260717C07365000,2026-06-09 14:27:51+00:00,7365.0,203.7,172.4,173.8,4.699997,2.3618076,6.0,161.0,0.1854825410079955,False,REGULAR,USD,2026-07-17,7355.39013671875,0.0363499975204467,call,1.0013065062631112,0.1041095890410958,173.10000000000002
SPX260717C07370000,2026-06-05 19:09:32+00:00,7370.0,162.4,169.3,170.5,-29.230011,-15.253358,4.0,177.0,0.1845345982170105,False,REGULAR,USD,2026-07-17,7355.39013671875,0.0363499975204467,call,1.0019862798586734,0.1041095890410958,169.9
SPX260717C07375000,2026-06-09 18:04:47+00:00,7375.0,151.22,164.6,166.2,-32.550003,-17.712358,52.0,3176.0,0.182520458202362,False,REGULAR,USD,2026-07-17,7355.39013671875,0.0363499975204467,call,1.0026660534542358,0.1041095890410958,165.39999999999998
SPXW260717C07380000,2026-06-09 19:10:28+00:00,7380.0,167.07,164.4,165.5,-37.829987,-18.462658,18.0,79.0,0.1842370548057555,False,REGULAR,USD,2026-07-17,7355.39013671875,0.0363499975204467,call,1.003345827049798,0.1041095890410958,164.95
SPXW260717C07385000,2026-06-09 15:48:52+00:00,7385.0,134.88,160.8,161.7,-47.789993,-26.161928,25.0,83.0,0.1826978398513793,False,REGULAR,USD,2026-07-17,7355.39013671875,0.0363499975204467,call,1.00402560064536,0.1041095890410958,161.25
SPXW260717C07390000,2026-06-09 16:24:16+00:00,7390.0,146.43,158.6,159.3,-30.270004,-17.130733,24.0,78.0,0.1825929367256164,False,REGULAR,USD,2026-07-17,7355.39013671875,0.0363499975204467,call,1.0047053742409222,0.1041095890410958,158.95
SPX260717C07395000,2026-06-09 17:38:23+00:00,7395.0,139.6,154.0,155.3,-152.18,-52.15573,2.0,133.0,0.1807943249511718,False,REGULAR,USD,2026-07-17,7355.39013671875,0.0363499975204467,call,1.0053851478364844,0.1041095890410958,154.65
SPX260717C07400000,2026-06-09 19:10:00+00:00,7400.0,154.5,148.9,150.3,-16.770004,-9.79156,1301.0,15262.0,0.1779257012939453,False,REGULAR,USD,2026-07-17,7355.39013671875,0.0363499975204467,call,1.0060649214320467,0.1041095890410958,149.60000000000002
SPXW260717C07405000,2026-06-09 11:43:58+00:00,7405.0,205.1,147.2,147.9,49.72,31.99897,2.0,18.0,0.1777464123153686,False,REGULAR,USD,2026-07-17,7355.39013671875,0.0363499975204467,call,1.0067446950276089,0.1041095890410958,147.55
SPXW260717C07410000,2026-06-09 18:00:37+00:00,7410.0,134.1,147.0,148.3,-50.399994,-27.31707,45.0,152.0,0.1804758009147644,False,REGULAR,USD,2026-07-17,7355.39013671875,0.0363499975204467,call,1.007424468623171,0.1041095890410958,147.65
SPX260717C07415000,2026-06-09 14:55:31+00:00,7415.0,145.47,139.6,141.0,-22.720001,-13.508532,222.0,154.0,0.1751142975234985,False,REGULAR,USD,2026-07-17,7355.39013671875,0.0363499975204467,call,1.0081042422187332,0.1041095890410958,140.3
SPXW260717C07420000,2026-06-09 18:00:37+00:00,7420.0,128.64,141.1,141.6,-41.100006,-24.213505,33.0,295.0,0.1780077164649963,False,REGULAR,USD,2026-07-17,7355.39013671875,0.0363499975204467,call,1.008784015814295,0.1041095890410958,141.35
SPXW260717C07425000,2026-06-09 17:22:25+00:00,7425.0,119.7,135.9,136.7,-37.40001,-23.806498,12.0,103.0,0.1751028535461425,False,REGULAR,USD,2026-07-17,7355.39013671875,0.0363499975204467,call,1.0094637894098577,0.1041095890410958,136.3
SPXW260717C07430000,2026-06-09 18:41:58+00:00,7430.0,133.6,133.0,134.1,-19.399994,-12.679734,59.0,72.0,0.1745878745651245,False,REGULAR,USD,2026-07-17,7355.39013671875,0.0363499975204467,call,1.01014356300542,0.1041095890410958,133.55
SPXW260717C07435000,2026-06-08 17:31:08+00:00,7435.0,163.6,132.7,133.2,0.0,0.0,5.0,7.0,0.1758409900856018,False,REGULAR,USD,2026-07-17,7355.39013671875,0.0363499975204467,call,1.010823336600982,0.1041095890410958,132.95
SPXW260717C07440000,2026-06-09 16:00:40+00:00,7440.0,102.96,130.1,130.8,-44.04,-29.959183,59.0,158.0,0.1754881341171264,False,REGULAR,USD,2026-07-17,7355.39013671875,0.0363499975204467,call,1.0115031101965442,0.1041095890410958,130.45
SPXW260717C07445000,2026-06-05 20:07:58+00:00,7445.0,115.6,124.9,125.7,-16.500008,-12.490542,1.0,53.0,0.1722475811958313,False,REGULAR,USD,2026-07-17,7355.39013671875,0.0363499975204467,call,1.0121828837921063,0.1041095890410958,125.3
SPXW260717C07450000,2026-06-09 17:06:49+00:00,7450.0,107.1,123.6,124.2,-32.18,-23.104538,12.0,896.0,0.1727930774497986,False,REGULAR,USD,2026-07-17,7355.39013671875,0.0363499975204467,call,1.012862657387669,0.1041095890410958,123.9
SPXW260717C07455000,2026-06-08 18:06:32+00:00,7455.0,161.0,122.1,122.7,10.699997,7.1190934,1.0,20.0,0.1733156857490539,False,REGULAR,USD,2026-07-17,7355.39013671875,0.0363499975204467,call,1.0135424309832308,0.1041095890410958,122.4
SPXW260717C07460000,2026-06-09 18:52:34+00:00,7460.0,120.0,119.0,119.7,-22.699997,-15.907496,8.0,53.0,0.1722170639228821,False,REGULAR,USD,2026-07-17,7355.39013671875,0.0363499975204467,call,1.014222204578793,0.1041095890410958,119.35
SPX260717C07465000,2026-06-09 18:12:35+00:00,7465.0,105.75,115.2,116.3,-41.83,-28.343948,111.0,57.0,0.1706568683433533,False,REGULAR,USD,2026-07-17,7355.39013671875,0.0363499975204467,call,1.0149019781743551,0.1041095890410958,115.75
SPXW260717C07470000,2026-06-09 17:10:55+00:00,7470.0,115.7,111.7,112.7,-24.87001,-17.692259,2.0,57.0,0.168848719921112,False,REGULAR,USD,2026-07-17,7355.39013671875,0.0363499975204467,call,1.0155817517699173,0.1041095890410958,112.2
SPXW260717C07475000,2026-06-09 17:10:55+00:00,7475.0,84.16,111.2,111.9,-62.28,-42.52936,11.0,105.0,0.170023634929657,False,REGULAR,USD,2026-07-17,7355.39013671875,0.0363499975204467,call,1.0162615253654796,0.1041095890410958,111.55
SPXW260717C07480000,2026-06-09 16:20:15+00:00,7480.0,74.27,108.3,109.2,-56.879997,-43.370186,61.0,51.0,0.1691252827072143,False,REGULAR,USD,2026-07-17,7355.39013671875,0.0363499975204467,call,1.0169412989610418,0.1041095890410958,108.75
SPX260717C07485000,2026-06-08 19:16:04+00:00,7485.0,119.77,104.1,105.3,0.0,0.0,162.0,139.0,0.1668917997932434,False,REGULAR,USD,2026-07-17,7355.39013671875,0.0363499975204467,call,1.017621072556604,0.1041095890410958,104.7
SPXW260717C07490000,2026-06-09 16:55:09+00:00,7490.0,69.5,103.9,104.7,-61.53,-46.958714,17.0,146.0,0.1682154865074158,False,REGULAR,USD,2026-07-17,7355.39013671875,0.0363499975204467,call,1.018300846152166,0.1041095890410958,104.3
SPXW260717C07495000,2026-06-09 16:29:17+00:00,7495.0,73.52,100.8,101.7,-39.480003,-34.938057,1.0,60.0,0.1668975217819214,False,REGULAR,USD,2026-07-17,7355.39013671875,0.0363499975204467,call,1.0189806197477282,0.1041095890410958,101.25
SPX260717C07500000,2026-06-09 19:04:02+00:00,7500.0,102.71,97.5,98.5,-7.790001,-7.0497746,3810.0,14727.0,0.165322067565918,False,REGULAR,USD,2026-07-17,7355.39013671875,0.0363499975204467,call,1.0196603933432906,0.1041095890410958,98.0
SPXW260717C07505000,2026-06-09 16:55:10+00:00,7505.0,63.89,96.3,97.4,-55.47,-46.472855,2.0,203.0,0.166029686832428,False,REGULAR,USD,2026-07-17,7355.39013671875,0.0363499975204467,call,1.0203401669388528,0.1041095890410958,96.85
SPX260717C07510000,2026-06-09 18:37:59+00:00,7510.0,93.63,92.7,93.9,-23.440002,-20.022211,4.0,211.0,0.1640536934089661,False,REGULAR,USD,2026-07-17,7355.39013671875,0.0363499975204467,call,1.021019940534415,0.1041095890410958,93.3
SPXW260717C07515000,2026-06-09 16:22:46+00:00,7515.0,65.1,90.3,91.2,-48.9,-42.894737,91.0,115.0,0.162924554309845,False,REGULAR,USD,2026-07-17,7355.39013671875,0.0363499975204467,call,1.021699714129977,0.1041095890410958,90.75
SPX260717C07520000,2026-06-09 18:57:21+00:00,7520.0,92.4,86.5,87.6,-11.099998,-10.724636,151.0,1148.0,0.1607463839530945,False,REGULAR,USD,2026-07-17,7355.39013671875,0.0363499975204467,call,1.0223794877255392,0.1041095890410958,87.05
SPX260717C07525000,2026-06-09 18:56:55+00:00,7525.0,88.74,84.5,85.6,-14.57,-14.103185,108.0,3097.0,0.160328678779602,False,REGULAR,USD,2026-07-17,7355.39013671875,0.0363499975204467,call,1.0230592613211016,0.1041095890410958,85.05
SPX260717C07530000,2026-06-09 18:43:15+00:00,7530.0,82.8,82.2,83.6,-21.059998,-20.277294,8.0,217.0,0.159878549003601,False,REGULAR,USD,2026-07-17,7355.39013671875,0.0363499975204467,call,1.0237390349166635,0.1041095890410958,82.9
SPXW260717C07535000,2026-06-09 13:39:43+00:00,7535.0,119.1,81.5,82.2,14.599998,13.971291,7.0,20.0,0.1600845405960083,False,REGULAR,USD,2026-07-17,7355.39013671875,0.0363499975204467,call,1.024418808512226,0.1041095890410958,81.85
SPXW260717C07540000,2026-06-09 19:04:02+00:00,7540.0,85.5,79.4,80.1,-17.580002,-17.054716,19.0,60.0,0.1594627511596679,False,REGULAR,USD,2026-07-17,7355.39013671875,0.0363499975204467,call,1.025098582107788,0.1041095890410958,79.75
SPXW260717C07545000,2026-06-08 18:41:12+00:00,7545.0,108.3,77.0,78.0,11.200005,11.534506,1.0,73.0,0.1588066297912598,False,REGULAR,USD,2026-07-17,7355.39013671875,0.0363499975204467,call,1.0257783557033502,0.1041095890410958,77.5
SPX260717C07550000,2026-06-09 19:09:43+00:00,7550.0,76.8,75.2,76.3,-9.469994,-10.977158,1966.0,6893.0,0.1585834722328186,False,REGULAR,USD,2026-07-17,7355.39013671875,0.0363499975204467,call,1.0264581292989126,0.1041095890410958,75.75
SPXW260717C07555000,2026-06-09 14:01:38+00:00,7555.0,92.74,74.8,75.3,-3.1100006,-3.2446537,13.0,32.0,0.1591518564414978,False,REGULAR,USD,2026-07-17,7355.39013671875,0.0363499975204467,call,1.0271379028944747,0.1041095890410958,75.05
SPX260717C07560000,2026-06-09 16:13:51+00:00,7560.0,77.1,70.9,71.9,-4.0999985,-5.049259,11.0,296.0,0.1568649682998657,False,REGULAR,USD,2026-07-17,7355.39013671875,0.0363499975204467,call,1.0278176764900369,0.1041095890410958,71.4
SPXW260717C07565000,2026-06-09 18:56:25+00:00,7565.0,72.69,70.5,71.2,-14.110001,-16.25576,33.0,52.0,0.1577366179084778,False,REGULAR,USD,2026-07-17,7355.39013671875,0.0363499975204467,call,1.028497450085599,0.1041095890410958,70.85
SPXW260717C07570000,2026-06-09 17:13:17+00:00,7570.0,50.75,68.9,69.4,-36.46,-41.807133,18.0,30.0,0.1572731368255615,False,REGULAR,USD,2026-07-17,7355.39013671875,0.0363499975204467,call,1.0291772236811612,0.1041095890410958,69.15
SPX260717C07575000,2026-06-09 19:12:46+00:00,7575.0,66.43,65.7,66.8,-9.239998,-12.210913,96.0,3928.0,0.1558102150535583,False,REGULAR,USD,2026-07-17,7355.39013671875,0.0363499975204467,call,1.0298569972767233,0.1041095890410958,66.25
SPXW260717C07580000,2026-06-09 17:49:44+00:00,7580.0,53.72,63.6,64.5,-27.580002,-33.92374,35.0,105.0,0.154662002658844,False,REGULAR,USD,2026-07-17,7355.39013671875,0.0363499975204467,call,1.0305367708722857,0.1041095890410958,64.05
SPXW260717C07585000,2026-06-09 17:29:16+00:00,7585.0,53.6,63.4,63.9,-25.550003,-32.280483,33.0,64.0,0.1555641695404052,False,REGULAR,USD,2026-07-17,7355.39013671875,0.0363499975204467,call,1.0312165444678478,0.1041095890410958,63.65
SPXW260717C07590000,2026-06-09 19:12:21+00:00,7590.0,62.6,60.5,61.2,-10.940002,-14.876261,52.0,46.0,0.1538437582778931,False,REGULAR,USD,2026-07-17,7355.39013671875,0.0363499975204467,call,1.03189631806341,0.1041095890410958,60.85
SPX260717C07595000,2026-06-08 15:15:56+00:00,7595.0,89.08,58.6,59.6,0.0,0.0,55.0,133.0,0.1534470337295532,False,REGULAR,USD,2026-07-17,7355.39013671875,0.0363499975204467,call,1.032576091658972,0.1041095890410958,59.1
SPX260717C07600000,2026-06-09 19:12:20+00:00,7600.0,57.12,56.5,57.4,-8.380001,-12.793895,2344.0,19388.0,0.1522568600845337,False,REGULAR,USD,2026-07-17,7355.39013671875,0.0363499975204467,call,1.0332558652545345,0.1041095890410958,56.95
SPX260717C07605000,2026-06-09 17:48:27+00:00,7605.0,46.43,55.4,56.4,-29.239998,-38.641468,83.0,137.0,0.1525524961662292,False,REGULAR,USD,2026-07-17,7355.39013671875,0.0363499975204467,call,1.0339356388500966,0.1041095890410958,55.9
SPX260717C07610000,2026-06-09 17:12:21+00:00,7610.0,39.08,52.8,53.9,-23.419998,-37.471996,45.0,493.0,0.1508873974609375,False,REGULAR,USD,2026-07-17,7355.39013671875,0.0363499975204467,call,1.0346154124456588,0.1041095890410958,53.35
SPX260717C07615000,2026-06-05 20:07:44+00:00,7615.0,50.4,51.0,52.0,-4.5,-8.196721,3.0,187.0,0.1499451766586303,False,REGULAR,USD,2026-07-17,7355.39013671875,0.0363499975204467,call,1.035295186041221,0.1041095890410958,51.5
SPX260717C07620000,2026-06-09 18:16:11+00:00,7620.0,44.94,50.5,51.4,-13.280003,-22.810034,24.0,178.0,0.150679498538971,False,REGULAR,USD,2026-07-17,7355.39013671875,0.0363499975204467,call,1.035974959636783,0.1041095890410958,50.95
SPX260717C07625000,2026-06-09 19:12:46+00:00,7625.0,49.53,49.0,49.8,-7.470001,-13.105266,206.0,1548.0,0.1500634310913086,False,REGULAR,USD,2026-07-17,7355.39013671875,0.0363499975204467,call,1.0366547332323452,0.1041095890410958,49.4
SPX260717C07630000,2026-06-09 18:16:11+00:00,7630.0,42.24,47.4,48.3,-22.689999,-34.94532,3.0,490.0,0.1495446374511718,False,REGULAR,USD,2026-07-17,7355.39013671875,0.0363499975204467,call,1.0373345068279076,0.1041095890410958,47.85
SPX260717C07635000,2026-06-09 17:27:07+00:00,7635.0,38.08,45.7,46.7,-15.82,-29.350649,3.0,133.0,0.1488484621620178,False,REGULAR,USD,2026-07-17,7355.39013671875,0.0363499975204467,call,1.0380142804234698,0.1041095890410958,46.2
SPX260717C07640000,2026-06-09 14:45:11+00:00,7640.0,29.77,43.8,44.9,-21.98,-42.47343,15.0,190.0,0.1478318555068969,False,REGULAR,USD,2026-07-17,7355.39013671875,0.0363499975204467,call,1.038694054019032,0.1041095890410958,44.35
SPX260717C07645000,2026-06-09 17:27:07+00:00,7645.0,34.38,42.4,43.5,-15.82,-31.513945,1.0,177.0,0.1473245058441162,False,REGULAR,USD,2026-07-17,7355.39013671875,0.0363499975204467,call,1.039373827614594,0.1041095890410958,42.95
SPX260717C07650000,2026-06-09 19:12:23+00:00,7650.0,42.63,41.5,42.4,-5.0699997,-10.62893,2231.0,3851.0,0.147206251411438,False,REGULAR,USD,2026-07-17,7355.39013671875,0.0363499975204467,call,1.0400536012101562,0.1041095890410958,41.95
SPXW260717C07655000,2026-06-08 19:50:11+00:00,7655.0,49.4,40.6,41.1,0.0,0.0,11.0,22.0,0.1467713802719116,False,REGULAR,USD,2026-07-17,7355.39013671875,0.0363499975204467,call,1.0407333748057186,0.1041095890410958,40.85
SPX260717C07660000,2026-06-09 18:12:39+00:00,7660.0,39.53,39.2,40.1,-11.130001,-21.97,104.0,801.0,0.1467332336807251,False,REGULAR,USD,2026-07-17,7355.39013671875,0.0363499975204467,call,1.0414131484012807,0.1041095890410958,39.650000000000006
SPXW260717C07665000,2026-06-09 16:22:09+00:00,7665.0,25.26,38.7,39.4,-23.94,-48.658535,2.0,22.0,0.1471108849334717,False,REGULAR,USD,2026-07-17,7355.39013671875,0.0363499975204467,call,1.042092921996843,0.1041095890410958,39.05
SPX260717C07670000,2026-06-09 18:44:14+00:00,7670.0,35.35,36.0,37.1,-9.25,-20.73991,15.0,673.0,0.14507767162323,False,REGULAR,USD,2026-07-17,7355.39013671875,0.0363499975204467,call,1.042772695592405,0.1041095890410958,36.55
SPXW260717C07675000,2026-06-09 17:10:29+00:00,7675.0,34.15,36.5,36.9,-7.109997,-17.23218,59.0,131.0,0.1461495908355712,False,REGULAR,USD,2026-07-17,7355.39013671875,0.0363499975204467,call,1.0434524691879672,0.1041095890410958,36.7
SPXW260717C07680000,2026-06-09 18:39:38+00:00,7680.0,36.2,34.8,35.4,-5.5999985,-13.397126,89.0,91.0,0.1452226286697387,False,REGULAR,USD,2026-07-17,7355.39013671875,0.0363499975204467,call,1.0441322427835296,0.1041095890410958,35.099999999999994
SPXW260717C07685000,2026-06-09 16:54:09+00:00,7685.0,27.08,33.2,33.8,-17.519999,-39.28251,63.0,71.0,0.144083952922821,False,REGULAR,USD,2026-07-17,7355.39013671875,0.0363499975204467,call,1.0448120163790915,0.1041095890410958,33.5
SPX260717C07690000,2026-06-09 17:45:11+00:00,7690.0,28.22,32.3,33.1,-14.160002,-33.411987,16.0,260.0,0.1443147397994995,False,REGULAR,USD,2026-07-17,7355.39013671875,0.0363499975204467,call,1.045491789974654,0.1041095890410958,32.7
SPXW260717C07695000,2026-06-09 13:49:10+00:00,7695.0,54.9,32.0,32.5,16.7,43.71728,19.0,39.0,0.1446847617340087,False,REGULAR,USD,2026-07-17,7355.39013671875,0.0363499975204467,call,1.046171563570216,0.1041095890410958,32.25
SPXW260717C07700000,2026-06-09 19:13:30+00:00,7700.0,31.39,30.2,30.6,-3.959999,-11.202261,199.0,733.0,0.1429128525733948,False,REGULAR,USD,2026-07-17,7355.39013671875,0.0363499975204467,call,1.0468513371657782,0.1041095890410958,30.4
SPXW260717C07705000,2026-06-09 18:41:25+00:00,7705.0,29.48,29.7,30.2,-6.119999,-17.191008,9.0,24.0,0.143551807975769,False,REGULAR,USD,2026-07-17,7355.39013671875,0.0363499975204467,call,1.0475311107613403,0.1041095890410958,29.95
SPX260717C07710000,2026-06-09 18:55:02+00:00,7710.0,28.45,27.3,28.4,-12.349998,-30.269606,13.0,1024.0,0.1418161380767822,False,REGULAR,USD,2026-07-17,7355.39013671875,0.0363499975204467,call,1.048210884356903,0.1041095890410958,27.85
SPX260717C07715000,2026-06-08 19:48:26+00:00,7715.0,45.2,26.7,27.5,13.0,40.37267,150.0,631.0,0.1415452972793579,False,REGULAR,USD,2026-07-17,7355.39013671875,0.0363499975204467,call,1.0488906579524648,0.1041095890410958,27.1
SPX260717C07720000,2026-06-09 18:58:20+00:00,7720.0,28.13,25.4,26.2,-3.17,-10.127796,32.0,566.0,0.140534412612915,False,REGULAR,USD,2026-07-17,7355.39013671875,0.0363499975204467,call,1.049570431548027,0.1041095890410958,25.8
SPXW260717C07725000,2026-06-09 17:14:13+00:00,7725.0,18.43,25.5,25.9,-11.619999,-38.66888,19.0,1306.0,0.141247753868103,False,REGULAR,USD,2026-07-17,7355.39013671875,0.0363499975204467,call,1.0502502051435891,0.1041095890410958,25.7
SPXW260717C07730000,2026-06-09 17:30:47+00:00,7730.0,19.82,25.0,25.5,-9.83,-33.153458,77.0,163.0,0.141774176826477,False,REGULAR,USD,2026-07-17,7355.39013671875,0.0363499975204467,call,1.0509299787391515,0.1041095890410958,25.25
SPX260717C07735000,2026-06-09 15:36:35+00:00,7735.0,17.44,22.7,23.7,-11.059999,-38.80702,1.0,61.0,0.1397066315841674,False,REGULAR,USD,2026-07-17,7355.39013671875,0.0363499975204467,call,1.0516097523347137,0.1041095890410958,23.2
SPX260717C07740000,2026-06-09 18:54:49+00:00,7740.0,22.99,22.0,22.8,-3.540001,-13.343388,6.0,522.0,0.1392297991943359,False,REGULAR,USD,2026-07-17,7355.39013671875,0.0363499975204467,call,1.0522895259302758,0.1041095890410958,22.4
SPXW260717C07745000,2026-06-09 17:30:47+00:00,7745.0,17.77,22.5,23.1,-12.98,-42.211384,2.0,16.0,0.1410074303436279,False,REGULAR,USD,2026-07-17,7355.39013671875,0.0363499975204467,call,1.052969299525838,0.1041095890410958,22.8
SPXW260717C07750000,2026-06-09 18:57:35+00:00,7750.0,23.19,21.9,22.2,-2.4399986,-9.520088,134.0,464.0,0.1404810073852539,False,REGULAR,USD,2026-07-17,7355.39013671875,0.0363499975204467,call,1.0536490731214,0.1041095890410958,22.05
SPX260717C07755000,2026-06-09 17:56:23+00:00,7755.0,17.55,19.7,20.4,-6.75,-27.777779,414.0,64.0,0.138119733390808,False,REGULAR,USD,2026-07-17,7355.39013671875,0.0363499975204467,call,1.0543288467169625,0.1041095890410958,20.05
SPX260717C07760000,2026-06-09 19:07:51+00:00,7760.0,20.99,18.9,19.6,-2.5699997,-10.9083185,7.0,410.0,0.1376619742965698,False,REGULAR,USD,2026-07-17,7355.39013671875,0.0363499975204467,call,1.0550086203125246,0.1041095890410958,19.25
SPXW260717C07765000,2026-06-09 17:13:35+00:00,7765.0,13.54,19.4,19.9,-13.14,-49.250374,11.0,40.0,0.1394396054458618,False,REGULAR,USD,2026-07-17,7355.39013671875,0.0363499975204467,call,1.0556883939080868,0.1041095890410958,19.65
SPXW260717C07770000,2026-06-09 18:15:11+00:00,7770.0,16.5,18.8,19.3,-6.700001,-28.879313,53.0,170.0,0.1393594976043701,False,REGULAR,USD,2026-07-17,7355.39013671875,0.0363499975204467,call,1.056368167503649,0.1041095890410958,19.05
SPX260717C07775000,2026-06-09 18:04:47+00:00,7775.0,15.01,17.1,17.8,-5.3899994,-26.421566,123.0,3141.0,0.1373148403167725,False,REGULAR,USD,2026-07-17,7355.39013671875,0.0363499975204467,call,1.057047941099211,0.1041095890410958,17.450000000000003
SPX260717C07780000,2026-06-09 17:01:07+00:00,7780.0,12.0,16.8,17.4,-8.35,-41.031944,153.0,370.0,0.1375704224777221,False,REGULAR,USD,2026-07-17,7355.39013671875,0.0363499975204467,call,1.0577277146947734,0.1041095890410958,17.1
SPXW260717C07785000,2026-06-08 19:56:58+00:00,7785.0,9.25,16.4,16.9,-10.0,-51.94805,4.0,14.0,0.1375856811141967,False,REGULAR,USD,2026-07-17,7355.39013671875,0.0363499975204467,call,1.0584074882903356,0.1041095890410958,16.65
SPXW260717C07790000,2026-06-09 17:13:29+00:00,7790.0,11.24,16.1,16.6,-7.8999996,-41.274815,17.0,172.0,0.1380281815719604,False,REGULAR,USD,2026-07-17,7355.39013671875,0.0363499975204467,call,1.0590872618858975,0.1041095890410958,16.35
SPX260717C07795000,2026-06-08 19:45:03+00:00,7795.0,17.7,15.0,15.6,0.0,0.0,14.0,4448.0,0.1368303786087036,False,REGULAR,USD,2026-07-17,7355.39013671875,0.0363499975204467,call,1.05976703548146,0.1041095890410958,15.3
SPX260717C07800000,2026-06-09 18:48:43+00:00,7800.0,14.39,14.2,14.7,-2.1099997,-12.787877,2128.0,13970.0,0.1357813473510742,False,REGULAR,USD,2026-07-17,7355.39013671875,0.0363499975204467,call,1.060446809077022,0.1041095890410958,14.45
SPX260717C07805000,2026-06-08 19:12:37+00:00,7805.0,17.82,13.5,14.1,0.7199993,4.210522,1.0,194.0,0.135399881439209,False,REGULAR,USD,2026-07-17,7355.39013671875,0.0363499975204467,call,1.0611265826725844,0.1041095890410958,13.8
SPX260717C07810000,2026-06-09 18:59:51+00:00,7810.0,14.45,13.1,13.7,-1.750001,-10.802474,157.0,527.0,0.1354723599624634,False,REGULAR,USD,2026-07-17,7355.39013671875,0.0363499975204467,call,1.0618063562681466,0.1041095890410958,13.4
SPXW260717C07815000,2026-06-09 19:00:49+00:00,7815.0,14.08,13.4,13.7,-2.9699993,-17.419352,6.0,36.0,0.136540464515686,False,REGULAR,USD,2026-07-17,7355.39013671875,0.0363499975204467,call,1.0624861298637087,0.1041095890410958,13.55
SPXW260717C07820000,2026-06-08 18:22:05+00:00,7820.0,8.42,12.5,13.0,-9.43,-52.829132,3.0,105.0,0.1358042353057861,False,REGULAR,USD,2026-07-17,7355.39013671875,0.0363499975204467,call,1.0631659034592709,0.1041095890410958,12.75
SPX260717C07825000,2026-06-09 19:00:55+00:00,7825.0,12.5,12.0,12.5,-1.1499996,-8.424906,2031.0,6414.0,0.1355372091674805,False,REGULAR,USD,2026-07-17,7355.39013671875,0.0363499975204467,call,1.063845677054833,0.1041095890410958,12.25
SPX260717C07830000,2026-06-09 17:55:19+00:00,7830.0,9.7,11.1,11.7,-4.2,-30.215826,110.0,472.0,0.134400440750122,False,REGULAR,USD,2026-07-17,7355.39013671875,0.0363499975204467,call,1.0645254506503954,0.1041095890410958,11.4
SPXW260717C07835000,2026-06-09 15:22:08+00:00,7835.0,6.25,11.3,11.7,-6.8,-52.10728,5.0,26.0,0.1354342133712768,False,REGULAR,USD,2026-07-17,7355.39013671875,0.0363499975204467,call,1.0652052242459575,0.1041095890410958,11.5
SPXW260717C07840000,2026-06-09 18:14:27+00:00,7840.0,9.6,10.9,11.3,-7.3500004,-43.362835,11.0,120.0,0.1353388468933106,False,REGULAR,USD,2026-07-17,7355.39013671875,0.0363499975204467,call,1.0658849978415197,0.1041095890410958,11.1
SPX260717C07845000,2026-06-09 14:09:06+00:00,7845.0,8.8,9.9,10.5,-4.4799995,-33.734936,19.0,73.0,0.1340342334747314,False,REGULAR,USD,2026-07-17,7355.39013671875,0.0363499975204467,call,1.0665647714370818,0.1041095890410958,10.2
SPX260717C07850000,2026-06-09 18:59:52+00:00,7850.0,10.6,9.8,10.3,-0.42000008,-3.8112528,512.0,13011.0,0.1344424020004272,False,REGULAR,USD,2026-07-17,7355.39013671875,0.0363499975204467,call,1.067244545032644,0.1041095890410958,10.05
SPXW260717C07855000,2026-06-05 15:11:54+00:00,7855.0,21.98,9.7,10.2,0.0,0.0,1.0,42.0,0.1351442992782593,False,REGULAR,USD,2026-07-17,7355.39013671875,0.0363499975204467,call,1.0679243186282064,0.1041095890410958,9.95
SPXW260717C07860000,2026-06-09 18:14:27+00:00,7860.0,8.2,9.5,9.9,-2.7700005,-25.250689,5.0,115.0,0.135224407119751,False,REGULAR,USD,2026-07-17,7355.39013671875,0.0363499975204467,call,1.0686040922237685,0.1041095890410958,9.7
SPX260717C07865000,2026-06-08 16:17:35+00:00,7865.0,13.99,8.6,9.1,0.0,0.0,2.0,8.0,0.1336756555175781,False,REGULAR,USD,2026-07-17,7355.39013671875,0.0363499975204467,call,1.0692838658193309,0.1041095890410958,8.85
SPX260717C07870000,2026-06-09 16:09:33+00:00,7870.0,5.45,8.2,8.7,-4.79,-46.777344,40.0,171.0,0.1333323361968994,False,REGULAR,USD,2026-07-17,7355.39013671875,0.0363499975204467,call,1.0699636394148928,0.1041095890410958,8.45
SPXW260717C07875000,2026-06-09 18:36:47+00:00,7875.0,8.6,8.4,8.7,-1.2999992,-13.131306,7.0,85.0,0.1343050742721557,False,REGULAR,USD,2026-07-17,7355.39013671875,0.0363499975204467,call,1.070643413010455,0.1041095890410958,8.55
SPXW260717C07880000,2026-06-09 19:06:21+00:00,7880.0,8.72,8.1,8.5,-0.77999973,-8.210523,28.0,100.0,0.134598803024292,False,REGULAR,USD,2026-07-17,7355.39013671875,0.0363499975204467,call,1.071323186606017,0.1041095890410958,8.3
SPX260717C07890000,2026-06-09 17:42:48+00:00,7890.0,6.3,7.1,7.5,-4.3,-40.56604,268.0,1297.0,0.1329584996032715,False,REGULAR,USD,2026-07-17,7355.39013671875,0.0363499975204467,call,1.0726827337971416,0.1041095890410958,7.3
SPX260717C07900000,2026-06-09 18:48:05+00:00,7900.0,7.14,6.5,7.0,-0.1500001,-2.2658625,523.0,11993.0,0.1329508702850342,False,REGULAR,USD,2026-07-17,7355.39013671875,0.0363499975204467,call,1.074042280988266,0.1041095890410958,6.75
SPXW260717C07910000,2026-06-09 18:42:19+00:00,7910.0,6.19,6.3,6.6,-1.21,-16.35135,12.0,119.0,0.1332255257415771,False,REGULAR,USD,2026-07-17,7355.39013671875,0.0363499975204467,call,1.0754018281793905,0.1041095890410958,6.449999999999999
SPX260717C07920000,2026-06-09 18:59:45+00:00,7920.0,6.09,5.3,5.8,-1.6599998,-21.419353,11.0,330.0,0.1316996620941162,False,REGULAR,USD,2026-07-17,7355.39013671875,0.0363499975204467,call,1.0767613753705148,0.1041095890410958,5.55
SPX260717C07925000,2026-06-09 18:52:06+00:00,7925.0,5.37,5.3,5.7,-1.8299999,-25.416668,8623.0,629.0,0.1321574211883545,False,REGULAR,USD,2026-07-17,7355.39013671875,0.0363499975204467,call,1.077441148966077,0.1041095890410958,5.5
SPXW260717C07930000,2026-06-09 16:52:53+00:00,7930.0,3.3,5.4,5.7,-4.2,-55.999996,5.0,48.0,0.1330576807403564,False,REGULAR,USD,2026-07-17,7355.39013671875,0.0363499975204467,call,1.0781209225616393,0.1041095890410958,5.550000000000001
SPX260717C07940000,2026-06-05 19:17:54+00:00,7940.0,5.7,4.7,5.1,0.0,0.0,153.0,245.0,0.1320582400512695,False,REGULAR,USD,2026-07-17,7355.39013671875,0.0363499975204467,call,1.0794804697527636,0.1041095890410958,4.9
SPX260717C07950000,2026-06-09 19:02:29+00:00,7950.0,4.6,4.2,4.6,-0.1500001,-3.1578968,209.0,3017.0,0.1313258255004882,False,REGULAR,USD,2026-07-17,7355.39013671875,0.0363499975204467,call,1.080840016943888,0.1041095890410958,4.4
SPX260717C07960000,2026-06-09 14:10:05+00:00,7960.0,2.75,3.9,4.4,-2.6,-48.598133,9.0,565.0,0.1320124641418457,False,REGULAR,USD,2026-07-17,7355.39013671875,0.0363499975204467,call,1.0821995641350124,0.1041095890410958,4.15
SPX260717C07970000,2026-06-09 15:54:16+00:00,7970.0,2.67,3.5,3.9,-2.38,-47.128716,13.0,333.0,0.1309367302703857,False,REGULAR,USD,2026-07-17,7355.39013671875,0.0363499975204467,call,1.0835591113261367,0.1041095890410958,3.7
SPXW260717C07975000,2026-06-09 16:34:14+00:00,7975.0,2.49,3.6,4.0,-1.7099998,-40.714283,15.0,386.0,0.1323557834625244,False,REGULAR,USD,2026-07-17,7355.39013671875,0.0363499975204467,call,1.0842388849216988,0.1041095890410958,3.8
SPX260717C07980000,2026-06-09 16:31:02+00:00,7980.0,2.07,3.3,3.8,-2.76,-57.142857,93.0,231.0,0.1320277227783203,False,REGULAR,USD,2026-07-17,7355.39013671875,0.0363499975204467,call,1.0849186585172612,0.1041095890410958,3.55
SPXW260717C07990000,2026-06-09 16:51:56+00:00,7990.0,2.55,3.2,3.6,-2.05,-44.56522,110.0,172.0,0.1324854818725586,False,REGULAR,USD,2026-07-17,7355.39013671875,0.0363499975204467,call,1.0862782057083855,0.1041095890410958,3.4000000000000004
SPXW260717C08000000,2026-06-09 19:04:42+00:00,8000.0,3.34,3.1,3.4,-0.06000018,-1.7647111,303.0,1737.0,0.1328822064208984,False,REGULAR,USD,2026-07-17,7355.39013671875,0.0363499975204467,call,1.0876377528995098,0.1041095890410958,3.25
SPX260717C08010000,2026-06-09 13:48:17+00:00,8010.0,4.82,2.65,2.95,1.8200002,60.66667,50.0,247.0,0.1314631532287598,False,REGULAR,USD,2026-07-17,7355.39013671875,0.0363499975204467,call,1.0889973000906343,0.1041095890410958,2.8
SPXW260717C08020000,2026-06-09 16:28:12+00:00,8020.0,1.62,2.65,2.9,-1.2299999,-43.157894,3.0,137.0,0.1326991027832031,False,REGULAR,USD,2026-07-17,7355.39013671875,0.0363499975204467,call,1.0903568472817586,0.1041095890410958,2.775
SPX260717C08025000,2026-06-09 18:16:29+00:00,8025.0,2.1,2.35,2.65,-1.0500002,-33.333336,208.0,11074.0,0.1316309982299804,False,REGULAR,USD,2026-07-17,7355.39013671875,0.0363499975204467,call,1.0910366208773208,0.1041095890410958,2.5
SPX260717C08030000,2026-06-09 18:58:10+00:00,8030.0,2.48,2.25,2.55,-0.81999993,-24.848482,443.0,1130.0,0.1316462568664551,False,REGULAR,USD,2026-07-17,7355.39013671875,0.0363499975204467,call,1.091716394472883,0.1041095890410958,2.4
SPXW260717C08040000,2026-06-09 16:51:56+00:00,8040.0,1.58,2.25,2.5,-1.5199999,-49.032253,109.0,177.0,0.1328059132385254,False,REGULAR,USD,2026-07-17,7355.39013671875,0.0363499975204467,call,1.0930759416640077,0.1041095890410958,2.375
SPX260717C08050000,2026-06-09 17:26:32+00:00,8050.0,1.85,1.9,2.25,-0.31000006,-14.351854,45.0,7632.0,0.1322566023254394,False,REGULAR,USD,2026-07-17,7355.39013671875,0.0363499975204467,call,1.0944354888551318,0.1041095890410958,2.075
SPXW260717C08060000,2026-06-09 16:43:55+00:00,8060.0,1.2,1.9,2.15,-1.0999999,-47.826084,4.0,117.0,0.132897465057373,False,REGULAR,USD,2026-07-17,7355.39013671875,0.0363499975204467,call,1.0957950360462565,0.1041095890410958,2.025
SPX260717C08070000,2026-06-05 16:11:44+00:00,8070.0,3.1,1.65,1.95,0.0,0.0,10.0,107.0,0.132546516418457,False,REGULAR,USD,2026-07-17,7355.39013671875,0.0363499975204467,call,1.0971545832373806,0.1041095890410958,1.7999999999999998
SPXW260717C08075000,2026-06-09 15:36:35+00:00,8075.0,1.2,1.7,1.95,-1.51,-55.719555,4.0,130.0,0.1332941896057128,False,REGULAR,USD,2026-07-17,7355.39013671875,0.0363499975204467,call,1.0978343568329427,0.1041095890410958,1.825
SPXW260717C08080000,2026-06-09 15:24:56+00:00,8080.0,1.37,1.75,1.9,-1.58,-53.559322,1.0,116.0,0.1335535864257812,False,REGULAR,USD,2026-07-17,7355.39013671875,0.0363499975204467,call,1.0985141304285049,0.1041095890410958,1.825
SPX260717C08090000,2026-06-09 16:06:27+00:00,8090.0,1.04,1.4,1.75,-2.16,-67.5,3.0,295.0,0.1334925518798828,False,REGULAR,USD,2026-07-17,7355.39013671875,0.0363499975204467,call,1.0998736776196294,0.1041095890410958,1.575
SPX260717C08100000,2026-06-09 17:49:31+00:00,8100.0,1.25,1.3,1.65,-0.16999996,-11.971828,6.0,52424.0,0.133874017791748,False,REGULAR,USD,2026-07-17,7355.39013671875,0.0363499975204467,call,1.1012332248107537,0.1041095890410958,1.475
SPX260717C08110000,2026-06-09 17:56:36+00:00,8110.0,1.23,1.2,1.55,-1.02,-45.333332,232.0,231.0,0.1341944491577148,False,REGULAR,USD,2026-07-17,7355.39013671875,0.0363499975204467,call,1.1025927720018782,0.1041095890410958,1.375
SPX260717C08120000,2026-06-04 19:08:06+00:00,8120.0,0.93,1.15,1.45,-4.57,-83.09091,2.0,50.0,0.1344385873413086,False,REGULAR,USD,2026-07-17,7355.39013671875,0.0363499975204467,call,1.1039523191930023,0.1041095890410958,1.2999999999999998
SPXW260717C08125000,2026-06-08 14:56:16+00:00,8125.0,1.85,1.3,1.45,0.0,0.0,21.0,64.0,0.1351557432556152,False,REGULAR,USD,2026-07-17,7355.39013671875,0.0363499975204467,call,1.104632092788565,0.1041095890410958,1.375
SPXW260717C08130000,2026-06-04 14:29:39+00:00,8130.0,0.8,1.25,1.4,-2.81,-77.83934,1.0,7.0,0.1352320364379883,False,REGULAR,USD,2026-07-17,7355.39013671875,0.0363499975204467,call,1.1053118663841268,0.1041095890410958,1.325
SPXW260717C08150000,2026-06-09 18:54:21+00:00,8150.0,1.18,1.1,1.25,-0.1400001,-10.606068,9.0,432.0,0.1360865200805664,False,REGULAR,USD,2026-07-17,7355.39013671875,0.0363499975204467,call,1.1080309607663756,0.1041095890410958,1.175
SPXW260717C08160000,2026-06-05 19:22:09+00:00,8160.0,0.7,1.05,1.2,-0.45,-39.130436,1.0,43.0,0.1367579000854492,False,REGULAR,USD,2026-07-17,7355.39013671875,0.0363499975204467,call,1.1093905079575002,0.1041095890410958,1.125
SPXW260717C08170000,2026-06-08 18:23:01+00:00,8170.0,1.22,0.95,1.15,0.0,0.0,1.0,22.0,0.137429280090332,False,REGULAR,USD,2026-07-17,7355.39013671875,0.0363499975204467,call,1.1107500551486245,0.1041095890410958,1.0499999999999998
SPXW260717C08175000,2026-06-05 18:04:37+00:00,8175.0,1.19,0.9,1.1,0.0,0.0,13.0,268.0,0.1373377282714844,False,REGULAR,USD,2026-07-17,7355.39013671875,0.0363499975204467,call,1.1114298287441866,0.1041095890410958,1.0
SPXW260717C08180000,2026-06-08 18:23:01+00:00,8180.0,1.12,0.95,1.1,0.0,0.0,1.0,32.0,0.1380396255493164,False,REGULAR,USD,2026-07-17,7355.39013671875,0.0363499975204467,call,1.1121096023397488,0.1041095890410958,1.025
SPXW260717C08190000,2026-06-05 13:44:56+00:00,8190.0,1.52,0.85,1.05,0.0,0.0,30.0,40.0,0.1386194537353515,False,REGULAR,USD,2026-07-17,7355.39013671875,0.0363499975204467,call,1.1134691495308733,0.1041095890410958,0.95
SPXW260717C08200000,2026-06-09 18:54:21+00:00,8200.0,0.88,0.85,1.0,-0.34000003,-27.868855,26.0,258.0,0.1391382473754883,False,REGULAR,USD,2026-07-17,7355.39013671875,0.0363499975204467,call,1.1148286967219976,0.1041095890410958,0.925
SPXW260717C08230000,2026-06-09 14:38:16+00:00,8230.0,0.75,0.7,0.85,-0.14999998,-16.666664,2.0,14.0,0.1404504901123047,False,REGULAR,USD,2026-07-17,7355.39013671875,0.0363499975204467,call,1.1189073382953707,0.1041095890410958,0.7749999999999999
SPXW260717C08450000,2026-06-03 15:07:14+00:00,8450.0,0.65,0.35,0.45,0.0,0.0,1.0,7.0,0.1577843011474609,False,REGULAR,USD,2026-07-17,7355.39013671875,0.0363499975204467,call,1.1488173765001073,0.1041095890410958,0.4
SPXW260724C07290000,2026-06-09 16:13:54+00:00,7290.0,200.49,239.9,241.0,-198.31999,-49.72794,1.0,1.0,0.1986946128654479,True,REGULAR,USD,2026-07-24,7355.39013671875,0.0363499975204467,call,0.9911099023296784,0.1232876712328767,240.45
SPXW260724C07300000,2026-06-05 16:21:47+00:00,7300.0,188.2,229.7,231.0,-113.18001,-37.55392,3.0,15.0,0.194168519821167,True,REGULAR,USD,2026-07-24,7355.39013671875,0.0363499975204467,call,0.9924694495208028,0.1232876712328767,230.35
SPXW260724C07320000,2026-05-29 18:43:47+00:00,7320.0,176.0,217.4,218.6,-196.79999,-52.789696,3.0,1.0,0.1922955221939087,True,REGULAR,USD,2026-07-24,7355.39013671875,0.0363499975204467,call,0.9951885439030516,0.1232876712328767,218.0
SPXW260724C07325000,2026-06-05 20:02:41+00:00,7325.0,223.12,213.2,214.6,0.0,0.0,1.0,1.0,0.1909127082633972,True,REGULAR,USD,2026-07-24,7355.39013671875,0.0363499975204467,call,0.9958683174986136,0.1232876712328767,213.9
SPXW260724C07340000,2026-06-01 14:35:53+00:00,7340.0,350.76,205.8,207.0,0.0,0.0,1.0,2.0,0.1908993569564819,True,REGULAR,USD,2026-07-24,7355.39013671875,0.0363499975204467,call,0.9979076382853004,0.1232876712328767,206.4
SPXW260724C07350000,2026-06-05 16:51:19+00:00,7350.0,149.43,199.0,200.2,-107.67001,-41.87865,2.0,2.0,0.1891274477958679,True,REGULAR,USD,2026-07-24,7355.39013671875,0.0363499975204467,call,0.9992671854764248,0.1232876712328767,199.6
SPXW260724C07375000,2026-06-09 14:56:45+00:00,7375.0,183.14,183.1,184.2,-31.680008,-14.747233,2.0,15.0,0.1853318619728088,False,REGULAR,USD,2026-07-24,7355.39013671875,0.0363499975204467,call,1.0026660534542358,0.1232876712328767,183.65
SPXW260724C07380000,2026-06-09 15:05:17+00:00,7380.0,183.23,178.2,179.7,-22.970001,-11.13967,8.0,8.0,0.1832662240600585,False,REGULAR,USD,2026-07-24,7355.39013671875,0.0363499975204467,call,1.003345827049798,0.1232876712328767,178.95
SPXW260724C07390000,2026-06-09 15:48:52+00:00,7390.0,153.7,171.9,173.4,-41.97,-21.449379,5.0,2.0,0.1816659745597839,False,REGULAR,USD,2026-07-24,7355.39013671875,0.0363499975204467,call,1.0047053742409222,0.1232876712328767,172.65
SPXW260724C07400000,2026-06-09 18:29:42+00:00,7400.0,164.81,167.4,168.6,-21.720001,-11.644239,11.0,21.0,0.1814256510353088,False,REGULAR,USD,2026-07-24,7355.39013671875,0.0363499975204467,call,1.0060649214320467,0.1232876712328767,168.0
SPXW260724C07410000,2026-06-09 15:03:47+00:00,7410.0,170.53,162.1,163.4,-19.839996,-10.421808,1.0,7.0,0.1807199390983581,False,REGULAR,USD,2026-07-24,7355.39013671875,0.0363499975204467,call,1.007424468623171,0.1232876712328767,162.75
SPXW260724C07420000,2026-06-09 16:54:42+00:00,7420.0,113.06,155.9,157.0,-61.119995,-35.090134,3.0,5.0,0.1787725556182861,False,REGULAR,USD,2026-07-24,7355.39013671875,0.0363499975204467,call,1.008784015814295,0.1232876712328767,156.45
SPXW260724C07425000,2026-06-09 14:06:40+00:00,7425.0,195.43,153.0,154.2,22.369995,12.92615,10.0,14.0,0.1781507661819458,False,REGULAR,USD,2026-07-24,7355.39013671875,0.0363499975204467,call,1.0094637894098577,0.1232876712328767,153.6
SPXW260724C07430000,2026-06-09 15:05:54+00:00,7430.0,152.2,147.4,150.1,-30.40001,-16.648417,4.0,4.0,0.1762510659408569,False,REGULAR,USD,2026-07-24,7355.39013671875,0.0363499975204467,call,1.01014356300542,0.1232876712328767,148.75
SPXW260724C07440000,2026-06-09 15:05:54+00:00,7440.0,146.5,144.4,145.4,-35.28,-19.408075,4.0,11.0,0.1757704188919067,False,REGULAR,USD,2026-07-24,7355.39013671875,0.0363499975204467,call,1.0115031101965442,0.1232876712328767,144.9
SPXW260724C07450000,2026-06-09 18:29:42+00:00,7450.0,135.85,137.3,138.2,-19.37999,-12.4846945,117.0,81.0,0.1727682821655273,False,REGULAR,USD,2026-07-24,7355.39013671875,0.0363499975204467,call,1.012862657387669,0.1232876712328767,137.75
SPXW260724C07460000,2026-06-09 17:00:59+00:00,7460.0,130.63,132.5,133.5,-43.979996,-25.187557,14.0,7.0,0.1721045314788818,False,REGULAR,USD,2026-07-24,7355.39013671875,0.0363499975204467,call,1.014222204578793,0.1232876712328767,133.0
SPXW260724C07470000,2026-06-09 18:58:17+00:00,7470.0,134.09,127.7,128.8,-20.430008,-13.221594,1.0,2.0,0.1713530436325073,False,REGULAR,USD,2026-07-24,7355.39013671875,0.0363499975204467,call,1.0155817517699173,0.1232876712328767,128.25
SPXW260724C07475000,2026-06-09 18:58:17+00:00,7475.0,131.44,124.3,125.8,-39.97,-23.31836,32.0,5.0,0.1703021050453186,False,REGULAR,USD,2026-07-24,7355.39013671875,0.0363499975204467,call,1.0162615253654796,0.1232876712328767,125.05
SPXW260724C07480000,2026-06-09 17:59:12+00:00,7480.0,113.94,120.6,123.4,-40.23999,-26.09936,22.0,47.0,0.1698176433372497,False,REGULAR,USD,2026-07-24,7355.39013671875,0.0363499975204467,call,1.0169412989610418,0.1232876712328767,122.0
SPXW260724C07490000,2026-06-08 15:16:51+00:00,7490.0,162.28,117.2,118.2,0.0,0.0,7.0,42.0,0.1683776095199585,False,REGULAR,USD,2026-07-24,7355.39013671875,0.0363499975204467,call,1.018300846152166,0.1232876712328767,117.7
SPXW260724C07500000,2026-06-09 18:32:13+00:00,7500.0,112.84,111.8,113.0,-22.520004,-16.63712,7.0,37.0,0.1668364872360229,False,REGULAR,USD,2026-07-24,7355.39013671875,0.0363499975204467,call,1.0196603933432906,0.1232876712328767,112.4
SPXW260724C07510000,2026-06-09 18:22:38+00:00,7510.0,104.1,107.0,107.9,-69.78001,-40.131126,1.0,4.0,0.1652896429634094,False,REGULAR,USD,2026-07-24,7355.39013671875,0.0363499975204467,call,1.021019940534415,0.1232876712328767,107.45
SPXW260724C07520000,2026-06-09 17:04:48+00:00,7520.0,82.08,102.4,103.3,-48.559998,-37.170853,2.0,13.0,0.1641395232391357,False,REGULAR,USD,2026-07-24,7355.39013671875,0.0363499975204467,call,1.0223794877255392,0.1232876712328767,102.85
SPXW260724C07525000,2026-06-09 18:42:57+00:00,7525.0,100.29,101.1,102.0,-21.760002,-17.82876,5.0,18.0,0.1645515064239502,False,REGULAR,USD,2026-07-24,7355.39013671875,0.0363499975204467,call,1.0230592613211016,0.1232876712328767,101.55
SPXW260724C07530000,2026-06-09 11:56:14+00:00,7530.0,122.22,99.5,100.6,0.27000427,0.22140573,1.0,14.0,0.1648395131874084,False,REGULAR,USD,2026-07-24,7355.39013671875,0.0363499975204467,call,1.0237390349166635,0.1232876712328767,100.05
SPXW260724C07540000,2026-06-09 18:19:38+00:00,7540.0,89.75,93.5,94.3,-90.149994,-50.111168,3.0,1.0,0.1617286586761474,False,REGULAR,USD,2026-07-24,7355.39013671875,0.0363499975204467,call,1.025098582107788,0.1232876712328767,93.9
SPXW260724C07550000,2026-06-09 16:43:06+00:00,7550.0,78.08,90.8,91.8,-35.35,-31.164593,25.0,39.0,0.16245725856781,False,REGULAR,USD,2026-07-24,7355.39013671875,0.0363499975204467,call,1.0264581292989126,0.1232876712328767,91.3
SPXW260724C07560000,2026-06-09 17:08:12+00:00,7560.0,65.11,84.8,85.6,-44.93,-40.83061,12.0,19.0,0.1591861883735656,False,REGULAR,USD,2026-07-24,7355.39013671875,0.0363499975204467,call,1.0278176764900369,0.1232876712328767,85.19999999999999
SPXW260724C07570000,2026-06-09 17:28:33+00:00,7570.0,69.77,80.8,81.8,-36.060005,-34.073517,1.0,7.0,0.1583317047309875,False,REGULAR,USD,2026-07-24,7355.39013671875,0.0363499975204467,call,1.0291772236811612,0.1232876712328767,81.3
SPXW260724C07575000,2026-06-09 17:28:33+00:00,7575.0,68.02,80.1,80.8,-31.560005,-31.693115,4.0,14.0,0.1588371470642089,False,REGULAR,USD,2026-07-24,7355.39013671875,0.0363499975204467,call,1.0298569972767233,0.1232876712328767,80.44999999999999
SPXW260724C07580000,2026-06-09 16:20:40+00:00,7580.0,52.3,78.4,79.2,-39.750004,-43.183056,10.0,3.0,0.1586750240516662,False,REGULAR,USD,2026-07-24,7355.39013671875,0.0363499975204467,call,1.0305367708722857,0.1232876712328767,78.80000000000001
SPXW260724C07590000,2026-06-09 17:08:12+00:00,7590.0,55.41,73.1,73.9,-133.95,-70.73827,10.0,11.0,0.1559551721000671,False,REGULAR,USD,2026-07-24,7355.39013671875,0.0363499975204467,call,1.03189631806341,0.1232876712328767,73.5
SPXW260724C07600000,2026-06-09 18:35:01+00:00,7600.0,71.02,69.6,70.4,-10.140007,-12.493848,32.0,563.0,0.1550892444801331,False,REGULAR,USD,2026-07-24,7355.39013671875,0.0363499975204467,call,1.0332558652545345,0.1232876712328767,70.0
SPXW260724C07620000,2026-06-09 14:50:39+00:00,7620.0,46.8,64.2,64.9,-45.3,-49.18567,5.0,25.0,0.1547478324890137,False,REGULAR,USD,2026-07-24,7355.39013671875,0.0363499975204467,call,1.035974959636783,0.1232876712328767,64.55000000000001
SPXW260724C07625000,2026-06-09 18:22:43+00:00,7625.0,59.02,62.2,62.9,-23.030003,-28.068253,31.0,42.0,0.1538704608917236,False,REGULAR,USD,2026-07-24,7355.39013671875,0.0363499975204467,call,1.0366547332323452,0.1232876712328767,62.55
SPXW260724C07630000,2026-06-09 18:22:38+00:00,7630.0,57.43,59.3,60.1,-19.32,-25.172638,5.0,2.0,0.1520108145713806,False,REGULAR,USD,2026-07-24,7355.39013671875,0.0363499975204467,call,1.0373345068279076,0.1232876712328767,59.7
SPXW260724C07650000,2026-06-09 17:15:43+00:00,7650.0,40.67,54.4,55.1,-21.93,-35.031948,15.0,86.0,0.1516045533752441,False,REGULAR,USD,2026-07-24,7355.39013671875,0.0363499975204467,call,1.0400536012101562,0.1232876712328767,54.75
SPXW260724C07660000,2026-06-09 14:56:45+00:00,7660.0,40.6,51.0,51.8,-18.630001,-31.453657,16.0,50.0,0.1502541640472412,False,REGULAR,USD,2026-07-24,7355.39013671875,0.0363499975204467,call,1.0414131484012807,0.1232876712328767,51.4
SPXW260724C07670000,2026-06-09 17:27:44+00:00,7670.0,39.42,47.9,48.7,-19.18,-32.730377,9.0,1.0,0.1490086778450012,False,REGULAR,USD,2026-07-24,7355.39013671875,0.0363499975204467,call,1.042772695592405,0.1232876712328767,48.3
SPXW260724C07675000,2026-06-09 17:27:44+00:00,7675.0,41.91,46.6,47.3,-25.789997,-38.094532,8.0,22.0,0.1485261234664917,False,REGULAR,USD,2026-07-24,7355.39013671875,0.0363499975204467,call,1.0434524691879672,0.1232876712328767,46.95
SPXW260724C07680000,2026-06-09 18:51:54+00:00,7680.0,45.5,44.7,45.5,-7.3100014,-13.842077,16.0,7.0,0.1474847215270996,False,REGULAR,USD,2026-07-24,7355.39013671875,0.0363499975204467,call,1.0441322427835296,0.1232876712328767,45.1
SPXW260724C07700000,2026-06-09 18:34:35+00:00,7700.0,39.4,40.9,41.6,-7.4399986,-15.883858,37.0,41.0,0.1473855403900146,False,REGULAR,USD,2026-07-24,7355.39013671875,0.0363499975204467,call,1.0468513371657782,0.1232876712328767,41.25
SPXW260724C07725000,2026-06-09 18:58:25+00:00,7725.0,37.55,34.3,35.0,-2.4799995,-6.1953526,22.0,42.0,0.1441812267303466,False,REGULAR,USD,2026-07-24,7355.39013671875,0.0363499975204467,call,1.0502502051435891,0.1232876712328767,34.65
SPXW260724C07750000,2026-06-09 18:58:25+00:00,7750.0,32.25,29.8,30.4,-1.8600006,-5.452948,66.0,68.0,0.1430711609268188,False,REGULAR,USD,2026-07-24,7355.39013671875,0.0363499975204467,call,1.0536490731214,0.1232876712328767,30.1
SPXW260724C07775000,2026-06-09 18:22:39+00:00,7775.0,24.13,25.4,26.1,-5.1100006,-17.476063,33.0,70.0,0.141686439666748,False,REGULAR,USD,2026-07-24,7355.39013671875,0.0363499975204467,call,1.057047941099211,0.1232876712328767,25.75
SPXW260724C07800000,2026-06-09 18:36:47+00:00,7800.0,22.1,21.8,22.4,-3.4899998,-13.638139,69.0,955.0,0.1405649298858642,False,REGULAR,USD,2026-07-24,7355.39013671875,0.0363499975204467,call,1.060446809077022,0.1232876712328767,22.1
SPXW260724C07825000,2026-06-09 18:49:02+00:00,7825.0,18.4,18.4,19.0,-3.6599998,-16.591116,29.0,26.0,0.1392221698760986,False,REGULAR,USD,2026-07-24,7355.39013671875,0.0363499975204467,call,1.063845677054833,0.1232876712328767,18.7
SPXW260724C07850000,2026-06-09 18:44:17+00:00,7850.0,15.1,15.5,16.1,-3.289999,-17.890154,22.0,118.0,0.1381006600952148,False,REGULAR,USD,2026-07-24,7355.39013671875,0.0363499975204467,call,1.067244545032644,0.1232876712328767,15.8
SPXW260724C07875000,2026-06-09 19:13:51+00:00,7875.0,13.46,13.2,13.7,-2.0500002,-13.21728,20.0,33.0,0.1373453575897217,False,REGULAR,USD,2026-07-24,7355.39013671875,0.0363499975204467,call,1.070643413010455,0.1232876712328767,13.45
SPXW260724C07900000,2026-06-09 17:37:58+00:00,7900.0,9.56,11.1,11.7,-3.3899994,-26.177603,47.0,80.0,0.1368723398590088,False,REGULAR,USD,2026-07-24,7355.39013671875,0.0363499975204467,call,1.074042280988266,0.1232876712328767,11.4
SPXW260724C07950000,2026-06-09 19:13:51+00:00,7950.0,8.01,7.8,8.1,-1.0900002,-11.978024,34.0,89.0,0.1348429412078857,False,REGULAR,USD,2026-07-24,7355.39013671875,0.0363499975204467,call,1.080840016943888,0.1232876712328767,7.949999999999999
SPXW260724C08000000,2026-06-09 18:20:56+00:00,8000.0,5.0,5.4,5.7,-0.8000002,-13.793106,71.0,247.0,0.1339197937011718,False,REGULAR,USD,2026-07-24,7355.39013671875,0.0363499975204467,call,1.0876377528995098,0.1232876712328767,5.550000000000001
SPXW260724C08050000,2026-06-09 16:58:28+00:00,8050.0,2.92,3.8,4.1,-1.1100001,-27.543427,47.0,135.0,0.1339350523376464,False,REGULAR,USD,2026-07-24,7355.39013671875,0.0363499975204467,call,1.0944354888551318,0.1232876712328767,3.95
SPXW260724C08100000,2026-06-09 17:09:02+00:00,8100.0,2.35,2.65,2.9,-0.45000005,-16.07143,23.0,145.0,0.1338282418823242,False,REGULAR,USD,2026-07-24,7355.39013671875,0.0363499975204467,call,1.1012332248107537,0.1232876712328767,2.775
SPXW260724C08150000,2026-06-09 17:09:02+00:00,8150.0,1.57,1.9,2.15,-0.51999986,-24.880377,15.0,42.0,0.1348810877990723,False,REGULAR,USD,2026-07-24,7355.39013671875,0.0363499975204467,call,1.1080309607663756,0.1232876712328767,2.025
SPXW260724C08200000,2026-06-09 15:48:16+00:00,8200.0,1.03,1.35,1.7,-1.1300001,-52.31482,31.0,64.0,0.137154624633789,False,REGULAR,USD,2026-07-24,7355.39013671875,0.0363499975204467,call,1.1148286967219976,0.1232876712328767,1.525
SPXW260724C08250000,2026-06-05 19:59:38+00:00,8250.0,1.3,1.05,1.3,0.0,0.0,14.0,38.0,0.1388025573730469,False,REGULAR,USD,2026-07-24,7355.39013671875,0.0363499975204467,call,1.1216264326776195,0.1232876712328767,1.175
SPXW260731C07285000,2026-04-30 17:52:52+00:00,7285.0,197.6,279.5,281.0,0.0,0.0,5.0,7.0,0.218921842842102,True,REGULAR,USD,2026-07-31,7355.39013671875,0.0363499975204467,call,0.9904301287341162,0.1424657534246575,280.25
SPXW260731C07290000,2026-06-08 19:42:03+00:00,7290.0,279.79,253.8,255.0,0.0,0.0,2.0,30.0,0.1977848166656494,True,REGULAR,USD,2026-07-31,7355.39013671875,0.0363499975204467,call,0.9911099023296784,0.1424657534246575,254.4
SPXW260731C07300000,2026-06-09 18:41:48+00:00,7300.0,248.4,249.4,250.6,-62.02002,-19.979387,34.0,390.0,0.1985916170692443,True,REGULAR,USD,2026-07-31,7355.39013671875,0.0363499975204467,call,0.9924694495208028,0.1424657534246575,250.0
SPXW260731C07305000,2026-06-09 16:49:25+00:00,7305.0,191.03,243.4,246.8,-68.01999,-26.257477,1.0,5.0,0.1975263735103607,True,REGULAR,USD,2026-07-31,7355.39013671875,0.0363499975204467,call,0.993149223116365,0.1424657534246575,245.1
SPXW260731C07310000,2026-06-05 19:01:12+00:00,7310.0,269.83,243.5,244.6,0.0,0.0,2.0,50.0,0.197887812461853,True,REGULAR,USD,2026-07-31,7355.39013671875,0.0363499975204467,call,0.9938289967119271,0.1424657534246575,244.05
SPXW260731C07315000,2026-06-09 16:49:25+00:00,7315.0,185.16,240.1,241.4,-211.84,-53.360203,1.0,52.0,0.1973337332248688,True,REGULAR,USD,2026-07-31,7355.39013671875,0.0363499975204467,call,0.9945087703074892,0.1424657534246575,240.75
SPXW260731C07320000,2026-06-09 16:52:31+00:00,7320.0,182.52,233.4,234.6,-206.77998,-53.115845,1.0,103.0,0.1935276570892334,True,REGULAR,USD,2026-07-31,7355.39013671875,0.0363499975204467,call,0.9951885439030516,0.1424657534246575,234.0
SPXW260731C07325000,2026-06-03 15:34:07+00:00,7325.0,377.27,233.2,234.2,0.0,0.0,1.0,284.0,0.1954597819328307,True,REGULAR,USD,2026-07-31,7355.39013671875,0.0363499975204467,call,0.9958683174986136,0.1424657534246575,233.7
SPXW260731C07330000,2026-05-29 16:16:06+00:00,7330.0,387.63,229.8,231.4,0.0,0.0,1.0,20.0,0.1952194584083557,True,REGULAR,USD,2026-07-31,7355.39013671875,0.0363499975204467,call,0.996548091094176,0.1424657534246575,230.6
SPXW260731C07335000,2026-06-05 17:44:14+00:00,7335.0,284.6,224.3,225.3,0.0,0.0,7.0,84.0,0.1920017934417725,True,REGULAR,USD,2026-07-31,7355.39013671875,0.0363499975204467,call,0.997227864689738,0.1424657534246575,224.8
SPXW260731C07340000,2026-05-29 14:18:40+00:00,7340.0,378.28,223.0,223.9,0.0,0.0,6.0,103.0,0.1929859754943848,True,REGULAR,USD,2026-07-31,7355.39013671875,0.0363499975204467,call,0.9979076382853004,0.1424657534246575,223.45
SPXW260731C07345000,2026-06-01 15:30:31+00:00,7345.0,368.18,219.6,220.6,0.0,0.0,1.0,20.0,0.1922497462844848,True,REGULAR,USD,2026-07-31,7355.39013671875,0.0363499975204467,call,0.9985874118808624,0.1424657534246575,220.1
SPXW260731C07350000,2026-06-09 16:12:29+00:00,7350.0,171.0,215.5,216.6,-70.83,-29.28917,5.0,687.0,0.190870747013092,True,REGULAR,USD,2026-07-31,7355.39013671875,0.0363499975204467,call,0.9992671854764248,0.1424657534246575,216.05
SPXW260731C07355000,2026-06-05 19:51:54+00:00,7355.0,242.1,212.6,213.8,0.0,0.0,5.0,13.0,0.1905522229766846,True,REGULAR,USD,2026-07-31,7355.39013671875,0.0363499975204467,call,0.9999469590719868,0.1424657534246575,213.2
SPXW260731C07360000,2026-05-21 14:43:02+00:00,7360.0,258.19,208.0,209.4,0.0,0.0,1.0,121.0,0.1887841284751892,False,REGULAR,USD,2026-07-31,7355.39013671875,0.0363499975204467,call,1.000626732667549,0.1424657534246575,208.7
SPXW260731C07365000,2026-06-05 19:51:54+00:00,7365.0,235.3,205.9,207.0,0.0,0.0,5.0,18.0,0.1887898504638672,False,REGULAR,USD,2026-07-31,7355.39013671875,0.0363499975204467,call,1.0013065062631112,0.1424657534246575,206.45
SPXW260731C07370000,2026-06-09 15:28:00+00:00,7370.0,185.8,203.8,205.0,-36.229996,-16.317612,5.0,23.0,0.1891350771141052,False,REGULAR,USD,2026-07-31,7355.39013671875,0.0363499975204467,call,1.0019862798586734,0.1424657534246575,204.4
SPXW260731C07375000,2026-06-03 13:48:51+00:00,7375.0,336.69,201.0,202.2,0.0,0.0,1.0,69.0,0.1887497965431213,False,REGULAR,USD,2026-07-31,7355.39013671875,0.0363499975204467,call,1.0026660534542358,0.1424657534246575,201.6
SPXW260731C07380000,2026-06-09 15:28:00+00:00,7380.0,179.85,197.3,198.3,-35.579987,-16.515799,5.0,42.0,0.1873631679534912,False,REGULAR,USD,2026-07-31,7355.39013671875,0.0363499975204467,call,1.003345827049798,0.1424657534246575,197.8
SPXW260731C07385000,2026-06-01 16:24:06+00:00,7385.0,338.4,192.6,193.8,0.0,0.0,2.0,20.0,0.1854234137916564,False,REGULAR,USD,2026-07-31,7355.39013671875,0.0363499975204467,call,1.00402560064536,0.1424657534246575,193.2
SPXW260731C07390000,2026-06-08 15:35:06+00:00,7390.0,229.8,191.1,192.2,0.0,0.0,14.0,47.0,0.1860585545349121,False,REGULAR,USD,2026-07-31,7355.39013671875,0.0363499975204467,call,1.0047053742409222,0.1424657534246575,191.65
SPXW260731C07395000,2026-05-20 16:52:46+00:00,7395.0,243.51,188.3,189.4,0.0,0.0,4.0,7.0,0.1856046100997924,False,REGULAR,USD,2026-07-31,7355.39013671875,0.0363499975204467,call,1.0053851478364844,0.1424657534246575,188.85
SPXW260731C07400000,2026-06-09 18:55:46+00:00,7400.0,187.5,185.0,185.7,-13.050003,-6.507107,36.0,503.0,0.1843286066246032,False,REGULAR,USD,2026-07-31,7355.39013671875,0.0363499975204467,call,1.0060649214320467,0.1424657534246575,185.35
SPXW260731C07405000,2026-06-05 19:07:37+00:00,7405.0,207.02,182.4,183.4,0.0,0.0,3.0,31.0,0.1842866453742981,False,REGULAR,USD,2026-07-31,7355.39013671875,0.0363499975204467,call,1.0067446950276089,0.1424657534246575,182.9
SPXW260731C07410000,2026-06-05 19:07:37+00:00,7410.0,203.82,178.7,180.2,0.0,0.0,8.0,65.0,0.183420717754364,False,REGULAR,USD,2026-07-31,7355.39013671875,0.0363499975204467,call,1.007424468623171,0.1424657534246575,179.45
SPXW260731C07415000,2026-06-09 17:33:47+00:00,7415.0,170.4,174.6,175.8,-140.25,-45.147274,7.0,14.0,0.181461890296936,False,REGULAR,USD,2026-07-31,7355.39013671875,0.0363499975204467,call,1.0081042422187332,0.1424657534246575,175.2
SPXW260731C07420000,2026-06-08 17:11:36+00:00,7420.0,197.5,173.9,174.8,0.0,0.0,11.0,80.0,0.1825338095092773,False,REGULAR,USD,2026-07-31,7355.39013671875,0.0363499975204467,call,1.008784015814295,0.1424657534246575,174.35000000000002
SPXW260731C07425000,2026-06-09 15:05:14+00:00,7425.0,174.39,170.7,171.8,-28.619995,-14.097826,1.0,392.0,0.1817937656402587,False,REGULAR,USD,2026-07-31,7355.39013671875,0.0363499975204467,call,1.0094637894098577,0.1424657534246575,171.25
SPXW260731C07430000,2026-06-08 18:08:17+00:00,7430.0,120.5,165.7,166.6,-78.100006,-39.32528,26.0,65.0,0.1790548403930664,False,REGULAR,USD,2026-07-31,7355.39013671875,0.0363499975204467,call,1.01014356300542,0.1424657534246575,166.14999999999998
SPXW260731C07435000,2026-06-08 17:00:39+00:00,7435.0,194.26,162.6,163.8,0.0,0.0,1.0,51.0,0.1784540315818786,False,REGULAR,USD,2026-07-31,7355.39013671875,0.0363499975204467,call,1.010823336600982,0.1424657534246575,163.2
SPXW260731C07440000,2026-06-09 13:53:38+00:00,7440.0,213.4,159.8,161.4,23.699997,12.493409,1.0,41.0,0.1781965420913696,False,REGULAR,USD,2026-07-31,7355.39013671875,0.0363499975204467,call,1.0115031101965442,0.1424657534246575,160.60000000000002
SPXW260731C07445000,2026-06-08 14:46:46+00:00,7445.0,201.1,159.3,160.6,0.0,0.0,2.0,59.0,0.1793638277816772,False,REGULAR,USD,2026-07-31,7355.39013671875,0.0363499975204467,call,1.0121828837921063,0.1424657534246575,159.95
SPXW260731C07450000,2026-06-09 16:54:55+00:00,7450.0,159.58,156.6,157.3,-14.309998,-8.229339,81.0,1366.0,0.1782575766372681,False,REGULAR,USD,2026-07-31,7355.39013671875,0.0363499975204467,call,1.012862657387669,0.1424657534246575,156.95
SPXW260731C07455000,2026-06-05 18:15:29+00:00,7455.0,190.23,154.2,155.4,0.0,0.0,107.0,49.0,0.1783987190246582,False,REGULAR,USD,2026-07-31,7355.39013671875,0.0363499975204467,call,1.0135424309832308,0.1424657534246575,154.8
SPXW260731C07460000,2026-06-09 15:30:29+00:00,7460.0,132.03,150.7,151.8,-55.100006,-29.444773,2.0,14.0,0.1769796658325195,False,REGULAR,USD,2026-07-31,7355.39013671875,0.0363499975204467,call,1.014222204578793,0.1424657534246575,151.25
SPXW260731C07465000,2026-06-09 15:30:29+00:00,7465.0,129.56,148.3,149.3,-52.770004,-28.94203,2.0,182.0,0.1765371653747559,False,REGULAR,USD,2026-07-31,7355.39013671875,0.0363499975204467,call,1.0149019781743551,0.1424657534246575,148.8
SPXW260731C07470000,2026-06-05 16:01:40+00:00,7470.0,105.2,145.2,146.2,-99.380005,-48.57757,10.0,1012.0,0.1755300953674316,False,REGULAR,USD,2026-07-31,7355.39013671875,0.0363499975204467,call,1.0155817517699173,0.1424657534246575,145.7
SPXW260731C07475000,2026-06-09 19:05:40+00:00,7475.0,150.42,141.3,142.2,-37.699997,-20.0404,8.0,1643.0,0.1736780783653259,False,REGULAR,USD,2026-07-31,7355.39013671875,0.0363499975204467,call,1.0162615253654796,0.1424657534246575,141.75
SPXW260731C07480000,2026-06-05 20:01:11+00:00,7480.0,152.27,140.0,141.3,0.0,0.0,53.0,63.0,0.1746393724632263,False,REGULAR,USD,2026-07-31,7355.39013671875,0.0363499975204467,call,1.0169412989610418,0.1424657534246575,140.65
SPXW260731C07485000,2026-06-05 16:04:14+00:00,7485.0,144.24,136.1,137.1,-50.65999,-25.992813,1.0,21.0,0.1725584759140014,False,REGULAR,USD,2026-07-31,7355.39013671875,0.0363499975204467,call,1.017621072556604,0.1424657534246575,136.6
SPXW260731C07490000,2026-06-09 15:35:50+00:00,7490.0,116.73,135.3,136.2,-33.629997,-22.36632,6.0,21.0,0.1734854380798339,False,REGULAR,USD,2026-07-31,7355.39013671875,0.0363499975204467,call,1.018300846152166,0.1424657534246575,135.75
SPXW260731C07495000,2026-06-08 16:11:18+00:00,7495.0,165.07,132.3,133.2,0.0,0.0,2.0,42.0,0.1724631094360352,False,REGULAR,USD,2026-07-31,7355.39013671875,0.0363499975204467,call,1.0189806197477282,0.1424657534246575,132.75
SPXW260731C07500000,2026-06-09 19:11:28+00:00,7500.0,130.0,129.9,130.6,-12.2400055,-8.605178,130.0,1645.0,0.1717879147720337,False,REGULAR,USD,2026-07-31,7355.39013671875,0.0363499975204467,call,1.0196603933432906,0.1424657534246575,130.25
SPXW260731C07505000,2026-06-08 16:16:19+00:00,7505.0,162.95,127.5,128.6,0.0,0.0,4.0,70.0,0.1716467723846435,False,REGULAR,USD,2026-07-31,7355.39013671875,0.0363499975204467,call,1.0203401669388528,0.1424657534246575,128.05
SPXW260731C07510000,2026-06-08 16:43:49+00:00,7510.0,151.32,124.7,125.9,0.0,0.0,3.0,35.0,0.1708342499923706,False,REGULAR,USD,2026-07-31,7355.39013671875,0.0363499975204467,call,1.021019940534415,0.1424657534246575,125.3
SPXW260731C07515000,2026-06-08 16:43:49+00:00,7515.0,121.06,122.6,123.5,-27.559998,-18.543936,1.0,51.0,0.170281124420166,False,REGULAR,USD,2026-07-31,7355.39013671875,0.0363499975204467,call,1.021699714129977,0.1424657534246575,123.05
SPXW260731C07520000,2026-06-08 19:23:27+00:00,7520.0,118.2,119.9,120.8,-14.449997,-10.893327,3.0,1017.0,0.1694228261184692,False,REGULAR,USD,2026-07-31,7355.39013671875,0.0363499975204467,call,1.0223794877255392,0.1424657534246575,120.35
SPXW260731C07525000,2026-06-09 16:15:58+00:00,7525.0,123.86,118.1,118.9,-23.490005,-15.941638,8.0,1792.0,0.1692950350379944,False,REGULAR,USD,2026-07-31,7355.39013671875,0.0363499975204467,call,1.0230592613211016,0.1424657534246575,118.5
SPXW260731C07530000,2026-06-09 13:33:59+00:00,7530.0,114.83,115.5,116.6,-12.720001,-9.972561,7.0,77.0,0.1687705194091797,False,REGULAR,USD,2026-07-31,7355.39013671875,0.0363499975204467,call,1.0237390349166635,0.1424657534246575,116.05
SPXW260731C07535000,2026-06-09 17:01:32+00:00,7535.0,86.14,111.0,112.1,-66.68001,-43.633038,1.0,50.0,0.1661364972877503,False,REGULAR,USD,2026-07-31,7355.39013671875,0.0363499975204467,call,1.024418808512226,0.1424657534246575,111.55
SPXW260731C07540000,2026-06-05 13:50:09+00:00,7540.0,95.9,110.6,111.6,-80.799995,-45.72722,6.0,84.0,0.167275173034668,False,REGULAR,USD,2026-07-31,7355.39013671875,0.0363499975204467,call,1.025098582107788,0.1424657534246575,111.1
SPXW260731C07545000,2026-06-08 16:10:07+00:00,7545.0,136.62,108.6,109.4,0.0,0.0,2.0,25.0,0.1667773600196839,False,REGULAR,USD,2026-07-31,7355.39013671875,0.0363499975204467,call,1.0257783557033502,0.1424657534246575,109.0
SPXW260731C07550000,2026-06-09 18:35:08+00:00,7550.0,106.13,106.3,107.2,-12.050003,-10.196313,43.0,1152.0,0.1662585663795471,False,REGULAR,USD,2026-07-31,7355.39013671875,0.0363499975204467,call,1.0264581292989126,0.1424657534246575,106.75
SPXW260731C07555000,2026-06-08 18:52:41+00:00,7555.0,125.6,102.5,103.4,0.0,0.0,6.0,58.0,0.1641700405120849,False,REGULAR,USD,2026-07-31,7355.39013671875,0.0363499975204467,call,1.0271379028944747,0.1424657534246575,102.95
SPXW260731C07560000,2026-06-09 17:10:55+00:00,7560.0,78.47,101.5,102.5,-62.53,-44.34752,1.0,117.0,0.1648585864830017,False,REGULAR,USD,2026-07-31,7355.39013671875,0.0363499975204467,call,1.0278176764900369,0.1424657534246575,102.0
SPXW260731C07565000,2026-06-09 16:58:53+00:00,7565.0,72.03,99.7,100.6,-39.57,-35.45699,5.0,134.0,0.1645610430717468,False,REGULAR,USD,2026-07-31,7355.39013671875,0.0363499975204467,call,1.028497450085599,0.1424657534246575,100.15
SPXW260731C07570000,2026-06-09 18:35:08+00:00,7570.0,97.43,97.6,98.5,-16.779999,-14.692233,31.0,194.0,0.1640460640907288,False,REGULAR,USD,2026-07-31,7355.39013671875,0.0363499975204467,call,1.0291772236811612,0.1424657534246575,98.05
SPXW260731C07575000,2026-06-09 17:37:23+00:00,7575.0,85.7,94.1,95.0,-20.43,-19.249977,26.0,67.0,0.1621291978836059,False,REGULAR,USD,2026-07-31,7355.39013671875,0.0363499975204467,call,1.0298569972767233,0.1424657534246575,94.55
SPXW260731C07580000,2026-06-09 15:48:51+00:00,7580.0,79.56,93.0,93.7,-24.150002,-23.286089,10.0,43.0,0.1623523554420471,False,REGULAR,USD,2026-07-31,7355.39013671875,0.0363499975204467,call,1.0305367708722857,0.1424657534246575,93.35
SPXW260731C07585000,2026-06-02 18:43:55+00:00,7585.0,210.23,91.2,92.1,0.0,0.0,1.0,4.0,0.1622608036231994,False,REGULAR,USD,2026-07-31,7355.39013671875,0.0363499975204467,call,1.0312165444678478,0.1424657534246575,91.65
SPXW260731C07590000,2026-06-09 17:20:15+00:00,7590.0,75.0,88.1,89.0,-49.309998,-39.66696,2.0,36.0,0.1606452954864502,False,REGULAR,USD,2026-07-31,7355.39013671875,0.0363499975204467,call,1.03189631806341,0.1424657534246575,88.55
SPXW260731C07595000,2026-06-05 13:43:58+00:00,7595.0,61.02,87.4,88.4,-88.979996,-59.32,41.0,18.0,0.1615150377655029,False,REGULAR,USD,2026-07-31,7355.39013671875,0.0363499975204467,call,1.032576091658972,0.1424657534246575,87.9
SPXW260731C07600000,2026-06-09 18:40:14+00:00,7600.0,85.86,84.4,85.2,-8.940002,-9.430382,86.0,1485.0,0.1597374066162109,False,REGULAR,USD,2026-07-31,7355.39013671875,0.0363499975204467,call,1.0332558652545345,0.1424657534246575,84.80000000000001
SPXW260731C07605000,2026-06-08 19:24:55+00:00,7605.0,70.09,82.0,83.7,-22.450005,-24.259785,7.0,81.0,0.1596572987747192,False,REGULAR,USD,2026-07-31,7355.39013671875,0.0363499975204467,call,1.0339356388500966,0.1424657534246575,82.85
SPXW260731C07610000,2026-06-09 18:43:25+00:00,7610.0,80.25,80.2,81.3,-30.410004,-27.480576,9.0,71.0,0.1586311554718017,False,REGULAR,USD,2026-07-31,7355.39013671875,0.0363499975204467,call,1.0346154124456588,0.1424657534246575,80.75
SPXW260731C07615000,2026-06-08 14:03:28+00:00,7615.0,102.47,80.0,80.9,0.0,0.0,1.0,126.0,0.1596420401382446,False,REGULAR,USD,2026-07-31,7355.39013671875,0.0363499975204467,call,1.035295186041221,0.1424657534246575,80.45
SPXW260731C07620000,2026-06-08 18:28:16+00:00,7620.0,109.59,76.9,77.7,13.309998,13.82426,2.0,52.0,0.1577328032493591,False,REGULAR,USD,2026-07-31,7355.39013671875,0.0363499975204467,call,1.035974959636783,0.1424657534246575,77.30000000000001
SPXW260731C07625000,2026-06-09 16:54:18+00:00,7625.0,55.8,76.3,77.0,-35.079998,-38.60035,8.0,132.0,0.1584003685951233,False,REGULAR,USD,2026-07-31,7355.39013671875,0.0363499975204467,call,1.0366547332323452,0.1424657534246575,76.65
SPXW260731C07630000,2026-06-04 13:54:50+00:00,7630.0,56.73,74.2,74.9,-87.92,-60.7812,7.0,65.0,0.1575783095550537,False,REGULAR,USD,2026-07-31,7355.39013671875,0.0363499975204467,call,1.0373345068279076,0.1424657534246575,74.55000000000001
SPXW260731C07635000,2026-06-05 14:00:22+00:00,7635.0,121.52,72.5,73.2,0.0,0.0,1.0,38.0,0.1571529750633239,False,REGULAR,USD,2026-07-31,7355.39013671875,0.0363499975204467,call,1.0380142804234698,0.1424657534246575,72.85
SPXW260731C07640000,2026-06-08 19:20:57+00:00,7640.0,51.71,69.8,70.5,-29.82,-36.575493,9.0,95.0,0.1556290187454224,False,REGULAR,USD,2026-07-31,7355.39013671875,0.0363499975204467,call,1.038694054019032,0.1424657534246575,70.15
SPXW260731C07645000,2026-06-09 15:16:10+00:00,7645.0,71.5,69.0,69.8,-15.080002,-17.41742,5.0,57.0,0.1562279202270508,False,REGULAR,USD,2026-07-31,7355.39013671875,0.0363499975204467,call,1.039373827614594,0.1424657534246575,69.4
SPXW260731C07650000,2026-06-09 15:07:15+00:00,7650.0,44.7,67.8,68.5,-33.01,-42.478443,20.0,688.0,0.1561611636924743,False,REGULAR,USD,2026-07-31,7355.39013671875,0.0363499975204467,call,1.0400536012101562,0.1424657534246575,68.15
SPXW260731C07655000,2026-06-08 18:52:41+00:00,7655.0,81.65,66.2,66.9,0.0,0.0,8.0,53.0,0.1557453658485412,False,REGULAR,USD,2026-07-31,7355.39013671875,0.0363499975204467,call,1.0407333748057186,0.1424657534246575,66.55000000000001
SPXW260731C07660000,2026-06-09 18:02:14+00:00,7660.0,58.35,64.3,64.9,-29.11,-33.283787,4.0,56.0,0.1548622722625733,False,REGULAR,USD,2026-07-31,7355.39013671875,0.0363499975204467,call,1.0414131484012807,0.1424657534246575,64.6
SPXW260731C07665000,2026-06-09 15:41:38+00:00,7665.0,47.47,62.6,63.5,-110.08,-69.86988,9.0,14.0,0.1546143194198608,False,REGULAR,USD,2026-07-31,7355.39013671875,0.0363499975204467,call,1.042092921996843,0.1424657534246575,63.05
SPXW260731C07670000,2026-06-09 18:14:19+00:00,7670.0,55.97,60.2,61.1,-14.610001,-20.699915,5.0,87.0,0.1532162468528747,False,REGULAR,USD,2026-07-31,7355.39013671875,0.0363499975204467,call,1.042772695592405,0.1424657534246575,60.650000000000006
SPXW260731C07675000,2026-06-09 15:30:08+00:00,7675.0,59.29,59.2,59.9,-9.339996,-13.609204,8.0,1551.0,0.1531399536705017,False,REGULAR,USD,2026-07-31,7355.39013671875,0.0363499975204467,call,1.0434524691879672,0.1424657534246575,59.55
SPXW260731C07680000,2026-06-09 15:29:21+00:00,7680.0,47.5,58.3,59.0,-19.519997,-29.12563,2.0,23.0,0.1533898138427734,False,REGULAR,USD,2026-07-31,7355.39013671875,0.0363499975204467,call,1.0441322427835296,0.1424657534246575,58.65
SPXW260731C07685000,2026-06-05 19:51:25+00:00,7685.0,44.29,56.6,57.3,-26.529999,-37.46117,2.0,70.0,0.1526955458831787,False,REGULAR,USD,2026-07-31,7355.39013671875,0.0363499975204467,call,1.0448120163790915,0.1424657534246575,56.95
SPXW260731C07690000,2026-06-08 19:46:32+00:00,7690.0,63.4,55.2,56.0,-0.36999893,-0.5802085,1.0,59.0,0.152439963722229,False,REGULAR,USD,2026-07-31,7355.39013671875,0.0363499975204467,call,1.045491789974654,0.1424657534246575,55.6
SPXW260731C07695000,2026-06-04 18:13:16+00:00,7695.0,135.1,53.7,54.4,0.0,0.0,7.0,78.0,0.151802915649414,False,REGULAR,USD,2026-07-31,7355.39013671875,0.0363499975204467,call,1.046171563570216,0.1424657534246575,54.05
SPXW260731C07700000,2026-06-09 17:49:52+00:00,7700.0,51.06,51.6,52.2,-8.209999,-13.851862,96.0,2391.0,0.1504181943893432,False,REGULAR,USD,2026-07-31,7355.39013671875,0.0363499975204467,call,1.0468513371657782,0.1424657534246575,51.900000000000006
SPXW260731C07705000,2026-06-02 00:37:56+00:00,7705.0,129.79,50.9,51.5,0.0,0.0,1.0,18.0,0.1507996603012085,False,REGULAR,USD,2026-07-31,7355.39013671875,0.0363499975204467,call,1.0475311107613403,0.1424657534246575,51.2
SPXW260731C07710000,2026-06-09 17:36:11+00:00,7710.0,42.36,49.0,49.6,-13.959999,-24.78693,5.0,61.0,0.1497029458045959,False,REGULAR,USD,2026-07-31,7355.39013671875,0.0363499975204467,call,1.048210884356903,0.1424657534246575,49.3
SPXW260731C07715000,2026-06-09 19:08:36+00:00,7715.0,52.0,48.6,49.3,-8.5,-14.049587,12.0,42.0,0.1505402634811401,False,REGULAR,USD,2026-07-31,7355.39013671875,0.0363499975204467,call,1.0488906579524648,0.1424657534246575,48.95
SPXW260731C07720000,2026-06-09 13:23:04+00:00,7720.0,48.84,47.0,47.7,-3.7799988,-7.183578,5.0,141.0,0.1497544437026978,False,REGULAR,USD,2026-07-31,7355.39013671875,0.0363499975204467,call,1.049570431548027,0.1424657534246575,47.35
SPXW260731C07725000,2026-06-09 18:51:19+00:00,7725.0,45.85,45.8,46.5,-17.95,-28.134798,24.0,209.0,0.1494378269958496,False,REGULAR,USD,2026-07-31,7355.39013671875,0.0363499975204467,call,1.0502502051435891,0.1424657534246575,46.15
SPXW260731C07730000,2026-06-09 18:51:19+00:00,7730.0,44.65,45.0,45.6,-5.329998,-10.664262,18.0,69.0,0.1494759735870361,False,REGULAR,USD,2026-07-31,7355.39013671875,0.0363499975204467,call,1.0509299787391515,0.1424657534246575,45.3
SPXW260731C07735000,2026-06-09 18:52:40+00:00,7735.0,44.5,42.9,43.6,-57.199997,-56.24385,12.0,26.0,0.1480759936904907,False,REGULAR,USD,2026-07-31,7355.39013671875,0.0363499975204467,call,1.0516097523347137,0.1424657534246575,43.25
SPXW260731C07740000,2026-06-04 17:48:33+00:00,7740.0,110.68,42.8,43.3,0.0,0.0,2.0,114.0,0.1488465548324584,False,REGULAR,USD,2026-07-31,7355.39013671875,0.0363499975204467,call,1.0522895259302758,0.1424657534246575,43.05
SPXW260731C07745000,2026-06-09 18:42:47+00:00,7745.0,40.4,41.3,42.0,-11.199997,-21.705421,4.0,52.0,0.1482953365898132,False,REGULAR,USD,2026-07-31,7355.39013671875,0.0363499975204467,call,1.052969299525838,0.1424657534246575,41.65
SPXW260731C07750000,2026-06-09 17:18:07+00:00,7750.0,31.6,39.4,40.1,-17.359999,-35.457516,36.0,1191.0,0.1469048933410644,False,REGULAR,USD,2026-07-31,7355.39013671875,0.0363499975204467,call,1.0536490731214,0.1424657534246575,39.75
SPXW260731C07755000,2026-06-09 17:14:24+00:00,7755.0,29.5,38.3,39.0,-21.7,-42.382812,2.0,33.0,0.1465482227134704,False,REGULAR,USD,2026-07-31,7355.39013671875,0.0363499975204467,call,1.0543288467169625,0.1424657534246575,38.65
SPXW260731C07760000,2026-06-09 17:06:39+00:00,7760.0,27.95,37.8,38.5,-16.169998,-36.65004,1.0,17.0,0.1469869085121155,False,REGULAR,USD,2026-07-31,7355.39013671875,0.0363499975204467,call,1.0550086203125246,0.1424657534246575,38.15
SPXW260731C07765000,2026-06-09 15:18:05+00:00,7765.0,22.74,37.0,37.6,-39.760002,-63.616005,2.0,26.0,0.1468610247611999,False,REGULAR,USD,2026-07-31,7355.39013671875,0.0363499975204467,call,1.0556883939080868,0.1424657534246575,37.3
SPXW260731C07770000,2026-06-09 18:25:20+00:00,7770.0,34.75,36.0,36.5,-9.459999,-21.397871,178.0,193.0,0.1464318756103515,False,REGULAR,USD,2026-07-31,7355.39013671875,0.0363499975204467,call,1.056368167503649,0.1424657534246575,36.25
SPXW260731C07775000,2026-06-09 17:33:28+00:00,7775.0,29.12,34.3,35.0,-20.4,-41.195477,6.0,34.0,0.1453981029891967,False,REGULAR,USD,2026-07-31,7355.39013671875,0.0363499975204467,call,1.057047941099211,0.1424657534246575,34.65
SPXW260731C07780000,2026-06-08 19:45:10+00:00,7780.0,47.59,33.9,34.6,8.490002,21.71356,1.0,32.0,0.1459130819702148,False,REGULAR,USD,2026-07-31,7355.39013671875,0.0363499975204467,call,1.0577277146947734,0.1424657534246575,34.25
SPXW260731C07785000,2026-06-03 13:53:33+00:00,7785.0,91.8,32.3,33.0,0.0,0.0,4.0,18.0,0.1446599664497375,False,REGULAR,USD,2026-07-31,7355.39013671875,0.0363499975204467,call,1.0584074882903356,0.1424657534246575,32.65
SPXW260731C07790000,2026-06-09 17:19:00+00:00,7790.0,25.5,32.0,32.7,-17.0,-40.0,2.0,39.0,0.1452874778747558,False,REGULAR,USD,2026-07-31,7355.39013671875,0.0363499975204467,call,1.0590872618858975,0.1424657534246575,32.35
SPXW260731C07795000,2026-06-09 17:37:09+00:00,7795.0,27.0,30.7,31.2,-68.6,-71.757324,2.0,10.0,0.1441030262184143,False,REGULAR,USD,2026-07-31,7355.39013671875,0.0363499975204467,call,1.05976703548146,0.1424657534246575,30.95
SPXW260731C07800000,2026-06-09 19:12:07+00:00,7800.0,30.65,30.0,30.6,-3.8500004,-11.159421,136.0,2109.0,0.1442441686058044,False,REGULAR,USD,2026-07-31,7355.39013671875,0.0363499975204467,call,1.060446809077022,0.1424657534246575,30.3
SPXW260731C07810000,2026-06-09 18:28:37+00:00,7810.0,27.42,28.4,29.0,-9.030001,-24.773664,28.0,41.0,0.1438474440574645,False,REGULAR,USD,2026-07-31,7355.39013671875,0.0363499975204467,call,1.0618063562681466,0.1424657534246575,28.7
SPXW260731C07820000,2026-06-09 16:38:12+00:00,7820.0,17.54,27.0,27.6,-16.259998,-48.106506,42.0,84.0,0.1436738770675659,False,REGULAR,USD,2026-07-31,7355.39013671875,0.0363499975204467,call,1.0631659034592709,0.1424657534246575,27.3
SPXW260731C07825000,2026-06-09 18:21:25+00:00,7825.0,24.14,26.2,26.7,-12.049999,-33.29649,10.0,57.0,0.1432237472915649,False,REGULAR,USD,2026-07-31,7355.39013671875,0.0363499975204467,call,1.063845677054833,0.1424657534246575,26.45
SPXW260731C07830000,2026-06-09 14:25:52+00:00,7830.0,15.59,25.4,26.1,-23.86,-60.48162,6.0,81.0,0.1432428205871582,False,REGULAR,USD,2026-07-31,7355.39013671875,0.0363499975204467,call,1.0645254506503954,0.1424657534246575,25.75
SPXW260731C07840000,2026-06-09 16:18:06+00:00,7840.0,15.79,24.1,24.7,-21.509998,-57.667557,8.0,98.0,0.1428766133117676,False,REGULAR,USD,2026-07-31,7355.39013671875,0.0363499975204467,call,1.0658849978415197,0.1424657534246575,24.4
SPXW260731C07850000,2026-06-09 18:47:20+00:00,7850.0,22.34,22.3,22.8,-3.6599998,-14.076923,61.0,1443.0,0.1415185946655273,False,REGULAR,USD,2026-07-31,7355.39013671875,0.0363499975204467,call,1.067244545032644,0.1424657534246575,22.55
SPXW260731C07860000,2026-06-09 13:59:01+00:00,7860.0,18.54,21.2,21.7,-10.169998,-35.42319,25.0,55.0,0.1414613747787475,False,REGULAR,USD,2026-07-31,7355.39013671875,0.0363499975204467,call,1.0686040922237685,0.1424657534246575,21.45
SPXW260731C07870000,2026-06-09 16:18:06+00:00,7870.0,13.2,19.8,20.3,-28.599998,-68.42105,1.0,65.0,0.1407518481826782,False,REGULAR,USD,2026-07-31,7355.39013671875,0.0363499975204467,call,1.0699636394148928,0.1424657534246575,20.05
SPXW260731C07875000,2026-06-09 16:21:38+00:00,7875.0,18.55,19.6,20.1,-11.740002,-38.75867,3.0,62.0,0.1413164177322388,False,REGULAR,USD,2026-07-31,7355.39013671875,0.0363499975204467,call,1.070643413010455,0.1424657534246575,19.85
SPXW260731C07880000,2026-06-08 19:26:58+00:00,7880.0,21.34,19.0,19.6,0.0,0.0,1.0,100.0,0.1412897151184082,False,REGULAR,USD,2026-07-31,7355.39013671875,0.0363499975204467,call,1.071323186606017,0.1424657534246575,19.3
SPXW260731C07890000,2026-06-08 13:39:47+00:00,7890.0,24.95,17.7,18.3,0.0,0.0,1.0,83.0,0.1405649298858642,False,REGULAR,USD,2026-07-31,7355.39013671875,0.0363499975204467,call,1.0726827337971416,0.1424657534246575,18.0
SPXW260731C07900000,2026-06-09 18:50:37+00:00,7900.0,16.73,16.8,17.3,-5.0600014,-23.221666,420.0,1071.0,0.1403398649978637,False,REGULAR,USD,2026-07-31,7355.39013671875,0.0363499975204467,call,1.074042280988266,0.1424657534246575,17.05
SPXW260731C07910000,2026-06-09 16:10:32+00:00,7910.0,11.15,15.7,16.3,-22.210001,-66.57674,15.0,41.0,0.1400156189727783,False,REGULAR,USD,2026-07-31,7355.39013671875,0.0363499975204467,call,1.0754018281793905,0.1424657534246575,16.0
SPXW260731C07920000,2026-06-09 15:17:27+00:00,7920.0,14.8,14.6,15.3,-10.95,-42.524273,5.0,115.0,0.1395883771514892,False,REGULAR,USD,2026-07-31,7355.39013671875,0.0363499975204467,call,1.0767613753705148,0.1424657534246575,14.95
SPXW260731C07925000,2026-06-05 20:05:17+00:00,7925.0,17.89,14.0,14.6,3.0599995,20.633846,1.0,276.0,0.1388712212371826,False,REGULAR,USD,2026-07-31,7355.39013671875,0.0363499975204467,call,1.077441148966077,0.1424657534246575,14.3
SPXW260731C07930000,2026-06-05 19:55:39+00:00,7930.0,17.3,13.7,14.2,0.0,0.0,32.0,86.0,0.1388178160095214,False,REGULAR,USD,2026-07-31,7355.39013671875,0.0363499975204467,call,1.0781209225616393,0.1424657534246575,13.95
SPXW260731C07940000,2026-06-09 17:56:56+00:00,7940.0,11.44,12.9,13.4,-8.56,-42.800003,7.0,123.0,0.1386347123718261,False,REGULAR,USD,2026-07-31,7355.39013671875,0.0363499975204467,call,1.0794804697527636,0.1424657534246575,13.15
SPXW260731C07950000,2026-06-09 18:49:40+00:00,7950.0,12.31,12.1,12.7,-1.5899992,-11.438844,20.0,602.0,0.1386080097579956,False,REGULAR,USD,2026-07-31,7355.39013671875,0.0363499975204467,call,1.080840016943888,0.1424657534246575,12.4
SPXW260731C07960000,2026-06-09 14:15:25+00:00,7960.0,14.6,11.5,12.1,-0.09999943,-0.6802682,2.0,109.0,0.1387605961227417,False,REGULAR,USD,2026-07-31,7355.39013671875,0.0363499975204467,call,1.0821995641350124,0.1424657534246575,11.8
SPXW260731C07970000,2026-06-09 16:31:00+00:00,7970.0,6.9,10.6,11.0,-8.6,-55.483875,2.0,19.0,0.1374788706588745,False,REGULAR,USD,2026-07-31,7355.39013671875,0.0363499975204467,call,1.0835591113261367,0.1424657534246575,10.8
SPXW260731C07975000,2026-06-09 18:49:40+00:00,7975.0,10.5,10.3,10.8,-3.21,-23.413567,2.0,89.0,0.1377497114562988,False,REGULAR,USD,2026-07-31,7355.39013671875,0.0363499975204467,call,1.0842388849216988,0.1424657534246575,10.55
SPXW260731C07980000,2026-06-09 16:58:40+00:00,7980.0,6.7,10.2,10.7,-6.5,-49.242424,8.0,203.0,0.1382913930511475,False,REGULAR,USD,2026-07-31,7355.39013671875,0.0363499975204467,call,1.0849186585172612,0.1424657534246575,10.45
SPXW260731C07990000,2026-06-05 20:08:03+00:00,7990.0,5.9,9.3,9.7,-3.7999997,-39.175255,2.0,47.0,0.1370096675872803,False,REGULAR,USD,2026-07-31,7355.39013671875,0.0363499975204467,call,1.0862782057083855,0.1424657534246575,9.5
SPXW260731C08000000,2026-06-09 18:50:37+00:00,8000.0,8.95,8.9,9.2,-1.4499998,-13.9423065,92.0,1802.0,0.1370935900878906,False,REGULAR,USD,2026-07-31,7355.39013671875,0.0363499975204467,call,1.0876377528995098,0.1424657534246575,9.05
SPXW260731C08010000,2026-06-08 14:09:29+00:00,8010.0,11.65,8.4,8.9,0.0,0.0,22.0,125.0,0.1377420821380615,False,REGULAR,USD,2026-07-31,7355.39013671875,0.0363499975204467,call,1.0889973000906343,0.1424657534246575,8.65
SPXW260731C08020000,2026-06-08 15:06:35+00:00,8020.0,12.7,7.9,8.3,0.0,0.0,1.0,112.0,0.1373606162261963,False,REGULAR,USD,2026-07-31,7355.39013671875,0.0363499975204467,call,1.0903568472817586,0.1424657534246575,8.100000000000001
SPXW260731C08025000,2026-06-09 17:56:56+00:00,8025.0,6.64,7.5,7.9,-4.5899997,-40.87266,9.0,11.0,0.1367807880401611,False,REGULAR,USD,2026-07-31,7355.39013671875,0.0363499975204467,call,1.0910366208773208,0.1424657534246575,7.7
SPXW260731C08030000,2026-06-09 16:58:40+00:00,8030.0,4.9,7.3,7.6,-10.15,-67.44186,8.0,23.0,0.1365061325836181,False,REGULAR,USD,2026-07-31,7355.39013671875,0.0363499975204467,call,1.091716394472883,0.1424657534246575,7.449999999999999
SPXW260731C08040000,2026-06-05 20:12:02+00:00,8040.0,6.32,6.9,7.3,0.0,0.0,1.0,12.0,0.1369638916778564,False,REGULAR,USD,2026-07-31,7355.39013671875,0.0363499975204467,call,1.0930759416640077,0.1424657534246575,7.1
SPXW260731C08050000,2026-06-09 16:17:30+00:00,8050.0,4.3,6.5,6.9,-4.5999994,-51.68539,40.0,74.0,0.137002038269043,False,REGULAR,USD,2026-07-31,7355.39013671875,0.0363499975204467,call,1.0944354888551318,0.1424657534246575,6.7
SPXW260731C08060000,2026-06-05 18:03:27+00:00,8060.0,9.06,5.9,6.3,0.0,0.0,10.0,53.0,0.1361628132629394,False,REGULAR,USD,2026-07-31,7355.39013671875,0.0363499975204467,call,1.0957950360462565,0.1424657534246575,6.1
SPXW260731C08070000,2026-05-26 15:29:29+00:00,8070.0,25.83,5.7,6.1,0.0,0.0,10.0,72.0,0.136826563949585,False,REGULAR,USD,2026-07-31,7355.39013671875,0.0363499975204467,call,1.0971545832373806,0.1424657534246575,5.9
SPXW260731C08075000,2026-06-05 19:59:10+00:00,8075.0,6.51,5.4,5.8,0.0,0.0,4.0,57.0,0.1363077703094482,False,REGULAR,USD,2026-07-31,7355.39013671875,0.0363499975204467,call,1.0978343568329427,0.1424657534246575,5.6
SPXW260731C08080000,2026-06-05 13:47:45+00:00,8080.0,10.67,5.3,5.8,0.0,0.0,1.0,140.0,0.1370401848602295,False,REGULAR,USD,2026-07-31,7355.39013671875,0.0363499975204467,call,1.0985141304285049,0.1424657534246575,5.55
SPXW260731C08090000,2026-06-05 20:05:37+00:00,8090.0,3.3,4.8,5.3,-1.7,-34.0,4.0,91.0,0.1362848823547363,False,REGULAR,USD,2026-07-31,7355.39013671875,0.0363499975204467,call,1.0998736776196294,0.1424657534246575,5.05
SPXW260731C08100000,2026-06-09 18:25:20+00:00,8100.0,4.55,4.7,5.0,-0.75,-14.150943,246.0,2238.0,0.1363306582641602,False,REGULAR,USD,2026-07-31,7355.39013671875,0.0363499975204467,call,1.1012332248107537,0.1424657534246575,4.85
SPXW260731C08125000,2026-06-09 14:55:29+00:00,8125.0,2.6,4.0,4.4,-2.9700003,-53.32137,5.0,60.0,0.1368799691772461,False,REGULAR,USD,2026-07-31,7355.39013671875,0.0363499975204467,call,1.104632092788565,0.1424657534246575,4.2
SPXW260731C08150000,2026-06-09 16:59:23+00:00,8150.0,2.4,3.4,3.7,-1.28,-34.782608,36.0,145.0,0.1364374687194824,False,REGULAR,USD,2026-07-31,7355.39013671875,0.0363499975204467,call,1.1080309607663756,0.1424657534246575,3.55
SPXW260731C08175000,2026-06-09 15:26:50+00:00,8175.0,2.4,2.9,3.2,-3.73,-60.848286,1.0,140.0,0.1366663482666015,False,REGULAR,USD,2026-07-31,7355.39013671875,0.0363499975204467,call,1.1114298287441866,0.1424657534246575,3.05
SPXW260731C08200000,2026-06-09 17:19:18+00:00,8200.0,2.2,2.45,2.75,-1.3199999,-37.5,10.0,22943.0,0.1368036759948731,False,REGULAR,USD,2026-07-31,7355.39013671875,0.0363499975204467,call,1.1148286967219976,0.1424657534246575,2.6
SPXW260731C08225000,2026-06-09 13:59:54+00:00,8225.0,3.1,2.1,2.4,0.12999988,4.3771,1.0,50.0,0.1372766937255859,False,REGULAR,USD,2026-07-31,7355.39013671875,0.0363499975204467,call,1.1182275646998086,0.1424657534246575,2.25
SPXW260731C08250000,2026-06-08 20:00:10+00:00,8250.0,2.0,1.85,2.1,0.0,0.0,11.0,82.0,0.1378260046386719,False,REGULAR,USD,2026-07-31,7355.39013671875,0.0363499975204467,call,1.1216264326776195,0.1424657534246575,1.975
SPXW260731C08275000,2026-06-05 19:59:10+00:00,8275.0,1.92,1.55,1.9,0.0,0.0,5.0,92.0,0.1389856610107422,False,REGULAR,USD,2026-07-31,7355.39013671875,0.0363499975204467,call,1.1250253006554305,0.1424657534246575,1.725
SPXW260731C08300000,2026-06-09 13:32:51+00:00,8300.0,1.11,1.4,1.65,-0.78999996,-41.57895,6.0,14949.0,0.1393976441955566,False,REGULAR,USD,2026-07-31,7355.39013671875,0.0363499975204467,call,1.1284241686332417,0.1424657534246575,1.525
SPXW260731C08325000,2026-06-08 19:31:57+00:00,8325.0,1.45,1.25,1.55,0.0,0.0,3.0,12.0,0.1412134219360352,False,REGULAR,USD,2026-07-31,7355.39013671875,0.0363499975204467,call,1.1318230366110524,0.1424657534246575,1.4
SPXW260731C08350000,2026-06-05 16:35:46+00:00,8350.0,1.62,1.1,1.35,0.0,0.0,2.0,129.0,0.1416711810302734,False,REGULAR,USD,2026-07-31,7355.39013671875,0.0363499975204467,call,1.1352219045888634,0.1424657534246575,1.225
SPXW260731C08375000,2026-06-08 15:48:57+00:00,8375.0,1.42,0.95,1.25,0.0,0.0,10.0,2213.0,0.1431970446777344,False,REGULAR,USD,2026-07-31,7355.39013671875,0.0363499975204467,call,1.1386207725666744,0.1424657534246575,1.1
SPXW260731C08400000,2026-06-09 19:09:13+00:00,8400.0,1.0,0.85,1.1,0.0,0.0,46.0,33664.0,0.1438073901367187,False,REGULAR,USD,2026-07-31,7355.39013671875,0.0363499975204467,call,1.1420196405444851,0.1424657534246575,0.975
SPXW260731C08500000,2026-06-09 18:12:36+00:00,8500.0,0.65,0.6,0.7,-0.15000004,-18.750004,3.0,25139.0,0.1471642901611328,False,REGULAR,USD,2026-07-31,7355.39013671875,0.0363499975204467,call,1.1556151124557292,0.1424657534246575,0.6499999999999999
SPXW260807C07300000,2026-06-09 16:21:01+00:00,7300.0,211.2,262.2,263.4,-145.75002,-40.832054,1.0,6.0,0.1975025318908691,True,REGULAR,USD,2026-08-07,7355.39013671875,0.0363499975204467,call,0.9924694495208028,0.1616438356164383,262.79999999999995
SPXW260807C07325000,2026-06-05 20:14:26+00:00,7325.0,245.19,248.2,251.3,-5.1100006,-2.0415504,1.0,14.0,0.1981338579750061,True,REGULAR,USD,2026-08-07,7355.39013671875,0.0363499975204467,call,0.9958683174986136,0.1616438356164383,249.75
SPXW260807C07350000,2026-06-09 18:35:48+00:00,7350.0,228.84,231.8,233.0,-43.160004,-15.867649,8.0,21.0,0.193186245098114,True,REGULAR,USD,2026-08-07,7355.39013671875,0.0363499975204467,call,0.9992671854764248,0.1616438356164383,232.4
SPXW260807C07400000,2026-06-09 15:41:43+00:00,7400.0,178.22,200.7,202.0,-55.08,-23.609087,57.0,3.0,0.1869492774391174,False,REGULAR,USD,2026-08-07,7355.39013671875,0.0363499975204467,call,1.0060649214320467,0.1616438356164383,201.35
SPXW260807C07425000,2026-06-09 16:46:59+00:00,7425.0,194.6,185.9,187.0,-28.0,-12.578616,9.0,7.0,0.183683929233551,False,REGULAR,USD,2026-08-07,7355.39013671875,0.0363499975204467,call,1.0094637894098577,0.1616438356164383,186.45
SPXW260807C07450000,2026-06-09 19:04:48+00:00,7450.0,178.7,171.5,172.5,-7.300003,-3.924733,9.0,32.0,0.1804395616531372,False,REGULAR,USD,2026-08-07,7355.39013671875,0.0363499975204467,call,1.012862657387669,0.1616438356164383,172.0
SPXW260807C07460000,2026-06-09 16:30:02+00:00,7460.0,129.0,165.7,167.0,-84.0,-39.43662,5.0,3.0,0.1792789516162872,False,REGULAR,USD,2026-08-07,7355.39013671875,0.0363499975204467,call,1.014222204578793,0.1616438356164383,166.35
SPXW260807C07470000,2026-06-08 15:18:09+00:00,7470.0,204.6,158.6,159.5,0.0,0.0,1.0,1.0,0.1763426177597046,False,REGULAR,USD,2026-08-07,7355.39013671875,0.0363499975204467,call,1.0155817517699173,0.1616438356164383,159.05
SPXW260807C07475000,2026-06-09 19:10:13+00:00,7475.0,160.0,158.1,159.2,-35.0,-17.948717,7.0,4.0,0.1777950492191314,False,REGULAR,USD,2026-08-07,7355.39013671875,0.0363499975204467,call,1.0162615253654796,0.1616438356164383,158.64999999999998
SPXW260807C07480000,2026-06-08 15:18:09+00:00,7480.0,198.4,153.5,154.7,0.0,0.0,1.0,2.0,0.1756388131523132,False,REGULAR,USD,2026-08-07,7355.39013671875,0.0363499975204467,call,1.0169412989610418,0.1616438356164383,154.1
SPXW260807C07500000,2026-06-05 17:56:17+00:00,7500.0,189.81,142.3,143.7,0.0,0.0,26.0,23.0,0.1728140580749512,False,REGULAR,USD,2026-08-07,7355.39013671875,0.0363499975204467,call,1.0196603933432906,0.1616438356164383,143.0
SPXW260807C07510000,2026-06-05 15:00:40+00:00,7510.0,134.03,138.3,139.6,-78.97,-37.07512,1.0,13.0,0.1725041170215607,False,REGULAR,USD,2026-08-07,7355.39013671875,0.0363499975204467,call,1.021019940534415,0.1616438356164383,138.95
SPXW260807C07520000,2026-06-08 16:19:39+00:00,7520.0,170.12,134.8,135.8,0.0,0.0,1.0,17.0,0.1723906309127807,False,REGULAR,USD,2026-08-07,7355.39013671875,0.0363499975204467,call,1.0223794877255392,0.1616438356164383,135.3
SPXW260807C07525000,2026-06-05 15:41:43+00:00,7525.0,185.55,130.2,131.2,0.0,0.0,3.0,3.0,0.1699435270881653,False,REGULAR,USD,2026-08-07,7355.39013671875,0.0363499975204467,call,1.0230592613211016,0.1616438356164383,130.7
SPXW260807C07530000,2026-06-09 15:54:24+00:00,7530.0,111.06,129.7,130.8,-85.2,-43.4118,2.0,5.0,0.171158496017456,False,REGULAR,USD,2026-08-07,7355.39013671875,0.0363499975204467,call,1.0237390349166635,0.1616438356164383,130.25
SPXW260807C07540000,2026-06-05 16:45:57+00:00,7540.0,107.3,124.6,125.8,-57.149994,-34.7522,1.0,2.0,0.1698481606101989,False,REGULAR,USD,2026-08-07,7355.39013671875,0.0363499975204467,call,1.025098582107788,0.1616438356164383,125.2
SPXW260807C07550000,2026-06-09 18:40:40+00:00,7550.0,123.9,118.7,119.6,-18.480003,-12.979353,3.0,6.0,0.1673857981491088,False,REGULAR,USD,2026-08-07,7355.39013671875,0.0363499975204467,call,1.0264581292989126,0.1616438356164383,119.15
SPXW260807C07570000,2026-06-08 15:09:43+00:00,7570.0,148.9,109.9,110.9,0.0,0.0,3.0,29.0,0.1655070785331726,False,REGULAR,USD,2026-08-07,7355.39013671875,0.0363499975204467,call,1.0291772236811612,0.1616438356164383,110.4
SPXW260807C07580000,2026-06-09 15:54:24+00:00,7580.0,90.58,105.5,106.6,-33.769997,-27.157215,7.0,2.0,0.1644942865371704,False,REGULAR,USD,2026-08-07,7355.39013671875,0.0363499975204467,call,1.0305367708722857,0.1616438356164383,106.05
SPXW260807C07590000,2026-06-09 17:19:06+00:00,7590.0,86.24,102.4,103.4,-52.310005,-37.755325,95.0,4.0,0.1644141786956787,False,REGULAR,USD,2026-08-07,7355.39013671875,0.0363499975204467,call,1.03189631806341,0.1616438356164383,102.9
SPXW260807C07600000,2026-06-08 19:37:06+00:00,7600.0,86.38,98.6,99.6,-23.32,-21.257977,1.0,81.0,0.1637103740882874,False,REGULAR,USD,2026-08-07,7355.39013671875,0.0363499975204467,call,1.0332558652545345,0.1616438356164383,99.1
SPXW260807C07610000,2026-06-09 17:19:06+00:00,7610.0,79.09,94.5,95.6,-26.100006,-24.812248,97.0,3.0,0.162737636013031,False,REGULAR,USD,2026-08-07,7355.39013671875,0.0363499975204467,call,1.0346154124456588,0.1616438356164383,95.05
SPXW260807C07620000,2026-06-09 16:38:10+00:00,7620.0,60.31,91.2,92.3,-40.679996,-40.281216,3.0,3.0,0.1623466334533691,False,REGULAR,USD,2026-08-07,7355.39013671875,0.0363499975204467,call,1.035974959636783,0.1616438356164383,91.75
SPXW260807C07625000,2026-06-08 19:39:09+00:00,7625.0,100.86,88.3,89.3,0.0,0.0,54.0,84.0,0.1608283991241455,False,REGULAR,USD,2026-08-07,7355.39013671875,0.0363499975204467,call,1.0366547332323452,0.1616438356164383,88.8
SPXW260807C07640000,2026-06-08 09:34:50+00:00,7640.0,78.39,83.5,84.4,-19.690002,-20.07545,1.0,1.0,0.1600730966186523,False,REGULAR,USD,2026-08-07,7355.39013671875,0.0363499975204467,call,1.038694054019032,0.1616438356164383,83.95
SPXW260807C07650000,2026-06-09 16:06:38+00:00,7650.0,61.01,79.6,80.5,-40.079998,-39.64784,2.0,6.0,0.1588447763824463,False,REGULAR,USD,2026-08-07,7355.39013671875,0.0363499975204467,call,1.0400536012101562,0.1616438356164383,80.05
SPXW260807C07670000,2026-06-05 16:45:57+00:00,7670.0,101.25,72.6,73.6,0.0,0.0,2.0,35.0,0.1570061106872559,False,REGULAR,USD,2026-08-07,7355.39013671875,0.0363499975204467,call,1.042772695592405,0.1616438356164383,73.1
SPXW260807C07675000,2026-06-09 16:51:44+00:00,7675.0,50.54,70.2,71.0,-31.32,-38.260445,167.0,167.0,0.1555870574951172,False,REGULAR,USD,2026-08-07,7355.39013671875,0.0363499975204467,call,1.0434524691879672,0.1616438356164383,70.6
SPXW260807C07680000,2026-06-09 14:42:37+00:00,7680.0,51.93,68.6,69.4,-38.949997,-42.858715,2.0,4.0,0.1551674449920654,False,REGULAR,USD,2026-08-07,7355.39013671875,0.0363499975204467,call,1.0441322427835296,0.1616438356164383,69.0
SPXW260807C07700000,2026-06-09 16:51:44+00:00,7700.0,44.56,63.3,64.2,-38.819996,-46.557922,169.0,195.0,0.1545437482261658,False,REGULAR,USD,2026-08-07,7355.39013671875,0.0363499975204467,call,1.0468513371657782,0.1616438356164383,63.75
SPXW260807C07725000,2026-06-09 15:24:16+00:00,7725.0,40.45,55.5,56.4,-28.319996,-41.180744,24.0,36.0,0.1518639501953125,False,REGULAR,USD,2026-08-07,7355.39013671875,0.0363499975204467,call,1.0502502051435891,0.1616438356164383,55.95
SPXW260807C07750000,2026-06-08 18:39:08+00:00,7750.0,61.74,50.0,50.8,0.0,0.0,2.0,10.0,0.1510857597351074,False,REGULAR,USD,2026-08-07,7355.39013671875,0.0363499975204467,call,1.0536490731214,0.1616438356164383,50.4
SPXW260807C07775000,2026-06-09 18:59:59+00:00,7775.0,46.12,44.3,45.0,-3.9900017,-7.9624863,22.0,28.0,0.1495446374511718,False,REGULAR,USD,2026-08-07,7355.39013671875,0.0363499975204467,call,1.057047941099211,0.1616438356164383,44.65
SPXW260807C07800000,2026-06-09 16:16:13+00:00,7800.0,34.09,38.1,38.8,-13.110001,-27.775423,16.0,20.0,0.1468629320907593,False,REGULAR,USD,2026-08-07,7355.39013671875,0.0363499975204467,call,1.060446809077022,0.1616438356164383,38.45
SPXW260807C07825000,2026-06-08 00:35:44+00:00,7825.0,41.68,34.1,34.9,0.0,0.0,1.0,1.0,0.1466283305549621,False,REGULAR,USD,2026-08-07,7355.39013671875,0.0363499975204467,call,1.063845677054833,0.1616438356164383,34.5
SPXW260807C07850000,2026-06-09 17:48:00+00:00,7850.0,25.37,29.7,30.5,-13.33,-34.444443,7.0,905.0,0.1451711307716369,False,REGULAR,USD,2026-08-07,7355.39013671875,0.0363499975204467,call,1.067244545032644,0.1616438356164383,30.1
SPXW260807C07875000,2026-06-09 17:59:26+00:00,7875.0,23.26,26.0,26.6,-5.9799995,-20.451435,18.0,7.0,0.1438607953643798,False,REGULAR,USD,2026-08-07,7355.39013671875,0.0363499975204467,call,1.070643413010455,0.1616438356164383,26.3
SPXW260807C07900000,2026-06-09 18:30:07+00:00,7900.0,22.15,22.2,22.8,-5.5599995,-20.064957,22.0,7.0,0.1420679055786132,False,REGULAR,USD,2026-08-07,7355.39013671875,0.0363499975204467,call,1.074042280988266,0.1616438356164383,22.5
SPXW260807C07950000,2026-06-09 18:30:07+00:00,7950.0,17.6,17.1,17.7,-4.1000004,-18.89401,10.0,44.0,0.1411981632995606,False,REGULAR,USD,2026-08-07,7355.39013671875,0.0363499975204467,call,1.080840016943888,0.1616438356164383,17.4
SPXW260807C08000000,2026-06-09 17:00:27+00:00,8000.0,8.89,12.9,13.4,-5.3499994,-37.57022,18.0,27.0,0.1399164378356933,False,REGULAR,USD,2026-08-07,7355.39013671875,0.0363499975204467,call,1.0876377528995098,0.1616438356164383,13.15
SPXW260807C08050000,2026-06-09 16:17:12+00:00,8050.0,6.3,9.5,10.1,-4.1799994,-39.88549,9.0,22.0,0.138955143737793,False,REGULAR,USD,2026-08-07,7355.39013671875,0.0363499975204467,call,1.0944354888551318,0.1616438356164383,9.8
SPXW260807C08100000,2026-06-09 16:17:22+00:00,8100.0,4.83,7.0,7.5,-3.17,-39.625,11.0,31.0,0.1379709616851806,False,REGULAR,USD,2026-08-07,7355.39013671875,0.0363499975204467,call,1.1012332248107537,0.1616438356164383,7.25
SPXW260807C08150000,2026-06-09 15:38:31+00:00,8150.0,3.5,5.1,5.6,-3.6,-50.704227,10.0,10.0,0.1374750559997559,False,REGULAR,USD,2026-08-07,7355.39013671875,0.0363499975204467,call,1.1080309607663756,0.1616438356164383,5.35
SPXW260807C08200000,2026-06-09 15:59:59+00:00,8200.0,2.8,3.9,4.3,-2.6000001,-48.148148,2.0,59.0,0.1378641512298584,False,REGULAR,USD,2026-08-07,7355.39013671875,0.0363499975204467,call,1.1148286967219976,0.1616438356164383,4.1
SPXW260807C08250000,2026-06-08 17:57:13+00:00,8250.0,3.65,2.85,3.2,0.0,0.0,1.0,42.0,0.137703935546875,False,REGULAR,USD,2026-08-07,7355.39013671875,0.0363499975204467,call,1.1216264326776195,0.1616438356164383,3.0250000000000004
SPXW260807C08300000,2026-06-08 20:01:13+00:00,8300.0,1.6,2.25,2.55,-0.8000001,-33.333336,1.0,5200.0,0.1390772128295898,False,REGULAR,USD,2026-08-07,7355.39013671875,0.0363499975204467,call,1.1284241686332417,0.1616438356164383,2.4
SPXW260807C08350000,2026-06-09 14:15:02+00:00,8350.0,2.1,1.75,2.05,-0.10000014,-4.545461,2.0,5313.0,0.1406030764770507,False,REGULAR,USD,2026-08-07,7355.39013671875,0.0363499975204467,call,1.1352219045888634,0.1616438356164383,1.9
SPXW260807C08400000,2026-06-08 14:25:30+00:00,8400.0,1.0,1.35,1.65,-0.77,-43.502827,2.0,4.0,0.1421289401245117,False,REGULAR,USD,2026-08-07,7355.39013671875,0.0363499975204467,call,1.1420196405444851,0.1616438356164383,1.5
SPXW260807C08500000,2026-06-05 19:24:42+00:00,8500.0,1.2,0.9,1.15,0.18000007,17.647066,3.0,2800.0,0.1463708410644531,False,REGULAR,USD,2026-08-07,7355.39013671875,0.0363499975204467,call,1.1556151124557292,0.1616438356164383,1.025
SPX260821C07285000,2026-06-09 17:50:05+00:00,7285.0,277.2,301.1,302.8,46.600006,20.208155,6.0,1.0,0.2019542390823364,True,REGULAR,USD,2026-08-21,7355.39013671875,0.0363499975204467,call,0.9904301287341162,0.2,301.95000000000005
SPX260821C07290000,2026-06-04 19:52:10+00:00,7290.0,456.2,295.2,296.9,0.0,0.0,1.0,19.0,0.1994422860527038,True,REGULAR,USD,2026-08-21,7355.39013671875,0.0363499975204467,call,0.9911099023296784,0.2,296.04999999999995
SPX260821C07300000,2026-06-09 19:03:11+00:00,7300.0,297.3,290.7,292.2,-53.370026,-15.219443,517.0,4509.0,0.1998189836406708,True,REGULAR,USD,2026-08-21,7355.39013671875,0.0363499975204467,call,0.9924694495208028,0.2,291.45
SPX260821C07305000,2026-06-08 14:20:02+00:00,7305.0,325.6,284.7,286.2,0.0,0.0,2.0,13.0,0.1972068958091735,True,REGULAR,USD,2026-08-21,7355.39013671875,0.0363499975204467,call,0.993149223116365,0.2,285.45
SPX260821C07310000,2026-06-02 19:33:29+00:00,7310.0,257.43,283.3,284.6,-200.98001,-43.842854,1.0,187.0,0.1979393103599548,True,REGULAR,USD,2026-08-21,7355.39013671875,0.0363499975204467,call,0.9938289967119271,0.2,283.95000000000005
SPX260821C07320000,2026-06-01 11:40:00+00:00,7320.0,446.7,275.5,277.1,0.0,0.0,6.0,81.0,0.1960949226760864,True,REGULAR,USD,2026-08-21,7355.39013671875,0.0363499975204467,call,0.9951885439030516,0.2,276.3
SPXW260821C07325000,2026-06-09 15:34:01+00:00,7325.0,251.0,274.5,275.4,-140.4,-35.87123,2.0,32.0,0.196715758447647,True,REGULAR,USD,2026-08-21,7355.39013671875,0.0363499975204467,call,0.9958683174986136,0.2,274.95
SPX260821C07330000,2026-06-08 13:51:15+00:00,7330.0,312.7,268.9,270.5,0.0,0.0,2.0,22.0,0.1948933050537109,True,REGULAR,USD,2026-08-21,7355.39013671875,0.0363499975204467,call,0.996548091094176,0.2,269.7
SPX260821C07335000,2026-06-05 19:55:10+00:00,7335.0,291.4,265.6,267.2,0.0,0.0,9.0,10.0,0.1942762839412689,True,REGULAR,USD,2026-08-21,7355.39013671875,0.0363499975204467,call,0.997227864689738,0.2,266.4
SPXW260821C07340000,2026-05-28 19:47:27+00:00,7340.0,406.8,264.6,265.7,0.0,0.0,5.0,17.0,0.1950134668159484,True,REGULAR,USD,2026-08-21,7355.39013671875,0.0363499975204467,call,0.9979076382853004,0.2,265.15
SPXW260821C07345000,2026-06-09 16:32:16+00:00,7345.0,219.51,261.8,263.0,-160.19002,-42.188572,12.0,16.0,0.1948284558486938,True,REGULAR,USD,2026-08-21,7355.39013671875,0.0363499975204467,call,0.9985874118808624,0.2,262.4
SPXW260821C07350000,2026-06-09 17:43:16+00:00,7350.0,246.88,254.7,257.6,-33.22,-11.860049,2.0,166.0,0.1925854362869262,True,REGULAR,USD,2026-08-21,7355.39013671875,0.0363499975204467,call,0.9992671854764248,0.2,256.15
SPXW260821C07355000,2026-06-09 16:32:16+00:00,7355.0,213.7,254.7,255.9,-158.40001,-42.569202,12.0,28.0,0.1931347472000122,True,REGULAR,USD,2026-08-21,7355.39013671875,0.0363499975204467,call,0.9999469590719868,0.2,255.3
SPXW260821C07360000,2026-06-09 17:27:25+00:00,7360.0,224.69,250.1,251.4,-165.51001,-42.41671,3.0,29.0,0.1915535709953308,False,REGULAR,USD,2026-08-21,7355.39013671875,0.0363499975204467,call,1.000626732667549,0.2,250.75
SPX260821C07370000,2026-06-09 18:58:14+00:00,7370.0,250.8,244.6,246.1,-19.09999,-7.0766916,2.0,90.0,0.1911558927822113,False,REGULAR,USD,2026-08-21,7355.39013671875,0.0363499975204467,call,1.0019862798586734,0.2,245.35
SPX260821C07375000,2026-06-08 16:52:16+00:00,7375.0,279.7,240.9,242.2,0.0,0.0,2.0,2058.0,0.189993375415802,False,REGULAR,USD,2026-08-21,7355.39013671875,0.0363499975204467,call,1.0026660534542358,0.2,241.55
SPXW260821C07380000,2026-06-09 16:33:01+00:00,7380.0,202.12,239.5,240.6,-180.58002,-47.185787,1.0,7.0,0.1905598522949219,False,REGULAR,USD,2026-08-21,7355.39013671875,0.0363499975204467,call,1.003345827049798,0.2,240.05
SPXW260821C07385000,2026-06-09 16:33:01+00:00,7385.0,199.32,236.1,237.0,-65.28,-24.671202,1.0,5.0,0.1896004655265808,False,REGULAR,USD,2026-08-21,7355.39013671875,0.0363499975204467,call,1.00402560064536,0.2,236.55
SPXW260821C07390000,2026-06-05 15:14:36+00:00,7390.0,312.07,231.0,232.2,0.0,0.0,1.0,34.0,0.1877217459106445,False,REGULAR,USD,2026-08-21,7355.39013671875,0.0363499975204467,call,1.0047053742409222,0.2,231.6
SPXW260821C07395000,2026-06-04 08:58:22+00:00,7395.0,335.0,231.0,231.9,0.0,0.0,5.0,9.0,0.1892361655807495,False,REGULAR,USD,2026-08-21,7355.39013671875,0.0363499975204467,call,1.0053851478364844,0.2,231.45
SPXW260821C07400000,2026-06-09 15:59:23+00:00,7400.0,200.0,227.1,228.1,-54.800003,-21.507067,23.0,250.0,0.1880898605155944,False,REGULAR,USD,2026-08-21,7355.39013671875,0.0363499975204467,call,1.0060649214320467,0.2,227.6
SPXW260821C07405000,2026-06-09 15:30:26+00:00,7405.0,199.03,222.8,224.0,-44.229996,-18.18219,4.0,22.0,0.1867051392555236,False,REGULAR,USD,2026-08-21,7355.39013671875,0.0363499975204467,call,1.0067446950276089,0.2,223.4
SPX260821C07410000,2026-06-05 19:54:18+00:00,7410.0,243.2,219.6,221.1,0.0,0.0,15.0,34.0,0.1862149555587768,False,REGULAR,USD,2026-08-21,7355.39013671875,0.0363499975204467,call,1.007424468623171,0.2,220.35
SPX260821C07415000,2026-06-05 19:57:45+00:00,7415.0,237.3,216.2,217.7,0.0,0.0,1.0,15.0,0.1853337693023681,False,REGULAR,USD,2026-08-21,7355.39013671875,0.0363499975204467,call,1.0081042422187332,0.2,216.95
SPX260821C07420000,2026-06-09 17:36:30+00:00,7420.0,196.1,214.0,215.5,-45.37999,-18.792442,3.0,106.0,0.1853490279388427,False,REGULAR,USD,2026-08-21,7355.39013671875,0.0363499975204467,call,1.008784015814295,0.2,214.75
SPX260821C07425000,2026-06-08 16:36:39+00:00,7425.0,246.9,211.1,212.4,0.0,0.0,3.0,713.0,0.1846700186157226,False,REGULAR,USD,2026-08-21,7355.39013671875,0.0363499975204467,call,1.0094637894098577,0.2,211.75
SPX260821C07430000,2026-06-09 16:05:13+00:00,7430.0,176.98,206.6,208.2,-63.809998,-26.50027,11.0,113.0,0.1831422476387023,False,REGULAR,USD,2026-08-21,7355.39013671875,0.0363499975204467,call,1.01014356300542,0.2,207.4
SPX260821C07435000,2026-06-09 18:36:55+00:00,7435.0,206.54,205.3,206.6,-16.790009,-7.5180264,72.0,47.0,0.183576165113449,False,REGULAR,USD,2026-08-21,7355.39013671875,0.0363499975204467,call,1.010823336600982,0.2,205.95
SPXW260821C07440000,2026-06-08 17:17:07+00:00,7440.0,230.63,201.0,201.8,0.0,0.0,3.0,75.0,0.1815648860931396,False,REGULAR,USD,2026-08-21,7355.39013671875,0.0363499975204467,call,1.0115031101965442,0.2,201.4
SPX260821C07445000,2026-06-04 13:47:12+00:00,7445.0,302.3,199.3,200.8,0.0,0.0,2.0,28.0,0.1824308137130737,False,REGULAR,USD,2026-08-21,7355.39013671875,0.0363499975204467,call,1.0121828837921063,0.2,200.05
SPX260821C07450000,2026-06-09 17:16:00+00:00,7450.0,173.75,194.7,195.6,-42.350006,-19.59741,71.0,3134.0,0.1800867056846618,False,REGULAR,USD,2026-08-21,7355.39013671875,0.0363499975204467,call,1.012862657387669,0.2,195.15
SPX260821C07455000,2026-06-09 16:03:38+00:00,7455.0,165.0,193.7,195.0,-65.0,-28.26087,5.0,79.0,0.1812330107498169,False,REGULAR,USD,2026-08-21,7355.39013671875,0.0363499975204467,call,1.0135424309832308,0.2,194.35
SPX260821C07460000,2026-06-08 19:55:57+00:00,7460.0,143.5,191.2,192.4,-63.199997,-30.575712,10.0,336.0,0.180842008190155,False,REGULAR,USD,2026-08-21,7355.39013671875,0.0363499975204467,call,1.014222204578793,0.2,191.8
SPXW260821C07465000,2026-06-09 16:47:25+00:00,7465.0,146.32,189.0,189.9,-135.28,-48.039772,3.0,4.0,0.1805149011707305,False,REGULAR,USD,2026-08-21,7355.39013671875,0.0363499975204467,call,1.0149019781743551,0.2,189.45
SPX260821C07470000,2026-06-09 16:36:11+00:00,7470.0,143.38,184.0,185.4,-57.119995,-28.488775,639.0,175.0,0.1786447645378112,False,REGULAR,USD,2026-08-21,7355.39013671875,0.0363499975204467,call,1.0155817517699173,0.2,184.7
SPXW260821C07475000,2026-06-09 14:04:00+00:00,7475.0,206.09,183.4,184.2,6.119995,3.0604565,6.0,298.0,0.1792856272697448,False,REGULAR,USD,2026-08-21,7355.39013671875,0.0363499975204467,call,1.0162615253654796,0.2,183.8
SPX260821C07480000,2026-06-09 13:52:25+00:00,7480.0,197.85,179.9,181.3,3.1500092,1.6178784,16.0,64.0,0.1786104326057434,False,REGULAR,USD,2026-08-21,7355.39013671875,0.0363499975204467,call,1.0169412989610418,0.2,180.6
SPX260821C07485000,2026-06-09 16:33:02+00:00,7485.0,145.5,175.8,177.3,-46.399994,-24.179258,2.0,45.0,0.1770769396400451,False,REGULAR,USD,2026-08-21,7355.39013671875,0.0363499975204467,call,1.017621072556604,0.2,176.55
SPX260821C07490000,2026-06-09 16:28:40+00:00,7490.0,138.7,172.4,173.6,-50.699997,-26.768742,48.0,128.0,0.1757561139202118,False,REGULAR,USD,2026-08-21,7355.39013671875,0.0363499975204467,call,1.018300846152166,0.2,173.0
SPX260821C07495000,2026-06-09 18:45:30+00:00,7495.0,168.0,171.8,173.1,-18.399994,-9.871242,38.0,105.0,0.1768862066841125,False,REGULAR,USD,2026-08-21,7355.39013671875,0.0363499975204467,call,1.0189806197477282,0.2,172.45
SPXW260821C07500000,2026-06-09 17:14:23+00:00,7500.0,143.95,169.5,170.6,-42.020004,-22.595045,19.0,250.0,0.1764637331867218,False,REGULAR,USD,2026-08-21,7355.39013671875,0.0363499975204467,call,1.0196603933432906,0.2,170.05
SPXW260821C07505000,2026-06-08 17:17:07+00:00,7505.0,191.91,167.2,168.2,0.0,0.0,3.0,20.0,0.1761042015647888,False,REGULAR,USD,2026-08-21,7355.39013671875,0.0363499975204467,call,1.0203401669388528,0.2,167.7
SPXW260821C07510000,2026-06-09 17:14:23+00:00,7510.0,139.25,165.2,166.5,-41.119995,-22.79758,11.0,77.0,0.1762739538955688,False,REGULAR,USD,2026-08-21,7355.39013671875,0.0363499975204467,call,1.021019940534415,0.2,165.85
SPXW260821C07515000,2026-06-05 13:52:32+00:00,7515.0,238.5,162.4,163.4,0.0,0.0,1.0,5.0,0.1753431770706177,False,REGULAR,USD,2026-08-21,7355.39013671875,0.0363499975204467,call,1.021699714129977,0.2,162.9
SPXW260821C07520000,2026-06-09 10:21:32+00:00,7520.0,188.0,160.0,161.0,-98.04999,-34.27722,1.0,41.0,0.1749426378631592,False,REGULAR,USD,2026-08-21,7355.39013671875,0.0363499975204467,call,1.0223794877255392,0.2,160.5
SPXW260821C07525000,2026-06-09 10:22:14+00:00,7525.0,185.1,155.4,156.3,4.6600037,2.582578,3.0,66.0,0.1727301355743408,False,REGULAR,USD,2026-08-21,7355.39013671875,0.0363499975204467,call,1.0230592613211016,0.2,155.85000000000002
SPXW260821C07530000,2026-06-08 06:34:05+00:00,7530.0,169.5,154.9,155.8,0.0,0.0,8.0,19.0,0.1737829814910888,False,REGULAR,USD,2026-08-21,7355.39013671875,0.0363499975204467,call,1.0237390349166635,0.2,155.35000000000002
SPXW260821C07535000,2026-06-09 13:43:08+00:00,7535.0,113.0,150.3,151.1,-54.559998,-32.56147,20.0,13.0,0.1715332862758636,False,REGULAR,USD,2026-08-21,7355.39013671875,0.0363499975204467,call,1.024418808512226,0.2,150.7
SPXW260821C07540000,2026-06-02 14:33:54+00:00,7540.0,281.6,149.9,150.9,0.0,0.0,5.0,54.0,0.1728007067680359,False,REGULAR,USD,2026-08-21,7355.39013671875,0.0363499975204467,call,1.025098582107788,0.2,150.4
SPXW260821C07545000,2026-06-08 13:31:03+00:00,7545.0,187.2,147.2,148.0,0.0,0.0,1.0,2.0,0.1719309644889831,False,REGULAR,USD,2026-08-21,7355.39013671875,0.0363499975204467,call,1.0257783557033502,0.2,147.6
SPXW260821C07550000,2026-06-09 14:19:15+00:00,7550.0,115.3,145.2,146.2,-51.59999,-30.916712,65.0,291.0,0.1719137985229492,False,REGULAR,USD,2026-08-21,7355.39013671875,0.0363499975204467,call,1.0264581292989126,0.2,145.7
SPXW260821C07555000,2026-06-09 10:22:47+00:00,7555.0,168.4,141.9,142.8,-65.90001,-28.126337,2.0,2.0,0.1706158607578278,False,REGULAR,USD,2026-08-21,7355.39013671875,0.0363499975204467,call,1.0271379028944747,0.2,142.35000000000002
SPX260821C07560000,2026-06-09 16:13:51+00:00,7560.0,112.15,138.1,139.4,-42.749992,-27.598446,2.0,89.0,0.1692969423675537,False,REGULAR,USD,2026-08-21,7355.39013671875,0.0363499975204467,call,1.0278176764900369,0.2,138.75
SPX260821C07565000,2026-06-08 19:23:04+00:00,7565.0,149.65,135.0,136.1,0.0,0.0,2.0,18.0,0.1680361975288391,False,REGULAR,USD,2026-08-21,7355.39013671875,0.0363499975204467,call,1.028497450085599,0.2,135.55
SPXW260821C07570000,2026-06-08 18:07:00+00:00,7570.0,161.52,133.3,134.2,0.0,0.0,2.0,52.0,0.1678769355106353,False,REGULAR,USD,2026-08-21,7355.39013671875,0.0363499975204467,call,1.0291772236811612,0.2,133.75
SPX260821C07575000,2026-06-09 17:36:25+00:00,7575.0,118.47,131.9,133.0,-46.229996,-28.069214,1.0,1832.0,0.1682669844055176,False,REGULAR,USD,2026-08-21,7355.39013671875,0.0363499975204467,call,1.0298569972767233,0.2,132.45
SPXW260821C07580000,2026-06-03 19:29:50+00:00,7580.0,232.38,130.3,131.4,0.0,0.0,2.0,44.0,0.1683242042922974,False,REGULAR,USD,2026-08-21,7355.39013671875,0.0363499975204467,call,1.0305367708722857,0.2,130.85000000000002
SPX260821C07585000,2026-06-09 18:05:55+00:00,7585.0,117.33,128.4,129.4,-30.940002,-20.867338,320.0,178.0,0.1680457341766358,False,REGULAR,USD,2026-08-21,7355.39013671875,0.0363499975204467,call,1.0312165444678478,0.2,128.9
SPXW260821C07590000,2026-06-03 18:52:57+00:00,7590.0,160.57,125.1,126.0,-70.2,-30.419895,1.0,27.0,0.1666133296775818,False,REGULAR,USD,2026-08-21,7355.39013671875,0.0363499975204467,call,1.03189631806341,0.2,125.55
SPXW260821C07595000,2026-06-09 15:55:00+00:00,7595.0,106.65,123.9,124.8,-42.269997,-28.384365,6.0,20.0,0.1669547416687012,False,REGULAR,USD,2026-08-21,7355.39013671875,0.0363499975204467,call,1.032576091658972,0.2,124.35
SPX260821C07600000,2026-06-09 18:39:01+00:00,7600.0,122.42,120.2,121.2,-11.900009,-8.859447,1226.0,7353.0,0.1653182529067993,False,REGULAR,USD,2026-08-21,7355.39013671875,0.0363499975204467,call,1.0332558652545345,0.2,120.7
SPXW260821C07605000,2026-06-09 15:19:15+00:00,7605.0,86.11,118.3,119.1,-71.03,-45.201733,37.0,54.0,0.1648900574207306,False,REGULAR,USD,2026-08-21,7355.39013671875,0.0363499975204467,call,1.0339356388500966,0.2,118.7
SPX260821C07610000,2026-06-08 19:31:28+00:00,7610.0,130.9,115.3,116.4,0.0,0.0,21.0,140.0,0.1639487902832031,False,REGULAR,USD,2026-08-21,7355.39013671875,0.0363499975204467,call,1.0346154124456588,0.2,115.85
SPXW260821C07615000,2026-06-08 14:03:28+00:00,7615.0,104.7,116.0,116.6,-36.770004,-25.991379,3.0,9.0,0.1653945460891724,False,REGULAR,USD,2026-08-21,7355.39013671875,0.0363499975204467,call,1.035295186041221,0.2,116.3
SPX260821C07620000,2026-06-09 14:14:06+00:00,7620.0,90.44,111.1,112.3,-36.559998,-28.7874,5.0,167.0,0.1630904919815063,False,REGULAR,USD,2026-08-21,7355.39013671875,0.0363499975204467,call,1.035974959636783,0.2,111.7
SPXW260821C07625000,2026-06-05 16:05:51+00:00,7625.0,156.3,111.6,112.4,0.0,0.0,1.0,74.0,0.1644351593208313,False,REGULAR,USD,2026-08-21,7355.39013671875,0.0363499975204467,call,1.0366547332323452,0.2,112.0
SPXW260821C07630000,2026-06-09 13:43:40+00:00,7630.0,143.07,109.5,110.4,15.220009,11.904582,3.0,30.0,0.1640136394882202,False,REGULAR,USD,2026-08-21,7355.39013671875,0.0363499975204467,call,1.0373345068279076,0.2,109.95
SPXW260821C07635000,2026-06-09 13:43:40+00:00,7635.0,140.72,106.2,107.4,15.07,11.993633,3.0,21.0,0.1627300066947937,False,REGULAR,USD,2026-08-21,7355.39013671875,0.0363499975204467,call,1.0380142804234698,0.2,106.8
SPXW260821C07640000,2026-06-08 18:45:17+00:00,7640.0,123.7,103.9,105.9,0.0,0.0,8.0,79.0,0.1626956747627258,False,REGULAR,USD,2026-08-21,7355.39013671875,0.0363499975204467,call,1.038694054019032,0.2,104.9
SPX260821C07645000,2026-06-08 14:02:09+00:00,7645.0,127.4,102.6,103.6,0.0,0.0,10.0,48.0,0.1619651675415039,False,REGULAR,USD,2026-08-21,7355.39013671875,0.0363499975204467,call,1.039373827614594,0.2,103.1
SPXW260821C07650000,2026-06-09 16:28:28+00:00,7650.0,76.95,101.1,102.0,-40.33,-34.38779,45.0,166.0,0.1618144885063171,False,REGULAR,USD,2026-08-21,7355.39013671875,0.0363499975204467,call,1.0400536012101562,0.2,101.55
SPX260821C07655000,2026-06-05 18:45:04+00:00,7655.0,118.41,98.9,100.1,0.0,0.0,101.0,110.0,0.1613910613441467,False,REGULAR,USD,2026-08-21,7355.39013671875,0.0363499975204467,call,1.0407333748057186,0.2,99.5
SPXW260821C07660000,2026-06-08 16:05:35+00:00,7660.0,115.86,97.4,98.4,-5.8499985,-4.806506,1.0,19.0,0.1611240352058411,False,REGULAR,USD,2026-08-21,7355.39013671875,0.0363499975204467,call,1.0414131484012807,0.2,97.9
SPX260821C07665000,2026-06-08 14:18:02+00:00,7665.0,115.55,94.1,95.3,0.0,0.0,5.0,106.0,0.1596191521835326,False,REGULAR,USD,2026-08-21,7355.39013671875,0.0363499975204467,call,1.042092921996843,0.2,94.7
SPXW260821C07670000,2026-06-08 15:10:18+00:00,7670.0,90.42,94.4,95.1,-36.08,-28.521742,6.0,27.0,0.1606281295204162,False,REGULAR,USD,2026-08-21,7355.39013671875,0.0363499975204467,call,1.042772695592405,0.2,94.75
SPXW260821C07675000,2026-06-09 16:28:28+00:00,7675.0,69.35,92.8,93.5,-46.65,-40.21552,58.0,144.0,0.1604011573028564,False,REGULAR,USD,2026-08-21,7355.39013671875,0.0363499975204467,call,1.0434524691879672,0.2,93.15
SPX260821C07680000,2026-06-08 19:31:42+00:00,7680.0,62.6,90.1,91.2,-38.700005,-38.20336,7.0,58.0,0.159539044342041,False,REGULAR,USD,2026-08-21,7355.39013671875,0.0363499975204467,call,1.0441322427835296,0.2,90.65
SPX260821C07685000,2026-06-09 16:33:12+00:00,7685.0,68.17,88.0,89.0,-104.83,-60.595375,6.0,37.0,0.1587417805862427,False,REGULAR,USD,2026-08-21,7355.39013671875,0.0363499975204467,call,1.0448120163790915,0.2,88.5
SPX260821C07690000,2026-06-09 18:58:02+00:00,7690.0,87.6,85.5,86.5,-9.900002,-10.153848,50.0,54.0,0.1576526954078674,False,REGULAR,USD,2026-08-21,7355.39013671875,0.0363499975204467,call,1.045491789974654,0.2,86.0
SPX260821C07695000,2026-06-05 19:31:06+00:00,7695.0,96.54,83.7,84.8,0.0,0.0,161.0,103.0,0.1572588318538665,False,REGULAR,USD,2026-08-21,7355.39013671875,0.0363499975204467,call,1.046171563570216,0.2,84.25
SPX260821C07700000,2026-06-09 19:08:55+00:00,7700.0,86.3,83.2,84.3,-7.5,-7.995735,406.0,4075.0,0.1579407021713256,False,REGULAR,USD,2026-08-21,7355.39013671875,0.0363499975204467,call,1.0468513371657782,0.2,83.75
SPX260821C07705000,2026-06-09 19:05:17+00:00,7705.0,86.73,80.5,81.4,-23.279999,-21.161713,2.0,103.0,0.1564186531829834,False,REGULAR,USD,2026-08-21,7355.39013671875,0.0363499975204467,call,1.0475311107613403,0.2,80.95
SPX260821C07710000,2026-06-08 19:31:38+00:00,7710.0,90.2,78.9,80.0,0.0,0.0,1.0,255.0,0.156246993522644,False,REGULAR,USD,2026-08-21,7355.39013671875,0.0363499975204467,call,1.048210884356903,0.2,79.45
SPXW260821C07715000,2026-06-09 15:04:59+00:00,7715.0,80.59,77.9,78.6,-30.010002,-27.133818,1.0,10.0,0.1560600752258301,False,REGULAR,USD,2026-08-21,7355.39013671875,0.0363499975204467,call,1.0488906579524648,0.2,78.25
SPX260821C07720000,2026-06-08 19:31:38+00:00,7720.0,86.7,75.7,76.8,0.0,0.0,7.0,357.0,0.1554840616989135,False,REGULAR,USD,2026-08-21,7355.39013671875,0.0363499975204467,call,1.049570431548027,0.2,76.25
SPX260821C07725000,2026-06-09 18:48:08+00:00,7725.0,74.2,75.0,76.0,-8.670006,-10.462176,2.0,1095.0,0.1558292883491516,False,REGULAR,USD,2026-08-21,7355.39013671875,0.0363499975204467,call,1.0502502051435891,0.2,75.5
SPXW260821C07730000,2026-06-05 16:56:06+00:00,7730.0,104.6,73.3,74.8,0.0,0.0,3.0,139.0,0.1557854197692871,False,REGULAR,USD,2026-08-21,7355.39013671875,0.0363499975204467,call,1.0509299787391515,0.2,74.05
SPX260821C07735000,2026-06-09 18:25:06+00:00,7735.0,68.9,71.6,72.6,-15.449997,-18.316536,18.0,13.0,0.1547726277732849,False,REGULAR,USD,2026-08-21,7355.39013671875,0.0363499975204467,call,1.0516097523347137,0.2,72.1
SPXW260821C07740000,2026-06-09 15:26:30+00:00,7740.0,64.35,70.7,71.4,-36.550003,-36.223988,1.0,31.0,0.1546944272613525,False,REGULAR,USD,2026-08-21,7355.39013671875,0.0363499975204467,call,1.0522895259302758,0.2,71.05000000000001
SPXW260821C07745000,2026-06-03 19:19:26+00:00,7745.0,143.9,70.4,71.0,0.0,0.0,1.0,10.0,0.1553772512435913,False,REGULAR,USD,2026-08-21,7355.39013671875,0.0363499975204467,call,1.052969299525838,0.2,70.7
SPX260821C07750000,2026-06-09 18:32:49+00:00,7750.0,67.5,67.3,68.3,-9.199997,-11.9947815,244.0,3625.0,0.1538113336753845,False,REGULAR,USD,2026-08-21,7355.39013671875,0.0363499975204467,call,1.0536490731214,0.2,67.8
SPX260821C07755000,2026-06-05 14:11:40+00:00,7755.0,109.92,66.7,67.6,0.0,0.0,100.0,103.0,0.1541775409507751,False,REGULAR,USD,2026-08-21,7355.39013671875,0.0363499975204467,call,1.0543288467169625,0.2,67.15
SPX260821C07760000,2026-06-09 17:06:42+00:00,7760.0,50.5,64.1,64.9,-23.099998,-31.385866,151.0,123.0,0.1525467741775513,False,REGULAR,USD,2026-08-21,7355.39013671875,0.0363499975204467,call,1.0550086203125246,0.2,64.5
SPXW260821C07765000,2026-06-04 19:53:53+00:00,7765.0,141.1,64.6,65.2,0.0,0.0,7.0,25.0,0.1538857195281982,False,REGULAR,USD,2026-08-21,7355.39013671875,0.0363499975204467,call,1.0556883939080868,0.2,64.9
SPX260821C07770000,2026-06-08 19:31:38+00:00,7770.0,70.6,62.5,63.5,0.0,0.0,2.0,267.0,0.1532124321937561,False,REGULAR,USD,2026-08-21,7355.39013671875,0.0363499975204467,call,1.056368167503649,0.2,63.0
SPXW260821C07775000,2026-06-08 13:31:03+00:00,7775.0,84.74,61.0,61.6,0.0,0.0,4.0,43.0,0.1523102653121948,False,REGULAR,USD,2026-08-21,7355.39013671875,0.0363499975204467,call,1.057047941099211,0.2,61.3
SPXW260821C07780000,2026-06-05 19:26:51+00:00,7780.0,68.15,60.5,61.2,0.0,0.0,10.0,58.0,0.1529206107711792,False,REGULAR,USD,2026-08-21,7355.39013671875,0.0363499975204467,call,1.0577277146947734,0.2,60.85
SPXW260821C07785000,2026-06-05 14:23:09+00:00,7785.0,75.7,58.2,59.4,-24.100006,-24.1483,2.0,11.0,0.152077571105957,False,REGULAR,USD,2026-08-21,7355.39013671875,0.0363499975204467,call,1.0584074882903356,0.2,58.8
SPXW260821C07790000,2026-06-05 13:43:36+00:00,7790.0,74.2,58.1,58.8,-26.0,-25.948105,2.0,61.0,0.1524609443473816,False,REGULAR,USD,2026-08-21,7355.39013671875,0.0363499975204467,call,1.0590872618858975,0.2,58.45
SPXW260821C07800000,2026-06-09 18:55:23+00:00,7800.0,56.16,55.7,56.3,-12.039997,-17.653955,15.0,267.0,0.1518258036041259,False,REGULAR,USD,2026-08-21,7355.39013671875,0.0363499975204467,call,1.060446809077022,0.2,56.0
SPX260821C07810000,2026-06-09 17:13:00+00:00,7810.0,40.42,51.6,52.4,-19.080002,-32.06723,2.0,583.0,0.1495942280197143,False,REGULAR,USD,2026-08-21,7355.39013671875,0.0363499975204467,call,1.0618063562681466,0.2,52.0
SPX260821C07820000,2026-06-09 13:57:07+00:00,7820.0,69.5,50.3,51.2,14.200001,25.678122,3.0,577.0,0.1502141101264954,False,REGULAR,USD,2026-08-21,7355.39013671875,0.0363499975204467,call,1.0631659034592709,0.2,50.75
SPX260821C07825000,2026-06-09 16:50:41+00:00,7825.0,34.43,48.5,49.3,-28.060001,-44.903187,197.0,859.0,0.1490582684135437,False,REGULAR,USD,2026-08-21,7355.39013671875,0.0363499975204467,call,1.063845677054833,0.2,48.9
SPXW260821C07830000,2026-06-09 17:17:12+00:00,7830.0,38.26,48.8,49.4,-31.290005,-44.98922,49.0,36.0,0.1501225583076477,False,REGULAR,USD,2026-08-21,7355.39013671875,0.0363499975204467,call,1.0645254506503954,0.2,49.1
SPX260821C07840000,2026-06-09 14:02:33+00:00,7840.0,56.1,45.4,46.2,4.0999985,7.8846126,12.0,47.0,0.1483659077835083,False,REGULAR,USD,2026-08-21,7355.39013671875,0.0363499975204467,call,1.0658849978415197,0.2,45.8
SPXW260821C07850000,2026-06-09 17:35:36+00:00,7850.0,38.37,45.0,45.5,-24.23,-38.70607,82.0,105.0,0.149416846370697,False,REGULAR,USD,2026-08-21,7355.39013671875,0.0363499975204467,call,1.067244545032644,0.2,45.25
SPXW260821C07860000,2026-06-09 14:37:09+00:00,7860.0,50.4,42.2,42.8,-11.799999,-18.97106,1.0,19.0,0.1480645497131348,False,REGULAR,USD,2026-08-21,7355.39013671875,0.0363499975204467,call,1.0686040922237685,0.2,42.5
SPX260821C07870000,2026-06-09 17:13:00+00:00,7870.0,30.54,39.4,40.1,-17.66,-36.639004,1.0,273.0,0.1465939986228943,False,REGULAR,USD,2026-08-21,7355.39013671875,0.0363499975204467,call,1.0699636394148928,0.2,39.75
SPX260821C07875000,2026-06-09 19:05:16+00:00,7875.0,41.8,38.5,39.2,-7.0,-14.344262,5.0,739.0,0.1463727483940124,False,REGULAR,USD,2026-08-21,7355.39013671875,0.0363499975204467,call,1.070643413010455,0.2,38.85
SPX260821C07880000,2026-06-05 19:35:54+00:00,7880.0,44.4,37.9,38.8,0.0,0.0,5.0,110.0,0.1467637509536743,False,REGULAR,USD,2026-08-21,7355.39013671875,0.0363499975204467,call,1.071323186606017,0.2,38.35
SPXW260821C07890000,2026-06-09 12:31:55+00:00,7890.0,50.65,36.5,37.1,9.75,23.83863,16.0,60.0,0.1463708410644531,False,REGULAR,USD,2026-08-21,7355.39013671875,0.0363499975204467,call,1.0726827337971416,0.2,36.8
SPXW260821C07900000,2026-06-09 17:49:39+00:00,7900.0,32.2,34.8,35.3,-11.049999,-25.54913,68.0,240.0,0.1457757542419433,False,REGULAR,USD,2026-08-21,7355.39013671875,0.0363499975204467,call,1.074042280988266,0.2,35.05
SPXW260821C07910000,2026-06-09 17:49:39+00:00,7910.0,28.5,34.1,36.1,-8.700001,-23.387098,6.0,29.0,0.1485623627281189,False,REGULAR,USD,2026-08-21,7355.39013671875,0.0363499975204467,call,1.0754018281793905,0.2,35.1
SPXW260821C07920000,2026-06-08 16:30:04+00:00,7920.0,22.74,32.4,33.0,-18.910002,-45.40216,5.0,38.0,0.1461209808921813,False,REGULAR,USD,2026-08-21,7355.39013671875,0.0363499975204467,call,1.0767613753705148,0.2,32.7
SPX260821C07925000,2026-06-09 17:07:28+00:00,7925.0,23.39,30.6,31.3,-47.410004,-66.96328,6.0,248.0,0.1446122832107544,False,REGULAR,USD,2026-08-21,7355.39013671875,0.0363499975204467,call,1.077441148966077,0.2,30.950000000000003
SPX260821C07930000,2026-06-09 19:03:40+00:00,7930.0,31.55,30.0,30.8,-1.6599998,-4.998494,76.0,40.0,0.1447457962799072,False,REGULAR,USD,2026-08-21,7355.39013671875,0.0363499975204467,call,1.0781209225616393,0.2,30.4
SPX260821C07940000,2026-06-09 17:00:20+00:00,7940.0,20.7,28.8,29.4,-16.899998,-44.946804,20.0,232.0,0.1444024769592285,False,REGULAR,USD,2026-08-21,7355.39013671875,0.0363499975204467,call,1.0794804697527636,0.2,29.1
SPX260821C07950000,2026-06-09 18:40:10+00:00,7950.0,27.53,27.7,28.3,-5.49,-16.626287,131.0,3851.0,0.1444310869026183,False,REGULAR,USD,2026-08-21,7355.39013671875,0.0363499975204467,call,1.080840016943888,0.2,28.0
SPX260821C07960000,2026-06-08 19:32:06+00:00,7960.0,29.7,26.2,26.9,0.0,0.0,12.0,42.0,0.1439485325241088,False,REGULAR,USD,2026-08-21,7355.39013671875,0.0363499975204467,call,1.0821995641350124,0.2,26.55
SPX260821C07970000,2026-06-05 19:35:53+00:00,7970.0,16.8,24.5,25.1,-12.1,-41.86851,1.0,75.0,0.1427583588790893,False,REGULAR,USD,2026-08-21,7355.39013671875,0.0363499975204467,call,1.0835591113261367,0.2,24.8
SPX260821C07975000,2026-06-09 17:17:50+00:00,7975.0,19.27,24.0,24.5,-9.67,-33.41396,2.0,681.0,0.1425962358665466,False,REGULAR,USD,2026-08-21,7355.39013671875,0.0363499975204467,call,1.0842388849216988,0.2,24.25
SPXW260821C07980000,2026-06-08 15:27:59+00:00,7980.0,33.9,24.1,24.5,0.0,0.0,1.0,41.0,0.1433858703041076,False,REGULAR,USD,2026-08-21,7355.39013671875,0.0363499975204467,call,1.0849186585172612,0.2,24.3
SPX260821C07990000,2026-06-05 19:35:53+00:00,7990.0,26.1,22.6,23.2,0.0,0.0,4.0,1087.0,0.1428308374023437,False,REGULAR,USD,2026-08-21,7355.39013671875,0.0363499975204467,call,1.0862782057083855,0.2,22.9
SPXW260821C08000000,2026-06-09 19:11:23+00:00,8000.0,22.0,21.5,22.0,-2.7999992,-11.29032,337.0,811.0,0.1423616343307495,False,REGULAR,USD,2026-08-21,7355.39013671875,0.0363499975204467,call,1.0876377528995098,0.2,21.75
SPXW260821C08010000,2026-06-09 13:49:27+00:00,8010.0,32.2,20.8,21.3,7.4000015,29.838715,16.0,110.0,0.142685880355835,False,REGULAR,USD,2026-08-21,7355.39013671875,0.0363499975204467,call,1.0889973000906343,0.2,21.05
SPX260821C08020000,2026-06-05 20:03:15+00:00,8020.0,20.0,19.5,20.0,0.0,0.0,53.0,64.0,0.1418924312591552,False,REGULAR,USD,2026-08-21,7355.39013671875,0.0363499975204467,call,1.0903568472817586,0.2,19.75
SPX260821C08025000,2026-06-09 18:58:17+00:00,8025.0,20.03,19.1,19.6,-7.75,-27.897768,16.0,209.0,0.1419153192138671,False,REGULAR,USD,2026-08-21,7355.39013671875,0.0363499975204467,call,1.0910366208773208,0.2,19.35
SPX260821C08030000,2026-06-08 19:26:04+00:00,8030.0,19.9,18.2,18.7,0.0,0.0,7.0,134.0,0.1409921717071533,False,REGULAR,USD,2026-08-21,7355.39013671875,0.0363499975204467,call,1.091716394472883,0.2,18.45
SPX260821C08040000,2026-06-05 20:01:56+00:00,8040.0,17.7,17.6,18.2,0.0,0.0,3.0,25.0,0.141522409324646,False,REGULAR,USD,2026-08-21,7355.39013671875,0.0363499975204467,call,1.0930759416640077,0.2,17.9
SPX260821C08050000,2026-06-09 17:42:42+00:00,8050.0,15.0,16.4,17.0,-6.1000004,-28.909954,114.0,1772.0,0.1406450377273559,False,REGULAR,USD,2026-08-21,7355.39013671875,0.0363499975204467,call,1.0944354888551318,0.2,16.7
SPX260821C08060000,2026-06-03 19:25:14+00:00,8060.0,40.7,15.7,16.2,0.0,0.0,1.0,64.0,0.1404733780670166,False,REGULAR,USD,2026-08-21,7355.39013671875,0.0363499975204467,call,1.0957950360462565,0.2,15.95
SPXW260821C08070000,2026-06-09 16:25:27+00:00,8070.0,10.95,15.5,15.9,-29.989998,-73.25354,20.0,18.0,0.1412859004592895,False,REGULAR,USD,2026-08-21,7355.39013671875,0.0363499975204467,call,1.0971545832373806,0.2,15.7
SPXW260821C08075000,2026-06-05 19:21:14+00:00,8075.0,16.39,15.1,15.5,0.0,0.0,2.0,26.0,0.1411562020492553,False,REGULAR,USD,2026-08-21,7355.39013671875,0.0363499975204467,call,1.0978343568329427,0.2,15.3
SPXW260821C08080000,2026-06-04 15:30:05+00:00,8080.0,38.25,14.7,15.1,0.0,0.0,2.0,73.0,0.1410112450027466,False,REGULAR,USD,2026-08-21,7355.39013671875,0.0363499975204467,call,1.0985141304285049,0.2,14.9
SPX260821C08100000,2026-06-09 17:52:17+00:00,8100.0,11.5,12.7,13.2,-2.6000004,-18.439718,323.0,5620.0,0.1395464159011841,False,REGULAR,USD,2026-08-21,7355.39013671875,0.0363499975204467,call,1.1012332248107537,0.2,12.95
SPX260821C08110000,2026-06-05 20:01:54+00:00,8110.0,9.3,12.2,12.7,-2.8000002,-23.140497,6.0,5.0,0.139733334197998,False,REGULAR,USD,2026-08-21,7355.39013671875,0.0363499975204467,call,1.1025927720018782,0.2,12.45
SPX260821C08120000,2026-06-08 15:35:06+00:00,8120.0,15.45,11.7,12.2,0.0,0.0,2.0,70.0,0.1398782912445068,False,REGULAR,USD,2026-08-21,7355.39013671875,0.0363499975204467,call,1.1039523191930023,0.2,11.95
SPX260821C08125000,2026-06-08 18:40:34+00:00,8125.0,7.82,11.1,11.7,-6.4099994,-45.045677,1.0,379.0,0.1393022777175903,False,REGULAR,USD,2026-08-21,7355.39013671875,0.0363499975204467,call,1.104632092788565,0.2,11.4
SPXW260821C08130000,2026-06-08 18:48:11+00:00,8130.0,14.1,11.4,11.7,0.0,0.0,5.0,12.0,0.1399736577224731,False,REGULAR,USD,2026-08-21,7355.39013671875,0.0363499975204467,call,1.1053118663841268,0.2,11.55
SPX260821C08140000,2026-06-08 19:50:11+00:00,8140.0,11.6,10.6,11.0,0.0,0.0,8.0,106.0,0.1394968253326416,False,REGULAR,USD,2026-08-21,7355.39013671875,0.0363499975204467,call,1.1066714135752511,0.2,10.8
SPX260821C08150000,2026-06-09 18:30:44+00:00,8150.0,9.86,10.0,10.4,-1.04,-9.541285,119.0,3479.0,0.1392030965805054,False,REGULAR,USD,2026-08-21,7355.39013671875,0.0363499975204467,call,1.1080309607663756,0.2,10.2
SPX260821C08160000,2026-06-09 17:58:30+00:00,8160.0,8.45,9.4,10.0,-6.76,-44.444443,1.0,23.0,0.1393976441955566,False,REGULAR,USD,2026-08-21,7355.39013671875,0.0363499975204467,call,1.1093905079575002,0.2,9.7
SPXW260821C08170000,2026-05-29 14:37:55+00:00,8170.0,33.2,9.2,9.5,0.0,0.0,18.0,18.0,0.1392603164672852,False,REGULAR,USD,2026-08-21,7355.39013671875,0.0363499975204467,call,1.1107500551486245,0.2,9.35
SPX260821C08175000,2026-06-09 19:14:02+00:00,8175.0,8.7,8.6,9.0,-1.1999998,-12.121211,30.0,3662.0,0.1384210914611816,False,REGULAR,USD,2026-08-21,7355.39013671875,0.0363499975204467,call,1.1114298287441866,0.2,8.8
SPXW260821C08200000,2026-06-09 17:23:21+00:00,8200.0,6.5,7.8,8.2,-3.1599998,-32.712215,27.0,606.0,0.1390924714660644,False,REGULAR,USD,2026-08-21,7355.39013671875,0.0363499975204467,call,1.1148286967219976,0.2,8.0
SPXW260821C08225000,2026-06-08 17:42:50+00:00,8225.0,8.1,6.8,7.2,0.0,0.0,3.0,103.0,0.1388101866912842,False,REGULAR,USD,2026-08-21,7355.39013671875,0.0363499975204467,call,1.1182275646998086,0.2,7.0
SPXW260821C08250000,2026-06-09 15:17:42+00:00,8250.0,4.48,6.0,6.3,-3.7199998,-45.365852,2.0,148.0,0.1385126432800293,False,REGULAR,USD,2026-08-21,7355.39013671875,0.0363499975204467,call,1.1216264326776195,0.2,6.15
SPX260821C08275000,2026-06-09 15:53:44+00:00,8275.0,4.39,5.1,5.5,-1.81,-29.19355,51.0,1760.0,0.1382074705505371,False,REGULAR,USD,2026-08-21,7355.39013671875,0.0363499975204467,call,1.1250253006554305,0.2,5.3
SPX260821C08300000,2026-06-09 18:11:52+00:00,8300.0,4.0,4.5,4.9,-0.9000001,-18.367348,158.0,4585.0,0.1384210914611816,False,REGULAR,USD,2026-08-21,7355.39013671875,0.0363499975204467,call,1.1284241686332417,0.2,4.7
SPX260821C08325000,2026-06-05 20:10:51+00:00,8325.0,3.78,3.9,4.3,0.0,0.0,9.0,93.0,0.1383295396423339,False,REGULAR,USD,2026-08-21,7355.39013671875,0.0363499975204467,call,1.1318230366110524,0.2,4.1
SPX260821C08350000,2026-06-05 20:10:51+00:00,8350.0,2.62,3.5,3.9,-0.71000004,-21.321321,7.0,548.0,0.1389704023742676,False,REGULAR,USD,2026-08-21,7355.39013671875,0.0363499975204467,call,1.1352219045888634,0.2,3.7
SPX260821C08375000,2026-06-09 13:44:39+00:00,8375.0,3.2,3.1,3.5,-2.4999998,-43.859646,6.0,171.0,0.1393976441955566,False,REGULAR,USD,2026-08-21,7355.39013671875,0.0363499975204467,call,1.1386207725666744,0.2,3.3
SPX260821C08400000,2026-06-09 17:00:11+00:00,8400.0,2.5,2.8,3.1,-0.5,-16.666666,32.0,16226.0,0.13955785987854,False,REGULAR,USD,2026-08-21,7355.39013671875,0.0363499975204467,call,1.1420196405444851,0.2,2.95
SPX260821C08425000,2026-06-05 15:31:04+00:00,8425.0,4.0,2.45,2.8,0.0,0.0,20.0,9343.0,0.1401300587463378,False,REGULAR,USD,2026-08-21,7355.39013671875,0.0363499975204467,call,1.1454185085222963,0.2,2.625
SPX260821C08450000,2026-06-08 18:22:03+00:00,8450.0,1.72,2.15,2.6,-1.05,-37.906136,7.0,89.0,0.1412439392089844,False,REGULAR,USD,2026-08-21,7355.39013671875,0.0363499975204467,call,1.1488173765001073,0.2,2.375
SPX260821C08475000,2026-06-09 15:53:44+00:00,8475.0,1.75,1.9,2.3,-0.9000001,-33.962265,12.0,118.0,0.1413965255737305,False,REGULAR,USD,2026-08-21,7355.39013671875,0.0363499975204467,call,1.1522162444779185,0.2,2.1
SPX260821C08500000,2026-06-09 18:58:38+00:00,8500.0,1.9,1.75,2.15,-0.6,-24.000002,3.0,21460.0,0.1426172164916992,False,REGULAR,USD,2026-08-21,7355.39013671875,0.0363499975204467,call,1.1556151124557292,0.2,1.95
SPX260821C08525000,2026-06-05 19:49:06+00:00,8525.0,1.85,1.55,1.95,0.0,0.0,26.0,25.0,0.1432428205871582,False,REGULAR,USD,2026-08-21,7355.39013671875,0.0363499975204467,call,1.1590139804335402,0.2,1.75
SPXW260821C08550000,2026-06-05 19:46:56+00:00,8550.0,1.55,1.55,1.8,-0.20000005,-11.428574,3.0,206.0,0.1441888560485839,False,REGULAR,USD,2026-08-21,7355.39013671875,0.0363499975204467,call,1.1624128484113512,0.2,1.675
SPX260821C08600000,2026-06-08 16:29:48+00:00,8600.0,1.52,1.2,1.55,-0.08000004,-5.0000024,2.0,190609.0,0.1462335133361816,False,REGULAR,USD,2026-08-21,7355.39013671875,0.0363499975204467,call,1.1692105843669731,0.2,1.375
SPXW260821C08700000,2026-06-08 19:44:42+00:00,8700.0,0.81,0.95,1.2,-0.26000005,-24.29907,50.0,119.0,0.1509179147338867,False,REGULAR,USD,2026-08-21,7355.39013671875,0.0363499975204467,call,1.182806056278217,0.2,1.075
SPXW260821C08800000,2026-06-09 19:00:56+00:00,8800.0,0.78,0.7,0.9,0.01999998,2.6315765,12.0,234.0,0.1547936083984375,False,REGULAR,USD,2026-08-21,7355.39013671875,0.0363499975204467,call,1.1964015281894609,0.2,0.8
SPXW260831C07285000,2026-06-05 18:57:39+00:00,7285.0,351.28,316.8,317.7,0.0,0.0,1.0,1.0,0.2002490864562988,True,REGULAR,USD,2026-08-31,7355.39013671875,0.0363499975204467,call,0.9904301287341162,0.2273972602739726,317.25
SPXW260831C07290000,2026-06-08 14:10:03+00:00,7290.0,359.7,315.1,316.2,0.0,0.0,3.0,6.0,0.2010387208938598,True,REGULAR,USD,2026-08-31,7355.39013671875,0.0363499975204467,call,0.9911099023296784,0.2273972602739726,315.65
SPXW260831C07300000,2026-06-09 17:34:45+00:00,7300.0,287.05,308.2,309.4,-72.95001,-20.263891,2.0,547.0,0.1998599912261962,True,REGULAR,USD,2026-08-31,7355.39013671875,0.0363499975204467,call,0.9924694495208028,0.2273972602739726,308.79999999999995
SPXW260831C07305000,2026-06-08 16:09:41+00:00,7305.0,348.7,303.7,304.7,0.0,0.0,5.0,16.0,0.1983284055900573,True,REGULAR,USD,2026-08-31,7355.39013671875,0.0363499975204467,call,0.993149223116365,0.2273972602739726,304.2
SPXW260831C07310000,2026-05-22 18:04:20+00:00,7310.0,400.84,301.8,303.0,0.0,0.0,1.0,0.0,0.198932075395584,True,REGULAR,USD,2026-08-31,7355.39013671875,0.0363499975204467,call,0.9938289967119271,0.2273972602739726,302.4
SPXW260831C07315000,2026-05-29 16:51:03+00:00,7315.0,452.88,294.9,298.2,0.0,0.0,40.0,17.0,0.1973108452701568,True,REGULAR,USD,2026-08-31,7355.39013671875,0.0363499975204467,call,0.9945087703074892,0.2273972602739726,296.54999999999995
SPXW260831C07320000,2026-06-03 17:07:10+00:00,7320.0,267.75,292.7,294.0,-164.04999,-37.992123,1.0,3.0,0.196110181312561,True,REGULAR,USD,2026-08-31,7355.39013671875,0.0363499975204467,call,0.9951885439030516,0.2273972602739726,293.35
SPXW260831C07325000,2026-06-02 16:44:17+00:00,7325.0,464.3,290.4,291.3,0.0,0.0,1.0,462.0,0.1959709462547302,True,REGULAR,USD,2026-08-31,7355.39013671875,0.0363499975204467,call,0.9958683174986136,0.2273972602739726,290.85
SPXW260831C07330000,2026-06-03 18:01:16+00:00,7330.0,431.2,286.8,288.0,0.0,0.0,7.0,8.0,0.1953930253982544,True,REGULAR,USD,2026-08-31,7355.39013671875,0.0363499975204467,call,0.996548091094176,0.2273972602739726,287.4
SPXW260831C07335000,2026-06-03 18:02:43+00:00,7335.0,427.6,283.5,285.0,0.0,0.0,3.0,5.0,0.1950191888046264,True,REGULAR,USD,2026-08-31,7355.39013671875,0.0363499975204467,call,0.997227864689738,0.2273972602739726,284.25
SPXW260831C07340000,2026-06-05 18:57:39+00:00,7340.0,312.72,281.4,282.6,0.0,0.0,1.0,14.0,0.1950640110492706,True,REGULAR,USD,2026-08-31,7355.39013671875,0.0363499975204467,call,0.9979076382853004,0.2273972602739726,282.0
SPXW260831C07345000,2026-06-05 20:10:33+00:00,7345.0,280.0,279.4,280.5,0.0,0.0,7.0,23.0,0.1953110102272033,True,REGULAR,USD,2026-08-31,7355.39013671875,0.0363499975204467,call,0.9985874118808624,0.2273972602739726,279.95
SPXW260831C07350000,2026-06-09 19:13:21+00:00,7350.0,277.2,273.7,275.0,0.34002686,0.12281546,2.0,489.0,0.1931290252113342,True,REGULAR,USD,2026-08-31,7355.39013671875,0.0363499975204467,call,0.9992671854764248,0.2273972602739726,274.35
SPXW260831C07360000,2026-05-12 16:46:34+00:00,7360.0,268.07,269.1,270.2,-24.609985,-8.408496,5.0,1.0,0.1931461911773681,False,REGULAR,USD,2026-08-31,7355.39013671875,0.0363499975204467,call,1.000626732667549,0.2273972602739726,269.65
SPXW260831C07365000,2026-06-01 19:06:50+00:00,7365.0,434.52,266.6,267.8,0.0,0.0,1.0,1.0,0.1931404691886901,False,REGULAR,USD,2026-08-31,7355.39013671875,0.0363499975204467,call,1.0013065062631112,0.2273972602739726,267.20000000000005
SPXW260831C07370000,2026-06-01 18:52:29+00:00,7370.0,429.55,262.6,263.8,0.0,0.0,1.0,6.0,0.1919855811405182,False,REGULAR,USD,2026-08-31,7355.39013671875,0.0363499975204467,call,1.0019862798586734,0.2273972602739726,263.20000000000005
SPXW260831C07375000,2026-06-08 18:59:32+00:00,7375.0,289.39,260.6,261.8,0.0,0.0,2.0,72.0,0.1922421169662475,False,REGULAR,USD,2026-08-31,7355.39013671875,0.0363499975204467,call,1.0026660534542358,0.2273972602739726,261.20000000000005
SPXW260831C07380000,2026-06-05 19:22:28+00:00,7380.0,271.1,255.6,256.4,0.0,0.0,10.0,12.0,0.1900734832572937,False,REGULAR,USD,2026-08-31,7355.39013671875,0.0363499975204467,call,1.003345827049798,0.2273972602739726,256.0
SPXW260831C07385000,2026-06-08 17:54:15+00:00,7385.0,286.1,254.0,255.4,0.0,0.0,8.0,11.0,0.1910204723834991,False,REGULAR,USD,2026-08-31,7355.39013671875,0.0363499975204467,call,1.00402560064536,0.2273972602739726,254.7
SPXW260831C07390000,2026-06-09 19:07:31+00:00,7390.0,258.0,248.0,249.0,-119.79999,-31.709898,25.0,11.0,0.1881203777885436,False,REGULAR,USD,2026-08-31,7355.39013671875,0.0363499975204467,call,1.0047053742409222,0.2273972602739726,248.5
SPXW260831C07395000,2026-06-05 19:38:49+00:00,7395.0,224.76,245.0,246.2,-46.970016,-17.285545,4.0,4.0,0.1877675218200683,False,REGULAR,USD,2026-08-31,7355.39013671875,0.0363499975204467,call,1.0053851478364844,0.2273972602739726,245.6
SPXW260831C07400000,2026-06-09 18:17:30+00:00,7400.0,230.85,245.2,246.2,-30.48999,-11.666791,40.0,635.0,0.1893925666046142,False,REGULAR,USD,2026-08-31,7355.39013671875,0.0363499975204467,call,1.0060649214320467,0.2273972602739726,245.7
SPXW260831C07405000,2026-06-09 17:05:54+00:00,7405.0,227.4,241.0,242.2,-30.790009,-11.92533,9.0,14.0,0.1881661536979675,False,REGULAR,USD,2026-08-31,7355.39013671875,0.0363499975204467,call,1.0067446950276089,0.2273972602739726,241.6
SPXW260831C07410000,2026-06-03 14:36:11+00:00,7410.0,376.6,238.3,239.8,0.0,0.0,5.0,30.0,0.1880650652313232,False,REGULAR,USD,2026-08-31,7355.39013671875,0.0363499975204467,call,1.007424468623171,0.2273972602739726,239.05
SPXW260831C07415000,2026-06-05 19:28:37+00:00,7415.0,257.1,234.2,235.4,0.0,0.0,15.0,22.0,0.186531572265625,False,REGULAR,USD,2026-08-31,7355.39013671875,0.0363499975204467,call,1.0081042422187332,0.2273972602739726,234.8
SPXW260831C07420000,2026-06-05 19:15:26+00:00,7420.0,246.3,229.8,231.0,0.0,0.0,21.0,28.0,0.1849866353225707,False,REGULAR,USD,2026-08-31,7355.39013671875,0.0363499975204467,call,1.008784015814295,0.2273972602739726,230.4
SPXW260831C07425000,2026-06-09 18:17:30+00:00,7425.0,216.15,229.6,231.0,-41.869995,-16.227423,14.0,482.0,0.1865611358737945,False,REGULAR,USD,2026-08-31,7355.39013671875,0.0363499975204467,call,1.0094637894098577,0.2273972602739726,230.3
SPXW260831C07430000,2026-06-09 19:07:31+00:00,7430.0,233.4,226.7,227.6,-12.779999,-5.1913233,8.0,16.0,0.1857056985664367,False,REGULAR,USD,2026-08-31,7355.39013671875,0.0363499975204467,call,1.01014356300542,0.2273972602739726,227.15
SPXW260831C07435000,2026-06-09 14:29:19+00:00,7435.0,248.4,223.0,224.2,5.319992,2.1885767,3.0,52.0,0.1848378636169433,False,REGULAR,USD,2026-08-31,7355.39013671875,0.0363499975204467,call,1.010823336600982,0.2273972602739726,223.6
SPXW260831C07440000,2026-06-05 13:08:18+00:00,7440.0,320.96,220.1,220.9,0.0,0.0,1.0,102.0,0.1840310632133483,False,REGULAR,USD,2026-08-31,7355.39013671875,0.0363499975204467,call,1.0115031101965442,0.2273972602739726,220.5
SPXW260831C07445000,2026-06-05 15:13:24+00:00,7445.0,291.82,215.4,216.3,0.0,0.0,1.0,2.0,0.1822839493370056,False,REGULAR,USD,2026-08-31,7355.39013671875,0.0363499975204467,call,1.0121828837921063,0.2273972602739726,215.85
SPXW260831C07450000,2026-06-08 17:41:20+00:00,7450.0,241.43,212.7,214.1,0.0,0.0,8.0,100.0,0.1822381734275818,False,REGULAR,USD,2026-08-31,7355.39013671875,0.0363499975204467,call,1.012862657387669,0.2273972602739726,213.4
SPXW260831C07455000,2026-06-08 17:41:20+00:00,7455.0,238.33,212.0,213.0,0.0,0.0,3.0,4.0,0.1829667733192443,False,REGULAR,USD,2026-08-31,7355.39013671875,0.0363499975204467,call,1.0135424309832308,0.2273972602739726,212.5
SPXW260831C07460000,2026-06-08 13:35:34+00:00,7460.0,244.6,209.0,209.7,0.0,0.0,1.0,2.0,0.1821122896766662,False,REGULAR,USD,2026-08-31,7355.39013671875,0.0363499975204467,call,1.014222204578793,0.2273972602739726,209.35
SPXW260831C07465000,2026-06-09 16:47:17+00:00,7465.0,160.8,206.0,207.2,-169.8,-51.36116,2.0,6.0,0.18181856092453,False,REGULAR,USD,2026-08-31,7355.39013671875,0.0363499975204467,call,1.0149019781743551,0.2273972602739726,206.6
SPXW260831C07470000,2026-06-09 19:05:17+00:00,7470.0,212.1,201.0,201.9,-53.23999,-20.06482,238.0,13.0,0.1795068774986267,False,REGULAR,USD,2026-08-31,7355.39013671875,0.0363499975204467,call,1.0155817517699173,0.2273972602739726,201.45
SPXW260831C07475000,2026-06-05 19:31:35+00:00,7475.0,220.0,198.3,200.6,0.0,0.0,61.0,68.0,0.1800485590934753,False,REGULAR,USD,2026-08-31,7355.39013671875,0.0363499975204467,call,1.0162615253654796,0.2273972602739726,199.45
SPXW260831C07480000,2026-06-05 18:45:36+00:00,7480.0,225.02,197.4,198.4,0.0,0.0,2.0,24.0,0.1799350729846954,False,REGULAR,USD,2026-08-31,7355.39013671875,0.0363499975204467,call,1.0169412989610418,0.2273972602739726,197.9
SPXW260831C07485000,2026-06-09 16:21:47+00:00,7485.0,154.85,194.9,196.1,-85.84999,-35.6668,2.0,8.0,0.1797376643753052,False,REGULAR,USD,2026-08-31,7355.39013671875,0.0363499975204467,call,1.017621072556604,0.2273972602739726,195.5
SPXW260831C07490000,2026-06-08 15:43:18+00:00,7490.0,232.01,191.3,192.2,0.0,0.0,4.0,8.0,0.1783777383995056,False,REGULAR,USD,2026-08-31,7355.39013671875,0.0363499975204467,call,1.018300846152166,0.2273972602739726,191.75
SPXW260831C07495000,2026-06-03 15:29:36+00:00,7495.0,313.2,187.6,189.0,0.0,0.0,1.0,1.0,0.1775070424556732,False,REGULAR,USD,2026-08-31,7355.39013671875,0.0363499975204467,call,1.0189806197477282,0.2273972602739726,188.3
SPXW260831C07500000,2026-06-09 17:53:04+00:00,7500.0,175.1,187.0,188.0,-26.679993,-13.222318,33.0,397.0,0.1782127543926239,False,REGULAR,USD,2026-08-31,7355.39013671875,0.0363499975204467,call,1.0196603933432906,0.2273972602739726,187.5
SPXW260831C07505000,2026-06-09 14:29:46+00:00,7505.0,207.18,184.0,185.3,-13.410004,-6.079153,1.0,3.0,0.1776796557807922,False,REGULAR,USD,2026-08-31,7355.39013671875,0.0363499975204467,call,1.0203401669388528,0.2273972602739726,184.65
SPXW260831C07510000,2026-06-08 16:55:11+00:00,7510.0,221.0,181.1,182.2,9.0,4.245283,3.0,45.0,0.1768442454338073,False,REGULAR,USD,2026-08-31,7355.39013671875,0.0363499975204467,call,1.021019940534415,0.2273972602739726,181.65
SPXW260831C07515000,2026-06-05 13:58:36+00:00,7515.0,251.7,177.1,178.8,0.0,0.0,4.0,3.0,0.1757770945453644,False,REGULAR,USD,2026-08-31,7355.39013671875,0.0363499975204467,call,1.021699714129977,0.2273972602739726,177.95
SPXW260831C07520000,2026-06-09 17:28:16+00:00,7520.0,157.8,176.1,177.0,-64.39,-28.979702,1.0,39.0,0.1758591097164154,False,REGULAR,USD,2026-08-31,7355.39013671875,0.0363499975204467,call,1.0223794877255392,0.2273972602739726,176.55
SPXW260831C07525000,2026-06-08 19:45:16+00:00,7525.0,189.38,173.1,174.3,0.0,0.0,11.0,104.0,0.1752745132064819,False,REGULAR,USD,2026-08-31,7355.39013671875,0.0363499975204467,call,1.0230592613211016,0.2273972602739726,173.7
SPXW260831C07530000,2026-06-05 19:00:50+00:00,7530.0,191.26,169.6,170.6,0.0,0.0,1.0,20.0,0.1739470118331909,False,REGULAR,USD,2026-08-31,7355.39013671875,0.0363499975204467,call,1.0237390349166635,0.2273972602739726,170.1
SPXW260831C07535000,2026-06-08 14:58:59+00:00,7535.0,211.16,166.9,168.2,0.0,0.0,6.0,36.0,0.17355314827919,False,REGULAR,USD,2026-08-31,7355.39013671875,0.0363499975204467,call,1.024418808512226,0.2273972602739726,167.55
SPXW260831C07540000,2026-06-05 16:13:57+00:00,7540.0,221.64,166.4,167.4,0.0,0.0,10.0,14.0,0.1743208484268189,False,REGULAR,USD,2026-08-31,7355.39013671875,0.0363499975204467,call,1.025098582107788,0.2273972602739726,166.9
SPXW260831C07545000,2026-06-05 14:48:33+00:00,7545.0,233.27,163.4,164.5,0.0,0.0,5.0,12.0,0.1735378896427154,False,REGULAR,USD,2026-08-31,7355.39013671875,0.0363499975204467,call,1.0257783557033502,0.2273972602739726,163.95
SPXW260831C07550000,2026-06-09 16:20:36+00:00,7550.0,122.29,161.3,162.2,-53.670006,-30.501251,56.0,200.0,0.1731821726799011,False,REGULAR,USD,2026-08-31,7355.39013671875,0.0363499975204467,call,1.0264581292989126,0.2273972602739726,161.75
SPXW260831C07555000,2026-06-08 16:06:37+00:00,7555.0,192.2,158.7,159.6,0.0,0.0,1.0,7.0,0.1725918541812897,False,REGULAR,USD,2026-08-31,7355.39013671875,0.0363499975204467,call,1.0271379028944747,0.2273972602739726,159.14999999999998
SPXW260831C07560000,2026-06-05 19:11:17+00:00,7560.0,171.0,154.5,156.6,0.0,0.0,11.0,35.0,0.1716915946292877,False,REGULAR,USD,2026-08-31,7355.39013671875,0.0363499975204467,call,1.0278176764900369,0.2273972602739726,155.55
SPXW260831C07565000,2026-06-05 14:21:54+00:00,7565.0,227.15,153.6,154.5,0.0,0.0,2.0,527.0,0.171444595451355,False,REGULAR,USD,2026-08-31,7355.39013671875,0.0363499975204467,call,1.028497450085599,0.2273972602739726,154.05
SPXW260831C07570000,2026-06-08 17:21:21+00:00,7570.0,171.9,151.5,152.4,0.0,0.0,6.0,11.0,0.1711842449665069,False,REGULAR,USD,2026-08-31,7355.39013671875,0.0363499975204467,call,1.0291772236811612,0.2273972602739726,151.95
SPXW260831C07575000,2026-06-09 17:37:08+00:00,7575.0,136.12,147.6,148.8,-79.18001,-36.776596,123.0,70.0,0.1697909407234192,False,REGULAR,USD,2026-08-31,7355.39013671875,0.0363499975204467,call,1.0298569972767233,0.2273972602739726,148.2
SPXW260831C07580000,2026-06-02 19:46:44+00:00,7580.0,278.43,145.5,146.4,0.0,0.0,2.0,5.0,0.1692788227367401,False,REGULAR,USD,2026-08-31,7355.39013671875,0.0363499975204467,call,1.0305367708722857,0.2273972602739726,145.95
SPXW260831C07585000,2026-06-05 18:47:21+00:00,7585.0,165.19,144.6,145.6,0.0,0.0,12.0,34.0,0.1699540174007416,False,REGULAR,USD,2026-08-31,7355.39013671875,0.0363499975204467,call,1.0312165444678478,0.2273972602739726,145.1
SPXW260831C07590000,2026-06-09 18:00:16+00:00,7590.0,130.5,140.7,142.0,-104.3,-44.420784,7.0,23.0,0.168512076253891,False,REGULAR,USD,2026-08-31,7355.39013671875,0.0363499975204467,call,1.03189631806341,0.2273972602739726,141.35
SPXW260831C07595000,2026-06-09 18:36:31+00:00,7595.0,140.36,140.1,141.0,-116.53999,-45.363953,3.0,6.0,0.1690156112575531,False,REGULAR,USD,2026-08-31,7355.39013671875,0.0363499975204467,call,1.032576091658972,0.2273972602739726,140.55
SPXW260831C07600000,2026-06-09 18:42:47+00:00,7600.0,136.1,138.2,139.0,-13.729996,-9.163715,256.0,261.0,0.1687533534431458,False,REGULAR,USD,2026-08-31,7355.39013671875,0.0363499975204467,call,1.0332558652545345,0.2273972602739726,138.6
SPXW260831C07605000,2026-06-09 13:41:44+00:00,7605.0,180.7,134.2,135.0,13.179993,7.8677125,3.0,14.0,0.1669547416687012,False,REGULAR,USD,2026-08-31,7355.39013671875,0.0363499975204467,call,1.0339356388500966,0.2273972602739726,134.6
SPXW260831C07610000,2026-06-09 17:56:09+00:00,7610.0,123.66,133.2,134.4,-111.03999,-47.31146,3.0,14.0,0.1677310247993469,False,REGULAR,USD,2026-08-31,7355.39013671875,0.0363499975204467,call,1.0346154124456588,0.2273972602739726,133.8
SPXW260831C07620000,2026-06-09 13:41:44+00:00,7620.0,172.9,128.7,129.6,13.059998,8.17067,3.0,10.0,0.1664969825744629,False,REGULAR,USD,2026-08-31,7355.39013671875,0.0363499975204467,call,1.035974959636783,0.2273972602739726,129.14999999999998
SPXW260831C07625000,2026-06-09 19:07:17+00:00,7625.0,131.6,125.5,126.3,-33.0,-20.048601,196.0,133.0,0.1651599445533752,False,REGULAR,USD,2026-08-31,7355.39013671875,0.0363499975204467,call,1.0366547332323452,0.2273972602739726,125.9
SPXW260831C07630000,2026-06-05 18:34:33+00:00,7630.0,147.92,124.8,125.6,0.0,0.0,4.0,18.0,0.1658179732513428,False,REGULAR,USD,2026-08-31,7355.39013671875,0.0363499975204467,call,1.0373345068279076,0.2273972602739726,125.2
SPXW260831C07640000,2026-06-05 17:18:53+00:00,7640.0,155.91,120.0,121.2,0.0,0.0,4.0,6.0,0.164772756652832,False,REGULAR,USD,2026-08-31,7355.39013671875,0.0363499975204467,call,1.038694054019032,0.2273972602739726,120.6
SPXW260831C07645000,2026-06-05 14:21:54+00:00,7645.0,181.95,118.9,120.0,0.0,0.0,2.0,3.0,0.1650111728477478,False,REGULAR,USD,2026-08-31,7355.39013671875,0.0363499975204467,call,1.039373827614594,0.2273972602739726,119.45
SPXW260831C07650000,2026-06-09 16:34:43+00:00,7650.0,91.27,116.4,117.4,-35.520004,-28.014832,46.0,523.0,0.1641376159095764,False,REGULAR,USD,2026-08-31,7355.39013671875,0.0363499975204467,call,1.0400536012101562,0.2273972602739726,116.9
SPXW260831C07655000,2026-06-05 14:21:54+00:00,7655.0,176.75,113.2,114.0,0.0,0.0,2.0,24.0,0.1626098449325561,False,REGULAR,USD,2026-08-31,7355.39013671875,0.0363499975204467,call,1.0407333748057186,0.2273972602739726,113.6
SPXW260831C07660000,2026-06-08 16:18:20+00:00,7660.0,141.2,111.2,112.5,0.0,0.0,2.0,25.0,0.1625716983413696,False,REGULAR,USD,2026-08-31,7355.39013671875,0.0363499975204467,call,1.0414131484012807,0.2273972602739726,111.85
SPXW260831C07665000,2026-06-05 15:00:39+00:00,7665.0,122.56,110.0,111.0,-46.90001,-27.676153,1.0,3.0,0.1625202004432678,False,REGULAR,USD,2026-08-31,7355.39013671875,0.0363499975204467,call,1.042092921996843,0.2273972602739726,110.5
SPXW260831C07670000,2026-06-09 15:11:59+00:00,7670.0,113.86,109.4,110.2,-11.18,-8.941139,10.0,43.0,0.1630199207878112,False,REGULAR,USD,2026-08-31,7355.39013671875,0.0363499975204467,call,1.042772695592405,0.2273972602739726,109.8
SPXW260831C07675000,2026-06-09 16:39:26+00:00,7675.0,74.63,105.5,106.3,-68.24,-47.763702,7.0,46.0,0.1610095954322815,False,REGULAR,USD,2026-08-31,7355.39013671875,0.0363499975204467,call,1.0434524691879672,0.2273972602739726,105.9
SPXW260831C07680000,2026-06-05 18:28:49+00:00,7680.0,127.11,104.7,105.6,0.0,0.0,2.0,15.0,0.1615665356636047,False,REGULAR,USD,2026-08-31,7355.39013671875,0.0363499975204467,call,1.0441322427835296,0.2273972602739726,105.15
SPXW260831C07685000,2026-06-09 16:21:47+00:00,7685.0,77.15,101.8,102.5,-93.049995,-54.670975,3.0,34.0,0.1601570191192627,False,REGULAR,USD,2026-08-31,7355.39013671875,0.0363499975204467,call,1.0448120163790915,0.2273972602739726,102.15
SPXW260831C07690000,2026-06-04 17:02:21+00:00,7690.0,126.3,101.5,102.3,-67.84,-34.94385,10.0,101.0,0.1611030545806885,False,REGULAR,USD,2026-08-31,7355.39013671875,0.0363499975204467,call,1.045491789974654,0.2273972602739726,101.9
SPXW260831C07695000,2026-05-29 19:46:27+00:00,7695.0,197.3,99.5,100.5,0.0,0.0,1.0,1.0,0.1607273106575012,False,REGULAR,USD,2026-08-31,7355.39013671875,0.0363499975204467,call,1.046171563570216,0.2273972602739726,100.0
SPXW260831C07700000,2026-06-09 17:11:35+00:00,7700.0,88.03,97.8,98.5,-19.169998,-17.882462,124.0,1502.0,0.1601713240909576,False,REGULAR,USD,2026-08-31,7355.39013671875,0.0363499975204467,call,1.0468513371657782,0.2273972602739726,98.15
SPXW260831C07710000,2026-06-09 16:33:34+00:00,7710.0,73.85,94.5,95.4,-109.54,-59.73063,1.0,17.0,0.1597602945709228,False,REGULAR,USD,2026-08-31,7355.39013671875,0.0363499975204467,call,1.048210884356903,0.2273972602739726,94.95
SPXW260831C07715000,2026-06-09 15:40:57+00:00,7715.0,79.01,91.6,92.4,-36.29,-31.474413,45.0,1295.0,0.1583116777706146,False,REGULAR,USD,2026-08-31,7355.39013671875,0.0363499975204467,call,1.0488906579524648,0.2273972602739726,92.0
SPXW260831C07725000,2026-06-09 16:08:27+00:00,7725.0,65.42,88.0,88.7,-52.93,-44.723278,202.0,102.0,0.1572903027915954,False,REGULAR,USD,2026-08-31,7355.39013671875,0.0363499975204467,call,1.0502502051435891,0.2273972602739726,88.35
SPXW260831C07730000,2026-06-05 16:24:01+00:00,7730.0,123.52,87.9,88.6,0.0,0.0,1.0,11.0,0.1582573188781738,False,REGULAR,USD,2026-08-31,7355.39013671875,0.0363499975204467,call,1.0509299787391515,0.2273972602739726,88.25
SPXW260831C07735000,2026-06-03 17:48:51+00:00,7735.0,165.5,85.8,86.6,0.0,0.0,5.0,6.0,0.1575840315437317,False,REGULAR,USD,2026-08-31,7355.39013671875,0.0363499975204467,call,1.0516097523347137,0.2273972602739726,86.19999999999999
SPXW260831C07740000,2026-05-29 20:10:46+00:00,7740.0,171.5,84.6,85.5,0.0,0.0,823.0,824.0,0.1576717687034606,False,REGULAR,USD,2026-08-31,7355.39013671875,0.0363499975204467,call,1.0522895259302758,0.2273972602739726,85.05
SPXW260831C07750000,2026-06-09 16:33:34+00:00,7750.0,63.1,80.3,81.4,-26.61,-29.662245,10.0,361.0,0.1561439977264404,False,REGULAR,USD,2026-08-31,7355.39013671875,0.0363499975204467,call,1.0536490731214,0.2273972602739726,80.85
SPXW260831C07760000,2026-05-28 17:48:55+00:00,7760.0,56.5,78.1,78.8,-105.7,-65.166466,227.0,1.0,0.1558693422698975,False,REGULAR,USD,2026-08-31,7355.39013671875,0.0363499975204467,call,1.0550086203125246,0.2273972602739726,78.44999999999999
SPXW260831C07765000,2026-06-09 16:09:42+00:00,7765.0,59.6,75.7,76.4,-29.980003,-33.467293,1.0,1.0,0.1547211298751831,False,REGULAR,USD,2026-08-31,7355.39013671875,0.0363499975204467,call,1.0556883939080868,0.2273972602739726,76.05000000000001
SPXW260831C07770000,2026-06-04 15:34:36+00:00,7770.0,62.51,75.5,76.2,-84.93001,-57.6031,1.0,26.0,0.155539374256134,False,REGULAR,USD,2026-08-31,7355.39013671875,0.0363499975204467,call,1.056368167503649,0.2273972602739726,75.85
SPXW260831C07775000,2026-06-02 19:12:41+00:00,7775.0,68.4,72.8,74.0,-98.560005,-59.03211,2.0,58.0,0.1545342115783691,False,REGULAR,USD,2026-08-31,7355.39013671875,0.0363499975204467,call,1.057047941099211,0.2273972602739726,73.4
SPXW260831C07780000,2026-06-05 16:24:01+00:00,7780.0,103.85,72.5,73.5,0.0,0.0,1.0,30.0,0.1550644491958618,False,REGULAR,USD,2026-08-31,7355.39013671875,0.0363499975204467,call,1.0577277146947734,0.2273972602739726,73.0
SPXW260831C07790000,2026-05-29 18:34:50+00:00,7790.0,148.9,69.7,70.5,0.0,0.0,27.0,25.0,0.1542500194740295,False,REGULAR,USD,2026-08-31,7355.39013671875,0.0363499975204467,call,1.0590872618858975,0.2273972602739726,70.1
SPXW260831C07795000,2026-05-29 18:16:21+00:00,7795.0,142.7,67.5,68.2,0.0,0.0,27.0,27.0,0.1530636604881287,False,REGULAR,USD,2026-08-31,7355.39013671875,0.0363499975204467,call,1.05976703548146,0.2273972602739726,67.85
SPXW260831C07800000,2026-06-09 18:06:15+00:00,7800.0,60.37,66.1,66.8,-13.329998,-18.086836,98.0,428.0,0.1526993605422974,False,REGULAR,USD,2026-08-31,7355.39013671875,0.0363499975204467,call,1.060446809077022,0.2273972602739726,66.44999999999999
SPXW260831C07805000,2026-05-26 14:57:17+00:00,7805.0,134.8,64.9,65.9,0.0,0.0,10.0,10.0,0.1527985416793823,False,REGULAR,USD,2026-08-31,7355.39013671875,0.0363499975204467,call,1.0611265826725844,0.2273972602739726,65.4
SPXW260831C07810000,2026-06-09 15:46:35+00:00,7810.0,45.13,64.6,65.3,-26.869999,-37.319443,5.0,42.0,0.1531742856025696,False,REGULAR,USD,2026-08-31,7355.39013671875,0.0363499975204467,call,1.0618063562681466,0.2273972602739726,64.94999999999999
SPXW260831C07815000,2026-06-04 15:16:05+00:00,7815.0,128.43,62.4,63.1,0.0,0.0,3.0,14.0,0.1519917412757873,False,REGULAR,USD,2026-08-31,7355.39013671875,0.0363499975204467,call,1.0624861298637087,0.2273972602739726,62.75
SPXW260831C07820000,2026-05-22 14:01:57+00:00,7820.0,114.38,60.7,62.0,0.0,0.0,2.0,1.0,0.1518563208770752,False,REGULAR,USD,2026-08-31,7355.39013671875,0.0363499975204467,call,1.0631659034592709,0.2273972602739726,61.35
SPXW260831C07825000,2026-06-05 17:40:13+00:00,7825.0,85.48,60.6,61.5,0.0,0.0,20.0,59.0,0.1522969140052795,False,REGULAR,USD,2026-08-31,7355.39013671875,0.0363499975204467,call,1.063845677054833,0.2273972602739726,61.05
SPXW260831C07835000,2026-06-05 15:12:34+00:00,7835.0,91.5,57.7,58.4,0.0,0.0,12.0,12.0,0.1510628717803955,False,REGULAR,USD,2026-08-31,7355.39013671875,0.0363499975204467,call,1.0652052242459575,0.2273972602739726,58.05
SPXW260831C07850000,2026-06-08 15:29:58+00:00,7850.0,71.8,54.9,55.5,0.0,0.0,1.0,101.0,0.1508416215515137,False,REGULAR,USD,2026-08-31,7355.39013671875,0.0363499975204467,call,1.067244545032644,0.2273972602739726,55.2
SPXW260831C07855000,2026-06-08 17:36:12+00:00,7855.0,63.03,53.8,54.4,0.0,0.0,1.0,2.0,0.1506051126861572,False,REGULAR,USD,2026-08-31,7355.39013671875,0.0363499975204467,call,1.0679243186282064,0.2273972602739726,54.1
SPXW260831C07860000,2026-05-29 14:31:09+00:00,7860.0,125.43,52.7,53.4,0.0,0.0,5.0,5.0,0.1504563409805298,False,REGULAR,USD,2026-08-31,7355.39013671875,0.0363499975204467,call,1.0686040922237685,0.2273972602739726,53.05
SPXW260831C07870000,2026-06-05 19:37:40+00:00,7870.0,58.23,50.3,51.2,0.0,0.0,7.0,20.0,0.1499032154083252,False,REGULAR,USD,2026-08-31,7355.39013671875,0.0363499975204467,call,1.0699636394148928,0.2273972602739726,50.75
SPXW260831C07875000,2026-06-08 15:44:42+00:00,7875.0,64.7,49.4,50.1,0.0,0.0,1.0,29.0,0.1496018573379516,False,REGULAR,USD,2026-08-31,7355.39013671875,0.0363499975204467,call,1.070643413010455,0.2273972602739726,49.75
SPXW260831C07885000,2026-05-28 14:40:30+00:00,7885.0,102.2,47.2,48.0,0.0,0.0,13.0,20.0,0.149054453754425,False,REGULAR,USD,2026-08-31,7355.39013671875,0.0363499975204467,call,1.0720029602015797,0.2273972602739726,47.6
SPXW260831C07895000,2026-06-09 14:01:59+00:00,7895.0,61.96,45.7,46.3,-50.129997,-44.72299,1.0,1.0,0.1488885160827636,False,REGULAR,USD,2026-08-31,7355.39013671875,0.0363499975204467,call,1.0733625073927038,0.2273972602739726,46.0
SPXW260831C07900000,2026-06-09 18:06:15+00:00,7900.0,39.77,44.6,45.3,-18.739998,-32.02871,17.0,101.0,0.14861576795578,False,REGULAR,USD,2026-08-31,7355.39013671875,0.0363499975204467,call,1.074042280988266,0.2273972602739726,44.95
SPXW260831C07905000,2026-06-09 14:01:59+00:00,7905.0,59.54,43.1,43.9,8.130001,15.814046,1.0,16.0,0.1478700020980835,False,REGULAR,USD,2026-08-31,7355.39013671875,0.0363499975204467,call,1.0747220545838283,0.2273972602739726,43.5
SPXW260831C07925000,2026-06-09 15:52:49+00:00,7925.0,34.38,40.3,40.9,-19.899998,-36.66175,1.0,7.0,0.1477021570968628,False,REGULAR,USD,2026-08-31,7355.39013671875,0.0363499975204467,call,1.077441148966077,0.2273972602739726,40.6
SPXW260831C07950000,2026-06-08 14:45:37+00:00,7950.0,31.0,36.2,36.7,-15.849998,-33.831375,2.0,108.0,0.1466378672027587,False,REGULAR,USD,2026-08-31,7355.39013671875,0.0363499975204467,call,1.080840016943888,0.2273972602739726,36.45
SPXW260831C07955000,2026-06-08 19:21:35+00:00,7955.0,39.6,35.4,36.0,0.0,0.0,18.0,14.0,0.1465539447021484,False,REGULAR,USD,2026-08-31,7355.39013671875,0.0363499975204467,call,1.0815197905394502,0.2273972602739726,35.7
SPXW260831C07965000,2026-06-08 15:29:58+00:00,7965.0,45.15,34.0,34.6,0.0,0.0,1.0,1.0,0.1463441384506225,False,REGULAR,USD,2026-08-31,7355.39013671875,0.0363499975204467,call,1.0828793377305743,0.2273972602739726,34.3
SPXW260831C07970000,2026-06-08 18:01:07+00:00,7970.0,40.0,32.5,33.2,0.0,0.0,1.0,1.0,0.1452970145225525,False,REGULAR,USD,2026-08-31,7355.39013671875,0.0363499975204467,call,1.0835591113261367,0.2273972602739726,32.85
SPXW260831C07975000,2026-06-09 17:49:49+00:00,7975.0,27.79,32.5,33.0,-10.309998,-27.060362,34.0,115.0,0.1458100861740112,False,REGULAR,USD,2026-08-31,7355.39013671875,0.0363499975204467,call,1.0842388849216988,0.2273972602739726,32.75
SPXW260831C07980000,2026-06-09 14:21:20+00:00,7980.0,37.2,31.7,32.3,-23.61,-38.82585,2.0,3.0,0.1456536851501464,False,REGULAR,USD,2026-08-31,7355.39013671875,0.0363499975204467,call,1.0849186585172612,0.2273972602739726,32.0
SPXW260831C07985000,2026-06-03 17:26:36+00:00,7985.0,24.3,30.6,31.2,-44.899998,-64.8844,1.0,2.0,0.1449327145767212,False,REGULAR,USD,2026-08-31,7355.39013671875,0.0363499975204467,call,1.0855984321128234,0.2273972602739726,30.9
SPXW260831C07990000,2026-06-05 19:59:52+00:00,7990.0,33.6,29.8,30.4,0.0,0.0,1.0,49.0,0.1445989319038391,False,REGULAR,USD,2026-08-31,7355.39013671875,0.0363499975204467,call,1.0862782057083855,0.2273972602739726,30.1
SPXW260831C07995000,2026-05-27 15:36:39+00:00,7995.0,67.0,29.4,30.0,0.0,0.0,14.0,14.0,0.144803016166687,False,REGULAR,USD,2026-08-31,7355.39013671875,0.0363499975204467,call,1.0869579793039477,0.2273972602739726,29.7
SPXW260831C08000000,2026-06-09 18:58:23+00:00,8000.0,30.5,28.9,29.5,-1.0,-3.1746032,4.0,742.0,0.1448602360534668,False,REGULAR,USD,2026-08-31,7355.39013671875,0.0363499975204467,call,1.0876377528995098,0.2273972602739726,29.2
SPXW260831C08005000,2026-06-08 00:52:21+00:00,8005.0,32.3,28.4,28.9,0.0,0.0,1.0,1.0,0.1447648695755005,False,REGULAR,USD,2026-08-31,7355.39013671875,0.0363499975204467,call,1.088317526495072,0.2273972602739726,28.65
SPXW260831C08010000,2026-05-27 15:22:06+00:00,8010.0,63.51,27.2,27.7,0.0,0.0,1.0,13.0,0.1437806875228881,False,REGULAR,USD,2026-08-31,7355.39013671875,0.0363499975204467,call,1.0889973000906343,0.2273972602739726,27.45
SPXW260831C08020000,2026-05-29 19:49:30+00:00,8020.0,70.55,26.0,26.6,0.0,0.0,2.0,2.0,0.1436433597946166,False,REGULAR,USD,2026-08-31,7355.39013671875,0.0363499975204467,call,1.0903568472817586,0.2273972602739726,26.3
SPXW260831C08025000,2026-06-08 14:45:37+00:00,8025.0,21.9,25.4,25.9,-11.949999,-35.302803,1.0,42.0,0.1433286504173279,False,REGULAR,USD,2026-08-31,7355.39013671875,0.0363499975204467,call,1.0910366208773208,0.2273972602739726,25.65
SPXW260831C08030000,2026-06-04 15:22:33+00:00,8030.0,58.12,25.1,25.7,0.0,0.0,1.0,2.0,0.1437577995681762,False,REGULAR,USD,2026-08-31,7355.39013671875,0.0363499975204467,call,1.091716394472883,0.2273972602739726,25.4
SPXW260831C08035000,2026-05-22 17:05:22+00:00,8035.0,59.17,24.2,24.8,0.0,0.0,2.0,5.0,0.1431016781997681,False,REGULAR,USD,2026-08-31,7355.39013671875,0.0363499975204467,call,1.0923961680684453,0.2273972602739726,24.5
SPXW260831C08040000,2026-06-09 17:08:53+00:00,8040.0,18.2,24.2,24.8,-42.46,-69.996704,1.0,3.0,0.1438264634323119,False,REGULAR,USD,2026-08-31,7355.39013671875,0.0363499975204467,call,1.0930759416640077,0.2273972602739726,24.5
SPXW260831C08045000,2026-06-09 17:15:02+00:00,8045.0,18.4,23.6,24.2,-40.1,-68.547005,2.0,1.0,0.1436090278625488,False,REGULAR,USD,2026-08-31,7355.39013671875,0.0363499975204467,call,1.0937557152595696,0.2273972602739726,23.9
SPXW260831C08050000,2026-06-05 13:31:33+00:00,8050.0,45.59,23.0,23.6,0.0,0.0,20.0,625.0,0.1433725189971924,False,REGULAR,USD,2026-08-31,7355.39013671875,0.0363499975204467,call,1.0944354888551318,0.2273972602739726,23.3
SPXW260831C08055000,2026-05-29 15:41:51+00:00,8055.0,64.33,22.4,23.0,0.0,0.0,1.0,1.0,0.1431207514953613,False,REGULAR,USD,2026-08-31,7355.39013671875,0.0363499975204467,call,1.095115262450694,0.2273972602739726,22.7
SPXW260831C08060000,2026-06-05 12:56:10+00:00,8060.0,43.72,22.1,22.6,0.0,0.0,1.0,17.0,0.1431779713821411,False,REGULAR,USD,2026-08-31,7355.39013671875,0.0363499975204467,call,1.0957950360462565,0.2273972602739726,22.35
SPXW260831C08065000,2026-05-29 15:41:51+00:00,8065.0,62.1,21.2,21.8,0.0,0.0,3.0,4.0,0.1425561819458007,False,REGULAR,USD,2026-08-31,7355.39013671875,0.0363499975204467,call,1.0964748096418184,0.2273972602739726,21.5
SPXW260831C08070000,2026-06-05 13:19:28+00:00,8070.0,41.51,21.2,21.7,0.0,0.0,1.0,1.0,0.1430902342224121,False,REGULAR,USD,2026-08-31,7355.39013671875,0.0363499975204467,call,1.0971545832373806,0.2273972602739726,21.45
SPXW260831C08075000,2026-06-04 17:11:50+00:00,8075.0,51.35,20.7,21.2,0.0,0.0,9.0,9.0,0.1429452771759033,False,REGULAR,USD,2026-08-31,7355.39013671875,0.0363499975204467,call,1.0978343568329427,0.2273972602739726,20.95
SPXW260831C08080000,2026-06-04 13:35:53+00:00,8080.0,42.34,20.1,20.6,0.0,0.0,1.0,17.0,0.1426057725143432,False,REGULAR,USD,2026-08-31,7355.39013671875,0.0363499975204467,call,1.0985141304285049,0.2273972602739726,20.35
SPXW260831C08085000,2026-06-08 16:25:03+00:00,8085.0,26.0,19.4,19.9,0.0,0.0,1.0,2.0,0.1420717202377319,False,REGULAR,USD,2026-08-31,7355.39013671875,0.0363499975204467,call,1.0991939040240672,0.2273972602739726,19.65
SPXW260831C08100000,2026-06-09 18:25:08+00:00,8100.0,17.7,18.4,18.8,-2.7299995,-13.362699,10.0,105.0,0.1421441987609863,False,REGULAR,USD,2026-08-31,7355.39013671875,0.0363499975204467,call,1.1012332248107537,0.2273972602739726,18.6
SPXW260831C08115000,2026-06-08 17:31:07+00:00,8115.0,21.1,17.1,17.6,0.0,0.0,30.0,30.0,0.1419229485321045,False,REGULAR,USD,2026-08-31,7355.39013671875,0.0363499975204467,call,1.1032725455974404,0.2273972602739726,17.35
SPXW260831C08125000,2026-05-26 15:07:04+00:00,8125.0,46.17,16.3,16.8,0.0,0.0,2.0,3.0,0.1417016983032226,False,REGULAR,USD,2026-08-31,7355.39013671875,0.0363499975204467,call,1.104632092788565,0.2273972602739726,16.55
SPXW260831C08135000,2026-06-08 15:43:18+00:00,8135.0,20.95,15.3,15.8,0.0,0.0,4.0,4.0,0.1410188743209838,False,REGULAR,USD,2026-08-31,7355.39013671875,0.0363499975204467,call,1.1059916399796892,0.2273972602739726,15.55
SPXW260831C08145000,2026-06-08 17:31:07+00:00,8145.0,18.3,15.0,15.4,0.0,0.0,33.0,13.0,0.1414995213699341,False,REGULAR,USD,2026-08-31,7355.39013671875,0.0363499975204467,call,1.1073511871708135,0.2273972602739726,15.2
SPXW260831C08150000,2026-06-01 16:52:12+00:00,8150.0,42.5,14.5,14.9,0.0,0.0,1.0,4.0,0.1410951675033569,False,REGULAR,USD,2026-08-31,7355.39013671875,0.0363499975204467,call,1.1080309607663756,0.2273972602739726,14.7
SPXW260831C08190000,2026-06-05 20:11:31+00:00,8190.0,11.01,11.8,12.2,0.0,0.0,4.0,4.0,0.1400690242004394,False,REGULAR,USD,2026-08-31,7355.39013671875,0.0363499975204467,call,1.1134691495308733,0.2273972602739726,12.0
SPXW260831C08200000,2026-06-05 19:34:09+00:00,8200.0,8.44,11.3,11.7,-4.0200005,-32.26325,10.0,171.0,0.1400804681777954,False,REGULAR,USD,2026-08-31,7355.39013671875,0.0363499975204467,call,1.1148286967219976,0.2273972602739726,11.5
SPXW260831C08210000,2026-06-05 18:51:22+00:00,8210.0,12.6,11.0,11.4,0.0,0.0,1.0,1.0,0.1405573005676269,False,REGULAR,USD,2026-08-31,7355.39013671875,0.0363499975204467,call,1.116188243913122,0.2273972602739726,11.2
SPXW260831C08220000,2026-06-05 13:42:42+00:00,8220.0,19.5,10.2,10.7,0.0,0.0,1.0,1.0,0.1399622137451172,False,REGULAR,USD,2026-08-31,7355.39013671875,0.0363499975204467,call,1.1175477911042464,0.2273972602739726,10.45
SPXW260831C08225000,2026-06-04 14:05:23+00:00,8225.0,21.7,10.2,10.7,0.0,0.0,29.0,30.0,0.1405649298858642,False,REGULAR,USD,2026-08-31,7355.39013671875,0.0363499975204467,call,1.1182275646998086,0.2273972602739726,10.45
SPXW260831C08250000,2026-06-08 14:45:22+00:00,8250.0,11.79,9.0,9.4,0.0,0.0,3.0,40.0,0.1399622137451172,False,REGULAR,USD,2026-08-31,7355.39013671875,0.0363499975204467,call,1.1216264326776195,0.2273972602739726,9.2
SPXW260831C08260000,2026-05-29 13:52:02+00:00,8260.0,31.9,8.4,9.2,0.0,0.0,6.0,6.0,0.1405573005676269,False,REGULAR,USD,2026-08-31,7355.39013671875,0.0363499975204467,call,1.122985979868744,0.2273972602739726,8.8
SPXW260831C08275000,2026-06-08 16:02:38+00:00,8275.0,10.4,8.0,8.4,0.0,0.0,3.0,46.0,0.1398821059036255,False,REGULAR,USD,2026-08-31,7355.39013671875,0.0363499975204467,call,1.1250253006554305,0.2273972602739726,8.2
SPXW260831C08280000,2026-06-08 17:10:05+00:00,8280.0,9.15,7.8,8.2,0.0,0.0,1.0,2.0,0.1398287006759643,False,REGULAR,USD,2026-08-31,7355.39013671875,0.0363499975204467,call,1.1257050742509926,0.2273972602739726,8.0
SPXW260831C08290000,2026-05-26 15:57:04+00:00,8290.0,23.0,7.3,7.7,0.0,0.0,1.0,52.0,0.1393518682861328,False,REGULAR,USD,2026-08-31,7355.39013671875,0.0363499975204467,call,1.1270646214421172,0.2273972602739726,7.5
SPXW260831C08300000,2026-06-08 19:15:19+00:00,8300.0,5.29,7.1,7.4,-2.3200002,-30.486204,13.0,974.0,0.139481566696167,False,REGULAR,USD,2026-08-31,7355.39013671875,0.0363499975204467,call,1.1284241686332417,0.2273972602739726,7.25
SPXW260831C08310000,2026-06-08 19:27:35+00:00,8310.0,7.2,6.8,7.1,0.0,0.0,2.0,62.0,0.1395654891967773,False,REGULAR,USD,2026-08-31,7355.39013671875,0.0363499975204467,call,1.129783715824366,0.2273972602739726,6.949999999999999
SPXW260831C08320000,2026-06-05 16:09:49+00:00,8320.0,9.58,6.5,6.8,0.0,0.0,1.0,1.0,0.1396112651062012,False,REGULAR,USD,2026-08-31,7355.39013671875,0.0363499975204467,call,1.1311432630154905,0.2273972602739726,6.65
SPXW260831C08350000,2026-06-05 19:30:28+00:00,8350.0,4.17,5.4,5.8,-2.0299997,-32.741932,3.0,20.0,0.1390695835113525,False,REGULAR,USD,2026-08-31,7355.39013671875,0.0363499975204467,call,1.1352219045888634,0.2273972602739726,5.6
SPXW260831C08370000,2026-06-09 17:49:49+00:00,8370.0,4.57,5.1,5.4,-11.630001,-71.79013,31.0,56.0,0.13955785987854,False,REGULAR,USD,2026-08-31,7355.39013671875,0.0363499975204467,call,1.1379409989711122,0.2273972602739726,5.25
SPXW260831C08380000,2026-06-08 17:10:05+00:00,8380.0,5.7,4.8,5.2,0.0,0.0,1.0,3.0,0.1397485928344726,False,REGULAR,USD,2026-08-31,7355.39013671875,0.0363499975204467,call,1.1393005461622363,0.2273972602739726,5.0
SPXW260831C08400000,2026-06-09 17:14:50+00:00,8400.0,3.9,4.4,4.8,-0.8800001,-18.410044,23.0,273.0,0.1400385069274902,False,REGULAR,USD,2026-08-31,7355.39013671875,0.0363499975204467,call,1.1420196405444851,0.2273972602739726,4.6
SPXW260831C08410000,2026-06-05 18:25:23+00:00,8410.0,3.8,4.2,4.6,-1.3,-25.490196,1.0,5.0,0.1401300587463378,False,REGULAR,USD,2026-08-31,7355.39013671875,0.0363499975204467,call,1.14337918773561,0.2273972602739726,4.4
SPXW260831C08425000,2026-06-08 02:24:00+00:00,8425.0,4.63,3.9,4.3,0.0,0.0,2.0,2.0,0.1401910932922363,False,REGULAR,USD,2026-08-31,7355.39013671875,0.0363499975204467,call,1.1454185085222963,0.2273972602739726,4.1
SPXW260831C08430000,2026-06-05 14:02:47+00:00,8430.0,6.7,3.9,4.2,0.0,0.0,20.0,21.0,0.1401910932922363,False,REGULAR,USD,2026-08-31,7355.39013671875,0.0363499975204467,call,1.1460982821178585,0.2273972602739726,4.05
SPXW260831C08440000,2026-06-05 14:46:00+00:00,8440.0,6.35,3.6,3.9,0.0,0.0,1.0,1.0,0.1396112651062012,False,REGULAR,USD,2026-08-31,7355.39013671875,0.0363499975204467,call,1.147457829308983,0.2273972602739726,3.75
SPXW260831C08450000,2026-06-08 05:42:06+00:00,8450.0,3.83,3.6,3.8,0.0,0.0,2.0,12.0,0.1400690242004394,False,REGULAR,USD,2026-08-31,7355.39013671875,0.0363499975204467,call,1.1488173765001073,0.2273972602739726,3.7
SPXW260831C08470000,2026-05-29 13:51:58+00:00,8470.0,13.8,3.2,3.5,0.0,0.0,25.0,25.0,0.1403436796569824,False,REGULAR,USD,2026-08-31,7355.39013671875,0.0363499975204467,call,1.151536470882356,0.2273972602739726,3.35
SPXW260831C08475000,2026-06-08 19:15:19+00:00,8475.0,3.46,3.1,3.5,0.0,0.0,1.0,2.0,0.1408319560241699,False,REGULAR,USD,2026-08-31,7355.39013671875,0.0363499975204467,call,1.1522162444779185,0.2273972602739726,3.3
SPXW260831C08490000,2026-06-05 14:46:00+00:00,8490.0,5.0,2.95,3.3,0.0,0.0,1.0,3.0,0.1410913528442383,False,REGULAR,USD,2026-08-31,7355.39013671875,0.0363499975204467,call,1.154255565264605,0.2273972602739726,3.125
SPXW260831C08500000,2026-06-09 17:09:32+00:00,8500.0,3.08,2.9,3.2,-0.52,-14.444445,10.0,494.0,0.1414423014831543,False,REGULAR,USD,2026-08-31,7355.39013671875,0.0363499975204467,call,1.1556151124557292,0.2273972602739726,3.05
SPXW260831C08540000,2026-06-08 01:52:15+00:00,8540.0,2.15,2.5,2.75,-0.8499999,-28.33333,6.0,6.0,0.1422510092163085,False,REGULAR,USD,2026-08-31,7355.39013671875,0.0363499975204467,call,1.1610533012202269,0.2273972602739726,2.625
SPXW260831C08550000,2026-06-08 18:34:08+00:00,8550.0,2.95,2.35,2.65,0.0,0.0,23.0,25.0,0.1424646301269531,False,REGULAR,USD,2026-08-31,7355.39013671875,0.0363499975204467,call,1.1624128484113512,0.2273972602739726,2.5
SPXW260831C08600000,2026-06-09 00:37:57+00:00,8600.0,1.92,2.05,2.3,-0.48000014,-20.000006,10.0,469.0,0.1443719596862793,False,REGULAR,USD,2026-08-31,7355.39013671875,0.0363499975204467,call,1.1692105843669731,0.2273972602739726,2.175
SPXW260831C08700000,2026-06-09 18:57:00+00:00,8700.0,1.58,1.55,1.8,-0.21999991,-12.222218,1.0,89.0,0.1487511883544922,False,REGULAR,USD,2026-08-31,7355.39013671875,0.0363499975204467,call,1.182806056278217,0.2273972602739726,1.675
SPXW260831C08800000,2026-06-05 16:54:16+00:00,8800.0,1.4,1.15,1.35,0.0,0.0,4.0,302.0,0.1521080883789062,False,REGULAR,USD,2026-08-31,7355.39013671875,0.0363499975204467,call,1.1964015281894609,0.2273972602739726,1.25
SPXW260831C08900000,2026-06-08 16:29:25+00:00,8900.0,1.1,0.85,1.15,0.0,0.0,15.0,276.0,0.1575401629638672,False,REGULAR,USD,2026-08-31,7355.39013671875,0.0363499975204467,call,1.2099970001007048,0.2273972602739726,1.0
SPX260918C07300000,2026-06-09 18:29:09+00:00,7300.0,340.86,343.2,344.6,-48.54001,-12.465334,255.0,12263.0,0.2042306369113922,True,REGULAR,USD,2026-09-18,7355.39013671875,0.0363499975204467,call,0.9924694495208028,0.2767123287671232,343.9
SPX260918C07310000,2026-05-08 19:54:09+00:00,7310.0,388.07,353.1,356.0,0.0,0.0,471.0,249.0,0.2148973774719238,True,REGULAR,USD,2026-09-18,7355.39013671875,0.0363499975204467,call,0.9938289967119271,0.2767123287671232,354.55
SPX260918C07320000,2026-05-22 19:33:42+00:00,7320.0,416.41,328.9,330.3,0.0,0.0,7.0,62.0,0.2014697773742675,True,REGULAR,USD,2026-09-18,7355.39013671875,0.0363499975204467,call,0.9951885439030516,0.2767123287671232,329.6
SPX260918C07325000,2026-06-09 13:35:16+00:00,7325.0,373.2,326.3,328.2,-10.099976,-2.6350055,2.0,3503.0,0.2017167765522003,True,REGULAR,USD,2026-09-18,7355.39013671875,0.0363499975204467,call,0.9958683174986136,0.2767123287671232,327.25
SPX260918C07330000,2026-05-18 16:15:27+00:00,7330.0,360.3,319.9,321.5,0.0,0.0,4.0,32.0,0.1989778513050079,True,REGULAR,USD,2026-09-18,7355.39013671875,0.0363499975204467,call,0.996548091094176,0.2767123287671232,320.7
SPXW260918C07340000,2026-06-02 01:56:21+00:00,7340.0,456.6,314.7,315.9,0.0,0.0,5.0,15.0,0.1985267678642272,True,REGULAR,USD,2026-09-18,7355.39013671875,0.0363499975204467,call,0.9979076382853004,0.2767123287671232,315.29999999999995
SPX260918C07345000,2026-06-09 18:02:58+00:00,7345.0,294.04,310.4,311.9,-81.53998,-21.710417,3.0,2.0,0.1975139758682251,True,REGULAR,USD,2026-09-18,7355.39013671875,0.0363499975204467,call,0.9985874118808624,0.2767123287671232,311.15
SPX260918C07350000,2026-06-09 18:37:30+00:00,7350.0,311.0,306.9,308.4,-19.109985,-5.7889752,505.0,5406.0,0.1968158932495117,True,REGULAR,USD,2026-09-18,7355.39013671875,0.0363499975204467,call,0.9992671854764248,0.2767123287671232,307.65
SPX260918C07355000,2026-06-05 19:57:47+00:00,7355.0,328.8,304.2,305.4,0.0,0.0,10.0,10.0,0.1964325200080871,True,REGULAR,USD,2026-09-18,7355.39013671875,0.0363499975204467,call,0.9999469590719868,0.2767123287671232,304.79999999999995
SPX260918C07360000,2026-05-27 15:00:56+00:00,7360.0,409.0,303.1,304.6,0.0,0.0,2.0,208.0,0.1974615243053436,False,REGULAR,USD,2026-09-18,7355.39013671875,0.0363499975204467,call,1.000626732667549,0.2767123287671232,303.85
SPX260918C07370000,2026-06-01 17:24:10+00:00,7370.0,449.1,297.1,298.4,0.0,0.0,1.0,26.0,0.1965259791564941,False,REGULAR,USD,2026-09-18,7355.39013671875,0.0363499975204467,call,1.0019862798586734,0.2767123287671232,297.75
SPX260918C07375000,2026-06-05 19:48:37+00:00,7375.0,320.4,290.7,292.2,0.0,0.0,13.0,2909.0,0.1940464507293701,False,REGULAR,USD,2026-09-18,7355.39013671875,0.0363499975204467,call,1.0026660534542358,0.2767123287671232,291.45
SPXW260918C07380000,2026-06-05 17:38:48+00:00,7380.0,352.7,288.9,290.1,0.0,0.0,1.0,2.0,0.1942028517532348,False,REGULAR,USD,2026-09-18,7355.39013671875,0.0363499975204467,call,1.003345827049798,0.2767123287671232,289.5
SPX260918C07385000,2026-05-29 14:31:57+00:00,7385.0,434.15,285.2,286.7,0.0,0.0,1.0,10.0,0.1935123984527587,False,REGULAR,USD,2026-09-18,7355.39013671875,0.0363499975204467,call,1.00402560064536,0.2767123287671232,285.95
SPX260918C07390000,2026-06-09 17:26:41+00:00,7390.0,258.5,282.0,283.5,-172.0,-39.95354,1.0,18.0,0.1929440142440796,False,REGULAR,USD,2026-09-18,7355.39013671875,0.0363499975204467,call,1.0047053742409222,0.2767123287671232,282.75
SPX260918C07395000,2026-05-27 14:54:11+00:00,7395.0,390.0,278.6,280.1,0.0,0.0,2.0,4.0,0.1922363949775695,False,REGULAR,USD,2026-09-18,7355.39013671875,0.0363499975204467,call,1.0053851478364844,0.2767123287671232,279.35
SPXW260918C07400000,2026-06-09 15:30:41+00:00,7400.0,256.0,278.1,279.3,-41.899994,-14.065121,25.0,96.0,0.19319768907547,False,REGULAR,USD,2026-09-18,7355.39013671875,0.0363499975204467,call,1.0060649214320467,0.2767123287671232,278.70000000000005
SPX260918C07405000,2026-05-22 19:52:22+00:00,7405.0,355.4,274.8,276.2,0.0,0.0,1.0,1.0,0.1926674514579772,False,REGULAR,USD,2026-09-18,7355.39013671875,0.0363499975204467,call,1.0067446950276089,0.2767123287671232,275.5
SPX260918C07410000,2026-06-05 20:00:41+00:00,7410.0,288.8,271.3,272.8,0.0,0.0,12.0,189.0,0.191935036907196,False,REGULAR,USD,2026-09-18,7355.39013671875,0.0363499975204467,call,1.007424468623171,0.2767123287671232,272.05
SPX260918C07415000,2026-05-27 15:01:07+00:00,7415.0,371.9,266.8,268.3,0.0,0.0,2.0,3.0,0.1904845127773284,False,REGULAR,USD,2026-09-18,7355.39013671875,0.0363499975204467,call,1.0081042422187332,0.2767123287671232,267.55
SPX260918C07420000,2026-06-09 14:33:02+00:00,7420.0,295.6,266.2,267.6,-82.29999,-21.778246,2.0,89.0,0.1914753704833984,False,REGULAR,USD,2026-09-18,7355.39013671875,0.0363499975204467,call,1.008784015814295,0.2767123287671232,266.9
SPX260918C07425000,2026-06-09 17:47:57+00:00,7425.0,243.52,262.3,263.6,-160.90999,-39.786858,101.0,1241.0,0.1903309727478027,False,REGULAR,USD,2026-09-18,7355.39013671875,0.0363499975204467,call,1.0094637894098577,0.2767123287671232,262.95000000000005
SPXW260918C07430000,2026-06-09 14:47:06+00:00,7430.0,266.8,261.0,262.1,-45.390015,-14.5392275,4.0,15.0,0.190788731842041,False,REGULAR,USD,2026-09-18,7355.39013671875,0.0363499975204467,call,1.01014356300542,0.2767123287671232,261.55
SPX260918C07435000,2026-06-03 19:51:39+00:00,7435.0,239.16,254.2,255.7,-143.54001,-37.507187,50.0,10.0,0.1880765092086792,False,REGULAR,USD,2026-09-18,7355.39013671875,0.0363499975204467,call,1.010823336600982,0.2767123287671232,254.95
SPXW260918C07440000,2026-06-05 18:14:44+00:00,7440.0,296.7,255.3,256.2,0.0,0.0,3.0,7.0,0.1898083644485474,False,REGULAR,USD,2026-09-18,7355.39013671875,0.0363499975204467,call,1.0115031101965442,0.2767123287671232,255.75
SPX260918C07445000,2026-05-22 19:52:22+00:00,7445.0,329.0,248.6,249.8,0.0,0.0,1.0,1.0,0.1870761148548126,False,REGULAR,USD,2026-09-18,7355.39013671875,0.0363499975204467,call,1.0121828837921063,0.2767123287671232,249.2
SPXW260918C07450000,2026-06-09 16:30:23+00:00,7450.0,206.6,246.6,247.5,-64.399994,-23.763836,8.0,57.0,0.1869826557064056,False,REGULAR,USD,2026-09-18,7355.39013671875,0.0363499975204467,call,1.012862657387669,0.2767123287671232,247.05
SPX260918C07455000,2026-06-08 19:45:25+00:00,7455.0,262.69,245.2,246.6,0.0,0.0,2.0,7.0,0.1877865951156616,False,REGULAR,USD,2026-09-18,7355.39013671875,0.0363499975204467,call,1.0135424309832308,0.2767123287671232,245.9
SPXW260918C07460000,2026-06-09 13:53:20+00:00,7460.0,297.67,243.3,244.5,-99.32999,-25.02015,2.0,7.0,0.1878056684112548,False,REGULAR,USD,2026-09-18,7355.39013671875,0.0363499975204467,call,1.014222204578793,0.2767123287671232,243.9
SPX260918C07465000,2026-06-08 05:47:06+00:00,7465.0,249.7,239.4,240.8,0.0,0.0,11.0,19.0,0.1867795251083374,False,REGULAR,USD,2026-09-18,7355.39013671875,0.0363499975204467,call,1.0149019781743551,0.2767123287671232,240.1
SPXW260918C07470000,2026-06-09 16:52:00+00:00,7470.0,193.5,234.9,236.0,-99.07001,-33.861984,2.0,17.0,0.1850305039024352,False,REGULAR,USD,2026-09-18,7355.39013671875,0.0363499975204467,call,1.0155817517699173,0.2767123287671232,235.45
SPX260918C07475000,2026-06-08 19:42:19+00:00,7475.0,207.1,233.8,235.1,-44.649994,-17.735847,4.0,1236.0,0.1858001113796233,False,REGULAR,USD,2026-09-18,7355.39013671875,0.0363499975204467,call,1.0162615253654796,0.2767123287671232,234.45
SPXW260918C07480000,2026-06-09 14:46:55+00:00,7480.0,238.0,231.0,231.9,-28.399994,-10.660659,2.0,7.0,0.1850696041584014,False,REGULAR,USD,2026-09-18,7355.39013671875,0.0363499975204467,call,1.0169412989610418,0.2767123287671232,231.45
SPX260918C07485000,2026-06-08 05:47:06+00:00,7485.0,238.1,228.1,229.5,0.0,0.0,12.0,31.0,0.1848483539295196,False,REGULAR,USD,2026-09-18,7355.39013671875,0.0363499975204467,call,1.017621072556604,0.2767123287671232,228.8
SPXW260918C07490000,2026-06-08 20:05:03+00:00,7490.0,243.4,225.9,226.8,0.0,0.0,1.0,17.0,0.1844239731025695,False,REGULAR,USD,2026-09-18,7355.39013671875,0.0363499975204467,call,1.018300846152166,0.2767123287671232,226.35
SPX260918C07495000,2026-05-22 13:44:27+00:00,7495.0,311.69,222.2,223.6,0.0,0.0,1.0,13.0,0.1836629486083984,False,REGULAR,USD,2026-09-18,7355.39013671875,0.0363499975204467,call,1.0189806197477282,0.2767123287671232,222.9
SPX260918C07500000,2026-06-09 19:03:40+00:00,7500.0,227.1,220.0,221.2,-9.559998,-4.0395494,1354.0,10819.0,0.183414995765686,False,REGULAR,USD,2026-09-18,7355.39013671875,0.0363499975204467,call,1.0196603933432906,0.2767123287671232,220.6
SPX260918C07505000,2026-06-08 19:39:13+00:00,7505.0,234.6,216.8,218.1,0.0,0.0,2.0,3.0,0.1826997471809387,False,REGULAR,USD,2026-09-18,7355.39013671875,0.0363499975204467,call,1.0203401669388528,0.2767123287671232,217.45
SPX260918C07510000,2026-06-08 14:14:57+00:00,7510.0,245.0,214.3,215.8,0.0,0.0,3.0,208.0,0.1824966165828704,False,REGULAR,USD,2026-09-18,7355.39013671875,0.0363499975204467,call,1.021019940534415,0.2767123287671232,215.05
SPX260918C07515000,2026-06-09 18:26:15+00:00,7515.0,205.1,211.6,213.1,-22.899994,-10.043858,60.0,95.0,0.1820235988521575,False,REGULAR,USD,2026-09-18,7355.39013671875,0.0363499975204467,call,1.021699714129977,0.2767123287671232,212.35
SPX260918C07520000,2026-06-08 14:14:37+00:00,7520.0,163.01,207.1,208.2,-76.69,-31.99416,28.0,47.0,0.1800981496620178,False,REGULAR,USD,2026-09-18,7355.39013671875,0.0363499975204467,call,1.0223794877255392,0.2767123287671232,207.65
SPX260918C07525000,2026-06-09 15:40:36+00:00,7525.0,188.2,205.7,207.1,-42.490005,-18.41866,12.0,3199.0,0.1806531825637817,False,REGULAR,USD,2026-09-18,7355.39013671875,0.0363499975204467,call,1.0230592613211016,0.2767123287671232,206.4
SPX260918C07530000,2026-06-08 14:14:40+00:00,7530.0,234.0,201.5,202.7,0.0,0.0,2.0,180.0,0.1790319524383544,False,REGULAR,USD,2026-09-18,7355.39013671875,0.0363499975204467,call,1.0237390349166635,0.2767123287671232,202.1
SPX260918C07535000,2026-06-09 13:30:46+00:00,7535.0,246.77,198.7,200.0,16.169998,7.012141,100.0,14.0,0.1785150661277771,False,REGULAR,USD,2026-09-18,7355.39013671875,0.0363499975204467,call,1.024418808512226,0.2767123287671232,199.35
SPXW260918C07540000,2026-06-09 16:45:55+00:00,7540.0,159.01,199.6,200.4,-159.13002,-50.018864,1.0,1.0,0.1800333004570007,False,REGULAR,USD,2026-09-18,7355.39013671875,0.0363499975204467,call,1.025098582107788,0.2767123287671232,200.0
SPX260918C07545000,2026-06-08 14:29:03+00:00,7545.0,228.5,195.9,197.2,0.0,0.0,1.0,7.0,0.1791692801666259,False,REGULAR,USD,2026-09-18,7355.39013671875,0.0363499975204467,call,1.0257783557033502,0.2767123287671232,196.55
SPXW260918C07550000,2026-06-08 17:15:50+00:00,7550.0,217.87,194.4,195.3,0.0,0.0,1.0,167.0,0.1791540215301513,False,REGULAR,USD,2026-09-18,7355.39013671875,0.0363499975204467,call,1.0264581292989126,0.2767123287671232,194.85
SPX260918C07555000,2026-06-08 14:24:42+00:00,7555.0,221.3,189.0,190.2,0.0,0.0,1.0,86.0,0.1770082757759094,False,REGULAR,USD,2026-09-18,7355.39013671875,0.0363499975204467,call,1.0271379028944747,0.2767123287671232,189.6
SPXW260918C07560000,2026-06-08 18:55:18+00:00,7560.0,163.04,189.3,190.2,-51.22,-23.905537,3.0,3.0,0.1782327813529968,False,REGULAR,USD,2026-09-18,7355.39013671875,0.0363499975204467,call,1.0278176764900369,0.2767123287671232,189.75
SPX260918C07565000,2026-06-08 14:30:00+00:00,7565.0,217.1,186.6,187.6,0.0,0.0,2.0,9.0,0.1777244780254364,False,REGULAR,USD,2026-09-18,7355.39013671875,0.0363499975204467,call,1.028497450085599,0.2767123287671232,187.1
SPX260918C07570000,2026-06-05 17:26:00+00:00,7570.0,227.2,183.4,184.7,0.0,0.0,4.0,43.0,0.1770044611167907,False,REGULAR,USD,2026-09-18,7355.39013671875,0.0363499975204467,call,1.0291772236811612,0.2767123287671232,184.05
SPXW260918C07575000,2026-06-05 14:57:32+00:00,7575.0,253.12,182.1,183.0,0.0,0.0,2.0,61.0,0.1770750323104858,False,REGULAR,USD,2026-09-18,7355.39013671875,0.0363499975204467,call,1.0298569972767233,0.2767123287671232,182.55
SPXW260918C07580000,2026-06-09 16:56:09+00:00,7580.0,140.4,179.9,180.9,-62.40001,-30.769236,14.0,22.0,0.1768680870532989,False,REGULAR,USD,2026-09-18,7355.39013671875,0.0363499975204467,call,1.0305367708722857,0.2767123287671232,180.4
SPX260918C07585000,2026-06-09 14:47:37+00:00,7585.0,179.05,174.0,175.1,-27.25,-13.208919,1.0,78.0,0.1741701693916321,False,REGULAR,USD,2026-09-18,7355.39013671875,0.0363499975204467,call,1.0312165444678478,0.2767123287671232,174.55
SPXW260918C07590000,2026-06-09 17:28:16+00:00,7590.0,156.8,171.1,173.3,-46.399994,-22.834644,1.0,24.0,0.1741406057834625,False,REGULAR,USD,2026-09-18,7355.39013671875,0.0363499975204467,call,1.03189631806341,0.2767123287671232,172.2
SPX260918C07595000,2026-06-05 17:40:12+00:00,7595.0,218.3,170.0,171.3,0.0,0.0,3.0,10.0,0.1739679924583435,False,REGULAR,USD,2026-09-18,7355.39013671875,0.0363499975204467,call,1.032576091658972,0.2767123287671232,170.65
SPXW260918C07600000,2026-06-09 18:56:33+00:00,7600.0,171.92,169.5,170.3,-10.880005,-5.9518623,75.0,2594.0,0.1744610371494293,False,REGULAR,USD,2026-09-18,7355.39013671875,0.0363499975204467,call,1.0332558652545345,0.2767123287671232,169.9
SPX260918C07605000,2026-06-08 14:26:36+00:00,7605.0,196.2,164.5,165.7,0.0,0.0,1.0,9.0,0.1725079316806793,False,REGULAR,USD,2026-09-18,7355.39013671875,0.0363499975204467,call,1.0339356388500966,0.2767123287671232,165.1
SPX260918C07610000,2026-06-09 19:03:06+00:00,7610.0,168.4,163.7,164.9,-24.5,-12.700882,37.0,75.0,0.1731182771396637,False,REGULAR,USD,2026-09-18,7355.39013671875,0.0363499975204467,call,1.0346154124456588,0.2767123287671232,164.3
SPX260918C07615000,2026-06-03 19:39:13+00:00,7615.0,266.85,160.0,161.2,0.0,0.0,1.0,2.0,0.1717469071865082,False,REGULAR,USD,2026-09-18,7355.39013671875,0.0363499975204467,call,1.035295186041221,0.2767123287671232,160.6
SPX260918C07620000,2026-06-05 18:12:48+00:00,7620.0,194.3,157.9,159.3,0.0,0.0,6.0,94.0,0.1715895524978637,False,REGULAR,USD,2026-09-18,7355.39013671875,0.0363499975204467,call,1.035974959636783,0.2767123287671232,158.60000000000002
SPX260918C07625000,2026-06-09 18:16:44+00:00,7625.0,146.55,155.0,157.8,-24.12999,-14.137562,3.0,1370.0,0.171696362953186,False,REGULAR,USD,2026-09-18,7355.39013671875,0.0363499975204467,call,1.0366547332323452,0.2767123287671232,156.4
SPX260918C07630000,2026-06-05 18:21:55+00:00,7630.0,184.7,155.4,156.7,0.0,0.0,5.0,29.0,0.1720692458820343,False,REGULAR,USD,2026-09-18,7355.39013671875,0.0363499975204467,call,1.0373345068279076,0.2767123287671232,156.05
SPX260918C07635000,2026-06-08 19:31:58+00:00,7635.0,168.3,150.9,152.1,0.0,0.0,10.0,19.0,0.170023634929657,False,REGULAR,USD,2026-09-18,7355.39013671875,0.0363499975204467,call,1.0380142804234698,0.2767123287671232,151.5
SPX260918C07640000,2026-06-04 19:50:00+00:00,7640.0,263.7,148.9,150.1,0.0,0.0,1.0,70.0,0.1697537477970123,False,REGULAR,USD,2026-09-18,7355.39013671875,0.0363499975204467,call,1.038694054019032,0.2767123287671232,149.5
SPX260918C07645000,2026-06-09 17:48:29+00:00,7645.0,134.9,148.3,149.6,-41.800003,-23.655916,8.0,4.0,0.1705138186264038,False,REGULAR,USD,2026-09-18,7355.39013671875,0.0363499975204467,call,1.039373827614594,0.2767123287671232,148.95
SPX260918C07650000,2026-06-09 17:36:25+00:00,7650.0,132.87,144.5,145.6,-24.700012,-15.67558,41.0,7016.0,0.1688353686141968,False,REGULAR,USD,2026-09-18,7355.39013671875,0.0363499975204467,call,1.0400536012101562,0.2767123287671232,145.05
SPX260918C07655000,2026-06-04 19:50:00+00:00,7655.0,254.8,143.8,145.0,0.0,0.0,4.0,19.0,0.1695105632781982,False,REGULAR,USD,2026-09-18,7355.39013671875,0.0363499975204467,call,1.0407333748057186,0.2767123287671232,144.4
SPX260918C07660000,2026-06-05 17:40:07+00:00,7660.0,184.0,140.4,141.6,0.0,0.0,5.0,22.0,0.1682183475017548,False,REGULAR,USD,2026-09-18,7355.39013671875,0.0363499975204467,call,1.0414131484012807,0.2767123287671232,141.0
SPX260918C07665000,2026-06-08 14:29:02+00:00,7665.0,166.4,139.0,140.2,0.0,0.0,1.0,289.0,0.1683156213092804,False,REGULAR,USD,2026-09-18,7355.39013671875,0.0363499975204467,call,1.042092921996843,0.2767123287671232,139.6
SPX260918C07670000,2026-06-05 18:50:41+00:00,7670.0,157.6,136.4,137.5,0.0,0.0,43.0,79.0,0.1674868866157532,False,REGULAR,USD,2026-09-18,7355.39013671875,0.0363499975204467,call,1.042772695592405,0.2767123287671232,136.95
SPX260918C07675000,2026-06-09 14:16:27+00:00,7675.0,113.73,133.9,135.1,-32.840004,-22.405678,80.0,2394.0,0.1668555605316162,False,REGULAR,USD,2026-09-18,7355.39013671875,0.0363499975204467,call,1.0434524691879672,0.2767123287671232,134.5
SPX260918C07680000,2026-06-05 18:57:18+00:00,7680.0,153.2,133.7,135.2,-0.5,-0.32530904,5.0,61.0,0.167988514289856,False,REGULAR,USD,2026-09-18,7355.39013671875,0.0363499975204467,call,1.0441322427835296,0.2767123287671232,134.45
SPX260918C07685000,2026-06-08 16:50:01+00:00,7685.0,156.3,130.2,131.4,0.0,0.0,31.0,65.0,0.1663377205562592,False,REGULAR,USD,2026-09-18,7355.39013671875,0.0363499975204467,call,1.0448120163790915,0.2767123287671232,130.8
SPXW260918C07690000,2026-06-09 16:27:10+00:00,7690.0,102.68,131.2,132.0,-44.43,-30.201889,3.0,47.0,0.1678168546295166,False,REGULAR,USD,2026-09-18,7355.39013671875,0.0363499975204467,call,1.045491789974654,0.2767123287671232,131.6
SPX260918C07695000,2026-06-05 17:25:01+00:00,7695.0,164.6,127.9,129.1,0.0,0.0,1.0,8.0,0.1667821283435822,False,REGULAR,USD,2026-09-18,7355.39013671875,0.0363499975204467,call,1.046171563570216,0.2767123287671232,128.5
SPXW260918C07700000,2026-06-09 16:18:22+00:00,7700.0,98.98,126.9,127.8,-39.749992,-28.652775,13.0,258.0,0.1668851241397858,False,REGULAR,USD,2026-09-18,7355.39013671875,0.0363499975204467,call,1.0468513371657782,0.2767123287671232,127.35
SPX260918C07705000,2026-06-08 14:23:12+00:00,7705.0,145.8,124.0,125.2,0.0,0.0,1.0,9.0,0.166038269815445,False,REGULAR,USD,2026-09-18,7355.39013671875,0.0363499975204467,call,1.0475311107613403,0.2767123287671232,124.6
SPXW260918C07710000,2026-05-29 13:52:04+00:00,7710.0,231.1,123.0,123.9,0.0,0.0,8.0,19.0,0.1661212386512757,False,REGULAR,USD,2026-09-18,7355.39013671875,0.0363499975204467,call,1.048210884356903,0.2767123287671232,123.45
SPX260918C07715000,2026-06-09 14:14:30+00:00,7715.0,139.0,118.7,119.9,-15.399994,-9.97409,4.0,18.0,0.1642215384101868,False,REGULAR,USD,2026-09-18,7355.39013671875,0.0363499975204467,call,1.0488906579524648,0.2767123287671232,119.3
SPXW260918C07720000,2026-06-09 14:13:27+00:00,7720.0,140.0,119.8,120.8,-28.699997,-17.012447,1.0,26.0,0.1658942664337158,False,REGULAR,USD,2026-09-18,7355.39013671875,0.0363499975204467,call,1.049570431548027,0.2767123287671232,120.3
SPXW260918C07725000,2026-06-09 16:27:10+00:00,7725.0,91.38,117.4,118.1,-47.22001,-34.06927,10.0,308.0,0.1649196210289001,False,REGULAR,USD,2026-09-18,7355.39013671875,0.0363499975204467,call,1.0502502051435891,0.2767123287671232,117.75
SPXW260918C07730000,2026-06-09 15:31:31+00:00,7730.0,100.2,114.1,114.9,-116.2,-53.696857,15.0,28.0,0.1635558803939819,False,REGULAR,USD,2026-09-18,7355.39013671875,0.0363499975204467,call,1.0509299787391515,0.2767123287671232,114.5
SPXW260918C07740000,2026-06-03 16:56:02+00:00,7740.0,194.0,112.3,113.1,0.0,0.0,8.0,23.0,0.1642024651145935,False,REGULAR,USD,2026-09-18,7355.39013671875,0.0363499975204467,call,1.0522895259302758,0.2767123287671232,112.7
SPX260918C07750000,2026-06-09 16:46:13+00:00,7750.0,97.1,106.6,107.5,-20.660004,-17.54416,673.0,4169.0,0.1619575382232666,False,REGULAR,USD,2026-09-18,7355.39013671875,0.0363499975204467,call,1.0536490731214,0.2767123287671232,107.05
SPXW260918C07760000,2026-06-04 18:00:51+00:00,7760.0,196.6,104.9,105.6,0.0,0.0,8.0,19.0,0.1624534439086914,False,REGULAR,USD,2026-09-18,7355.39013671875,0.0363499975204467,call,1.0550086203125246,0.2767123287671232,105.25
SPXW260918C07770000,2026-06-05 13:39:09+00:00,7770.0,159.6,101.4,102.3,0.0,0.0,4.0,15.0,0.161843098449707,False,REGULAR,USD,2026-09-18,7355.39013671875,0.0363499975204467,call,1.056368167503649,0.2767123287671232,101.85
SPX260918C07775000,2026-06-08 17:14:36+00:00,7775.0,114.6,99.1,100.2,0.0,0.0,23.0,855.0,0.1611717184448242,False,REGULAR,USD,2026-09-18,7355.39013671875,0.0363499975204467,call,1.057047941099211,0.2767123287671232,99.65
SPXW260918C07780000,2026-06-05 17:36:05+00:00,7780.0,129.86,98.8,99.3,0.0,0.0,21.0,43.0,0.1614177639579772,False,REGULAR,USD,2026-09-18,7355.39013671875,0.0363499975204467,call,1.0577277146947734,0.2767123287671232,99.05
SPX260918C07790000,2026-06-08 14:23:11+00:00,7790.0,112.2,93.8,94.9,0.0,0.0,1.0,63.0,0.1598461244010925,False,REGULAR,USD,2026-09-18,7355.39013671875,0.0363499975204467,call,1.0590872618858975,0.2767123287671232,94.35
SPX260918C07800000,2026-06-09 19:12:20+00:00,7800.0,91.86,91.2,92.2,-7.1399994,-7.2121205,259.0,11961.0,0.1595552566432952,False,REGULAR,USD,2026-09-18,7355.39013671875,0.0363499975204467,call,1.060446809077022,0.2767123287671232,91.7
SPX260918C07810000,2026-06-09 18:30:47+00:00,7810.0,88.15,87.1,88.1,-91.74999,-51.000553,1.0,14.0,0.1580913812065124,False,REGULAR,USD,2026-09-18,7355.39013671875,0.0363499975204467,call,1.0618063562681466,0.2767123287671232,87.6
SPXW260918C07820000,2026-06-09 17:56:33+00:00,7820.0,78.7,86.0,86.8,-15.130005,-16.124912,76.0,1846.0,0.1588428690528869,False,REGULAR,USD,2026-09-18,7355.39013671875,0.0363499975204467,call,1.0631659034592709,0.2767123287671232,86.4
SPXW260918C07825000,2026-06-09 18:36:38+00:00,7825.0,84.9,84.8,85.4,-80.9,-48.793728,5.0,372.0,0.1585958698749542,False,REGULAR,USD,2026-09-18,7355.39013671875,0.0363499975204467,call,1.063845677054833,0.2767123287671232,85.1
SPXW260918C07830000,2026-06-03 19:32:54+00:00,7830.0,154.2,82.2,82.7,0.0,0.0,19.0,48.0,0.1572616928482055,False,REGULAR,USD,2026-09-18,7355.39013671875,0.0363499975204467,call,1.0645254506503954,0.2767123287671232,82.45
SPXW260918C07840000,2026-06-09 14:12:26+00:00,7840.0,89.2,79.6,80.4,-0.7000046,-0.778648,6.0,24.0,0.1571110138130188,False,REGULAR,USD,2026-09-18,7355.39013671875,0.0363499975204467,call,1.0658849978415197,0.2767123287671232,80.0
SPXW260918C07850000,2026-06-09 17:49:40+00:00,7850.0,68.1,76.6,77.6,-17.25,-20.210897,6.0,769.0,0.1564949463653564,False,REGULAR,USD,2026-09-18,7355.39013671875,0.0363499975204467,call,1.067244545032644,0.2767123287671232,77.1
SPXW260918C07860000,2026-06-09 15:57:17+00:00,7860.0,60.8,74.3,74.7,-24.8,-28.971964,4.0,42.0,0.1557396438598632,False,REGULAR,USD,2026-09-18,7355.39013671875,0.0363499975204467,call,1.0686040922237685,0.2767123287671232,74.5
SPX260918C07870000,2026-06-08 14:28:15+00:00,7870.0,87.8,72.2,72.9,0.0,0.0,1.0,18.0,0.1558865082359314,False,REGULAR,USD,2026-09-18,7355.39013671875,0.0363499975204467,call,1.0699636394148928,0.2767123287671232,72.55000000000001
SPX260918C07875000,2026-06-08 17:37:58+00:00,7875.0,82.7,70.2,71.1,0.0,0.0,21.0,2978.0,0.1551579083442688,False,REGULAR,USD,2026-09-18,7355.39013671875,0.0363499975204467,call,1.070643413010455,0.2767123287671232,70.65
SPX260918C07880000,2026-06-08 14:28:25+00:00,7880.0,74.7,69.5,70.4,-9.800003,-11.597637,5.0,29.0,0.1553810659027099,False,REGULAR,USD,2026-09-18,7355.39013671875,0.0363499975204467,call,1.071323186606017,0.2767123287671232,69.95
SPX260918C07890000,2026-06-08 14:29:19+00:00,7890.0,82.9,67.1,68.0,0.0,0.0,1.0,24.0,0.1549156774902344,False,REGULAR,USD,2026-09-18,7355.39013671875,0.0363499975204467,call,1.0726827337971416,0.2767123287671232,67.55
SPXW260918C07900000,2026-06-09 17:49:40+00:00,7900.0,56.9,65.5,65.9,-14.599998,-20.419579,20.0,214.0,0.1546715393066406,False,REGULAR,USD,2026-09-18,7355.39013671875,0.0363499975204467,call,1.074042280988266,0.2767123287671232,65.7
SPXW260918C07910000,2026-06-09 17:37:22+00:00,7910.0,57.1,63.2,63.7,-13.5,-19.121813,34.0,31.0,0.1542900733947754,False,REGULAR,USD,2026-09-18,7355.39013671875,0.0363499975204467,call,1.0754018281793905,0.2767123287671232,63.45
SPXW260918C07920000,2026-06-09 16:19:33+00:00,7920.0,44.06,60.0,60.7,-27.139996,-38.117973,9.0,33.0,0.1531094363975525,False,REGULAR,USD,2026-09-18,7355.39013671875,0.0363499975204467,call,1.0767613753705148,0.2767123287671232,60.35
SPX260918C07925000,2026-06-09 17:42:17+00:00,7925.0,54.3,59.0,59.9,-14.200001,-20.729929,8.0,332.0,0.153153304977417,False,REGULAR,USD,2026-09-18,7355.39013671875,0.0363499975204467,call,1.077441148966077,0.2767123287671232,59.45
SPXW260918C07930000,2026-06-09 14:12:45+00:00,7930.0,71.7,57.9,58.4,2.199997,3.1654632,16.0,21.0,0.15252197889328,False,REGULAR,USD,2026-09-18,7355.39013671875,0.0363499975204467,call,1.0781209225616393,0.2767123287671232,58.15
SPXW260918C07940000,2026-06-08 15:18:38+00:00,7940.0,72.6,56.7,57.2,-2.5999985,-3.457445,2.0,23.0,0.1529454060554505,False,REGULAR,USD,2026-09-18,7355.39013671875,0.0363499975204467,call,1.0794804697527636,0.2767123287671232,56.95
SPX260918C07950000,2026-06-08 18:39:04+00:00,7950.0,63.83,54.1,54.9,0.0,0.0,7.0,2260.0,0.1522625820732116,False,REGULAR,USD,2026-09-18,7355.39013671875,0.0363499975204467,call,1.080840016943888,0.2767123287671232,54.5
SPX260918C07960000,2026-06-08 14:29:24+00:00,7960.0,64.5,52.2,53.1,0.0,0.0,1.0,33.0,0.1520203512191772,False,REGULAR,USD,2026-09-18,7355.39013671875,0.0363499975204467,call,1.0821995641350124,0.2767123287671232,52.650000000000006
SPXW260918C07970000,2026-06-08 15:23:39+00:00,7970.0,67.3,51.0,51.5,0.0,0.0,1.0,9.0,0.1519364287185669,False,REGULAR,USD,2026-09-18,7355.39013671875,0.0363499975204467,call,1.0835591113261367,0.2767123287671232,51.25
SPXW260918C07975000,2026-06-08 17:31:08+00:00,7975.0,60.1,49.1,49.5,0.0,0.0,3.0,129.0,0.1506413519477844,False,REGULAR,USD,2026-09-18,7355.39013671875,0.0363499975204467,call,1.0842388849216988,0.2767123287671232,49.3
SPXW260918C07980000,2026-06-09 13:54:43+00:00,7980.0,65.9,48.9,49.3,0.40000153,0.61068934,2.0,18.0,0.151188755531311,False,REGULAR,USD,2026-09-18,7355.39013671875,0.0363499975204467,call,1.0849186585172612,0.2767123287671232,49.1
SPXW260918C07990000,2026-06-04 19:51:44+00:00,7990.0,101.2,46.5,47.0,0.0,0.0,6.0,12.0,0.1502713300132751,False,REGULAR,USD,2026-09-18,7355.39013671875,0.0363499975204467,call,1.0862782057083855,0.2767123287671232,46.75
SPXW260918C08000000,2026-06-09 16:44:08+00:00,8000.0,41.2,45.7,46.0,-8.399998,-16.93548,15.0,501.0,0.150685220527649,False,REGULAR,USD,2026-09-18,7355.39013671875,0.0363499975204467,call,1.0876377528995098,0.2767123287671232,45.85
SPXW260918C08010000,2026-06-05 14:42:34+00:00,8010.0,69.9,43.9,44.4,0.0,0.0,2.0,26.0,0.1504201017189026,False,REGULAR,USD,2026-09-18,7355.39013671875,0.0363499975204467,call,1.0889973000906343,0.2767123287671232,44.15
SPXW260918C08025000,2026-06-09 16:15:08+00:00,8025.0,31.56,41.1,41.6,-18.44,-36.88,1.0,25.0,0.1494778809165954,False,REGULAR,USD,2026-09-18,7355.39013671875,0.0363499975204467,call,1.0910366208773208,0.2767123287671232,41.35
SPX260918C08030000,2026-06-08 14:28:27+00:00,8030.0,49.3,40.0,41.0,0.0,0.0,1.0,15.0,0.1495141201782227,False,REGULAR,USD,2026-09-18,7355.39013671875,0.0363499975204467,call,1.091716394472883,0.2767123287671232,40.5
SPX260918C08050000,2026-06-08 18:39:04+00:00,8050.0,44.06,37.2,38.0,0.0,0.0,33.0,1487.0,0.1488599061393737,False,REGULAR,USD,2026-09-18,7355.39013671875,0.0363499975204467,call,1.0944354888551318,0.2767123287671232,37.6
SPX260918C08060000,2026-06-08 17:01:25+00:00,8060.0,41.9,35.8,36.5,0.0,0.0,14.0,47.0,0.1484555522727966,False,REGULAR,USD,2026-09-18,7355.39013671875,0.0363499975204467,call,1.0957950360462565,0.2767123287671232,36.15
SPXW260918C08070000,2026-06-08 15:33:34+00:00,8070.0,43.2,34.6,35.0,0.0,0.0,8.0,29.0,0.1479997005081177,False,REGULAR,USD,2026-09-18,7355.39013671875,0.0363499975204467,call,1.0971545832373806,0.2767123287671232,34.8
SPXW260918C08075000,2026-06-02 16:07:56+00:00,8075.0,87.7,33.3,34.0,0.0,0.0,2.0,14.0,0.1474351309585571,False,REGULAR,USD,2026-09-18,7355.39013671875,0.0363499975204467,call,1.0978343568329427,0.2767123287671232,33.65
SPX260918C08080000,2026-06-09 16:04:54+00:00,8080.0,25.87,33.0,33.7,-25.929998,-50.05791,7.0,20.0,0.1477364890289307,False,REGULAR,USD,2026-09-18,7355.39013671875,0.0363499975204467,call,1.0985141304285049,0.2767123287671232,33.35
SPX260918C08090000,2026-06-08 17:44:59+00:00,8090.0,36.5,31.3,31.9,0.0,0.0,7.0,34.0,0.1467790095901489,False,REGULAR,USD,2026-09-18,7355.39013671875,0.0363499975204467,call,1.0998736776196294,0.2767123287671232,31.6
SPX260918C08100000,2026-06-09 19:12:20+00:00,8100.0,30.86,30.0,30.7,-2.8400002,-8.4272995,1512.0,11077.0,0.1465367787361145,False,REGULAR,USD,2026-09-18,7355.39013671875,0.0363499975204467,call,1.1012332248107537,0.2767123287671232,30.35
SPX260918C08125000,2026-06-09 16:33:32+00:00,8125.0,20.87,27.3,27.8,-9.23,-30.66445,5.0,1440.0,0.145855862083435,False,REGULAR,USD,2026-09-18,7355.39013671875,0.0363499975204467,call,1.104632092788565,0.2767123287671232,27.55
SPX260918C08150000,2026-06-08 18:59:15+00:00,8150.0,29.19,25.0,25.6,0.0,0.0,1340.0,3434.0,0.1458940086746215,False,REGULAR,USD,2026-09-18,7355.39013671875,0.0363499975204467,call,1.1080309607663756,0.2767123287671232,25.3
SPX260918C08175000,2026-06-09 14:11:34+00:00,8175.0,28.03,22.5,23.1,3.83,15.826446,4.0,1385.0,0.1452226286697387,False,REGULAR,USD,2026-09-18,7355.39013671875,0.0363499975204467,call,1.1114298287441866,0.2767123287671232,22.8
SPXW260918C08200000,2026-06-08 16:33:13+00:00,8200.0,16.6,20.6,21.0,-9.299999,-35.907333,12.0,274.0,0.144890753326416,False,REGULAR,USD,2026-09-18,7355.39013671875,0.0363499975204467,call,1.1148286967219976,0.2767123287671232,20.8
SPX260918C08225000,2026-06-08 19:41:47+00:00,8225.0,19.72,18.3,18.9,0.0,0.0,433.0,492.0,0.144276593208313,False,REGULAR,USD,2026-09-18,7355.39013671875,0.0363499975204467,call,1.1182275646998086,0.2767123287671232,18.6
SPX260918C08250000,2026-06-09 14:27:08+00:00,8250.0,18.9,16.4,16.9,-0.2800007,-1.4598576,28.0,1110.0,0.1435251053619385,False,REGULAR,USD,2026-09-18,7355.39013671875,0.0363499975204467,call,1.1216264326776195,0.2767123287671232,16.65
SPX260918C08275000,2026-06-08 14:27:36+00:00,8275.0,18.8,14.8,15.3,0.0,0.0,4.0,249.0,0.1432390059280395,False,REGULAR,USD,2026-09-18,7355.39013671875,0.0363499975204467,call,1.1250253006554305,0.2767123287671232,15.05
SPX260918C08300000,2026-06-09 17:38:22+00:00,8300.0,12.0,13.5,13.9,-2.6000004,-17.80822,18.0,13369.0,0.1431093075180053,False,REGULAR,USD,2026-09-18,7355.39013671875,0.0363499975204467,call,1.1284241686332417,0.2767123287671232,13.7
SPX260918C08325000,2026-06-05 16:21:33+00:00,8325.0,18.32,12.2,12.6,0.0,0.0,408.0,406.0,0.1429490918350219,False,REGULAR,USD,2026-09-18,7355.39013671875,0.0363499975204467,call,1.1318230366110524,0.2767123287671232,12.4
SPX260918C08350000,2026-06-09 16:54:55+00:00,8350.0,7.7,10.9,11.3,-4.1000004,-34.745766,8.0,2156.0,0.1425256646728515,False,REGULAR,USD,2026-09-18,7355.39013671875,0.0363499975204467,call,1.1352219045888634,0.2767123287671232,11.1
SPX260918C08375000,2026-06-08 19:46:54+00:00,8375.0,10.45,9.8,10.2,0.0,0.0,64.0,1120.0,0.1423273023986816,False,REGULAR,USD,2026-09-18,7355.39013671875,0.0363499975204467,call,1.1386207725666744,0.2767123287671232,10.0
SPXW260918C08400000,2026-06-09 17:33:29+00:00,8400.0,7.8,9.1,9.4,-3.0,-27.777777,14.0,307.0,0.1427163976287842,False,REGULAR,USD,2026-09-18,7355.39013671875,0.0363499975204467,call,1.1420196405444851,0.2767123287671232,9.25
SPX260918C08425000,2026-06-09 16:04:54+00:00,8425.0,6.25,7.7,8.4,-6.55,-51.171875,7.0,876.0,0.1423196730804443,False,REGULAR,USD,2026-09-18,7355.39013671875,0.0363499975204467,call,1.1454185085222963,0.2767123287671232,8.05
SPXW260918C08450000,2026-06-08 16:22:10+00:00,8450.0,9.65,7.5,7.7,0.0,0.0,4.0,63.0,0.1426019578552246,False,REGULAR,USD,2026-09-18,7355.39013671875,0.0363499975204467,call,1.1488173765001073,0.2767123287671232,7.6
SPX260918C08475000,2026-06-08 14:28:14+00:00,8475.0,7.9,6.5,6.9,0.0,0.0,1.0,282.0,0.1423425610351562,False,REGULAR,USD,2026-09-18,7355.39013671875,0.0363499975204467,call,1.1522162444779185,0.2767123287671232,6.7
SPX260918C08500000,2026-06-08 19:57:12+00:00,8500.0,4.3,5.8,6.2,-1.7399998,-28.807941,2.0,8574.0,0.1421823453521728,False,REGULAR,USD,2026-09-18,7355.39013671875,0.0363499975204467,call,1.1556151124557292,0.2767123287671232,6.0
SPXW260918C08550000,2026-06-01 17:46:58+00:00,8550.0,16.0,4.9,5.2,0.0,0.0,2.0,29.0,0.1428079494476318,False,REGULAR,USD,2026-09-18,7355.39013671875,0.0363499975204467,call,1.1624128484113512,0.2767123287671232,5.050000000000001
SPX260918C08575000,2026-06-09 13:50:13+00:00,8575.0,6.2,4.4,4.7,1.0999999,21.568626,20.0,26.0,0.142838466720581,False,REGULAR,USD,2026-09-18,7355.39013671875,0.0363499975204467,call,1.165811716389162,0.2767123287671232,4.550000000000001
SPXW260918C08600000,2026-06-09 14:50:57+00:00,8600.0,3.51,4.1,4.3,-1.0899999,-23.69565,2.0,108.0,0.1431512687683105,False,REGULAR,USD,2026-09-18,7355.39013671875,0.0363499975204467,call,1.1692105843669731,0.2767123287671232,4.199999999999999
SPXW260918C08650000,2026-06-08 18:54:33+00:00,8650.0,4.0,3.4,3.7,0.0,0.0,2.0,3.0,0.1443567010498047,False,REGULAR,USD,2026-09-18,7355.39013671875,0.0363499975204467,call,1.176008320322595,0.2767123287671232,3.55
SPX260918C08700000,2026-06-09 17:15:55+00:00,8700.0,2.3,2.85,3.2,-1.1000001,-32.352943,32.0,5689.0,0.1456536851501464,False,REGULAR,USD,2026-09-18,7355.39013671875,0.0363499975204467,call,1.182806056278217,0.2767123287671232,3.0250000000000004
SPX260918C08800000,2026-06-09 17:01:39+00:00,8800.0,1.9,2.1,2.45,-0.7500001,-28.301891,7.0,3143.0,0.1486138606262207,False,REGULAR,USD,2026-09-18,7355.39013671875,0.0363499975204467,call,1.1964015281894609,0.2767123287671232,2.2750000000000004
SPXW260918C08900000,2026-06-05 19:02:23+00:00,8900.0,1.7,1.75,1.95,0.0,0.0,3.0,136.0,0.1521691229248047,False,REGULAR,USD,2026-09-18,7355.39013671875,0.0363499975204467,call,1.2099970001007048,0.2767123287671232,1.85
SPXW260918C09000000,2026-06-09 19:09:26+00:00,9000.0,1.55,1.45,1.65,-0.1500001,-9.375005,3.0,192.0,0.1566551620483398,False,REGULAR,USD,2026-09-18,7355.39013671875,0.0363499975204467,call,1.2235924720119489,0.2767123287671232,1.5499999999999998
SPX260918C09100000,2026-05-29 13:52:02+00:00,9100.0,2.95,1.0,1.35,0.0,0.0,20.0,117.0,0.1603477520751953,False,REGULAR,USD,2026-09-18,7355.39013671875,0.0363499975204467,call,1.2371879439231923,0.2767123287671232,1.175
SPXW260918C09200000,2026-06-08 13:35:21+00:00,9200.0,1.15,0.95,1.2,0.0,0.0,9.0,383.0,0.165322067565918,False,REGULAR,USD,2026-09-18,7355.39013671875,0.0363499975204467,call,1.2507834158344364,0.2767123287671232,1.075
SPXW260918C09300000,2026-05-29 13:52:02+00:00,9300.0,1.0,0.8,1.05,-1.0,-50.0,1.0,67.0,0.1698691412353515,False,REGULAR,USD,2026-09-18,7355.39013671875,0.0363499975204467,call,1.2643788877456803,0.2767123287671232,0.925
SPXW260918C09400000,2026-06-02 19:50:05+00:00,9400.0,1.32,0.7,0.9,0.0,0.0,1.0,168.0,0.17383638671875,False,REGULAR,USD,2026-09-18,7355.39013671875,0.0363499975204467,call,1.2779743596569242,0.2767123287671232,0.8
SPXW260918C09600000,2026-05-29 19:52:41+00:00,9600.0,0.92,0.55,0.7,0.0,0.0,5.0,84.0,0.1823201885986328,False,REGULAR,USD,2026-09-18,7355.39013671875,0.0363499975204467,call,1.305165303479412,0.2767123287671232,0.625
SPXW260930C07285000,2026-04-29 19:02:11+00:00,7285.0,263.69,391.3,393.3,0.0,0.0,5.0,69.0,0.2184249834918975,True,REGULAR,USD,2026-09-30,7355.39013671875,0.0363499975204467,call,0.9904301287341162,0.3095890410958904,392.3
SPXW260930C07290000,2026-05-11 14:54:05+00:00,7290.0,440.51,367.0,368.6,0.0,0.0,1.0,258.0,0.2047837624835967,True,REGULAR,USD,2026-09-30,7355.39013671875,0.0363499975204467,call,0.9911099023296784,0.3095890410958904,367.8
SPXW260930C07295000,2026-04-29 15:15:12+00:00,7295.0,256.96,384.3,386.3,0.0,0.0,12.0,134.0,0.2172281341934204,True,REGULAR,USD,2026-09-30,7355.39013671875,0.0363499975204467,call,0.9917896759252406,0.3095890410958904,385.3
SPXW260930C07300000,2026-06-09 17:21:24+00:00,7300.0,335.0,363.0,364.2,-87.03,-20.621758,3.0,3429.0,0.2051928846740722,True,REGULAR,USD,2026-09-30,7355.39013671875,0.0363499975204467,call,0.9924694495208028,0.3095890410958904,363.6
SPXW260930C07305000,2026-05-29 07:25:42+00:00,7305.0,505.7,356.6,360.2,0.0,0.0,7.0,46.0,0.2042802274799346,True,REGULAR,USD,2026-09-30,7355.39013671875,0.0363499975204467,call,0.993149223116365,0.3095890410958904,358.4
SPXW260930C07310000,2026-06-05 18:55:06+00:00,7310.0,386.8,356.2,357.4,0.0,0.0,16.0,2031.0,0.204098077507019,True,REGULAR,USD,2026-09-30,7355.39013671875,0.0363499975204467,call,0.9938289967119271,0.3095890410958904,356.79999999999995
SPXW260930C07315000,2026-05-29 07:52:51+00:00,7315.0,498.6,353.4,354.5,0.0,0.0,3.0,252.0,0.2038482173347473,True,REGULAR,USD,2026-09-30,7355.39013671875,0.0363499975204467,call,0.9945087703074892,0.3095890410958904,353.95
SPXW260930C07320000,2026-06-09 15:33:37+00:00,7320.0,322.3,350.2,351.4,-75.70001,-19.020103,2.0,845.0,0.2034677050876617,True,REGULAR,USD,2026-09-30,7355.39013671875,0.0363499975204467,call,0.9951885439030516,0.3095890410958904,350.79999999999995
SPXW260930C07325000,2026-06-09 17:42:40+00:00,7325.0,332.0,344.3,345.3,-106.94,-24.36324,2.0,256.0,0.2012428051567077,True,REGULAR,USD,2026-09-30,7355.39013671875,0.0363499975204467,call,0.9958683174986136,0.3095890410958904,344.8
SPXW260930C07330000,2026-06-02 15:01:48+00:00,7330.0,517.07,338.8,341.4,0.0,0.0,1.0,222.0,0.2003606652355194,True,REGULAR,USD,2026-09-30,7355.39013671875,0.0363499975204467,call,0.996548091094176,0.3095890410958904,340.1
SPXW260930C07335000,2026-05-11 13:57:29+00:00,7335.0,400.1,337.4,338.4,0.0,0.0,1.0,199.0,0.200022114238739,True,REGULAR,USD,2026-09-30,7355.39013671875,0.0363499975204467,call,0.997227864689738,0.3095890410958904,337.9
SPXW260930C07340000,2026-06-09 18:01:34+00:00,7340.0,320.74,335.3,336.4,-153.26001,-32.333336,5.0,285.0,0.2002891403770446,True,REGULAR,USD,2026-09-30,7355.39013671875,0.0363499975204467,call,0.9979076382853004,0.3095890410958904,335.85
SPXW260930C07345000,2026-05-28 18:32:57+00:00,7345.0,472.5,333.2,334.9,0.0,0.0,8.0,213.0,0.2008527562618255,True,REGULAR,USD,2026-09-30,7355.39013671875,0.0363499975204467,call,0.9985874118808624,0.3095890410958904,334.04999999999995
SPXW260930C07350000,2026-06-09 16:49:12+00:00,7350.0,272.57,327.8,328.9,-128.43,-32.027428,5.0,492.0,0.1986593272686004,True,REGULAR,USD,2026-09-30,7355.39013671875,0.0363499975204467,call,0.9992671854764248,0.3095890410958904,328.35
SPXW260930C07355000,2026-05-20 13:32:57+00:00,7355.0,350.0,326.7,327.8,0.0,0.0,1.0,2.0,0.1994537300300598,True,REGULAR,USD,2026-09-30,7355.39013671875,0.0363499975204467,call,0.9999469590719868,0.3095890410958904,327.25
SPXW260930C07360000,2026-06-01 18:40:06+00:00,7360.0,492.53,323.8,325.0,0.0,0.0,4.0,18.0,0.199201008863449,False,REGULAR,USD,2026-09-30,7355.39013671875,0.0363499975204467,call,1.000626732667549,0.3095890410958904,324.4
SPXW260930C07365000,2026-05-01 19:58:51+00:00,7365.0,273.62,336.6,338.6,0.0,0.0,4.0,2.0,0.2089522312355041,False,REGULAR,USD,2026-09-30,7355.39013671875,0.0363499975204467,call,1.0013065062631112,0.3095890410958904,337.6
SPXW260930C07370000,2026-06-09 17:46:37+00:00,7370.0,298.04,315.1,316.3,-155.32999,-34.261196,11.0,13.0,0.1967834686470031,False,REGULAR,USD,2026-09-30,7355.39013671875,0.0363499975204467,call,1.0019862798586734,0.3095890410958904,315.70000000000005
SPXW260930C07375000,2026-06-09 17:46:37+00:00,7375.0,294.94,311.4,312.6,-154.78,-34.41697,10.0,141.0,0.1959614096069336,False,REGULAR,USD,2026-09-30,7355.39013671875,0.0363499975204467,call,1.0026660534542358,0.3095890410958904,312.0
SPXW260930C07380000,2026-06-05 20:11:05+00:00,7380.0,312.0,310.6,311.8,0.0,0.0,2.0,4.0,0.196899815750122,False,REGULAR,USD,2026-09-30,7355.39013671875,0.0363499975204467,call,1.003345827049798,0.3095890410958904,311.20000000000005
SPXW260930C07385000,2026-06-09 16:25:59+00:00,7385.0,265.0,308.4,309.4,-174.1,-39.64928,5.0,11.0,0.1968559471702575,False,REGULAR,USD,2026-09-30,7355.39013671875,0.0363499975204467,call,1.00402560064536,0.3095890410958904,308.9
SPXW260930C07390000,2026-06-02 15:20:05+00:00,7390.0,474.8,304.4,305.4,0.0,0.0,3.0,43.0,0.1958278965377807,False,REGULAR,USD,2026-09-30,7355.39013671875,0.0363499975204467,call,1.0047053742409222,0.3095890410958904,304.9
SPXW260930C07395000,2026-06-08 17:13:50+00:00,7395.0,329.8,297.9,301.0,0.0,0.0,1.0,1.0,0.1945499857330322,False,REGULAR,USD,2026-09-30,7355.39013671875,0.0363499975204467,call,1.0053851478364844,0.3095890410958904,299.45
SPXW260930C07400000,2026-06-09 15:02:17+00:00,7400.0,274.9,295.5,296.7,-63.0,-18.64457,12.0,1639.0,0.1933245264911651,False,REGULAR,USD,2026-09-30,7355.39013671875,0.0363499975204467,call,1.0060649214320467,0.3095890410958904,296.1
SPXW260930C07405000,2026-06-08 19:20:36+00:00,7405.0,269.1,293.2,294.6,-46.97998,-14.86332,1.0,8.0,0.1934332442760467,False,REGULAR,USD,2026-09-30,7355.39013671875,0.0363499975204467,call,1.0067446950276089,0.3095890410958904,293.9
SPXW260930C07410000,2026-06-09 13:30:03+00:00,7410.0,332.8,291.9,293.0,-7.210022,-2.1205323,1.0,18.0,0.1938385518074036,False,REGULAR,USD,2026-09-30,7355.39013671875,0.0363499975204467,call,1.007424468623171,0.3095890410958904,292.45
SPXW260930C07420000,2026-06-09 13:55:10+00:00,7420.0,339.5,283.3,285.6,33.01999,10.773946,1.0,945.0,0.1920666426467895,False,REGULAR,USD,2026-09-30,7355.39013671875,0.0363499975204467,call,1.008784015814295,0.3095890410958904,284.45000000000005
SPXW260930C07425000,2026-06-09 15:59:35+00:00,7425.0,248.0,279.3,282.2,-63.28,-20.328964,11.0,290.0,0.1913523477268219,False,REGULAR,USD,2026-09-30,7355.39013671875,0.0363499975204467,call,1.0094637894098577,0.3095890410958904,280.75
SPXW260930C07430000,2026-06-03 17:36:23+00:00,7430.0,407.68,280.0,281.4,0.0,0.0,1.0,42.0,0.1922163680171966,False,REGULAR,USD,2026-09-30,7355.39013671875,0.0363499975204467,call,1.01014356300542,0.3095890410958904,280.7
SPXW260930C07440000,2026-05-28 19:17:31+00:00,7440.0,401.5,271.4,272.6,0.0,0.0,6.0,33.0,0.1895270333385467,False,REGULAR,USD,2026-09-30,7355.39013671875,0.0363499975204467,call,1.0115031101965442,0.3095890410958904,272.0
SPXW260930C07450000,2026-06-09 17:54:10+00:00,7450.0,251.15,266.6,268.2,-44.05002,-14.922092,5.0,581.0,0.1894917477416992,False,REGULAR,USD,2026-09-30,7355.39013671875,0.0363499975204467,call,1.012862657387669,0.3095890410958904,267.4
SPXW260930C07460000,2026-06-09 14:51:12+00:00,7460.0,260.5,262.1,263.4,-69.69,-21.10603,3.0,10.0,0.1891818066883087,False,REGULAR,USD,2026-09-30,7355.39013671875,0.0363499975204467,call,1.014222204578793,0.3095890410958904,262.75
SPXW260930C07465000,2026-06-09 17:54:10+00:00,7465.0,242.85,259.0,260.3,-43.380005,-15.155645,7.0,6.0,0.1885867198657989,False,REGULAR,USD,2026-09-30,7355.39013671875,0.0363499975204467,call,1.0149019781743551,0.3095890410958904,259.65
SPXW260930C07470000,2026-06-09 13:54:27+00:00,7470.0,274.8,256.6,257.7,-85.400024,-23.709055,2.0,6.0,0.188289176454544,False,REGULAR,USD,2026-09-30,7355.39013671875,0.0363499975204467,call,1.0155817517699173,0.3095890410958904,257.15
SPXW260930C07475000,2026-06-09 16:04:58+00:00,7475.0,222.59,253.8,255.0,-63.920013,-22.309872,3.0,349.0,0.1879220155143737,False,REGULAR,USD,2026-09-30,7355.39013671875,0.0363499975204467,call,1.0162615253654796,0.3095890410958904,254.4
SPXW260930C07480000,2026-06-09 16:42:58+00:00,7480.0,216.4,248.2,249.5,-172.27002,-44.322952,3.0,10.0,0.1858315823173522,False,REGULAR,USD,2026-09-30,7355.39013671875,0.0363499975204467,call,1.0169412989610418,0.3095890410958904,248.85
SPXW260930C07485000,2026-05-22 16:09:57+00:00,7485.0,334.5,247.8,249.0,0.0,0.0,2.0,1.0,0.1867966910743713,False,REGULAR,USD,2026-09-30,7355.39013671875,0.0363499975204467,call,1.017621072556604,0.3095890410958904,248.4
SPXW260930C07490000,2026-05-22 16:56:13+00:00,7490.0,331.18,242.6,244.5,0.0,0.0,10.0,10.0,0.1853003910350799,False,REGULAR,USD,2026-09-30,7355.39013671875,0.0363499975204467,call,1.018300846152166,0.3095890410958904,243.55
SPXW260930C07500000,2026-06-09 18:19:27+00:00,7500.0,231.2,237.0,238.3,-27.440018,-10.609347,85.0,2104.0,0.1839986386108398,False,REGULAR,USD,2026-09-30,7355.39013671875,0.0363499975204467,call,1.0196603933432906,0.3095890410958904,237.65
SPXW260930C07510000,2026-06-08 14:52:00+00:00,7510.0,276.48,231.4,232.8,0.0,0.0,1.0,15.0,0.1830926570701598,False,REGULAR,USD,2026-09-30,7355.39013671875,0.0363499975204467,call,1.021019940534415,0.3095890410958904,232.1
SPXW260930C07520000,2026-06-08 19:47:44+00:00,7520.0,247.07,227.8,229.0,0.0,0.0,21.0,7.0,0.1832013748550415,False,REGULAR,USD,2026-09-30,7355.39013671875,0.0363499975204467,call,1.0223794877255392,0.3095890410958904,228.4
SPXW260930C07525000,2026-06-09 16:44:15+00:00,7525.0,217.7,223.2,225.0,-26.37001,-10.804281,75.0,784.0,0.1819463520050049,False,REGULAR,USD,2026-09-30,7355.39013671875,0.0363499975204467,call,1.0230592613211016,0.3095890410958904,224.1
SPXW260930C07530000,2026-06-09 18:18:55+00:00,7530.0,215.0,220.6,221.8,-7.7599945,-3.4835675,3.0,500.0,0.1811748371982574,False,REGULAR,USD,2026-09-30,7355.39013671875,0.0363499975204467,call,1.0237390349166635,0.3095890410958904,221.2
SPXW260930C07540000,2026-06-05 16:45:44+00:00,7540.0,262.07,217.8,218.9,0.0,0.0,20.0,26.0,0.1817775533390045,False,REGULAR,USD,2026-09-30,7355.39013671875,0.0363499975204467,call,1.025098582107788,0.3095890410958904,218.35
SPXW260930C07550000,2026-06-09 15:07:15+00:00,7550.0,168.14,210.6,211.9,-72.36,-30.087318,17.0,538.0,0.1797986989212036,False,REGULAR,USD,2026-09-30,7355.39013671875,0.0363499975204467,call,1.0264581292989126,0.3095890410958904,211.25
SPXW260930C07555000,2026-06-04 15:13:54+00:00,7555.0,322.59,207.8,208.9,0.0,0.0,6.0,6.0,0.1791044309616088,False,REGULAR,USD,2026-09-30,7355.39013671875,0.0363499975204467,call,1.0271379028944747,0.3095890410958904,208.35
SPXW260930C07560000,2026-06-09 18:20:02+00:00,7560.0,202.2,207.5,208.6,-38.40001,-15.960103,12.0,21.0,0.1800886130142212,False,REGULAR,USD,2026-09-30,7355.39013671875,0.0363499975204467,call,1.0278176764900369,0.3095890410958904,208.05
SPXW260930C07565000,2026-06-05 18:40:12+00:00,7565.0,233.16,202.2,203.7,0.0,0.0,1.0,4.0,0.1781879591083526,False,REGULAR,USD,2026-09-30,7355.39013671875,0.0363499975204467,call,1.028497450085599,0.3095890410958904,202.95
SPXW260930C07570000,2026-06-08 13:35:29+00:00,7570.0,234.7,202.0,203.1,0.0,0.0,7.0,13.0,0.1789699642276763,False,REGULAR,USD,2026-09-30,7355.39013671875,0.0363499975204467,call,1.0291772236811612,0.3095890410958904,202.55
SPXW260930C07575000,2026-06-05 19:21:32+00:00,7575.0,197.39,199.6,200.5,-15.0099945,-7.066853,1.0,141.0,0.1784902708435058,False,REGULAR,USD,2026-09-30,7355.39013671875,0.0363499975204467,call,1.0298569972767233,0.3095890410958904,200.05
SPXW260930C07580000,2026-06-09 16:45:55+00:00,7580.0,158.01,197.0,198.0,-58.72,-27.093618,1.0,20.0,0.1780649363517761,False,REGULAR,USD,2026-09-30,7355.39013671875,0.0363499975204467,call,1.0305367708722857,0.3095890410958904,197.5
SPXW260930C07585000,2026-06-05 18:47:22+00:00,7585.0,216.89,194.6,195.8,0.0,0.0,5.0,8.0,0.1778179371738434,False,REGULAR,USD,2026-09-30,7355.39013671875,0.0363499975204467,call,1.0312165444678478,0.3095890410958904,195.2
SPXW260930C07590000,2026-06-03 19:26:58+00:00,7590.0,300.33,189.8,191.3,0.0,0.0,2.0,16.0,0.1761099235534668,False,REGULAR,USD,2026-09-30,7355.39013671875,0.0363499975204467,call,1.03189631806341,0.3095890410958904,190.55
SPXW260930C07595000,2026-06-04 15:15:59+00:00,7595.0,299.13,187.9,188.9,0.0,0.0,1.0,2.0,0.1757170136642455,False,REGULAR,USD,2026-09-30,7355.39013671875,0.0363499975204467,call,1.032576091658972,0.3095890410958904,188.4
SPXW260930C07600000,2026-06-09 16:34:43+00:00,7600.0,150.97,185.4,186.9,-52.600006,-25.83878,8.0,901.0,0.1755682419586181,False,REGULAR,USD,2026-09-30,7355.39013671875,0.0363499975204467,call,1.0332558652545345,0.3095890410958904,186.15
SPXW260930C07605000,2026-06-02 14:25:19+00:00,7605.0,310.0,184.6,185.5,0.0,0.0,5.0,16.0,0.1757913995170593,False,REGULAR,USD,2026-09-30,7355.39013671875,0.0363499975204467,call,1.0339356388500966,0.3095890410958904,185.05
SPXW260930C07610000,2026-06-08 11:36:30+00:00,7610.0,217.43,180.9,181.9,0.0,0.0,1.0,55.0,0.1746069478607178,False,REGULAR,USD,2026-09-30,7355.39013671875,0.0363499975204467,call,1.0346154124456588,0.3095890410958904,181.4
SPXW260930C07615000,2026-06-05 19:53:01+00:00,7615.0,201.07,180.3,181.4,0.0,0.0,1.0,5.0,0.1753889529800415,False,REGULAR,USD,2026-09-30,7355.39013671875,0.0363499975204467,call,1.035295186041221,0.3095890410958904,180.85
SPXW260930C07620000,2026-06-08 19:47:50+00:00,7620.0,193.58,177.4,178.6,0.0,0.0,10.0,8.0,0.1746946850204467,False,REGULAR,USD,2026-09-30,7355.39013671875,0.0363499975204467,call,1.035974959636783,0.3095890410958904,178.0
SPXW260930C07625000,2026-06-09 15:55:17+00:00,7625.0,155.13,173.7,174.9,-51.48999,-24.92014,8.0,119.0,0.1734120058917999,False,REGULAR,USD,2026-09-30,7355.39013671875,0.0363499975204467,call,1.0366547332323452,0.3095890410958904,174.3
SPXW260930C07630000,2026-06-04 15:04:52+00:00,7630.0,269.86,170.3,173.0,0.0,0.0,5.0,10.0,0.173272770833969,False,REGULAR,USD,2026-09-30,7355.39013671875,0.0363499975204467,call,1.0373345068279076,0.3095890410958904,171.65
SPXW260930C07635000,2026-06-02 15:59:39+00:00,7635.0,303.3,169.0,170.1,0.0,0.0,1.0,4.0,0.1724802754020691,False,REGULAR,USD,2026-09-30,7355.39013671875,0.0363499975204467,call,1.0380142804234698,0.3095890410958904,169.55
SPXW260930C07640000,2026-05-27 17:13:51+00:00,7640.0,247.6,167.8,169.1,0.0,0.0,1.0,12.0,0.1729037025642395,False,REGULAR,USD,2026-09-30,7355.39013671875,0.0363499975204467,call,1.038694054019032,0.3095890410958904,168.45
SPXW260930C07645000,2026-05-22 19:50:01+00:00,7645.0,231.03,165.1,166.2,0.0,0.0,1.0,3.0,0.1720902265071869,False,REGULAR,USD,2026-09-30,7355.39013671875,0.0363499975204467,call,1.039373827614594,0.3095890410958904,165.64999999999998
SPXW260930C07650000,2026-06-09 16:34:43+00:00,7650.0,134.16,163.4,164.6,-43.809998,-24.616508,24.0,371.0,0.1721092998027801,False,REGULAR,USD,2026-09-30,7355.39013671875,0.0363499975204467,call,1.0400536012101562,0.3095890410958904,164.0
SPXW260930C07660000,2026-06-09 18:44:34+00:00,7660.0,155.97,159.8,161.0,-41.619995,-21.063816,1.0,21.0,0.1718623006248474,False,REGULAR,USD,2026-09-30,7355.39013671875,0.0363499975204467,call,1.0414131484012807,0.3095890410958904,160.4
SPXW260930C07665000,2026-06-03 19:08:22+00:00,7665.0,258.85,157.9,158.9,0.0,0.0,1.0,6.0,0.1715304252815246,False,REGULAR,USD,2026-09-30,7355.39013671875,0.0363499975204467,call,1.042092921996843,0.3095890410958904,158.4
SPXW260930C07670000,2026-06-05 17:12:02+00:00,7670.0,192.64,153.8,154.8,0.0,0.0,3.0,13.0,0.1698720022296905,False,REGULAR,USD,2026-09-30,7355.39013671875,0.0363499975204467,call,1.042772695592405,0.3095890410958904,154.3
SPXW260930C07675000,2026-06-09 16:39:43+00:00,7675.0,114.68,153.4,154.6,-74.829994,-39.486042,12.0,2014.0,0.1707694007873535,False,REGULAR,USD,2026-09-30,7355.39013671875,0.0363499975204467,call,1.0434524691879672,0.3095890410958904,154.0
SPXW260930C07680000,2026-06-05 16:11:49+00:00,7680.0,199.28,149.9,151.1,0.0,0.0,1.0,10.0,0.169480046005249,False,REGULAR,USD,2026-09-30,7355.39013671875,0.0363499975204467,call,1.0441322427835296,0.3095890410958904,150.5
SPXW260930C07690000,2026-05-14 15:12:32+00:00,7690.0,252.39,147.4,148.5,0.0,0.0,1.0,1.0,0.1697833114051819,False,REGULAR,USD,2026-09-30,7355.39013671875,0.0363499975204467,call,1.045491789974654,0.3095890410958904,147.95
SPXW260930C07700000,2026-06-09 14:52:19+00:00,7700.0,134.09,141.1,143.0,-34.01001,-20.23201,12.0,718.0,0.1681153517055511,False,REGULAR,USD,2026-09-30,7355.39013671875,0.0363499975204467,call,1.0468513371657782,0.3095890410958904,142.05
SPXW260930C07710000,2026-06-09 18:44:34+00:00,7710.0,135.47,137.4,138.3,-19.679993,-12.684495,1.0,22.0,0.1669309000492096,False,REGULAR,USD,2026-09-30,7355.39013671875,0.0363499975204467,call,1.048210884356903,0.3095890410958904,137.85000000000002
SPXW260930C07715000,2026-06-08 16:50:35+00:00,7715.0,161.4,135.3,136.1,0.0,0.0,9.0,15.0,0.1664225967216492,False,REGULAR,USD,2026-09-30,7355.39013671875,0.0363499975204467,call,1.0488906579524648,0.3095890410958904,135.7
SPXW260930C07720000,2026-06-09 15:11:59+00:00,7720.0,140.45,133.5,134.9,-18.75,-11.777638,10.0,44.0,0.1665837660694123,False,REGULAR,USD,2026-09-30,7355.39013671875,0.0363499975204467,call,1.049570431548027,0.3095890410958904,134.2
SPXW260930C07725000,2026-06-09 16:44:15+00:00,7725.0,100.21,130.6,133.0,-44.799995,-30.894419,11.0,87.0,0.1662595200443268,False,REGULAR,USD,2026-09-30,7355.39013671875,0.0363499975204467,call,1.0502502051435891,0.3095890410958904,131.8
SPXW260930C07730000,2026-06-08 14:42:38+00:00,7730.0,154.91,129.6,130.9,0.0,0.0,6.0,6.0,0.1657874559783936,False,REGULAR,USD,2026-09-30,7355.39013671875,0.0363499975204467,call,1.0509299787391515,0.3095890410958904,130.25
SPXW260930C07735000,2026-06-05 19:30:21+00:00,7735.0,144.65,127.7,129.6,0.0,0.0,2.0,2.0,0.16585421251297,False,REGULAR,USD,2026-09-30,7355.39013671875,0.0363499975204467,call,1.0516097523347137,0.3095890410958904,128.65
SPXW260930C07740000,2026-06-01 14:04:05+00:00,7740.0,218.19,126.1,127.0,0.0,0.0,2.0,1.0,0.1650149875068664,False,REGULAR,USD,2026-09-30,7355.39013671875,0.0363499975204467,call,1.0522895259302758,0.3095890410958904,126.55
SPXW260930C07750000,2026-06-08 18:33:40+00:00,7750.0,145.2,123.8,124.8,0.0,0.0,10.0,411.0,0.1653850094413757,False,REGULAR,USD,2026-09-30,7355.39013671875,0.0363499975204467,call,1.0536490731214,0.3095890410958904,124.3
SPXW260930C07760000,2026-06-01 17:43:29+00:00,7760.0,226.1,118.9,119.8,0.0,0.0,3.0,18.0,0.1637580573272705,False,REGULAR,USD,2026-09-30,7355.39013671875,0.0363499975204467,call,1.0550086203125246,0.3095890410958904,119.35
SPXW260930C07770000,2026-06-08 19:31:20+00:00,7770.0,128.61,116.6,117.7,0.0,0.0,1.0,5.0,0.1641299865913391,False,REGULAR,USD,2026-09-30,7355.39013671875,0.0363499975204467,call,1.056368167503649,0.3095890410958904,117.15
SPXW260930C07775000,2026-06-08 14:53:33+00:00,7775.0,142.6,114.6,115.8,0.0,0.0,3.0,20.0,0.1637008374404907,False,REGULAR,USD,2026-09-30,7355.39013671875,0.0363499975204467,call,1.057047941099211,0.3095890410958904,115.2
SPXW260930C07780000,2026-06-05 18:05:36+00:00,7780.0,141.4,111.9,112.7,0.0,0.0,8.0,13.0,0.1623981313514709,False,REGULAR,USD,2026-09-30,7355.39013671875,0.0363499975204467,call,1.0577277146947734,0.3095890410958904,112.3
SPXW260930C07800000,2026-06-08 14:28:11+00:00,7800.0,78.41,106.0,106.9,-48.96,-38.439194,12.0,1250.0,0.1618087665176391,False,REGULAR,USD,2026-09-30,7355.39013671875,0.0363499975204467,call,1.060446809077022,0.3095890410958904,106.45
SPXW260930C07810000,2026-06-05 15:38:29+00:00,7810.0,143.4,101.9,102.9,0.0,0.0,12.0,13.0,0.1606433881568909,False,REGULAR,USD,2026-09-30,7355.39013671875,0.0363499975204467,call,1.0618063562681466,0.3095890410958904,102.4
SPXW260930C07820000,2026-06-04 15:08:33+00:00,7820.0,174.31,99.9,101.0,0.0,0.0,23.0,27.0,0.1609886148071289,False,REGULAR,USD,2026-09-30,7355.39013671875,0.0363499975204467,call,1.0631659034592709,0.3095890410958904,100.45
SPXW260930C07825000,2026-06-08 15:00:19+00:00,7825.0,125.7,98.5,99.3,0.0,0.0,1.0,47.0,0.1605899829292297,False,REGULAR,USD,2026-09-30,7355.39013671875,0.0363499975204467,call,1.063845677054833,0.3095890410958904,98.9
SPXW260930C07840000,2026-06-09 16:20:56+00:00,7840.0,70.35,93.3,94.2,-42.630005,-37.732346,30.0,110.0,0.1593187477779388,False,REGULAR,USD,2026-09-30,7355.39013671875,0.0363499975204467,call,1.0658849978415197,0.3095890410958904,93.75
SPXW260930C07850000,2026-06-09 17:28:06+00:00,7850.0,80.05,90.1,91.0,-23.649994,-22.806168,1.0,73.0,0.1585605842781067,False,REGULAR,USD,2026-09-30,7355.39013671875,0.0363499975204467,call,1.067244545032644,0.3095890410958904,90.55
SPXW260930C07860000,2026-05-29 14:45:47+00:00,7860.0,165.11,87.0,88.1,0.0,0.0,2.0,2.0,0.1579874317455291,False,REGULAR,USD,2026-09-30,7355.39013671875,0.0363499975204467,call,1.0686040922237685,0.3095890410958904,87.55
SPXW260930C07875000,2026-05-26 16:39:20+00:00,7875.0,146.36,82.9,83.7,0.0,0.0,52.0,36.0,0.1570003886985779,False,REGULAR,USD,2026-09-30,7355.39013671875,0.0363499975204467,call,1.070643413010455,0.3095890410958904,83.30000000000001
SPXW260930C07880000,2026-05-29 17:22:02+00:00,7880.0,159.8,82.5,83.4,0.0,0.0,9.0,16.0,0.157580216884613,False,REGULAR,USD,2026-09-30,7355.39013671875,0.0363499975204467,call,1.071323186606017,0.3095890410958904,82.95
SPXW260930C07890000,2026-06-08 15:00:42+00:00,7890.0,59.5,80.0,80.8,-43.800003,-42.40078,8.0,13.0,0.1571186431312561,False,REGULAR,USD,2026-09-30,7355.39013671875,0.0363499975204467,call,1.0726827337971416,0.3095890410958904,80.4
SPXW260930C07900000,2026-06-09 15:33:13+00:00,7900.0,66.4,77.2,78.0,-27.599998,-29.3617,77.0,1963.0,0.1564482167911529,False,REGULAR,USD,2026-09-30,7355.39013671875,0.0363499975204467,call,1.074042280988266,0.3095890410958904,77.6
SPXW260930C07925000,2026-06-09 16:20:56+00:00,7925.0,52.35,71.0,71.8,-34.33,-39.60545,35.0,155.0,0.1552275258731842,False,REGULAR,USD,2026-09-30,7355.39013671875,0.0363499975204467,call,1.077441148966077,0.3095890410958904,71.4
SPXW260930C07950000,2026-06-09 18:26:50+00:00,7950.0,62.34,65.3,66.0,-16.960003,-21.38714,1.0,94.0,0.1540631011772155,False,REGULAR,USD,2026-09-30,7355.39013671875,0.0363499975204467,call,1.080840016943888,0.3095890410958904,65.65
SPXW260930C07960000,2026-06-05 15:02:11+00:00,7960.0,97.0,62.4,63.4,0.0,0.0,4.0,6.0,0.1532658374214172,False,REGULAR,USD,2026-09-30,7355.39013671875,0.0363499975204467,call,1.0821995641350124,0.3095890410958904,62.9
SPXW260930C07970000,2026-06-05 13:38:30+00:00,7970.0,101.1,61.3,62.0,0.0,0.0,1.0,4.0,0.1535023462867737,False,REGULAR,USD,2026-09-30,7355.39013671875,0.0363499975204467,call,1.0835591113261367,0.3095890410958904,61.65
SPXW260930C07975000,2026-06-08 19:31:20+00:00,7975.0,57.0,60.1,60.9,-10.080002,-15.026836,1.0,43.0,0.1532448567962646,False,REGULAR,USD,2026-09-30,7355.39013671875,0.0363499975204467,call,1.0842388849216988,0.3095890410958904,60.5
SPXW260930C07980000,2026-06-03 16:32:15+00:00,7980.0,60.4,58.3,59.1,-51.059998,-45.810158,23.0,6.0,0.1523283849430084,False,REGULAR,USD,2026-09-30,7355.39013671875,0.0363499975204467,call,1.0849186585172612,0.3095890410958904,58.7
SPXW260930C07990000,2026-06-08 19:24:18+00:00,7990.0,48.4,56.4,57.4,-13.099998,-21.300812,1.0,5.0,0.1522110841751099,False,REGULAR,USD,2026-09-30,7355.39013671875,0.0363499975204467,call,1.0862782057083855,0.3095890410958904,56.9
SPXW260930C08000000,2026-06-09 18:18:55+00:00,8000.0,52.0,55.5,56.2,-13.300003,-20.367537,143.0,6945.0,0.1525315155410767,False,REGULAR,USD,2026-09-30,7355.39013671875,0.0363499975204467,call,1.0876377528995098,0.3095890410958904,55.85
SPXW260930C08010000,2026-06-09 18:00:12+00:00,8010.0,48.59,52.5,53.6,-12.310001,-20.213467,5.0,8.0,0.15147485496521,False,REGULAR,USD,2026-09-30,7355.39013671875,0.0363499975204467,call,1.0889973000906343,0.3095890410958904,53.05
SPXW260930C08025000,2026-06-09 16:06:18+00:00,8025.0,40.4,49.9,50.8,-25.849998,-39.018864,1.0,103.0,0.150854972858429,False,REGULAR,USD,2026-09-30,7355.39013671875,0.0363499975204467,call,1.0910366208773208,0.3095890410958904,50.35
SPXW260930C08050000,2026-06-09 16:06:18+00:00,8050.0,36.9,46.4,47.1,-20.48,-35.69188,1.0,709.0,0.1505822247314453,False,REGULAR,USD,2026-09-30,7355.39013671875,0.0363499975204467,call,1.0944354888551318,0.3095890410958904,46.75
SPXW260930C08075000,2026-06-04 18:23:20+00:00,8075.0,92.4,42.4,43.1,0.0,0.0,2.0,58.0,0.1497487217140198,False,REGULAR,USD,2026-09-30,7355.39013671875,0.0363499975204467,call,1.0978343568329427,0.3095890410958904,42.75
SPXW260930C08100000,2026-06-08 18:02:05+00:00,8100.0,27.18,38.2,38.9,-19.119999,-41.295895,12.0,438.0,0.1483983323860168,False,REGULAR,USD,2026-09-30,7355.39013671875,0.0363499975204467,call,1.1012332248107537,0.3095890410958904,38.55
SPXW260930C08125000,2026-06-08 13:35:29+00:00,8125.0,44.7,35.3,36.0,0.0,0.0,7.0,57.0,0.148253375339508,False,REGULAR,USD,2026-09-30,7355.39013671875,0.0363499975204467,call,1.104632092788565,0.3095890410958904,35.65
SPXW260930C08150000,2026-06-09 17:28:06+00:00,8150.0,27.8,32.3,32.9,-39.600002,-58.75371,1.0,20.0,0.1476296785736084,False,REGULAR,USD,2026-09-30,7355.39013671875,0.0363499975204467,call,1.1080309607663756,0.3095890410958904,32.599999999999994
SPXW260930C08175000,2026-06-08 15:16:59+00:00,8175.0,39.7,29.6,30.1,0.0,0.0,1.0,2029.0,0.1471261435699462,False,REGULAR,USD,2026-09-30,7355.39013671875,0.0363499975204467,call,1.1114298287441866,0.3095890410958904,29.85
SPXW260930C08200000,2026-06-09 18:12:36+00:00,8200.0,24.54,26.4,27.0,-9.82,-28.579742,1.0,834.0,0.1459359699249267,False,REGULAR,USD,2026-09-30,7355.39013671875,0.0363499975204467,call,1.1148286967219976,0.3095890410958904,26.7
SPXW260930C08225000,2026-06-09 18:17:32+00:00,8225.0,22.11,24.4,24.9,-11.290001,-33.8024,3.0,28.0,0.1458711207199096,False,REGULAR,USD,2026-09-30,7355.39013671875,0.0363499975204467,call,1.1182275646998086,0.3095890410958904,24.65
SPXW260930C08250000,2026-06-04 15:07:56+00:00,8250.0,46.39,22.2,22.8,0.0,0.0,1.0,61.0,0.1455888359451294,False,REGULAR,USD,2026-09-30,7355.39013671875,0.0363499975204467,call,1.1216264326776195,0.3095890410958904,22.5
SPXW260930C08275000,2026-06-08 14:58:53+00:00,8275.0,27.0,20.2,20.7,0.0,0.0,2.0,33.0,0.1450585983276367,False,REGULAR,USD,2026-09-30,7355.39013671875,0.0363499975204467,call,1.1250253006554305,0.3095890410958904,20.45
SPXW260930C08300000,2026-06-09 18:17:32+00:00,8300.0,16.6,18.5,19.0,-4.1499996,-19.999998,3002.0,1793.0,0.1449517878723144,False,REGULAR,USD,2026-09-30,7355.39013671875,0.0363499975204467,call,1.1284241686332417,0.3095890410958904,18.75
SPXW260930C08325000,2026-06-08 13:30:03+00:00,8325.0,22.18,16.5,16.9,0.0,0.0,1.0,25.0,0.1438722393417358,False,REGULAR,USD,2026-09-30,7355.39013671875,0.0363499975204467,call,1.1318230366110524,0.3095890410958904,16.7
SPXW260930C08350000,2026-06-08 17:37:28+00:00,8350.0,17.56,15.0,15.4,0.0,0.0,6.0,83.0,0.1436357304763794,False,REGULAR,USD,2026-09-30,7355.39013671875,0.0363499975204467,call,1.1352219045888634,0.3095890410958904,15.2
SPXW260930C08375000,2026-06-05 15:55:24+00:00,8375.0,20.53,13.9,14.4,0.0,0.0,4.0,7.0,0.1442041146850585,False,REGULAR,USD,2026-09-30,7355.39013671875,0.0363499975204467,call,1.1386207725666744,0.3095890410958904,14.15
SPXW260930C08400000,2026-06-05 19:41:27+00:00,8400.0,15.9,12.5,13.0,2.3099995,16.997787,17.0,3291.0,0.1437463555908203,False,REGULAR,USD,2026-09-30,7355.39013671875,0.0363499975204467,call,1.1420196405444851,0.3095890410958904,12.75
SPXW260930C08425000,2026-06-08 17:37:28+00:00,8425.0,13.15,11.3,11.9,0.0,0.0,6.0,5.0,0.143727282295227,False,REGULAR,USD,2026-09-30,7355.39013671875,0.0363499975204467,call,1.1454185085222963,0.3095890410958904,11.6
SPXW260930C08450000,2026-06-09 18:45:43+00:00,8450.0,10.12,10.4,10.8,-3.6599998,-26.560232,12.0,1032.0,0.1434984027481079,False,REGULAR,USD,2026-09-30,7355.39013671875,0.0363499975204467,call,1.1488173765001073,0.3095890410958904,10.6
SPXW260930C08475000,2026-06-05 15:58:05+00:00,8475.0,14.01,9.4,9.9,0.0,0.0,2.0,1.0,0.1435670666122436,False,REGULAR,USD,2026-09-30,7355.39013671875,0.0363499975204467,call,1.1522162444779185,0.3095890410958904,9.65
SPXW260930C08500000,2026-06-09 16:43:15+00:00,8500.0,6.06,8.6,8.9,-3.0899997,-33.77049,10.0,1054.0,0.1431512687683105,False,REGULAR,USD,2026-09-30,7355.39013671875,0.0363499975204467,call,1.1556151124557292,0.3095890410958904,8.75
SPXW260930C08550000,2026-06-05 15:58:05+00:00,8550.0,10.4,7.0,7.5,0.0,0.0,2.0,5.0,0.1434717001342773,False,REGULAR,USD,2026-09-30,7355.39013671875,0.0363499975204467,call,1.1624128484113512,0.3095890410958904,7.25
SPXW260930C08600000,2026-06-08 19:24:15+00:00,8600.0,4.71,5.7,6.2,-1.29,-21.5,17.0,764.0,0.1433801483154297,False,REGULAR,USD,2026-09-30,7355.39013671875,0.0363499975204467,call,1.1692105843669731,0.3095890410958904,5.95
SPXW260930C08650000,2026-06-03 16:07:00+00:00,8650.0,4.61,4.8,5.2,-6.69,-59.203537,1.0,41.0,0.1437005796813965,False,REGULAR,USD,2026-09-30,7355.39013671875,0.0363499975204467,call,1.176008320322595,0.3095890410958904,5.0
SPXW260930C08700000,2026-06-09 15:27:08+00:00,8700.0,3.41,4.1,4.4,-1.8900001,-35.660378,9.0,940.0,0.1442422612762451,False,REGULAR,USD,2026-09-30,7355.39013671875,0.0363499975204467,call,1.182806056278217,0.3095890410958904,4.25
SPXW260930C08800000,2026-06-09 17:08:52+00:00,8800.0,2.75,3.0,3.4,-1.1500001,-29.48718,19.0,1569.0,0.1469354106140136,False,REGULAR,USD,2026-09-30,7355.39013671875,0.0363499975204467,call,1.1964015281894609,0.3095890410958904,3.2
SPXW260930C08900000,2026-06-05 14:03:06+00:00,8900.0,3.3,2.35,2.65,0.0,0.0,110.0,182.0,0.1496667065429687,False,REGULAR,USD,2026-09-30,7355.39013671875,0.0363499975204467,call,1.2099970001007048,0.3095890410958904,2.5
SPXW260930C09000000,2026-06-05 18:21:22+00:00,9000.0,2.1,1.95,2.25,0.0,0.0,2.0,2022.0,0.1539086074829102,False,REGULAR,USD,2026-09-30,7355.39013671875,0.0363499975204467,call,1.2235924720119489,0.3095890410958904,2.1
SPXW260930C09100000,2026-06-03 15:13:37+00:00,9100.0,2.8,1.6,1.85,0.0,0.0,1.0,5.0,0.1573418006896972,False,REGULAR,USD,2026-09-30,7355.39013671875,0.0363499975204467,call,1.2371879439231923,0.3095890410958904,1.725
SPXW260930C09400000,2026-06-08 13:51:19+00:00,9400.0,0.95,0.95,1.15,0.0,0.0,6.0,1.0,0.1687400021362305,False,REGULAR,USD,2026-09-30,7355.39013671875,0.0363499975204467,call,1.2779743596569242,0.3095890410958904,1.0499999999999998
SPX261016C07290000,2026-05-20 14:32:16+00:00,7290.0,352.6,399.5,401.4,-92.399994,-20.764042,1.0,152.0,0.210659291191101,True,REGULAR,USD,2026-10-16,7355.39013671875,0.0363499975204467,call,0.9911099023296784,0.3534246575342465,400.45
SPXW261016C07300000,2026-06-09 16:11:09+00:00,7300.0,334.94,393.4,394.6,-110.34,-24.779913,21.0,26.0,0.2096331478881835,True,REGULAR,USD,2026-10-16,7355.39013671875,0.0363499975204467,call,0.9924694495208028,0.3534246575342465,394.0
SPX261016C07310000,2026-05-20 14:45:05+00:00,7310.0,427.9,383.1,384.8,0.0,0.0,60.0,41.0,0.2068608443737029,True,REGULAR,USD,2026-10-16,7355.39013671875,0.0363499975204467,call,0.9938289967119271,0.3534246575342465,383.9500000000001
SPX261016C07320000,2026-05-06 19:09:10+00:00,7320.0,406.9,396.0,399.3,0.0,0.0,10.0,75.0,0.2180177686309814,True,REGULAR,USD,2026-10-16,7355.39013671875,0.0363499975204467,call,0.9951885439030516,0.3534246575342465,397.65
SPXW261016C07325000,2026-06-05 15:17:58+00:00,7325.0,463.5,373.4,375.0,0.0,0.0,5.0,5.0,0.2054780304431915,True,REGULAR,USD,2026-10-16,7355.39013671875,0.0363499975204467,call,0.9958683174986136,0.3534246575342465,374.2
SPX261016C07330000,2026-06-09 16:12:30+00:00,7330.0,331.3,372.2,374.1,-181.90002,-35.444275,5.0,10.0,0.2063620776939391,True,REGULAR,USD,2026-10-16,7355.39013671875,0.0363499975204467,call,0.996548091094176,0.3534246575342465,373.15
SPX261016C07340000,2026-06-02 13:30:13+00:00,7340.0,518.7,365.7,368.0,0.0,0.0,1.0,29.0,0.2056468291091919,True,REGULAR,USD,2026-10-16,7355.39013671875,0.0363499975204467,call,0.9979076382853004,0.3534246575342465,366.85
SPX261016C07350000,2026-06-09 16:27:25+00:00,7350.0,311.91,358.4,360.2,-79.389984,-20.288778,51.0,2135.0,0.2039340471649169,True,REGULAR,USD,2026-10-16,7355.39013671875,0.0363499975204467,call,0.9992671854764248,0.3534246575342465,359.29999999999995
SPX261016C07360000,2026-06-09 18:49:56+00:00,7360.0,351.15,349.4,351.3,-53.149994,-13.146178,1.0,75.0,0.2015689585113525,False,REGULAR,USD,2026-10-16,7355.39013671875,0.0363499975204467,call,1.000626732667549,0.3534246575342465,350.35
SPX261016C07370000,2026-06-05 14:05:37+00:00,7370.0,436.3,343.7,345.8,0.0,0.0,8.0,77.0,0.2011255043888091,False,REGULAR,USD,2026-10-16,7355.39013671875,0.0363499975204467,call,1.0019862798586734,0.3534246575342465,344.75
SPX261016C07375000,2026-06-03 15:48:10+00:00,7375.0,477.97,342.2,343.8,0.0,0.0,3.0,983.0,0.2013219593334197,False,REGULAR,USD,2026-10-16,7355.39013671875,0.0363499975204467,call,1.0026660534542358,0.3534246575342465,343.0
SPX261016C07380000,2026-06-09 16:37:25+00:00,7380.0,279.7,338.8,340.6,-199.01999,-41.573357,5.0,17.0,0.2008270073127746,False,REGULAR,USD,2026-10-16,7355.39013671875,0.0363499975204467,call,1.003345827049798,0.3534246575342465,339.70000000000005
SPX261016C07400000,2026-06-09 18:01:00+00:00,7400.0,324.34,324.1,326.0,-37.070007,-10.2570505,54.0,5755.0,0.1977571603870392,False,REGULAR,USD,2026-10-16,7355.39013671875,0.0363499975204467,call,1.0060649214320467,0.3534246575342465,325.05
SPX261016C07410000,2026-06-09 16:38:06+00:00,7410.0,305.3,320.8,322.6,-143.40002,-31.958996,10.0,40.0,0.1984104207611084,False,REGULAR,USD,2026-10-16,7355.39013671875,0.0363499975204467,call,1.007424468623171,0.3534246575342465,321.70000000000005
SPX261016C07420000,2026-06-04 16:51:01+00:00,7420.0,455.1,311.9,313.6,0.0,0.0,2.0,22.0,0.195841247844696,False,REGULAR,USD,2026-10-16,7355.39013671875,0.0363499975204467,call,1.008784015814295,0.3534246575342465,312.75
SPX261016C07425000,2026-06-02 13:39:09+00:00,7425.0,455.82,310.9,312.6,0.0,0.0,1.0,465.0,0.1965450524520873,False,REGULAR,USD,2026-10-16,7355.39013671875,0.0363499975204467,call,1.0094637894098577,0.3534246575342465,311.75
SPX261016C07430000,2026-06-09 16:39:51+00:00,7430.0,250.2,309.3,311.0,-65.12999,-20.65455,5.0,29.0,0.196899815750122,False,REGULAR,USD,2026-10-16,7355.39013671875,0.0363499975204467,call,1.01014356300542,0.3534246575342465,310.15
SPX261016C07440000,2026-06-09 16:39:47+00:00,7440.0,245.8,299.9,301.6,-187.40001,-43.259464,3.0,24.0,0.1940483580589294,False,REGULAR,USD,2026-10-16,7355.39013671875,0.0363499975204467,call,1.0115031101965442,0.3534246575342465,300.75
SPXW261016C07450000,2026-06-08 16:42:34+00:00,7450.0,333.02,294.9,296.2,0.0,0.0,8.0,11.0,0.1934542249011993,False,REGULAR,USD,2026-10-16,7355.39013671875,0.0363499975204467,call,1.012862657387669,0.3534246575342465,295.54999999999995
SPX261016C07460000,2026-06-09 16:38:06+00:00,7460.0,235.4,288.9,290.9,-183.1,-43.75149,4.0,64.0,0.1928906090164184,False,REGULAR,USD,2026-10-16,7355.39013671875,0.0363499975204467,call,1.014222204578793,0.3534246575342465,289.9
SPX261016C07470000,2026-06-05 16:27:16+00:00,7470.0,346.0,281.8,283.6,0.0,0.0,1.0,80.0,0.1911549391174316,False,REGULAR,USD,2026-10-16,7355.39013671875,0.0363499975204467,call,1.0155817517699173,0.3534246575342465,282.70000000000005
SPX261016C07480000,2026-06-08 19:42:19+00:00,7480.0,297.7,278.2,279.8,0.0,0.0,15.0,41.0,0.1913952626419067,False,REGULAR,USD,2026-10-16,7355.39013671875,0.0363499975204467,call,1.0169412989610418,0.3534246575342465,279.0
SPX261016C07490000,2026-06-09 16:37:38+00:00,7490.0,224.2,273.2,275.0,-181.3,-44.710236,5.0,13.0,0.1910366846847534,False,REGULAR,USD,2026-10-16,7355.39013671875,0.0363499975204467,call,1.018300846152166,0.3534246575342465,274.1
SPXW261016C07500000,2026-06-09 16:11:09+00:00,7500.0,227.77,268.5,269.9,-164.92,-41.997505,27.0,26.0,0.1904778371238708,False,REGULAR,USD,2026-10-16,7355.39013671875,0.0363499975204467,call,1.0196603933432906,0.3534246575342465,269.2
SPX261016C07510000,2026-06-08 19:39:07+00:00,7510.0,282.9,261.8,263.5,1.8999939,0.67615443,5.0,20.0,0.1891436600971222,False,REGULAR,USD,2026-10-16,7355.39013671875,0.0363499975204467,call,1.021019940534415,0.3534246575342465,262.65
SPX261016C07520000,2026-06-08 19:39:37+00:00,7520.0,273.9,256.3,257.8,0.0,0.0,3.0,9.0,0.1881823659992217,False,REGULAR,USD,2026-10-16,7355.39013671875,0.0363499975204467,call,1.0223794877255392,0.3534246575342465,257.05
SPXW261016C07525000,2026-06-09 19:09:54+00:00,7525.0,258.0,254.7,256.2,-36.299988,-12.334349,1.0,32.0,0.1884112455463409,False,REGULAR,USD,2026-10-16,7355.39013671875,0.0363499975204467,call,1.0230592613211016,0.3534246575342465,255.45
SPX261016C07530000,2026-06-08 19:55:42+00:00,7530.0,266.1,250.7,252.3,0.0,0.0,7.0,22.0,0.1873059480667114,False,REGULAR,USD,2026-10-16,7355.39013671875,0.0363499975204467,call,1.0237390349166635,0.3534246575342465,251.5
SPX261016C07540000,2026-06-08 19:55:25+00:00,7540.0,260.7,245.4,247.1,0.0,0.0,7.0,24.0,0.1865744871807098,False,REGULAR,USD,2026-10-16,7355.39013671875,0.0363499975204467,call,1.025098582107788,0.3534246575342465,246.25
SPX261016C07550000,2026-06-09 18:20:02+00:00,7550.0,235.0,240.0,241.5,-21.470001,-8.371349,59.0,785.0,0.1855817221450805,False,REGULAR,USD,2026-10-16,7355.39013671875,0.0363499975204467,call,1.0264581292989126,0.3534246575342465,240.75
SPX261016C07560000,2026-06-08 19:39:12+00:00,7560.0,252.1,233.1,235.0,0.0,0.0,1.0,35.0,0.1840329705429076,False,REGULAR,USD,2026-10-16,7355.39013671875,0.0363499975204467,call,1.0278176764900369,0.3534246575342465,234.05
SPX261016C07570000,2026-06-08 19:55:42+00:00,7570.0,243.9,228.8,230.3,0.0,0.0,2.0,38.0,0.1835008255958556,False,REGULAR,USD,2026-10-16,7355.39013671875,0.0363499975204467,call,1.0291772236811612,0.3534246575342465,229.55
SPX261016C07575000,2026-06-09 15:31:38+00:00,7575.0,202.99,224.7,226.5,-39.729996,-16.368652,36.0,439.0,0.1823755011558532,False,REGULAR,USD,2026-10-16,7355.39013671875,0.0363499975204467,call,1.0298569972767233,0.3534246575342465,225.6
SPX261016C07580000,2026-06-08 19:55:21+00:00,7580.0,238.1,222.3,223.6,0.0,0.0,2.0,336.0,0.1817680166912078,False,REGULAR,USD,2026-10-16,7355.39013671875,0.0363499975204467,call,1.0305367708722857,0.3534246575342465,222.95
SPX261016C07590000,2026-06-08 19:55:41+00:00,7590.0,233.1,217.1,218.9,0.0,0.0,3.0,20.0,0.1811719762039184,False,REGULAR,USD,2026-10-16,7355.39013671875,0.0363499975204467,call,1.03189631806341,0.3534246575342465,218.0
SPX261016C07600000,2026-06-09 15:47:54+00:00,7600.0,194.94,214.2,215.8,-32.95999,-14.46248,25.0,4039.0,0.1814876392459869,False,REGULAR,USD,2026-10-16,7355.39013671875,0.0363499975204467,call,1.0332558652545345,0.3534246575342465,215.0
SPX261016C07610000,2026-06-09 16:13:17+00:00,7610.0,171.82,207.3,208.9,-54.179993,-23.973448,130.0,574.0,0.1795335801124573,False,REGULAR,USD,2026-10-16,7355.39013671875,0.0363499975204467,call,1.0346154124456588,0.3534246575342465,208.1
SPX261016C07620000,2026-06-08 14:14:51+00:00,7620.0,232.4,204.2,205.8,0.0,0.0,4.0,16.0,0.179792023267746,False,REGULAR,USD,2026-10-16,7355.39013671875,0.0363499975204467,call,1.035974959636783,0.3534246575342465,205.0
SPX261016C07625000,2026-06-01 19:04:01+00:00,7625.0,337.02,199.8,201.2,0.0,0.0,2.0,576.0,0.1781002219486236,False,REGULAR,USD,2026-10-16,7355.39013671875,0.0363499975204467,call,1.0366547332323452,0.3534246575342465,200.5
SPX261016C07630000,2026-06-09 15:33:49+00:00,7630.0,179.78,199.4,201.0,-95.880005,-34.78198,10.0,16.0,0.1790147864723205,False,REGULAR,USD,2026-10-16,7355.39013671875,0.0363499975204467,call,1.0373345068279076,0.3534246575342465,200.2
SPX261016C07640000,2026-06-04 14:02:06+00:00,7640.0,286.4,194.1,195.6,0.0,0.0,2.0,77.0,0.1778446397876739,False,REGULAR,USD,2026-10-16,7355.39013671875,0.0363499975204467,call,1.038694054019032,0.3534246575342465,194.85
SPXW261016C07650000,2026-06-08 20:13:38+00:00,7650.0,203.48,188.7,190.4,0.0,0.0,35.0,71.0,0.1767584156036377,False,REGULAR,USD,2026-10-16,7355.39013671875,0.0363499975204467,call,1.0400536012101562,0.3534246575342465,189.55
SPX261016C07660000,2026-06-09 18:49:05+00:00,7660.0,183.81,184.1,185.9,-67.57001,-26.879627,44.0,473.0,0.1760574719905853,False,REGULAR,USD,2026-10-16,7355.39013671875,0.0363499975204467,call,1.0414131484012807,0.3534246575342465,185.0
SPX261016C07670000,2026-05-28 18:14:17+00:00,7670.0,287.68,180.6,182.2,0.0,0.0,1.0,28.0,0.1758076118183136,False,REGULAR,USD,2026-10-16,7355.39013671875,0.0363499975204467,call,1.042772695592405,0.3534246575342465,181.4
SPXW261016C07675000,2026-06-08 19:47:44+00:00,7675.0,195.14,177.8,179.0,0.0,0.0,21.0,73.0,0.1748510860443115,False,REGULAR,USD,2026-10-16,7355.39013671875,0.0363499975204467,call,1.0434524691879672,0.3534246575342465,178.4
SPX261016C07680000,2026-06-01 16:36:19+00:00,7680.0,288.2,174.6,176.4,0.0,0.0,2.0,2.0,0.1742493235683441,False,REGULAR,USD,2026-10-16,7355.39013671875,0.0363499975204467,call,1.0441322427835296,0.3534246575342465,175.5
SPX261016C07690000,2026-06-08 19:31:56+00:00,7690.0,187.7,172.4,173.8,0.0,0.0,5.0,28.0,0.1746079015254975,False,REGULAR,USD,2026-10-16,7355.39013671875,0.0363499975204467,call,1.045491789974654,0.3534246575342465,173.10000000000002
SPXW261016C07700000,2026-06-09 14:26:33+00:00,7700.0,155.57,168.7,169.8,-27.929993,-15.220704,32.0,221.0,0.1740805249023437,False,REGULAR,USD,2026-10-16,7355.39013671875,0.0363499975204467,call,1.0468513371657782,0.3534246575342465,169.25
SPX261016C07710000,2026-06-05 18:53:05+00:00,7710.0,182.7,162.9,164.4,0.0,0.0,50.0,135.0,0.1726547960567475,False,REGULAR,USD,2026-10-16,7355.39013671875,0.0363499975204467,call,1.048210884356903,0.3534246575342465,163.65
SPX261016C07720000,2026-06-02 15:42:05+00:00,7720.0,281.8,158.8,160.3,0.0,0.0,3.0,32.0,0.1719948600292206,False,REGULAR,USD,2026-10-16,7355.39013671875,0.0363499975204467,call,1.049570431548027,0.3534246575342465,159.55
SPXW261016C07725000,2026-06-04 15:23:32+00:00,7725.0,149.0,157.9,159.0,-103.56,-41.00412,31.0,155.0,0.1721197901153564,False,REGULAR,USD,2026-10-16,7355.39013671875,0.0363499975204467,call,1.0502502051435891,0.3534246575342465,158.45
SPX261016C07730000,2026-06-05 13:49:31+00:00,7730.0,217.16,153.5,154.9,0.0,0.0,14.0,128.0,0.1704833013534546,False,REGULAR,USD,2026-10-16,7355.39013671875,0.0363499975204467,call,1.0509299787391515,0.3534246575342465,154.2
SPX261016C07740000,2026-06-03 15:41:48+00:00,7740.0,245.2,151.0,152.7,0.0,0.0,1.0,29.0,0.1709467824363708,False,REGULAR,USD,2026-10-16,7355.39013671875,0.0363499975204467,call,1.0522895259302758,0.3534246575342465,151.85
SPX261016C07750000,2026-06-08 16:34:25+00:00,7750.0,114.11,145.3,146.9,-57.199997,-33.38976,2.0,2401.0,0.1691004874229431,False,REGULAR,USD,2026-10-16,7355.39013671875,0.0363499975204467,call,1.0536490731214,0.3534246575342465,146.10000000000002
SPX261016C07760000,2026-06-05 16:44:15+00:00,7760.0,179.03,141.8,143.2,0.0,0.0,1.0,31.0,0.1685454545211792,False,REGULAR,USD,2026-10-16,7355.39013671875,0.0363499975204467,call,1.0550086203125246,0.3534246575342465,142.5
SPX261016C07770000,2026-06-04 19:21:31+00:00,7770.0,240.8,137.8,139.4,0.0,0.0,1.0,85.0,0.1678912404823303,False,REGULAR,USD,2026-10-16,7355.39013671875,0.0363499975204467,call,1.056368167503649,0.3534246575342465,138.60000000000002
SPX261016C07775000,2026-06-05 19:59:46+00:00,7775.0,121.57,136.1,137.6,-27.96,-18.69859,7.0,588.0,0.167614677696228,False,REGULAR,USD,2026-10-16,7355.39013671875,0.0363499975204467,call,1.057047941099211,0.3534246575342465,136.85
SPX261016C07780000,2026-06-05 18:49:42+00:00,7780.0,155.02,134.7,136.4,0.0,0.0,1.0,35.0,0.1677195808219909,False,REGULAR,USD,2026-10-16,7355.39013671875,0.0363499975204467,call,1.0577277146947734,0.3534246575342465,135.55
SPX261016C07800000,2026-06-09 17:50:35+00:00,7800.0,118.0,127.1,128.3,-28.740005,-19.585665,34.0,11307.0,0.1658990347576141,False,REGULAR,USD,2026-10-16,7355.39013671875,0.0363499975204467,call,1.060446809077022,0.3534246575342465,127.7
SPX261016C07810000,2026-06-08 19:23:31+00:00,7810.0,134.3,124.1,125.7,0.0,0.0,10.0,53.0,0.1658914054393768,False,REGULAR,USD,2026-10-16,7355.39013671875,0.0363499975204467,call,1.0618063562681466,0.3534246575342465,124.9
SPX261016C07825000,2026-06-05 17:30:25+00:00,7825.0,102.2,119.0,120.5,-50.930008,-33.259327,1.0,1116.0,0.164951091966629,False,REGULAR,USD,2026-10-16,7355.39013671875,0.0363499975204467,call,1.063845677054833,0.3534246575342465,119.75
SPX261016C07840000,2026-06-09 18:38:35+00:00,7840.0,115.7,114.8,116.3,-93.21001,-44.617302,1.0,1.0,0.1646068189811706,False,REGULAR,USD,2026-10-16,7355.39013671875,0.0363499975204467,call,1.0658849978415197,0.3534246575342465,115.55
SPXW261016C07850000,2026-06-09 16:51:46+00:00,7850.0,89.25,112.4,113.4,-45.58,-33.80553,13.0,7.0,0.1642692216491699,False,REGULAR,USD,2026-10-16,7355.39013671875,0.0363499975204467,call,1.067244545032644,0.3534246575342465,112.9
SPX261016C07860000,2026-06-05 15:51:23+00:00,7860.0,147.4,107.5,108.8,0.0,0.0,1.0,2.0,0.1627147480583191,False,REGULAR,USD,2026-10-16,7355.39013671875,0.0363499975204467,call,1.0686040922237685,0.3534246575342465,108.15
SPXW261016C07875000,2026-06-09 16:06:01+00:00,7875.0,86.57,103.4,104.2,-80.23,-48.09952,1.0,10.0,0.1618984110069274,False,REGULAR,USD,2026-10-16,7355.39013671875,0.0363499975204467,call,1.070643413010455,0.3534246575342465,103.8
SPX261016C07890000,2026-06-05 19:57:28+00:00,7890.0,112.4,99.5,100.8,0.0,0.0,1.0,1.0,0.1618564497566223,False,REGULAR,USD,2026-10-16,7355.39013671875,0.0363499975204467,call,1.0726827337971416,0.3534246575342465,100.15
SPX261016C07900000,2026-06-09 16:42:48+00:00,7900.0,72.0,95.5,96.7,-39.5,-35.42601,1776.0,5627.0,0.1604621918487549,False,REGULAR,USD,2026-10-16,7355.39013671875,0.0363499975204467,call,1.074042280988266,0.3534246575342465,96.1
SPX261016C07910000,2026-06-08 14:56:11+00:00,7910.0,116.0,92.5,93.7,0.0,0.0,5.0,37.0,0.1598184681224822,False,REGULAR,USD,2026-10-16,7355.39013671875,0.0363499975204467,call,1.0754018281793905,0.3534246575342465,93.1
SPX261016C07925000,2026-06-09 17:42:17+00:00,7925.0,83.75,89.0,90.0,-13.849998,-14.190573,32.0,250.0,0.1593711993408203,False,REGULAR,USD,2026-10-16,7355.39013671875,0.0363499975204467,call,1.077441148966077,0.3534246575342465,89.5
SPX261016C07930000,2026-06-01 15:09:41+00:00,7930.0,158.82,87.4,88.6,0.0,0.0,1.0,3.0,0.1590793779182434,False,REGULAR,USD,2026-10-16,7355.39013671875,0.0363499975204467,call,1.0781209225616393,0.3534246575342465,88.0
SPX261016C07940000,2026-06-05 18:36:30+00:00,7940.0,101.46,85.1,86.4,0.0,0.0,1.0,4.0,0.1589210695648193,False,REGULAR,USD,2026-10-16,7355.39013671875,0.0363499975204467,call,1.0794804697527636,0.3534246575342465,85.75
SPX261016C07950000,2026-06-08 15:04:58+00:00,7950.0,106.05,82.5,83.8,0.0,0.0,275.0,2280.0,0.1584232565498352,False,REGULAR,USD,2026-10-16,7355.39013671875,0.0363499975204467,call,1.080840016943888,0.3534246575342465,83.15
SPX261016C07970000,2026-06-02 16:41:40+00:00,7970.0,67.03,78.2,79.5,-92.18001,-57.898376,2.0,3.0,0.1580179490184784,False,REGULAR,USD,2026-10-16,7355.39013671875,0.0363499975204467,call,1.0835591113261367,0.3534246575342465,78.85
SPX261016C07975000,2026-06-08 14:56:47+00:00,7975.0,96.33,76.5,77.7,0.0,0.0,5.0,1758.0,0.1573208200645446,False,REGULAR,USD,2026-10-16,7355.39013671875,0.0363499975204467,call,1.0842388849216988,0.3534246575342465,77.1
SPX261016C07980000,2026-06-09 15:58:46+00:00,7980.0,63.26,76.1,77.2,-21.810001,-25.637712,4.0,8.0,0.1576460197544097,False,REGULAR,USD,2026-10-16,7355.39013671875,0.0363499975204467,call,1.0849186585172612,0.3534246575342465,76.65
SPXW261016C08000000,2026-06-05 19:48:29+00:00,8000.0,82.5,71.2,72.1,0.0,0.0,1.0,341.0,0.1563795529270172,False,REGULAR,USD,2026-10-16,7355.39013671875,0.0363499975204467,call,1.0876377528995098,0.3534246575342465,71.65
SPXW261016C08025000,2026-06-08 16:08:49+00:00,8025.0,81.2,66.8,67.6,0.0,0.0,5.0,13.0,0.1561287390899658,False,REGULAR,USD,2026-10-16,7355.39013671875,0.0363499975204467,call,1.0910366208773208,0.3534246575342465,67.19999999999999
SPX261016C08030000,2026-06-05 14:26:58+00:00,8030.0,98.22,64.4,65.6,0.0,0.0,10.0,10.0,0.1551178544235229,False,REGULAR,USD,2026-10-16,7355.39013671875,0.0363499975204467,call,1.091716394472883,0.3534246575342465,65.0
SPX261016C08050000,2026-06-09 16:25:53+00:00,8050.0,47.92,60.2,61.2,-17.410004,-26.649324,3.0,124.0,0.1540135106086731,False,REGULAR,USD,2026-10-16,7355.39013671875,0.0363499975204467,call,1.0944354888551318,0.3534246575342465,60.7
SPX261016C08075000,2026-06-05 18:41:15+00:00,8075.0,47.68,56.3,57.4,-19.199997,-28.708132,2.0,158.0,0.1539353100967407,False,REGULAR,USD,2026-10-16,7355.39013671875,0.0363499975204467,call,1.0978343568329427,0.3534246575342465,56.85
SPXW261016C08100000,2026-06-04 19:42:02+00:00,8100.0,107.6,52.5,53.2,0.0,0.0,12.0,60.0,0.1532925400352478,False,REGULAR,USD,2026-10-16,7355.39013671875,0.0363499975204467,call,1.1012332248107537,0.3534246575342465,52.85
SPXW261016C08125000,2026-06-05 18:22:04+00:00,8125.0,59.9,48.6,49.2,0.0,0.0,15.0,39.0,0.1526173453712463,False,REGULAR,USD,2026-10-16,7355.39013671875,0.0363499975204467,call,1.104632092788565,0.3534246575342465,48.900000000000006
SPXW261016C08150000,2026-06-05 18:21:06+00:00,8150.0,55.0,44.4,45.1,0.0,0.0,15.0,30.0,0.1516045533752441,False,REGULAR,USD,2026-10-16,7355.39013671875,0.0363499975204467,call,1.1080309607663756,0.3534246575342465,44.75
SPX261016C08175000,2026-06-04 16:46:46+00:00,8175.0,82.5,40.3,41.2,0.0,0.0,15.0,24.0,0.1505364488220215,False,REGULAR,USD,2026-10-16,7355.39013671875,0.0363499975204467,call,1.1114298287441866,0.3534246575342465,40.75
SPX261016C08200000,2026-06-09 18:30:15+00:00,8200.0,37.3,36.9,37.6,-12.100002,-24.49393,23.0,1803.0,0.1495293788146973,False,REGULAR,USD,2026-10-16,7355.39013671875,0.0363499975204467,call,1.1148286967219976,0.3534246575342465,37.25
SPX261016C08225000,2026-06-09 18:47:54+00:00,8225.0,33.68,33.8,34.6,-36.870003,-52.26081,132.0,272.0,0.1489571799468994,False,REGULAR,USD,2026-10-16,7355.39013671875,0.0363499975204467,call,1.1182275646998086,0.3534246575342465,34.2
SPXW261016C08250000,2026-06-05 14:52:24+00:00,8250.0,50.3,31.5,32.1,0.0,0.0,17.0,23.0,0.1487721689796448,False,REGULAR,USD,2026-10-16,7355.39013671875,0.0363499975204467,call,1.1216264326776195,0.3534246575342465,31.8
SPX261016C08275000,2026-06-04 17:29:20+00:00,8275.0,61.95,28.9,29.7,0.0,0.0,2.0,503.0,0.1485184941482544,False,REGULAR,USD,2026-10-16,7355.39013671875,0.0363499975204467,call,1.1250253006554305,0.3534246575342465,29.3
SPX261016C08300000,2026-06-08 19:32:22+00:00,8300.0,29.1,25.9,26.8,0.0,0.0,6.0,678.0,0.1473740964126587,False,REGULAR,USD,2026-10-16,7355.39013671875,0.0363499975204467,call,1.1284241686332417,0.3534246575342465,26.35
SPX261016C08325000,2026-06-08 19:54:00+00:00,8325.0,25.83,24.0,24.7,0.0,0.0,1.0,102.0,0.1470841823196411,False,REGULAR,USD,2026-10-16,7355.39013671875,0.0363499975204467,call,1.1318230366110524,0.3534246575342465,24.35
SPX261016C08350000,2026-06-05 19:42:47+00:00,8350.0,24.28,22.3,23.0,0.0,0.0,1.0,607.0,0.1471909927749634,False,REGULAR,USD,2026-10-16,7355.39013671875,0.0363499975204467,call,1.1352219045888634,0.3534246575342465,22.65
SPX261016C08400000,2026-06-09 17:50:59+00:00,8400.0,16.67,18.7,19.3,-3.0100002,-15.294717,4422.0,6424.0,0.1463784703826904,False,REGULAR,USD,2026-10-16,7355.39013671875,0.0363499975204467,call,1.1420196405444851,0.3534246575342465,19.0
SPX261016C08425000,2026-06-09 13:42:37+00:00,8425.0,21.75,16.9,17.5,-22.05,-50.34247,1.0,1.0,0.1457147196960448,False,REGULAR,USD,2026-10-16,7355.39013671875,0.0363499975204467,call,1.1454185085222963,0.3534246575342465,17.2
SPX261016C08450000,2026-06-05 18:49:42+00:00,8450.0,17.9,15.6,16.2,0.0,0.0,2.0,15.0,0.1457490516281127,False,REGULAR,USD,2026-10-16,7355.39013671875,0.0363499975204467,call,1.1488173765001073,0.3534246575342465,15.9
SPX261016C08475000,2026-06-08 14:52:25+00:00,8475.0,18.5,14.4,14.9,0.0,0.0,43.0,160.0,0.145604094581604,False,REGULAR,USD,2026-10-16,7355.39013671875,0.0363499975204467,call,1.1522162444779185,0.3534246575342465,14.65
SPXW261016C08500000,2026-06-08 14:57:32+00:00,8500.0,17.2,13.4,13.7,0.0,0.0,2.0,106.0,0.1454782108306885,False,REGULAR,USD,2026-10-16,7355.39013671875,0.0363499975204467,call,1.1556151124557292,0.3534246575342465,13.55
SPX261016C08525000,2026-06-05 16:51:50+00:00,8525.0,16.1,12.0,12.5,0.0,0.0,2.0,6.0,0.1451615941238403,False,REGULAR,USD,2026-10-16,7355.39013671875,0.0363499975204467,call,1.1590139804335402,0.3534246575342465,12.25
SPX261016C08550000,2026-06-09 17:07:05+00:00,8550.0,8.79,11.0,11.4,-21.029999,-70.52314,8.0,1.0,0.1448678653717041,False,REGULAR,USD,2026-10-16,7355.39013671875,0.0363499975204467,call,1.1624128484113512,0.3534246575342465,11.2
SPX261016C08575000,2026-06-09 18:51:57+00:00,8575.0,9.9,9.9,10.5,-17.800001,-64.25993,237.0,1.0,0.1448716800308228,False,REGULAR,USD,2026-10-16,7355.39013671875,0.0363499975204467,call,1.165811716389162,0.3534246575342465,10.2
SPX261016C08600000,2026-06-09 17:50:59+00:00,8600.0,8.24,9.1,9.7,-1.46,-15.051547,16.0,4730.0,0.144967046508789,False,REGULAR,USD,2026-10-16,7355.39013671875,0.0363499975204467,call,1.1692105843669731,0.3534246575342465,9.4
SPXW261016C08700000,2026-06-02 15:29:53+00:00,8700.0,18.7,6.7,7.0,0.0,0.0,4.0,33.0,0.1452569606018066,False,REGULAR,USD,2026-10-16,7355.39013671875,0.0363499975204467,call,1.182806056278217,0.3534246575342465,6.85
SPX261016C08800000,2026-06-09 18:47:54+00:00,8800.0,4.71,4.6,5.1,-0.09000015,-1.8750031,241.0,1686.0,0.1459359699249267,False,REGULAR,USD,2026-10-16,7355.39013671875,0.0363499975204467,call,1.1964015281894609,0.3534246575342465,4.85
SPXW261016C08900000,2026-06-08 16:20:49+00:00,8900.0,4.44,3.6,3.9,0.0,0.0,2.0,21.0,0.147721230392456,False,REGULAR,USD,2026-10-16,7355.39013671875,0.0363499975204467,call,1.2099970001007048,0.3534246575342465,3.75
SPXW261016C09000000,2026-06-08 15:12:32+00:00,9000.0,2.7,2.75,3.1,-0.79999995,-22.857141,10.0,37.0,0.1502312760925293,False,REGULAR,USD,2026-10-16,7355.39013671875,0.0363499975204467,call,1.2235924720119489,0.3534246575342465,2.925
SPX261016C09100000,2026-06-04 15:26:59+00:00,9100.0,3.95,2.1,2.55,0.0,0.0,2.0,205.0,0.1533135206604004,False,REGULAR,USD,2026-10-16,7355.39013671875,0.0363499975204467,call,1.2371879439231923,0.3534246575342465,2.325
SPXW261016C09200000,2026-06-08 16:20:49+00:00,9200.0,2.14,1.85,2.15,0.0,0.0,2.0,56.0,0.1567009379577637,False,REGULAR,USD,2026-10-16,7355.39013671875,0.0363499975204467,call,1.2507834158344364,0.3534246575342465,2.0
SPX261016C09400000,2026-06-04 19:58:43+00:00,9400.0,2.0,1.15,1.55,0.0,0.0,2.0,184.0,0.1633079275512695,False,REGULAR,USD,2026-10-16,7355.39013671875,0.0363499975204467,call,1.2779743596569242,0.3534246575342465,1.35
SPXW261030C07300000,2026-05-28 15:42:20+00:00,7300.0,558.3,419.0,420.5,0.0,0.0,3.0,59.0,0.213334320898056,True,REGULAR,USD,2026-10-30,7355.39013671875,0.0363499975204467,call,0.9924694495208028,0.3917808219178082,419.75
SPXW261030C07325000,2026-05-14 17:05:23+00:00,7325.0,529.0,397.9,401.4,0.0,0.0,4.0,11.0,0.2096169355869293,True,REGULAR,USD,2026-10-30,7355.39013671875,0.0363499975204467,call,0.9958683174986136,0.3917808219178082,399.65
SPXW261030C07340000,2026-06-09 17:25:16+00:00,7340.0,400.0,392.6,393.8,-42.869995,-9.68004,16.0,18.0,0.2094290636253356,True,REGULAR,USD,2026-10-30,7355.39013671875,0.0363499975204467,call,0.9979076382853004,0.3917808219178082,393.2000000000001
SPXW261030C07350000,2026-06-09 18:43:37+00:00,7350.0,384.0,383.0,385.0,-155.79999,-28.862541,20.0,33.0,0.2072461249446868,True,REGULAR,USD,2026-10-30,7355.39013671875,0.0363499975204467,call,0.9992671854764248,0.3917808219178082,384.0
SPXW261030C07360000,2026-05-22 14:41:14+00:00,7360.0,464.3,379.5,381.0,0.0,0.0,6.0,13.0,0.207653339805603,False,REGULAR,USD,2026-10-30,7355.39013671875,0.0363499975204467,call,1.000626732667549,0.3917808219178082,380.25
SPXW261030C07370000,2026-05-19 19:09:54+00:00,7370.0,394.6,370.0,371.5,0.0,0.0,9.0,26.0,0.2050488812923431,False,REGULAR,USD,2026-10-30,7355.39013671875,0.0363499975204467,call,1.0019862798586734,0.3917808219178082,370.75
SPXW261030C07375000,2026-05-08 14:33:56+00:00,7375.0,415.78,385.8,388.2,0.0,0.0,1.0,9.0,0.2153885148334503,False,REGULAR,USD,2026-10-30,7355.39013671875,0.0363499975204467,call,1.0026660534542358,0.3917808219178082,387.0
SPXW261030C07380000,2026-06-09 14:55:51+00:00,7380.0,339.4,364.9,366.0,-176.97,-34.27194,12.0,31.0,0.2045958905220031,False,REGULAR,USD,2026-10-30,7355.39013671875,0.0363499975204467,call,1.003345827049798,0.3917808219178082,365.45
SPXW261030C07390000,2026-05-28 17:30:28+00:00,7390.0,494.68,360.0,361.4,0.0,0.0,1.0,19.0,0.204610195493698,False,REGULAR,USD,2026-10-30,7355.39013671875,0.0363499975204467,call,1.0047053742409222,0.3917808219178082,360.7
SPXW261030C07400000,2026-06-08 19:33:58+00:00,7400.0,403.0,350.6,352.2,28.399994,7.581419,1.0,166.0,0.2021058717823028,False,REGULAR,USD,2026-10-30,7355.39013671875,0.0363499975204467,call,1.0060649214320467,0.3917808219178082,351.4
SPXW261030C07410000,2026-05-19 15:42:14+00:00,7410.0,357.7,347.4,348.6,0.0,0.0,4.0,5.0,0.2026170361042022,False,REGULAR,USD,2026-10-30,7355.39013671875,0.0363499975204467,call,1.007424468623171,0.3917808219178082,348.0
SPXW261030C07420000,2026-05-18 18:43:47+00:00,7420.0,359.8,339.8,341.1,0.0,0.0,9.0,27.0,0.200990083990097,False,REGULAR,USD,2026-10-30,7355.39013671875,0.0363499975204467,call,1.008784015814295,0.3917808219178082,340.45000000000005
SPXW261030C07425000,2026-05-28 17:05:53+00:00,7425.0,472.48,336.5,338.2,0.0,0.0,2.0,44.0,0.2006286450386047,False,REGULAR,USD,2026-10-30,7355.39013671875,0.0363499975204467,call,1.0094637894098577,0.3917808219178082,337.35
SPXW261030C07430000,2026-06-09 18:33:22+00:00,7430.0,332.5,335.5,337.0,-144.31,-30.265724,5.0,42.0,0.2011836779403686,False,REGULAR,USD,2026-10-30,7355.39013671875,0.0363499975204467,call,1.01014356300542,0.3917808219178082,336.25
SPXW261030C07440000,2026-06-09 18:39:09+00:00,7440.0,330.7,326.6,327.9,-46.129974,-12.241589,17.0,2.0,0.1986421613025664,False,REGULAR,USD,2026-10-30,7355.39013671875,0.0363499975204467,call,1.0115031101965442,0.3917808219178082,327.25
SPXW261030C07450000,2026-06-08 16:40:25+00:00,7450.0,358.12,320.6,321.9,0.0,0.0,4.0,22.0,0.1977590677165985,False,REGULAR,USD,2026-10-30,7355.39013671875,0.0363499975204467,call,1.012862657387669,0.3917808219178082,321.25
SPXW261030C07460000,2026-06-08 16:38:47+00:00,7460.0,354.1,316.2,317.5,3.7000122,1.0559396,10.0,223.0,0.1977209211254119,False,REGULAR,USD,2026-10-30,7355.39013671875,0.0363499975204467,call,1.014222204578793,0.3917808219178082,316.85
SPXW261030C07475000,2026-06-05 19:33:41+00:00,7475.0,328.52,305.0,306.4,0.0,0.0,9.0,47.0,0.1951727288341522,False,REGULAR,USD,2026-10-30,7355.39013671875,0.0363499975204467,call,1.0162615253654796,0.3917808219178082,305.7
SPXW261030C07480000,2026-05-29 17:37:40+00:00,7480.0,437.65,305.0,306.4,0.0,0.0,1.0,10.0,0.1963238022232055,False,REGULAR,USD,2026-10-30,7355.39013671875,0.0363499975204467,call,1.0169412989610418,0.3917808219178082,305.7
SPXW261030C07500000,2026-06-05 16:33:53+00:00,7500.0,347.4,291.0,292.5,0.0,0.0,15.0,67.0,0.1933035458660125,False,REGULAR,USD,2026-10-30,7355.39013671875,0.0363499975204467,call,1.0196603933432906,0.3917808219178082,291.75
SPXW261030C07510000,2026-05-22 15:36:21+00:00,7510.0,377.04,285.5,287.0,0.0,0.0,1.0,5.0,0.1925453823661804,False,REGULAR,USD,2026-10-30,7355.39013671875,0.0363499975204467,call,1.021019940534415,0.3917808219178082,286.25
SPXW261030C07520000,2026-05-29 15:40:31+00:00,7520.0,417.67,278.5,281.5,0.0,0.0,10.0,10.0,0.1917614699172974,False,REGULAR,USD,2026-10-30,7355.39013671875,0.0363499975204467,call,1.0223794877255392,0.3917808219178082,280.0
SPXW261030C07525000,2026-06-04 13:47:24+00:00,7525.0,381.79,278.5,279.7,0.0,0.0,4.0,42.0,0.1918787706851959,False,REGULAR,USD,2026-10-30,7355.39013671875,0.0363499975204467,call,1.0230592613211016,0.3917808219178082,279.1
SPXW261030C07530000,2026-06-09 15:28:20+00:00,7530.0,256.9,274.1,275.5,-32.700012,-11.29144,1.0,10.0,0.1906781067276001,False,REGULAR,USD,2026-10-30,7355.39013671875,0.0363499975204467,call,1.0237390349166635,0.3917808219178082,274.8
SPXW261030C07550000,2026-06-08 20:12:42+00:00,7550.0,280.87,263.4,264.5,0.0,0.0,23.0,72.0,0.1889786760902405,False,REGULAR,USD,2026-10-30,7355.39013671875,0.0363499975204467,call,1.0264581292989126,0.3917808219178082,263.95
SPXW261030C07560000,2026-06-04 16:06:13+00:00,7560.0,378.32,257.6,259.0,0.0,0.0,2.0,16.0,0.1880898605155944,False,REGULAR,USD,2026-10-30,7355.39013671875,0.0363499975204467,call,1.0278176764900369,0.3917808219178082,258.3
SPXW261030C07570000,2026-06-03 15:16:40+00:00,7570.0,376.96,252.2,253.7,0.0,0.0,5.0,9.0,0.1872840137767792,False,REGULAR,USD,2026-10-30,7355.39013671875,0.0363499975204467,call,1.0291772236811612,0.3917808219178082,252.95
SPXW261030C07575000,2026-06-09 18:16:06+00:00,7575.0,240.07,250.5,252.2,-26.949982,-10.09287,6.0,60.0,0.187505264005661,False,REGULAR,USD,2026-10-30,7355.39013671875,0.0363499975204467,call,1.0298569972767233,0.3917808219178082,251.35
SPXW261030C07590000,2026-06-08 15:14:51+00:00,7590.0,289.33,240.9,243.9,0.0,0.0,4.0,10.0,0.1860328055858612,False,REGULAR,USD,2026-10-30,7355.39013671875,0.0363499975204467,call,1.03189631806341,0.3917808219178082,242.4
SPXW261030C07600000,2026-06-08 19:56:25+00:00,7600.0,252.5,239.1,240.2,0.0,0.0,5.0,112.0,0.1860337592506408,False,REGULAR,USD,2026-10-30,7355.39013671875,0.0363499975204467,call,1.0332558652545345,0.3917808219178082,239.65
SPXW261030C07610000,2026-06-05 20:14:27+00:00,7610.0,215.59,232.0,233.5,-19.410004,-8.259576,1.0,46.0,0.1843400506019592,False,REGULAR,USD,2026-10-30,7355.39013671875,0.0363499975204467,call,1.0346154124456588,0.3917808219178082,232.75
SPXW261030C07620000,2026-06-01 13:45:26+00:00,7620.0,210.8,229.1,230.2,-133.98,-38.859562,1.0,40.0,0.1845126639270782,False,REGULAR,USD,2026-10-30,7355.39013671875,0.0363499975204467,call,1.035974959636783,0.3917808219178082,229.65
SPXW261030C07625000,2026-06-09 18:29:58+00:00,7625.0,223.55,226.0,227.1,-15.860001,-6.6246185,200.0,48.0,0.1837792957115173,False,REGULAR,USD,2026-10-30,7355.39013671875,0.0363499975204467,call,1.0366547332323452,0.3917808219178082,226.55
SPXW261030C07630000,2026-06-03 16:26:18+00:00,7630.0,328.28,224.1,225.5,0.0,0.0,11.0,30.0,0.1838784768486022,False,REGULAR,USD,2026-10-30,7355.39013671875,0.0363499975204467,call,1.0373345068279076,0.3917808219178082,224.8
SPXW261030C07640000,2026-06-03 14:11:36+00:00,7640.0,336.8,219.0,220.5,0.0,0.0,1.0,4.0,0.183046881160736,False,REGULAR,USD,2026-10-30,7355.39013671875,0.0363499975204467,call,1.038694054019032,0.3917808219178082,219.75
SPXW261030C07650000,2026-06-05 19:41:22+00:00,7650.0,212.81,211.7,214.0,-17.90001,-7.758662,1.0,123.0,0.1813388675403594,False,REGULAR,USD,2026-10-30,7355.39013671875,0.0363499975204467,call,1.0400536012101562,0.3917808219178082,212.85
SPXW261030C07660000,2026-06-05 18:20:43+00:00,7660.0,241.16,209.4,210.5,0.0,0.0,75.0,22.0,0.1812959526252746,False,REGULAR,USD,2026-10-30,7355.39013671875,0.0363499975204467,call,1.0414131484012807,0.3917808219178082,209.95
SPXW261030C07675000,2026-06-05 19:41:22+00:00,7675.0,201.01,202.2,203.8,-17.440002,-7.9835215,1.0,49.0,0.1803594538116455,False,REGULAR,USD,2026-10-30,7355.39013671875,0.0363499975204467,call,1.0434524691879672,0.3917808219178082,203.0
SPXW261030C07680000,2026-06-01 18:20:07+00:00,7680.0,330.68,197.1,199.4,0.0,0.0,2.0,7.0,0.1787935362434387,False,REGULAR,USD,2026-10-30,7355.39013671875,0.0363499975204467,call,1.0441322427835296,0.3917808219178082,198.25
SPXW261030C07700000,2026-06-09 15:48:42+00:00,7700.0,174.3,186.7,191.0,-28.839996,-14.1971035,22.0,159.0,0.1777101730537414,False,REGULAR,USD,2026-10-30,7355.39013671875,0.0363499975204467,call,1.0468513371657782,0.3917808219178082,188.85
SPXW261030C07710000,2026-06-08 20:13:19+00:00,7710.0,198.59,185.0,186.2,0.0,0.0,25.0,25.0,0.1767774888992309,False,REGULAR,USD,2026-10-30,7355.39013671875,0.0363499975204467,call,1.048210884356903,0.3917808219178082,185.6
SPXW261030C07720000,2026-06-08 12:42:34+00:00,7720.0,219.8,182.5,183.9,0.0,0.0,8.0,12.0,0.1772686262607574,False,REGULAR,USD,2026-10-30,7355.39013671875,0.0363499975204467,call,1.049570431548027,0.3917808219178082,183.2
SPXW261030C07725000,2026-06-09 18:29:58+00:00,7725.0,177.6,178.6,180.2,-126.94,-41.682537,201.0,49.0,0.1760174180698395,False,REGULAR,USD,2026-10-30,7355.39013671875,0.0363499975204467,call,1.0502502051435891,0.3917808219178082,179.39999999999998
SPXW261030C07740000,2026-06-08 19:59:06+00:00,7740.0,185.1,173.0,174.1,-1.5,-0.8038585,1.0,5.0,0.1751324171543121,False,REGULAR,USD,2026-10-30,7355.39013671875,0.0363499975204467,call,1.0522895259302758,0.3917808219178082,173.55
SPXW261030C07750000,2026-06-08 19:22:08+00:00,7750.0,183.1,169.8,170.8,0.0,0.0,4.0,57.0,0.1749588501644134,False,REGULAR,USD,2026-10-30,7355.39013671875,0.0363499975204467,call,1.0536490731214,0.3917808219178082,170.3
SPXW261030C07770000,2026-06-05 19:27:46+00:00,7770.0,176.31,158.8,161.7,0.0,0.0,5.0,6.0,0.173035308303833,False,REGULAR,USD,2026-10-30,7355.39013671875,0.0363499975204467,call,1.056368167503649,0.3917808219178082,160.25
SPXW261030C07775000,2026-06-05 19:20:57+00:00,7775.0,170.11,159.4,160.6,0.0,0.0,4.0,50.0,0.1732384389019012,False,REGULAR,USD,2026-10-30,7355.39013671875,0.0363499975204467,call,1.057047941099211,0.3917808219178082,160.0
SPXW261030C07800000,2026-06-02 18:31:44+00:00,7800.0,157.1,150.1,151.0,-103.01999,-39.604794,2.0,90.0,0.1716791969871521,False,REGULAR,USD,2026-10-30,7355.39013671875,0.0363499975204467,call,1.060446809077022,0.3917808219178082,150.55
SPXW261030C07825000,2026-06-05 13:39:23+00:00,7825.0,204.92,138.9,140.2,0.0,0.0,60.0,80.0,0.1691691512870788,False,REGULAR,USD,2026-10-30,7355.39013671875,0.0363499975204467,call,1.063845677054833,0.3917808219178082,139.55
SPXW261030C07850000,2026-06-09 18:07:08+00:00,7850.0,124.62,130.5,131.4,-26.219994,-17.382652,18.0,125.0,0.1676814342308044,False,REGULAR,USD,2026-10-30,7355.39013671875,0.0363499975204467,call,1.067244545032644,0.3917808219178082,130.95
SPXW261030C07860000,2026-06-08 18:11:38+00:00,7860.0,146.41,128.7,129.6,0.0,0.0,1.0,1.0,0.1681277493476868,False,REGULAR,USD,2026-10-30,7355.39013671875,0.0363499975204467,call,1.0686040922237685,0.3917808219178082,129.14999999999998
SPXW261030C07870000,2026-06-08 18:11:38+00:00,7870.0,142.83,125.4,126.4,0.0,0.0,1.0,1.0,0.1676547316169739,False,REGULAR,USD,2026-10-30,7355.39013671875,0.0363499975204467,call,1.0699636394148928,0.3917808219178082,125.9
SPXW261030C07875000,2026-06-08 12:53:58+00:00,7875.0,151.14,122.4,123.4,0.0,0.0,6.0,47.0,0.1664988899040222,False,REGULAR,USD,2026-10-30,7355.39013671875,0.0363499975204467,call,1.070643413010455,0.3917808219178082,122.9
SPXW261030C07880000,2026-06-01 17:51:12+00:00,7880.0,223.4,121.9,122.9,0.0,0.0,1.0,13.0,0.1669547416687012,False,REGULAR,USD,2026-10-30,7355.39013671875,0.0363499975204467,call,1.071323186606017,0.3917808219178082,122.4
SPXW261030C07900000,2026-06-08 16:44:49+00:00,7900.0,148.1,115.7,116.6,13.910004,10.365902,1.0,89.0,0.1659076177406311,False,REGULAR,USD,2026-10-30,7355.39013671875,0.0363499975204467,call,1.074042280988266,0.3917808219178082,116.15
SPXW261030C07925000,2026-06-08 12:29:30+00:00,7925.0,132.75,108.3,109.2,0.0,0.0,4.0,71.0,0.1647307954025268,False,REGULAR,USD,2026-10-30,7355.39013671875,0.0363499975204467,call,1.077441148966077,0.3917808219178082,108.75
SPXW261030C07950000,2026-06-09 16:45:12+00:00,7950.0,78.02,99.6,100.5,-39.130005,-33.401627,7.0,121.0,0.1624362779426575,False,REGULAR,USD,2026-10-30,7355.39013671875,0.0363499975204467,call,1.080840016943888,0.3917808219178082,100.05
SPXW261030C07975000,2026-06-09 16:17:15+00:00,7975.0,73.0,94.1,94.9,-34.86,-32.31967,16.0,44.0,0.1620853293037414,False,REGULAR,USD,2026-10-30,7355.39013671875,0.0363499975204467,call,1.0842388849216988,0.3917808219178082,94.5
SPXW261030C08000000,2026-06-09 18:10:30+00:00,8000.0,82.3,87.6,88.3,-20.36,-19.832457,73.0,495.0,0.1608245844650268,False,REGULAR,USD,2026-10-30,7355.39013671875,0.0363499975204467,call,1.0876377528995098,0.3917808219178082,87.94999999999999
SPXW261030C08025000,2026-06-09 08:57:08+00:00,8025.0,93.88,81.6,82.5,-54.22001,-36.610405,4.0,56.0,0.1599414908790588,False,REGULAR,USD,2026-10-30,7355.39013671875,0.0363499975204467,call,1.0910366208773208,0.3917808219178082,82.05
SPXW261030C08050000,2026-06-02 13:30:04+00:00,8050.0,56.71,75.2,76.1,-85.829994,-60.214672,2.0,110.0,0.15838129529953,False,REGULAR,USD,2026-10-30,7355.39013671875,0.0363499975204467,call,1.0944354888551318,0.3917808219178082,75.65
SPXW261030C08075000,2026-06-08 20:09:11+00:00,8075.0,76.01,70.8,71.6,0.0,0.0,1.0,128.0,0.1580990105247497,False,REGULAR,USD,2026-10-30,7355.39013671875,0.0363499975204467,call,1.0978343568329427,0.3917808219178082,71.19999999999999
SPXW261030C08100000,2026-06-09 18:36:39+00:00,8100.0,65.65,65.8,66.5,-4.5199966,-6.4414945,1.0,264.0,0.157141531085968,False,REGULAR,USD,2026-10-30,7355.39013671875,0.0363499975204467,call,1.1012332248107537,0.3917808219178082,66.15
SPXW261030C08125000,2026-06-09 17:02:27+00:00,8125.0,49.37,60.8,61.6,-11.0,-18.22097,1.0,18.0,0.1561344610786438,False,REGULAR,USD,2026-10-30,7355.39013671875,0.0363499975204467,call,1.104632092788565,0.3917808219178082,61.2
SPXW261030C08150000,2026-06-09 17:02:27+00:00,8150.0,45.62,55.8,56.6,-22.430004,-32.961063,1.0,147.0,0.1548069597053528,False,REGULAR,USD,2026-10-30,7355.39013671875,0.0363499975204467,call,1.1080309607663756,0.3917808219178082,56.2
SPXW261030C08175000,2026-06-09 18:36:39+00:00,8175.0,52.3,52.1,52.9,-3.5699997,-6.389833,1.0,61.0,0.1544331231117248,False,REGULAR,USD,2026-10-30,7355.39013671875,0.0363499975204467,call,1.1114298287441866,0.3917808219178082,52.5
SPXW261030C08200000,2026-06-09 18:16:06+00:00,8200.0,44.78,48.1,48.9,-13.960003,-23.76575,14.0,179.0,0.1535843614578247,False,REGULAR,USD,2026-10-30,7355.39013671875,0.0363499975204467,call,1.1148286967219976,0.3917808219178082,48.5
SPXW261030C08250000,2026-06-08 16:01:51+00:00,8250.0,50.46,41.6,42.2,0.0,0.0,10.0,95.0,0.1525505888366699,False,REGULAR,USD,2026-10-30,7355.39013671875,0.0363499975204467,call,1.1216264326776195,0.3917808219178082,41.900000000000006
SPXW261030C08300000,2026-06-09 15:33:40+00:00,8300.0,31.68,35.4,36.0,-12.82,-28.808989,2.0,179.0,0.1512497900772095,False,REGULAR,USD,2026-10-30,7355.39013671875,0.0363499975204467,call,1.1284241686332417,0.3917808219178082,35.7
SPXW261030C08350000,2026-06-09 17:44:25+00:00,8350.0,26.59,29.8,30.4,-12.759998,-32.426937,4.0,15.0,0.1497944976234436,False,REGULAR,USD,2026-10-30,7355.39013671875,0.0363499975204467,call,1.1352219045888634,0.3917808219178082,30.1
SPXW261030C08375000,2026-06-09 17:49:05+00:00,8375.0,24.0,27.6,28.8,-9.150002,-27.601812,12.0,16.0,0.150299939956665,False,REGULAR,USD,2026-10-30,7355.39013671875,0.0363499975204467,call,1.1386207725666744,0.3917808219178082,28.200000000000003
SPXW261030C08400000,2026-06-09 16:30:02+00:00,8400.0,19.5,25.6,26.3,-11.42,-36.934025,3.0,45.0,0.1494607149505615,False,REGULAR,USD,2026-10-30,7355.39013671875,0.0363499975204467,call,1.1420196405444851,0.3917808219178082,25.950000000000003
SPXW261030C08500000,2026-06-09 19:12:30+00:00,8500.0,18.7,18.6,19.1,-2.1999989,-10.52631,3.0,141.0,0.1481332135772705,False,REGULAR,USD,2026-10-30,7355.39013671875,0.0363499975204467,call,1.1556151124557292,0.3917808219178082,18.85
SPXW261030C08600000,2026-06-08 16:21:17+00:00,8600.0,16.91,13.3,13.8,0.0,0.0,2.0,272.0,0.1471757341384887,False,REGULAR,USD,2026-10-30,7355.39013671875,0.0363499975204467,call,1.1692105843669731,0.3917808219178082,13.55
SPXW261030C08700000,2026-06-08 12:53:58+00:00,8700.0,12.65,9.6,10.0,0.0,0.0,6.0,145.0,0.1467065310668945,False,REGULAR,USD,2026-10-30,7355.39013671875,0.0363499975204467,call,1.182806056278217,0.3917808219178082,9.8
SPXW261030C08800000,2026-06-08 19:35:48+00:00,8800.0,7.2,6.9,7.2,0.0,0.0,15.0,221.0,0.1463746557235717,False,REGULAR,USD,2026-10-30,7355.39013671875,0.0363499975204467,call,1.1964015281894609,0.3917808219178082,7.050000000000001
SPXW261030C08900000,2026-06-08 19:15:59+00:00,8900.0,4.3,5.1,5.4,-1.0,-18.867924,8.0,167.0,0.147194807434082,False,REGULAR,USD,2026-10-30,7355.39013671875,0.0363499975204467,call,1.2099970001007048,0.3917808219178082,5.25
SPXW261030C09000000,2026-06-09 18:37:05+00:00,9000.0,4.0,3.7,4.1,-0.4000001,-9.090911,11.0,98.0,0.1483239465332031,False,REGULAR,USD,2026-10-30,7355.39013671875,0.0363499975204467,call,1.2235924720119489,0.3917808219178082,3.9
SPXW261030C09200000,2026-06-09 18:37:05+00:00,9200.0,2.45,2.35,2.7,0.20000005,8.88889,1.0,202.0,0.1531761929321289,False,REGULAR,USD,2026-10-30,7355.39013671875,0.0363499975204467,call,1.2507834158344364,0.3917808219178082,2.5250000000000004
SPX261120C07300000,2026-06-09 17:08:36+00:00,7300.0,407.47,448.1,450.0,-93.09,-18.597172,35.0,3406.0,0.2143537885475158,True,REGULAR,USD,2026-11-20,7355.39013671875,0.0363499975204467,call,0.9924694495208028,0.4493150684931506,449.05
SPX261120C07325000,2026-06-08 14:37:54+00:00,7325.0,483.05,431.7,433.6,0.0,0.0,1.0,409.0,0.2122137647819519,True,REGULAR,USD,2026-11-20,7355.39013671875,0.0363499975204467,call,0.9958683174986136,0.4493150684931506,432.65
SPX261120C07350000,2026-06-09 18:21:34+00:00,7350.0,408.0,417.5,419.3,-185.57,-31.263372,9.0,1454.0,0.21103026679039,True,REGULAR,USD,2026-11-20,7355.39013671875,0.0363499975204467,call,0.9992671854764248,0.4493150684931506,418.4
SPX261120C07375000,2026-06-09 14:54:06+00:00,7375.0,400.7,398.9,400.8,-50.72998,-11.237618,1.0,558.0,0.2075989809131622,False,REGULAR,USD,2026-11-20,7355.39013671875,0.0363499975204467,call,1.0026660534542358,0.4493150684931506,399.85
SPX261120C07380000,2026-06-09 16:20:25+00:00,7380.0,342.03,398.7,400.7,-113.860016,-24.975327,1.0,1.0,0.2087262126827239,False,REGULAR,USD,2026-11-20,7355.39013671875,0.0363499975204467,call,1.003345827049798,0.4493150684931506,399.7
SPX261120C07400000,2026-06-09 15:49:43+00:00,7400.0,361.95,385.2,387.0,-43.22998,-10.669328,3.0,4400.0,0.2064374172115325,False,REGULAR,USD,2026-11-20,7355.39013671875,0.0363499975204467,call,1.0060649214320467,0.4493150684931506,386.1
SPX261120C07425000,2026-06-04 13:54:39+00:00,7425.0,322.22,369.5,371.4,-161.07999,-33.329193,1.0,395.0,0.2042430345535278,False,REGULAR,USD,2026-11-20,7355.39013671875,0.0363499975204467,call,1.0094637894098577,0.4493150684931506,370.45
SPX261120C07430000,2026-06-08 14:40:54+00:00,7430.0,412.61,366.5,368.4,0.0,0.0,2.0,0.0,0.2038501246643066,False,REGULAR,USD,2026-11-20,7355.39013671875,0.0363499975204467,call,1.01014356300542,0.4493150684931506,367.45
SPX261120C07440000,2026-06-09 15:28:20+00:00,7440.0,339.65,360.5,362.3,-66.45999,-16.365023,1.0,1.0,0.2029994556808471,False,REGULAR,USD,2026-11-20,7355.39013671875,0.0363499975204467,call,1.0115031101965442,0.4493150684931506,361.4
SPX261120C07450000,2026-06-05 19:55:00+00:00,7450.0,418.0,352.2,354.1,36.899994,9.682497,1.0,1868.0,0.2010635161781311,False,REGULAR,USD,2026-11-20,7355.39013671875,0.0363499975204467,call,1.012862657387669,0.4493150684931506,353.15
SPX261120C07475000,2026-06-09 17:28:22+00:00,7475.0,316.06,340.3,342.3,-167.64001,-34.65785,29.0,1649.0,0.2005475835323333,False,REGULAR,USD,2026-11-20,7355.39013671875,0.0363499975204467,call,1.0162615253654796,0.4493150684931506,341.3
SPX261120C07480000,2026-06-05 15:41:58+00:00,7480.0,404.92,334.2,336.1,0.0,0.0,2.0,2.0,0.1984800382900237,False,REGULAR,USD,2026-11-20,7355.39013671875,0.0363499975204467,call,1.0169412989610418,0.4493150684931506,335.15
SPX261120C07500000,2026-06-09 16:41:50+00:00,7500.0,268.86,322.5,324.4,-91.870026,-25.46781,27.0,5155.0,0.1968054029369354,False,REGULAR,USD,2026-11-20,7355.39013671875,0.0363499975204467,call,1.0196603933432906,0.4493150684931506,323.45
SPX261120C07510000,2026-06-09 14:12:32+00:00,7510.0,356.6,316.6,318.6,10.220001,2.9505172,2.0,3.0,0.1959614096069336,False,REGULAR,USD,2026-11-20,7355.39013671875,0.0363499975204467,call,1.021019940534415,0.4493150684931506,317.6
SPX261120C07525000,2026-06-09 17:28:22+00:00,7525.0,288.11,310.0,312.0,-47.910004,-14.258081,2.0,639.0,0.1957249007415771,False,REGULAR,USD,2026-11-20,7355.39013671875,0.0363499975204467,call,1.0230592613211016,0.4493150684931506,311.0
SPX261120C07540000,2026-06-09 15:28:20+00:00,7540.0,283.0,300.7,302.9,-45.799988,-13.929438,26.0,1.0,0.1941666124916077,False,REGULAR,USD,2026-11-20,7355.39013671875,0.0363499975204467,call,1.025098582107788,0.4493150684931506,301.79999999999995
SPX261120C07550000,2026-06-09 18:04:02+00:00,7550.0,281.8,296.8,298.7,-39.360016,-12.255578,14.0,928.0,0.1940531263828278,False,REGULAR,USD,2026-11-20,7355.39013671875,0.0363499975204467,call,1.0264581292989126,0.4493150684931506,297.75
SPX261120C07560000,2026-06-08 14:24:41+00:00,7560.0,325.6,289.7,291.9,0.0,0.0,2.0,3.0,0.1925882972812652,False,REGULAR,USD,2026-11-20,7355.39013671875,0.0363499975204467,call,1.0278176764900369,0.4493150684931506,290.79999999999995
SPX261120C07570000,2026-06-08 14:38:33+00:00,7570.0,324.9,284.0,285.7,0.0,0.0,3.0,3.0,0.1914067066192627,False,REGULAR,USD,2026-11-20,7355.39013671875,0.0363499975204467,call,1.0291772236811612,0.4493150684931506,284.85
SPX261120C07575000,2026-06-08 14:38:33+00:00,7575.0,322.0,283.2,285.1,0.0,0.0,2.0,452.0,0.1920904842662811,False,REGULAR,USD,2026-11-20,7355.39013671875,0.0363499975204467,call,1.0298569972767233,0.4493150684931506,284.15
SPX261120C07580000,2026-06-09 14:47:15+00:00,7580.0,287.58,278.4,280.4,-31.120026,-9.764676,50.0,6.0,0.1906628480911255,False,REGULAR,USD,2026-11-20,7355.39013671875,0.0363499975204467,call,1.0305367708722857,0.4493150684931506,279.4
SPX261120C07590000,2026-06-08 15:32:16+00:00,7590.0,251.74,275.3,277.2,-60.259995,-19.3141,10.0,6.0,0.1909785111331939,False,REGULAR,USD,2026-11-20,7355.39013671875,0.0363499975204467,call,1.03189631806341,0.4493150684931506,276.25
SPX261120C07600000,2026-06-09 18:04:03+00:00,7600.0,256.0,270.4,272.2,-29.329987,-10.279321,39.0,3411.0,0.1903452777194977,False,REGULAR,USD,2026-11-20,7355.39013671875,0.0363499975204467,call,1.0332558652545345,0.4493150684931506,271.29999999999995
SPX261120C07610000,2026-06-08 14:24:49+00:00,7610.0,297.5,262.3,264.1,0.0,0.0,3.0,5.0,0.1880860458564758,False,REGULAR,USD,2026-11-20,7355.39013671875,0.0363499975204467,call,1.0346154124456588,0.4493150684931506,263.20000000000005
SPX261120C07620000,2026-06-08 14:24:57+00:00,7620.0,292.0,259.4,261.4,0.0,0.0,3.0,10.0,0.1885962565135955,False,REGULAR,USD,2026-11-20,7355.39013671875,0.0363499975204467,call,1.035974959636783,0.4493150684931506,260.4
SPX261120C07625000,2026-06-09 14:12:26+00:00,7625.0,287.13,254.4,257.8,0.13000488,0.04529787,75.0,561.0,0.1876769236660003,False,REGULAR,USD,2026-11-20,7355.39013671875,0.0363499975204467,call,1.0366547332323452,0.4493150684931506,256.1
SPX261120C07630000,2026-06-08 14:38:35+00:00,7630.0,290.9,253.8,255.6,0.0,0.0,1.0,1.0,0.1874776077270508,False,REGULAR,USD,2026-11-20,7355.39013671875,0.0363499975204467,call,1.0373345068279076,0.4493150684931506,254.7
SPX261120C07640000,2026-06-08 14:24:59+00:00,7640.0,280.8,247.1,248.9,0.0,0.0,1.0,1.0,0.1858630532550811,False,REGULAR,USD,2026-11-20,7355.39013671875,0.0363499975204467,call,1.038694054019032,0.4493150684931506,248.0
SPX261120C07650000,2026-06-09 16:13:36+00:00,7650.0,230.7,244.4,246.1,-32.699997,-12.4145775,2.0,1065.0,0.1862588241386413,False,REGULAR,USD,2026-11-20,7355.39013671875,0.0363499975204467,call,1.0400536012101562,0.4493150684931506,245.25
SPX261120C07660000,2026-06-08 14:38:35+00:00,7660.0,274.7,237.0,238.9,0.0,0.0,1.0,6.0,0.1843286066246032,False,REGULAR,USD,2026-11-20,7355.39013671875,0.0363499975204467,call,1.0414131484012807,0.4493150684931506,237.95
SPX261120C07675000,2026-06-05 19:57:13+00:00,7675.0,280.51,230.2,232.0,27.210007,10.742206,4.0,316.0,0.1834293007373809,False,REGULAR,USD,2026-11-20,7355.39013671875,0.0363499975204467,call,1.0434524691879672,0.4493150684931506,231.1
SPX261120C07680000,2026-06-05 16:56:05+00:00,7680.0,277.5,227.8,229.6,0.0,0.0,3.0,4.0,0.18306404712677,False,REGULAR,USD,2026-11-20,7355.39013671875,0.0363499975204467,call,1.0441322427835296,0.4493150684931506,228.7
SPX261120C07690000,2026-06-05 19:36:19+00:00,7690.0,242.6,225.2,226.8,0.0,0.0,5.0,5.0,0.1833749418449401,False,REGULAR,USD,2026-11-20,7355.39013671875,0.0363499975204467,call,1.045491789974654,0.4493150684931506,226.0
SPX261120C07700000,2026-06-09 18:37:11+00:00,7700.0,222.3,218.9,220.4,-12.5,-5.3236794,7.0,2804.0,0.1817527580547333,False,REGULAR,USD,2026-11-20,7355.39013671875,0.0363499975204467,call,1.0468513371657782,0.4493150684931506,219.65
SPX261120C07710000,2026-06-09 17:13:31+00:00,7710.0,187.55,214.5,216.5,-46.34999,-19.816156,2.0,2.0,0.1814332803535461,False,REGULAR,USD,2026-11-20,7355.39013671875,0.0363499975204467,call,1.048210884356903,0.4493150684931506,215.5
SPX261120C07725000,2026-06-09 17:09:52+00:00,7725.0,209.6,209.4,211.1,-14.599991,-6.5120387,3.0,589.0,0.1811519492435455,False,REGULAR,USD,2026-11-20,7355.39013671875,0.0363499975204467,call,1.0502502051435891,0.4493150684931506,210.25
SPX261120C07730000,2026-06-01 14:29:09+00:00,7730.0,179.37,205.1,206.8,-131.23001,-42.250484,1.0,5.0,0.1797023787784576,False,REGULAR,USD,2026-11-20,7355.39013671875,0.0363499975204467,call,1.0509299787391515,0.4493150684931506,205.95
SPX261120C07750000,2026-06-09 16:12:30+00:00,7750.0,170.3,197.6,199.1,-41.399994,-19.555973,20.0,1091.0,0.1789461226081848,False,REGULAR,USD,2026-11-20,7355.39013671875,0.0363499975204467,call,1.0536490731214,0.4493150684931506,198.35
SPX261120C07760000,2026-06-08 17:48:13+00:00,7760.0,194.98,192.2,193.9,-19.820007,-9.227191,7.0,12.0,0.1777950492191314,False,REGULAR,USD,2026-11-20,7355.39013671875,0.0363499975204467,call,1.0550086203125246,0.4493150684931506,193.05
SPX261120C07775000,2026-06-08 19:28:41+00:00,7775.0,199.83,187.3,188.9,0.0,0.0,2.0,651.0,0.177549957370758,False,REGULAR,USD,2026-11-20,7355.39013671875,0.0363499975204467,call,1.057047941099211,0.4493150684931506,188.1
SPX261120C07790000,2026-06-08 15:14:41+00:00,7790.0,214.6,179.4,181.0,-3.2099915,-1.4737576,5.0,17.0,0.1756473961353302,False,REGULAR,USD,2026-11-20,7355.39013671875,0.0363499975204467,call,1.0590872618858975,0.4493150684931506,180.2
SPX261120C07800000,2026-06-09 18:53:14+00:00,7800.0,178.34,176.7,178.1,-8.960007,-4.783773,13.0,3081.0,0.1756559791183471,False,REGULAR,USD,2026-11-20,7355.39013671875,0.0363499975204467,call,1.060446809077022,0.4493150684931506,177.39999999999998
SPX261120C07810000,2026-06-05 17:12:22+00:00,7810.0,208.9,173.1,174.9,0.0,0.0,1.0,2.0,0.1754747828102111,False,REGULAR,USD,2026-11-20,7355.39013671875,0.0363499975204467,call,1.0618063562681466,0.4493150684931506,174.0
SPX261120C07820000,2026-06-08 17:43:48+00:00,7820.0,187.44,167.6,169.2,0.0,0.0,2.0,3.0,0.1738630893325806,False,REGULAR,USD,2026-11-20,7355.39013671875,0.0363499975204467,call,1.0631659034592709,0.4493150684931506,168.39999999999998
SPX261120C07825000,2026-06-08 15:41:03+00:00,7825.0,197.91,166.2,168.1,0.0,0.0,2.0,531.0,0.1740318879985809,False,REGULAR,USD,2026-11-20,7355.39013671875,0.0363499975204467,call,1.063845677054833,0.4493150684931506,167.14999999999998
SPX261120C07830000,2026-06-08 17:45:01+00:00,7830.0,182.46,163.7,165.3,0.0,0.0,60.0,33.0,0.1732327169132232,False,REGULAR,USD,2026-11-20,7355.39013671875,0.0363499975204467,call,1.0645254506503954,0.4493150684931506,164.5
SPX261120C07840000,2026-06-05 16:32:42+00:00,7840.0,200.0,160.3,161.9,0.0,0.0,3.0,3.0,0.1728588803195953,False,REGULAR,USD,2026-11-20,7355.39013671875,0.0363499975204467,call,1.0658849978415197,0.4493150684931506,161.10000000000002
SPX261120C07850000,2026-06-09 18:30:22+00:00,7850.0,157.99,156.1,157.8,-17.36,-9.900199,33.0,1535.0,0.1720578019046783,False,REGULAR,USD,2026-11-20,7355.39013671875,0.0363499975204467,call,1.067244545032644,0.4493150684931506,156.95
SPX261120C07860000,2026-06-09 14:34:00+00:00,7860.0,171.74,153.9,155.5,-20.36,-10.598646,4.0,4.0,0.1722676081562042,False,REGULAR,USD,2026-11-20,7355.39013671875,0.0363499975204467,call,1.0686040922237685,0.4493150684931506,154.7
SPX261120C07870000,2026-06-05 16:32:33+00:00,7870.0,187.7,149.3,150.9,0.0,0.0,1.0,2.0,0.1711203494262695,False,REGULAR,USD,2026-11-20,7355.39013671875,0.0363499975204467,call,1.0699636394148928,0.4493150684931506,150.10000000000002
SPX261120C07875000,2026-06-08 16:46:19+00:00,7875.0,170.53,148.9,150.4,0.0,0.0,2.0,670.0,0.1715838305091858,False,REGULAR,USD,2026-11-20,7355.39013671875,0.0363499975204467,call,1.070643413010455,0.4493150684931506,149.65
SPX261120C07880000,2026-06-09 18:38:35+00:00,7880.0,148.05,145.5,147.0,-26.169998,-15.021236,1.0,2.0,0.1703459736251831,False,REGULAR,USD,2026-11-20,7355.39013671875,0.0363499975204467,call,1.071323186606017,0.4493150684931506,146.25
SPX261120C07900000,2026-06-09 18:30:57+00:00,7900.0,140.23,139.1,140.5,-18.230011,-11.504487,725.0,4019.0,0.1694781386756897,False,REGULAR,USD,2026-11-20,7355.39013671875,0.0363499975204467,call,1.074042280988266,0.4493150684931506,139.8
SPX261120C07910000,2026-06-08 14:56:11+00:00,7910.0,163.5,135.2,136.8,0.0,0.0,5.0,8.0,0.1687323728179932,False,REGULAR,USD,2026-11-20,7355.39013671875,0.0363499975204467,call,1.0754018281793905,0.4493150684931506,136.0
SPX261120C07920000,2026-06-05 17:45:39+00:00,7920.0,165.21,133.6,135.1,0.0,0.0,5.0,5.0,0.1691653366279602,False,REGULAR,USD,2026-11-20,7355.39013671875,0.0363499975204467,call,1.0767613753705148,0.4493150684931506,134.35
SPX261120C07925000,2026-06-08 19:30:15+00:00,7925.0,142.69,131.4,133.5,0.0,0.0,2.0,907.0,0.1689211984443665,False,REGULAR,USD,2026-11-20,7355.39013671875,0.0363499975204467,call,1.077441148966077,0.4493150684931506,132.45
SPX261120C07930000,2026-06-05 16:53:42+00:00,7930.0,164.8,130.3,131.8,0.0,0.0,9.0,13.0,0.168608396396637,False,REGULAR,USD,2026-11-20,7355.39013671875,0.0363499975204467,call,1.0781209225616393,0.4493150684931506,131.05
SPX261120C07940000,2026-06-08 17:43:48+00:00,7940.0,142.0,126.3,127.9,0.0,0.0,2.0,6.0,0.1676547316169739,False,REGULAR,USD,2026-11-20,7355.39013671875,0.0363499975204467,call,1.0794804697527636,0.4493150684931506,127.1
SPX261120C07950000,2026-06-09 14:29:34+00:00,7950.0,138.33,123.6,125.2,2.380005,1.7506473,5.0,330.0,0.1674077324390411,False,REGULAR,USD,2026-11-20,7355.39013671875,0.0363499975204467,call,1.080840016943888,0.4493150684931506,124.4
SPX261120C07960000,2026-06-09 14:17:26+00:00,7960.0,102.72,119.6,121.0,-26.279999,-20.372093,5.0,62.0,0.1661984854984283,False,REGULAR,USD,2026-11-20,7355.39013671875,0.0363499975204467,call,1.0821995641350124,0.4493150684931506,120.3
SPX261120C07975000,2026-06-08 18:34:51+00:00,7975.0,133.42,116.5,118.0,0.0,0.0,78.0,468.0,0.1663958941078186,False,REGULAR,USD,2026-11-20,7355.39013671875,0.0363499975204467,call,1.0842388849216988,0.4493150684931506,117.25
SPX261120C07980000,2026-06-05 18:36:30+00:00,7980.0,133.3,114.5,116.0,0.0,0.0,1.0,1.0,0.1658170195865631,False,REGULAR,USD,2026-11-20,7355.39013671875,0.0363499975204467,call,1.0849186585172612,0.4493150684931506,115.25
SPX261120C07990000,2026-06-09 15:33:21+00:00,7990.0,99.62,110.9,112.3,-25.68,-20.494812,3.0,7.0,0.1648194862270355,False,REGULAR,USD,2026-11-20,7355.39013671875,0.0363499975204467,call,1.0862782057083855,0.4493150684931506,111.6
SPX261120C08000000,2026-06-09 18:12:36+00:00,8000.0,110.57,109.5,111.0,-11.68,-9.554193,310.0,3022.0,0.1653373262023926,False,REGULAR,USD,2026-11-20,7355.39013671875,0.0363499975204467,call,1.0876377528995098,0.4493150684931506,110.25
SPX261120C08025000,2026-06-09 08:58:30+00:00,8025.0,81.33,102.1,103.3,-29.769997,-26.795677,15.0,137.0,0.163635034570694,False,REGULAR,USD,2026-11-20,7355.39013671875,0.0363499975204467,call,1.0910366208773208,0.4493150684931506,102.7
SPX261120C08050000,2026-06-09 17:24:11+00:00,8050.0,84.15,96.5,97.7,-12.720001,-13.131001,20.0,262.0,0.1631438972091675,False,REGULAR,USD,2026-11-20,7355.39013671875,0.0363499975204467,call,1.0944354888551318,0.4493150684931506,97.1
SPX261120C08075000,2026-06-08 19:33:41+00:00,8075.0,101.85,89.9,91.4,3.75,3.82263,8.0,437.0,0.1620090361213683,False,REGULAR,USD,2026-11-20,7355.39013671875,0.0363499975204467,call,1.0978343568329427,0.4493150684931506,90.65
SPX261120C08100000,2026-06-09 19:14:34+00:00,8100.0,83.9,83.6,84.5,-7.2999954,-8.004381,8.0,1414.0,0.160246663608551,False,REGULAR,USD,2026-11-20,7355.39013671875,0.0363499975204467,call,1.1012332248107537,0.4493150684931506,84.05
SPX261120C08125000,2026-06-09 17:01:10+00:00,8125.0,64.2,78.7,80.1,-26.650002,-29.33407,10.0,1339.0,0.1601026602268219,False,REGULAR,USD,2026-11-20,7355.39013671875,0.0363499975204467,call,1.104632092788565,0.4493150684931506,79.4
SPX261120C08150000,2026-06-09 17:23:17+00:00,8150.0,64.83,72.7,73.9,-14.299995,-18.071522,13.0,404.0,0.1584442371749878,False,REGULAR,USD,2026-11-20,7355.39013671875,0.0363499975204467,call,1.1080309607663756,0.4493150684931506,73.30000000000001
SPX261120C08175000,2026-06-09 16:17:13+00:00,8175.0,53.83,68.8,70.0,-19.669998,-26.761902,1.0,123.0,0.1583622220039367,False,REGULAR,USD,2026-11-20,7355.39013671875,0.0363499975204467,call,1.1114298287441866,0.4493150684931506,69.4
SPX261120C08200000,2026-06-09 18:28:27+00:00,8200.0,62.3,63.6,64.9,-6.200001,-9.051096,485.0,1321.0,0.1571663263702392,False,REGULAR,USD,2026-11-20,7355.39013671875,0.0363499975204467,call,1.1148286967219976,0.4493150684931506,64.25
SPX261120C08225000,2026-06-09 18:04:03+00:00,8225.0,54.84,59.7,60.9,-28.030003,-33.824062,3.0,155.0,0.1566837719917297,False,REGULAR,USD,2026-11-20,7355.39013671875,0.0363499975204467,call,1.1182275646998086,0.4493150684931506,60.3
SPX261120C08250000,2026-06-05 18:11:43+00:00,8250.0,69.5,55.1,56.2,0.0,0.0,27.0,323.0,0.1554239808177948,False,REGULAR,USD,2026-11-20,7355.39013671875,0.0363499975204467,call,1.1216264326776195,0.4493150684931506,55.650000000000006
SPX261120C08275000,2026-06-08 17:45:46+00:00,8275.0,58.56,51.9,53.2,0.0,0.0,2.0,843.0,0.1554764323806762,False,REGULAR,USD,2026-11-20,7355.39013671875,0.0363499975204467,call,1.1250253006554305,0.4493150684931506,52.55
SPX261120C08300000,2026-06-09 18:54:28+00:00,8300.0,48.59,47.9,48.8,-42.859997,-46.867138,15.0,3111.0,0.1540898037910461,False,REGULAR,USD,2026-11-20,7355.39013671875,0.0363499975204467,call,1.1284241686332417,0.4493150684931506,48.35
SPX261120C08325000,2026-06-09 16:50:53+00:00,8325.0,45.32,45.0,46.1,-15.880001,-25.947714,4.0,233.0,0.1541203210639954,False,REGULAR,USD,2026-11-20,7355.39013671875,0.0363499975204467,call,1.1318230366110524,0.4493150684931506,45.55
SPX261120C08350000,2026-06-09 16:17:13+00:00,8350.0,32.22,41.9,42.9,-52.440002,-61.941883,1.0,249.0,0.1535137902641296,False,REGULAR,USD,2026-11-20,7355.39013671875,0.0363499975204467,call,1.1352219045888634,0.4493150684931506,42.4
SPX261120C08375000,2026-06-08 00:17:05+00:00,8375.0,43.48,38.4,39.4,0.0,0.0,1.0,1.0,0.1524094464492798,False,REGULAR,USD,2026-11-20,7355.39013671875,0.0363499975204467,call,1.1386207725666744,0.4493150684931506,38.9
SPX261120C08400000,2026-06-09 17:14:13+00:00,8400.0,29.75,35.8,36.6,-17.05,-36.43162,22.0,2303.0,0.1518486915588379,False,REGULAR,USD,2026-11-20,7355.39013671875,0.0363499975204467,call,1.1420196405444851,0.4493150684931506,36.2
SPX261120C08450000,2026-06-09 18:54:28+00:00,8450.0,31.34,31.2,32.0,-7.9000015,-20.13252,2.0,4.0,0.1513718591690063,False,REGULAR,USD,2026-11-20,7355.39013671875,0.0363499975204467,call,1.1488173765001073,0.4493150684931506,31.6
SPX261120C08500000,2026-06-09 15:51:18+00:00,8500.0,21.91,26.5,27.5,-11.119999,-33.666363,14.0,869.0,0.1503838624572754,False,REGULAR,USD,2026-11-20,7355.39013671875,0.0363499975204467,call,1.1556151124557292,0.4493150684931506,27.0
SPX261120C08525000,2026-05-29 19:36:09+00:00,8525.0,53.5,24.6,25.4,0.0,0.0,20.0,20.0,0.1498231075668334,False,REGULAR,USD,2026-11-20,7355.39013671875,0.0363499975204467,call,1.1590139804335402,0.4493150684931506,25.0
SPX261120C08550000,2026-06-08 19:33:39+00:00,8550.0,25.05,22.8,23.6,0.0,0.0,503.0,501.0,0.149510305519104,False,REGULAR,USD,2026-11-20,7355.39013671875,0.0363499975204467,call,1.1624128484113512,0.4493150684931506,23.200000000000003
SPX261120C08575000,2026-06-05 18:12:50+00:00,8575.0,21.78,21.3,22.2,-5.119999,-19.033453,4.0,141.0,0.1496361892700195,False,REGULAR,USD,2026-11-20,7355.39013671875,0.0363499975204467,call,1.165811716389162,0.4493150684931506,21.75
SPX261120C08600000,2026-06-09 14:34:00+00:00,8600.0,22.48,19.8,20.6,-2.5600014,-10.223647,8.0,2411.0,0.1493310165405273,False,REGULAR,USD,2026-11-20,7355.39013671875,0.0363499975204467,call,1.1692105843669731,0.4493150684931506,20.200000000000003
SPX261120C08650000,2026-06-08 16:46:19+00:00,8650.0,20.35,16.9,17.7,0.0,0.0,9.0,44.0,0.1487359297180175,False,REGULAR,USD,2026-11-20,7355.39013671875,0.0363499975204467,call,1.176008320322595,0.4493150684931506,17.299999999999997
SPX261120C08700000,2026-06-09 19:13:13+00:00,8700.0,14.9,14.6,15.0,-1.5500011,-9.4225,88.0,3545.0,0.1478509288024902,False,REGULAR,USD,2026-11-20,7355.39013671875,0.0363499975204467,call,1.182806056278217,0.4493150684931506,14.8
SPX261120C08800000,2026-06-09 15:49:43+00:00,8800.0,9.15,10.8,11.2,-3.75,-29.069769,5.0,1439.0,0.1474885361862182,False,REGULAR,USD,2026-11-20,7355.39013671875,0.0363499975204467,call,1.1964015281894609,0.4493150684931506,11.0
SPX261120C08900000,2026-06-09 15:25:21+00:00,8900.0,7.28,7.9,8.4,-1.2199998,-14.352939,3.0,2758.0,0.147469462890625,False,REGULAR,USD,2026-11-20,7355.39013671875,0.0363499975204467,call,1.2099970001007048,0.4493150684931506,8.15
SPX261120C09000000,2026-06-09 14:52:56+00:00,9000.0,5.8,5.9,6.4,-0.87999964,-13.173647,10.0,2347.0,0.1479806272125244,False,REGULAR,USD,2026-11-20,7355.39013671875,0.0363499975204467,call,1.2235924720119489,0.4493150684931506,6.15
SPX261120C09100000,2026-06-08 17:12:55+00:00,9100.0,5.03,4.5,5.0,0.0,0.0,2.0,68.0,0.1491097663116455,False,REGULAR,USD,2026-11-20,7355.39013671875,0.0363499975204467,call,1.2371879439231923,0.4493150684931506,4.75
SPX261120C09200000,2026-06-05 20:05:40+00:00,9200.0,3.6,3.6,4.1,0.0,0.0,44.0,1333.0,0.1512383460998535,False,REGULAR,USD,2026-11-20,7355.39013671875,0.0363499975204467,call,1.2507834158344364,0.4493150684931506,3.85
SPX261120C09400000,2026-06-09 15:22:02+00:00,9400.0,2.0,2.25,2.7,-0.5999999,-23.076921,8.0,542.0,0.1548546429443359,False,REGULAR,USD,2026-11-20,7355.39013671875,0.0363499975204467,call,1.2779743596569242,0.4493150684931506,2.475
SPXW261130C07350000,2026-06-05 16:46:19+00:00,7350.0,488.81,432.2,433.5,0.0,0.0,2.0,1.0,0.2119171750354766,True,REGULAR,USD,2026-11-30,7355.39013671875,0.0363499975204467,call,0.9992671854764248,0.4767123287671233,432.85
SPXW261130C07375000,2026-06-08 15:33:02+00:00,7375.0,456.6,412.0,413.5,0.0,0.0,24.0,23.0,0.2078345361137389,False,REGULAR,USD,2026-11-30,7355.39013671875,0.0363499975204467,call,1.0026660534542358,0.4767123287671233,412.75
SPXW261130C07380000,2026-06-09 16:20:25+00:00,7380.0,353.93,409.0,411.5,-115.51001,-24.605915,2.0,2.0,0.2079909371376037,False,REGULAR,USD,2026-11-30,7355.39013671875,0.0363499975204467,call,1.003345827049798,0.4767123287671233,410.25
SPXW261130C07390000,2026-06-08 16:28:03+00:00,7390.0,449.78,402.7,404.0,0.0,0.0,1.0,1.0,0.206566161956787,False,REGULAR,USD,2026-11-30,7355.39013671875,0.0363499975204467,call,1.0047053742409222,0.4767123287671233,403.35
SPXW261130C07440000,2026-06-08 18:49:02+00:00,7440.0,406.6,371.7,374.5,0.0,0.0,9.0,9.0,0.203112941789627,False,REGULAR,USD,2026-11-30,7355.39013671875,0.0363499975204467,call,1.0115031101965442,0.4767123287671233,373.1
SPXW261130C07500000,2026-06-08 17:06:32+00:00,7500.0,367.6,338.5,339.8,0.0,0.0,1.0,30.0,0.1986946128654479,False,REGULAR,USD,2026-11-30,7355.39013671875,0.0363499975204467,call,1.0196603933432906,0.4767123287671233,339.15
SPXW261130C07510000,2026-06-05 19:05:26+00:00,7510.0,357.0,332.3,333.5,0.0,0.0,9.0,9.0,0.1976350912952423,False,REGULAR,USD,2026-11-30,7355.39013671875,0.0363499975204467,call,1.021019940534415,0.4767123287671233,332.9
SPXW261130C07530000,2026-06-05 16:25:17+00:00,7530.0,381.5,318.0,319.5,0.0,0.0,10.0,10.0,0.1947616993141174,False,REGULAR,USD,2026-11-30,7355.39013671875,0.0363499975204467,call,1.0237390349166635,0.4767123287671233,318.75
SPXW261130C07540000,2026-06-05 20:02:36+00:00,7540.0,321.18,313.0,314.6,0.0,0.0,20.0,29.0,0.1943315964984894,False,REGULAR,USD,2026-11-30,7355.39013671875,0.0363499975204467,call,1.025098582107788,0.4767123287671233,313.8
SPXW261130C07550000,2026-06-02 19:06:15+00:00,7550.0,287.02,307.5,308.9,-171.58002,-37.41387,2.0,2.0,0.1934856958389282,False,REGULAR,USD,2026-11-30,7355.39013671875,0.0363499975204467,call,1.0264581292989126,0.4767123287671233,308.2
SPXW261130C07560000,2026-06-05 16:25:17+00:00,7560.0,363.25,301.3,303.4,0.0,0.0,10.0,10.0,0.1927170420265198,False,REGULAR,USD,2026-11-30,7355.39013671875,0.0363499975204467,call,1.0278176764900369,0.4767123287671233,302.35
SPXW261130C07600000,2026-06-08 14:59:50+00:00,7600.0,329.4,280.0,281.5,0.0,0.0,8.0,16.0,0.1894793500995636,False,REGULAR,USD,2026-11-30,7355.39013671875,0.0363499975204467,call,1.0332558652545345,0.4767123287671233,280.75
SPXW261130C07650000,2026-06-09 16:14:36+00:00,7650.0,223.8,257.0,258.5,-51.999985,-18.854239,4.0,16.0,0.18714001039505,False,REGULAR,USD,2026-11-30,7355.39013671875,0.0363499975204467,call,1.0400536012101562,0.4767123287671233,257.75
SPXW261130C07675000,2026-06-08 13:54:46+00:00,7675.0,280.8,244.0,245.5,0.0,0.0,1.0,1.0,0.1850047549533843,False,REGULAR,USD,2026-11-30,7355.39013671875,0.0363499975204467,call,1.0434524691879672,0.4767123287671233,244.75
SPXW261130C07700000,2026-06-09 17:54:10+00:00,7700.0,218.7,232.0,233.5,-146.58,-40.12812,5.0,1.0,0.183230938463211,False,REGULAR,USD,2026-11-30,7355.39013671875,0.0363499975204467,call,1.0468513371657782,0.4767123287671233,232.75
SPXW261130C07710000,2026-06-04 17:14:50+00:00,7710.0,208.69,227.3,228.7,-132.10999,-38.764668,3.0,51.0,0.1824794506168365,False,REGULAR,USD,2026-11-30,7355.39013671875,0.0363499975204467,call,1.048210884356903,0.4767123287671233,228.0
SPXW261130C07750000,2026-06-05 14:34:49+00:00,7750.0,280.91,208.0,209.5,0.0,0.0,1.0,1.0,0.1792245927238464,False,REGULAR,USD,2026-11-30,7355.39013671875,0.0363499975204467,call,1.0536490731214,0.4767123287671233,208.75
SPXW261130C07800000,2026-06-09 13:38:00+00:00,7800.0,222.08,188.6,189.7,12.619995,6.0250144,5.0,6.0,0.1768108671665191,False,REGULAR,USD,2026-11-30,7355.39013671875,0.0363499975204467,call,1.060446809077022,0.4767123287671233,189.15
SPXW261130C07825000,2026-06-08 15:48:07+00:00,7825.0,210.71,176.9,178.0,0.0,0.0,10.0,10.0,0.1743971416091919,False,REGULAR,USD,2026-11-30,7355.39013671875,0.0363499975204467,call,1.063845677054833,0.4767123287671233,177.45
SPXW261130C07850000,2026-06-09 17:22:28+00:00,7850.0,153.34,167.0,168.4,-38.660004,-20.13542,8.0,13.0,0.1729552004623413,False,REGULAR,USD,2026-11-30,7355.39013671875,0.0363499975204467,call,1.067244545032644,0.4767123287671233,167.7
SPXW261130C07875000,2026-06-08 12:53:58+00:00,7875.0,190.24,159.5,160.5,0.0,0.0,6.0,8.0,0.1723009864234924,False,REGULAR,USD,2026-11-30,7355.39013671875,0.0363499975204467,call,1.070643413010455,0.4767123287671233,160.0
SPXW261130C07900000,2026-06-05 15:36:29+00:00,7900.0,197.4,148.9,150.0,0.0,0.0,9.0,13.0,0.170020773935318,False,REGULAR,USD,2026-11-30,7355.39013671875,0.0363499975204467,call,1.074042280988266,0.4767123287671233,149.45
SPXW261130C07925000,2026-06-08 12:29:30+00:00,7925.0,170.0,141.1,142.3,0.0,0.0,4.0,4.0,0.1691662902927398,False,REGULAR,USD,2026-11-30,7355.39013671875,0.0363499975204467,call,1.077441148966077,0.4767123287671233,141.7
SPXW261130C07975000,2026-06-02 19:06:15+00:00,7975.0,113.15,125.9,127.0,-107.77,-48.782364,3.0,9.0,0.1670482008171081,False,REGULAR,USD,2026-11-30,7355.39013671875,0.0363499975204467,call,1.0842388849216988,0.4767123287671233,126.45
SPXW261130C08000000,2026-06-08 19:39:08+00:00,8000.0,128.24,118.0,119.2,0.0,0.0,8.0,22.0,0.1656463135910034,False,REGULAR,USD,2026-11-30,7355.39013671875,0.0363499975204467,call,1.0876377528995098,0.4767123287671233,118.6
SPXW261130C08025000,2026-06-08 17:22:32+00:00,8025.0,89.13,111.5,112.6,-34.65,-27.993216,8.0,18.0,0.1648175788974762,False,REGULAR,USD,2026-11-30,7355.39013671875,0.0363499975204467,call,1.0910366208773208,0.4767123287671233,112.05
SPXW261130C08050000,2026-06-05 14:22:43+00:00,8050.0,149.59,103.6,104.7,0.0,0.0,1.0,1.0,0.1629874961853027,False,REGULAR,USD,2026-11-30,7355.39013671875,0.0363499975204467,call,1.0944354888551318,0.4767123287671233,104.15
SPXW261130C08075000,2026-06-08 13:54:23+00:00,8075.0,119.1,97.2,98.4,0.0,0.0,1.0,2.0,0.1620052214622497,False,REGULAR,USD,2026-11-30,7355.39013671875,0.0363499975204467,call,1.0978343568329427,0.4767123287671233,97.8
SPXW261130C08100000,2026-06-08 18:52:05+00:00,8100.0,104.35,91.2,92.3,0.0,0.0,13.0,13.0,0.1609848001480102,False,REGULAR,USD,2026-11-30,7355.39013671875,0.0363499975204467,call,1.1012332248107537,0.4767123287671233,91.75
SPXW261130C08125000,2026-06-05 18:38:56+00:00,8125.0,99.32,86.7,87.6,0.0,0.0,17.0,17.0,0.1607664109134674,False,REGULAR,USD,2026-11-30,7355.39013671875,0.0363499975204467,call,1.104632092788565,0.4767123287671233,87.15
SPXW261130C08150000,2026-06-09 17:18:06+00:00,8150.0,70.8,80.9,81.8,-16.029999,-18.461359,12.0,11.0,0.159621059513092,False,REGULAR,USD,2026-11-30,7355.39013671875,0.0363499975204467,call,1.1080309607663756,0.4767123287671233,81.35
SPXW261130C08175000,2026-06-05 19:24:28+00:00,8175.0,81.31,75.9,76.9,0.0,0.0,2.0,22.0,0.1589525405025482,False,REGULAR,USD,2026-11-30,7355.39013671875,0.0363499975204467,call,1.1114298287441866,0.4767123287671233,76.4
SPXW261130C08275000,2026-06-08 18:09:35+00:00,8275.0,66.44,58.0,58.8,0.0,0.0,480.0,600.0,0.1557720684623718,False,REGULAR,USD,2026-11-30,7355.39013671875,0.0363499975204467,call,1.1250253006554305,0.4767123287671233,58.4
SPXW261130C08300000,2026-06-08 14:02:57+00:00,8300.0,63.9,53.9,54.7,0.0,0.0,4.0,22.0,0.1548889748764038,False,REGULAR,USD,2026-11-30,7355.39013671875,0.0363499975204467,call,1.1284241686332417,0.4767123287671233,54.3
SPXW261130C08350000,2026-06-08 13:54:05+00:00,8350.0,59.5,47.0,47.9,1.0999985,1.883559,8.0,14.0,0.153855202255249,False,REGULAR,USD,2026-11-30,7355.39013671875,0.0363499975204467,call,1.1352219045888634,0.4767123287671233,47.45
SPXW261130C08400000,2026-06-08 15:05:32+00:00,8400.0,52.3,40.3,41.1,0.0,0.0,76.0,88.0,0.1521443276405334,False,REGULAR,USD,2026-11-30,7355.39013671875,0.0363499975204467,call,1.1420196405444851,0.4767123287671233,40.7
SPXW261130C08500000,2026-06-04 13:46:13+00:00,8500.0,31.7,30.7,31.5,-20.329998,-39.07361,1.0,1.0,0.1509408026885987,False,REGULAR,USD,2026-11-30,7355.39013671875,0.0363499975204467,call,1.1556151124557292,0.4767123287671233,31.1
SPXW261130C08600000,2026-06-05 15:32:27+00:00,8600.0,33.74,23.0,23.6,0.0,0.0,2.0,2.0,0.1494187537002563,False,REGULAR,USD,2026-11-30,7355.39013671875,0.0363499975204467,call,1.1692105843669731,0.4767123287671233,23.3
SPXW261130C08700000,2026-06-09 18:39:28+00:00,8700.0,16.8,17.1,17.5,-5.450001,-24.494385,155.0,14.0,0.1480607350540161,False,REGULAR,USD,2026-11-30,7355.39013671875,0.0363499975204467,call,1.182806056278217,0.4767123287671233,17.3
SPXW261130C08800000,2026-06-09 16:17:15+00:00,8800.0,9.71,12.4,13.0,-9.03,-48.1857,10.0,6.0,0.1471757341384887,False,REGULAR,USD,2026-11-30,7355.39013671875,0.0363499975204467,call,1.1964015281894609,0.4767123287671233,12.7
SPXW261130C09000000,2026-06-05 16:17:17+00:00,9000.0,9.59,7.1,7.5,0.0,0.0,10.0,11.0,0.1473168765258789,False,REGULAR,USD,2026-11-30,7355.39013671875,0.0363499975204467,call,1.2235924720119489,0.4767123287671233,7.3
SPXW261130C09100000,2026-06-08 16:31:32+00:00,9100.0,6.6,5.4,5.8,0.0,0.0,1.0,3.0,0.1479882565307617,False,REGULAR,USD,2026-11-30,7355.39013671875,0.0363499975204467,call,1.2371879439231923,0.4767123287671233,5.6
SPXW261130C09200000,2026-06-08 19:50:53+00:00,9200.0,4.4,4.1,4.5,0.0,0.0,1.0,1.0,0.1487740763092041,False,REGULAR,USD,2026-11-30,7355.39013671875,0.0363499975204467,call,1.2507834158344364,0.4767123287671233,4.3
SPXW261130C09400000,2026-06-08 16:36:41+00:00,9400.0,3.2,2.8,3.2,0.0,0.0,25.0,25.0,0.1536339520263672,False,REGULAR,USD,2026-11-30,7355.39013671875,0.0363499975204467,call,1.2779743596569242,0.4767123287671233,3.0
SPXW261130C09800000,2026-06-08 17:08:21+00:00,9800.0,1.6,1.35,1.7,0.0,0.0,1.0,4.0,0.1631095652770996,False,REGULAR,USD,2026-11-30,7355.39013671875,0.0363499975204467,call,1.3323562473018995,0.4767123287671233,1.525
SPX261218C07300000,2026-06-09 18:27:53+00:00,7300.0,488.74,494.5,496.4,-27.97998,-5.4149213,160.0,6906.0,0.2201015261745452,True,REGULAR,USD,2026-12-18,7355.39013671875,0.0363499975204467,call,0.9924694495208028,0.5260273972602739,495.45
SPX261218C07325000,2026-06-05 16:20:23+00:00,7325.0,547.23,478.6,480.6,0.0,0.0,1.0,7601.0,0.2183477366447448,True,REGULAR,USD,2026-12-18,7355.39013671875,0.0363499975204467,call,0.9958683174986136,0.5260273972602739,479.6
SPX261218C07350000,2026-06-09 18:35:52+00:00,7350.0,462.63,459.2,461.0,-36.070007,-7.2328067,5.0,7633.0,0.2147142738342285,True,REGULAR,USD,2026-12-18,7355.39013671875,0.0363499975204467,call,0.9992671854764248,0.5260273972602739,460.1
SPX261218C07375000,2026-06-08 16:02:26+00:00,7375.0,442.69,445.9,447.8,-46.950012,-9.588679,7.0,851.0,0.2139971179199218,False,REGULAR,USD,2026-12-18,7355.39013671875,0.0363499975204467,call,1.0026660534542358,0.5260273972602739,446.85
SPX261218C07400000,2026-06-09 19:13:04+00:00,7400.0,430.03,426.4,428.4,-39.79001,-8.469203,469.0,15485.0,0.2102740106201172,False,REGULAR,USD,2026-12-18,7355.39013671875,0.0363499975204467,call,1.0060649214320467,0.5260273972602739,427.4
SPX261218C07425000,2026-06-08 19:31:58+00:00,7425.0,393.93,414.3,416.3,-44.170013,-10.082176,125.0,1728.0,0.2098753787422179,False,REGULAR,USD,2026-12-18,7355.39013671875,0.0363499975204467,call,1.0094637894098577,0.5260273972602739,415.3
SPX261218C07450000,2026-06-08 19:35:36+00:00,7450.0,383.67,395.8,397.6,-35.25,-8.4144945,871.0,5627.0,0.2062819698524474,False,REGULAR,USD,2026-12-18,7355.39013671875,0.0363499975204467,call,1.012862657387669,0.5260273972602739,396.7000000000001
SPX261218C07475000,2026-06-09 18:35:53+00:00,7475.0,383.8,380.5,382.5,-18.120026,-4.508366,12.0,1239.0,0.2042716444969177,False,REGULAR,USD,2026-12-18,7355.39013671875,0.0363499975204467,call,1.0162615253654796,0.5260273972602739,381.5
SPX261218C07500000,2026-06-09 19:14:25+00:00,7500.0,367.84,365.7,367.5,-17.779999,-4.6107564,521.0,24056.0,0.2022021919250488,False,REGULAR,USD,2026-12-18,7355.39013671875,0.0363499975204467,call,1.0196603933432906,0.5260273972602739,366.6
SPX261218C07525000,2026-06-09 18:55:03+00:00,7525.0,353.9,353.2,355.0,-30.649994,-7.970354,9.0,1072.0,0.2011975060796737,False,REGULAR,USD,2026-12-18,7355.39013671875,0.0363499975204467,call,1.0230592613211016,0.5260273972602739,354.1
SPX261218C07550000,2026-06-09 18:45:30+00:00,7550.0,335.4,338.7,340.5,-54.899994,-14.066102,19.0,5301.0,0.1991428353118896,False,REGULAR,USD,2026-12-18,7355.39013671875,0.0363499975204467,call,1.0264581292989126,0.5260273972602739,339.6
SPX261218C07575000,2026-06-09 17:47:47+00:00,7575.0,332.98,325.7,327.5,-14.069977,-4.0541644,6.0,2172.0,0.1976818208694458,False,REGULAR,USD,2026-12-18,7355.39013671875,0.0363499975204467,call,1.0298569972767233,0.5260273972602739,326.6
SPX261218C07600000,2026-06-09 17:47:47+00:00,7600.0,310.0,309.5,311.2,-18.079987,-5.510847,255.0,16643.0,0.1945414027500152,False,REGULAR,USD,2026-12-18,7355.39013671875,0.0363499975204467,call,1.0332558652545345,0.5260273972602739,310.35
SPX261218C07625000,2026-06-09 16:26:43+00:00,7625.0,261.1,296.6,298.6,-63.139984,-19.473227,4.0,2176.0,0.1930336587333679,False,REGULAR,USD,2026-12-18,7355.39013671875,0.0363499975204467,call,1.0366547332323452,0.5260273972602739,297.6
SPX261218C07650000,2026-06-09 18:02:44+00:00,7650.0,274.4,284.2,286.1,-39.950012,-12.708768,618.0,4360.0,0.1914543898582458,False,REGULAR,USD,2026-12-18,7355.39013671875,0.0363499975204467,call,1.0400536012101562,0.5260273972602739,285.15
SPX261218C07675000,2026-06-09 14:40:35+00:00,7675.0,296.8,271.1,272.9,-12.0,-3.8860104,2.0,4046.0,0.1894145008945465,False,REGULAR,USD,2026-12-18,7355.39013671875,0.0363499975204467,call,1.0434524691879672,0.5260273972602739,272.0
SPX261218C07700000,2026-06-09 18:49:45+00:00,7700.0,258.7,260.8,262.5,-19.299988,-6.9424415,163.0,12399.0,0.1886019785022735,False,REGULAR,USD,2026-12-18,7355.39013671875,0.0363499975204467,call,1.0468513371657782,0.5260273972602739,261.65
SPX261218C07725000,2026-06-09 14:22:09+00:00,7725.0,244.6,248.8,250.4,-38.5,-13.599435,13.0,2157.0,0.1868405596542358,False,REGULAR,USD,2026-12-18,7355.39013671875,0.0363499975204467,call,1.0502502051435891,0.5260273972602739,249.6
SPX261218C07750000,2026-06-09 18:04:03+00:00,7750.0,224.6,237.6,239.2,-54.399994,-19.498205,5.0,6544.0,0.1853909891891479,False,REGULAR,USD,2026-12-18,7355.39013671875,0.0363499975204467,call,1.0536490731214,0.5260273972602739,238.4
SPX261218C07775000,2026-06-08 19:37:52+00:00,7775.0,241.4,224.1,225.7,0.0,0.0,69.0,1234.0,0.1826635079193115,False,REGULAR,USD,2026-12-18,7355.39013671875,0.0363499975204467,call,1.057047941099211,0.5260273972602739,224.9
SPX261218C07800000,2026-06-09 18:53:14+00:00,7800.0,216.34,212.9,214.6,-11.860001,-5.1971955,394.0,18233.0,0.1809841042423248,False,REGULAR,USD,2026-12-18,7355.39013671875,0.0363499975204467,call,1.060446809077022,0.5260273972602739,213.75
SPX261218C07825000,2026-06-09 16:44:41+00:00,7825.0,164.7,204.1,205.6,-62.930008,-27.645744,12.0,3141.0,0.1802297554016113,False,REGULAR,USD,2026-12-18,7355.39013671875,0.0363499975204467,call,1.063845677054833,0.5260273972602739,204.85
SPX261218C07850000,2026-06-09 17:56:32+00:00,7850.0,184.9,192.4,194.0,-38.40001,-17.1966,5.0,3724.0,0.1780134384536743,False,REGULAR,USD,2026-12-18,7355.39013671875,0.0363499975204467,call,1.067244545032644,0.5260273972602739,193.2
SPX261218C07875000,2026-06-09 14:30:23+00:00,7875.0,201.2,184.6,186.2,-4.699997,-2.28266,22.0,915.0,0.1776167139053344,False,REGULAR,USD,2026-12-18,7355.39013671875,0.0363499975204467,call,1.070643413010455,0.5260273972602739,185.4
SPX261218C07900000,2026-06-09 18:02:30+00:00,7900.0,166.5,174.6,176.1,-36.009995,-17.781836,1420.0,16775.0,0.1758867659950256,False,REGULAR,USD,2026-12-18,7355.39013671875,0.0363499975204467,call,1.074042280988266,0.5260273972602739,175.35
SPX261218C07925000,2026-06-09 14:43:20+00:00,7925.0,180.37,166.4,167.8,4.169998,2.366628,8.0,1049.0,0.1749655258178711,False,REGULAR,USD,2026-12-18,7355.39013671875,0.0363499975204467,call,1.077441148966077,0.5260273972602739,167.10000000000002
SPX261218C07950000,2026-06-09 14:29:34+00:00,7950.0,149.1,156.3,157.9,-21.699997,-12.704916,25.0,2413.0,0.1730362619686126,False,REGULAR,USD,2026-12-18,7355.39013671875,0.0363499975204467,call,1.080840016943888,0.5260273972602739,157.10000000000002
SPX261218C07975000,2026-06-09 13:58:26+00:00,7975.0,178.06,147.2,148.7,17.259995,10.733828,1.0,508.0,0.1713244336891174,False,REGULAR,USD,2026-12-18,7355.39013671875,0.0363499975204467,call,1.0842388849216988,0.5260273972602739,147.95
SPX261218C08000000,2026-06-09 18:12:36+00:00,8000.0,133.83,140.9,142.3,-15.569992,-10.421682,1170.0,51564.0,0.1710278439426422,False,REGULAR,USD,2026-12-18,7355.39013671875,0.0363499975204467,call,1.0876377528995098,0.5260273972602739,141.60000000000002
SPX261218C08025000,2026-06-09 13:48:55+00:00,8025.0,165.65,132.8,134.1,9.919998,6.3699985,1.0,274.0,0.1695763661479949,False,REGULAR,USD,2026-12-18,7355.39013671875,0.0363499975204467,call,1.0910366208773208,0.5260273972602739,133.45
SPX261218C08050000,2026-06-09 16:56:29+00:00,8050.0,118.8,125.5,126.8,-16.729996,-12.344127,154.0,1544.0,0.1684901419639587,False,REGULAR,USD,2026-12-18,7355.39013671875,0.0363499975204467,call,1.0944354888551318,0.5260273972602739,126.15
SPX261218C08075000,2026-06-09 18:43:25+00:00,8075.0,117.45,119.0,120.3,-12.290009,-9.472798,6.0,425.0,0.1677310247993469,False,REGULAR,USD,2026-12-18,7355.39013671875,0.0363499975204467,call,1.0978343568329427,0.5260273972602739,119.65
SPX261218C08100000,2026-06-09 18:04:42+00:00,8100.0,104.6,111.2,112.2,-28.099998,-21.175583,18.0,7836.0,0.1658503978538513,False,REGULAR,USD,2026-12-18,7355.39013671875,0.0363499975204467,call,1.1012332248107537,0.5260273972602739,111.7
SPX261218C08125000,2026-06-08 18:40:35+00:00,8125.0,114.62,105.4,106.6,-5.4300003,-4.523115,1.0,940.0,0.1653459091854096,False,REGULAR,USD,2026-12-18,7355.39013671875,0.0363499975204467,call,1.104632092788565,0.5260273972602739,106.0
SPX261218C08150000,2026-06-09 17:23:17+00:00,8150.0,88.83,99.5,100.8,-16.5,-15.665052,14.0,3640.0,0.1645820236968994,False,REGULAR,USD,2026-12-18,7355.39013671875,0.0363499975204467,call,1.1080309607663756,0.5260273972602739,100.15
SPX261218C08175000,2026-06-08 18:40:35+00:00,8175.0,75.54,93.8,95.0,-31.349998,-29.329214,7.0,1046.0,0.1636712738323212,False,REGULAR,USD,2026-12-18,7355.39013671875,0.0363499975204467,call,1.1114298287441866,0.5260273972602739,94.4
SPX261218C08200000,2026-06-09 16:34:51+00:00,8200.0,72.0,88.0,89.2,-23.18,-24.353855,1353.0,12382.0,0.1626069839382171,False,REGULAR,USD,2026-12-18,7355.39013671875,0.0363499975204467,call,1.1148286967219976,0.5260273972602739,88.6
SPX261218C08225000,2026-06-09 18:26:36+00:00,8225.0,80.1,83.3,84.4,-13.099998,-14.055793,41.0,637.0,0.1620719779968261,False,REGULAR,USD,2026-12-18,7355.39013671875,0.0363499975204467,call,1.1182275646998086,0.5260273972602739,83.85
SPX261218C08250000,2026-06-09 16:56:02+00:00,8250.0,61.5,77.2,78.3,-27.989998,-31.277235,40.0,5669.0,0.1604698211669922,False,REGULAR,USD,2026-12-18,7355.39013671875,0.0363499975204467,call,1.1216264326776195,0.5260273972602739,77.75
SPX261218C08275000,2026-06-09 14:05:23+00:00,8275.0,59.76,73.4,74.5,-23.259998,-28.017344,55.0,396.0,0.1603620570468902,False,REGULAR,USD,2026-12-18,7355.39013671875,0.0363499975204467,call,1.1250253006554305,0.5260273972602739,73.95
SPX261218C08300000,2026-06-09 18:33:31+00:00,8300.0,70.35,68.0,69.2,-3.7700043,-5.086352,491.0,8328.0,0.1590002237415314,False,REGULAR,USD,2026-12-18,7355.39013671875,0.0363499975204467,call,1.1284241686332417,0.5260273972602739,68.6
SPX261218C08325000,2026-06-09 18:58:11+00:00,8325.0,66.05,64.8,65.9,-22.809998,-25.66959,12.0,1523.0,0.159012621383667,False,REGULAR,USD,2026-12-18,7355.39013671875,0.0363499975204467,call,1.1318230366110524,0.5260273972602739,65.35
SPX261218C08350000,2026-06-09 17:29:20+00:00,8350.0,54.26,60.7,61.7,-10.0700035,-15.6536665,10.0,2789.0,0.1581905623435974,False,REGULAR,USD,2026-12-18,7355.39013671875,0.0363499975204467,call,1.1352219045888634,0.5260273972602739,61.2
SPX261218C08375000,2026-06-09 16:40:23+00:00,8375.0,41.47,56.1,57.3,-24.529999,-37.166668,2.0,106.0,0.1570385352897644,False,REGULAR,USD,2026-12-18,7355.39013671875,0.0363499975204467,call,1.1386207725666744,0.5260273972602739,56.7
SPX261218C08400000,2026-06-09 14:08:23+00:00,8400.0,63.38,53.3,54.4,3.2200012,5.3523955,10.0,13661.0,0.1569965740394592,False,REGULAR,USD,2026-12-18,7355.39013671875,0.0363499975204467,call,1.1420196405444851,0.5260273972602739,53.85
SPX261218C08425000,2026-06-09 14:44:36+00:00,8425.0,53.0,49.5,50.6,-20.599998,-27.989128,5.0,15.0,0.1560390946006775,False,REGULAR,USD,2026-12-18,7355.39013671875,0.0363499975204467,call,1.1454185085222963,0.5260273972602739,50.05
SPX261218C08450000,2026-06-09 16:30:44+00:00,8450.0,43.0,46.7,47.7,-9.939999,-18.77597,220.0,2610.0,0.1557396438598632,False,REGULAR,USD,2026-12-18,7355.39013671875,0.0363499975204467,call,1.1488173765001073,0.5260273972602739,47.2
SPX261218C08475000,2026-06-09 16:10:59+00:00,8475.0,35.26,43.6,44.9,-14.34,-28.911291,15.0,19.0,0.1554058611869812,False,REGULAR,USD,2026-12-18,7355.39013671875,0.0363499975204467,call,1.1522162444779185,0.5260273972602739,44.25
SPX261218C08500000,2026-06-09 17:22:59+00:00,8500.0,36.47,41.0,41.8,-11.099998,-23.334032,333.0,12203.0,0.1546410220336914,False,REGULAR,USD,2026-12-18,7355.39013671875,0.0363499975204467,call,1.1556151124557292,0.5260273972602739,41.4
SPX261218C08525000,2026-06-05 16:36:57+00:00,8525.0,50.6,38.2,39.2,0.0,0.0,12.0,62.0,0.1542252241897583,False,REGULAR,USD,2026-12-18,7355.39013671875,0.0363499975204467,call,1.1590139804335402,0.5260273972602739,38.7
SPX261218C08550000,2026-06-09 16:30:44+00:00,8550.0,27.76,35.6,36.3,-14.890001,-34.912075,27.0,3388.0,0.1533478525924682,False,REGULAR,USD,2026-12-18,7355.39013671875,0.0363499975204467,call,1.1624128484113512,0.5260273972602739,35.95
SPX261218C08575000,2026-06-09 16:10:59+00:00,8575.0,26.92,33.6,36.4,-17.679998,-39.641254,16.0,40.0,0.1556156674385071,False,REGULAR,USD,2026-12-18,7355.39013671875,0.0363499975204467,call,1.165811716389162,0.5260273972602739,35.0
SPX261218C08600000,2026-06-09 16:35:12+00:00,8600.0,25.0,30.9,31.9,-11.700001,-31.880112,50.0,8596.0,0.1526764725875855,False,REGULAR,USD,2026-12-18,7355.39013671875,0.0363499975204467,call,1.1692105843669731,0.5260273972602739,31.4
SPX261218C08650000,2026-06-09 16:16:54+00:00,8650.0,21.1,27.4,28.2,-10.52,-33.27008,261.0,340.0,0.1523236166191101,False,REGULAR,USD,2026-12-18,7355.39013671875,0.0363499975204467,call,1.176008320322595,0.5260273972602739,27.8
SPX261218C08700000,2026-06-09 16:46:38+00:00,8700.0,18.14,23.9,24.6,-8.860001,-32.814816,371.0,5935.0,0.1516007387161255,False,REGULAR,USD,2026-12-18,7355.39013671875,0.0363499975204467,call,1.182806056278217,0.5260273972602739,24.25
SPX261218C08800000,2026-06-09 17:15:44+00:00,8800.0,14.5,17.8,18.7,-6.3500004,-30.455637,98.0,18832.0,0.1504353603553772,False,REGULAR,USD,2026-12-18,7355.39013671875,0.0363499975204467,call,1.1964015281894609,0.5260273972602739,18.25
SPX261218C08900000,2026-06-09 19:14:17+00:00,8900.0,14.0,13.7,14.1,-0.5500002,-3.78007,185.0,2286.0,0.1493882364273071,False,REGULAR,USD,2026-12-18,7355.39013671875,0.0363499975204467,call,1.2099970001007048,0.5260273972602739,13.9
SPX261218C09000000,2026-06-09 17:34:10+00:00,9000.0,9.0,10.4,11.0,-2.75,-23.404255,837.0,40323.0,0.1495293788146973,False,REGULAR,USD,2026-12-18,7355.39013671875,0.0363499975204467,call,1.2235924720119489,0.5260273972602739,10.7
SPX261218C09100000,2026-06-09 16:35:12+00:00,9100.0,6.4,8.0,8.5,-3.1,-32.63158,101.0,4677.0,0.1495522667694092,False,REGULAR,USD,2026-12-18,7355.39013671875,0.0363499975204467,call,1.2371879439231923,0.5260273972602739,8.25
SPX261218C09200000,2026-06-09 18:03:02+00:00,9200.0,5.6,6.1,6.6,-1.1700001,-17.282127,3021.0,28406.0,0.1498116635894775,False,REGULAR,USD,2026-12-18,7355.39013671875,0.0363499975204467,call,1.2507834158344364,0.5260273972602739,6.35
SPX261218C09300000,2026-06-09 14:55:31+00:00,9300.0,4.79,4.8,5.3,-0.42999983,-8.237545,2.0,205.0,0.1508721388244629,False,REGULAR,USD,2026-12-18,7355.39013671875,0.0363499975204467,call,1.2643788877456803,0.5260273972602739,5.05
SPX261218C09400000,2026-06-09 18:45:00+00:00,9400.0,3.9,3.9,4.3,-0.5999999,-13.483145,405.0,6714.0,0.1521386056518555,False,REGULAR,USD,2026-12-18,7355.39013671875,0.0363499975204467,call,1.2779743596569242,0.5260273972602739,4.1
SPX261218C09600000,2026-06-09 15:46:10+00:00,9600.0,2.31,2.6,3.0,-0.51,-18.085106,22.0,4298.0,0.1557167559051513,False,REGULAR,USD,2026-12-18,7355.39013671875,0.0363499975204467,call,1.305165303479412,0.5260273972602739,2.8
SPX261218C09800000,2026-06-09 14:55:31+00:00,9800.0,1.79,1.8,2.25,-0.18000007,-9.137059,2.0,1100.0,0.1603782693481445,False,REGULAR,USD,2026-12-18,7355.39013671875,0.0363499975204467,call,1.3323562473018995,0.5260273972602739,2.025
SPX261218C10000000,2026-06-05 19:16:25+00:00,10000.0,1.3,1.3,1.65,0.0,0.0,5.0,34250.0,0.1642844802856445,False,REGULAR,USD,2026-12-18,7355.39013671875,0.0363499975204467,call,1.3595471911243873,0.5260273972602739,1.475
SPXW261231C07285000,2026-04-27 18:32:02+00:00,7285.0,430.0,543.2,546.1,0.0,0.0,8.0,40.0,0.2324419484233856,True,REGULAR,USD,2026-12-31,7355.39013671875,0.0363499975204467,call,0.9904301287341162,0.5616438356164384,544.6500000000001
SPXW261231C07290000,2026-05-11 16:47:53+00:00,7290.0,585.38,520.8,522.4,0.0,0.0,25.0,207.0,0.2227031236934661,True,REGULAR,USD,2026-12-31,7355.39013671875,0.0363499975204467,call,0.9911099023296784,0.5616438356164384,521.5999999999999
SPXW261231C07295000,2026-06-08 14:56:58+00:00,7295.0,573.14,517.8,519.6,0.0,0.0,2.0,31.0,0.2225371860218047,True,REGULAR,USD,2026-12-31,7355.39013671875,0.0363499975204467,call,0.9917896759252406,0.5616438356164384,518.7
SPXW261231C07300000,2026-06-08 14:57:01+00:00,7300.0,569.76,511.8,513.3,0.0,0.0,2.0,547.0,0.2207671841907501,True,REGULAR,USD,2026-12-31,7355.39013671875,0.0363499975204467,call,0.9924694495208028,0.5616438356164384,512.55
SPXW261231C07305000,2026-05-21 18:41:00+00:00,7305.0,577.66,510.6,512.1,0.0,0.0,5.0,92.0,0.2213260317516326,True,REGULAR,USD,2026-12-31,7355.39013671875,0.0363499975204467,call,0.993149223116365,0.5616438356164384,511.35
SPXW261231C07310000,2026-05-06 14:36:06+00:00,7310.0,506.5,525.6,528.9,0.0,0.0,4.0,99.0,0.2301073770427703,True,REGULAR,USD,2026-12-31,7355.39013671875,0.0363499975204467,call,0.9938289967119271,0.5616438356164384,527.25
SPXW261231C07315000,2026-06-03 19:44:12+00:00,7315.0,648.7,504.0,505.5,0.0,0.0,10.0,25.0,0.2205144630241393,True,REGULAR,USD,2026-12-31,7355.39013671875,0.0363499975204467,call,0.9945087703074892,0.5616438356164384,504.75
SPXW261231C07320000,2026-06-09 18:10:45+00:00,7320.0,486.58,498.9,500.5,-34.329987,-6.5903873,1.0,48.0,0.2193271503734588,True,REGULAR,USD,2026-12-31,7355.39013671875,0.0363499975204467,call,0.9951885439030516,0.5616438356164384,499.7
SPXW261231C07325000,2026-06-05 09:34:39+00:00,7325.0,627.34,495.0,496.8,0.0,0.0,1.0,35.0,0.2187301562213897,True,REGULAR,USD,2026-12-31,7355.39013671875,0.0363499975204467,call,0.9958683174986136,0.5616438356164384,495.9
SPXW261231C07330000,2026-05-29 17:53:13+00:00,7330.0,637.8,493.6,495.0,0.0,0.0,4.0,30.0,0.2189971823596954,True,REGULAR,USD,2026-12-31,7355.39013671875,0.0363499975204467,call,0.996548091094176,0.5616438356164384,494.3
SPXW261231C07335000,2026-05-19 14:45:13+00:00,7335.0,490.53,491.6,492.9,0.0,0.0,2.0,13.0,0.2191230661106109,True,REGULAR,USD,2026-12-31,7355.39013671875,0.0363499975204467,call,0.997227864689738,0.5616438356164384,492.25
SPXW261231C07340000,2026-05-19 14:45:13+00:00,7340.0,487.23,484.8,488.2,0.0,0.0,2.0,7.0,0.2180606835460662,True,REGULAR,USD,2026-12-31,7355.39013671875,0.0363499975204467,call,0.9979076382853004,0.5616438356164384,486.5
SPXW261231C07345000,2026-05-08 14:32:51+00:00,7345.0,526.3,502.2,505.1,0.0,0.0,5.0,46.0,0.2268343995189666,True,REGULAR,USD,2026-12-31,7355.39013671875,0.0363499975204467,call,0.9985874118808624,0.5616438356164384,503.65
SPXW261231C07350000,2026-06-04 16:14:54+00:00,7350.0,443.15,478.2,480.0,-183.47,-29.279308,5.0,222.0,0.2164728316879272,True,REGULAR,USD,2026-12-31,7355.39013671875,0.0363499975204467,call,0.9992671854764248,0.5616438356164384,479.1
SPXW261231C07355000,2026-06-05 19:47:02+00:00,7355.0,439.95,477.6,479.4,-64.94998,-12.86393,5.0,705.0,0.2172672344493866,True,REGULAR,USD,2026-12-31,7355.39013671875,0.0363499975204467,call,0.9999469590719868,0.5616438356164384,478.5
SPXW261231C07360000,2026-05-21 14:50:46+00:00,7360.0,506.89,474.6,476.4,0.0,0.0,1.0,26.0,0.2169649227142333,False,REGULAR,USD,2026-12-31,7355.39013671875,0.0363499975204467,call,1.000626732667549,0.5616438356164384,475.5
SPXW261231C07365000,2026-05-06 15:18:10+00:00,7365.0,478.15,488.8,491.8,0.0,0.0,1.0,9.0,0.2250291120910644,False,REGULAR,USD,2026-12-31,7355.39013671875,0.0363499975204467,call,1.0013065062631112,0.5616438356164384,490.3
SPXW261231C07370000,2026-05-22 19:57:13+00:00,7370.0,549.0,466.6,468.0,0.0,0.0,10.0,31.0,0.2152588164234161,False,REGULAR,USD,2026-12-31,7355.39013671875,0.0363499975204467,call,1.0019862798586734,0.5616438356164384,467.3
SPXW261231C07375000,2026-05-08 16:10:22+00:00,7375.0,509.1,482.2,485.1,0.0,0.0,2.0,11.0,0.2240840302944182,False,REGULAR,USD,2026-12-31,7355.39013671875,0.0363499975204467,call,1.0026660534542358,0.5616438356164384,483.65
SPXW261231C07385000,2026-03-20 10:10:37+00:00,7385.0,151.4,314.6,318.1,0.0,0.0,12.0,12.0,0.1503495305252075,False,REGULAR,USD,2026-12-31,7355.39013671875,0.0363499975204467,call,1.00402560064536,0.5616438356164384,316.35
SPXW261231C07395000,2026-06-09 17:19:28+00:00,7395.0,421.62,452.5,454.3,-64.380005,-13.246915,1.0,21.0,0.2142517464160919,False,REGULAR,USD,2026-12-31,7355.39013671875,0.0363499975204467,call,1.0053851478364844,0.5616438356164384,453.4
SPXW261231C07400000,2026-06-08 16:38:41+00:00,7400.0,486.83,445.8,447.6,0.0,0.0,205.0,907.0,0.2122409442281723,False,REGULAR,USD,2026-12-31,7355.39013671875,0.0363499975204467,call,1.0060649214320467,0.5616438356164384,446.7000000000001
SPXW261231C07405000,2026-05-21 18:33:38+00:00,7405.0,508.88,441.9,445.2,0.0,0.0,1.0,33.0,0.212179432849884,False,REGULAR,USD,2026-12-31,7355.39013671875,0.0363499975204467,call,1.0067446950276089,0.5616438356164384,443.55
SPXW261231C07410000,2026-05-18 13:39:27+00:00,7410.0,488.33,443.2,444.5,0.0,0.0,1.0,63.0,0.2128851447868347,False,REGULAR,USD,2026-12-31,7355.39013671875,0.0363499975204467,call,1.007424468623171,0.5616438356164384,443.85
SPXW261231C07415000,2026-06-05 20:01:06+00:00,7415.0,455.1,437.2,438.9,0.0,0.0,1.0,13.0,0.211364049463272,False,REGULAR,USD,2026-12-31,7355.39013671875,0.0363499975204467,call,1.0081042422187332,0.5616438356164384,438.05
SPXW261231C07420000,2026-06-05 15:54:01+00:00,7420.0,511.23,435.7,437.4,0.0,0.0,2.0,40.0,0.2116997394657134,False,REGULAR,USD,2026-12-31,7355.39013671875,0.0363499975204467,call,1.008784015814295,0.5616438356164384,436.55
SPXW261231C07425000,2026-06-05 20:04:05+00:00,7425.0,393.0,430.2,432.0,-46.339996,-10.547639,2.0,123.0,0.2102616129779815,False,REGULAR,USD,2026-12-31,7355.39013671875,0.0363499975204467,call,1.0094637894098577,0.5616438356164384,431.1
SPXW261231C07430000,2026-06-05 16:30:44+00:00,7430.0,492.13,429.6,431.4,0.0,0.0,1.0,17.0,0.2109978421878814,False,REGULAR,USD,2026-12-31,7355.39013671875,0.0363499975204467,call,1.01014356300542,0.5616438356164384,430.5
SPXW261231C07435000,2026-06-05 18:36:32+00:00,7435.0,464.26,427.8,429.3,0.0,0.0,1.0,18.0,0.2110493400859832,False,REGULAR,USD,2026-12-31,7355.39013671875,0.0363499975204467,call,1.010823336600982,0.5616438356164384,428.55
SPXW261231C07440000,2026-06-05 16:30:44+00:00,7440.0,485.57,424.8,426.1,0.0,0.0,1.0,12.0,0.2105987334775924,False,REGULAR,USD,2026-12-31,7355.39013671875,0.0363499975204467,call,1.0115031101965442,0.5616438356164384,425.4500000000001
SPXW261231C07445000,2026-05-22 14:24:00+00:00,7445.0,490.7,418.2,419.5,0.0,0.0,1.0,18.0,0.2086022362613677,False,REGULAR,USD,2026-12-31,7355.39013671875,0.0363499975204467,call,1.0121828837921063,0.5616438356164384,418.85
SPXW261231C07450000,2026-06-09 13:32:54+00:00,7450.0,419.6,417.5,418.8,-5.3399963,-1.2566471,5.0,2525.0,0.2092774309253692,False,REGULAR,USD,2026-12-31,7355.39013671875,0.0363499975204467,call,1.012862657387669,0.5616438356164384,418.15
SPXW261231C07455000,2026-05-14 14:00:47+00:00,7455.0,515.0,411.6,413.4,0.0,0.0,1.0,5.0,0.207817370147705,False,REGULAR,USD,2026-12-31,7355.39013671875,0.0363499975204467,call,1.0135424309832308,0.5616438356164384,412.5
SPXW261231C07460000,2026-06-04 19:44:56+00:00,7460.0,560.75,411.1,412.8,0.0,0.0,6000.0,2293.0,0.208530711402893,False,REGULAR,USD,2026-12-31,7355.39013671875,0.0363499975204467,call,1.014222204578793,0.5616438356164384,411.9500000000001
SPXW261231C07465000,2026-05-26 14:07:36+00:00,7465.0,520.1,406.8,411.3,0.0,0.0,2.0,12.0,0.2088315926408767,False,REGULAR,USD,2026-12-31,7355.39013671875,0.0363499975204467,call,1.0149019781743551,0.5616438356164384,409.05
SPXW261231C07470000,2026-04-16 13:59:53+00:00,7470.0,247.14,421.1,424.1,0.0,0.0,2.0,95.0,0.2156154870510101,False,REGULAR,USD,2026-12-31,7355.39013671875,0.0363499975204467,call,1.0155817517699173,0.5616438356164384,422.6
SPXW261231C07475000,2026-06-05 19:44:02+00:00,7475.0,360.0,399.8,401.4,-61.079987,-14.505554,2.0,343.0,0.2062924601650237,False,REGULAR,USD,2026-12-31,7355.39013671875,0.0363499975204467,call,1.0162615253654796,0.5616438356164384,400.6
SPXW261231C07480000,2026-06-01 19:16:14+00:00,7480.0,558.04,399.0,400.8,0.0,0.0,50.0,31.0,0.2069905427837371,False,REGULAR,USD,2026-12-31,7355.39013671875,0.0363499975204467,call,1.0169412989610418,0.5616438356164384,399.9
SPXW261231C07490000,2026-06-09 18:13:59+00:00,7490.0,379.09,390.7,393.0,-144.61002,-27.61314,30.0,817.0,0.2053798029708862,False,REGULAR,USD,2026-12-31,7355.39013671875,0.0363499975204467,call,1.018300846152166,0.5616438356164384,391.85
SPXW261231C07500000,2026-06-08 19:26:51+00:00,7500.0,374.44,387.6,389.1,-29.480011,-7.298477,33.0,1185.0,0.2055228526878356,False,REGULAR,USD,2026-12-31,7355.39013671875,0.0363499975204467,call,1.0196603933432906,0.5616438356164384,388.35
SPXW261231C07510000,2026-06-05 16:02:54+00:00,7510.0,449.68,378.8,382.2,0.0,0.0,1.0,169.0,0.2042888104629516,False,REGULAR,USD,2026-12-31,7355.39013671875,0.0363499975204467,call,1.021019940534415,0.5616438356164384,380.5
SPXW261231C07520000,2026-06-08 14:36:39+00:00,7520.0,400.96,373.2,375.6,-19.74002,-4.6921844,32.0,30.0,0.2031739763355255,False,REGULAR,USD,2026-12-31,7355.39013671875,0.0363499975204467,call,1.0223794877255392,0.5616438356164384,374.4
SPXW261231C07525000,2026-06-09 18:18:24+00:00,7525.0,360.6,372.7,374.4,-26.699982,-6.893876,50.0,110.0,0.2035649788951873,False,REGULAR,USD,2026-12-31,7355.39013671875,0.0363499975204467,call,1.0230592613211016,0.5616438356164384,373.55
SPXW261231C07530000,2026-06-05 16:26:58+00:00,7530.0,433.06,367.2,369.0,0.0,0.0,1.0,40.0,0.2020419762420654,False,REGULAR,USD,2026-12-31,7355.39013671875,0.0363499975204467,call,1.0237390349166635,0.5616438356164384,368.1
SPXW261231C07540000,2026-06-08 14:17:06+00:00,7540.0,394.4,361.8,363.6,0.0,0.0,8.0,29.0,0.201440213766098,False,REGULAR,USD,2026-12-31,7355.39013671875,0.0363499975204467,call,1.025098582107788,0.5616438356164384,362.7000000000001
SPXW261231C07550000,2026-06-09 18:13:59+00:00,7550.0,345.82,356.2,357.5,-46.45999,-11.843578,92.0,496.0,0.2005018076229095,False,REGULAR,USD,2026-12-31,7355.39013671875,0.0363499975204467,call,1.0264581292989126,0.5616438356164384,356.85
SPXW261231C07560000,2026-04-30 15:00:24+00:00,7560.0,260.59,366.9,370.0,0.0,0.0,6.0,16.0,0.2080271763992309,False,REGULAR,USD,2026-12-31,7355.39013671875,0.0363499975204467,call,1.0278176764900369,0.5616438356164384,368.45
SPXW261231C07570000,2026-06-08 16:38:57+00:00,7570.0,379.34,344.4,345.9,0.0,0.0,1.0,19.0,0.1988481528949737,False,REGULAR,USD,2026-12-31,7355.39013671875,0.0363499975204467,call,1.0291772236811612,0.5616438356164384,345.15
SPXW261231C07575000,2026-06-09 18:18:24+00:00,7575.0,332.57,344.4,345.9,-16.720001,-4.786854,50.0,88.0,0.1997493661117553,False,REGULAR,USD,2026-12-31,7355.39013671875,0.0363499975204467,call,1.0298569972767233,0.5616438356164384,345.15
SPXW261231C07580000,2026-06-01 16:53:11+00:00,7580.0,477.1,341.4,343.1,0.0,0.0,1.0,45.0,0.1993669465351104,False,REGULAR,USD,2026-12-31,7355.39013671875,0.0363499975204467,call,1.0305367708722857,0.5616438356164384,342.25
SPXW261231C07590000,2026-06-05 20:01:50+00:00,7590.0,343.95,336.2,337.4,0.0,0.0,4.0,178.0,0.198544410662651,False,REGULAR,USD,2026-12-31,7355.39013671875,0.0363499975204467,call,1.03189631806341,0.5616438356164384,336.79999999999995
SPXW261231C07600000,2026-06-08 15:07:44+00:00,7600.0,288.6,328.8,330.8,-92.149994,-24.20223,3.0,503.0,0.1972917719745636,False,REGULAR,USD,2026-12-31,7355.39013671875,0.0363499975204467,call,1.0332558652545345,0.5616438356164384,329.8
SPXW261231C07610000,2026-06-09 18:28:44+00:00,7610.0,320.96,322.7,324.0,-16.619995,-4.9232764,4.0,13.0,0.1959270776748657,False,REGULAR,USD,2026-12-31,7355.39013671875,0.0363499975204467,call,1.0346154124456588,0.5616438356164384,323.35
SPXW261231C07620000,2026-06-02 17:17:37+00:00,7620.0,465.4,316.9,318.5,0.0,0.0,2.0,17.0,0.1951412578964233,False,REGULAR,USD,2026-12-31,7355.39013671875,0.0363499975204467,call,1.035974959636783,0.5616438356164384,317.7
SPXW261231C07625000,2026-06-09 15:28:43+00:00,7625.0,294.08,315.6,317.8,-145.18002,-33.051044,4.0,11.0,0.1956848468208313,False,REGULAR,USD,2026-12-31,7355.39013671875,0.0363499975204467,call,1.0366547332323452,0.5616438356164384,316.70000000000005
SPXW261231C07630000,2026-06-03 16:28:08+00:00,7630.0,426.69,311.7,314.8,0.0,0.0,4.0,51.0,0.1951670068454742,False,REGULAR,USD,2026-12-31,7355.39013671875,0.0363499975204467,call,1.0373345068279076,0.5616438356164384,313.25
SPXW261231C07640000,2026-05-29 16:02:58+00:00,7640.0,434.61,308.4,310.1,0.0,0.0,53.0,253.0,0.1947149697399139,False,REGULAR,USD,2026-12-31,7355.39013671875,0.0363499975204467,call,1.038694054019032,0.5616438356164384,309.25
SPXW261231C07650000,2026-06-09 17:55:58+00:00,7650.0,290.7,301.8,303.3,-43.95999,-13.135716,10.0,125.0,0.1932749359226226,False,REGULAR,USD,2026-12-31,7355.39013671875,0.0363499975204467,call,1.0400536012101562,0.5616438356164384,302.55
SPXW261231C07660000,2026-05-27 17:00:24+00:00,7660.0,388.3,297.7,299.3,0.0,0.0,1.0,10.0,0.1931109055805206,False,REGULAR,USD,2026-12-31,7355.39013671875,0.0363499975204467,call,1.0414131484012807,0.5616438356164384,298.5
SPXW261231C07670000,2026-05-01 15:12:48+00:00,7670.0,248.29,305.9,309.0,0.0,0.0,2.0,79.0,0.1992820703697204,False,REGULAR,USD,2026-12-31,7355.39013671875,0.0363499975204467,call,1.042772695592405,0.5616438356164384,307.45
SPXW261231C07675000,2026-06-04 19:48:39+00:00,7675.0,418.94,290.5,292.2,0.0,0.0,13.0,14.0,0.1923231784725189,False,REGULAR,USD,2026-12-31,7355.39013671875,0.0363499975204467,call,1.0434524691879672,0.5616438356164384,291.35
SPXW261231C07680000,2026-06-08 19:47:05+00:00,7680.0,306.42,288.4,289.8,0.0,0.0,1.0,119.0,0.1920361253738403,False,REGULAR,USD,2026-12-31,7355.39013671875,0.0363499975204467,call,1.0441322427835296,0.5616438356164384,289.1
SPXW261231C07690000,2026-06-08 13:37:40+00:00,7690.0,315.83,282.6,284.4,0.0,0.0,10.0,36.0,0.1911682904243469,False,REGULAR,USD,2026-12-31,7355.39013671875,0.0363499975204467,call,1.045491789974654,0.5616438356164384,283.5
SPXW261231C07700000,2026-06-09 19:03:29+00:00,7700.0,283.61,276.4,278.0,-8.830017,-3.0194285,2686.0,2267.0,0.1898131327724457,False,REGULAR,USD,2026-12-31,7355.39013671875,0.0363499975204467,call,1.0468513371657782,0.5616438356164384,277.2
SPXW261231C07710000,2026-06-08 13:37:40+00:00,7710.0,305.45,272.4,273.7,0.0,0.0,10.0,206.0,0.1894211765480041,False,REGULAR,USD,2026-12-31,7355.39013671875,0.0363499975204467,call,1.048210884356903,0.5616438356164384,273.04999999999995
SPXW261231C07720000,2026-06-09 14:46:09+00:00,7720.0,249.18,269.3,270.6,-68.92001,-21.666147,20.0,24.0,0.1895747165775299,False,REGULAR,USD,2026-12-31,7355.39013671875,0.0363499975204467,call,1.049570431548027,0.5616438356164384,269.95000000000005
SPXW261231C07725000,2026-06-08 19:56:25+00:00,7725.0,279.36,263.8,265.8,0.0,0.0,22.0,91.0,0.1881156094646453,False,REGULAR,USD,2026-12-31,7355.39013671875,0.0363499975204467,call,1.0502502051435891,0.5616438356164384,264.8
SPXW261231C07730000,2026-06-09 19:03:29+00:00,7730.0,268.87,263.4,264.6,-8.589996,-3.0959406,2671.0,1987.0,0.1883463963413238,False,REGULAR,USD,2026-12-31,7355.39013671875,0.0363499975204467,call,1.0509299787391515,0.5616438356164384,264.0
SPXW261231C07740000,2026-06-09 18:28:44+00:00,7740.0,255.43,259.1,260.5,-17.890015,-6.5454464,8.0,161.0,0.1879935403728485,False,REGULAR,USD,2026-12-31,7355.39013671875,0.0363499975204467,call,1.0522895259302758,0.5616438356164384,259.8
SPXW261231C07750000,2026-06-09 17:52:37+00:00,7750.0,243.0,252.7,253.9,-11.0,-4.3307085,20.0,194.0,0.1864371594524383,False,REGULAR,USD,2026-12-31,7355.39013671875,0.0363499975204467,call,1.0536490731214,0.5616438356164384,253.3
SPXW261231C07760000,2026-06-08 19:59:59+00:00,7760.0,263.4,249.5,251.4,0.0,0.0,13.0,67.0,0.1868062277221679,False,REGULAR,USD,2026-12-31,7355.39013671875,0.0363499975204467,call,1.0550086203125246,0.5616438356164384,250.45
SPXW261231C07770000,2026-06-09 15:38:14+00:00,7770.0,222.9,242.5,244.1,-65.5,-22.711512,9.0,191.0,0.1848702882194518,False,REGULAR,USD,2026-12-31,7355.39013671875,0.0363499975204467,call,1.056368167503649,0.5616438356164384,243.3
SPXW261231C07775000,2026-06-09 14:13:39+00:00,7775.0,270.0,243.1,244.5,-53.799988,-16.615192,4.0,10.0,0.1858296749877929,False,REGULAR,USD,2026-12-31,7355.39013671875,0.0363499975204467,call,1.057047941099211,0.5616438356164384,243.8
SPXW261231C07780000,2026-06-05 18:23:25+00:00,7780.0,273.51,238.5,240.0,0.0,0.0,14.0,118.0,0.1844392317390441,False,REGULAR,USD,2026-12-31,7355.39013671875,0.0363499975204467,call,1.0577277146947734,0.5616438356164384,239.25
SPXW261231C07790000,2026-06-01 18:59:35+00:00,7790.0,362.79,236.4,237.6,0.0,0.0,1.0,64.0,0.1848073463439941,False,REGULAR,USD,2026-12-31,7355.39013671875,0.0363499975204467,call,1.0590872618858975,0.5616438356164384,237.0
SPXW261231C07800000,2026-06-09 15:05:46+00:00,7800.0,233.4,231.5,233.0,-10.600006,-4.344265,6.0,1891.0,0.1840997270774841,False,REGULAR,USD,2026-12-31,7355.39013671875,0.0363499975204467,call,1.060446809077022,0.5616438356164384,232.25
SPXW261231C07810000,2026-06-08 13:30:02+00:00,7810.0,262.33,227.0,228.5,0.0,0.0,1.0,90.0,0.1834197640895843,False,REGULAR,USD,2026-12-31,7355.39013671875,0.0363499975204467,call,1.0618063562681466,0.5616438356164384,227.75
SPXW261231C07820000,2026-06-08 19:42:24+00:00,7820.0,236.7,221.4,223.0,0.0,0.0,9.0,118.0,0.1822324514389038,False,REGULAR,USD,2026-12-31,7355.39013671875,0.0363499975204467,call,1.0631659034592709,0.5616438356164384,222.2
SPXW261231C07825000,2026-06-09 17:41:27+00:00,7825.0,209.66,221.5,223.0,-46.419983,-18.127142,10.0,12.0,0.182970587978363,False,REGULAR,USD,2026-12-31,7355.39013671875,0.0363499975204467,call,1.063845677054833,0.5616438356164384,222.25
SPXW261231C07830000,2026-06-08 19:51:33+00:00,7830.0,229.7,217.0,218.2,0.0,0.0,1.0,35.0,0.1813608018302917,False,REGULAR,USD,2026-12-31,7355.39013671875,0.0363499975204467,call,1.0645254506503954,0.5616438356164384,217.6
SPXW261231C07840000,2026-06-01 18:40:06+00:00,7840.0,335.41,212.5,214.0,0.0,0.0,8.0,151.0,0.1807619003486633,False,REGULAR,USD,2026-12-31,7355.39013671875,0.0363499975204467,call,1.0658849978415197,0.5616438356164384,213.25
SPXW261231C07850000,2026-06-08 14:51:59+00:00,7850.0,211.36,210.1,211.4,-32.699997,-13.398344,1.0,90.0,0.1809306990146637,False,REGULAR,USD,2026-12-31,7355.39013671875,0.0363499975204467,call,1.067244545032644,0.5616438356164384,210.75
SPXW261231C07860000,2026-06-05 18:16:14+00:00,7860.0,235.4,206.0,207.5,0.0,0.0,7.0,25.0,0.1804414689826965,False,REGULAR,USD,2026-12-31,7355.39013671875,0.0363499975204467,call,1.0686040922237685,0.5616438356164384,206.75
SPXW261231C07870000,2026-06-08 19:42:24+00:00,7870.0,215.0,200.6,202.1,0.0,0.0,9.0,14.0,0.1791845388031005,False,REGULAR,USD,2026-12-31,7355.39013671875,0.0363499975204467,call,1.0699636394148928,0.5616438356164384,201.35
SPXW261231C07875000,2026-05-29 16:41:24+00:00,7875.0,307.53,198.9,200.1,0.0,0.0,1.0,4.0,0.1788955783748626,False,REGULAR,USD,2026-12-31,7355.39013671875,0.0363499975204467,call,1.070643413010455,0.5616438356164384,199.5
SPXW261231C07880000,2026-06-09 18:27:34+00:00,7880.0,193.73,196.5,197.7,-33.270004,-14.65639,4.0,37.0,0.1784006263542175,False,REGULAR,USD,2026-12-31,7355.39013671875,0.0363499975204467,call,1.071323186606017,0.5616438356164384,197.1
SPXW261231C07890000,2026-06-09 18:28:44+00:00,7890.0,191.15,194.5,195.7,119.649994,167.34264,4.0,0.0,0.1788002118968963,False,REGULAR,USD,2026-12-31,7355.39013671875,0.0363499975204467,call,1.0726827337971416,0.5616438356164384,195.1
SPXW261231C07900000,2026-06-09 18:17:17+00:00,7900.0,190.0,190.0,191.5,-11.720001,-5.8100343,323.0,350.0,0.1780763803291321,False,REGULAR,USD,2026-12-31,7355.39013671875,0.0363499975204467,call,1.074042280988266,0.5616438356164384,190.75
SPXW261231C07910000,2026-06-05 17:11:31+00:00,7910.0,222.8,186.8,188.0,0.0,0.0,2.0,16.0,0.1776853777694702,False,REGULAR,USD,2026-12-31,7355.39013671875,0.0363499975204467,call,1.0754018281793905,0.5616438356164384,187.4
SPXW261231C07920000,2026-06-08 13:58:38+00:00,7920.0,203.48,181.0,182.4,0.0,0.0,10.0,34.0,0.1762005217075348,False,REGULAR,USD,2026-12-31,7355.39013671875,0.0363499975204467,call,1.0767613753705148,0.5616438356164384,181.7
SPXW261231C07930000,2026-06-05 18:05:36+00:00,7930.0,211.7,177.8,178.9,0.0,0.0,8.0,56.0,0.1757627895736694,False,REGULAR,USD,2026-12-31,7355.39013671875,0.0363499975204467,call,1.0781209225616393,0.5616438356164384,178.35000000000002
SPXW261231C07940000,2026-06-05 18:16:00+00:00,7940.0,201.1,175.5,176.8,0.0,0.0,2.0,114.0,0.1760288620471954,False,REGULAR,USD,2026-12-31,7355.39013671875,0.0363499975204467,call,1.0794804697527636,0.5616438356164384,176.15
SPXW261231C07950000,2026-06-08 19:20:25+00:00,7950.0,184.53,170.7,172.0,0.0,0.0,11.0,3496.0,0.174877788658142,False,REGULAR,USD,2026-12-31,7355.39013671875,0.0363499975204467,call,1.080840016943888,0.5616438356164384,171.35
SPXW261231C07960000,2026-06-05 15:47:37+00:00,7960.0,214.5,167.5,169.0,0.0,0.0,2.0,9.0,0.1746393724632263,False,REGULAR,USD,2026-12-31,7355.39013671875,0.0363499975204467,call,1.0821995641350124,0.5616438356164384,168.25
SPXW261231C07970000,2026-06-03 14:27:20+00:00,7970.0,253.7,164.5,165.8,0.0,0.0,1.0,22.0,0.1742769798469543,False,REGULAR,USD,2026-12-31,7355.39013671875,0.0363499975204467,call,1.0835591113261367,0.5616438356164384,165.15
SPXW261231C07975000,2026-05-29 14:12:52+00:00,7975.0,263.9,162.9,163.9,0.0,0.0,18.0,33.0,0.173929845867157,False,REGULAR,USD,2026-12-31,7355.39013671875,0.0363499975204467,call,1.0842388849216988,0.5616438356164384,163.4
SPXW261231C07980000,2026-06-08 16:38:26+00:00,7980.0,181.1,159.6,160.7,0.0,0.0,2.0,8209.0,0.1728865365982055,False,REGULAR,USD,2026-12-31,7355.39013671875,0.0363499975204467,call,1.0849186585172612,0.5616438356164384,160.14999999999998
SPXW261231C07985000,2026-05-08 16:06:14+00:00,7985.0,190.27,167.0,169.8,0.0,0.0,1.0,200.0,0.1783472211265564,False,REGULAR,USD,2026-12-31,7355.39013671875,0.0363499975204467,call,1.0855984321128234,0.5616438356164384,168.4
SPXW261231C07990000,2026-06-09 18:27:34+00:00,7990.0,154.06,157.6,158.7,-27.64,-15.211888,9.0,9058.0,0.173117323474884,False,REGULAR,USD,2026-12-31,7355.39013671875,0.0363499975204467,call,1.0862782057083855,0.5616438356164384,158.14999999999998
SPXW261231C07995000,2026-06-08 14:06:15+00:00,7995.0,177.23,156.4,157.5,0.0,0.0,5.0,105.0,0.1731211381340026,False,REGULAR,USD,2026-12-31,7355.39013671875,0.0363499975204467,call,1.0869579793039477,0.5616438356164384,156.95
SPXW261231C08000000,2026-06-09 18:54:27+00:00,8000.0,155.2,154.5,155.7,-7.800003,-4.785278,725.0,14225.0,0.1727987994384766,False,REGULAR,USD,2026-12-31,7355.39013671875,0.0363499975204467,call,1.0876377528995098,0.5616438356164384,155.1
SPXW261231C08005000,2026-06-09 17:11:55+00:00,8005.0,132.6,153.2,154.4,-108.42999,-44.9861,1.0,89.0,0.1727396722221374,False,REGULAR,USD,2026-12-31,7355.39013671875,0.0363499975204467,call,1.088317526495072,0.5616438356164384,153.8
SPXW261231C08010000,2026-06-08 16:46:18+00:00,8010.0,171.2,151.1,152.1,0.0,0.0,3.0,11191.0,0.172135048751831,False,REGULAR,USD,2026-12-31,7355.39013671875,0.0363499975204467,call,1.0889973000906343,0.5616438356164384,151.6
SPXW261231C08015000,2026-06-09 14:43:42+00:00,8015.0,161.5,149.7,151.0,-77.8,-32.511494,1.0,14.0,0.1721741490077972,False,REGULAR,USD,2026-12-31,7355.39013671875,0.0363499975204467,call,1.0896770736861965,0.5616438356164384,150.35
SPXW261231C08020000,2026-06-08 14:06:15+00:00,8020.0,168.31,148.3,149.4,0.0,0.0,10.0,10252.0,0.1719366864776611,False,REGULAR,USD,2026-12-31,7355.39013671875,0.0363499975204467,call,1.0903568472817586,0.5616438356164384,148.85000000000002
SPXW261231C08025000,2026-06-08 14:44:15+00:00,8025.0,167.8,146.6,147.9,0.0,0.0,1.0,102.0,0.1717488145160675,False,REGULAR,USD,2026-12-31,7355.39013671875,0.0363499975204467,call,1.0910366208773208,0.5616438356164384,147.25
SPXW261231C08030000,2026-06-01 17:44:02+00:00,8030.0,241.1,145.0,146.1,0.0,0.0,1.0,11759.0,0.1713911902236938,False,REGULAR,USD,2026-12-31,7355.39013671875,0.0363499975204467,call,1.091716394472883,0.5616438356164384,145.55
SPXW261231C08035000,2026-04-30 15:51:24+00:00,8035.0,94.7,150.0,152.7,0.0,0.0,2.0,52.0,0.1756216471862793,False,REGULAR,USD,2026-12-31,7355.39013671875,0.0363499975204467,call,1.0923961680684453,0.5616438356164384,151.35
SPXW261231C08040000,2026-06-08 09:51:13+00:00,8040.0,119.72,141.9,142.9,-39.08,-24.609573,4.0,48925.0,0.1708781185722351,False,REGULAR,USD,2026-12-31,7355.39013671875,0.0363499975204467,call,1.0930759416640077,0.5616438356164384,142.4
SPXW261231C08045000,2026-06-08 19:02:56+00:00,8045.0,155.6,139.1,140.2,0.0,0.0,13.0,69.0,0.1700017006397247,False,REGULAR,USD,2026-12-31,7355.39013671875,0.0363499975204467,call,1.0937557152595696,0.5616438356164384,139.64999999999998
SPXW261231C08050000,2026-06-09 18:18:24+00:00,8050.0,132.14,137.5,138.5,-16.89,-11.333289,89.0,32506.0,0.1696726862907409,False,REGULAR,USD,2026-12-31,7355.39013671875,0.0363499975204467,call,1.0944354888551318,0.5616438356164384,138.0
SPXW261231C08055000,2026-06-09 16:57:48+00:00,8055.0,111.51,135.8,136.9,-49.969994,-30.945007,1.0,90.0,0.16939230884552,False,REGULAR,USD,2026-12-31,7355.39013671875,0.0363499975204467,call,1.095115262450694,0.5616438356164384,136.35000000000002
SPXW261231C08060000,2026-06-09 18:13:59+00:00,8060.0,128.39,136.0,137.2,-22.309998,-14.804246,30.0,14799.0,0.1701724066352844,False,REGULAR,USD,2026-12-31,7355.39013671875,0.0363499975204467,call,1.0957950360462565,0.5616438356164384,136.6
SPXW261231C08065000,2026-06-08 19:02:56+00:00,8065.0,149.1,133.5,134.8,0.0,0.0,7.0,56.0,0.1694342700958252,False,REGULAR,USD,2026-12-31,7355.39013671875,0.0363499975204467,call,1.0964748096418184,0.5616438356164384,134.15
SPXW261231C08070000,2026-06-08 16:01:32+00:00,8070.0,153.6,132.9,134.0,1.1000061,0.7213155,6.0,28847.0,0.1695906711196899,False,REGULAR,USD,2026-12-31,7355.39013671875,0.0363499975204467,call,1.0971545832373806,0.5616438356164384,133.45
SPXW261231C08075000,2026-06-08 18:24:25+00:00,8075.0,147.72,130.3,131.3,0.0,0.0,3.0,50.0,0.1686656162834167,False,REGULAR,USD,2026-12-31,7355.39013671875,0.0363499975204467,call,1.0978343568329427,0.5616438356164384,130.8
SPXW261231C08080000,2026-06-08 09:53:06+00:00,8080.0,146.2,130.1,131.1,0.0,0.0,6.0,12981.0,0.1691548463153839,False,REGULAR,USD,2026-12-31,7355.39013671875,0.0363499975204467,call,1.0985141304285049,0.5616438356164384,130.6
SPXW261231C08085000,2026-05-19 14:03:57+00:00,8085.0,136.93,127.3,128.7,0.0,0.0,24.0,13.0,0.1683852388381958,False,REGULAR,USD,2026-12-31,7355.39013671875,0.0363499975204467,call,1.0991939040240672,0.5616438356164384,128.0
SPXW261231C08090000,2026-06-09 18:27:34+00:00,8090.0,123.69,126.0,127.2,-75.759995,-37.984455,4.0,17813.0,0.1681220273590088,False,REGULAR,USD,2026-12-31,7355.39013671875,0.0363499975204467,call,1.0998736776196294,0.5616438356164384,126.6
SPXW261231C08095000,2026-06-09 18:17:17+00:00,8095.0,118.1,125.5,126.5,-27.650002,-18.970842,158.0,109.0,0.1683146676445008,False,REGULAR,USD,2026-12-31,7355.39013671875,0.0363499975204467,call,1.1005534512151915,0.5616438356164384,126.0
SPXW261231C08100000,2026-06-09 18:15:37+00:00,8100.0,117.6,124.4,125.4,-21.099998,-15.2126875,166.0,41020.0,0.1682727063941956,False,REGULAR,USD,2026-12-31,7355.39013671875,0.0363499975204467,call,1.1012332248107537,0.5616438356164384,124.9
SPXW261231C08105000,2026-06-05 15:00:08+00:00,8105.0,168.9,122.9,123.9,0.0,0.0,1.0,31.0,0.1679942362785339,False,REGULAR,USD,2026-12-31,7355.39013671875,0.0363499975204467,call,1.1019129984063158,0.5616438356164384,123.4
SPXW261231C08110000,2026-05-19 19:45:51+00:00,8110.0,128.96,120.4,121.4,0.0,0.0,10.0,16000.0,0.1671254476642609,False,REGULAR,USD,2026-12-31,7355.39013671875,0.0363499975204467,call,1.1025927720018782,0.5616438356164384,120.9
SPXW261231C08115000,2026-05-08 13:30:59+00:00,8115.0,135.3,125.6,128.3,0.0,0.0,2.0,2.0,0.1717259265613556,False,REGULAR,USD,2026-12-31,7355.39013671875,0.0363499975204467,call,1.1032725455974404,0.5616438356164384,126.95
SPXW261231C08120000,2026-06-08 15:16:24+00:00,8120.0,143.9,119.3,120.4,0.0,0.0,5.0,23782.0,0.1677100441741943,False,REGULAR,USD,2026-12-31,7355.39013671875,0.0363499975204467,call,1.1039523191930023,0.5616438356164384,119.85
SPXW261231C08125000,2026-06-09 18:16:06+00:00,8125.0,111.21,116.6,117.5,-13.900002,-11.110224,18.0,67.0,0.1665809050750733,False,REGULAR,USD,2026-12-31,7355.39013671875,0.0363499975204467,call,1.104632092788565,0.5616438356164384,117.05
SPXW261231C08130000,2026-06-05 15:38:21+00:00,8130.0,152.97,116.5,117.4,0.0,0.0,1.0,28459.0,0.1671016060447693,False,REGULAR,USD,2026-12-31,7355.39013671875,0.0363499975204467,call,1.1053118663841268,0.5616438356164384,116.95
SPXW261231C08135000,2026-06-05 19:24:28+00:00,8135.0,122.31,115.1,116.1,0.0,0.0,1.0,17.0,0.166907058429718,False,REGULAR,USD,2026-12-31,7355.39013671875,0.0363499975204467,call,1.1059916399796892,0.5616438356164384,115.6
SPXW261231C08140000,2026-06-09 18:50:41+00:00,8140.0,112.83,113.9,114.9,-13.299995,-10.544672,1.0,20362.0,0.1667659160423279,False,REGULAR,USD,2026-12-31,7355.39013671875,0.0363499975204467,call,1.1066714135752511,0.5616438356164384,114.4
SPXW261231C08150000,2026-06-09 18:46:03+00:00,8150.0,109.0,111.2,112.2,-14.470001,-11.719447,35.0,41819.0,0.1662881299877167,False,REGULAR,USD,2026-12-31,7355.39013671875,0.0363499975204467,call,1.1080309607663756,0.5616438356164384,111.7
SPXW261231C08160000,2026-06-09 15:57:02+00:00,8160.0,94.61,108.8,109.8,-39.589996,-29.500742,21.0,45005.0,0.1659686522865295,False,REGULAR,USD,2026-12-31,7355.39013671875,0.0363499975204467,call,1.1093905079575002,0.5616438356164384,109.3
SPXW261231C08170000,2026-06-05 16:22:16+00:00,8170.0,135.74,106.3,107.2,0.0,0.0,35000.0,22396.0,0.1655051712036133,False,REGULAR,USD,2026-12-31,7355.39013671875,0.0363499975204467,call,1.1107500551486245,0.5616438356164384,106.75
SPXW261231C08175000,2026-06-02 14:35:59+00:00,8175.0,96.4,105.0,106.0,-85.48,-46.99802,14.0,27.0,0.1653258822250366,False,REGULAR,USD,2026-12-31,7355.39013671875,0.0363499975204467,call,1.1114298287441866,0.5616438356164384,105.5
SPXW261231C08180000,2026-06-09 17:46:59+00:00,8180.0,96.0,103.9,104.9,-35.660004,-27.084919,1.0,57899.0,0.16520285946846,False,REGULAR,USD,2026-12-31,7355.39013671875,0.0363499975204467,call,1.1121096023397488,0.5616438356164384,104.4
SPXW261231C08190000,2026-06-09 17:44:13+00:00,8190.0,99.2,101.0,102.1,-30.710007,-23.639448,2.0,42720.0,0.1645667650604248,False,REGULAR,USD,2026-12-31,7355.39013671875,0.0363499975204467,call,1.1134691495308733,0.5616438356164384,101.55
SPXW261231C08200000,2026-06-09 18:50:26+00:00,8200.0,98.6,97.9,98.9,-12.120003,-10.946534,21.0,29726.0,0.1636474322128296,False,REGULAR,USD,2026-12-31,7355.39013671875,0.0363499975204467,call,1.1148286967219976,0.5616438356164384,98.4
SPXW261231C08210000,2026-06-04 15:31:49+00:00,8210.0,157.6,95.9,97.0,0.0,0.0,19.0,107.0,0.163527270450592,False,REGULAR,USD,2026-12-31,7355.39013671875,0.0363499975204467,call,1.116188243913122,0.5616438356164384,96.45
SPXW261231C08220000,2026-06-04 15:32:02+00:00,8220.0,154.7,94.5,95.5,0.0,0.0,9.0,98.0,0.1636483858776093,False,REGULAR,USD,2026-12-31,7355.39013671875,0.0363499975204467,call,1.1175477911042464,0.5616438356164384,95.0
SPXW261231C08230000,2026-06-04 15:20:57+00:00,8230.0,150.4,91.6,94.0,0.0,0.0,7.0,59.0,0.1637542426681518,False,REGULAR,USD,2026-12-31,7355.39013671875,0.0363499975204467,call,1.1189073382953707,0.5616438356164384,92.8
SPXW261231C08240000,2026-06-04 16:31:14+00:00,8240.0,150.0,90.6,91.5,0.0,0.0,6.0,145.0,0.1631896731185913,False,REGULAR,USD,2026-12-31,7355.39013671875,0.0363499975204467,call,1.1202668854864952,0.5616438356164384,91.05
SPXW261231C08250000,2026-06-09 14:45:44+00:00,8250.0,66.5,87.3,88.2,-45.33,-40.53474,16.0,190.0,0.1620624413490295,False,REGULAR,USD,2026-12-31,7355.39013671875,0.0363499975204467,call,1.1216264326776195,0.5616438356164384,87.75
SPXW261231C08260000,2026-06-09 18:06:15+00:00,8260.0,79.8,85.4,86.9,-74.5,-48.282566,17.0,42.0,0.1622445913219452,False,REGULAR,USD,2026-12-31,7355.39013671875,0.0363499975204467,call,1.122985979868744,0.5616438356164384,86.15
SPXW261231C08270000,2026-06-09 18:44:29+00:00,8270.0,82.5,83.2,84.2,-10.199997,-11.003233,36.0,67.0,0.1614606788730621,False,REGULAR,USD,2026-12-31,7355.39013671875,0.0363499975204467,call,1.1243455270598683,0.5616438356164384,83.7
SPXW261231C08280000,2026-06-08 19:14:24+00:00,8280.0,68.2,80.7,82.7,-20.800003,-23.370789,31.0,117.0,0.1614711691856384,False,REGULAR,USD,2026-12-31,7355.39013671875,0.0363499975204467,call,1.1257050742509926,0.5616438356164384,81.7
SPXW261231C08290000,2026-06-09 18:31:02+00:00,8290.0,80.2,79.5,80.2,-12.100006,-13.109432,5.0,142.0,0.1607683182430267,False,REGULAR,USD,2026-12-31,7355.39013671875,0.0363499975204467,call,1.1270646214421172,0.5616438356164384,79.85
SPXW261231C08300000,2026-06-09 18:50:41+00:00,8300.0,77.63,77.8,78.8,-10.18,-11.593213,32.0,365.0,0.1608102794933319,False,REGULAR,USD,2026-12-31,7355.39013671875,0.0363499975204467,call,1.1284241686332417,0.5616438356164384,78.3
SPXW261231C08350000,2026-06-09 17:39:10+00:00,8350.0,63.8,69.6,70.4,-10.299999,-13.900133,1.0,62.0,0.1597450359344482,False,REGULAR,USD,2026-12-31,7355.39013671875,0.0363499975204467,call,1.1352219045888634,0.5616438356164384,70.0
SPXW261231C08400000,2026-06-09 17:02:20+00:00,8400.0,51.0,60.4,61.3,-21.370003,-29.528812,20.0,2008.0,0.157580216884613,False,REGULAR,USD,2026-12-31,7355.39013671875,0.0363499975204467,call,1.1420196405444851,0.5616438356164384,60.85
SPXW261231C08450000,2026-06-09 18:10:45+00:00,8450.0,49.32,54.2,55.0,-14.18,-22.33071,1.0,63.0,0.1570862185287475,False,REGULAR,USD,2026-12-31,7355.39013671875,0.0363499975204467,call,1.1488173765001073,0.5616438356164384,54.6
SPXW261231C08500000,2026-06-09 18:41:34+00:00,8500.0,47.1,47.8,48.6,-3.2000008,-6.36183,40.0,2130.0,0.1560181139755249,False,REGULAR,USD,2026-12-31,7355.39013671875,0.0363499975204467,call,1.1556151124557292,0.5616438356164384,48.2
SPXW261231C08550000,2026-06-05 19:08:53+00:00,8550.0,46.23,41.4,42.2,0.0,0.0,1.0,41.0,0.154381625213623,False,REGULAR,USD,2026-12-31,7355.39013671875,0.0363499975204467,call,1.1624128484113512,0.5616438356164384,41.8
SPXW261231C08600000,2026-06-09 17:42:36+00:00,8600.0,34.2,36.7,37.5,-11.899998,-25.813444,11.0,985.0,0.1538571095848083,False,REGULAR,USD,2026-12-31,7355.39013671875,0.0363499975204467,call,1.1692105843669731,0.5616438356164384,37.1
SPXW261231C08700000,2026-06-09 17:21:28+00:00,8700.0,25.01,28.4,29.0,-3.6399994,-12.705059,63.0,108.0,0.1523369679260254,False,REGULAR,USD,2026-12-31,7355.39013671875,0.0363499975204467,call,1.182806056278217,0.5616438356164384,28.7
SPXW261231C08800000,2026-06-09 15:28:19+00:00,8800.0,18.8,21.5,22.1,-5.84,-23.7013,78.0,2655.0,0.150761513710022,False,REGULAR,USD,2026-12-31,7355.39013671875,0.0363499975204467,call,1.1964015281894609,0.5616438356164384,21.8
SPXW261231C08900000,2026-06-08 19:26:57+00:00,8900.0,18.4,16.6,17.3,0.94000053,5.3837376,4.0,110.0,0.1503800477981567,False,REGULAR,USD,2026-12-31,7355.39013671875,0.0363499975204467,call,1.2099970001007048,0.5616438356164384,16.950000000000003
SPXW261231C09000000,2026-06-09 16:16:13+00:00,9000.0,9.27,12.7,13.3,-4.129999,-30.82089,20.0,597.0,0.1497048531341553,False,REGULAR,USD,2026-12-31,7355.39013671875,0.0363499975204467,call,1.2235924720119489,0.5616438356164384,13.0
SPX270115C07300000,2026-06-09 17:25:17+00:00,7300.0,539.9,536.5,539.0,-46.839966,-7.9830875,133.0,4854.0,0.2243796663761138,True,REGULAR,USD,2027-01-15,7355.39013671875,0.0363499975204467,call,0.9924694495208028,0.6027397260273972,537.75
SPX270115C07325000,2026-05-26 15:05:37+00:00,7325.0,639.71,519.2,521.6,0.0,0.0,2.0,1767.0,0.2219907361030578,True,REGULAR,USD,2027-01-15,7355.39013671875,0.0363499975204467,call,0.9958683174986136,0.6027397260273972,520.4000000000001
SPX270115C07350000,2026-06-09 17:10:29+00:00,7350.0,461.43,503.3,505.1,-68.28003,-12.890077,25.0,1476.0,0.2199222371959686,True,REGULAR,USD,2027-01-15,7355.39013671875,0.0363499975204467,call,0.9992671854764248,0.6027397260273972,504.2000000000001
SPX270115C07375000,2026-05-28 15:06:14+00:00,7375.0,622.88,487.0,489.2,0.0,0.0,7.0,420.0,0.2180368419265747,False,REGULAR,USD,2027-01-15,7355.39013671875,0.0363499975204467,call,1.0026660534542358,0.6027397260273972,488.1
SPX270115C07400000,2026-06-09 13:38:14+00:00,7400.0,527.34,473.0,475.4,32.30002,6.5247293,5.0,5638.0,0.2169916253280639,False,REGULAR,USD,2027-01-15,7355.39013671875,0.0363499975204467,call,1.0060649214320467,0.6027397260273972,474.2
SPX270115C07425000,2026-06-08 19:30:09+00:00,7425.0,479.5,455.7,458.2,0.0,0.0,5.0,1009.0,0.2143728618431091,False,REGULAR,USD,2027-01-15,7355.39013671875,0.0363499975204467,call,1.0094637894098577,0.6027397260273972,456.95
SPX270115C07450000,2026-06-09 16:58:53+00:00,7450.0,390.0,441.9,444.0,-82.0,-17.37288,3.0,2539.0,0.2129824185943603,False,REGULAR,USD,2027-01-15,7355.39013671875,0.0363499975204467,call,1.012862657387669,0.6027397260273972,442.95
SPX270115C07475000,2026-06-08 17:12:06+00:00,7475.0,453.8,425.7,427.8,0.0,0.0,1.0,401.0,0.2106297275829315,False,REGULAR,USD,2027-01-15,7355.39013671875,0.0363499975204467,call,1.0162615253654796,0.6027397260273972,426.75
SPX270115C07500000,2026-06-09 17:25:17+00:00,7500.0,383.45,408.5,410.5,-48.69998,-11.269231,313.0,8120.0,0.2077057913684844,False,REGULAR,USD,2027-01-15,7355.39013671875,0.0363499975204467,call,1.0196603933432906,0.6027397260273972,409.5
SPX270115C07525000,2026-06-05 19:37:31+00:00,7525.0,420.21,394.3,396.2,0.0,0.0,44.0,361.0,0.2060044534015655,False,REGULAR,USD,2027-01-15,7355.39013671875,0.0363499975204467,call,1.0230592613211016,0.6027397260273972,395.25
SPX270115C07550000,2026-06-09 17:10:29+00:00,7550.0,343.43,378.8,381.0,-67.27002,-16.379356,25.0,1235.0,0.2038148390674591,False,REGULAR,USD,2027-01-15,7355.39013671875,0.0363499975204467,call,1.0264581292989126,0.6027397260273972,379.9
SPX270115C07575000,2026-06-09 15:37:58+00:00,7575.0,343.3,366.8,368.8,-49.400024,-12.579583,15.0,1378.0,0.2028487766456603,False,REGULAR,USD,2027-01-15,7355.39013671875,0.0363499975204467,call,1.0298569972767233,0.6027397260273972,367.8
SPX270115C07600000,2026-06-09 16:21:38+00:00,7600.0,307.8,350.8,352.8,-64.04001,-17.222464,44.0,4846.0,0.2001117587280273,False,REGULAR,USD,2027-01-15,7355.39013671875,0.0363499975204467,call,1.0332558652545345,0.6027397260273972,351.8
SPX270115C07625000,2026-06-09 15:28:43+00:00,7625.0,307.2,337.4,339.3,-58.0,-15.881708,2.0,561.0,0.1983760888290405,False,REGULAR,USD,2027-01-15,7355.39013671875,0.0363499975204467,call,1.0366547332323452,0.6027397260273972,338.35
SPX270115C07650000,2026-06-09 17:27:40+00:00,7650.0,303.67,323.8,325.8,-46.22998,-13.212341,108.0,2706.0,0.1965383767986297,False,REGULAR,USD,2027-01-15,7355.39013671875,0.0363499975204467,call,1.0400536012101562,0.6027397260273972,324.8
SPX270115C07675000,2026-06-09 15:11:59+00:00,7675.0,296.5,313.3,315.1,-39.700012,-11.808451,9.0,495.0,0.195846969833374,False,REGULAR,USD,2027-01-15,7355.39013671875,0.0363499975204467,call,1.0434524691879672,0.6027397260273972,314.20000000000005
SPX270115C07700000,2026-06-09 19:05:22+00:00,7700.0,309.2,298.3,299.9,-27.399994,-8.140224,55.0,3747.0,0.1930384270572662,False,REGULAR,USD,2027-01-15,7355.39013671875,0.0363499975204467,call,1.0468513371657782,0.6027397260273972,299.1
SPX270115C07725000,2026-06-08 19:36:18+00:00,7725.0,304.33,286.5,288.7,0.0,0.0,2.0,958.0,0.1919159636116028,False,REGULAR,USD,2027-01-15,7355.39013671875,0.0363499975204467,call,1.0502502051435891,0.6027397260273972,287.6
SPX270115C07750000,2026-06-08 19:36:18+00:00,7750.0,291.68,275.9,277.7,0.0,0.0,3.0,441.0,0.1907811025238037,False,REGULAR,USD,2027-01-15,7355.39013671875,0.0363499975204467,call,1.0536490731214,0.6027397260273972,276.79999999999995
SPX270115C07775000,2026-06-08 16:15:32+00:00,7775.0,299.17,263.4,265.2,0.0,0.0,2.0,617.0,0.1888537460041046,False,REGULAR,USD,2027-01-15,7355.39013671875,0.0363499975204467,call,1.057047941099211,0.6027397260273972,264.29999999999995
SPX270115C07800000,2026-06-09 17:09:40+00:00,7800.0,223.0,250.3,252.1,-45.26999,-16.874788,13.0,2850.0,0.186528711271286,False,REGULAR,USD,2027-01-15,7355.39013671875,0.0363499975204467,call,1.060446809077022,0.6027397260273972,251.2
SPX270115C07825000,2026-06-08 16:31:30+00:00,7825.0,271.52,240.8,242.5,0.0,0.0,2.0,696.0,0.1857066522312164,False,REGULAR,USD,2027-01-15,7355.39013671875,0.0363499975204467,call,1.063845677054833,0.6027397260273972,241.65
SPX270115C07850000,2026-06-08 19:52:30+00:00,7850.0,225.78,229.1,231.2,-16.419998,-6.77952,2.0,1122.0,0.1839795653152465,False,REGULAR,USD,2027-01-15,7355.39013671875,0.0363499975204467,call,1.067244545032644,0.6027397260273972,230.15
SPX270115C07875000,2026-06-08 17:12:32+00:00,7875.0,238.57,218.1,219.7,0.0,0.0,47.0,1016.0,0.1820321818351745,False,REGULAR,USD,2027-01-15,7355.39013671875,0.0363499975204467,call,1.070643413010455,0.6027397260273972,218.9
SPX270115C07900000,2026-06-09 15:56:40+00:00,7900.0,209.79,210.1,211.9,-13.200012,-5.9195533,517.0,1325.0,0.1817317774295807,False,REGULAR,USD,2027-01-15,7355.39013671875,0.0363499975204467,call,1.074042280988266,0.6027397260273972,211.0
SPX270115C07925000,2026-06-09 14:43:19+00:00,7925.0,215.77,199.9,201.7,-4.4299927,-2.011804,8.0,96.0,0.1801668135261535,False,REGULAR,USD,2027-01-15,7355.39013671875,0.0363499975204467,call,1.077441148966077,0.6027397260273972,200.8
SPX270115C07950000,2026-06-08 17:12:20+00:00,7950.0,164.58,189.9,191.7,-42.22,-20.415861,52.0,1826.0,0.1785713323497772,False,REGULAR,USD,2027-01-15,7355.39013671875,0.0363499975204467,call,1.080840016943888,0.6027397260273972,190.8
SPX270115C07975000,2026-06-08 18:34:51+00:00,7975.0,202.27,181.2,183.0,0.0,0.0,83.0,158.0,0.1774936911487579,False,REGULAR,USD,2027-01-15,7355.39013671875,0.0363499975204467,call,1.0842388849216988,0.6027397260273972,182.1
SPX270115C08000000,2026-06-09 19:09:40+00:00,8000.0,175.6,172.3,174.1,-6.0,-3.3039646,442.0,7285.0,0.1761938460540771,False,REGULAR,USD,2027-01-15,7355.39013671875,0.0363499975204467,call,1.0876377528995098,0.6027397260273972,173.2
SPX270115C08025000,2026-06-09 17:52:29+00:00,8025.0,155.05,162.8,164.8,-17.699997,-10.246018,102.0,1166.0,0.1745583109569549,False,REGULAR,USD,2027-01-15,7355.39013671875,0.0363499975204467,call,1.0910366208773208,0.6027397260273972,163.8
SPX270115C08050000,2026-06-09 16:22:12+00:00,8050.0,138.51,155.2,156.9,-42.34001,-23.411673,8.0,1245.0,0.1735130943584442,False,REGULAR,USD,2027-01-15,7355.39013671875,0.0363499975204467,call,1.0944354888551318,0.6027397260273972,156.05
SPX270115C08075000,2026-06-05 18:07:18+00:00,8075.0,176.65,146.5,148.4,0.0,0.0,7.0,91.0,0.1720225163078308,False,REGULAR,USD,2027-01-15,7355.39013671875,0.0363499975204467,call,1.0978343568329427,0.6027397260273972,147.45
SPX270115C08100000,2026-06-09 17:13:14+00:00,8100.0,144.2,139.8,141.5,-13.270004,-8.427005,51.0,1780.0,0.171257677154541,False,REGULAR,USD,2027-01-15,7355.39013671875,0.0363499975204467,call,1.1012332248107537,0.6027397260273972,140.65
SPX270115C08125000,2026-06-05 19:40:24+00:00,8125.0,146.94,131.5,133.3,0.0,0.0,401.0,279.0,0.1696545666599274,False,REGULAR,USD,2027-01-15,7355.39013671875,0.0363499975204467,call,1.104632092788565,0.6027397260273972,132.4
SPX270115C08150000,2026-06-02 15:30:24+00:00,8150.0,216.98,125.2,127.0,0.0,0.0,2.0,508.0,0.1689698353481292,False,REGULAR,USD,2027-01-15,7355.39013671875,0.0363499975204467,call,1.1080309607663756,0.6027397260273972,126.1
SPX270115C08175000,2026-06-08 17:11:36+00:00,8175.0,131.6,118.4,120.0,0.0,0.0,10.0,38.0,0.1677634494018555,False,REGULAR,USD,2027-01-15,7355.39013671875,0.0363499975204467,call,1.1114298287441866,0.6027397260273972,119.2
SPX270115C08200000,2026-06-09 17:53:33+00:00,8200.0,105.8,112.1,113.7,-16.199997,-13.278687,14.0,2130.0,0.1668269505882263,False,REGULAR,USD,2027-01-15,7355.39013671875,0.0363499975204467,call,1.1148286967219976,0.6027397260273972,112.9
SPX270115C08225000,2026-06-09 18:04:03+00:00,8225.0,99.84,105.8,107.4,-22.200005,-18.190762,4.0,315.0,0.1657588460350036,False,REGULAR,USD,2027-01-15,7355.39013671875,0.0363499975204467,call,1.1182275646998086,0.6027397260273972,106.6
SPX270115C08250000,2026-06-09 18:14:22+00:00,8250.0,96.03,101.3,102.8,-15.169998,-13.642084,4.0,371.0,0.1655967230224609,False,REGULAR,USD,2027-01-15,7355.39013671875,0.0363499975204467,call,1.1216264326776195,0.6027397260273972,102.05
SPX270115C08275000,2026-06-09 18:12:50+00:00,8275.0,90.76,95.7,97.1,-64.87,-41.682198,169.0,85.0,0.1646430582427978,False,REGULAR,USD,2027-01-15,7355.39013671875,0.0363499975204467,call,1.1250253006554305,0.6027397260273972,96.4
SPX270115C08300000,2026-06-09 16:24:40+00:00,8300.0,85.89,89.6,91.0,-19.809998,-18.74172,6.0,2274.0,0.1632917152500153,False,REGULAR,USD,2027-01-15,7355.39013671875,0.0363499975204467,call,1.1284241686332417,0.6027397260273972,90.3
SPX270115C08325000,2026-06-09 18:08:51+00:00,8325.0,81.11,84.8,86.3,-66.28999,-44.972862,5.0,278.0,0.1627099797344208,False,REGULAR,USD,2027-01-15,7355.39013671875,0.0363499975204467,call,1.1318230366110524,0.6027397260273972,85.55
SPX270115C08350000,2026-06-08 17:18:03+00:00,8350.0,96.62,80.5,82.2,6.5200043,7.2364087,50.0,245.0,0.1624152973175049,False,REGULAR,USD,2027-01-15,7355.39013671875,0.0363499975204467,call,1.1352219045888634,0.6027397260273972,81.35
SPX270115C08375000,2026-06-08 15:00:19+00:00,8375.0,93.37,76.1,77.6,0.0,0.0,1.0,14.0,0.1616628558063507,False,REGULAR,USD,2027-01-15,7355.39013671875,0.0363499975204467,call,1.1386207725666744,0.6027397260273972,76.85
SPX270115C08400000,2026-06-08 17:39:32+00:00,8400.0,80.84,71.0,72.4,0.0,0.0,5.0,2719.0,0.1603458447456359,False,REGULAR,USD,2027-01-15,7355.39013671875,0.0363499975204467,call,1.1420196405444851,0.6027397260273972,71.7
SPX270115C08425000,2026-06-08 17:39:32+00:00,8425.0,76.34,67.6,69.2,0.0,0.0,2.0,1000.0,0.1603439374160766,False,REGULAR,USD,2027-01-15,7355.39013671875,0.0363499975204467,call,1.1454185085222963,0.6027397260273972,68.4
SPX270115C08475000,2026-06-08 17:18:09+00:00,8475.0,67.4,60.0,61.6,0.0,0.0,1.0,4.0,0.1591175245094299,False,REGULAR,USD,2027-01-15,7355.39013671875,0.0363499975204467,call,1.1522162444779185,0.6027397260273972,60.8
SPX270115C08500000,2026-06-09 17:53:33+00:00,8500.0,52.45,56.6,58.0,-10.849998,-17.140598,204.0,2228.0,0.1584709397888183,False,REGULAR,USD,2027-01-15,7355.39013671875,0.0363499975204467,call,1.1556151124557292,0.6027397260273972,57.3
SPX270115C08550000,2026-06-05 19:18:51+00:00,8550.0,54.0,50.3,51.6,0.0,0.0,150.0,150.0,0.1574638697814941,False,REGULAR,USD,2027-01-15,7355.39013671875,0.0363499975204467,call,1.1624128484113512,0.6027397260273972,50.95
SPX270115C08600000,2026-06-09 16:44:36+00:00,8600.0,36.4,44.0,45.1,-11.359997,-23.785587,4.0,8324.0,0.1558483616447449,False,REGULAR,USD,2027-01-15,7355.39013671875,0.0363499975204467,call,1.1692105843669731,0.6027397260273972,44.55
SPX270115C08700000,2026-06-08 17:18:19+00:00,8700.0,38.9,34.2,35.2,0.0,0.0,61.0,2161.0,0.1539963446426391,False,REGULAR,USD,2027-01-15,7355.39013671875,0.0363499975204467,call,1.182806056278217,0.6027397260273972,34.7
SPX270115C08800000,2026-06-09 17:53:33+00:00,8800.0,24.8,26.9,28.0,-3.7000008,-12.982458,38.0,1360.0,0.1532639300918579,False,REGULAR,USD,2027-01-15,7355.39013671875,0.0363499975204467,call,1.1964015281894609,0.6027397260273972,27.45
SPX270115C08900000,2026-06-09 18:08:43+00:00,8900.0,19.57,20.9,21.8,-4.0300007,-17.076273,6.0,410.0,0.1521004590606689,False,REGULAR,USD,2027-01-15,7355.39013671875,0.0363499975204467,call,1.2099970001007048,0.6027397260273972,21.35
SPX270115C09000000,2026-06-09 19:13:34+00:00,9000.0,16.56,16.0,17.0,-0.62000084,-3.6088524,181.0,4341.0,0.1512917513275146,False,REGULAR,USD,2027-01-15,7355.39013671875,0.0363499975204467,call,1.2235924720119489,0.6027397260273972,16.5
SPX270115C09100000,2026-06-09 15:26:42+00:00,9100.0,11.32,12.5,13.2,-1.8800001,-14.242426,70.0,326.0,0.1506051126861572,False,REGULAR,USD,2027-01-15,7355.39013671875,0.0363499975204467,call,1.2371879439231923,0.6027397260273972,12.85
SPX270115C09200000,2026-06-08 15:04:25+00:00,9200.0,12.3,9.7,10.4,0.0,0.0,4.0,829.0,0.1504906729125977,False,REGULAR,USD,2027-01-15,7355.39013671875,0.0363499975204467,call,1.2507834158344364,0.6027397260273972,10.05
SPX270115C09400000,2026-06-09 16:44:11+00:00,9400.0,4.9,6.1,6.7,-2.6999998,-35.526314,1.0,641.0,0.1514290790557861,False,REGULAR,USD,2027-01-15,7355.39013671875,0.0363499975204467,call,1.2779743596569242,0.6027397260273972,6.4
SPX270115C09600000,2026-06-09 18:23:22+00:00,9600.0,4.1,4.0,4.6,-0.5999999,-12.765956,50.0,1262.0,0.1538246849822998,False,REGULAR,USD,2027-01-15,7355.39013671875,0.0363499975204467,call,1.305165303479412,0.6027397260273972,4.3
SPX270115C09800000,2026-06-08 14:52:21+00:00,9800.0,2.4,2.75,3.3,-1.0,-29.411764,2.0,514.0,0.1569679640960693,False,REGULAR,USD,2027-01-15,7355.39013671875,0.0363499975204467,call,1.3323562473018995,0.6027397260273972,3.025
SPX270115C10000000,2026-06-09 15:21:05+00:00,10000.0,2.0,2.0,2.55,-0.28999996,-12.663754,1.0,1569.0,0.1612937875366211,False,REGULAR,USD,2027-01-15,7355.39013671875,0.0363499975204467,call,1.3595471911243873,0.6027397260273972,2.275
SPX270115C10200000,2026-06-08 18:53:26+00:00,10200.0,1.75,1.5,2.0,0.0,0.0,75.0,1196.0,0.1655967230224609,False,REGULAR,USD,2027-01-15,7355.39013671875,0.0363499975204467,call,1.386738134946875,0.6027397260273972,1.75
SPX270115C11400000,2026-06-09 14:16:38+00:00,11400.0,0.55,0.5,0.65,-0.099999964,-15.38461,2.0,1817.0,0.1916584741210937,False,REGULAR,USD,2027-01-15,7355.39013671875,0.0363499975204467,call,1.5498837978818016,0.6027397260273972,0.575
SPX270219C07300000,2026-06-09 18:34:37+00:00,7300.0,589.41,585.4,587.8,-51.600037,-8.049803,12.0,1833.0,0.2285977256965637,True,REGULAR,USD,2027-02-19,7355.39013671875,0.0363499975204467,call,0.9924694495208028,0.6986301369863014,586.5999999999999
SPX270219C07325000,2026-05-28 15:19:29+00:00,7325.0,704.22,572.5,574.6,0.0,0.0,1.0,614.0,0.2280493684482574,True,REGULAR,USD,2027-02-19,7355.39013671875,0.0363499975204467,call,0.9958683174986136,0.6986301369863014,573.55
SPX270219C07350000,2026-06-08 19:47:51+00:00,7350.0,580.82,555.3,557.7,0.0,0.0,76.0,582.0,0.2259174508333206,True,REGULAR,USD,2027-02-19,7355.39013671875,0.0363499975204467,call,0.9992671854764248,0.6986301369863014,556.5
SPX270219C07375000,2026-05-29 14:06:48+00:00,7375.0,697.27,536.0,538.7,0.0,0.0,1.0,212.0,0.2228633393764495,False,REGULAR,USD,2027-02-19,7355.39013671875,0.0363499975204467,call,1.0026660534542358,0.6986301369863014,537.35
SPX270219C07400000,2026-06-08 15:10:40+00:00,7400.0,582.65,522.1,524.4,0.0,0.0,2.0,2875.0,0.2216607680892944,False,REGULAR,USD,2027-02-19,7355.39013671875,0.0363499975204467,call,1.0060649214320467,0.6986301369863014,523.25
SPX270219C07425000,2026-06-03 14:08:32+00:00,7425.0,651.28,504.1,506.2,0.0,0.0,1.0,78.0,0.2187997737503051,False,REGULAR,USD,2027-02-19,7355.39013671875,0.0363499975204467,call,1.0094637894098577,0.6986301369863014,505.15
SPX270219C07450000,2026-06-09 17:12:24+00:00,7450.0,449.73,491.3,493.9,-72.51999,-13.886068,1.0,4024.0,0.2182704897975921,False,REGULAR,USD,2027-02-19,7355.39013671875,0.0363499975204467,call,1.012862657387669,0.6986301369863014,492.6
SPX270219C07475000,2026-06-09 16:36:56+00:00,7475.0,432.3,472.7,475.0,-77.650024,-15.226988,1.0,209.0,0.2149832073020935,False,REGULAR,USD,2027-02-19,7355.39013671875,0.0363499975204467,call,1.0162615253654796,0.6986301369863014,473.85
SPX270219C07500000,2026-06-09 16:53:23+00:00,7500.0,401.48,457.4,459.8,-115.149994,-22.288677,26.0,4233.0,0.2131268988084793,False,REGULAR,USD,2027-02-19,7355.39013671875,0.0363499975204467,call,1.0196603933432906,0.6986301369863014,458.6
SPX270219C07525000,2026-06-09 16:36:56+00:00,7525.0,403.5,445.3,447.8,-75.29001,-15.725059,1.0,553.0,0.2124979568862915,False,REGULAR,USD,2027-02-19,7355.39013671875,0.0363499975204467,call,1.0230592613211016,0.6986301369863014,446.55
SPX270219C07550000,2026-06-08 04:19:54+00:00,7550.0,415.46,430.8,433.4,-39.5,-8.682082,6.0,1478.0,0.2108156922149658,False,REGULAR,USD,2027-02-19,7355.39013671875,0.0363499975204467,call,1.0264581292989126,0.6986301369863014,432.1
SPX270219C07575000,2026-06-08 19:53:16+00:00,7575.0,434.15,415.3,417.6,0.0,0.0,1.0,150.0,0.2084839818286895,False,REGULAR,USD,2027-02-19,7355.39013671875,0.0363499975204467,call,1.0298569972767233,0.6986301369863014,416.4500000000001
SPX270219C07600000,2026-06-09 16:36:56+00:00,7600.0,362.1,398.8,401.2,-96.69998,-21.076717,2.0,985.0,0.2058251644229888,False,REGULAR,USD,2027-02-19,7355.39013671875,0.0363499975204467,call,1.0332558652545345,0.6986301369863014,400.0
SPX270219C07625000,2026-06-09 15:14:09+00:00,7625.0,349.2,387.8,390.2,-38.44998,-9.918736,26.0,101.0,0.2052930194759368,False,REGULAR,USD,2027-02-19,7355.39013671875,0.0363499975204467,call,1.0366547332323452,0.6986301369863014,389.0
SPX270219C07650000,2026-06-05 14:35:47+00:00,7650.0,462.9,374.0,376.4,0.0,0.0,7.0,235.0,0.2035330311250686,False,REGULAR,USD,2027-02-19,7355.39013671875,0.0363499975204467,call,1.0400536012101562,0.6986301369863014,375.2
SPX270219C07675000,2026-06-09 16:36:37+00:00,7675.0,323.0,358.9,361.4,-85.880005,-21.003717,1.0,131.0,0.2011922609233856,False,REGULAR,USD,2027-02-19,7355.39013671875,0.0363499975204467,call,1.0434524691879672,0.6986301369863014,360.15
SPX270219C07700000,2026-06-09 16:36:36+00:00,7700.0,310.7,344.9,346.9,-63.19998,-16.90291,53.0,913.0,0.1989664073276519,False,REGULAR,USD,2027-02-19,7355.39013671875,0.0363499975204467,call,1.0468513371657782,0.6986301369863014,345.9
SPX270219C07725000,2026-06-09 17:41:27+00:00,7725.0,320.81,332.1,334.0,-91.59,-22.20902,76.0,207.0,0.1973122757673263,False,REGULAR,USD,2027-02-19,7355.39013671875,0.0363499975204467,call,1.0502502051435891,0.6986301369863014,333.05
SPX270219C07750000,2026-06-08 15:41:17+00:00,7750.0,322.96,321.6,323.9,-37.880005,-10.497729,1.0,349.0,0.1967381695699691,False,REGULAR,USD,2027-02-19,7355.39013671875,0.0363499975204467,call,1.0536490731214,0.6986301369863014,322.75
SPX270219C07775000,2026-06-09 16:36:43+00:00,7775.0,275.3,309.3,311.5,-145.0,-34.49917,5.0,397.0,0.1951164626121521,False,REGULAR,USD,2027-02-19,7355.39013671875,0.0363499975204467,call,1.057047941099211,0.6986301369863014,310.4
SPX270219C07800000,2026-06-08 19:47:51+00:00,7800.0,255.1,295.0,297.1,-60.059998,-19.056986,1.0,1822.0,0.1925534885168076,False,REGULAR,USD,2027-02-19,7355.39013671875,0.0363499975204467,call,1.060446809077022,0.6986301369863014,296.05
SPX270219C07825000,2026-06-08 16:31:30+00:00,7825.0,317.47,285.6,287.6,0.0,0.0,12.0,337.0,0.1919703225040436,False,REGULAR,USD,2027-02-19,7355.39013671875,0.0363499975204467,call,1.063845677054833,0.6986301369863014,286.6
SPX270219C07850000,2026-06-08 14:48:43+00:00,7850.0,310.7,272.7,275.0,0.0,0.0,4.0,275.0,0.1899723947906494,False,REGULAR,USD,2027-02-19,7355.39013671875,0.0363499975204467,call,1.067244545032644,0.6986301369863014,273.85
SPX270219C07875000,2026-06-04 19:50:01+00:00,7875.0,379.7,260.9,262.9,0.0,0.0,1.0,113.0,0.1880850921916961,False,REGULAR,USD,2027-02-19,7355.39013671875,0.0363499975204467,call,1.070643413010455,0.6986301369863014,261.9
SPX270219C07900000,2026-06-08 19:43:59+00:00,7900.0,214.21,249.8,252.0,-52.37999,-19.648146,1.0,256.0,0.1866145411014557,False,REGULAR,USD,2027-02-19,7355.39013671875,0.0363499975204467,call,1.074042280988266,0.6986301369863014,250.9
SPX270219C07925000,2026-06-03 17:13:02+00:00,7925.0,336.69,239.1,241.4,0.0,0.0,2.0,454.0,0.1851735536193847,False,REGULAR,USD,2027-02-19,7355.39013671875,0.0363499975204467,call,1.077441148966077,0.6986301369863014,240.25
SPX270219C07950000,2026-06-05 19:36:04+00:00,7950.0,202.98,229.4,231.3,-45.42,-18.285025,2.0,293.0,0.1838527278995513,False,REGULAR,USD,2027-02-19,7355.39013671875,0.0363499975204467,call,1.080840016943888,0.6986301369863014,230.35
SPX270219C07975000,2026-06-05 18:46:10+00:00,7975.0,242.68,219.2,221.3,0.0,0.0,2.0,259.0,0.1824727749633788,False,REGULAR,USD,2027-02-19,7355.39013671875,0.0363499975204467,call,1.0842388849216988,0.6986301369863014,220.25
SPX270219C08000000,2026-06-09 19:01:12+00:00,8000.0,213.4,209.7,211.6,-16.630005,-7.229494,180.0,4476.0,0.1811233393001556,False,REGULAR,USD,2027-02-19,7355.39013671875,0.0363499975204467,call,1.0876377528995098,0.6986301369863014,210.65
SPX270219C08025000,2026-06-01 18:55:25+00:00,8025.0,312.87,200.5,202.5,0.0,0.0,50.0,116.0,0.1799427023029327,False,REGULAR,USD,2027-02-19,7355.39013671875,0.0363499975204467,call,1.0910366208773208,0.6986301369863014,201.5
SPX270219C08050000,2026-06-05 19:33:12+00:00,8050.0,198.54,191.4,193.4,-8.330002,-4.0266843,2.0,332.0,0.1786576390123367,False,REGULAR,USD,2027-02-19,7355.39013671875,0.0363499975204467,call,1.0944354888551318,0.6986301369863014,192.4
SPX270219C08075000,2026-06-01 14:16:43+00:00,8075.0,272.7,183.0,184.9,0.0,0.0,1.0,30.0,0.177547096376419,False,REGULAR,USD,2027-02-19,7355.39013671875,0.0363499975204467,call,1.0978343568329427,0.6986301369863014,183.95
SPX270219C08100000,2026-06-09 17:13:14+00:00,8100.0,155.64,175.1,177.0,-114.86,-42.46211,2.0,682.0,0.1766172732162475,False,REGULAR,USD,2027-02-19,7355.39013671875,0.0363499975204467,call,1.1012332248107537,0.6986301369863014,176.05
SPX270219C08125000,2026-06-08 19:07:56+00:00,8125.0,180.12,166.7,168.4,-3.8099976,-2.071439,1.0,19.0,0.1752439959335326,False,REGULAR,USD,2027-02-19,7355.39013671875,0.0363499975204467,call,1.104632092788565,0.6986301369863014,167.55
SPX270219C08150000,2026-06-05 14:21:18+00:00,8150.0,216.99,158.5,160.3,0.0,0.0,5.0,297.0,0.1739994633960724,False,REGULAR,USD,2027-02-19,7355.39013671875,0.0363499975204467,call,1.1080309607663756,0.6986301369863014,159.4
SPX270219C08175000,2026-06-08 15:14:51+00:00,8175.0,180.74,153.0,154.7,0.0,0.0,8.0,110.0,0.1738983749294281,False,REGULAR,USD,2027-02-19,7355.39013671875,0.0363499975204467,call,1.1114298287441866,0.6986301369863014,153.85
SPX270219C08200000,2026-06-09 17:11:44+00:00,8200.0,126.43,143.9,145.7,-36.07,-22.196922,110.0,1553.0,0.1719776940631867,False,REGULAR,USD,2027-02-19,7355.39013671875,0.0363499975204467,call,1.1148286967219976,0.6986301369863014,144.8
SPX270219C08225000,2026-06-09 16:35:58+00:00,8225.0,118.49,138.2,140.0,-63.260002,-34.806053,3.0,78.0,0.1716343747425079,False,REGULAR,USD,2027-02-19,7355.39013671875,0.0363499975204467,call,1.1182275646998086,0.6986301369863014,139.1
SPX270219C08250000,2026-06-09 18:14:22+00:00,8250.0,125.93,131.0,132.7,-79.54,-38.711246,4.0,498.0,0.1703526492786407,False,REGULAR,USD,2027-02-19,7355.39013671875,0.0363499975204467,call,1.1216264326776195,0.6986301369863014,131.85
SPX270219C08275000,2026-06-09 18:12:50+00:00,8275.0,119.71,124.1,126.4,-84.29,-41.318626,146.0,94.0,0.169488628988266,False,REGULAR,USD,2027-02-19,7355.39013671875,0.0363499975204467,call,1.1250253006554305,0.6986301369863014,125.25
SPX270219C08300000,2026-06-09 13:56:15+00:00,8300.0,143.69,119.2,120.8,2.930008,2.081563,4.0,1787.0,0.1689011714839935,False,REGULAR,USD,2027-02-19,7355.39013671875,0.0363499975204467,call,1.1284241686332417,0.6986301369863014,120.0
SPX270219C08325000,2026-06-04 19:50:01+00:00,8325.0,185.0,112.1,113.7,0.0,0.0,99.0,254.0,0.1673667248535156,False,REGULAR,USD,2027-02-19,7355.39013671875,0.0363499975204467,call,1.1318230366110524,0.6986301369863014,112.9
SPX270219C08350000,2026-06-08 16:02:16+00:00,8350.0,98.1,106.7,108.1,-26.0,-20.950846,1.0,143.0,0.1665580171203614,False,REGULAR,USD,2027-02-19,7355.39013671875,0.0363499975204467,call,1.1352219045888634,0.6986301369863014,107.4
SPX270219C08375000,2026-06-09 18:01:21+00:00,8375.0,97.31,102.6,104.0,-18.690002,-16.112072,16.0,81.0,0.1665217778587341,False,REGULAR,USD,2027-02-19,7355.39013671875,0.0363499975204467,call,1.1386207725666744,0.6986301369863014,103.3
SPX270219C08400000,2026-06-09 18:01:21+00:00,8400.0,92.34,96.5,98.1,-12.860001,-12.224335,100.0,1421.0,0.1653230212306976,False,REGULAR,USD,2027-02-19,7355.39013671875,0.0363499975204467,call,1.1420196405444851,0.6986301369863014,97.3
SPX270219C08500000,2026-06-09 14:16:16+00:00,8500.0,87.77,77.7,79.1,-14.010002,-13.764986,2.0,1181.0,0.1621826031112671,False,REGULAR,USD,2027-02-19,7355.39013671875,0.0363499975204467,call,1.1556151124557292,0.6986301369863014,78.4
SPX270219C08550000,2026-06-09 17:22:06+00:00,8550.0,62.8,70.5,72.0,-62.26,-49.784103,9.0,62.0,0.161571303987503,False,REGULAR,USD,2027-02-19,7355.39013671875,0.0363499975204467,call,1.1624128484113512,0.6986301369863014,71.25
SPX270219C08600000,2026-06-09 16:30:12+00:00,8600.0,50.8,63.2,64.5,-21.619999,-29.853632,3.0,790.0,0.1602848101997375,False,REGULAR,USD,2027-02-19,7355.39013671875,0.0363499975204467,call,1.1692105843669731,0.6986301369863014,63.85
SPX270219C08700000,2026-06-08 16:24:43+00:00,8700.0,60.0,50.6,51.9,0.0,0.0,1.0,617.0,0.1582630408668518,False,REGULAR,USD,2027-02-19,7355.39013671875,0.0363499975204467,call,1.182806056278217,0.6986301369863014,51.25
SPX270219C08800000,2026-06-09 16:35:58+00:00,8800.0,33.04,40.3,41.6,-13.669998,-29.265676,21.0,2100.0,0.1565464442634583,False,REGULAR,USD,2027-02-19,7355.39013671875,0.0363499975204467,call,1.1964015281894609,0.6986301369863014,40.95
SPX270219C08900000,2026-06-09 19:03:44+00:00,8900.0,33.25,32.1,33.2,-6.450001,-16.383036,292.0,1032.0,0.1550625418663025,False,REGULAR,USD,2027-02-19,7355.39013671875,0.0363499975204467,call,1.2099970001007048,0.6986301369863014,32.650000000000006
SPX270219C09000000,2026-06-05 19:21:31+00:00,9000.0,27.33,25.5,26.4,0.0,0.0,20.0,513.0,0.1537941677093506,False,REGULAR,USD,2027-02-19,7355.39013671875,0.0363499975204467,call,1.2235924720119489,0.6986301369863014,25.95
SPX270219C09100000,2026-06-09 17:41:31+00:00,9100.0,18.73,20.2,21.1,-2.6100006,-12.230556,8.0,60.0,0.152966386680603,False,REGULAR,USD,2027-02-19,7355.39013671875,0.0363499975204467,call,1.2371879439231923,0.6986301369863014,20.65
SPX270219C09200000,2026-06-04 14:31:19+00:00,9200.0,27.33,15.9,16.8,0.0,0.0,2.0,337.0,0.1522416014480591,False,REGULAR,USD,2027-02-19,7355.39013671875,0.0363499975204467,call,1.2507834158344364,0.6986301369863014,16.35
SPX270219C09300000,2026-06-09 17:24:27+00:00,9300.0,11.21,12.6,13.4,-8.339999,-42.659843,4.0,12.0,0.1517533250808715,False,REGULAR,USD,2027-02-19,7355.39013671875,0.0363499975204467,call,1.2643788877456803,0.6986301369863014,13.0
SPX270219C09400000,2026-06-09 17:41:31+00:00,9400.0,9.54,10.1,10.8,-7.660001,-44.534885,15.0,566.0,0.1516655879211426,False,REGULAR,USD,2027-02-19,7355.39013671875,0.0363499975204467,call,1.2779743596569242,0.6986301369863014,10.45
SPX270219C09600000,2026-06-05 19:28:13+00:00,9600.0,7.1,6.7,7.3,0.0,0.0,2.0,141.0,0.1526497699737549,False,REGULAR,USD,2027-02-19,7355.39013671875,0.0363499975204467,call,1.305165303479412,0.6986301369863014,7.0
SPX270219C09800000,2026-06-09 18:54:09+00:00,9800.0,4.7,4.6,5.2,-2.15,-31.386864,3.0,63.0,0.1548241256713867,False,REGULAR,USD,2027-02-19,7355.39013671875,0.0363499975204467,call,1.3323562473018995,0.6986301369863014,4.9
SPX270219C10000000,2026-06-09 19:04:40+00:00,10000.0,3.57,3.3,3.9,-0.029999971,-0.83333254,4.0,1153.0,0.1579216288757324,False,REGULAR,USD,2027-02-19,7355.39013671875,0.0363499975204467,call,1.3595471911243873,0.6986301369863014,3.6
SPX270219C10200000,2026-06-09 17:24:27+00:00,10200.0,2.43,2.45,3.1,-1.1499999,-32.122902,4.0,268.0,0.16191939163208,False,REGULAR,USD,2027-02-19,7355.39013671875,0.0363499975204467,call,1.386738134946875,0.6986301369863014,2.7750000000000004
SPX270219C10400000,2026-06-05 18:04:55+00:00,10400.0,2.3,1.9,2.4,0.0,0.0,86.0,394.0,0.1651542225646973,False,REGULAR,USD,2027-02-19,7355.39013671875,0.0363499975204467,call,1.4139290787693628,0.6986301369863014,2.15
SPX270219C10600000,2026-06-04 19:42:12+00:00,10600.0,2.38,1.5,1.95,0.0,0.0,2.0,34.0,0.1690604335021973,False,REGULAR,USD,2027-02-19,7355.39013671875,0.0363499975204467,call,1.4411200225918506,0.6986301369863014,1.725
SPX270219C12000000,2026-06-09 19:04:40+00:00,12000.0,0.52,0.45,0.6,-0.13,-16.666668,2.0,193.0,0.1951984777832031,False,REGULAR,USD,2027-02-19,7355.39013671875,0.0363499975204467,call,1.6314566293492647,0.6986301369863014,0.525
SPX270319C07300000,2026-06-09 17:22:25+00:00,7300.0,593.0,625.6,628.0,-57.130005,-8.787474,749.0,2826.0,0.2326088397598266,True,REGULAR,USD,2027-03-19,7355.39013671875,0.0363499975204467,call,0.9924694495208028,0.7753424657534247,626.8
SPX270319C07325000,2026-06-09 16:55:12+00:00,7325.0,569.02,610.9,613.1,-95.54999,-14.377716,4.0,935.0,0.2313919635009765,True,REGULAR,USD,2027-03-19,7355.39013671875,0.0363499975204467,call,0.9958683174986136,0.7753424657534247,612.0
SPX270319C07350000,2026-06-09 18:34:37+00:00,7350.0,595.01,591.6,593.8,-21.630005,-3.50772,8.0,1660.0,0.2284069927406311,True,REGULAR,USD,2027-03-19,7355.39013671875,0.0363499975204467,call,0.9992671854764248,0.7753424657534247,592.7
SPX270319C07375000,2026-06-09 14:44:08+00:00,7375.0,597.37,576.4,579.1,-3.8099976,-0.63375324,4.0,535.0,0.2271519698905944,False,REGULAR,USD,2027-03-19,7355.39013671875,0.0363499975204467,call,1.0026660534542358,0.7753424657534247,577.75
SPX270319C07400000,2026-06-09 16:09:12+00:00,7400.0,497.29,560.1,562.5,-87.45999,-14.956818,37.0,3311.0,0.2250996832847595,False,REGULAR,USD,2027-03-19,7355.39013671875,0.0363499975204467,call,1.0060649214320467,0.7753424657534247,561.3
SPX270319C07425000,2026-06-08 16:17:05+00:00,7425.0,595.59,546.1,548.3,0.0,0.0,4.0,931.0,0.2239161852931975,False,REGULAR,USD,2027-03-19,7355.39013671875,0.0363499975204467,call,1.0094637894098577,0.7753424657534247,547.2
SPX270319C07450000,2026-06-08 19:46:10+00:00,7450.0,551.93,527.5,529.4,0.0,0.0,14.0,629.0,0.2208530140209197,False,REGULAR,USD,2027-03-19,7355.39013671875,0.0363499975204467,call,1.012862657387669,0.7753424657534247,528.45
SPX270319C07475000,2026-06-08 19:47:16+00:00,7475.0,537.89,512.7,515.4,0.0,0.0,10.0,5120.0,0.219620879125595,False,REGULAR,USD,2027-03-19,7355.39013671875,0.0363499975204467,call,1.0162615253654796,0.7753424657534247,514.05
SPX270319C07500000,2026-06-09 17:38:10+00:00,7500.0,479.19,498.7,500.8,-41.710022,-8.007298,302.0,10662.0,0.2180921544837951,False,REGULAR,USD,2027-03-19,7355.39013671875,0.0363499975204467,call,1.0196603933432906,0.7753424657534247,499.75
SPX270319C07525000,2026-05-28 14:55:48+00:00,7525.0,598.25,483.6,485.7,0.0,0.0,64.0,373.0,0.2163049866867065,False,REGULAR,USD,2027-03-19,7355.39013671875,0.0363499975204467,call,1.0230592613211016,0.7753424657534247,484.65
SPX270319C07550000,2026-06-05 19:54:04+00:00,7550.0,497.0,466.4,468.7,0.0,0.0,320.0,2541.0,0.2137157868099212,False,REGULAR,USD,2027-03-19,7355.39013671875,0.0363499975204467,call,1.0264581292989126,0.7753424657534247,467.55
SPX270319C07575000,2026-05-29 15:29:35+00:00,7575.0,594.2,451.9,454.1,0.0,0.0,1.0,199.0,0.2119858388996124,False,REGULAR,USD,2027-03-19,7355.39013671875,0.0363499975204467,call,1.0298569972767233,0.7753424657534247,453.0
SPX270319C07600000,2026-06-09 16:58:00+00:00,7600.0,386.16,440.0,442.3,-89.139984,-18.754467,2.0,6677.0,0.2112696366500854,False,REGULAR,USD,2027-03-19,7355.39013671875,0.0363499975204467,call,1.0332558652545345,0.7753424657534247,441.15
SPX270319C07625000,2026-06-09 16:30:49+00:00,7625.0,385.1,423.4,426.9,-69.03,-15.200493,9.0,216.0,0.2090886052989959,False,REGULAR,USD,2027-03-19,7355.39013671875,0.0363499975204467,call,1.0366547332323452,0.7753424657534247,425.15
SPX270319C07650000,2026-06-08 15:10:33+00:00,7650.0,463.59,409.6,411.6,0.0,0.0,10.0,1427.0,0.2068718115186691,False,REGULAR,USD,2027-03-19,7355.39013671875,0.0363499975204467,call,1.0400536012101562,0.7753424657534247,410.6
SPX270319C07675000,2026-06-08 17:26:48+00:00,7675.0,425.98,396.1,398.0,0.0,0.0,26.0,984.0,0.2052405679130553,False,REGULAR,USD,2027-03-19,7355.39013671875,0.0363499975204467,call,1.0434524691879672,0.7753424657534247,397.05
SPX270319C07700000,2026-06-09 16:28:59+00:00,7700.0,343.37,382.2,384.3,-70.42999,-17.020298,282.0,3676.0,0.2034953613662719,False,REGULAR,USD,2027-03-19,7355.39013671875,0.0363499975204467,call,1.0468513371657782,0.7753424657534247,383.25
SPX270319C07725000,2026-06-09 16:47:17+00:00,7725.0,323.31,370.3,372.6,-63.170013,-16.344963,48.0,798.0,0.2024572972536086,False,REGULAR,USD,2027-03-19,7355.39013671875,0.0363499975204467,call,1.0502502051435891,0.7753424657534247,371.4500000000001
SPX270319C07750000,2026-06-09 16:55:12+00:00,7750.0,327.21,356.7,358.5,-47.839996,-12.755631,8.0,2975.0,0.2003988118267058,False,REGULAR,USD,2027-03-19,7355.39013671875,0.0363499975204467,call,1.0536490731214,0.7753424657534247,357.6
SPX270319C07775000,2026-06-08 17:32:34+00:00,7775.0,374.5,344.2,346.2,0.0,0.0,1.0,147.0,0.1989692683219909,False,REGULAR,USD,2027-03-19,7355.39013671875,0.0363499975204467,call,1.057047941099211,0.7753424657534247,345.2
SPX270319C07800000,2026-06-08 19:43:12+00:00,7800.0,369.7,332.3,334.7,20.02002,5.72524,1.0,6376.0,0.1977786178445816,False,REGULAR,USD,2027-03-19,7355.39013671875,0.0363499975204467,call,1.060446809077022,0.7753424657534247,333.5
SPX270319C07825000,2026-06-08 19:34:09+00:00,7825.0,326.86,319.7,321.7,-11.610016,-3.4301462,50.0,151.0,0.1959080043792725,False,REGULAR,USD,2027-03-19,7355.39013671875,0.0363499975204467,call,1.063845677054833,0.7753424657534247,320.7
SPX270319C07850000,2026-06-09 16:00:13+00:00,7850.0,281.1,307.7,310.0,-44.329987,-13.621973,1.0,2267.0,0.1944736925506592,False,REGULAR,USD,2027-03-19,7355.39013671875,0.0363499975204467,call,1.067244545032644,0.7753424657534247,308.85
SPX270319C07875000,2026-06-08 19:47:16+00:00,7875.0,264.6,297.7,299.5,-50.29001,-15.970658,1.0,396.0,0.1934418272590637,False,REGULAR,USD,2027-03-19,7355.39013671875,0.0363499975204467,call,1.070643413010455,0.7753424657534247,298.6
SPX270319C07900000,2026-06-09 16:00:14+00:00,7900.0,247.3,287.0,288.8,-55.449997,-18.31544,6.0,3023.0,0.1922468852901458,False,REGULAR,USD,2027-03-19,7355.39013671875,0.0363499975204467,call,1.074042280988266,0.7753424657534247,287.9
SPX270319C07925000,2026-06-08 16:42:54+00:00,7925.0,302.8,276.0,277.9,0.0,0.0,1.0,66.0,0.1908869593143463,False,REGULAR,USD,2027-03-19,7355.39013671875,0.0363499975204467,call,1.077441148966077,0.7753424657534247,276.95
SPX270319C07950000,2026-06-08 16:14:02+00:00,7950.0,296.28,263.8,266.1,0.0,0.0,3.0,1959.0,0.1890649827528,False,REGULAR,USD,2027-03-19,7355.39013671875,0.0363499975204467,call,1.080840016943888,0.7753424657534247,264.95000000000005
SPX270319C07975000,2026-06-08 17:21:38+00:00,7975.0,275.49,254.2,256.0,0.0,0.0,2.0,27.0,0.1878581199741363,False,REGULAR,USD,2027-03-19,7355.39013671875,0.0363499975204467,call,1.0842388849216988,0.7753424657534247,255.1
SPX270319C08000000,2026-06-09 19:03:17+00:00,8000.0,248.84,244.6,246.4,-10.23999,-3.9524436,385.0,15049.0,0.1867738031196594,False,REGULAR,USD,2027-03-19,7355.39013671875,0.0363499975204467,call,1.0876377528995098,0.7753424657534247,245.5
SPX270319C08025000,2026-06-09 19:03:17+00:00,8025.0,235.8,233.8,235.5,-12.929993,-5.1984053,241.0,1503.0,0.1850476698684692,False,REGULAR,USD,2027-03-19,7355.39013671875,0.0363499975204467,call,1.0910366208773208,0.7753424657534247,234.65
SPX270319C08050000,2026-06-05 15:01:55+00:00,8050.0,287.36,225.0,227.0,0.0,0.0,50.0,1654.0,0.1842551744365692,False,REGULAR,USD,2027-03-19,7355.39013671875,0.0363499975204467,call,1.0944354888551318,0.7753424657534247,226.0
SPX270319C08075000,2026-06-05 15:16:03+00:00,8075.0,270.52,214.0,215.8,0.0,0.0,2.0,46.0,0.1822000268363952,False,REGULAR,USD,2027-03-19,7355.39013671875,0.0363499975204467,call,1.0978343568329427,0.7753424657534247,214.9
SPX270319C08100000,2026-06-09 19:12:32+00:00,8100.0,208.1,205.2,206.9,-16.5,-7.3463936,5.0,2995.0,0.1810470461177825,False,REGULAR,USD,2027-03-19,7355.39013671875,0.0363499975204467,call,1.1012332248107537,0.7753424657534247,206.05
SPX270319C08125000,2026-06-09 16:50:06+00:00,8125.0,185.6,196.1,198.1,-29.949997,-13.894687,13.0,59.0,0.179845428495407,False,REGULAR,USD,2027-03-19,7355.39013671875,0.0363499975204467,call,1.104632092788565,0.7753424657534247,197.1
SPX270319C08150000,2026-06-09 17:49:36+00:00,8150.0,176.0,188.1,189.6,-41.399994,-19.043236,28.0,379.0,0.1786819574642181,False,REGULAR,USD,2027-03-19,7355.39013671875,0.0363499975204467,call,1.1080309607663756,0.7753424657534247,188.85
SPX270319C08175000,2026-06-05 19:08:55+00:00,8175.0,195.17,181.1,182.7,0.0,0.0,18.0,67.0,0.1781574418354034,False,REGULAR,USD,2027-03-19,7355.39013671875,0.0363499975204467,call,1.1114298287441866,0.7753424657534247,181.9
SPX270319C08200000,2026-06-09 19:00:25+00:00,8200.0,175.48,173.4,175.2,-8.169998,-4.4486785,163.0,7404.0,0.1772714872550964,False,REGULAR,USD,2027-03-19,7355.39013671875,0.0363499975204467,call,1.1148286967219976,0.7753424657534247,174.3
SPX270319C08225000,2026-06-09 15:57:43+00:00,8225.0,147.03,165.8,167.5,-100.3,-40.55311,1.0,33.0,0.1761986143779754,False,REGULAR,USD,2027-03-19,7355.39013671875,0.0363499975204467,call,1.1182275646998086,0.7753424657534247,166.65
SPX270319C08250000,2026-06-09 14:49:02+00:00,8250.0,140.75,157.3,159.0,-33.179993,-19.076637,206.0,372.0,0.1746422334575653,False,REGULAR,USD,2027-03-19,7355.39013671875,0.0363499975204467,call,1.1216264326776195,0.7753424657534247,158.15
SPX270319C08275000,2026-06-08 17:33:10+00:00,8275.0,167.9,150.5,152.4,0.0,0.0,90.0,236.0,0.1738983749294281,False,REGULAR,USD,2027-03-19,7355.39013671875,0.0363499975204467,call,1.1250253006554305,0.7753424657534247,151.45
SPX270319C08300000,2026-06-09 14:42:12+00:00,8300.0,158.6,144.5,146.2,3.4500122,2.2236624,25.0,5147.0,0.1732641878509521,False,REGULAR,USD,2027-03-19,7355.39013671875,0.0363499975204467,call,1.1284241686332417,0.7753424657534247,145.35
SPX270319C08325000,2026-06-01 17:53:44+00:00,8325.0,222.6,137.9,139.7,0.0,0.0,2.0,1457.0,0.1723887235832214,False,REGULAR,USD,2027-03-19,7355.39013671875,0.0363499975204467,call,1.1318230366110524,0.7753424657534247,138.8
SPX270319C08350000,2026-06-09 17:29:08+00:00,8350.0,121.14,131.6,132.9,-23.570007,-16.287752,6.0,337.0,0.1712614918136596,False,REGULAR,USD,2027-03-19,7355.39013671875,0.0363499975204467,call,1.1352219045888634,0.7753424657534247,132.25
SPX270319C08375000,2026-06-08 13:57:15+00:00,8375.0,142.87,125.7,127.3,0.0,0.0,2.0,26.0,0.1706578220081329,False,REGULAR,USD,2027-03-19,7355.39013671875,0.0363499975204467,call,1.1386207725666744,0.7753424657534247,126.5
SPX270319C08400000,2026-06-09 18:22:30+00:00,8400.0,117.0,119.1,120.8,-14.0,-10.687023,2.0,7011.0,0.1694819533348083,False,REGULAR,USD,2027-03-19,7355.39013671875,0.0363499975204467,call,1.1420196405444851,0.7753424657534247,119.95
SPX270319C08425000,2026-06-09 15:36:41+00:00,8425.0,103.87,113.5,115.2,-27.129997,-20.70992,124.0,188.0,0.1686856432437897,False,REGULAR,USD,2027-03-19,7355.39013671875,0.0363499975204467,call,1.1454185085222963,0.7753424657534247,114.35
SPX270319C08450000,2026-06-02 19:03:52+00:00,8450.0,180.68,107.9,109.2,0.0,0.0,6.0,19.0,0.1675669944572449,False,REGULAR,USD,2027-03-19,7355.39013671875,0.0363499975204467,call,1.1488173765001073,0.7753424657534247,108.55
SPX270319C08475000,2026-06-09 18:26:14+00:00,8475.0,100.98,102.9,104.3,-30.249992,-23.051126,6.0,20.0,0.1669633246517182,False,REGULAR,USD,2027-03-19,7355.39013671875,0.0363499975204467,call,1.1522162444779185,0.7753424657534247,103.6
SPX270319C08500000,2026-06-09 16:27:53+00:00,8500.0,82.3,98.8,100.2,-22.68,-21.604115,13.0,6666.0,0.166734445104599,False,REGULAR,USD,2027-03-19,7355.39013671875,0.0363499975204467,call,1.1556151124557292,0.7753424657534247,99.5
SPX270319C08550000,2026-06-08 16:49:58+00:00,8550.0,101.7,88.6,89.9,0.0,0.0,10.0,22.0,0.164761312675476,False,REGULAR,USD,2027-03-19,7355.39013671875,0.0363499975204467,call,1.1624128484113512,0.7753424657534247,89.25
SPX270319C08575000,2026-06-09 17:37:24+00:00,8575.0,79.17,85.1,86.5,-55.33,-41.137547,28.0,107.0,0.1647012317943572,False,REGULAR,USD,2027-03-19,7355.39013671875,0.0363499975204467,call,1.165811716389162,0.7753424657534247,85.8
SPX270319C08600000,2026-06-04 13:50:21+00:00,8600.0,75.5,80.4,81.9,-44.0,-36.820084,100.0,2482.0,0.1638028795719147,False,REGULAR,USD,2027-03-19,7355.39013671875,0.0363499975204467,call,1.1692105843669731,0.7753424657534247,81.15
SPX270319C08700000,2026-06-09 17:35:45+00:00,8700.0,60.35,65.7,66.6,-9.349998,-13.414633,198.0,2038.0,0.1612375213146209,False,REGULAR,USD,2027-03-19,7355.39013671875,0.0363499975204467,call,1.182806056278217,0.7753424657534247,66.15
SPX270319C08800000,2026-06-09 17:34:53+00:00,8800.0,49.13,53.8,55.0,-7.200001,-12.781822,40.0,5672.0,0.1598690123558044,False,REGULAR,USD,2027-03-19,7355.39013671875,0.0363499975204467,call,1.1964015281894609,0.7753424657534247,54.4
SPX270319C08900000,2026-06-09 17:37:24+00:00,8900.0,40.04,43.0,44.1,-32.879997,-45.090508,99.0,210.0,0.1576355294418334,False,REGULAR,USD,2027-03-19,7355.39013671875,0.0363499975204467,call,1.2099970001007048,0.7753424657534247,43.55
SPX270319C09000000,2026-06-09 17:33:25+00:00,9000.0,32.5,35.1,36.1,-14.700001,-31.14407,127.0,3873.0,0.1565960348320007,False,REGULAR,USD,2027-03-19,7355.39013671875,0.0363499975204467,call,1.2235924720119489,0.7753424657534247,35.6
SPX270319C09100000,2026-06-04 19:06:57+00:00,9100.0,53.15,28.2,29.1,0.0,0.0,46.0,260.0,0.1552742554473877,False,REGULAR,USD,2027-03-19,7355.39013671875,0.0363499975204467,call,1.2371879439231923,0.7753424657534247,28.65
SPX270319C09200000,2026-06-09 17:32:30+00:00,9200.0,20.3,22.4,23.4,-3.8700008,-16.01159,548.0,4077.0,0.1541451163482666,False,REGULAR,USD,2027-03-19,7355.39013671875,0.0363499975204467,call,1.2507834158344364,0.7753424657534247,22.9
SPX270319C09400000,2026-06-09 17:33:19+00:00,9400.0,13.35,14.8,15.5,-4.049999,-23.27586,34.0,1360.0,0.1531952662277221,False,REGULAR,USD,2027-03-19,7355.39013671875,0.0363499975204467,call,1.2779743596569242,0.7753424657534247,15.15
SPX270319C09600000,2026-06-09 17:35:45+00:00,9600.0,9.0,9.9,10.4,-5.4399996,-37.673126,60.0,582.0,0.1530503091812134,False,REGULAR,USD,2027-03-19,7355.39013671875,0.0363499975204467,call,1.305165303479412,0.7753424657534247,10.15
SPX270319C09800000,2026-06-09 17:34:53+00:00,9800.0,6.26,6.8,7.3,-7.1899996,-53.457245,180.0,316.0,0.1541908922576904,False,REGULAR,USD,2027-03-19,7355.39013671875,0.0363499975204467,call,1.3323562473018995,0.7753424657534247,7.05
SPX270319C10000000,2026-06-09 18:26:14+00:00,10000.0,4.86,4.9,5.3,-0.53999996,-9.999999,5.0,864.0,0.1560677045440674,False,REGULAR,USD,2027-03-19,7355.39013671875,0.0363499975204467,call,1.3595471911243873,0.7753424657534247,5.1
SPX270319C10200000,2026-06-09 16:54:45+00:00,10200.0,3.16,3.6,4.1,-2.93,-48.111656,1.0,516.0,0.1591270611572265,False,REGULAR,USD,2027-03-19,7355.39013671875,0.0363499975204467,call,1.386738134946875,0.7753424657534247,3.85
SPX270319C10400000,2026-06-05 18:51:47+00:00,10400.0,3.05,2.75,3.3,0.0,0.0,3.0,268.0,0.1627509873199462,False,REGULAR,USD,2027-03-19,7355.39013671875,0.0363499975204467,call,1.4139290787693628,0.7753424657534247,3.025
SPX270319C10600000,2026-06-08 18:26:19+00:00,10600.0,2.4,2.15,2.55,0.0,0.0,4.0,558.0,0.1653678434753418,False,REGULAR,USD,2027-03-19,7355.39013671875,0.0363499975204467,call,1.4411200225918506,0.7753424657534247,2.35
SPX270319C10800000,2026-06-05 15:45:54+00:00,10800.0,2.05,1.75,2.1,0.0,0.0,4.0,149.0,0.1689841403198242,False,REGULAR,USD,2027-03-19,7355.39013671875,0.0363499975204467,call,1.4683109664143383,0.7753424657534247,1.925
SPX270319C11000000,2026-06-09 17:40:31+00:00,11000.0,1.8,1.35,1.75,0.14999998,9.090908,4.0,929.0,0.172585178527832,False,REGULAR,USD,2027-03-19,7355.39013671875,0.0363499975204467,call,1.495501910236826,0.7753424657534247,1.55
SPXW270331C07290000,2026-03-27 14:21:46+00:00,7290.0,221.0,660.5,666.3,0.0,0.0,2.0,0.0,0.240768395614624,True,REGULAR,USD,2027-03-31,7355.39013671875,0.0363499975204467,call,0.9911099023296784,0.8082191780821918,663.4
SPXW270331C07300000,2026-06-09 16:16:55+00:00,7300.0,607.0,642.6,644.1,-57.549988,-8.659994,29.0,105.0,0.2340870201683044,True,REGULAR,USD,2027-03-31,7355.39013671875,0.0363499975204467,call,0.9924694495208028,0.8082191780821918,643.35
SPXW270331C07305000,2026-05-29 18:35:58+00:00,7305.0,787.64,636.7,638.5,0.0,0.0,1.0,2.0,0.2328491632843017,True,REGULAR,USD,2027-03-31,7355.39013671875,0.0363499975204467,call,0.993149223116365,0.8082191780821918,637.6
SPXW270331C07320000,2026-05-06 13:56:53+00:00,7320.0,607.36,647.8,651.0,0.0,0.0,2.0,5.0,0.2403082523584365,True,REGULAR,USD,2027-03-31,7355.39013671875,0.0363499975204467,call,0.9951885439030516,0.8082191780821918,649.4
SPXW270331C07325000,2026-05-05 19:47:22+00:00,7325.0,572.94,644.4,647.7,0.0,0.0,2.0,10.0,0.2399372767591475,True,REGULAR,USD,2027-03-31,7355.39013671875,0.0363499975204467,call,0.9958683174986136,0.8082191780821918,646.05
SPXW270331C07330000,2026-06-08 16:27:42+00:00,7330.0,671.09,619.8,622.2,0.0,0.0,76.0,39.0,0.2311001420783996,True,REGULAR,USD,2027-03-31,7355.39013671875,0.0363499975204467,call,0.996548091094176,0.8082191780821918,621.0
SPXW270331C07335000,2026-05-06 13:56:53+00:00,7335.0,597.63,637.7,641.0,0.0,0.0,2.0,4.0,0.2391509801483154,True,REGULAR,USD,2027-03-31,7355.39013671875,0.0363499975204467,call,0.997227864689738,0.8082191780821918,639.35
SPXW270331C07340000,2026-06-05 17:04:36+00:00,7340.0,680.0,613.2,615.0,0.0,0.0,3.0,3.0,0.2301259735059737,True,REGULAR,USD,2027-03-31,7355.39013671875,0.0363499975204467,call,0.9979076382853004,0.8082191780821918,614.1
SPXW270331C07345000,2026-05-11 14:56:05+00:00,7345.0,664.6,612.4,614.2,0.0,0.0,1.0,5.0,0.2307019870328903,True,REGULAR,USD,2027-03-31,7355.39013671875,0.0363499975204467,call,0.9985874118808624,0.8082191780821918,613.3
SPXW270331C07350000,2026-06-09 17:06:44+00:00,7350.0,564.82,604.7,609.0,-86.71997,-13.31,42.0,94.0,0.2296000273799896,True,REGULAR,USD,2027-03-31,7355.39013671875,0.0363499975204467,call,0.9992671854764248,0.8082191780821918,606.85
SPXW270331C07355000,2026-05-14 14:49:55+00:00,7355.0,721.26,605.9,607.8,0.0,0.0,1.0,2.0,0.2300186862182617,True,REGULAR,USD,2027-03-31,7355.39013671875,0.0363499975204467,call,0.9999469590719868,0.8082191780821918,606.8499999999999
SPXW270331C07360000,2026-05-06 19:13:31+00:00,7360.0,612.18,621.0,624.3,0.0,0.0,2.0,2.0,0.2371673574066161,False,REGULAR,USD,2027-03-31,7355.39013671875,0.0363499975204467,call,1.000626732667549,0.8082191780821918,622.65
SPXW270331C07365000,2026-05-14 14:49:55+00:00,7365.0,714.46,600.0,601.6,0.0,0.0,1.0,3.0,0.2294026187705993,False,REGULAR,USD,2027-03-31,7355.39013671875,0.0363499975204467,call,1.0013065062631112,0.8082191780821918,600.8
SPXW270331C07370000,2026-05-14 14:45:24+00:00,7370.0,710.46,596.5,598.2,0.0,0.0,1.0,5.0,0.2289772842788696,False,REGULAR,USD,2027-03-31,7355.39013671875,0.0363499975204467,call,1.0019862798586734,0.8082191780821918,597.35
SPXW270331C07375000,2026-05-14 14:45:24+00:00,7375.0,707.06,591.3,594.0,0.0,0.0,1.0,4.0,0.228245823392868,False,REGULAR,USD,2027-03-31,7355.39013671875,0.0363499975204467,call,1.0026660534542358,0.8082191780821918,592.65
SPXW270331C07380000,2026-05-08 18:33:55+00:00,7380.0,627.12,607.8,611.1,0.0,0.0,2.0,3.0,0.2356033471679687,False,REGULAR,USD,2027-03-31,7355.39013671875,0.0363499975204467,call,1.003345827049798,0.8082191780821918,609.45
SPXW270331C07385000,2026-05-01 15:37:39+00:00,7385.0,522.26,604.5,607.8,0.0,0.0,2.0,2.0,0.2352070994520187,False,REGULAR,USD,2027-03-31,7355.39013671875,0.0363499975204467,call,1.00402560064536,0.8082191780821918,606.15
SPXW270331C07390000,2026-05-19 16:01:08+00:00,7390.0,560.72,583.6,585.6,-22.940002,-3.930371,2.0,2.0,0.2276326169395446,False,REGULAR,USD,2027-03-31,7355.39013671875,0.0363499975204467,call,1.0047053742409222,0.8082191780821918,584.6
SPXW270331C07400000,2026-06-09 17:07:41+00:00,7400.0,533.35,573.6,575.4,-65.45001,-10.930196,60.0,225.0,0.2254673210573196,False,REGULAR,USD,2027-03-31,7355.39013671875,0.0363499975204467,call,1.0060649214320467,0.8082191780821918,574.5
SPXW270331C07405000,2026-04-14 14:14:27+00:00,7405.0,324.35,607.9,612.1,0.0,0.0,2.0,3.0,0.2402405421590804,False,REGULAR,USD,2027-03-31,7355.39013671875,0.0363499975204467,call,1.0067446950276089,0.8082191780821918,610.0
SPXW270331C07420000,2026-05-11 16:54:38+00:00,7420.0,615.88,561.6,564.0,0.0,0.0,1.0,31.0,0.2245236697578429,False,REGULAR,USD,2027-03-31,7355.39013671875,0.0363499975204467,call,1.008784015814295,0.8082191780821918,562.8
SPXW270331C07425000,2026-06-08 19:27:11+00:00,7425.0,580.62,561.0,562.8,0.0,0.0,10.0,21.0,0.2249075198316573,False,REGULAR,USD,2027-03-31,7355.39013671875,0.0363499975204467,call,1.0094637894098577,0.8082191780821918,561.9
SPXW270331C07430000,2026-05-27 19:33:06+00:00,7430.0,665.98,557.4,559.2,0.0,0.0,1.0,55.0,0.2243787127113342,False,REGULAR,USD,2027-03-31,7355.39013671875,0.0363499975204467,call,1.01014356300542,0.8082191780821918,558.3
SPXW270331C07440000,2026-05-11 16:13:53+00:00,7440.0,606.85,548.6,550.3,0.0,0.0,1.0,3.0,0.2226711759233474,False,REGULAR,USD,2027-03-31,7355.39013671875,0.0363499975204467,call,1.0115031101965442,0.8082191780821918,549.45
SPXW270331C07445000,2026-06-09 16:10:39+00:00,7445.0,502.4,547.2,549.3,-94.80002,-15.874082,1.0,5.0,0.2231208288669586,False,REGULAR,USD,2027-03-31,7355.39013671875,0.0363499975204467,call,1.0121828837921063,0.8082191780821918,548.25
SPXW270331C07450000,2026-06-09 17:09:14+00:00,7450.0,502.35,542.3,544.4,-63.649994,-11.245583,10.0,26.0,0.2220903940725326,False,REGULAR,USD,2027-03-31,7355.39013671875,0.0363499975204467,call,1.012862657387669,0.8082191780821918,543.3499999999999
SPXW270331C07460000,2026-05-14 14:48:06+00:00,7460.0,651.56,538.8,540.6,0.0,0.0,2.0,5.0,0.2222949551677703,False,REGULAR,USD,2027-03-31,7355.39013671875,0.0363499975204467,call,1.014222204578793,0.8082191780821918,539.7
SPXW270331C07480000,2026-06-08 15:16:31+00:00,7480.0,583.35,523.9,525.3,0.0,0.0,104.0,59.0,0.2197601141834258,False,REGULAR,USD,2027-03-31,7355.39013671875,0.0363499975204467,call,1.0169412989610418,0.8082191780821918,524.5999999999999
SPXW270331C07485000,2026-06-08 15:17:35+00:00,7485.0,579.2,519.3,522.2,0.0,0.0,4.0,4.0,0.2193948605728149,False,REGULAR,USD,2027-03-31,7355.39013671875,0.0363499975204467,call,1.017621072556604,0.8082191780821918,520.75
SPXW270331C07490000,2026-04-02 14:25:43+00:00,7490.0,166.4,531.8,537.8,0.0,0.0,2.0,0.0,0.2261029386329651,False,REGULAR,USD,2027-03-31,7355.39013671875,0.0363499975204467,call,1.018300846152166,0.8082191780821918,534.8
SPXW270331C07495000,2026-05-22 15:34:26+00:00,7495.0,604.59,517.2,519.0,0.0,0.0,1.0,6.0,0.2197915851211547,False,REGULAR,USD,2027-03-31,7355.39013671875,0.0363499975204467,call,1.0189806197477282,0.8082191780821918,518.1
SPXW270331C07500000,2026-06-09 15:39:59+00:00,7500.0,491.28,513.0,514.8,-78.43997,-13.768163,56.0,45.0,0.2190019506835937,False,REGULAR,USD,2027-03-31,7355.39013671875,0.0363499975204467,call,1.0196603933432906,0.8082191780821918,513.9
SPXW270331C07505000,2026-05-26 16:46:08+00:00,7505.0,607.2,508.8,510.2,0.0,0.0,9.0,7.0,0.2180592530488967,False,REGULAR,USD,2027-03-31,7355.39013671875,0.0363499975204467,call,1.0203401669388528,0.8082191780821918,509.5
SPXW270331C07510000,2026-06-01 15:17:45+00:00,7510.0,642.25,505.8,507.4,0.0,0.0,4.0,8.0,0.2177946110725402,False,REGULAR,USD,2027-03-31,7355.39013671875,0.0363499975204467,call,1.021019940534415,0.8082191780821918,506.6
SPXW270331C07515000,2026-04-02 14:25:25+00:00,7515.0,158.5,516.4,522.5,0.0,0.0,2.0,0.0,0.2243009890317916,False,REGULAR,USD,2027-03-31,7355.39013671875,0.0363499975204467,call,1.021699714129977,0.8082191780821918,519.45
SPXW270331C07520000,2026-05-28 13:39:04+00:00,7520.0,596.5,501.6,504.0,0.0,0.0,1.0,7.0,0.2180912008190154,False,REGULAR,USD,2027-03-31,7355.39013671875,0.0363499975204467,call,1.0223794877255392,0.8082191780821918,502.8
SPXW270331C07525000,2026-05-27 14:23:39+00:00,7525.0,603.3,500.2,501.9,0.0,0.0,2.0,9.0,0.2180835715007781,False,REGULAR,USD,2027-03-31,7355.39013671875,0.0363499975204467,call,1.0230592613211016,0.8082191780821918,501.05
SPXW270331C07530000,2026-05-26 16:45:21+00:00,7530.0,590.43,496.0,497.7,0.0,0.0,2.0,9.0,0.2172796320915222,False,REGULAR,USD,2027-03-31,7355.39013671875,0.0363499975204467,call,1.0237390349166635,0.8082191780821918,496.85
SPXW270331C07535000,2026-05-29 17:48:44+00:00,7535.0,625.56,493.2,495.0,0.0,0.0,1.0,9.0,0.2170402622318267,False,REGULAR,USD,2027-03-31,7355.39013671875,0.0363499975204467,call,1.024418808512226,0.8082191780821918,494.1
SPXW270331C07540000,2026-04-02 14:25:47+00:00,7540.0,150.6,502.0,507.6,0.0,0.0,2.0,0.0,0.2225896375846862,False,REGULAR,USD,2027-03-31,7355.39013671875,0.0363499975204467,call,1.025098582107788,0.8082191780821918,504.8
SPXW270331C07545000,2026-04-02 14:25:32+00:00,7545.0,149.5,498.9,504.5,0.0,0.0,1.0,0.0,0.2221943435335159,False,REGULAR,USD,2027-03-31,7355.39013671875,0.0363499975204467,call,1.0257783557033502,0.8082191780821918,501.7
SPXW270331C07550000,2026-04-02 14:25:47+00:00,7550.0,147.7,495.9,501.5,0.0,0.0,1.0,0.0,0.2218343350791931,False,REGULAR,USD,2027-03-31,7355.39013671875,0.0363499975204467,call,1.0264581292989126,0.8082191780821918,498.7
SPXW270331C07555000,2026-04-02 14:25:26+00:00,7555.0,146.3,492.4,498.6,0.0,0.0,1.0,0.0,0.2215100890541076,False,REGULAR,USD,2027-03-31,7355.39013671875,0.0363499975204467,call,1.0271379028944747,0.8082191780821918,495.5
SPXW270331C07560000,2026-05-19 13:55:52+00:00,7560.0,491.8,478.6,480.5,0.0,0.0,1.0,16.0,0.2154276150894165,False,REGULAR,USD,2027-03-31,7355.39013671875,0.0363499975204467,call,1.0278176764900369,0.8082191780821918,479.55
SPXW270331C07565000,2026-04-14 14:14:27+00:00,7565.0,248.74,509.0,513.2,0.0,0.0,2.0,7.0,0.2285776987361908,False,REGULAR,USD,2027-03-31,7355.39013671875,0.0363499975204467,call,1.028497450085599,0.8082191780821918,511.1
SPXW270331C07570000,2026-06-01 19:34:03+00:00,7570.0,627.62,470.2,472.3,0.0,0.0,10.0,17.0,0.2138545450353622,False,REGULAR,USD,2027-03-31,7355.39013671875,0.0363499975204467,call,1.0291772236811612,0.8082191780821918,471.25
SPXW270331C07575000,2026-06-09 18:57:04+00:00,7575.0,474.83,469.8,471.6,-73.75003,-13.443806,1.0,8.0,0.2143528348827361,False,REGULAR,USD,2027-03-31,7355.39013671875,0.0363499975204467,call,1.0298569972767233,0.8082191780821918,470.7000000000001
SPXW270331C07580000,2026-06-09 18:57:04+00:00,7580.0,471.71,466.9,468.8,-73.95999,-13.553978,1.0,13.0,0.2140524304771423,False,REGULAR,USD,2027-03-31,7355.39013671875,0.0363499975204467,call,1.0305367708722857,0.8082191780821918,467.85
SPXW270331C07585000,2026-06-01 19:34:03+00:00,7585.0,617.87,463.6,465.3,0.0,0.0,10.0,17.0,0.2134840462684631,False,REGULAR,USD,2027-03-31,7355.39013671875,0.0363499975204467,call,1.0312165444678478,0.8082191780821918,464.4500000000001
SPXW270331C07590000,2026-06-08 19:39:36+00:00,7590.0,481.67,458.2,459.8,0.0,0.0,2.0,8.0,0.2121536839008331,False,REGULAR,USD,2027-03-31,7355.39013671875,0.0363499975204467,call,1.03189631806341,0.8082191780821918,459.0
SPXW270331C07595000,2026-04-08 15:25:37+00:00,7595.0,182.08,491.2,495.0,0.0,0.0,2.0,7.0,0.2262517103385925,False,REGULAR,USD,2027-03-31,7355.39013671875,0.0363499975204467,call,1.032576091658972,0.8082191780821918,493.1
SPXW270331C07600000,2026-06-02 17:00:52+00:00,7600.0,612.7,455.2,456.9,0.0,0.0,6.0,133.0,0.2125585145998,False,REGULAR,USD,2027-03-31,7355.39013671875,0.0363499975204467,call,1.0332558652545345,0.8082191780821918,456.05
SPXW270331C07605000,2026-04-02 14:25:26+00:00,7605.0,132.2,463.9,469.6,0.0,0.0,1.0,0.0,0.2181255327510833,False,REGULAR,USD,2027-03-31,7355.39013671875,0.0363499975204467,call,1.0339356388500966,0.8082191780821918,466.75
SPXW270331C07610000,2026-06-02 18:56:07+00:00,7610.0,599.2,449.2,451.1,0.0,0.0,5.0,13.0,0.2118523258304595,False,REGULAR,USD,2027-03-31,7355.39013671875,0.0363499975204467,call,1.0346154124456588,0.8082191780821918,450.15
SPXW270331C07615000,2026-04-20 14:17:40+00:00,7615.0,323.94,461.7,465.2,0.0,0.0,2.0,7.0,0.2179491047668457,False,REGULAR,USD,2027-03-31,7355.39013671875,0.0363499975204467,call,1.035295186041221,0.8082191780821918,463.45
SPXW270331C07620000,2026-06-03 19:59:14+00:00,7620.0,564.21,444.3,446.0,0.0,0.0,1.0,11.0,0.2114012423896789,False,REGULAR,USD,2027-03-31,7355.39013671875,0.0363499975204467,call,1.035974959636783,0.8082191780821918,445.15
SPXW270331C07625000,2026-06-02 18:56:07+00:00,7625.0,589.65,440.4,442.2,0.0,0.0,1.0,8.0,0.2106964841175079,False,REGULAR,USD,2027-03-31,7355.39013671875,0.0363499975204467,call,1.0366547332323452,0.8082191780821918,441.3
SPXW270331C07630000,2026-04-02 14:25:26+00:00,7630.0,125.5,449.5,455.2,0.0,0.0,2.0,0.0,0.2163736505508423,False,REGULAR,USD,2027-03-31,7355.39013671875,0.0363499975204467,call,1.0373345068279076,0.8082191780821918,452.35
SPXW270331C07635000,2026-06-03 19:59:14+00:00,7635.0,555.25,433.6,435.9,0.0,0.0,2.0,7.0,0.2097728597784042,False,REGULAR,USD,2027-03-31,7355.39013671875,0.0363499975204467,call,1.0380142804234698,0.8082191780821918,434.75
SPXW270331C07640000,2026-05-19 13:55:48+00:00,7640.0,445.7,430.1,431.6,0.0,0.0,4.0,9.0,0.2088692623996734,False,REGULAR,USD,2027-03-31,7355.39013671875,0.0363499975204467,call,1.038694054019032,0.8082191780821918,430.85
SPXW270331C07645000,2026-04-02 14:25:26+00:00,7645.0,121.7,441.2,446.8,0.0,0.0,2.0,0.0,0.2153818391799927,False,REGULAR,USD,2027-03-31,7355.39013671875,0.0363499975204467,call,1.039373827614594,0.8082191780821918,444.0
SPXW270331C07650000,2026-06-09 17:04:21+00:00,7650.0,390.99,425.5,427.8,-166.27002,-29.837063,10.0,291.0,0.2088797527122497,False,REGULAR,USD,2027-03-31,7355.39013671875,0.0363499975204467,call,1.0400536012101562,0.8082191780821918,426.65
SPXW270331C07655000,2026-04-02 14:25:26+00:00,7655.0,119.1,435.6,441.3,0.0,0.0,2.0,0.0,0.2147452679395675,False,REGULAR,USD,2027-03-31,7355.39013671875,0.0363499975204467,call,1.0407333748057186,0.8082191780821918,438.4500000000001
SPXW270331C07660000,2026-04-08 15:33:00+00:00,7660.0,161.31,454.0,457.7,0.0,0.0,2.0,6.0,0.2217103586578368,False,REGULAR,USD,2027-03-31,7355.39013671875,0.0363499975204467,call,1.0414131484012807,0.8082191780821918,455.85
SPXW270331C07665000,2026-04-02 14:27:14+00:00,7665.0,116.7,430.1,435.8,0.0,0.0,2.0,0.0,0.2140977295541763,False,REGULAR,USD,2027-03-31,7355.39013671875,0.0363499975204467,call,1.042092921996843,0.8082191780821918,432.9500000000001
SPXW270331C07670000,2026-04-02 14:24:22+00:00,7670.0,115.5,427.3,433.0,0.0,0.0,2.0,0.0,0.2137510724067688,False,REGULAR,USD,2027-03-31,7355.39013671875,0.0363499975204467,call,1.042772695592405,0.8082191780821918,430.15
SPXW270331C07675000,2026-04-02 14:25:24+00:00,7675.0,114.3,424.6,429.9,0.0,0.0,2.0,0.0,0.2132866376590728,False,REGULAR,USD,2027-03-31,7355.39013671875,0.0363499975204467,call,1.0434524691879672,0.8082191780821918,427.25
SPXW270331C07680000,2026-04-02 14:26:02+00:00,7680.0,113.1,421.8,427.5,0.0,0.0,2.0,0.0,0.2130873217201233,False,REGULAR,USD,2027-03-31,7355.39013671875,0.0363499975204467,call,1.0441322427835296,0.8082191780821918,424.65
SPXW270331C07685000,2026-04-14 16:27:05+00:00,7685.0,213.27,440.4,444.0,0.0,0.0,20.0,12.0,0.2200929431915282,False,REGULAR,USD,2027-03-31,7355.39013671875,0.0363499975204467,call,1.0448120163790915,0.8082191780821918,442.2
SPXW270331C07690000,2026-04-02 14:29:50+00:00,7690.0,110.8,416.4,422.0,0.0,0.0,2.0,0.0,0.2124121270561218,False,REGULAR,USD,2027-03-31,7355.39013671875,0.0363499975204467,call,1.045491789974654,0.8082191780821918,419.2
SPXW270331C07695000,2026-04-20 14:17:40+00:00,7695.0,286.35,416.4,419.8,0.0,0.0,2.0,2.0,0.2122805213165283,False,REGULAR,USD,2027-03-31,7355.39013671875,0.0363499975204467,call,1.046171563570216,0.8082191780821918,418.1
SPXW270331C07700000,2026-06-09 16:16:55+00:00,7700.0,355.93,400.2,401.7,-171.82,-32.557083,28.0,57.0,0.2060645342826843,False,REGULAR,USD,2027-03-31,7355.39013671875,0.0363499975204467,call,1.0468513371657782,0.8082191780821918,400.95
SPXW270331C07705000,2026-06-01 14:22:16+00:00,7705.0,520.38,395.4,397.2,0.0,0.0,1.0,3.0,0.2050431593036651,False,REGULAR,USD,2027-03-31,7355.39013671875,0.0363499975204467,call,1.0475311107613403,0.8082191780821918,396.3
SPXW270331C07710000,2026-06-04 20:13:10+00:00,7710.0,521.7,393.6,395.4,0.0,0.0,25.0,27.0,0.2050536496162414,False,REGULAR,USD,2027-03-31,7355.39013671875,0.0363499975204467,call,1.048210884356903,0.8082191780821918,394.5
SPXW270331C07715000,2026-04-14 14:22:30+00:00,7715.0,189.13,424.9,428.4,0.0,0.0,2.0,3.0,0.2183854064035415,False,REGULAR,USD,2027-03-31,7355.39013671875,0.0363499975204467,call,1.0488906579524648,0.8082191780821918,426.65
SPXW270331C07720000,2026-06-01 17:59:03+00:00,7720.0,531.1,386.7,390.0,0.0,0.0,1.0,12.0,0.2043751171255111,False,REGULAR,USD,2027-03-31,7355.39013671875,0.0363499975204467,call,1.049570431548027,0.8082191780821918,388.35
SPXW270331C07725000,2026-06-01 17:59:03+00:00,7725.0,528.1,386.4,388.2,0.0,0.0,1.0,9.0,0.2043775012874603,False,REGULAR,USD,2027-03-31,7355.39013671875,0.0363499975204467,call,1.0502502051435891,0.8082191780821918,387.3
SPXW270331C07730000,2026-05-20 12:55:57+00:00,7730.0,401.7,381.4,382.8,0.0,0.0,10.0,21.0,0.2029927800273895,False,REGULAR,USD,2027-03-31,7355.39013671875,0.0363499975204467,call,1.0509299787391515,0.8082191780821918,382.1
SPXW270331C07735000,2026-05-08 15:58:48+00:00,7735.0,410.15,394.7,398.1,0.0,0.0,1.0,3.0,0.2095616230297088,False,REGULAR,USD,2027-03-31,7355.39013671875,0.0363499975204467,call,1.0516097523347137,0.8082191780821918,396.4
SPXW270331C07750000,2026-06-09 17:06:44+00:00,7750.0,338.67,373.0,374.4,-128.03998,-27.434591,42.0,34.0,0.2024997353363037,False,REGULAR,USD,2027-03-31,7355.39013671875,0.0363499975204467,call,1.0536490731214,0.8082191780821918,373.7
SPXW270331C07780000,2026-06-08 16:27:42+00:00,7780.0,395.02,356.0,357.6,0.0,0.0,38.0,14.0,0.2000507241821288,False,REGULAR,USD,2027-03-31,7355.39013671875,0.0363499975204467,call,1.0577277146947734,0.8082191780821918,356.8
SPXW270331C07785000,2026-06-05 18:41:27+00:00,7785.0,386.33,355.6,357.0,0.0,0.0,1.0,3.0,0.2004851184892654,False,REGULAR,USD,2027-03-31,7355.39013671875,0.0363499975204467,call,1.0584074882903356,0.8082191780821918,356.3
SPXW270331C07790000,2026-05-07 14:28:17+00:00,7790.0,365.08,365.8,369.2,0.0,0.0,1.0,3.0,0.2058795233154296,False,REGULAR,USD,2027-03-31,7355.39013671875,0.0363499975204467,call,1.0590872618858975,0.8082191780821918,367.5
SPXW270331C07795000,2026-05-14 14:45:28+00:00,7795.0,450.23,348.0,349.8,0.0,0.0,6.0,7.0,0.1990159978961944,False,REGULAR,USD,2027-03-31,7355.39013671875,0.0363499975204467,call,1.05976703548146,0.8082191780821918,348.9
SPXW270331C07800000,2026-06-09 17:07:41+00:00,7800.0,314.75,348.1,349.6,-49.649994,-13.625136,87.0,50.0,0.1995986870765686,False,REGULAR,USD,2027-03-31,7355.39013671875,0.0363499975204467,call,1.060446809077022,0.8082191780821918,348.85
SPXW270331C07810000,2026-04-17 13:37:35+00:00,7810.0,226.77,355.6,359.0,0.0,0.0,1.0,8.0,0.2045710952377318,False,REGULAR,USD,2027-03-31,7355.39013671875,0.0363499975204467,call,1.0618063562681466,0.8082191780821918,357.3
SPXW270331C07815000,2026-05-29 20:00:56+00:00,7815.0,456.6,340.2,342.0,0.0,0.0,2.0,2.0,0.1986059220409393,False,REGULAR,USD,2027-03-31,7355.39013671875,0.0363499975204467,call,1.0624861298637087,0.8082191780821918,341.1
SPXW270331C07820000,2026-05-01 13:55:25+00:00,7820.0,283.04,350.6,354.0,0.0,0.0,2.0,3.0,0.2039369081592559,False,REGULAR,USD,2027-03-31,7355.39013671875,0.0363499975204467,call,1.0631659034592709,0.8082191780821918,352.3
SPXW270331C07825000,2026-06-08 19:27:11+00:00,7825.0,350.32,333.6,335.1,0.0,0.0,10.0,11.0,0.197211187300682,False,REGULAR,USD,2027-03-31,7355.39013671875,0.0363499975204467,call,1.063845677054833,0.8082191780821918,334.35
SPXW270331C07830000,2026-04-10 17:21:24+00:00,7830.0,123.8,364.8,368.1,0.0,0.0,6.0,22.0,0.2107312928819656,False,REGULAR,USD,2027-03-31,7355.39013671875,0.0363499975204467,call,1.0645254506503954,0.8082191780821918,366.4500000000001
SPXW270331C07835000,2026-06-05 18:41:27+00:00,7835.0,360.68,330.9,332.4,0.0,0.0,1.0,9.0,0.1974467425012588,False,REGULAR,USD,2027-03-31,7355.39013671875,0.0363499975204467,call,1.0652052242459575,0.8082191780821918,331.65
SPXW270331C07840000,2026-04-14 14:35:56+00:00,7840.0,148.34,360.0,363.2,0.0,0.0,10.0,10.0,0.210127146244049,False,REGULAR,USD,2027-03-31,7355.39013671875,0.0363499975204467,call,1.0658849978415197,0.8082191780821918,361.6
SPXW270331C07845000,2026-05-28 14:09:04+00:00,7845.0,410.9,324.0,325.4,0.0,0.0,3.0,14.0,0.1959838207292557,False,REGULAR,USD,2027-03-31,7355.39013671875,0.0363499975204467,call,1.0665647714370818,0.8082191780821918,324.7
SPXW270331C07850000,2026-06-09 17:09:14+00:00,7850.0,291.65,324.1,325.7,-47.600006,-14.030952,122.0,118.0,0.1967405537319183,False,REGULAR,USD,2027-03-31,7355.39013671875,0.0363499975204467,call,1.067244545032644,0.8082191780821918,324.9
SPXW270331C07855000,2026-05-19 13:41:53+00:00,7855.0,326.39,319.2,320.8,0.0,0.0,1.0,21.0,0.1954492916202545,False,REGULAR,USD,2027-03-31,7355.39013671875,0.0363499975204467,call,1.0679243186282064,0.8082191780821918,320.0
SPXW270331C07860000,2026-04-14 17:22:58+00:00,7860.0,153.7,350.3,353.7,0.0,0.0,4.0,22.0,0.2089999144744872,False,REGULAR,USD,2027-03-31,7355.39013671875,0.0363499975204467,call,1.0686040922237685,0.8082191780821918,352.0
SPXW270331C07870000,2026-04-14 17:53:23+00:00,7870.0,151.6,345.7,348.9,0.0,0.0,4.0,62.0,0.2084000593280791,False,REGULAR,USD,2027-03-31,7355.39013671875,0.0363499975204467,call,1.0699636394148928,0.8082191780821918,347.29999999999995
SPXW270331C07880000,2026-04-28 14:42:18+00:00,7880.0,214.49,321.3,324.7,0.0,0.0,1.0,75.0,0.2001489516544342,False,REGULAR,USD,2027-03-31,7355.39013671875,0.0363499975204467,call,1.071323186606017,0.8082191780821918,323.0
SPXW270331C07890000,2026-05-14 14:45:28+00:00,7890.0,400.43,305.0,306.6,0.0,0.0,6.0,108.0,0.1942328921937942,False,REGULAR,USD,2027-03-31,7355.39013671875,0.0363499975204467,call,1.0726827337971416,0.8082191780821918,305.8
SPXW270331C07900000,2026-05-29 18:40:16+00:00,7900.0,410.33,298.3,300.0,0.0,0.0,3.0,96.0,0.1928453099393844,False,REGULAR,USD,2027-03-31,7355.39013671875,0.0363499975204467,call,1.074042280988266,0.8082191780821918,299.15
SPXW270331C07910000,2026-05-14 14:49:40+00:00,7910.0,390.64,296.5,298.2,0.0,0.0,2.0,89.0,0.1933579047584533,False,REGULAR,USD,2027-03-31,7355.39013671875,0.0363499975204467,call,1.0754018281793905,0.8082191780821918,297.35
SPXW270331C07920000,2026-06-05 17:29:09+00:00,7920.0,335.0,289.7,291.1,0.0,0.0,210.0,253.0,0.1917395356273651,False,REGULAR,USD,2027-03-31,7355.39013671875,0.0363499975204467,call,1.0767613753705148,0.8082191780821918,290.4
SPXW270331C07930000,2026-04-15 17:21:03+00:00,7930.0,152.0,317.6,320.7,0.0,0.0,6.0,19.0,0.2047794709920882,False,REGULAR,USD,2027-03-31,7355.39013671875,0.0363499975204467,call,1.0781209225616393,0.8082191780821918,319.15
SPXW270331C07940000,2026-05-29 18:43:35+00:00,7940.0,388.98,282.1,283.8,0.0,0.0,2.0,19.0,0.1912264639759064,False,REGULAR,USD,2027-03-31,7355.39013671875,0.0363499975204467,call,1.0794804697527636,0.8082191780821918,282.95000000000005
SPXW270331C07950000,2026-06-01 18:37:40+00:00,7950.0,403.27,278.4,280.2,0.0,0.0,4.0,37.0,0.1909718354797363,False,REGULAR,USD,2027-03-31,7355.39013671875,0.0363499975204467,call,1.080840016943888,0.8082191780821918,279.29999999999995
SPXW270331C07960000,2026-05-29 18:43:35+00:00,7960.0,378.73,274.2,275.7,0.0,0.0,2.0,13.0,0.190341463060379,False,REGULAR,USD,2027-03-31,7355.39013671875,0.0363499975204467,call,1.0821995641350124,0.8082191780821918,274.95
SPXW270331C07970000,2026-06-08 19:39:36+00:00,7970.0,284.66,268.8,270.3,0.0,0.0,4.0,11.0,0.1893296247291565,False,REGULAR,USD,2027-03-31,7355.39013671875,0.0363499975204467,call,1.0835591113261367,0.8082191780821918,269.55
SPXW270331C07975000,2026-05-22 19:17:52+00:00,7975.0,324.63,268.3,270.0,0.0,0.0,2.0,0.0,0.1897964436388016,False,REGULAR,USD,2027-03-31,7355.39013671875,0.0363499975204467,call,1.0842388849216988,0.8082191780821918,269.15
SPXW270331C07980000,2026-06-09 18:10:45+00:00,7980.0,255.5,263.6,265.2,-28.190002,-9.936904,2.0,15.0,0.1884236431884765,False,REGULAR,USD,2027-03-31,7355.39013671875,0.0363499975204467,call,1.0849186585172612,0.8082191780821918,264.4
SPXW270331C07990000,2026-06-08 15:16:31+00:00,7990.0,300.25,261.6,263.0,0.0,0.0,52.0,37.0,0.1886906693267822,False,REGULAR,USD,2027-03-31,7355.39013671875,0.0363499975204467,call,1.0862782057083855,0.8082191780821918,262.3
SPXW270331C08000000,2026-06-08 15:41:42+00:00,8000.0,290.22,256.1,258.2,0.0,0.0,21.0,676.0,0.1878800542640686,False,REGULAR,USD,2027-03-31,7355.39013671875,0.0363499975204467,call,1.0876377528995098,0.8082191780821918,257.15
SPXW270331C08010000,2026-05-11 13:33:53+00:00,8010.0,280.36,252.7,254.3,0.0,0.0,5.0,15.0,0.1874242024993896,False,REGULAR,USD,2027-03-31,7355.39013671875,0.0363499975204467,call,1.0889973000906343,0.8082191780821918,253.5
SPXW270331C08020000,2026-04-15 17:58:46+00:00,8020.0,128.7,278.8,281.8,0.0,0.0,5.0,13.0,0.1998704815387725,False,REGULAR,USD,2027-03-31,7355.39013671875,0.0363499975204467,call,1.0903568472817586,0.8082191780821918,280.3
SPXW270331C08025000,2026-06-08 15:41:42+00:00,8025.0,279.2,247.3,248.8,0.0,0.0,17.0,116.0,0.1868615402793884,False,REGULAR,USD,2027-03-31,7355.39013671875,0.0363499975204467,call,1.0910366208773208,0.8082191780821918,248.05
SPXW270331C08030000,2026-06-01 18:23:52+00:00,8030.0,362.2,243.6,245.4,0.0,0.0,2.0,17.0,0.1860156396198272,False,REGULAR,USD,2027-03-31,7355.39013671875,0.0363499975204467,call,1.091716394472883,0.8082191780821918,244.5
SPXW270331C08040000,2026-06-01 15:17:45+00:00,8040.0,337.05,241.4,242.9,0.0,0.0,2.0,7.0,0.1861028999471664,False,REGULAR,USD,2027-03-31,7355.39013671875,0.0363499975204467,call,1.0930759416640077,0.8082191780821918,242.15
SPXW270331C08050000,2026-06-05 18:14:40+00:00,8050.0,270.0,236.0,237.3,0.0,0.0,1.0,12.0,0.1848798248672485,False,REGULAR,USD,2027-03-31,7355.39013671875,0.0363499975204467,call,1.0944354888551318,0.8082191780821918,236.65
SPXW270331C08060000,2026-05-29 18:43:35+00:00,8060.0,330.23,233.4,235.2,0.0,0.0,2.0,9.0,0.1851120422410964,False,REGULAR,USD,2027-03-31,7355.39013671875,0.0363499975204467,call,1.0957950360462565,0.8082191780821918,234.3
SPXW270331C08070000,2026-05-11 18:38:25+00:00,8070.0,275.06,229.9,231.5,0.0,0.0,4.0,40.0,0.1846585746383666,False,REGULAR,USD,2027-03-31,7355.39013671875,0.0363499975204467,call,1.0971545832373806,0.8082191780821918,230.7
SPXW270331C08080000,2026-05-11 15:31:29+00:00,8080.0,265.58,224.6,226.8,0.0,0.0,2.0,30.0,0.1837668980693816,False,REGULAR,USD,2027-03-31,7355.39013671875,0.0363499975204467,call,1.0985141304285049,0.8082191780821918,225.7
SPXW270331C08090000,2026-05-26 13:32:01+00:00,8090.0,287.8,220.5,222.4,0.0,0.0,3.0,38.0,0.1829848929500579,False,REGULAR,USD,2027-03-31,7355.39013671875,0.0363499975204467,call,1.0998736776196294,0.8082191780821918,221.45
SPXW270331C08100000,2026-05-29 16:44:58+00:00,8100.0,318.17,217.1,218.9,0.0,0.0,5.0,149.0,0.1825719561004638,False,REGULAR,USD,2027-03-31,7355.39013671875,0.0363499975204467,call,1.1012332248107537,0.8082191780821918,218.0
SPXW270331C08125000,2026-06-08 13:47:03+00:00,8125.0,237.96,208.0,209.3,0.0,0.0,2.0,6.0,0.1811099879932403,False,REGULAR,USD,2027-03-31,7355.39013671875,0.0363499975204467,call,1.104632092788565,0.8082191780821918,208.65
SPXW270331C08150000,2026-06-09 17:50:41+00:00,8150.0,188.96,201.3,202.6,-39.5,-17.289679,2.0,8.0,0.1808248422241211,False,REGULAR,USD,2027-03-31,7355.39013671875,0.0363499975204467,call,1.1080309607663756,0.8082191780821918,201.95
SPXW270331C08200000,2026-06-09 19:11:30+00:00,8200.0,185.2,184.6,185.5,-22.100006,-10.66088,459.0,483.0,0.1783724932432174,False,REGULAR,USD,2027-03-31,7355.39013671875,0.0363499975204467,call,1.1148286967219976,0.8082191780821918,185.05
SPXW270331C08250000,2026-06-09 15:57:16+00:00,8250.0,150.56,169.4,170.6,-113.140015,-42.904823,1.0,3.0,0.1765495630168915,False,REGULAR,USD,2027-03-31,7355.39013671875,0.0363499975204467,call,1.1216264326776195,0.8082191780821918,170.0
SPXW270331C08300000,2026-06-08 18:58:28+00:00,8300.0,170.0,155.0,156.2,0.0,0.0,2.0,1208.0,0.1745993185424805,False,REGULAR,USD,2027-03-31,7355.39013671875,0.0363499975204467,call,1.1284241686332417,0.8082191780821918,155.6
SPXW270331C08350000,2026-06-09 15:57:16+00:00,8350.0,125.13,141.0,142.1,-25.07,-16.691078,1.0,1216.0,0.172412565202713,False,REGULAR,USD,2027-03-31,7355.39013671875,0.0363499975204467,call,1.1352219045888634,0.8082191780821918,141.55
SPXW270331C08400000,2026-06-09 18:19:58+00:00,8400.0,125.8,128.9,130.0,-20.59999,-14.071033,4.0,2467.0,0.1708437866401672,False,REGULAR,USD,2027-03-31,7355.39013671875,0.0363499975204467,call,1.1420196405444851,0.8082191780821918,129.45
SPXW270331C08500000,2026-06-09 17:33:28+00:00,8500.0,98.2,106.1,107.4,-23.0,-18.976898,2.0,126.0,0.1674296667289734,False,REGULAR,USD,2027-03-31,7355.39013671875,0.0363499975204467,call,1.1556151124557292,0.8082191780821918,106.75
SPXW270331C08600000,2026-06-09 13:39:00+00:00,8600.0,103.5,88.5,89.5,5.75,5.882353,4.0,87.0,0.1651885544967651,False,REGULAR,USD,2027-03-31,7355.39013671875,0.0363499975204467,call,1.1692105843669731,0.8082191780821918,89.0
SPXW270331C08700000,2026-06-05 15:02:00+00:00,8700.0,99.9,72.6,73.7,0.0,0.0,16.0,75.0,0.1628330024909973,False,REGULAR,USD,2027-03-31,7355.39013671875,0.0363499975204467,call,1.182806056278217,0.8082191780821918,73.15
SPXW270331C08800000,2026-06-09 15:49:37+00:00,8800.0,54.1,59.3,60.2,-11.700005,-17.781162,3.0,33.0,0.1605899829292297,False,REGULAR,USD,2027-03-31,7355.39013671875,0.0363499975204467,call,1.1964015281894609,0.8082191780821918,59.75
SPXW270331C08900000,2026-06-09 14:18:02+00:00,8900.0,52.5,47.5,49.0,-29.980003,-36.348206,4.0,10.0,0.1586492751026153,False,REGULAR,USD,2027-03-31,7355.39013671875,0.0363499975204467,call,1.2099970001007048,0.8082191780821918,48.25
SPXW270331C09000000,2026-06-09 18:39:31+00:00,9000.0,39.3,38.9,39.7,-4.200001,-9.655174,67.0,43.0,0.1569164661979675,False,REGULAR,USD,2027-03-31,7355.39013671875,0.0363499975204467,call,1.2235924720119489,0.8082191780821918,39.3
SPX270416C07300000,2026-06-09 17:32:41+00:00,7300.0,636.24,665.7,668.6,-68.97998,-9.7813425,1.0,385.0,0.237031937007904,True,REGULAR,USD,2027-04-16,7355.39013671875,0.0363499975204467,call,0.9924694495208028,0.852054794520548,667.1500000000001
SPX270416C07325000,2026-06-08 20:09:46+00:00,7325.0,673.12,650.8,653.0,0.0,0.0,8.0,192.0,0.2355775982189178,True,REGULAR,USD,2027-04-16,7355.39013671875,0.0363499975204467,call,0.9958683174986136,0.852054794520548,651.9
SPX270416C07350000,2026-06-08 19:51:34+00:00,7350.0,653.58,633.2,635.9,0.0,0.0,108.0,1217.0,0.2335157749652862,True,REGULAR,USD,2027-04-16,7355.39013671875,0.0363499975204467,call,0.9992671854764248,0.852054794520548,634.55
SPX270416C07375000,2026-05-26 17:09:48+00:00,7375.0,716.12,616.5,619.1,0.0,0.0,12.0,262.0,0.2315140325927734,False,REGULAR,USD,2027-04-16,7355.39013671875,0.0363499975204467,call,1.0026660534542358,0.852054794520548,617.8
SPX270416C07400000,2026-06-05 16:49:26+00:00,7400.0,660.97,598.2,600.3,0.0,0.0,2.0,357.0,0.2287212252855301,False,REGULAR,USD,2027-04-16,7355.39013671875,0.0363499975204467,call,1.0060649214320467,0.852054794520548,599.25
SPX270416C07425000,2026-05-27 19:51:42+00:00,7425.0,692.5,585.1,587.9,0.0,0.0,7.0,79.0,0.2282405782365799,False,REGULAR,USD,2027-04-16,7355.39013671875,0.0363499975204467,call,1.0094637894098577,0.852054794520548,586.5
SPX270416C07450000,2026-06-08 17:37:10+00:00,7450.0,602.28,565.9,569.6,0.0,0.0,83.0,748.0,0.2255264482736587,False,REGULAR,USD,2027-04-16,7355.39013671875,0.0363499975204467,call,1.012862657387669,0.852054794520548,567.75
SPX270416C07475000,2026-06-09 14:38:43+00:00,7475.0,584.53,552.9,555.6,-112.50995,-16.141104,4.0,843.0,0.2243434271144866,False,REGULAR,USD,2027-04-16,7355.39013671875,0.0363499975204467,call,1.0162615253654796,0.852054794520548,554.25
SPX270416C07500000,2026-06-08 15:41:14+00:00,7500.0,586.42,538.5,541.1,-2.1000366,-0.35683352,110.0,1212.0,0.22291865193367,False,REGULAR,USD,2027-04-16,7355.39013671875,0.0363499975204467,call,1.0196603933432906,0.852054794520548,539.8
SPX270416C07525000,2026-06-05 18:38:26+00:00,7525.0,479.4,519.9,522.7,-80.29001,-14.345443,1.0,424.0,0.2199990072107314,False,REGULAR,USD,2027-04-16,7355.39013671875,0.0363499975204467,call,1.0230592613211016,0.852054794520548,521.3
SPX270416C07550000,2026-06-09 17:32:41+00:00,7550.0,481.26,505.5,508.0,-173.73999,-26.52519,1.0,1044.0,0.218383975906372,False,REGULAR,USD,2027-04-16,7355.39013671875,0.0363499975204467,call,1.0264581292989126,0.852054794520548,506.75
SPX270416C07575000,2026-06-01 15:28:27+00:00,7575.0,624.7,490.5,493.0,0.0,0.0,4.0,96.0,0.2165977617740631,False,REGULAR,USD,2027-04-16,7355.39013671875,0.0363499975204467,call,1.0298569972767233,0.852054794520548,491.75
SPX270416C07600000,2026-06-05 15:45:25+00:00,7600.0,549.8,478.8,481.2,0.0,0.0,6.0,1360.0,0.2159311500930786,False,REGULAR,USD,2027-04-16,7355.39013671875,0.0363499975204467,call,1.0332558652545345,0.852054794520548,480.0
SPX270416C07625000,2026-06-05 14:02:22+00:00,7625.0,423.1,461.9,464.4,-125.600006,-22.89047,1.0,263.0,0.2133557783555984,False,REGULAR,USD,2027-04-16,7355.39013671875,0.0363499975204467,call,1.0366547332323452,0.852054794520548,463.15
SPX270416C07650000,2026-06-01 16:40:59+00:00,7650.0,584.76,449.5,451.9,0.0,0.0,60.0,574.0,0.2123062702655792,False,REGULAR,USD,2027-04-16,7355.39013671875,0.0363499975204467,call,1.0400536012101562,0.852054794520548,450.7
SPX270416C07675000,2026-05-27 16:13:54+00:00,7675.0,526.76,436.3,438.7,0.0,0.0,200.0,206.0,0.2109349003124236,False,REGULAR,USD,2027-04-16,7355.39013671875,0.0363499975204467,call,1.0434524691879672,0.852054794520548,437.5
SPX270416C07700000,2026-06-04 16:56:12+00:00,7700.0,552.41,422.3,424.7,0.0,0.0,500.0,2404.0,0.2092001840782165,False,REGULAR,USD,2027-04-16,7355.39013671875,0.0363499975204467,call,1.0468513371657782,0.852054794520548,423.5
SPX270416C07725000,2026-06-08 14:18:34+00:00,7725.0,358.0,409.2,411.6,-82.19,-18.671482,1.0,802.0,0.2077344013118743,False,REGULAR,USD,2027-04-16,7355.39013671875,0.0363499975204467,call,1.0502502051435891,0.852054794520548,410.4
SPX270416C07750000,2026-06-08 15:35:30+00:00,7750.0,431.14,396.0,398.4,0.0,0.0,50.0,603.0,0.2061627617549896,False,REGULAR,USD,2027-04-16,7355.39013671875,0.0363499975204467,call,1.0536490731214,0.852054794520548,397.2
SPX270416C07775000,2026-06-09 16:36:36+00:00,7775.0,346.0,380.5,382.6,-66.20001,-16.060167,1.0,172.0,0.2035449519348144,False,REGULAR,USD,2027-04-16,7355.39013671875,0.0363499975204467,call,1.057047941099211,0.852054794520548,381.55
SPX270416C07800000,2026-06-08 20:09:46+00:00,7800.0,321.9,368.7,371.3,-65.31,-16.866817,11.0,659.0,0.2025455112457274,False,REGULAR,USD,2027-04-16,7355.39013671875,0.0363499975204467,call,1.060446809077022,0.852054794520548,370.0
SPX270416C07825000,2026-06-08 19:36:09+00:00,7825.0,374.72,355.6,358.1,0.0,0.0,2.0,458.0,0.2007583434486389,False,REGULAR,USD,2027-04-16,7355.39013671875,0.0363499975204467,call,1.063845677054833,0.852054794520548,356.85
SPX270416C07850000,2026-06-08 19:51:34+00:00,7850.0,359.68,343.0,345.5,0.0,0.0,6.0,255.0,0.1991237620162963,False,REGULAR,USD,2027-04-16,7355.39013671875,0.0363499975204467,call,1.067244545032644,0.852054794520548,344.25
SPX270416C07875000,2026-06-04 18:58:07+00:00,7875.0,456.8,331.2,333.4,0.0,0.0,1.0,63.0,0.1976045740222931,False,REGULAR,USD,2027-04-16,7355.39013671875,0.0363499975204467,call,1.070643413010455,0.852054794520548,332.29999999999995
SPX270416C07900000,2026-06-04 18:58:09+00:00,7900.0,443.2,319.4,321.7,0.0,0.0,1.0,1025.0,0.1961635865402221,False,REGULAR,USD,2027-04-16,7355.39013671875,0.0363499975204467,call,1.074042280988266,0.852054794520548,320.54999999999995
SPX270416C07925000,2026-06-08 17:20:29+00:00,7925.0,332.25,308.9,311.3,0.0,0.0,22.0,227.0,0.1951498408794403,False,REGULAR,USD,2027-04-16,7355.39013671875,0.0363499975204467,call,1.077441148966077,0.852054794520548,310.1
SPX270416C07950000,2026-06-08 17:19:28+00:00,7950.0,320.06,299.6,301.8,0.0,0.0,40.0,74.0,0.1944155189990997,False,REGULAR,USD,2027-04-16,7355.39013671875,0.0363499975204467,call,1.080840016943888,0.852054794520548,300.70000000000005
SPX270416C07975000,2026-06-08 18:49:38+00:00,7975.0,310.99,286.8,289.2,0.0,0.0,34.0,25.0,0.1923918423366546,False,REGULAR,USD,2027-04-16,7355.39013671875,0.0363499975204467,call,1.0842388849216988,0.852054794520548,288.0
SPX270416C08000000,2026-06-09 14:38:43+00:00,8000.0,298.73,275.5,277.5,-2.269989,-0.7541492,2.0,2288.0,0.1906351918125152,False,REGULAR,USD,2027-04-16,7355.39013671875,0.0363499975204467,call,1.0876377528995098,0.852054794520548,276.5
SPX270416C08025000,2026-06-04 13:53:13+00:00,8025.0,350.52,264.8,267.9,0.0,0.0,10.0,67.0,0.18963098279953,False,REGULAR,USD,2027-04-16,7355.39013671875,0.0363499975204467,call,1.0910366208773208,0.852054794520548,266.35
SPX270416C08050000,2026-06-08 18:50:17+00:00,8050.0,278.55,254.7,256.9,0.0,0.0,6.0,145.0,0.1879849573898315,False,REGULAR,USD,2027-04-16,7355.39013671875,0.0363499975204467,call,1.0944354888551318,0.852054794520548,255.8
SPX270416C08075000,2026-06-01 18:37:03+00:00,8075.0,362.3,246.8,249.0,0.0,0.0,4.0,8.0,0.1875143238210678,False,REGULAR,USD,2027-04-16,7355.39013671875,0.0363499975204467,call,1.0978343568329427,0.852054794520548,247.9
SPX270416C08100000,2026-06-05 14:57:06+00:00,8100.0,300.7,235.6,237.7,0.0,0.0,1.0,1490.0,0.1855750464916229,False,REGULAR,USD,2027-04-16,7355.39013671875,0.0363499975204467,call,1.1012332248107537,0.852054794520548,236.65
SPX270416C08125000,2026-06-08 16:15:40+00:00,8125.0,257.79,227.0,229.4,0.0,0.0,38.0,33.0,0.1847854120540618,False,REGULAR,USD,2027-04-16,7355.39013671875,0.0363499975204467,call,1.104632092788565,0.852054794520548,228.2
SPX270416C08150000,2026-06-04 16:47:20+00:00,8150.0,312.0,219.7,221.5,0.0,0.0,100.0,157.0,0.1840892367649078,False,REGULAR,USD,2027-04-16,7355.39013671875,0.0363499975204467,call,1.1080309607663756,0.852054794520548,220.6
SPX270416C08175000,2026-06-09 19:00:25+00:00,8175.0,212.88,208.7,210.8,-16.319992,-7.1204157,3.0,7.0,0.1821246873188018,False,REGULAR,USD,2027-04-16,7355.39013671875,0.0363499975204467,call,1.1114298287441866,0.852054794520548,209.75
SPX270416C08200000,2026-06-09 19:00:25+00:00,8200.0,204.28,202.3,204.3,-13.7400055,-6.302176,3.0,3330.0,0.1818671978282928,False,REGULAR,USD,2027-04-16,7355.39013671875,0.0363499975204467,call,1.1148286967219976,0.852054794520548,203.3
SPX270416C08225000,2026-06-09 15:49:43+00:00,8225.0,180.85,191.8,193.9,-30.579987,-14.463409,12.0,49.0,0.1798397065067291,False,REGULAR,USD,2027-04-16,7355.39013671875,0.0363499975204467,call,1.1182275646998086,0.852054794520548,192.85
SPX270416C08250000,2026-06-08 17:20:29+00:00,8250.0,215.2,186.1,188.0,13.800003,6.852037,4.0,61.0,0.1796937957954406,False,REGULAR,USD,2027-04-16,7355.39013671875,0.0363499975204467,call,1.1216264326776195,0.852054794520548,187.05
SPX270416C08275000,2026-06-08 18:49:38+00:00,8275.0,194.43,176.5,178.4,0.0,0.0,257.0,365.0,0.1778227054977417,False,REGULAR,USD,2027-04-16,7355.39013671875,0.0363499975204467,call,1.1250253006554305,0.852054794520548,177.45
SPX270416C08300000,2026-06-09 15:57:43+00:00,8300.0,143.88,169.6,171.8,-42.819992,-22.935184,2.0,1156.0,0.1772085453796386,False,REGULAR,USD,2027-04-16,7355.39013671875,0.0363499975204467,call,1.1284241686332417,0.852054794520548,170.7
SPX270416C08325000,2026-06-08 17:19:28+00:00,8325.0,177.22,163.3,165.3,0.0,0.0,42.0,38.0,0.1765629143238068,False,REGULAR,USD,2027-04-16,7355.39013671875,0.0363499975204467,call,1.1318230366110524,0.852054794520548,164.3
SPX270416C08350000,2026-06-08 18:50:17+00:00,8350.0,179.41,155.1,156.9,7.980011,4.654968,8.0,77.0,0.1749454988574982,False,REGULAR,USD,2027-04-16,7355.39013671875,0.0363499975204467,call,1.1352219045888634,0.852054794520548,156.0
SPX270416C08375000,2026-06-09 17:29:08+00:00,8375.0,138.39,148.5,150.2,-24.61,-15.09816,6.0,22.0,0.1740309343338013,False,REGULAR,USD,2027-04-16,7355.39013671875,0.0363499975204467,call,1.1386207725666744,0.852054794520548,149.35
SPX270416C08400000,2026-06-09 18:04:36+00:00,8400.0,136.32,142.2,143.9,-20.909988,-13.298982,275.0,2505.0,0.1732212729358673,False,REGULAR,USD,2027-04-16,7355.39013671875,0.0363499975204467,call,1.1420196405444851,0.852054794520548,143.05
SPX270416C08425000,2026-06-04 19:39:03+00:00,8425.0,213.47,137.1,138.9,0.0,0.0,6.0,8.0,0.1729704590988159,False,REGULAR,USD,2027-04-16,7355.39013671875,0.0363499975204467,call,1.1454185085222963,0.852054794520548,138.0
SPX270416C08450000,2026-06-08 17:20:15+00:00,8450.0,142.88,130.0,131.7,0.0,0.0,6.0,15.0,0.1715418692588806,False,REGULAR,USD,2027-04-16,7355.39013671875,0.0363499975204467,call,1.1488173765001073,0.852054794520548,130.85
SPX270416C08475000,2026-06-08 18:50:17+00:00,8475.0,137.98,125.7,127.4,0.0,0.0,2.0,7.0,0.1714932323551178,False,REGULAR,USD,2027-04-16,7355.39013671875,0.0363499975204467,call,1.1522162444779185,0.852054794520548,126.55
SPX270416C08500000,2026-06-08 19:31:57+00:00,8500.0,128.6,119.9,121.4,0.0,0.0,1.0,783.0,0.1704947453308106,False,REGULAR,USD,2027-04-16,7355.39013671875,0.0363499975204467,call,1.1556151124557292,0.852054794520548,120.65
SPX270416C08525000,2026-06-08 17:19:28+00:00,8525.0,124.83,114.9,116.4,0.0,0.0,42.0,29.0,0.1699320831108093,False,REGULAR,USD,2027-04-16,7355.39013671875,0.0363499975204467,call,1.1590139804335402,0.852054794520548,115.65
SPX270416C08550000,2026-06-08 19:01:07+00:00,8550.0,119.7,108.5,109.9,0.0,0.0,1.0,1.0,0.1684720223331451,False,REGULAR,USD,2027-04-16,7355.39013671875,0.0363499975204467,call,1.1624128484113512,0.852054794520548,109.2
SPX270416C08575000,2026-06-08 18:49:38+00:00,8575.0,115.27,104.3,105.9,0.0,0.0,30.0,16.0,0.1682851040363312,False,REGULAR,USD,2027-04-16,7355.39013671875,0.0363499975204467,call,1.165811716389162,0.852054794520548,105.1
SPX270416C08600000,2026-06-09 17:27:58+00:00,8600.0,90.91,98.7,100.4,-20.009995,-18.040024,3.0,561.0,0.167178852891922,False,REGULAR,USD,2027-04-16,7355.39013671875,0.0363499975204467,call,1.1692105843669731,0.852054794520548,99.55
SPX270416C08650000,2026-06-08 17:18:17+00:00,8650.0,99.8,91.0,92.6,0.0,0.0,168.0,86.0,0.1665427584838867,False,REGULAR,USD,2027-04-16,7355.39013671875,0.0363499975204467,call,1.176008320322595,0.852054794520548,91.8
SPX270416C08700000,2026-06-08 17:20:15+00:00,8700.0,90.58,81.7,83.3,0.0,0.0,4.0,649.0,0.164679297504425,False,REGULAR,USD,2027-04-16,7355.39013671875,0.0363499975204467,call,1.182806056278217,0.852054794520548,82.5
SPX270416C08800000,2026-06-09 18:26:14+00:00,8800.0,66.29,67.6,68.9,-11.489998,-14.772432,9.0,619.0,0.1625221077728271,False,REGULAR,USD,2027-04-16,7355.39013671875,0.0363499975204467,call,1.1964015281894609,0.852054794520548,68.25
SPX270416C08900000,2026-06-08 16:46:56+00:00,8900.0,64.13,55.5,56.8,0.0,0.0,4.0,140.0,0.1606414808273315,False,REGULAR,USD,2027-04-16,7355.39013671875,0.0363499975204467,call,1.2099970001007048,0.852054794520548,56.15
SPX270416C09000000,2026-06-09 11:20:50+00:00,9000.0,51.99,45.8,47.3,0.7900009,1.5429705,1.0,673.0,0.1595256930351257,False,REGULAR,USD,2027-04-16,7355.39013671875,0.0363499975204467,call,1.2235924720119489,0.852054794520548,46.55
SPX270416C09100000,2026-06-09 17:27:58+00:00,9100.0,33.68,37.5,38.6,-11.110001,-24.804644,4.0,82.0,0.1578968335914611,False,REGULAR,USD,2027-04-16,7355.39013671875,0.0363499975204467,call,1.2371879439231923,0.852054794520548,38.05
SPX270416C09200000,2026-06-09 16:34:40+00:00,9200.0,25.4,30.5,31.6,-31.13,-55.068108,20.0,363.0,0.1566761426734924,False,REGULAR,USD,2027-04-16,7355.39013671875,0.0363499975204467,call,1.2507834158344364,0.852054794520548,31.05
SPX270416C09300000,2026-06-08 14:11:33+00:00,9300.0,28.75,24.9,25.9,0.0,0.0,6.0,44.0,0.1557262925529479,False,REGULAR,USD,2027-04-16,7355.39013671875,0.0363499975204467,call,1.2643788877456803,0.852054794520548,25.4
SPX270416C09400000,2026-06-08 16:46:56+00:00,9400.0,23.44,20.3,21.2,0.0,0.0,16.0,1085.0,0.1549233068084717,False,REGULAR,USD,2027-04-16,7355.39013671875,0.0363499975204467,call,1.2779743596569242,0.852054794520548,20.75
SPX270416C09600000,2026-06-08 14:07:29+00:00,9600.0,15.66,13.5,14.5,0.0,0.0,28.0,98.0,0.1543282199859619,False,REGULAR,USD,2027-04-16,7355.39013671875,0.0363499975204467,call,1.305165303479412,0.852054794520548,14.0
SPX270416C09800000,2026-06-08 14:11:33+00:00,9800.0,10.7,9.3,10.1,0.0,0.0,4.0,28.0,0.1545189529418945,False,REGULAR,USD,2027-04-16,7355.39013671875,0.0363499975204467,call,1.3323562473018995,0.852054794520548,9.7
SPX270416C10000000,2026-06-05 18:37:27+00:00,10000.0,7.44,6.7,7.4,0.0,0.0,18.0,123.0,0.1560066699981689,False,REGULAR,USD,2027-04-16,7355.39013671875,0.0363499975204467,call,1.3595471911243873,0.852054794520548,7.050000000000001
SPX270521C07300000,2026-06-08 13:38:38+00:00,7300.0,683.65,710.6,713.3,-75.349976,-9.927533,55.0,499.0,0.2405409465646743,True,REGULAR,USD,2027-05-21,7355.39013671875,0.0363499975204467,call,0.9924694495208028,0.947945205479452,711.95
SPX270521C07325000,2026-06-09 15:35:34+00:00,7325.0,666.05,696.1,698.7,-87.84003,-11.651571,1.0,61.0,0.2394799944972991,True,REGULAR,USD,2027-05-21,7355.39013671875,0.0363499975204467,call,0.9958683174986136,0.947945205479452,697.4000000000001
SPX270521C07350000,2026-05-28 14:02:54+00:00,7350.0,786.46,679.5,682.3,0.0,0.0,69.0,702.0,0.2377390794420242,True,REGULAR,USD,2027-05-21,7355.39013671875,0.0363499975204467,call,0.9992671854764248,0.947945205479452,680.9
SPX270521C07375000,2026-05-19 16:02:24+00:00,7375.0,659.38,663.3,666.1,0.0,0.0,500.0,788.0,0.2360234365034103,False,REGULAR,USD,2027-05-21,7355.39013671875,0.0363499975204467,call,1.0026660534542358,0.947945205479452,664.7
SPX270521C07400000,2026-06-09 18:04:36+00:00,7400.0,631.49,648.8,651.1,-59.410034,-8.598933,301.0,4482.0,0.2346830606555938,False,REGULAR,USD,2027-05-21,7355.39013671875,0.0363499975204467,call,1.0060649214320467,0.947945205479452,649.95
SPX270521C07425000,2026-06-08 17:57:05+00:00,7425.0,662.94,631.6,634.1,-4.1400146,-0.6206174,4.0,773.0,0.2325945347881317,False,REGULAR,USD,2027-05-21,7355.39013671875,0.0363499975204467,call,1.0094637894098577,0.947945205479452,632.85
SPX270521C07450000,2026-06-08 15:34:07+00:00,7450.0,657.83,616.3,619.2,0.0,0.0,96.0,2748.0,0.2311945548915863,False,REGULAR,USD,2027-05-21,7355.39013671875,0.0363499975204467,call,1.012862657387669,0.947945205479452,617.75
SPX270521C07475000,2026-06-08 17:57:05+00:00,7475.0,635.05,600.8,603.5,0.0,0.0,4.0,1108.0,0.229466037478447,False,REGULAR,USD,2027-05-21,7355.39013671875,0.0363499975204467,call,1.0162615253654796,0.947945205479452,602.15
SPX270521C07500000,2026-06-09 13:41:31+00:00,7500.0,642.41,582.3,585.2,-39.76001,-5.8284607,170.0,4178.0,0.2267800406265258,False,REGULAR,USD,2027-05-21,7355.39013671875,0.0363499975204467,call,1.0196603933432906,0.947945205479452,583.75
SPX270521C07525000,2026-05-28 14:49:23+00:00,7525.0,683.7,566.7,569.4,0.0,0.0,2.0,28.0,0.2249175333118438,False,REGULAR,USD,2027-05-21,7355.39013671875,0.0363499975204467,call,1.0230592613211016,0.947945205479452,568.05
SPX270521C07550000,2026-06-09 17:28:40+00:00,7550.0,527.08,553.5,556.2,-84.51996,-13.819484,467.0,368.0,0.2239133242988586,False,REGULAR,USD,2027-05-21,7355.39013671875,0.0363499975204467,call,1.0264581292989126,0.947945205479452,554.85
SPX270521C07575000,2026-06-05 14:17:17+00:00,7575.0,638.9,540.3,542.9,0.0,0.0,2.0,1195.0,0.2228213781261443,False,REGULAR,USD,2027-05-21,7355.39013671875,0.0363499975204467,call,1.0298569972767233,0.947945205479452,541.5999999999999
SPX270521C07600000,2026-06-08 14:33:23+00:00,7600.0,585.0,525.7,528.1,18.5,3.2656665,1.0,844.0,0.2211529415941238,False,REGULAR,USD,2027-05-21,7355.39013671875,0.0363499975204467,call,1.0332558652545345,0.947945205479452,526.9000000000001
SPX270521C07625000,2026-05-20 19:54:10+00:00,7625.0,469.4,511.5,513.8,-84.100006,-15.194221,1.0,3.0,0.2196056204891204,False,REGULAR,USD,2027-05-21,7355.39013671875,0.0363499975204467,call,1.0366547332323452,0.947945205479452,512.65
SPX270521C07650000,2026-06-08 14:53:16+00:00,7650.0,455.7,497.0,499.3,-89.65997,-16.440512,1.0,236.0,0.2179338461303711,False,REGULAR,USD,2027-05-21,7355.39013671875,0.0363499975204467,call,1.0400536012101562,0.947945205479452,498.15
SPX270521C07675000,2026-05-26 18:16:58+00:00,7675.0,573.1,479.9,482.6,0.0,0.0,5.0,7.0,0.2154338139104843,False,REGULAR,USD,2027-05-21,7355.39013671875,0.0363499975204467,call,1.0434524691879672,0.947945205479452,481.25
SPX270521C07700000,2026-06-05 15:22:45+00:00,7700.0,544.6,468.7,471.2,0.0,0.0,4.0,257.0,0.2147371617889404,False,REGULAR,USD,2027-05-21,7355.39013671875,0.0363499975204467,call,1.0468513371657782,0.947945205479452,469.95
SPX270521C07725000,2026-06-05 18:28:45+00:00,7725.0,492.88,455.5,457.8,0.0,0.0,1.0,16.0,0.2132818693351745,False,REGULAR,USD,2027-05-21,7355.39013671875,0.0363499975204467,call,1.0502502051435891,0.947945205479452,456.65
SPX270521C07750000,2026-05-29 17:32:04+00:00,7750.0,566.65,439.2,441.7,0.0,0.0,2.0,111.0,0.2108147385501861,False,REGULAR,USD,2027-05-21,7355.39013671875,0.0363499975204467,call,1.0536490731214,0.947945205479452,440.45
SPX270521C07775000,2026-06-01 15:09:05+00:00,7775.0,548.95,425.6,429.1,0.0,0.0,50.0,55.0,0.2095225227737426,False,REGULAR,USD,2027-05-21,7355.39013671875,0.0363499975204467,call,1.057047941099211,0.947945205479452,427.35
SPX270521C07800000,2026-06-03 14:43:13+00:00,7800.0,440.55,412.7,415.2,-100.85004,-18.627638,2.0,1264.0,0.2077086523628234,False,REGULAR,USD,2027-05-21,7355.39013671875,0.0363499975204467,call,1.060446809077022,0.947945205479452,413.95
SPX270521C07825000,2026-06-03 19:49:59+00:00,7825.0,520.4,400.2,402.9,0.0,0.0,1.0,136.0,0.2064016547822952,False,REGULAR,USD,2027-05-21,7355.39013671875,0.0363499975204467,call,1.063845677054833,0.947945205479452,401.55
SPX270521C07850000,2026-06-08 14:15:11+00:00,7850.0,354.0,390.0,392.4,-67.0,-15.91449,1.0,318.0,0.2056783000469207,False,REGULAR,USD,2027-05-21,7355.39013671875,0.0363499975204467,call,1.067244545032644,0.947945205479452,391.2
SPX270521C07875000,2026-06-08 19:31:58+00:00,7875.0,397.7,377.5,380.0,0.0,0.0,165.0,302.0,0.2042134709453582,False,REGULAR,USD,2027-05-21,7355.39013671875,0.0363499975204467,call,1.070643413010455,0.947945205479452,378.75
SPX270521C07900000,2026-06-01 17:49:58+00:00,7900.0,499.84,365.9,368.3,0.0,0.0,1.0,254.0,0.202937467470169,False,REGULAR,USD,2027-05-21,7355.39013671875,0.0363499975204467,call,1.074042280988266,0.947945205479452,367.1
SPX270521C07925000,2026-05-28 18:31:08+00:00,7925.0,462.22,351.2,353.8,0.0,0.0,8.0,209.0,0.2005800081348419,False,REGULAR,USD,2027-05-21,7355.39013671875,0.0363499975204467,call,1.077441148966077,0.947945205479452,352.5
SPX270521C07950000,2026-06-08 16:33:59+00:00,7950.0,373.28,339.8,341.9,0.0,0.0,2.0,1394.0,0.1990956289052963,False,REGULAR,USD,2027-05-21,7355.39013671875,0.0363499975204467,call,1.080840016943888,0.947945205479452,340.85
SPX270521C07975000,2026-05-22 18:35:51+00:00,7975.0,393.62,331.1,333.4,0.0,0.0,85.0,112.0,0.1987933171701431,False,REGULAR,USD,2027-05-21,7355.39013671875,0.0363499975204467,call,1.0842388849216988,0.947945205479452,332.25
SPX270521C08000000,2026-06-08 15:34:07+00:00,8000.0,349.18,319.4,321.8,0.0,0.0,48.0,3550.0,0.1972889109802246,False,REGULAR,USD,2027-05-21,7355.39013671875,0.0363499975204467,call,1.0876377528995098,0.947945205479452,320.6
SPX270521C08025000,2026-06-04 13:52:14+00:00,8025.0,397.45,308.5,310.9,0.0,0.0,1.0,18.0,0.1959738072490692,False,REGULAR,USD,2027-05-21,7355.39013671875,0.0363499975204467,call,1.0910366208773208,0.947945205479452,309.7
SPX270521C08050000,2026-06-08 14:54:36+00:00,8050.0,334.34,297.8,300.2,0.0,0.0,13.0,250.0,0.1946644255065918,False,REGULAR,USD,2027-05-21,7355.39013671875,0.0363499975204467,call,1.0944354888551318,0.947945205479452,299.0
SPX270521C08075000,2026-05-15 20:11:59+00:00,8075.0,314.5,286.2,288.7,0.0,0.0,4.0,4.0,0.1929812071704864,False,REGULAR,USD,2027-05-21,7355.39013671875,0.0363499975204467,call,1.0978343568329427,0.947945205479452,287.45
SPX270521C08100000,2026-06-09 18:04:36+00:00,8100.0,266.47,275.3,277.6,-129.25,-32.661983,235.0,3516.0,0.191371897854805,False,REGULAR,USD,2027-05-21,7355.39013671875,0.0363499975204467,call,1.1012332248107537,0.947945205479452,276.45000000000005
SPX270521C08125000,2026-05-22 18:36:34+00:00,8125.0,324.22,266.8,269.1,0.0,0.0,35.0,291.0,0.1906857360458373,False,REGULAR,USD,2027-05-21,7355.39013671875,0.0363499975204467,call,1.104632092788565,0.947945205479452,267.95000000000005
SPX270521C08150000,2026-06-08 18:56:01+00:00,8150.0,278.98,255.8,258.0,0.0,0.0,252.0,351.0,0.1889252708625793,False,REGULAR,USD,2027-05-21,7355.39013671875,0.0363499975204467,call,1.1080309607663756,0.947945205479452,256.9
SPX270521C08200000,2026-06-09 17:12:24+00:00,8200.0,214.31,237.4,239.6,-46.76999,-17.914047,4.0,932.0,0.1866555486869812,False,REGULAR,USD,2027-05-21,7355.39013671875,0.0363499975204467,call,1.1148286967219976,0.947945205479452,238.5
SPX270521C08225000,2026-06-08 14:04:54+00:00,8225.0,252.17,228.6,230.8,0.0,0.0,138.0,74.0,0.1855683708381652,False,REGULAR,USD,2027-05-21,7355.39013671875,0.0363499975204467,call,1.1182275646998086,0.947945205479452,229.7
SPX270521C08250000,2026-06-09 17:52:12+00:00,8250.0,212.08,219.9,222.1,-94.62001,-30.850996,2.0,657.0,0.1844478147220611,False,REGULAR,USD,2027-05-21,7355.39013671875,0.0363499975204467,call,1.1216264326776195,0.947945205479452,221.0
SPX270521C08275000,2026-06-08 04:19:54+00:00,8275.0,228.41,213.4,215.5,0.0,0.0,1.0,45.0,0.1841111710548401,False,REGULAR,USD,2027-05-21,7355.39013671875,0.0363499975204467,call,1.1250253006554305,0.947945205479452,214.45
SPX270521C08300000,2026-06-08 04:19:54+00:00,8300.0,219.92,204.9,207.3,0.0,0.0,1.0,517.0,0.183052603149414,False,REGULAR,USD,2027-05-21,7355.39013671875,0.0363499975204467,call,1.1284241686332417,0.947945205479452,206.1
SPX270521C08325000,2026-06-08 19:53:16+00:00,8325.0,207.47,195.8,197.9,0.0,0.0,4.0,320.0,0.1814122997283935,False,REGULAR,USD,2027-05-21,7355.39013671875,0.0363499975204467,call,1.1318230366110524,0.947945205479452,196.85
SPX270521C08350000,2026-06-09 16:18:02+00:00,8350.0,162.9,187.9,190.2,-105.31,-39.26401,10.0,1124.0,0.18040332239151,False,REGULAR,USD,2027-05-21,7355.39013671875,0.0363499975204467,call,1.1352219045888634,0.947945205479452,189.05
SPX270521C08375000,2026-06-08 19:13:37+00:00,8375.0,194.4,180.5,182.8,0.0,0.0,22.0,22.0,0.1794458429527282,False,REGULAR,USD,2027-05-21,7355.39013671875,0.0363499975204467,call,1.1386207725666744,0.947945205479452,181.65
SPX270521C08400000,2026-06-09 14:44:24+00:00,8400.0,148.38,174.9,177.1,-105.229996,-41.492844,13.0,433.0,0.1791564056921005,False,REGULAR,USD,2027-05-21,7355.39013671875,0.0363499975204467,call,1.1420196405444851,0.947945205479452,176.0
SPX270521C08425000,2026-06-05 14:24:33+00:00,8425.0,219.41,166.9,168.9,0.0,0.0,2.0,6.0,0.1776968217468261,False,REGULAR,USD,2027-05-21,7355.39013671875,0.0363499975204467,call,1.1454185085222963,0.947945205479452,167.9
SPX270521C08450000,2026-06-09 13:56:28+00:00,8450.0,188.21,160.0,162.0,16.210007,9.424423,6.0,177.0,0.1767288519954681,False,REGULAR,USD,2027-05-21,7355.39013671875,0.0363499975204467,call,1.1488173765001073,0.947945205479452,161.0
SPX270521C08500000,2026-06-09 17:32:44+00:00,8500.0,140.9,147.5,148.5,-29.690002,-17.404305,20.0,2128.0,0.1746889630317688,False,REGULAR,USD,2027-05-21,7355.39013671875,0.0363499975204467,call,1.1556151124557292,0.947945205479452,148.0
SPX270521C08525000,2026-06-01 20:07:32+00:00,8525.0,218.0,142.5,144.6,0.0,0.0,7.0,7.0,0.1748940009593963,False,REGULAR,USD,2027-05-21,7355.39013671875,0.0363499975204467,call,1.1590139804335402,0.947945205479452,143.55
SPX270521C08550000,2026-06-09 14:39:21+00:00,8550.0,125.68,136.9,138.7,-26.859993,-17.608492,162.0,326.0,0.17409101521492,False,REGULAR,USD,2027-05-21,7355.39013671875,0.0363499975204467,call,1.1624128484113512,0.947945205479452,137.8
SPX270521C08600000,2026-06-09 18:59:01+00:00,8600.0,128.41,125.7,127.6,-65.78999,-33.877445,36.0,962.0,0.1725975761699676,False,REGULAR,USD,2027-05-21,7355.39013671875,0.0363499975204467,call,1.1692105843669731,0.947945205479452,126.65
SPX270521C08650000,2026-06-05 18:32:48+00:00,8650.0,132.12,115.4,117.3,0.0,0.0,18.0,436.0,0.1712014109325409,False,REGULAR,USD,2027-05-21,7355.39013671875,0.0363499975204467,call,1.176008320322595,0.947945205479452,116.35
SPX270521C08700000,2026-06-09 14:44:24+00:00,8700.0,112.4,105.1,106.8,-46.730003,-29.365929,22.0,1219.0,0.1693846795272827,False,REGULAR,USD,2027-05-21,7355.39013671875,0.0363499975204467,call,1.182806056278217,0.947945205479452,105.95
SPX270521C08750000,2026-06-03 18:39:39+00:00,8750.0,149.23,95.1,98.4,0.0,0.0,135.0,140.0,0.1683919144916534,False,REGULAR,USD,2027-05-21,7355.39013671875,0.0363499975204467,call,1.189603792233839,0.947945205479452,96.75
SPX270521C08800000,2026-06-01 14:18:55+00:00,8800.0,136.0,88.8,90.6,0.0,0.0,1.0,33.0,0.1674601840019226,False,REGULAR,USD,2027-05-21,7355.39013671875,0.0363499975204467,call,1.1964015281894609,0.947945205479452,89.69999999999999
SPX270521C08900000,2026-06-04 18:00:52+00:00,8900.0,124.47,73.6,75.3,0.0,0.0,1.0,92.0,0.1648967330741882,False,REGULAR,USD,2027-05-21,7355.39013671875,0.0363499975204467,call,1.2099970001007048,0.947945205479452,74.44999999999999
SPX270521C09000000,2026-06-09 17:45:37+00:00,9000.0,58.58,61.8,63.3,-41.229996,-41.308483,19.0,447.0,0.1632879005908966,False,REGULAR,USD,2027-05-21,7355.39013671875,0.0363499975204467,call,1.2235924720119489,0.947945205479452,62.55
SPX270521C09100000,2026-06-09 18:59:01+00:00,9100.0,52.68,51.4,52.9,-35.239998,-40.08189,72.0,84.0,0.1617267513465881,False,REGULAR,USD,2027-05-21,7355.39013671875,0.0363499975204467,call,1.2371879439231923,0.947945205479452,52.15
SPX270521C09200000,2026-06-04 15:07:56+00:00,9200.0,68.23,41.6,46.4,0.0,0.0,5.0,156.0,0.1623218381690979,False,REGULAR,USD,2027-05-21,7355.39013671875,0.0363499975204467,call,1.2507834158344364,0.947945205479452,44.0
SPX270521C09300000,2026-06-03 16:39:59+00:00,9300.0,57.0,35.3,36.4,0.0,0.0,1.0,365.0,0.1588485910415649,False,REGULAR,USD,2027-05-21,7355.39013671875,0.0363499975204467,call,1.2643788877456803,0.947945205479452,35.849999999999994
SPX270521C09400000,2026-06-09 17:45:37+00:00,9400.0,27.59,29.1,30.2,-25.009998,-47.547523,64.0,75.0,0.1577728571701049,False,REGULAR,USD,2027-05-21,7355.39013671875,0.0363499975204467,call,1.2779743596569242,0.947945205479452,29.65
SPX270521C09500000,2026-06-09 02:17:55+00:00,9500.0,26.0,24.3,25.2,-1.0,-3.7037036,1.0,71.0,0.1570614232444763,False,REGULAR,USD,2027-05-21,7355.39013671875,0.0363499975204467,call,1.291569831568168,0.947945205479452,24.75
SPX270521C09600000,2026-06-08 18:47:01+00:00,9600.0,22.2,20.1,21.1,0.0,0.0,19.0,937.0,0.1565864981842041,False,REGULAR,USD,2027-05-21,7355.39013671875,0.0363499975204467,call,1.305165303479412,0.947945205479452,20.6
SPX270521C09800000,2026-06-03 18:31:01+00:00,9800.0,24.37,14.0,14.9,0.0,0.0,24.0,214.0,0.1561287390899658,False,REGULAR,USD,2027-05-21,7355.39013671875,0.0363499975204467,call,1.3323562473018995,0.947945205479452,14.45
SPX270521C10000000,2026-06-05 19:13:19+00:00,10000.0,10.6,9.9,10.7,0.0,0.0,376.0,1339.0,0.156346174659729,False,REGULAR,USD,2027-05-21,7355.39013671875,0.0363499975204467,call,1.3595471911243873,0.947945205479452,10.3
SPX270521C10200000,2026-06-09 16:47:46+00:00,10200.0,6.32,7.4,8.1,-2.19,-25.73443,2.0,181.0,0.1578872969436645,False,REGULAR,USD,2027-05-21,7355.39013671875,0.0363499975204467,call,1.386738134946875,0.947945205479452,7.75
SPX270521C10400000,2026-06-05 18:52:21+00:00,10400.0,6.0,5.6,6.2,0.0,0.0,18.0,201.0,0.1596077082061767,False,REGULAR,USD,2027-05-21,7355.39013671875,0.0363499975204467,call,1.4139290787693628,0.947945205479452,5.9
SPX270521C10600000,2026-06-09 16:47:46+00:00,10600.0,3.82,4.3,5.0,-0.74,-16.228071,2.0,227.0,0.1623161161804199,False,REGULAR,USD,2027-05-21,7355.39013671875,0.0363499975204467,call,1.4411200225918506,0.947945205479452,4.65
SPX270521C10800000,2026-06-08 19:57:35+00:00,10800.0,3.7,3.4,4.1,0.0,0.0,8.0,171.0,0.1651847398376464,False,REGULAR,USD,2027-05-21,7355.39013671875,0.0363499975204467,call,1.4683109664143383,0.947945205479452,3.75
SPX270521C11000000,2026-06-05 18:38:48+00:00,11000.0,3.04,2.75,3.4,0.0,0.0,1.0,20.0,0.1681067687225342,False,REGULAR,USD,2027-05-21,7355.39013671875,0.0363499975204467,call,1.495501910236826,0.947945205479452,3.075
SPX270521C11200000,2026-06-08 13:44:49+00:00,11200.0,2.63,2.25,2.75,0.0,0.0,4.0,96.0,0.1703726762390137,False,REGULAR,USD,2027-05-21,7355.39013671875,0.0363499975204467,call,1.522692854059314,0.947945205479452,2.5
SPX270521C11400000,2026-06-03 16:34:46+00:00,11400.0,2.72,1.9,2.35,0.0,0.0,8.0,150.0,0.1735312139892578,False,REGULAR,USD,2027-05-21,7355.39013671875,0.0363499975204467,call,1.5498837978818016,0.947945205479452,2.125
SPX270521C11600000,2026-06-05 18:38:48+00:00,11600.0,1.69,1.6,2.0,0.0,0.0,4.0,140.0,0.1764608721923828,False,REGULAR,USD,2027-05-21,7355.39013671875,0.0363499975204467,call,1.5770747417042894,0.947945205479452,1.8
SPX270617C07300000,2026-06-09 16:08:42+00:00,7300.0,731.83,747.2,749.4,-59.169983,-7.480402,350.0,2627.0,0.2439812922573089,True,REGULAR,USD,2027-06-17,7355.39013671875,0.0363499975204467,call,0.9924694495208028,1.021917808219178,748.3
SPX270617C07325000,2026-06-08 19:56:47+00:00,7325.0,751.98,726.6,729.2,0.0,0.0,54.0,39.0,0.2410296997642517,True,REGULAR,USD,2027-06-17,7355.39013671875,0.0363499975204467,call,0.9958683174986136,1.021917808219178,727.9000000000001
SPX270617C07350000,2026-06-09 13:40:37+00:00,7350.0,767.66,714.3,717.1,29.619995,4.013332,2.0,937.0,0.2407912835693359,True,REGULAR,USD,2027-06-17,7355.39013671875,0.0363499975204467,call,0.9992671854764248,1.021917808219178,715.7
SPX270617C07375000,2026-06-08 18:01:13+00:00,7375.0,700.85,698.1,700.6,-35.48004,-4.818497,500.0,187.0,0.2390165134143829,False,REGULAR,USD,2027-06-17,7355.39013671875,0.0363499975204467,call,1.0026660534542358,1.021917808219178,699.35
SPX270617C07400000,2026-06-09 14:43:40+00:00,7400.0,667.48,678.4,680.8,-52.080017,-7.237759,207.0,3522.0,0.2360844710493087,False,REGULAR,USD,2027-06-17,7355.39013671875,0.0363499975204467,call,1.0060649214320467,1.021917808219178,679.5999999999999
SPX270617C07425000,2026-06-09 15:51:39+00:00,7425.0,639.6,665.5,667.8,-80.68005,-11.201206,501.0,77.0,0.2354102300500869,False,REGULAR,USD,2027-06-17,7355.39013671875,0.0363499975204467,call,1.0094637894098577,1.021917808219178,666.65
SPX270617C07450000,2026-06-08 19:21:52+00:00,7450.0,674.66,647.1,649.7,0.0,0.0,204.0,1383.0,0.2329702787113189,False,REGULAR,USD,2027-06-17,7355.39013671875,0.0363499975204467,call,1.012862657387669,1.021917808219178,648.4000000000001
SPX270617C07475000,2026-06-08 19:32:01+00:00,7475.0,660.29,635.1,637.3,0.0,0.0,22.0,65.0,0.2324085701560974,False,REGULAR,USD,2027-06-17,7355.39013671875,0.0363499975204467,call,1.0162615253654796,1.021917808219178,636.2
SPX270617C07500000,2026-06-09 18:42:33+00:00,7500.0,616.33,619.4,621.9,-37.440002,-5.7267847,82.0,6165.0,0.2307911546897888,False,REGULAR,USD,2027-06-17,7355.39013671875,0.0363499975204467,call,1.0196603933432906,1.021917808219178,620.65
SPX270617C07525000,2026-06-09 19:00:58+00:00,7525.0,609.0,601.3,604.1,-35.72998,-5.541852,60.0,384.0,0.2283197324132919,False,REGULAR,USD,2027-06-17,7355.39013671875,0.0363499975204467,call,1.0230592613211016,1.021917808219178,602.7
SPX270617C07550000,2026-06-09 14:39:27+00:00,7550.0,618.15,586.3,589.1,-117.89996,-16.01793,4.0,342.0,0.2267452318620681,False,REGULAR,USD,2027-06-17,7355.39013671875,0.0363499975204467,call,1.0264581292989126,1.021917808219178,587.7
SPX270617C07575000,2026-06-08 18:17:23+00:00,7575.0,609.21,574.5,576.7,0.0,0.0,9.0,48.0,0.2259989891719818,False,REGULAR,USD,2027-06-17,7355.39013671875,0.0363499975204467,call,1.0298569972767233,1.021917808219178,575.6
SPX270617C07600000,2026-06-09 16:40:39+00:00,7600.0,492.13,558.8,561.2,-97.28998,-16.506054,44.0,5036.0,0.224161277141571,False,REGULAR,USD,2027-06-17,7355.39013671875,0.0363499975204467,call,1.0332558652545345,1.021917808219178,560.0
SPX270617C07625000,2026-06-05 19:52:57+00:00,7625.0,573.6,544.5,546.8,0.0,0.0,3.0,591.0,0.2226459038066863,False,REGULAR,USD,2027-06-17,7355.39013671875,0.0363499975204467,call,1.0366547332323452,1.021917808219178,545.65
SPX270617C07650000,2026-06-05 17:15:56+00:00,7650.0,587.0,529.8,532.3,0.0,0.0,8.0,611.0,0.2210470848035812,False,REGULAR,USD,2027-06-17,7355.39013671875,0.0363499975204467,call,1.0400536012101562,1.021917808219178,531.05
SPX270617C07675000,2026-06-05 17:25:50+00:00,7675.0,573.9,516.0,518.3,0.0,0.0,5.0,404.0,0.2195665202331542,False,REGULAR,USD,2027-06-17,7355.39013671875,0.0363499975204467,call,1.0434524691879672,1.021917808219178,517.15
SPX270617C07700000,2026-06-09 17:47:07+00:00,7700.0,483.13,503.1,504.4,-39.369995,-7.5349274,30.0,2356.0,0.2180692665290832,False,REGULAR,USD,2027-06-17,7355.39013671875,0.0363499975204467,call,1.0468513371657782,1.021917808219178,503.75
SPX270617C07725000,2026-06-09 17:51:40+00:00,7725.0,469.6,486.1,488.4,-104.600006,-18.21665,65.0,186.0,0.2158090810012817,False,REGULAR,USD,2027-06-17,7355.39013671875,0.0363499975204467,call,1.0502502051435891,1.021917808219178,487.25
SPX270617C07750000,2026-06-09 18:42:33+00:00,7750.0,472.33,474.6,475.9,-21.450012,-4.3440423,68.0,2697.0,0.2146804187345505,False,REGULAR,USD,2027-06-17,7355.39013671875,0.0363499975204467,call,1.0536490731214,1.021917808219178,475.25
SPX270617C07775000,2026-06-09 16:27:28+00:00,7775.0,419.2,461.9,464.2,-76.599976,-15.449774,12.0,298.0,0.2137720530319213,False,REGULAR,USD,2027-06-17,7355.39013671875,0.0363499975204467,call,1.057047941099211,1.021917808219178,463.05
SPX270617C07800000,2026-06-09 16:27:08+00:00,7800.0,405.3,449.6,451.5,-73.19,-15.296036,109.0,4371.0,0.2124712542724609,False,REGULAR,USD,2027-06-17,7355.39013671875,0.0363499975204467,call,1.060446809077022,1.021917808219178,450.55
SPX270617C07825000,2026-06-09 16:08:04+00:00,7825.0,394.8,435.8,438.1,-57.28,-12.670324,10.0,206.0,0.2108767267608642,False,REGULAR,USD,2027-06-17,7355.39013671875,0.0363499975204467,call,1.063845677054833,1.021917808219178,436.9500000000001
SPX270617C07850000,2026-06-09 15:38:16+00:00,7850.0,398.7,422.2,424.6,-42.289978,-9.589783,6.0,915.0,0.2091911242628097,False,REGULAR,USD,2027-06-17,7355.39013671875,0.0363499975204467,call,1.067244545032644,1.021917808219178,423.4
SPX270617C07875000,2026-06-09 19:00:58+00:00,7875.0,414.1,410.5,412.8,-14.299988,-3.337999,78.0,201.0,0.208032421555519,False,REGULAR,USD,2027-06-17,7355.39013671875,0.0363499975204467,call,1.070643413010455,1.021917808219178,411.65
SPX270617C07900000,2026-06-08 20:01:59+00:00,7900.0,412.88,398.1,400.3,0.0,0.0,467.0,1640.0,0.2065756986045837,False,REGULAR,USD,2027-06-17,7355.39013671875,0.0363499975204467,call,1.074042280988266,1.021917808219178,399.2000000000001
SPX270617C07925000,2026-06-08 19:02:33+00:00,7925.0,411.1,385.9,388.2,0.0,0.0,40.0,526.0,0.20519908349514,False,REGULAR,USD,2027-06-17,7355.39013671875,0.0363499975204467,call,1.077441148966077,1.021917808219178,387.05
SPX270617C07950000,2026-06-08 18:51:17+00:00,7950.0,399.3,374.4,376.5,0.0,0.0,12.0,1036.0,0.2039025762271881,False,REGULAR,USD,2027-06-17,7355.39013671875,0.0363499975204467,call,1.080840016943888,1.021917808219178,375.45
SPX270617C07975000,2026-06-08 19:21:52+00:00,7975.0,380.04,362.4,364.6,0.0,0.0,3.0,150.0,0.2024768473815917,False,REGULAR,USD,2027-06-17,7355.39013671875,0.0363499975204467,call,1.0842388849216988,1.021917808219178,363.5
SPX270617C08000000,2026-06-09 16:18:35+00:00,8000.0,316.1,350.9,353.2,-51.100006,-13.916122,224.0,9563.0,0.201165558309555,False,REGULAR,USD,2027-06-17,7355.39013671875,0.0363499975204467,call,1.0876377528995098,1.021917808219178,352.04999999999995
SPX270617C08025000,2026-06-05 19:22:07+00:00,8025.0,352.4,337.7,340.2,0.0,0.0,7.0,220.0,0.1992248504829406,False,REGULAR,USD,2027-06-17,7355.39013671875,0.0363499975204467,call,1.0910366208773208,1.021917808219178,338.95
SPX270617C08050000,2026-06-09 14:39:27+00:00,8050.0,350.24,326.7,328.7,-1.8600159,-0.5282635,2.0,565.0,0.197749054236412,False,REGULAR,USD,2027-06-17,7355.39013671875,0.0363499975204467,call,1.0944354888551318,1.021917808219178,327.7
SPX270617C08075000,2026-06-08 18:46:34+00:00,8075.0,340.6,317.7,320.0,0.0,0.0,2.0,30.0,0.1972154787921905,False,REGULAR,USD,2027-06-17,7355.39013671875,0.0363499975204467,call,1.0978343568329427,1.021917808219178,318.85
SPX270617C08100000,2026-06-05 19:05:44+00:00,8100.0,328.45,307.5,309.8,0.0,0.0,609.0,5247.0,0.1960844323635101,False,REGULAR,USD,2027-06-17,7355.39013671875,0.0363499975204467,call,1.1012332248107537,1.021917808219178,308.65
SPX270617C08125000,2026-06-09 16:00:40+00:00,8125.0,273.4,295.2,297.3,-40.309998,-12.849446,1.0,145.0,0.1940502653884888,False,REGULAR,USD,2027-06-17,7355.39013671875,0.0363499975204467,call,1.104632092788565,1.021917808219178,296.25
SPX270617C08150000,2026-06-08 17:03:42+00:00,8150.0,307.5,285.0,287.4,0.0,0.0,103.0,1680.0,0.1928953773403167,False,REGULAR,USD,2027-06-17,7355.39013671875,0.0363499975204467,call,1.1080309607663756,1.021917808219178,286.2
SPX270617C08175000,2026-06-08 18:46:40+00:00,8175.0,298.2,277.6,279.6,0.0,0.0,3.0,145.0,0.1924552610445022,False,REGULAR,USD,2027-06-17,7355.39013671875,0.0363499975204467,call,1.1114298287441866,1.021917808219178,278.6
SPX270617C08200000,2026-06-09 17:10:11+00:00,8200.0,241.43,268.4,270.4,-40.660004,-14.413841,114.0,4015.0,0.1914362702274322,False,REGULAR,USD,2027-06-17,7355.39013671875,0.0363499975204467,call,1.1148286967219976,1.021917808219178,269.4
SPX270617C08225000,2026-06-09 16:26:32+00:00,8225.0,229.3,259.0,261.1,-47.90001,-17.279945,15.0,144.0,0.1903157141113281,False,REGULAR,USD,2027-06-17,7355.39013671875,0.0363499975204467,call,1.1182275646998086,1.021917808219178,260.05
SPX270617C08250000,2026-06-09 17:52:12+00:00,8250.0,239.23,249.9,251.9,-29.569992,-11.000742,53.0,299.0,0.1891655943870544,False,REGULAR,USD,2027-06-17,7355.39013671875,0.0363499975204467,call,1.1216264326776195,1.021917808219178,250.9
SPX270617C08275000,2026-06-09 16:17:02+00:00,8275.0,212.8,238.7,241.1,-38.300003,-15.252888,8.0,1080.0,0.187329789686203,False,REGULAR,USD,2027-06-17,7355.39013671875,0.0363499975204467,call,1.1250253006554305,1.021917808219178,239.9
SPX270617C08300000,2026-06-09 16:06:44+00:00,8300.0,202.1,230.1,232.5,-54.5,-21.239283,3.0,2455.0,0.1862669302892685,False,REGULAR,USD,2027-06-17,7355.39013671875,0.0363499975204467,call,1.1284241686332417,1.021917808219178,231.3
SPX270617C08325000,2026-06-09 16:20:51+00:00,8325.0,190.8,224.1,226.2,-53.069992,-21.761591,21.0,37.0,0.1860423422336578,False,REGULAR,USD,2027-06-17,7355.39013671875,0.0363499975204467,call,1.1318230366110524,1.021917808219178,225.15
SPX270617C08350000,2026-06-08 14:12:01+00:00,8350.0,237.87,213.9,215.9,0.0,0.0,2.0,28.0,0.1841712519359588,False,REGULAR,USD,2027-06-17,7355.39013671875,0.0363499975204467,call,1.1352219045888634,1.021917808219178,214.9
SPX270617C08375000,2026-06-05 17:33:06+00:00,8375.0,242.4,208.0,210.0,0.0,0.0,7.0,7.0,0.1839871946334838,False,REGULAR,USD,2027-06-17,7355.39013671875,0.0363499975204467,call,1.1386207725666744,1.021917808219178,209.0
SPX270617C08400000,2026-06-09 17:59:37+00:00,8400.0,189.68,199.7,201.6,-21.020004,-9.976272,118.0,4057.0,0.1827302644538879,False,REGULAR,USD,2027-06-17,7355.39013671875,0.0363499975204467,call,1.1420196405444851,1.021917808219178,200.65
SPX270617C08425000,2026-06-09 16:18:02+00:00,8425.0,165.9,192.1,194.2,-43.0,-20.584013,1.0,80.0,0.181809977941513,False,REGULAR,USD,2027-06-17,7355.39013671875,0.0363499975204467,call,1.1454185085222963,1.021917808219178,193.15
SPX270617C08450000,2026-06-08 18:46:34+00:00,8450.0,200.9,185.4,187.4,0.0,0.0,2.0,17.0,0.1810718414020538,False,REGULAR,USD,2027-06-17,7355.39013671875,0.0363499975204467,call,1.1488173765001073,1.021917808219178,186.4
SPX270617C08475000,2026-06-09 16:38:55+00:00,8475.0,150.65,177.2,179.2,-46.87001,-23.729246,8.0,602.0,0.179672815170288,False,REGULAR,USD,2027-06-17,7355.39013671875,0.0363499975204467,call,1.1522162444779185,1.021917808219178,178.2
SPX270617C08500000,2026-06-09 18:54:04+00:00,8500.0,172.6,171.4,173.3,-16.299988,-8.628898,376.0,5903.0,0.1791807241439819,False,REGULAR,USD,2027-06-17,7355.39013671875,0.0363499975204467,call,1.1556151124557292,1.021917808219178,172.35000000000002
SPX270617C08525000,2026-06-05 17:18:43+00:00,8525.0,195.0,164.8,166.8,0.0,0.0,9.0,10.0,0.1783672480869293,False,REGULAR,USD,2027-06-17,7355.39013671875,0.0363499975204467,call,1.1590139804335402,1.021917808219178,165.8
SPX270617C08550000,2026-06-08 14:55:32+00:00,8550.0,180.86,158.3,160.3,0.0,0.0,247.0,375.0,0.1774832008361816,False,REGULAR,USD,2027-06-17,7355.39013671875,0.0363499975204467,call,1.1624128484113512,1.021917808219178,159.3
SPX270617C08575000,2026-06-08 19:57:48+00:00,8575.0,160.2,152.7,154.6,0.0,0.0,25.0,35.0,0.1768881140136718,False,REGULAR,USD,2027-06-17,7355.39013671875,0.0363499975204467,call,1.165811716389162,1.021917808219178,153.64999999999998
SPX270617C08600000,2026-06-08 14:21:08+00:00,8600.0,161.07,146.9,148.9,0.0,0.0,1.0,2944.0,0.1762286548185348,False,REGULAR,USD,2027-06-17,7355.39013671875,0.0363499975204467,call,1.1692105843669731,1.021917808219178,147.9
SPX270617C08625000,2026-06-05 17:31:02+00:00,8625.0,168.7,140.9,142.7,0.0,0.0,3.0,3.0,0.1752697448825836,False,REGULAR,USD,2027-06-17,7355.39013671875,0.0363499975204467,call,1.172609452344784,1.021917808219178,141.8
SPX270617C08650000,2026-06-09 18:58:09+00:00,8650.0,137.4,135.5,137.3,-10.580002,-7.1496167,25.0,1585.0,0.1746126698493958,False,REGULAR,USD,2027-06-17,7355.39013671875,0.0363499975204467,call,1.176008320322595,1.021917808219178,136.4
SPX270617C08675000,2026-06-05 17:32:22+00:00,8675.0,155.6,130.3,132.2,0.0,0.0,5.0,5.0,0.1740318879985809,False,REGULAR,USD,2027-06-17,7355.39013671875,0.0363499975204467,call,1.179407188300406,1.021917808219178,131.25
SPX270617C08700000,2026-06-09 14:16:16+00:00,8700.0,136.78,124.0,125.9,5.220001,3.9677722,2.0,3143.0,0.1727978457736969,False,REGULAR,USD,2027-06-17,7355.39013671875,0.0363499975204467,call,1.182806056278217,1.021917808219178,124.95
SPX270617C08750000,2026-06-05 20:01:02+00:00,8750.0,121.6,115.0,116.9,0.0,0.0,14.0,1591.0,0.1718870959091186,False,REGULAR,USD,2027-06-17,7355.39013671875,0.0363499975204467,call,1.189603792233839,1.021917808219178,115.95
SPX270617C08800000,2026-06-09 19:06:11+00:00,8800.0,108.28,105.0,106.7,-11.989998,-9.969234,56.0,5679.0,0.1700884841346741,False,REGULAR,USD,2027-06-17,7355.39013671875,0.0363499975204467,call,1.1964015281894609,1.021917808219178,105.85
SPX270617C08850000,2026-06-05 17:16:33+00:00,8850.0,117.4,97.4,99.2,0.0,0.0,4.0,293.0,0.1694485750675201,False,REGULAR,USD,2027-06-17,7355.39013671875,0.0363499975204467,call,1.2031992641450828,1.021917808219178,98.3
SPX270617C08900000,2026-06-09 19:06:54+00:00,8900.0,91.3,88.7,90.4,-9.409996,-9.343657,2.0,2437.0,0.1678263912773132,False,REGULAR,USD,2027-06-17,7355.39013671875,0.0363499975204467,call,1.2099970001007048,1.021917808219178,89.55000000000001
SPX270617C08950000,2026-06-08 15:16:57+00:00,8950.0,79.79,81.5,83.1,-17.510002,-17.995892,1.0,431.0,0.1667773600196839,False,REGULAR,USD,2027-06-17,7355.39013671875,0.0363499975204467,call,1.2167947360563267,1.021917808219178,82.3
SPX270617C09000000,2026-06-09 17:51:01+00:00,9000.0,69.98,75.0,76.3,-18.619995,-21.015797,29.0,5084.0,0.165763614358902,False,REGULAR,USD,2027-06-17,7355.39013671875,0.0363499975204467,call,1.2235924720119489,1.021917808219178,75.65
SPX270617C09050000,2026-06-09 18:02:22+00:00,9050.0,64.81,69.1,70.6,-11.190002,-14.723687,2.0,513.0,0.1651952301502227,False,REGULAR,USD,2027-06-17,7355.39013671875,0.0363499975204467,call,1.2303902079675706,1.021917808219178,69.85
SPX270617C09100000,2026-06-08 16:37:09+00:00,9100.0,78.4,63.5,64.8,6.9000015,9.650352,5.0,66.0,0.1643207195472717,False,REGULAR,USD,2027-06-17,7355.39013671875,0.0363499975204467,call,1.2371879439231923,1.021917808219178,64.15
SPX270617C09200000,2026-06-09 19:06:11+00:00,9200.0,54.59,53.1,54.5,-3.619999,-6.2188606,462.0,4646.0,0.1627214237117767,False,REGULAR,USD,2027-06-17,7355.39013671875,0.0363499975204467,call,1.2507834158344364,1.021917808219178,53.8
SPX270617C09300000,2026-06-09 18:05:57+00:00,9300.0,41.82,44.4,45.7,-7.1800003,-14.653061,301.0,2211.0,0.1612670849227905,False,REGULAR,USD,2027-06-17,7355.39013671875,0.0363499975204467,call,1.2643788877456803,1.021917808219178,45.05
SPX270617C09400000,2026-06-09 19:06:54+00:00,9400.0,38.15,37.1,38.2,-3.8999977,-9.274668,57.0,4988.0,0.1599338615608215,False,REGULAR,USD,2027-06-17,7355.39013671875,0.0363499975204467,call,1.2779743596569242,1.021917808219178,37.650000000000006
SPX270617C09500000,2026-06-09 17:51:01+00:00,9500.0,28.86,30.9,32.1,-7.84,-21.362398,68.0,4702.0,0.1589897334289551,False,REGULAR,USD,2027-06-17,7355.39013671875,0.0363499975204467,call,1.291569831568168,1.021917808219178,31.5
SPX270617C09600000,2026-06-09 18:02:21+00:00,9600.0,24.33,25.9,26.8,-5.4799995,-18.383091,569.0,5281.0,0.1579960147285461,False,REGULAR,USD,2027-06-17,7355.39013671875,0.0363499975204467,call,1.305165303479412,1.021917808219178,26.35
SPX270617C09800000,2026-06-09 18:58:09+00:00,9800.0,18.54,18.2,19.2,-1.5599995,-7.761191,154.0,2173.0,0.1572311755752563,False,REGULAR,USD,2027-06-17,7355.39013671875,0.0363499975204467,call,1.3323562473018995,1.021917808219178,18.7
SPX270617C10000000,2026-06-09 17:42:29+00:00,10000.0,12.39,13.0,13.8,-2.0999994,-14.492749,2.0,7583.0,0.1568649682998657,False,REGULAR,USD,2027-06-17,7355.39013671875,0.0363499975204467,call,1.3595471911243873,1.021917808219178,13.4
SPX270617C10200000,2026-06-08 19:44:17+00:00,10200.0,10.58,9.7,10.3,0.47999954,4.7524705,7.0,1563.0,0.1576088268280029,False,REGULAR,USD,2027-06-17,7355.39013671875,0.0363499975204467,call,1.386738134946875,1.021917808219178,10.0
SPX270617C10400000,2026-06-09 14:03:58+00:00,10400.0,8.0,7.3,7.9,-0.069999695,-0.8674064,14.0,2924.0,0.1589973627471924,False,REGULAR,USD,2027-06-17,7355.39013671875,0.0363499975204467,call,1.4139290787693628,1.021917808219178,7.6
SPX270617C10600000,2026-06-03 18:44:02+00:00,10600.0,4.78,5.7,6.2,-4.2499995,-47.06533,1.0,1018.0,0.1608283991241455,False,REGULAR,USD,2027-06-17,7355.39013671875,0.0363499975204467,call,1.4411200225918506,1.021917808219178,5.95
SPX270617C10800000,2026-06-08 19:44:54+00:00,10800.0,3.78,4.4,5.0,-0.95000005,-20.084568,1.0,1228.0,0.1631095652770996,False,REGULAR,USD,2027-06-17,7355.39013671875,0.0363499975204467,call,1.4683109664143383,1.021917808219178,4.7
SPX270617C11000000,2026-06-08 19:14:13+00:00,11000.0,3.9,3.5,4.1,0.0,0.0,159.0,263.0,0.1655890937042236,False,REGULAR,USD,2027-06-17,7355.39013671875,0.0363499975204467,call,1.495501910236826,1.021917808219178,3.8
SPX270617C11200000,2026-06-08 15:09:40+00:00,11200.0,3.46,2.9,3.5,0.0,0.0,4.0,163.0,0.1687094848632813,False,REGULAR,USD,2027-06-17,7355.39013671875,0.0363499975204467,call,1.522692854059314,1.021917808219178,3.2
SPX270617C11400000,2026-06-03 16:33:55+00:00,11400.0,3.48,2.4,2.85,0.0,0.0,8.0,222.0,0.1707541421508789,False,REGULAR,USD,2027-06-17,7355.39013671875,0.0363499975204467,call,1.5498837978818016,1.021917808219178,2.625
SPX270917C07300000,2026-06-09 16:18:10+00:00,7300.0,790.8,851.1,854.3,-216.27002,-21.475172,2.0,13.0,0.2506002026605606,True,REGULAR,USD,2027-09-17,7355.39013671875,0.0363499975204467,call,0.9924694495208028,1.273972602739726,852.7
SPX270917C07325000,2026-06-09 18:29:27+00:00,7325.0,833.4,838.5,841.7,4.4000244,0.5307629,18.0,2.0,0.25020538544178,True,REGULAR,USD,2027-09-17,7355.39013671875,0.0363499975204467,call,0.9958683174986136,1.273972602739726,840.1
SPX270917C07350000,2026-06-02 19:29:33+00:00,7350.0,992.7,818.8,822.0,0.0,0.0,2.0,13.0,0.2476123709058761,True,REGULAR,USD,2027-09-17,7355.39013671875,0.0363499975204467,call,0.9992671854764248,1.273972602739726,820.4
SPX270917C07400000,2026-05-22 16:34:19+00:00,7400.0,870.63,790.5,793.8,0.0,0.0,41.0,26.0,0.2457455720996856,False,REGULAR,USD,2027-09-17,7355.39013671875,0.0363499975204467,call,1.0060649214320467,1.273972602739726,792.15
SPX270917C07425000,2026-06-05 19:10:30+00:00,7425.0,800.06,774.7,777.8,0.0,0.0,1.0,3.0,0.2441858533525467,False,REGULAR,USD,2027-09-17,7355.39013671875,0.0363499975204467,call,1.0094637894098577,1.273972602739726,776.25
SPX270917C07450000,2026-06-04 14:42:12+00:00,7450.0,886.0,756.1,759.0,0.0,0.0,1.0,52.0,0.2417459020137787,False,REGULAR,USD,2027-09-17,7355.39013671875,0.0363499975204467,call,1.012862657387669,1.273972602739726,757.55
SPX270917C07500000,2026-06-08 18:07:30+00:00,7500.0,770.65,725.0,728.0,0.0,0.0,2.0,328.0,0.2387676069068908,False,REGULAR,USD,2027-09-17,7355.39013671875,0.0363499975204467,call,1.0196603933432906,1.273972602739726,726.5
SPX270917C07525000,2026-06-08 13:44:28+00:00,7525.0,757.39,710.3,716.6,0.0,0.0,1.0,6.0,0.2384657720041274,False,REGULAR,USD,2027-09-17,7355.39013671875,0.0363499975204467,call,1.0230592613211016,1.273972602739726,713.45
SPX270917C07550000,2026-05-26 17:04:16+00:00,7550.0,787.55,694.8,697.8,0.0,0.0,2.0,4006.0,0.2358951685905456,False,REGULAR,USD,2027-09-17,7355.39013671875,0.0363499975204467,call,1.0264581292989126,1.273972602739726,696.3
SPX270917C07600000,2026-06-01 11:16:15+00:00,7600.0,815.07,665.2,668.3,0.0,0.0,1.0,17.0,0.2330937783002853,False,REGULAR,USD,2027-09-17,7355.39013671875,0.0363499975204467,call,1.0332558652545345,1.273972602739726,666.75
SPX270917C07625000,2026-06-08 13:44:28+00:00,7625.0,696.13,653.6,656.7,0.0,0.0,1.0,1.0,0.2325892896318435,False,REGULAR,USD,2027-09-17,7355.39013671875,0.0363499975204467,call,1.0366547332323452,1.273972602739726,655.1500000000001
SPX270917C07650000,2026-05-01 19:53:11+00:00,7650.0,548.9,655.0,661.7,0.0,0.0,2.0,4000.0,0.2370543481302261,False,REGULAR,USD,2027-09-17,7355.39013671875,0.0363499975204467,call,1.0400536012101562,1.273972602739726,658.35
SPX270917C07700000,2026-05-01 19:54:13+00:00,7700.0,522.7,626.0,632.7,0.0,0.0,3.0,3.0,0.2341170606088638,False,REGULAR,USD,2027-09-17,7355.39013671875,0.0363499975204467,call,1.0468513371657782,1.273972602739726,629.35
SPX270917C07725000,2026-05-18 16:11:09+00:00,7725.0,606.8,593.7,596.8,0.0,0.0,1.0,6.0,0.2261296412467956,False,REGULAR,USD,2027-09-17,7355.39013671875,0.0363499975204467,call,1.0502502051435891,1.273972602739726,595.25
SPX270917C07750000,2026-05-22 17:25:55+00:00,7750.0,655.75,580.9,584.3,0.0,0.0,2.0,24.0,0.2251669166517257,False,REGULAR,USD,2027-09-17,7355.39013671875,0.0363499975204467,call,1.0536490731214,1.273972602739726,582.5999999999999
SPX270917C07775000,2026-05-11 17:07:06+00:00,7775.0,603.5,565.9,569.1,0.0,0.0,8.0,11.0,0.2233482779169082,False,REGULAR,USD,2027-09-17,7355.39013671875,0.0363499975204467,call,1.057047941099211,1.273972602739726,567.5
SPX270917C07800000,2026-06-04 19:15:10+00:00,7800.0,694.23,554.3,559.3,0.0,0.0,52.0,127.0,0.2231265508556365,False,REGULAR,USD,2027-09-17,7355.39013671875,0.0363499975204467,call,1.060446809077022,1.273972602739726,556.8
SPX270917C07825000,2026-05-18 16:11:09+00:00,7825.0,552.0,539.3,542.1,0.0,0.0,1.0,11.0,0.2206203198146819,False,REGULAR,USD,2027-09-17,7355.39013671875,0.0363499975204467,call,1.063845677054833,1.273972602739726,540.7
SPX270917C07850000,2026-06-01 14:39:03+00:00,7850.0,645.07,528.7,531.9,0.0,0.0,1.0,51.0,0.2201997536468505,False,REGULAR,USD,2027-09-17,7355.39013671875,0.0363499975204467,call,1.067244545032644,1.273972602739726,530.3
SPX270917C07875000,2026-05-13 15:02:19+00:00,7875.0,551.5,515.8,518.9,0.0,0.0,1.0,6.0,0.2188870340776443,False,REGULAR,USD,2027-09-17,7355.39013671875,0.0363499975204467,call,1.070643413010455,1.273972602739726,517.3499999999999
SPX270917C07900000,2026-06-05 17:34:12+00:00,7900.0,556.89,499.9,503.3,0.0,0.0,36.0,70.0,0.2167379504966735,False,REGULAR,USD,2027-09-17,7355.39013671875,0.0363499975204467,call,1.074042280988266,1.273972602739726,501.6
SPX270917C07925000,2026-05-11 17:07:00+00:00,7925.0,523.1,487.7,491.1,0.0,0.0,2.0,5.0,0.215584492945671,False,REGULAR,USD,2027-09-17,7355.39013671875,0.0363499975204467,call,1.077441148966077,1.273972602739726,489.4
SPX270917C07950000,2026-06-05 17:34:12+00:00,7950.0,530.43,477.8,480.8,0.0,0.0,36.0,54.0,0.2149727169895172,False,REGULAR,USD,2027-09-17,7355.39013671875,0.0363499975204467,call,1.080840016943888,1.273972602739726,479.3
SPX270917C08000000,2026-06-08 18:08:34+00:00,8000.0,484.26,450.8,453.8,0.0,0.0,44.0,324.0,0.2116506257295608,False,REGULAR,USD,2027-09-17,7355.39013671875,0.0363499975204467,call,1.0876377528995098,1.273972602739726,452.3
SPX270917C08025000,2026-06-01 19:31:27+00:00,8025.0,574.9,440.6,443.6,0.0,0.0,60.0,101.0,0.2109439601278304,False,REGULAR,USD,2027-09-17,7355.39013671875,0.0363499975204467,call,1.0910366208773208,1.273972602739726,442.1
SPX270917C08050000,2026-06-01 19:31:42+00:00,8050.0,395.17,429.4,432.5,-166.03,-29.584818,22.0,64.0,0.2099154326629638,False,REGULAR,USD,2027-09-17,7355.39013671875,0.0363499975204467,call,1.0944354888551318,1.273972602739726,430.95
SPX270917C08075000,2026-06-08 18:46:29+00:00,8075.0,444.1,417.9,420.9,0.0,0.0,1.0,2.0,0.2086866355943679,False,REGULAR,USD,2027-09-17,7355.39013671875,0.0363499975204467,call,1.0978343568329427,1.273972602739726,419.4
SPX270917C08100000,2026-06-01 19:48:59+00:00,8100.0,530.65,404.9,408.2,0.0,0.0,1.0,39.0,0.2070649286365508,False,REGULAR,USD,2027-09-17,7355.39013671875,0.0363499975204467,call,1.1012332248107537,1.273972602739726,406.55
SPX270917C08150000,2026-06-01 19:31:55+00:00,8150.0,509.1,384.1,387.2,0.0,0.0,2.0,5.0,0.2050684314203262,False,REGULAR,USD,2027-09-17,7355.39013671875,0.0363499975204467,call,1.1080309607663756,1.273972602739726,385.65
SPX270917C08175000,2026-06-08 18:46:34+00:00,8175.0,397.5,373.9,376.9,0.0,0.0,4.0,20.0,0.2040656529045104,False,REGULAR,USD,2027-09-17,7355.39013671875,0.0363499975204467,call,1.1114298287441866,1.273972602739726,375.4
SPX270917C08200000,2026-05-01 15:14:03+00:00,8200.0,294.02,373.6,379.7,0.0,0.0,1.0,2.0,0.2072184686660766,False,REGULAR,USD,2027-09-17,7355.39013671875,0.0363499975204467,call,1.1148286967219976,1.273972602739726,376.65
SPX270917C08225000,2026-05-15 19:26:53+00:00,8225.0,390.05,352.4,355.3,0.0,0.0,1.0,1.0,0.2015966147899627,False,REGULAR,USD,2027-09-17,7355.39013671875,0.0363499975204467,call,1.1182275646998086,1.273972602739726,353.85
SPX270917C08250000,2026-06-05 19:17:51+00:00,8250.0,351.7,342.8,345.6,0.0,0.0,3.0,8.0,0.2006448573398589,False,REGULAR,USD,2027-09-17,7355.39013671875,0.0363499975204467,call,1.1216264326776195,1.273972602739726,344.20000000000005
SPX270917C08275000,2026-06-02 18:54:27+00:00,8275.0,446.5,332.0,335.1,0.0,0.0,1.0,6.0,0.1993841125011443,False,REGULAR,USD,2027-09-17,7355.39013671875,0.0363499975204467,call,1.1250253006554305,1.273972602739726,333.55
SPX270917C08300000,2026-06-08 18:46:33+00:00,8300.0,344.4,321.9,324.6,0.0,0.0,3.0,902.0,0.1980709160995483,False,REGULAR,USD,2027-09-17,7355.39013671875,0.0363499975204467,call,1.1284241686332417,1.273972602739726,323.25
SPX270917C08350000,2026-06-05 19:17:58+00:00,8350.0,312.2,301.3,304.2,0.0,0.0,7.0,9.0,0.1954826698875427,False,REGULAR,USD,2027-09-17,7355.39013671875,0.0363499975204467,call,1.1352219045888634,1.273972602739726,302.75
SPX270917C08375000,2026-06-08 18:46:27+00:00,8375.0,315.3,292.2,295.4,0.0,0.0,1.0,1.0,0.1945800261735916,False,REGULAR,USD,2027-09-17,7355.39013671875,0.0363499975204467,call,1.1386207725666744,1.273972602739726,293.79999999999995
SPX270917C08400000,2026-06-05 18:38:06+00:00,8400.0,311.5,285.6,288.6,0.0,0.0,1.0,2.0,0.1943091853761673,False,REGULAR,USD,2027-09-17,7355.39013671875,0.0363499975204467,call,1.1420196405444851,1.273972602739726,287.1
SPX270917C08450000,2026-06-05 19:55:55+00:00,8450.0,285.16,266.1,268.7,0.0,0.0,1.0,1.0,0.1914648801708221,False,REGULAR,USD,2027-09-17,7355.39013671875,0.0363499975204467,call,1.1488173765001073,1.273972602739726,267.4
SPX270917C08500000,2026-06-08 18:08:34+00:00,8500.0,272.66,249.5,252.4,0.0,0.0,42.0,56.0,0.1896481487655639,False,REGULAR,USD,2027-09-17,7355.39013671875,0.0363499975204467,call,1.1556151124557292,1.273972602739726,250.95
SPX270917C08550000,2026-06-08 17:04:01+00:00,8550.0,251.8,234.3,237.3,0.0,0.0,10.0,8.0,0.1880536212539673,False,REGULAR,USD,2027-09-17,7355.39013671875,0.0363499975204467,call,1.1624128484113512,1.273972602739726,235.8
SPX270917C08600000,2026-06-09 16:30:14+00:00,8600.0,192.93,218.8,221.5,-44.670013,-18.80051,2.0,3.0,0.1859951358270645,False,REGULAR,USD,2027-09-17,7355.39013671875,0.0363499975204467,call,1.1692105843669731,1.273972602739726,220.15
SPX270917C08700000,2026-05-08 18:47:43+00:00,8700.0,200.6,199.0,203.5,0.0,0.0,1.0,2.0,0.1864095031738281,False,REGULAR,USD,2027-09-17,7355.39013671875,0.0363499975204467,call,1.182806056278217,1.273972602739726,201.25
SPX270917C08750000,2026-06-04 18:22:14+00:00,8750.0,257.3,178.7,181.4,0.0,0.0,4.0,6.0,0.1812563755369186,False,REGULAR,USD,2027-09-17,7355.39013671875,0.0363499975204467,call,1.189603792233839,1.273972602739726,180.05
SPX270917C08800000,2026-06-09 14:43:57+00:00,8800.0,174.8,166.8,169.2,-68.59999,-28.184055,40.0,53.0,0.1797061934375763,False,REGULAR,USD,2027-09-17,7355.39013671875,0.0363499975204467,call,1.1964015281894609,1.273972602739726,168.0
SPX270917C08900000,2026-06-02 15:03:16+00:00,8900.0,218.71,145.6,148.2,0.0,0.0,2.0,44.0,0.1773878343582153,False,REGULAR,USD,2027-09-17,7355.39013671875,0.0363499975204467,call,1.2099970001007048,1.273972602739726,146.89999999999998
SPX270917C09000000,2026-06-08 14:50:06+00:00,9000.0,143.9,126.4,128.9,0.0,0.0,2.0,1044.0,0.174994135761261,False,REGULAR,USD,2027-09-17,7355.39013671875,0.0363499975204467,call,1.2235924720119489,1.273972602739726,127.65
SPX270917C09100000,2026-06-02 09:45:17+00:00,9100.0,163.07,110.0,112.3,0.0,0.0,1.0,9.0,0.173038169298172,False,REGULAR,USD,2027-09-17,7355.39013671875,0.0363499975204467,call,1.2371879439231923,1.273972602739726,111.15
SPX270917C09200000,2026-06-05 19:55:34+00:00,9200.0,104.1,95.0,97.3,0.0,0.0,1.0,10.0,0.171079341840744,False,REGULAR,USD,2027-09-17,7355.39013671875,0.0363499975204467,call,1.2507834158344364,1.273972602739726,96.15
SPX270917C09300000,2026-06-09 14:48:37+00:00,9300.0,82.2,82.4,84.3,-9.25,-10.114818,5.0,1.0,0.1693942161750793,False,REGULAR,USD,2027-09-17,7355.39013671875,0.0363499975204467,call,1.2643788877456803,1.273972602739726,83.35
SPX270917C09400000,2026-06-05 15:59:39+00:00,9400.0,89.67,70.3,72.2,0.0,0.0,5.0,22.0,0.1674258520698547,False,REGULAR,USD,2027-09-17,7355.39013671875,0.0363499975204467,call,1.2779743596569242,1.273972602739726,71.25
SPX270917C09500000,2026-06-02 15:03:16+00:00,9500.0,98.58,60.9,62.8,0.0,0.0,4.0,81.0,0.1663710988235474,False,REGULAR,USD,2027-09-17,7355.39013671875,0.0363499975204467,call,1.291569831568168,1.273972602739726,61.85
SPX270917C09550000,2026-05-11 17:06:16+00:00,9550.0,67.76,56.3,58.1,0.0,0.0,1.0,25.0,0.1655728814029693,False,REGULAR,USD,2027-09-17,7355.39013671875,0.0363499975204467,call,1.29836756752379,1.273972602739726,57.2
SPX270917C09600000,2026-06-08 14:15:46+00:00,9600.0,58.0,52.6,54.2,0.0,0.0,1.0,97.0,0.1651580372238159,False,REGULAR,USD,2027-09-17,7355.39013671875,0.0363499975204467,call,1.305165303479412,1.273972602739726,53.400000000000006
SPX270917C09800000,2026-06-04 18:21:42+00:00,9800.0,62.95,39.0,40.6,0.0,0.0,1.0,10.0,0.1633975720405579,False,REGULAR,USD,2027-09-17,7355.39013671875,0.0363499975204467,call,1.3323562473018995,1.273972602739726,39.8
SPX270917C10000000,2026-06-08 11:10:42+00:00,10000.0,33.0,28.9,30.4,0.0,0.0,1.0,525.0,0.1620757926559448,False,REGULAR,USD,2027-09-17,7355.39013671875,0.0363499975204467,call,1.3595471911243873,1.273972602739726,29.65
SPX270917C10200000,2026-06-03 18:26:19+00:00,10200.0,34.84,22.0,23.4,0.0,0.0,106.0,54.0,0.1619117623138427,False,REGULAR,USD,2027-09-17,7355.39013671875,0.0363499975204467,call,1.386738134946875,1.273972602739726,22.7
SPX270917C10400000,2026-06-09 16:38:12+00:00,10400.0,15.15,17.1,18.1,-11.34,-42.80861,1.0,137.0,0.1620223874282836,False,REGULAR,USD,2027-09-17,7355.39013671875,0.0363499975204467,call,1.4139290787693628,1.273972602739726,17.6
SPX270917C10600000,2026-05-21 13:54:31+00:00,10600.0,15.67,13.4,14.5,0.0,0.0,10.0,66.0,0.1631210092544556,False,REGULAR,USD,2027-09-17,7355.39013671875,0.0363499975204467,call,1.4411200225918506,1.273972602739726,13.95
SPX270917C10800000,2026-06-09 16:38:12+00:00,10800.0,9.9,10.8,11.7,-6.470001,-39.523525,1.0,95.0,0.1643607734680175,False,REGULAR,USD,2027-09-17,7355.39013671875,0.0363499975204467,call,1.4683109664143383,1.273972602739726,11.25
SPX270917C11000000,2026-06-05 18:27:18+00:00,11000.0,10.16,8.9,9.7,0.0,0.0,1.0,337.0,0.1661841805267334,False,REGULAR,USD,2027-09-17,7355.39013671875,0.0363499975204467,call,1.495501910236826,1.273972602739726,9.3
SPX270917C11200000,2026-06-08 19:14:13+00:00,11200.0,8.0,7.2,8.0,0.0,0.0,30.0,226.0,0.1677787080383301,False,REGULAR,USD,2027-09-17,7355.39013671875,0.0363499975204467,call,1.522692854059314,1.273972602739726,7.6
SPX270917C11400000,2026-06-05 19:46:11+00:00,11400.0,6.9,6.0,6.8,0.0,0.0,4.0,81.0,0.1699530637359619,False,REGULAR,USD,2027-09-17,7355.39013671875,0.0363499975204467,call,1.5498837978818016,1.273972602739726,6.4
SPX270917C12000000,2026-06-09 15:24:48+00:00,12000.0,3.9,3.6,4.3,-0.17999983,-4.411761,5.0,203.0,0.1763769496917725,False,REGULAR,USD,2027-09-17,7355.39013671875,0.0363499975204467,call,1.6314566293492647,1.273972602739726,3.95
SPX271217C07300000,2026-06-08 18:33:43+00:00,7300.0,1001.77,954.2,958.0,0.0,0.0,4.0,1798.0,0.2582466868638993,True,REGULAR,USD,2027-12-17,7355.39013671875,0.0363499975204467,call,0.9924694495208028,1.523287671232877,956.1
SPX271217C07350000,2026-06-04 16:33:22+00:00,7350.0,1071.45,921.0,924.9,0.0,0.0,2.0,583.0,0.2551744557762146,True,REGULAR,USD,2027-12-17,7355.39013671875,0.0363499975204467,call,0.9992671854764248,1.523287671232877,922.95
SPX271217C07400000,2026-06-09 16:26:02+00:00,7400.0,840.47,888.2,892.3,-90.70001,-9.740436,2.0,3433.0,0.2521456164360046,False,REGULAR,USD,2027-12-17,7355.39013671875,0.0363499975204467,call,1.0060649214320467,1.523287671232877,890.25
SPX271217C07450000,2026-06-05 17:08:21+00:00,7450.0,923.08,861.3,864.7,0.0,0.0,14.0,659.0,0.2504051782131194,False,REGULAR,USD,2027-12-17,7355.39013671875,0.0363499975204467,call,1.012862657387669,1.523287671232877,863.0
SPX271217C07500000,2026-06-05 19:16:00+00:00,7500.0,846.53,827.6,831.7,0.0,0.0,25.0,3938.0,0.2470601989984512,False,REGULAR,USD,2027-12-17,7355.39013671875,0.0363499975204467,call,1.0196603933432906,1.523287671232877,829.6500000000001
SPX271217C07550000,2026-06-02 18:18:47+00:00,7550.0,958.53,799.4,802.9,0.0,0.0,25.0,805.0,0.2447728340244293,False,REGULAR,USD,2027-12-17,7355.39013671875,0.0363499975204467,call,1.0264581292989126,1.523287671232877,801.15
SPX271217C07600000,2026-06-05 19:45:58+00:00,7600.0,710.2,767.7,771.7,-85.890015,-10.788983,2.0,5386.0,0.2417125237464905,False,REGULAR,USD,2027-12-17,7355.39013671875,0.0363499975204467,call,1.0332558652545345,1.523287671232877,769.7
SPX271217C07650000,2026-06-08 15:53:42+00:00,7650.0,794.42,740.5,744.4,0.0,0.0,1.0,356.0,0.2396168453931808,False,REGULAR,USD,2027-12-17,7355.39013671875,0.0363499975204467,call,1.0400536012101562,1.523287671232877,742.45
SPX271217C07700000,2026-06-08 18:33:43+00:00,7700.0,752.82,708.6,712.3,0.0,0.0,2.0,613.0,0.2360820868873596,False,REGULAR,USD,2027-12-17,7355.39013671875,0.0363499975204467,call,1.0468513371657782,1.523287671232877,710.45
SPX271217C07750000,2026-06-08 17:07:25+00:00,7750.0,719.37,684.5,688.0,0.0,0.0,4.0,482.0,0.2345810185241699,False,REGULAR,USD,2027-12-17,7355.39013671875,0.0363499975204467,call,1.0536490731214,1.523287671232877,686.25
SPX271217C07800000,2026-06-09 19:13:37+00:00,7800.0,658.27,655.9,659.9,-36.380005,-5.23717,9.0,3682.0,0.231911233973503,False,REGULAR,USD,2027-12-17,7355.39013671875,0.0363499975204467,call,1.060446809077022,1.523287671232877,657.9
SPX271217C07850000,2026-06-04 17:52:43+00:00,7850.0,605.5,628.2,631.9,-160.09998,-20.911701,2.0,674.0,0.2291446524477005,False,REGULAR,USD,2027-12-17,7355.39013671875,0.0363499975204467,call,1.067244545032644,1.523287671232877,630.05
SPX271217C07900000,2026-06-09 18:26:41+00:00,7900.0,594.56,599.8,603.8,-63.789978,-9.689372,10.0,324.0,0.2262221467304229,False,REGULAR,USD,2027-12-17,7355.39013671875,0.0363499975204467,call,1.074042280988266,1.523287671232877,601.8
SPX271217C07950000,2026-06-08 16:59:28+00:00,7950.0,523.2,573.4,577.5,-89.26001,-14.574014,1.0,739.0,0.2236677556180953,False,REGULAR,USD,2027-12-17,7355.39013671875,0.0363499975204467,call,1.080840016943888,1.523287671232877,575.45
SPX271217C08000000,2026-06-09 17:19:10+00:00,8000.0,522.91,548.3,552.2,-57.670044,-9.933178,165.0,13511.0,0.2212583215522766,False,REGULAR,USD,2027-12-17,7355.39013671875,0.0363499975204467,call,1.0876377528995098,1.523287671232877,550.25
SPX271217C08050000,2026-06-08 17:01:06+00:00,8050.0,557.65,527.2,530.9,0.0,0.0,20.0,181.0,0.2198368841981887,False,REGULAR,USD,2027-12-17,7355.39013671875,0.0363499975204467,call,1.0944354888551318,1.523287671232877,529.05
SPX271217C08100000,2026-06-09 18:20:16+00:00,8100.0,497.12,500.1,503.8,-39.890015,-7.4281697,106.0,1107.0,0.2166459218454361,False,REGULAR,USD,2027-12-17,7355.39013671875,0.0363499975204467,call,1.1012332248107537,1.523287671232877,501.9500000000001
SPX271217C08150000,2026-06-09 16:30:00+00:00,8150.0,438.2,479.4,482.8,-62.559998,-12.4930105,1.0,618.0,0.2150380430269241,False,REGULAR,USD,2027-12-17,7355.39013671875,0.0363499975204467,call,1.1080309607663756,1.523287671232877,481.1
SPX271217C08200000,2026-06-09 17:37:53+00:00,8200.0,466.2,453.8,457.6,-8.169983,-1.7222807,42.0,4104.0,0.212088834695816,False,REGULAR,USD,2027-12-17,7355.39013671875,0.0363499975204467,call,1.1148286967219976,1.523287671232877,455.7000000000001
SPX271217C08250000,2026-06-08 17:06:48+00:00,8250.0,460.9,434.8,438.6,0.0,0.0,2.0,15.0,0.2107737309646606,False,REGULAR,USD,2027-12-17,7355.39013671875,0.0363499975204467,call,1.1216264326776195,1.523287671232877,436.7000000000001
SPX271217C08300000,2026-06-08 19:09:59+00:00,8300.0,434.3,413.1,416.8,0.0,0.0,9.0,1532.0,0.2085049624538421,False,REGULAR,USD,2027-12-17,7355.39013671875,0.0363499975204467,call,1.1284241686332417,1.523287671232877,414.9500000000001
SPX271217C08350000,2026-06-08 17:07:25+00:00,8350.0,418.45,392.4,395.9,0.0,0.0,6.0,31.0,0.206345388560295,False,REGULAR,USD,2027-12-17,7355.39013671875,0.0363499975204467,call,1.1352219045888634,1.523287671232877,394.15
SPX271217C08400000,2026-06-09 18:15:28+00:00,8400.0,362.9,370.8,374.8,-38.0,-9.478673,11.0,4478.0,0.203967902264595,False,REGULAR,USD,2027-12-17,7355.39013671875,0.0363499975204467,call,1.1420196405444851,1.523287671232877,372.8
SPX271217C08450000,2026-06-03 17:29:39+00:00,8450.0,445.5,353.2,356.5,0.0,0.0,7.0,13.0,0.2022689484596252,False,REGULAR,USD,2027-12-17,7355.39013671875,0.0363499975204467,call,1.1488173765001073,1.523287671232877,354.85
SPX271217C08500000,2026-06-08 17:16:01+00:00,8500.0,355.65,332.6,336.2,0.0,0.0,222.0,2494.0,0.1998032481718063,False,REGULAR,USD,2027-12-17,7355.39013671875,0.0363499975204467,call,1.1556151124557292,1.523287671232877,334.4
SPX271217C08550000,2026-06-08 17:16:01+00:00,8550.0,337.07,314.3,318.1,0.0,0.0,222.0,114.0,0.197842513384819,False,REGULAR,USD,2027-12-17,7355.39013671875,0.0363499975204467,call,1.1624128484113512,1.523287671232877,316.20000000000005
SPX271217C08600000,2026-06-08 16:58:12+00:00,8600.0,271.0,299.3,303.2,-53.200012,-16.409626,5.0,1306.0,0.1967238645982742,False,REGULAR,USD,2027-12-17,7355.39013671875,0.0363499975204467,call,1.1692105843669731,1.523287671232877,301.25
SPX271217C08650000,2026-05-29 19:30:10+00:00,8650.0,367.2,281.1,284.5,0.0,0.0,583.0,980.0,0.1942395678472518,False,REGULAR,USD,2027-12-17,7355.39013671875,0.0363499975204467,call,1.176008320322595,1.523287671232877,282.8
SPX271217C08700000,2026-06-08 17:06:48+00:00,8700.0,286.42,267.1,270.6,0.0,0.0,2.0,1321.0,0.1931309325408935,False,REGULAR,USD,2027-12-17,7355.39013671875,0.0363499975204467,call,1.182806056278217,1.523287671232877,268.85
SPX271217C08750000,2026-06-08 17:06:48+00:00,8750.0,270.62,250.4,254.1,0.0,0.0,2.0,61.0,0.1910071210765838,False,REGULAR,USD,2027-12-17,7355.39013671875,0.0363499975204467,call,1.189603792233839,1.523287671232877,252.25
SPX271217C08800000,2026-06-04 13:58:55+00:00,8800.0,303.3,235.8,239.4,0.0,0.0,41.0,1654.0,0.1893038757801056,False,REGULAR,USD,2027-12-17,7355.39013671875,0.0363499975204467,call,1.1964015281894609,1.523287671232877,237.6
SPX271217C08900000,2026-06-09 16:20:14+00:00,8900.0,183.75,209.4,212.9,-96.29999,-34.386715,2.0,311.0,0.1863847078895569,False,REGULAR,USD,2027-12-17,7355.39013671875,0.0363499975204467,call,1.2099970001007048,1.523287671232877,211.15
SPX271217C09000000,2026-06-09 17:39:53+00:00,9000.0,177.94,186.5,189.5,-17.059998,-8.748716,16.0,4880.0,0.1839089941215515,False,REGULAR,USD,2027-12-17,7355.39013671875,0.0363499975204467,call,1.2235924720119489,1.523287671232877,188.0
SPX271217C09100000,2026-06-08 16:58:53+00:00,9100.0,180.58,164.0,167.3,0.0,0.0,2.0,142.0,0.1812163216161728,False,REGULAR,USD,2027-12-17,7355.39013671875,0.0363499975204467,call,1.2371879439231923,1.523287671232877,165.65
SPX271217C09200000,2026-06-05 19:09:17+00:00,9200.0,154.8,144.5,147.8,0.0,0.0,7.0,2014.0,0.1789084528493881,False,REGULAR,USD,2027-12-17,7355.39013671875,0.0363499975204467,call,1.2507834158344364,1.523287671232877,146.15
SPX271217C09300000,2026-06-08 17:16:01+00:00,9300.0,117.47,127.8,130.8,-20.669998,-14.963079,2.0,91.0,0.1769901561450958,False,REGULAR,USD,2027-12-17,7355.39013671875,0.0363499975204467,call,1.2643788877456803,1.523287671232877,129.3
SPX271217C09400000,2026-06-08 17:01:06+00:00,9400.0,122.69,111.3,114.5,0.0,0.0,42.0,1339.0,0.1747232949638366,False,REGULAR,USD,2027-12-17,7355.39013671875,0.0363499975204467,call,1.2779743596569242,1.523287671232877,112.9
SPX271217C09500000,2026-06-09 16:54:16+00:00,9500.0,85.4,98.7,101.5,-21.5,-20.112255,3.0,2490.0,0.1733652763175964,False,REGULAR,USD,2027-12-17,7355.39013671875,0.0363499975204467,call,1.291569831568168,1.523287671232877,100.1
SPX271217C09550000,2026-06-08 17:06:48+00:00,9550.0,100.59,91.8,94.3,0.0,0.0,2.0,85.0,0.1720988094902038,False,REGULAR,USD,2027-12-17,7355.39013671875,0.0363499975204467,call,1.29836756752379,1.523287671232877,93.05
SPX271217C09600000,2026-06-05 18:10:43+00:00,9600.0,102.16,86.7,89.3,0.0,0.0,3.0,431.0,0.1718146173858642,False,REGULAR,USD,2027-12-17,7355.39013671875,0.0363499975204467,call,1.305165303479412,1.523287671232877,88.0
SPX271217C09800000,2026-06-09 17:39:34+00:00,9800.0,63.29,66.2,68.4,-9.510002,-13.0631895,2.0,3185.0,0.1687924536991119,False,REGULAR,USD,2027-12-17,7355.39013671875,0.0363499975204467,call,1.3323562473018995,1.523287671232877,67.30000000000001
SPX271217C10000000,2026-06-09 17:39:19+00:00,10000.0,49.65,51.4,53.6,-6.8499985,-12.123892,48.0,5831.0,0.1672904316711426,False,REGULAR,USD,2027-12-17,7355.39013671875,0.0363499975204467,call,1.3595471911243873,1.523287671232877,52.5
SPX271217C10200000,2026-06-05 19:22:31+00:00,10200.0,42.2,39.6,41.6,0.0,0.0,4.0,514.0,0.1657950852966309,False,REGULAR,USD,2027-12-17,7355.39013671875,0.0363499975204467,call,1.386738134946875,1.523287671232877,40.6
SPX271217C10400000,2026-06-09 16:52:15+00:00,10400.0,26.2,31.3,33.1,-11.23,-30.002672,28.0,360.0,0.1654212487030029,False,REGULAR,USD,2027-12-17,7355.39013671875,0.0363499975204467,call,1.4139290787693628,1.523287671232877,32.2
SPX271217C10600000,2026-06-09 17:38:15+00:00,10600.0,24.05,24.9,26.5,-3.290001,-12.033653,12.0,1021.0,0.1653678434753418,False,REGULAR,USD,2027-12-17,7355.39013671875,0.0363499975204467,call,1.4411200225918506,1.523287671232877,25.7
SPX271217C10800000,2026-06-09 18:56:51+00:00,10800.0,20.68,20.2,21.6,-0.7199993,-3.3644829,94.0,1051.0,0.1659076177406311,False,REGULAR,USD,2027-12-17,7355.39013671875,0.0363499975204467,call,1.4683109664143383,1.523287671232877,20.9
SPX271217C11000000,2026-06-09 17:37:04+00:00,11000.0,16.0,16.5,17.8,-2.4799995,-13.419911,10.0,5995.0,0.166748750076294,False,REGULAR,USD,2027-12-17,7355.39013671875,0.0363499975204467,call,1.495501910236826,1.523287671232877,17.15
SPX271217C11200000,2026-06-08 13:43:54+00:00,11200.0,15.51,13.7,14.8,0.0,0.0,1.0,337.0,0.1677939666748047,False,REGULAR,USD,2027-12-17,7355.39013671875,0.0363499975204467,call,1.522692854059314,1.523287671232877,14.25
SPX271217C11400000,2026-06-08 18:53:48+00:00,11400.0,10.65,11.6,12.7,-1.8900003,-15.071773,1.0,719.0,0.1695754124832153,False,REGULAR,USD,2027-12-17,7355.39013671875,0.0363499975204467,call,1.5498837978818016,1.523287671232877,12.15
SPX271217C12000000,2026-06-09 18:56:51+00:00,12000.0,7.53,7.2,8.1,-0.26999998,-3.461538,166.0,9845.0,0.1745611719512939,False,REGULAR,USD,2027-12-17,7355.39013671875,0.0363499975204467,call,1.6314566293492647,1.523287671232877,7.65
SPX281215C07300000,2026-06-05 14:19:07+00:00,7300.0,1422.04,1298.8,1308.3,0.0,0.0,4.0,475.0,0.2775927305841446,True,REGULAR,USD,2028-12-15,7355.39013671875,0.0363499975204467,call,0.9924694495208028,2.5205479452054798,1303.55
SPX281215C07400000,2026-06-05 17:26:18+00:00,7400.0,1314.1,1237.7,1247.6,0.0,0.0,2.0,1277.0,0.2733579821300506,False,REGULAR,USD,2028-12-15,7355.39013671875,0.0363499975204467,call,1.0060649214320467,2.5205479452054798,1242.65
SPX281215C07450000,2026-06-05 15:29:36+00:00,7450.0,1310.84,1207.6,1218.4,0.0,0.0,2.0,10.0,0.2714144133090973,False,REGULAR,USD,2028-12-15,7355.39013671875,0.0363499975204467,call,1.012862657387669,2.5205479452054798,1213.0
SPX281215C07500000,2026-06-08 18:00:24+00:00,7500.0,1225.17,1176.4,1188.6,0.0,0.0,1.0,404.0,0.2692867871856689,False,REGULAR,USD,2028-12-15,7355.39013671875,0.0363499975204467,call,1.0196603933432906,2.5205479452054798,1182.5
SPX281215C07550000,2026-06-02 14:10:09+00:00,7550.0,1302.5,1148.2,1158.1,0.0,0.0,1.0,11.0,0.266954123134613,False,REGULAR,USD,2028-12-15,7355.39013671875,0.0363499975204467,call,1.0264581292989126,2.5205479452054798,1153.15
SPX281215C07600000,2026-06-05 19:36:48+00:00,7600.0,1153.98,1118.9,1130.2,0.0,0.0,17.0,623.0,0.2651307160758972,False,REGULAR,USD,2028-12-15,7355.39013671875,0.0363499975204467,call,1.0332558652545345,2.5205479452054798,1124.5500000000002
SPX281215C07650000,2026-06-01 18:51:43+00:00,7650.0,1254.5,1089.8,1101.5,0.0,0.0,1.0,3.0,0.2630784294700622,False,REGULAR,USD,2028-12-15,7355.39013671875,0.0363499975204467,call,1.0400536012101562,2.5205479452054798,1095.65
SPX281215C07700000,2026-06-04 17:05:58+00:00,7700.0,1211.53,1060.8,1071.8,0.0,0.0,16.0,568.0,0.2607538715696335,False,REGULAR,USD,2028-12-15,7355.39013671875,0.0363499975204467,call,1.0468513371657782,2.5205479452054798,1066.3
SPX281215C07750000,2026-06-05 13:55:40+00:00,7750.0,1141.28,1036.8,1046.6,0.0,0.0,2.0,199.0,0.2593419708633424,False,REGULAR,USD,2028-12-15,7355.39013671875,0.0363499975204467,call,1.0536490731214,2.5205479452054798,1041.6999999999998
SPX281215C07800000,2026-06-05 17:26:18+00:00,7800.0,1077.1,1004.8,1015.7,0.0,0.0,6.0,567.0,0.256645006866455,False,REGULAR,USD,2028-12-15,7355.39013671875,0.0363499975204467,call,1.060446809077022,2.5205479452054798,1010.25
SPX281215C07850000,2026-06-05 19:36:48+00:00,7850.0,1011.28,977.2,989.1,0.0,0.0,1.0,1.0,0.2548134936571121,False,REGULAR,USD,2028-12-15,7355.39013671875,0.0363499975204467,call,1.067244545032644,2.5205479452054798,983.15
SPX281215C07900000,2026-06-04 19:59:24+00:00,7900.0,1102.76,952.3,962.4,0.0,0.0,176.0,495.0,0.252900442109108,False,REGULAR,USD,2028-12-15,7355.39013671875,0.0363499975204467,call,1.074042280988266,2.5205479452054798,957.35
SPX281215C07950000,2026-06-05 15:29:36+00:00,7950.0,1017.44,925.8,936.0,0.0,0.0,2.0,0.0,0.2509902515554427,False,REGULAR,USD,2028-12-15,7355.39013671875,0.0363499975204467,call,1.080840016943888,2.5205479452054798,930.9
SPX281215C08000000,2026-06-05 16:32:44+00:00,8000.0,966.47,896.2,908.3,0.0,0.0,62.0,4789.0,0.2487396026754379,False,REGULAR,USD,2028-12-15,7355.39013671875,0.0363499975204467,call,1.0876377528995098,2.5205479452054798,902.25
SPX281215C08050000,2026-05-15 14:07:07+00:00,8050.0,905.61,870.1,880.7,0.0,0.0,4.0,15.0,0.246446515712738,False,REGULAR,USD,2028-12-15,7355.39013671875,0.0363499975204467,call,1.0944354888551318,2.5205479452054798,875.4000000000001
SPX281215C08100000,2026-06-05 17:09:21+00:00,8100.0,908.56,846.8,857.8,0.0,0.0,18.0,150.0,0.2450982721304893,False,REGULAR,USD,2028-12-15,7355.39013671875,0.0363499975204467,call,1.1012332248107537,2.5205479452054798,852.3
SPX281215C08200000,2026-06-04 15:03:18+00:00,8200.0,913.54,796.2,806.2,0.0,0.0,1.0,751.0,0.2409596054029464,False,REGULAR,USD,2028-12-15,7355.39013671875,0.0363499975204467,call,1.1148286967219976,2.5205479452054798,801.2
SPX281215C08300000,2026-06-04 16:24:46+00:00,8300.0,873.0,744.7,756.4,0.0,0.0,80.0,634.0,0.2369375241947174,False,REGULAR,USD,2028-12-15,7355.39013671875,0.0363499975204467,call,1.1284241686332417,2.5205479452054798,750.55
SPX281215C08350000,2026-06-09 13:37:22+00:00,8350.0,773.52,720.9,731.7,-33.929993,-4.202117,1.0,4.0,0.2348647337961197,False,REGULAR,USD,2028-12-15,7355.39013671875,0.0363499975204467,call,1.1352219045888634,2.5205479452054798,726.3
SPX281215C08400000,2026-06-03 17:08:32+00:00,8400.0,815.1,699.7,710.0,0.0,0.0,6.0,1269.0,0.2333727252483368,False,REGULAR,USD,2028-12-15,7355.39013671875,0.0363499975204467,call,1.1420196405444851,2.5205479452054798,704.85
SPX281215C08450000,2026-06-05 15:53:21+00:00,8450.0,749.67,676.6,687.0,0.0,0.0,1.0,1.0,0.2315269070672989,False,REGULAR,USD,2028-12-15,7355.39013671875,0.0363499975204467,call,1.1488173765001073,2.5205479452054798,681.8
SPX281215C08500000,2026-06-09 17:04:05+00:00,8500.0,622.1,651.3,663.1,-103.72003,-14.290049,3.0,298.0,0.2294107249212265,False,REGULAR,USD,2028-12-15,7355.39013671875,0.0363499975204467,call,1.1556151124557292,2.5205479452054798,657.2
SPX281215C08550000,2026-05-11 17:10:41+00:00,8550.0,604.61,629.7,640.6,-33.210022,-5.2068014,2.0,2.0,0.2275258064842223,False,REGULAR,USD,2028-12-15,7355.39013671875,0.0363499975204467,call,1.1624128484113512,2.5205479452054798,635.1500000000001
SPX281215C08600000,2026-06-09 19:01:18+00:00,8600.0,619.9,607.6,619.9,-35.539978,-5.4223084,4.0,3240.0,0.2259637035751343,False,REGULAR,USD,2028-12-15,7355.39013671875,0.0363499975204467,call,1.1692105843669731,2.5205479452054798,613.75
SPX281215C08650000,2026-06-09 19:02:44+00:00,8650.0,601.6,589.1,600.6,48.19995,8.7097845,12.0,20.0,0.2246385863637924,False,REGULAR,USD,2028-12-15,7355.39013671875,0.0363499975204467,call,1.176008320322595,2.5205479452054798,594.85
SPX281215C08700000,2026-06-04 13:45:08+00:00,8700.0,655.27,568.4,579.8,0.0,0.0,2.0,33.0,0.2229053006267547,False,REGULAR,USD,2028-12-15,7355.39013671875,0.0363499975204467,call,1.182806056278217,2.5205479452054798,574.0999999999999
SPX281215C08750000,2026-06-08 13:33:38+00:00,8750.0,591.0,547.4,557.9,0.0,0.0,25.0,16.0,0.2208453847026824,False,REGULAR,USD,2028-12-15,7355.39013671875,0.0363499975204467,call,1.189603792233839,2.5205479452054798,552.65
SPX281215C08800000,2026-06-09 19:14:14+00:00,8800.0,534.22,528.4,538.6,-95.48004,-15.162782,39.0,644.0,0.2192918647766113,False,REGULAR,USD,2028-12-15,7355.39013671875,0.0363499975204467,call,1.1964015281894609,2.5205479452054798,533.5
SPX281215C09000000,2026-06-09 19:01:18+00:00,9000.0,462.3,454.1,464.9,-98.10004,-17.50536,2.0,2030.0,0.2130858912229538,False,REGULAR,USD,2028-12-15,7355.39013671875,0.0363499975204467,call,1.2235924720119489,2.5205479452054798,459.5
SPX281215C09100000,2026-06-09 19:01:18+00:00,9100.0,427.7,417.5,427.6,-89.589966,-17.3191,2.0,38.0,0.2093708900737761,False,REGULAR,USD,2028-12-15,7355.39013671875,0.0363499975204467,call,1.2371879439231923,2.5205479452054798,422.55
SPX281215C09200000,2026-06-05 19:23:42+00:00,9200.0,401.0,385.0,394.8,0.0,0.0,1.0,539.0,0.2063816278219222,False,REGULAR,USD,2028-12-15,7355.39013671875,0.0363499975204467,call,1.2507834158344364,2.5205479452054798,389.9
SPX281215C09300000,2026-06-02 16:17:36+00:00,9300.0,458.3,354.6,364.1,0.0,0.0,1.0,200.0,0.203563071565628,False,REGULAR,USD,2028-12-15,7355.39013671875,0.0363499975204467,call,1.2643788877456803,2.5205479452054798,359.35
SPX281215C09400000,2026-06-03 17:09:26+00:00,9400.0,406.5,326.4,335.0,0.0,0.0,3.0,581.0,0.2007979205369949,False,REGULAR,USD,2028-12-15,7355.39013671875,0.0363499975204467,call,1.2779743596569242,2.5205479452054798,330.7
SPX281215C09500000,2026-06-03 17:08:23+00:00,9500.0,375.4,301.6,309.1,0.0,0.0,2.0,480.0,0.1985153238868713,False,REGULAR,USD,2028-12-15,7355.39013671875,0.0363499975204467,call,1.291569831568168,2.5205479452054798,305.35
SPX281215C09550000,2026-05-14 15:58:26+00:00,9550.0,345.0,262.8,319.4,0.0,0.0,100.0,185.0,0.2034457707977295,False,REGULAR,USD,2028-12-15,7355.39013671875,0.0363499975204467,call,1.29836756752379,2.5205479452054798,291.1
SPX281215C09600000,2026-06-05 16:08:33+00:00,9600.0,316.3,274.4,282.7,0.0,0.0,1.0,514.0,0.1957482655286788,False,REGULAR,USD,2028-12-15,7355.39013671875,0.0363499975204467,call,1.305165303479412,2.5205479452054798,278.54999999999995
SPX281215C09800000,2026-06-04 15:35:01+00:00,9800.0,295.52,231.4,238.7,0.0,0.0,100.0,1294.0,0.1915879029273987,False,REGULAR,USD,2028-12-15,7355.39013671875,0.0363499975204467,call,1.3323562473018995,2.5205479452054798,235.05
SPX281215C10000000,2026-06-08 18:12:57+00:00,10000.0,206.77,171.4,218.9,0.0,0.0,75.0,2486.0,0.1934914178276062,False,REGULAR,USD,2028-12-15,7355.39013671875,0.0363499975204467,call,1.3595471911243873,2.5205479452054798,195.15
SPX281215C10200000,2026-06-08 13:48:27+00:00,10200.0,177.0,160.1,167.7,0.0,0.0,24.0,71.0,0.1843162089824676,False,REGULAR,USD,2028-12-15,7355.39013671875,0.0363499975204467,call,1.386738134946875,2.5205479452054798,163.89999999999998
SPX281215C10400000,2026-06-03 17:08:39+00:00,10400.0,176.0,131.9,140.2,0.0,0.0,4.0,314.0,0.1813674774837493,False,REGULAR,USD,2028-12-15,7355.39013671875,0.0363499975204467,call,1.4139290787693628,2.5205479452054798,136.05
SPX281215C10800000,2026-06-08 19:20:05+00:00,10800.0,97.8,92.4,98.8,0.0,0.0,2.0,404.0,0.1770769396400451,False,REGULAR,USD,2028-12-15,7355.39013671875,0.0363499975204467,call,1.4683109664143383,2.5205479452054798,95.6
SPX281215C11000000,2026-06-09 17:57:44+00:00,11000.0,76.63,76.8,82.8,-5.670006,-6.8894362,3.0,3784.0,0.1753012158203125,False,REGULAR,USD,2028-12-15,7355.39013671875,0.0363499975204467,call,1.495501910236826,2.5205479452054798,79.8
SPX281215C11200000,2026-06-08 19:56:40+00:00,11200.0,69.61,64.9,70.6,0.0,0.0,20.0,365.0,0.1744352882003784,False,REGULAR,USD,2028-12-15,7355.39013671875,0.0363499975204467,call,1.522692854059314,2.5205479452054798,67.75
SPX281215C11400000,2026-06-03 17:27:26+00:00,11400.0,73.7,55.0,60.1,0.0,0.0,6.0,1009.0,0.1736284877967834,False,REGULAR,USD,2028-12-15,7355.39013671875,0.0363499975204467,call,1.5498837978818016,2.5205479452054798,57.55
SPX281215C12000000,2026-06-09 18:56:24+00:00,12000.0,35.78,34.5,39.0,-1.2200012,-3.2973006,174.0,1946.0,0.1733853032779693,False,REGULAR,USD,2028-12-15,7355.39013671875,0.0363499975204467,call,1.6314566293492647,2.5205479452054798,36.75
SPX281215C13000000,2026-06-09 17:32:20+00:00,13000.0,19.05,18.6,21.7,-1.8100014,-8.6769,18.0,172.0,0.1769739438438415,False,REGULAR,USD,2028-12-15,7355.39013671875,0.0363499975204467,call,1.7674113484617036,2.5205479452054798,20.15
SPX281215C14000000,2026-06-09 18:56:24+00:00,14000.0,11.98,11.4,12.4,-0.97000027,-7.49035,330.0,1083.0,0.1803785271072387,False,REGULAR,USD,2028-12-15,7355.39013671875,0.0363499975204467,call,1.9033660675741424,2.5205479452054798,11.9
SPX291221C07300000,2026-06-08 16:32:09+00:00,7300.0,1532.36,1581.3,1640.3,-132.08997,-7.9359527,10.0,153.0,0.2966111904525756,True,REGULAR,USD,2029-12-21,7355.39013671875,0.0363499975204467,call,0.9924694495208028,3.536986301369863,1610.8
SPX291221C07400000,2026-06-09 16:23:39+00:00,7400.0,1500.06,1525.5,1577.3,-83.5199,-5.27412,2.0,204.0,0.2921237208318709,False,REGULAR,USD,2029-12-21,7355.39013671875,0.0363499975204467,call,1.0060649214320467,3.536986301369863,1551.4
SPX291221C07500000,2026-06-05 19:44:49+00:00,7500.0,1521.94,1470.3,1520.3,0.0,0.0,114.0,626.0,0.2886414138889312,False,REGULAR,USD,2029-12-21,7355.39013671875,0.0363499975204467,call,1.0196603933432906,3.536986301369863,1495.3
SPX291221C07600000,2026-06-08 16:32:09+00:00,7600.0,1371.47,1411.8,1466.9,-120.420044,-8.071643,10.0,386.0,0.2856957818007468,False,REGULAR,USD,2029-12-21,7355.39013671875,0.0363499975204467,call,1.0332558652545345,3.536986301369863,1439.35
SPX291221C07700000,2026-06-05 19:34:13+00:00,7700.0,1409.72,1354.8,1408.7,0.0,0.0,284.0,506.0,0.2817282979011535,False,REGULAR,USD,2029-12-21,7355.39013671875,0.0363499975204467,call,1.0468513371657782,3.536986301369863,1381.75
SPX291221C07800000,2026-06-05 19:53:20+00:00,7800.0,1359.08,1299.6,1354.3,0.0,0.0,404.0,463.0,0.2783268140482903,False,REGULAR,USD,2029-12-21,7355.39013671875,0.0363499975204467,call,1.060446809077022,3.536986301369863,1326.9499999999998
SPX291221C07900000,2026-06-09 16:11:53+00:00,7900.0,1229.1,1248.6,1302.4,-71.69006,-5.511271,5.0,58.0,0.2752424237346649,False,REGULAR,USD,2029-12-21,7355.39013671875,0.0363499975204467,call,1.074042280988266,3.536986301369863,1275.5
SPX291221C08000000,2026-06-05 18:18:17+00:00,8000.0,1277.11,1195.1,1254.4,0.0,0.0,18.0,340.0,0.2727237950515747,False,REGULAR,USD,2029-12-21,7355.39013671875,0.0363499975204467,call,1.0876377528995098,3.536986301369863,1224.75
SPX291221C08100000,2026-06-04 19:25:54+00:00,8100.0,1320.71,1139.8,1196.4,0.0,0.0,4.0,7.0,0.2682410937547683,False,REGULAR,USD,2029-12-21,7355.39013671875,0.0363499975204467,call,1.1012332248107537,3.536986301369863,1168.1
SPX291221C08200000,2026-05-06 19:31:53+00:00,8200.0,1063.43,1102.8,1186.2,0.0,0.0,1.0,162.0,0.2722765262699126,False,REGULAR,USD,2029-12-21,7355.39013671875,0.0363499975204467,call,1.1148286967219976,3.536986301369863,1144.5
SPX291221C08300000,2026-05-18 13:55:57+00:00,8300.0,1094.96,1041.4,1096.8,0.0,0.0,4.0,279.0,0.261805525405407,False,REGULAR,USD,2029-12-21,7355.39013671875,0.0363499975204467,call,1.1284241686332417,3.536986301369863,1069.1
SPX291221C08400000,2026-06-01 19:45:36+00:00,8400.0,1160.2,992.6,1048.7,0.0,0.0,1.0,2527.0,0.2586629615402221,False,REGULAR,USD,2029-12-21,7355.39013671875,0.0363499975204467,call,1.1420196405444851,3.536986301369863,1020.65
SPX291221C08600000,2026-06-03 17:43:47+00:00,8600.0,1049.67,897.9,959.7,0.0,0.0,2.0,669.0,0.2532027538442611,False,REGULAR,USD,2029-12-21,7355.39013671875,0.0363499975204467,call,1.1692105843669731,3.536986301369863,928.8
SPX291221C08700000,2026-06-08 17:39:36+00:00,8700.0,915.78,846.1,915.6,0.0,0.0,1.0,1.0,0.2502995598387718,False,REGULAR,USD,2029-12-21,7355.39013671875,0.0363499975204467,call,1.182806056278217,3.536986301369863,880.85
SPX291221C08800000,2026-04-10 19:51:40+00:00,8800.0,490.0,809.7,882.9,0.0,0.0,6.0,116.0,0.2493146625375747,False,REGULAR,USD,2029-12-21,7355.39013671875,0.0363499975204467,call,1.1964015281894609,3.536986301369863,846.3
SPX291221C09000000,2026-06-05 15:37:47+00:00,9000.0,824.63,721.7,780.2,0.0,0.0,1.0,1288.0,0.2399759001827239,False,REGULAR,USD,2029-12-21,7355.39013671875,0.0363499975204467,call,1.2235924720119489,3.536986301369863,750.95
SPX291221C09200000,2026-06-03 17:59:00+00:00,9200.0,781.7,619.0,719.3,0.0,0.0,1.0,201.0,0.2376718460750579,False,REGULAR,USD,2029-12-21,7355.39013671875,0.0363499975204467,call,1.2507834158344364,3.536986301369863,669.15
SPX291221C09500000,2026-05-26 17:12:18+00:00,9500.0,616.56,536.9,600.0,0.0,0.0,1.0,123.0,0.2275858873653412,False,REGULAR,USD,2029-12-21,7355.39013671875,0.0363499975204467,call,1.291569831568168,3.536986301369863,568.45
SPX291221C09800000,2026-05-26 15:29:27+00:00,9800.0,519.02,441.9,497.3,0.0,0.0,1.0,17.0,0.2188531789779663,False,REGULAR,USD,2029-12-21,7355.39013671875,0.0363499975204467,call,1.3323562473018995,3.536986301369863,469.6
SPX291221C10000000,2026-06-08 14:36:31+00:00,10000.0,442.0,386.1,440.9,0.0,0.0,190.0,6226.0,0.214441048874855,False,REGULAR,USD,2029-12-21,7355.39013671875,0.0363499975204467,call,1.3595471911243873,3.536986301369863,413.5
SPX291221C10200000,2026-05-06 17:32:44+00:00,10200.0,314.3,336.2,413.1,0.0,0.0,1.0,111.0,0.215440489563942,False,REGULAR,USD,2029-12-21,7355.39013671875,0.0363499975204467,call,1.386738134946875,3.536986301369863,374.65
SPX291221C10400000,2026-05-08 19:53:09+00:00,10400.0,298.21,290.1,364.8,0.0,0.0,3.0,214.0,0.2113645262956618,False,REGULAR,USD,2029-12-21,7355.39013671875,0.0363499975204467,call,1.4139290787693628,3.536986301369863,327.45000000000005
SPX291221C10600000,2026-05-08 19:53:09+00:00,10600.0,258.76,248.7,322.0,0.0,0.0,3.0,62.0,0.2077429842948913,False,REGULAR,USD,2029-12-21,7355.39013671875,0.0363499975204467,call,1.4411200225918506,3.536986301369863,285.35
SPX291221C10800000,2026-04-22 15:02:15+00:00,10800.0,151.0,212.2,283.9,0.0,0.0,99.0,9.0,0.2044614237880706,False,REGULAR,USD,2029-12-21,7355.39013671875,0.0363499975204467,call,1.4683109664143383,3.536986301369863,248.05
SPX291221C11000000,2026-06-08 13:34:57+00:00,11000.0,221.0,183.6,233.6,0.0,0.0,1.0,1919.0,0.1970771973991394,False,REGULAR,USD,2029-12-21,7355.39013671875,0.0363499975204467,call,1.495501910236826,3.536986301369863,208.6
SPX291221C11200000,2026-05-29 17:55:03+00:00,11200.0,230.38,160.2,204.3,0.0,0.0,1.0,5.0,0.1942948804044723,False,REGULAR,USD,2029-12-21,7355.39013671875,0.0363499975204467,call,1.522692854059314,3.536986301369863,182.25
SPX291221C11400000,2026-05-19 14:48:51+00:00,11400.0,149.88,136.9,180.0,0.0,0.0,1.0,247.0,0.1922239973354339,False,REGULAR,USD,2029-12-21,7355.39013671875,0.0363499975204467,call,1.5498837978818016,3.536986301369863,158.45
SPX301220C07300000,2026-06-01 17:04:47+00:00,7300.0,2046.7,1844.5,1944.7,0.0,0.0,2.0,98.0,0.3131942288899422,True,REGULAR,USD,2030-12-20,7355.39013671875,0.0363499975204467,call,0.9924694495208028,4.534246575342466,1894.6
SPX301220C07400000,2026-06-03 16:17:23+00:00,7400.0,1984.29,1782.1,1900.1,0.0,0.0,1.0,10.0,0.3119127418422698,False,REGULAR,USD,2030-12-20,7355.39013671875,0.0363499975204467,call,1.0060649214320467,4.534246575342466,1841.1
SPX301220C07500000,2026-06-09 18:12:05+00:00,7500.0,1756.74,1733.4,1835.1,-95.96997,-5.179978,3.0,131.0,0.3071065097689628,False,REGULAR,USD,2030-12-20,7355.39013671875,0.0363499975204467,call,1.0196603933432906,4.534246575342466,1784.25
SPX301220C07600000,2026-06-09 16:18:02+00:00,7600.0,1669.8,1658.3,1783.7,-126.73999,-7.0546713,16.0,29.0,0.3044979981803893,False,REGULAR,USD,2030-12-20,7355.39013671875,0.0363499975204467,call,1.0332558652545345,4.534246575342466,1721.0
SPX301220C07800000,2026-05-29 16:12:32+00:00,7800.0,1749.9,1559.3,1685.5,0.0,0.0,4.0,39.0,0.2997566153120994,False,REGULAR,USD,2030-12-20,7355.39013671875,0.0363499975204467,call,1.060446809077022,4.534246575342466,1622.4
SPX301220C07900000,2026-05-21 16:15:33+00:00,7900.0,1577.98,1509.8,1622.6,0.0,0.0,1.0,2.0,0.2949875761651993,False,REGULAR,USD,2030-12-20,7355.39013671875,0.0363499975204467,call,1.074042280988266,4.534246575342466,1566.1999999999998
SPX301220C08000000,2026-06-09 17:52:44+00:00,8000.0,1492.16,1453.1,1571.5,-159.93994,-9.681008,17.0,4259.0,0.292061255788803,False,REGULAR,USD,2030-12-20,7355.39013671875,0.0363499975204467,call,1.0876377528995098,4.534246575342466,1512.3
SPX301220C08200000,2026-06-05 15:13:25+00:00,8200.0,1511.54,1344.4,1471.1,0.0,0.0,1.0,459.0,0.2862150522732735,False,REGULAR,USD,2030-12-20,7355.39013671875,0.0363499975204467,call,1.1148286967219976,4.534246575342466,1407.75
SPX301220C08300000,2026-06-05 15:13:25+00:00,8300.0,1460.54,1307.3,1429.1,0.0,0.0,1.0,101.0,0.2844653158187865,False,REGULAR,USD,2030-12-20,7355.39013671875,0.0363499975204467,call,1.1284241686332417,4.534246575342466,1368.1999999999998
SPX301220C08400000,2026-05-01 15:30:09+00:00,8400.0,1172.8,1258.9,1422.0,0.0,0.0,2.0,104.0,0.288214648900032,False,REGULAR,USD,2030-12-20,7355.39013671875,0.0363499975204467,call,1.1420196405444851,4.534246575342466,1340.45
SPX301220C08600000,2026-05-29 17:35:03+00:00,8600.0,1350.0,1150.1,1273.3,0.0,0.0,3.0,183.0,0.2738226552939414,False,REGULAR,USD,2030-12-20,7355.39013671875,0.0363499975204467,call,1.1692105843669731,4.534246575342466,1211.6999999999998
SPX301220C08700000,2026-06-03 13:59:33+00:00,8700.0,1298.56,1111.2,1238.1,0.0,0.0,18.0,19.0,0.2727469214224814,False,REGULAR,USD,2030-12-20,7355.39013671875,0.0363499975204467,call,1.182806056278217,4.534246575342466,1174.65
SPX301220C08800000,2026-05-29 17:38:50+00:00,8800.0,1243.0,1062.0,1191.3,0.0,0.0,1.0,63.0,0.269708545434475,False,REGULAR,USD,2030-12-20,7355.39013671875,0.0363499975204467,call,1.1964015281894609,4.534246575342466,1126.65
SPX301220C09000000,2026-05-13 19:43:23+00:00,9000.0,1060.31,964.5,1107.4,0.0,0.0,1.0,864.0,0.2648579679489136,False,REGULAR,USD,2030-12-20,7355.39013671875,0.0363499975204467,call,1.2235924720119489,4.534246575342466,1035.95
SPX301220C09400000,2025-12-17 16:44:20+00:00,9400.0,506.8,613.3,657.2,0.0,0.0,1.0,0.0,0.2070949690771102,False,REGULAR,USD,2030-12-20,7355.39013671875,0.0363499975204467,call,1.2779743596569242,4.534246575342466,635.25
SPX301220C09600000,2025-10-10 15:28:15+00:00,9600.0,465.0,385.3,448.8,0.0,0.0,1.0,17.0,0.1777719228482246,False,REGULAR,USD,2030-12-20,7355.39013671875,0.0363499975204467,call,1.305165303479412,4.534246575342466,417.05
SPX301220C10000000,2026-06-04 19:23:02+00:00,10000.0,759.12,586.6,714.7,0.0,0.0,1.0,1399.0,0.2378883279800415,False,REGULAR,USD,2030-12-20,7355.39013671875,0.0363499975204467,call,1.3595471911243873,4.534246575342466,650.6500000000001
SPX301220C10200000,2026-05-18 14:14:39+00:00,10200.0,606.43,525.7,652.0,0.0,0.0,1.0,21.0,0.2336087572813033,False,REGULAR,USD,2030-12-20,7355.39013671875,0.0363499975204467,call,1.386738134946875,4.534246575342466,588.85
SPX301220C10400000,2026-06-09 17:26:35+00:00,10400.0,511.58,469.5,593.6,-47.79001,-8.543542,4.0,191.0,0.2295532978057861,False,REGULAR,USD,2030-12-20,7355.39013671875,0.0363499975204467,call,1.4139290787693628,4.534246575342466,531.55
SPX301220C10600000,2026-05-18 14:14:39+00:00,10600.0,495.75,420.0,546.8,0.0,0.0,1.0,75.0,0.2270690010547637,False,REGULAR,USD,2030-12-20,7355.39013671875,0.0363499975204467,call,1.4411200225918506,4.534246575342466,483.4
SPX301220C10800000,2026-06-08 14:22:33+00:00,10800.0,451.82,373.8,486.4,0.0,0.0,1.0,105.0,0.2215534808015823,False,REGULAR,USD,2030-12-20,7355.39013671875,0.0363499975204467,call,1.4683109664143383,4.534246575342466,430.1
SPX301220C11000000,2026-06-08 14:46:58+00:00,11000.0,411.05,328.5,438.6,0.0,0.0,2.0,814.0,0.217809392876625,False,REGULAR,USD,2030-12-20,7355.39013671875,0.0363499975204467,call,1.495501910236826,4.534246575342466,383.55
SPX311219C07600000,2026-06-08 19:30:45+00:00,7600.0,2032.26,1928.0,2062.9,0.0,0.0,76.0,297.0,0.318006421368122,False,REGULAR,USD,2031-12-19,7355.39013671875,0.0363499975204467,call,1.0332558652545345,5.531506849315068,1995.45
SPX311219C08000000,2026-06-02 18:41:23+00:00,8000.0,1960.62,1728.7,1875.5,0.0,0.0,1.0,97.0,0.3094592007803917,False,REGULAR,USD,2031-12-19,7355.39013671875,0.0363499975204467,call,1.0876377528995098,5.531506849315068,1802.1
SPX311219C08400000,2026-06-08 16:11:59+00:00,8400.0,1649.72,1509.7,1671.8,0.0,0.0,6.0,17.0,0.2974003480577468,False,REGULAR,USD,2031-12-19,7355.39013671875,0.0363499975204467,call,1.1420196405444851,5.531506849315068,1590.75
SPX311219C08800000,2026-06-09 18:54:08+00:00,8800.0,1406.53,1335.5,1479.9,-133.54993,-8.671622,1.0,14.0,0.2859933252120017,False,REGULAR,USD,2031-12-19,7355.39013671875,0.0363499975204467,call,1.1964015281894609,5.531506849315068,1407.7
SPX311219C09200000,2026-06-08 15:17:38+00:00,9200.0,1285.89,1150.8,1307.6,0.0,0.0,75.0,207.0,0.2762511626553534,False,REGULAR,USD,2031-12-19,7355.39013671875,0.0363499975204467,call,1.2507834158344364,5.531506849315068,1229.1999999999998
SPX311219C09600000,2026-06-08 17:30:43+00:00,9600.0,1063.35,995.3,1138.3,-41.05005,-3.7169547,1.0,238.0,0.2656733513355255,False,REGULAR,USD,2031-12-19,7355.39013671875,0.0363499975204467,call,1.305165303479412,5.531506849315068,1066.8
SPX311219C10000000,2026-06-09 16:21:38+00:00,10000.0,875.0,904.0,927.9,-149.37,-14.581645,5.0,563.0,0.2475932976102829,False,REGULAR,USD,2031-12-19,7355.39013671875,0.0363499975204467,call,1.3595471911243873,5.531506849315068,915.95
SPX311219C10400000,2026-05-07 17:26:43+00:00,10400.0,706.45,695.5,902.6,0.0,0.0,6.0,10.0,0.2556870505952835,False,REGULAR,USD,2031-12-19,7355.39013671875,0.0363499975204467,call,1.4139290787693628,5.531506849315068,799.05
SPX311219C10800000,2026-06-05 17:01:52+00:00,10800.0,704.98,585.5,733.1,0.0,0.0,1.0,7.0,0.2407278648614883,False,REGULAR,USD,2031-12-19,7355.39013671875,0.0363499975204467,call,1.4683109664143383,5.531506849315068,659.3
SPX311219C11200000,2026-06-02 15:46:23+00:00,11200.0,645.84,488.9,624.3,0.0,0.0,1.0,9.0,0.233499324247837,False,REGULAR,USD,2031-12-19,7355.39013671875,0.0363499975204467,call,1.522692854059314,5.531506849315068,556.5999999999999
SPX311219C11600000,2026-06-03 13:32:07+00:00,11600.0,551.0,451.7,475.2,0.0,0.0,1.0,38.0,0.2175719303464889,False,REGULAR,USD,2031-12-19,7355.39013671875,0.0363499975204467,call,1.5770747417042894,5.531506849315068,463.45
SPX311219C18000000,2026-06-09 16:38:11+00:00,18000.0,50.0,40.0,46.8,5.5600014,12.511254,13.0,1549.0,0.1927590032768249,False,REGULAR,USD,2031-12-19,7355.39013671875,0.0363499975204467,call,2.4471849440238973,5.531506849315068,43.4
SPX311219C20000000,2026-06-09 18:41:26+00:00,20000.0,28.4,26.6,31.1,1.3999996,5.185184,103.0,2144.0,0.1976627475738525,False,REGULAR,USD,2031-12-19,7355.39013671875,0.0363499975204467,call,2.7190943822487745,5.531506849315068,28.85
