contractSymbol,lastTradeDate,strike,lastPrice,bid,ask,change,percentChange,volume,openInterest,impliedVolatility,inTheMoney,contractSize,currency,expiry,spot,rfr,optionType,moneyness,ttm_years,mid
SPXW260608C07335000,2026-06-08 19:06:02+00:00,7335.0,86.8,71.3,72.3,31.200005,56.11512,78.0,20.0,0.1164028790283203,True,REGULAR,USD,2026-06-08,7406.47998046875,0.0362799978256225,call,0.9903489943053588,0.0,71.8
SPXW260608C07340000,2026-06-08 19:12:07+00:00,7340.0,68.2,67.1,67.7,14.999996,28.195482,101.0,100.0,0.1179592599487304,True,REGULAR,USD,2026-06-08,7406.47998046875,0.0362799978256225,call,0.991024078827721,0.0,67.4
SPXW260608C07345000,2026-06-08 18:21:11+00:00,7345.0,81.3,61.2,62.4,30.700005,60.671947,131.0,74.0,0.1053556262207031,True,REGULAR,USD,2026-06-08,7406.47998046875,0.0362799978256225,call,0.9916991633500832,0.0,61.8
SPXW260608C07355000,2026-06-08 19:14:35+00:00,7355.0,53.67,53.0,53.5,10.239998,23.578165,609.0,386.0,0.1089261471557617,True,REGULAR,USD,2026-06-08,7406.47998046875,0.0362799978256225,call,0.9930493323948076,0.0,53.25
SPXW260608C07360000,2026-06-08 19:14:35+00:00,7360.0,48.77,47.3,47.9,8.09,19.886923,470.0,149.0,0.0929045788574218,True,REGULAR,USD,2026-06-08,7406.47998046875,0.0362799978256225,call,0.9937244169171698,0.0,47.6
SPXW260608C07365000,2026-06-08 19:12:59+00:00,7365.0,45.0,44.9,45.6,6.380001,16.519941,374.0,161.0,0.1163113272094726,True,REGULAR,USD,2026-06-08,7406.47998046875,0.0362799978256225,call,0.994399501439532,0.0,45.25
SPXW260608C07375000,2026-06-08 19:14:08+00:00,7375.0,37.9,31.6,32.7,5.6000023,17.33747,939.0,394.0,0.0674989491271972,True,REGULAR,USD,2026-06-08,7406.47998046875,0.0362799978256225,call,0.9957496704842564,0.0,32.150000000000006
SPXW260608C07380000,2026-06-08 19:14:29+00:00,7380.0,30.6,28.7,29.2,0.10000038,0.3278701,1571.0,333.0,0.0757843887329101,True,REGULAR,USD,2026-06-08,7406.47998046875,0.0362799978256225,call,0.9964247550066186,0.0,28.95
SPXW260608C07385000,2026-06-08 19:14:26+00:00,7385.0,26.32,26.1,26.6,-1.4500008,-5.2214646,2603.0,344.0,0.0867706069946289,True,REGULAR,USD,2026-06-08,7406.47998046875,0.0362799978256225,call,0.9970998395289808,0.0,26.35
SPXW260608C07390000,2026-06-08 19:14:49+00:00,7390.0,20.3,19.7,19.9,-5.700001,-21.923079,3093.0,388.0,0.0628450650024414,True,REGULAR,USD,2026-06-08,7406.47998046875,0.0362799978256225,call,0.997774924051343,0.0,19.8
SPXW260608C07395000,2026-06-08 19:14:52+00:00,7395.0,15.5,15.4,15.5,-7.92,-33.24937,3218.0,209.0,0.0567568690490722,True,REGULAR,USD,2026-06-08,7406.47998046875,0.0362799978256225,call,0.9984500085737052,0.0,15.45
SPXW260608C07400000,2026-06-08 19:14:55+00:00,7400.0,11.9,11.8,11.9,-9.640001,-44.75395,13152.0,2081.0,0.05449859085083,True,REGULAR,USD,2026-06-08,7406.47998046875,0.0362799978256225,call,0.9991250930960676,0.0,11.85
SPXW260608C07405000,2026-06-08 19:15:05+00:00,7405.0,8.5,8.6,8.8,-11.0,-56.122448,6270.0,281.0,0.0528659167480468,True,REGULAR,USD,2026-06-08,7406.47998046875,0.0362799978256225,call,0.9998001776184297,0.0,8.7
SPXW260608C07410000,2026-06-08 19:15:05+00:00,7410.0,6.04,6.0,6.1,-11.46,-65.48572,12465.0,381.0,0.0507144490051269,False,REGULAR,USD,2026-06-08,7406.47998046875,0.0362799978256225,call,1.000475262140792,0.0,6.05
SPXW260608C07415000,2026-06-08 19:15:08+00:00,7415.0,3.8,3.8,3.9,-12.15,-75.41899,14441.0,387.0,0.0483646189880371,False,REGULAR,USD,2026-06-08,7406.47998046875,0.0362799978256225,call,1.0011503466631542,0.0,3.85
SPXW260608C07420000,2026-06-08 19:15:06+00:00,7420.0,2.27,2.25,2.35,-12.08,-83.714485,31746.0,759.0,0.0468387553405761,False,REGULAR,USD,2026-06-08,7406.47998046875,0.0362799978256225,call,1.0018254311855164,0.0,2.3
SPXW260608C07425000,2026-06-08 19:15:05+00:00,7425.0,1.25,1.25,1.3,-11.7,-90.34749,43285.0,491.0,0.0454807366943359,False,REGULAR,USD,2026-06-08,7406.47998046875,0.0362799978256225,call,1.0025005157078786,0.0,1.275
SPXW260608C07430000,2026-06-08 19:15:06+00:00,7430.0,0.65,0.65,0.7,-10.950001,-94.39656,65797.0,1011.0,0.0450229776000976,False,REGULAR,USD,2026-06-08,7406.47998046875,0.0362799978256225,call,1.0031756002302408,0.0,0.675
SPXW260608C07435000,2026-06-08 19:15:06+00:00,7435.0,0.3,0.3,0.35,-10.2,-96.95818,59912.0,306.0,0.0446262530517578,False,REGULAR,USD,2026-06-08,7406.47998046875,0.0362799978256225,call,1.003850684752603,0.0,0.3249999999999999
SPXW260608C07440000,2026-06-08 19:15:00+00:00,7440.0,0.2,0.15,0.2,-9.1,-98.37839,76700.0,819.0,0.045907978515625,False,REGULAR,USD,2026-06-08,7406.47998046875,0.0362799978256225,call,1.0045257692749652,0.0,0.175
SPXW260609C07335000,2026-06-08 15:37:04+00:00,7335.0,107.64,80.9,86.6,36.47,51.243504,4.0,9.0,0.1913838186645508,True,REGULAR,USD,2026-06-09,7406.47998046875,0.0362799978256225,call,0.9903489943053588,0.0027397260273972,83.75
SPXW260609C07340000,2026-06-08 17:30:10+00:00,7340.0,89.0,74.4,79.2,2.9000015,3.3681784,8.0,126.0,0.1701514260101318,True,REGULAR,USD,2026-06-09,7406.47998046875,0.0362799978256225,call,0.991024078827721,0.0027397260273972,76.80000000000001
SPXW260609C07345000,2026-06-08 19:12:17+00:00,7345.0,72.53,70.7,72.0,9.43,14.944532,15.0,6.0,0.1499413619995117,True,REGULAR,USD,2026-06-09,7406.47998046875,0.0362799978256225,call,0.9916991633500832,0.0027397260273972,71.35
SPXW260609C07350000,2026-06-08 18:15:50+00:00,7350.0,85.73,69.8,71.1,3.2300034,3.9151556,163.0,1017.0,0.1664359480285644,True,REGULAR,USD,2026-06-09,7406.47998046875,0.0362799978256225,call,0.9923742478724454,0.0027397260273972,70.44999999999999
SPXW260609C07355000,2026-06-08 19:08:24+00:00,7355.0,72.75,62.1,63.3,16.349998,28.989359,100.0,53.0,0.143288596496582,True,REGULAR,USD,2026-06-09,7406.47998046875,0.0362799978256225,call,0.9930493323948076,0.0027397260273972,62.7
SPXW260609C07360000,2026-06-08 19:10:58+00:00,7360.0,60.39,58.7,59.1,-13.959999,-18.776058,157.0,37.0,0.1403131623840331,True,REGULAR,USD,2026-06-09,7406.47998046875,0.0362799978256225,call,0.9937244169171698,0.0027397260273972,58.900000000000006
SPXW260609C07365000,2026-06-08 18:27:52+00:00,7365.0,73.71,55.5,55.8,19.45,35.845932,213.0,91.0,0.1417398448944092,True,REGULAR,USD,2026-06-09,7406.47998046875,0.0362799978256225,call,0.994399501439532,0.0027397260273972,55.65
SPXW260609C07370000,2026-06-08 18:55:18+00:00,7370.0,65.97,54.2,54.6,18.07,37.724426,1433.0,32.0,0.1531304170227051,True,REGULAR,USD,2026-06-09,7406.47998046875,0.0362799978256225,call,0.9950745859618942,0.0027397260273972,54.400000000000006
SPXW260609C07375000,2026-06-08 19:12:25+00:00,7375.0,48.9,47.2,47.5,-1.199997,-2.3952036,72.0,308.0,0.134148673248291,True,REGULAR,USD,2026-06-09,7406.47998046875,0.0362799978256225,call,0.9957496704842564,0.0027397260273972,47.35
SPXW260609C07380000,2026-06-08 19:14:14+00:00,7380.0,47.12,46.1,46.3,5.619999,13.542166,200.0,82.0,0.1441125628662109,True,REGULAR,USD,2026-06-09,7406.47998046875,0.0362799978256225,call,0.9964247550066186,0.0027397260273972,46.2
SPXW260609C07385000,2026-06-08 19:13:46+00:00,7385.0,44.0,43.3,43.6,2.5699997,6.2032337,130.0,37.0,0.1459283406066894,True,REGULAR,USD,2026-06-09,7406.47998046875,0.0362799978256225,call,0.9970998395289808,0.0027397260273972,43.45
SPXW260609C07390000,2026-06-08 19:13:35+00:00,7390.0,40.6,38.4,38.6,4.0,10.928962,379.0,146.0,0.1363459169006348,True,REGULAR,USD,2026-06-09,7406.47998046875,0.0362799978256225,call,0.997774924051343,0.0027397260273972,38.5
SPXW260609C07395000,2026-06-08 19:13:49+00:00,7395.0,37.1,34.2,34.4,2.25,6.456241,265.0,62.0,0.1301127639007568,True,REGULAR,USD,2026-06-09,7406.47998046875,0.0362799978256225,call,0.9984500085737052,0.0027397260273972,34.3
SPXW260609C07400000,2026-06-08 19:14:20+00:00,7400.0,32.75,32.7,32.9,0.099998474,0.30627403,1774.0,706.0,0.1357813473510742,True,REGULAR,USD,2026-06-09,7406.47998046875,0.0362799978256225,call,0.9991250930960676,0.0027397260273972,32.8
SPXW260609C07405000,2026-06-08 19:11:06+00:00,7405.0,29.8,28.2,28.4,-0.70000076,-2.2950845,439.0,72.0,0.127038148651123,True,REGULAR,USD,2026-06-09,7406.47998046875,0.0362799978256225,call,0.9998001776184297,0.0027397260273972,28.3
SPXW260609C07410000,2026-06-08 19:14:01+00:00,7410.0,27.9,27.5,27.8,-0.84000015,-2.9227562,694.0,123.0,0.1355295798492432,False,REGULAR,USD,2026-06-09,7406.47998046875,0.0362799978256225,call,1.000475262140792,0.0027397260273972,27.65
SPXW260609C07415000,2026-06-08 19:13:48+00:00,7415.0,25.0,23.2,23.5,-2.3799992,-8.692473,743.0,164.0,0.1264201738739013,False,REGULAR,USD,2026-06-09,7406.47998046875,0.0362799978256225,call,1.0011503466631542,0.0027397260273972,23.35
SPXW260609C07420000,2026-06-08 19:14:20+00:00,7420.0,21.64,21.5,21.7,-3.8900013,-15.23698,2515.0,147.0,0.1281367704772948,False,REGULAR,USD,2026-06-09,7406.47998046875,0.0362799978256225,call,1.0018254311855164,0.0027397260273972,21.6
SPXW260609C07425000,2026-06-08 19:14:56+00:00,7425.0,17.9,18.0,18.2,-7.26,-28.855326,1850.0,204.0,0.121178832244873,False,REGULAR,USD,2026-06-09,7406.47998046875,0.0362799978256225,call,1.0025005157078786,0.0027397260273972,18.1
SPXW260609C07430000,2026-06-08 19:14:54+00:00,7430.0,15.9,15.6,15.8,-6.0,-27.39726,2569.0,212.0,0.1185696054077148,False,REGULAR,USD,2026-06-09,7406.47998046875,0.0362799978256225,call,1.0031756002302408,0.0027397260273972,15.7
SPXW260609C07435000,2026-06-08 19:13:45+00:00,7435.0,15.7,15.3,15.5,-3.7799997,-19.404516,2038.0,41.0,0.1256190954589844,False,REGULAR,USD,2026-06-09,7406.47998046875,0.0362799978256225,call,1.003850684752603,0.0027397260273972,15.4
SPXW260609C07440000,2026-06-08 19:14:04+00:00,7440.0,13.4,12.3,12.5,-5.3999996,-28.723402,2995.0,98.0,0.1184627949523925,False,REGULAR,USD,2026-06-09,7406.47998046875,0.0362799978256225,call,1.0045257692749652,0.0027397260273972,12.4
SPXW260609C07445000,2026-06-08 19:13:56+00:00,7445.0,11.77,11.4,11.6,-5.4300003,-31.569765,2012.0,120.0,0.1213695652008056,False,REGULAR,USD,2026-06-09,7406.47998046875,0.0362799978256225,call,1.0052008537973274,0.0027397260273972,11.5
SPXW260609C07450000,2026-06-08 19:14:30+00:00,7450.0,9.4,9.1,9.2,-6.1000004,-39.354843,6713.0,1768.0,0.1152737399291992,False,REGULAR,USD,2026-06-09,7406.47998046875,0.0362799978256225,call,1.0058759383196896,0.0027397260273972,9.15
SPXW260609C07455000,2026-06-08 19:13:58+00:00,7455.0,8.79,8.5,8.7,-6.76,-43.472668,2078.0,119.0,0.1192562440490722,False,REGULAR,USD,2026-06-09,7406.47998046875,0.0362799978256225,call,1.0065510228420518,0.0027397260273972,8.6
SPXW260609C07460000,2026-06-08 19:14:29+00:00,7460.0,6.92,6.4,6.6,-6.5299997,-48.550186,3103.0,394.0,0.1126339958190917,False,REGULAR,USD,2026-06-09,7406.47998046875,0.0362799978256225,call,1.007226107364414,0.0027397260273972,6.5
SPXW260609C07465000,2026-06-08 19:13:25+00:00,7465.0,6.1,6.1,6.2,-6.2999997,-50.806454,1757.0,133.0,0.1161739994812011,False,REGULAR,USD,2026-06-09,7406.47998046875,0.0362799978256225,call,1.0079011918867762,0.0027397260273972,6.15
SPXW260609C07470000,2026-06-08 19:14:49+00:00,7470.0,4.7,4.5,4.7,-6.9700003,-59.725792,2413.0,160.0,0.1111233908081054,False,REGULAR,USD,2026-06-09,7406.47998046875,0.0362799978256225,call,1.0085762764091384,0.0027397260273972,4.6
SPXW260609C07475000,2026-06-08 19:14:53+00:00,7475.0,3.8,3.6,3.8,-6.46,-62.962963,3004.0,1157.0,0.1093381303405761,False,REGULAR,USD,2026-06-09,7406.47998046875,0.0362799978256225,call,1.0092513609315006,0.0027397260273972,3.7
SPXW260609C07480000,2026-06-08 19:14:46+00:00,7480.0,3.2,3.1,3.2,-6.45,-66.83938,2778.0,325.0,0.1092313198852538,False,REGULAR,USD,2026-06-09,7406.47998046875,0.0362799978256225,call,1.0099264454538628,0.0027397260273972,3.1500000000000004
SPXW260609C07485000,2026-06-08 19:15:03+00:00,7485.0,2.45,2.4,2.5,-6.59,-72.497246,1659.0,131.0,0.107156145324707,False,REGULAR,USD,2026-06-09,7406.47998046875,0.0362799978256225,call,1.010601529976225,0.0027397260273972,2.45
SPXW260609C07490000,2026-06-08 19:15:01+00:00,7490.0,2.0,2.0,2.05,-6.0,-75.0,2577.0,304.0,0.1067594207763672,False,REGULAR,USD,2026-06-09,7406.47998046875,0.0362799978256225,call,1.0112766144985872,0.0027397260273972,2.025
SPXW260609C07495000,2026-06-08 19:14:39+00:00,7495.0,1.69,1.65,1.75,-5.81,-77.46667,1616.0,128.0,0.1075223526000976,False,REGULAR,USD,2026-06-09,7406.47998046875,0.0362799978256225,call,1.0119516990209494,0.0027397260273972,1.7
SPXW260609C07500000,2026-06-08 19:14:36+00:00,7500.0,1.35,1.35,1.4,-5.31,-79.72973,10811.0,3356.0,0.1068509725952148,False,REGULAR,USD,2026-06-09,7406.47998046875,0.0362799978256225,call,1.0126267835433116,0.0027397260273972,1.375
SPXW260609C07505000,2026-06-08 19:13:30+00:00,7505.0,1.2,1.15,1.25,-5.3,-81.53846,2127.0,381.0,0.1087430435180664,False,REGULAR,USD,2026-06-09,7406.47998046875,0.0362799978256225,call,1.0133018680656738,0.0027397260273972,1.2
SPXW260609C07510000,2026-06-08 19:13:45+00:00,7510.0,1.0,0.9,1.0,-4.5,-81.818184,2105.0,202.0,0.1082547671508789,False,REGULAR,USD,2026-06-09,7406.47998046875,0.0362799978256225,call,1.013976952588036,0.0027397260273972,0.95
SPXW260609C07515000,2026-06-08 19:14:00+00:00,7515.0,0.77,0.75,0.8,-4.13,-84.63115,2265.0,242.0,0.1079801116943359,False,REGULAR,USD,2026-06-09,7406.47998046875,0.0362799978256225,call,1.0146520371103982,0.0027397260273972,0.775
SPXW260609C07520000,2026-06-08 19:14:57+00:00,7520.0,0.55,0.5,0.55,-3.8700001,-87.55656,2110.0,394.0,0.1051114880371093,False,REGULAR,USD,2026-06-09,7406.47998046875,0.0362799978256225,call,1.0153271216327604,0.0027397260273972,0.525
SPXW260609C07525000,2026-06-08 19:14:56+00:00,7525.0,0.43,0.4,0.5,-3.7699997,-88.2904,3620.0,1801.0,0.1073087316894531,False,REGULAR,USD,2026-06-09,7406.47998046875,0.0362799978256225,call,1.0160022061551226,0.0027397260273972,0.45
SPXW260609C07530000,2026-06-08 19:13:27+00:00,7530.0,0.4,0.35,0.45,-3.55,-89.87341,2636.0,559.0,0.1093228717041015,False,REGULAR,USD,2026-06-09,7406.47998046875,0.0362799978256225,call,1.0166772906774848,0.0027397260273972,0.4
SPXW260609C07535000,2026-06-08 19:14:32+00:00,7535.0,0.3,0.3,0.35,-3.1000001,-91.17647,2014.0,708.0,0.1088956298828125,False,REGULAR,USD,2026-06-09,7406.47998046875,0.0362799978256225,call,1.017352375199847,0.0027397260273972,0.3249999999999999
SPXW260609C07540000,2026-06-08 19:14:34+00:00,7540.0,0.25,0.2,0.25,-2.75,-91.666664,2326.0,311.0,0.10743080078125,False,REGULAR,USD,2026-06-09,7406.47998046875,0.0362799978256225,call,1.0180274597222092,0.0027397260273972,0.225
SPXW260609C07545000,2026-06-08 19:11:54+00:00,7545.0,0.22,0.2,0.25,-2.45,-91.7603,2335.0,180.0,0.1108487353515624,False,REGULAR,USD,2026-06-09,7406.47998046875,0.0362799978256225,call,1.0187025442445716,0.0027397260273972,0.225
SPXW260609C07555000,2026-06-08 19:13:18+00:00,7555.0,0.17,0.15,0.2,-1.93,-91.90476,1545.0,303.0,0.114266669921875,False,REGULAR,USD,2026-06-09,7406.47998046875,0.0362799978256225,call,1.020052713289296,0.0027397260273972,0.175
SPXW260610C07340000,2026-06-08 17:50:07+00:00,7340.0,102.3,88.4,88.8,10.5,11.437908,125.0,103.0,0.1825872147369384,True,REGULAR,USD,2026-06-10,7406.47998046875,0.0362799978256225,call,0.991024078827721,0.0054794520547945,88.6
SPXW260610C07345000,2026-06-08 19:03:12+00:00,7345.0,94.55,81.0,81.4,1.8500061,1.9956917,13.0,7.0,0.1657111627960205,True,REGULAR,USD,2026-06-10,7406.47998046875,0.0362799978256225,call,0.9916991633500832,0.0054794520547945,81.2
SPXW260610C07350000,2026-06-08 19:09:43+00:00,7350.0,85.43,77.1,77.5,16.93,24.715328,139.0,183.0,0.1639945661926269,True,REGULAR,USD,2026-06-10,7406.47998046875,0.0362799978256225,call,0.9923742478724454,0.0054794520547945,77.3
SPXW260610C07355000,2026-06-08 18:00:37+00:00,7355.0,89.8,73.4,73.8,18.800003,26.478876,12.0,7.0,0.1628425391387939,True,REGULAR,USD,2026-06-10,7406.47998046875,0.0362799978256225,call,0.9930493323948076,0.0054794520547945,73.6
SPXW260610C07360000,2026-06-08 17:59:27+00:00,7360.0,82.2,70.0,70.3,-1.9000015,-2.259217,23.0,26.0,0.1622245643615723,True,REGULAR,USD,2026-06-10,7406.47998046875,0.0362799978256225,call,0.9937244169171698,0.0054794520547945,70.15
SPXW260610C07365000,2026-06-08 18:44:01+00:00,7365.0,77.5,66.4,66.7,11.599998,17.602427,53.0,89.0,0.1608970629882812,True,REGULAR,USD,2026-06-10,7406.47998046875,0.0362799978256225,call,0.994399501439532,0.0054794520547945,66.55000000000001
SPXW260610C07370000,2026-06-08 19:13:16+00:00,7370.0,65.7,65.6,66.0,4.7999954,7.881766,74.0,105.0,0.1707159955596924,True,REGULAR,USD,2026-06-10,7406.47998046875,0.0362799978256225,call,0.9950745859618942,0.0054794520547945,65.8
SPXW260610C07375000,2026-06-08 19:13:06+00:00,7375.0,61.1,62.0,62.2,3.3999977,5.8925433,44.0,203.0,0.1678550012207031,True,REGULAR,USD,2026-06-10,7406.47998046875,0.0362799978256225,call,0.9957496704842564,0.0054794520547945,62.1
SPXW260610C07380000,2026-06-08 19:08:05+00:00,7380.0,64.8,57.7,58.0,9.800003,17.818188,158.0,73.0,0.1632011170959473,True,REGULAR,USD,2026-06-10,7406.47998046875,0.0362799978256225,call,0.9964247550066186,0.0054794520547945,57.85
SPXW260610C07385000,2026-06-08 19:12:34+00:00,7385.0,54.2,55.3,55.6,4.0,7.9681273,36.0,21.0,0.1651618518829345,True,REGULAR,USD,2026-06-10,7406.47998046875,0.0362799978256225,call,0.9970998395289808,0.0054794520547945,55.45
SPXW260610C07390000,2026-06-08 19:14:05+00:00,7390.0,52.1,50.9,51.1,5.299999,11.324785,59.0,110.0,0.1588142591094971,True,REGULAR,USD,2026-06-10,7406.47998046875,0.0362799978256225,call,0.997774924051343,0.0054794520547945,51.0
SPXW260610C07395000,2026-06-08 18:43:39+00:00,7395.0,55.8,48.8,49.0,11.399998,25.675669,56.0,30.0,0.1612251236724853,True,REGULAR,USD,2026-06-10,7406.47998046875,0.0362799978256225,call,0.9984500085737052,0.0054794520547945,48.9
SPXW260610C07400000,2026-06-08 19:11:08+00:00,7400.0,44.5,45.6,45.9,2.5499992,6.0786633,444.0,335.0,0.1595314150238037,True,REGULAR,USD,2026-06-10,7406.47998046875,0.0362799978256225,call,0.9991250930960676,0.0054794520547945,45.75
SPXW260610C07405000,2026-06-08 19:10:53+00:00,7405.0,41.63,42.6,42.8,0.030002594,0.07212162,112.0,127.0,0.1574943870544433,True,REGULAR,USD,2026-06-10,7406.47998046875,0.0362799978256225,call,0.9998001776184297,0.0054794520547945,42.7
SPXW260610C07410000,2026-06-08 19:12:13+00:00,7410.0,38.4,37.4,37.7,-14.309998,-27.148544,249.0,147.0,0.1476411225509643,False,REGULAR,USD,2026-06-10,7406.47998046875,0.0362799978256225,call,1.000475262140792,0.0054794520547945,37.55
SPXW260610C07415000,2026-06-08 19:07:35+00:00,7415.0,41.7,34.4,34.6,5.0200005,13.685934,311.0,162.0,0.1448754946899414,False,REGULAR,USD,2026-06-10,7406.47998046875,0.0362799978256225,call,1.0011503466631542,0.0054794520547945,34.5
SPXW260610C07420000,2026-06-08 19:11:26+00:00,7420.0,33.9,31.9,32.2,-0.6800003,-1.9664553,390.0,143.0,0.1443338130950927,False,REGULAR,USD,2026-06-10,7406.47998046875,0.0362799978256225,call,1.0018254311855164,0.0054794520547945,32.05
SPXW260610C07425000,2026-06-08 19:10:24+00:00,7425.0,31.43,29.4,29.7,-0.5699997,-1.781249,487.0,130.0,0.143013941040039,False,REGULAR,USD,2026-06-10,7406.47998046875,0.0362799978256225,call,1.0025005157078786,0.0054794520547945,29.55
SPXW260610C07430000,2026-06-08 19:14:40+00:00,7430.0,27.7,27.6,27.8,-15.099998,-35.280373,456.0,53.0,0.1435937692260742,False,REGULAR,USD,2026-06-10,7406.47998046875,0.0362799978256225,call,1.0031756002302408,0.0054794520547945,27.700000000000003
SPXW260610C07435000,2026-06-08 19:11:34+00:00,7435.0,26.66,25.3,25.5,-2.7399998,-9.319727,346.0,21.0,0.1422357505798339,False,REGULAR,USD,2026-06-10,7406.47998046875,0.0362799978256225,call,1.003850684752603,0.0054794520547945,25.4
SPXW260610C07440000,2026-06-08 19:10:09+00:00,7440.0,25.0,24.6,24.8,-2.0,-7.4074073,666.0,108.0,0.1467751949310302,False,REGULAR,USD,2026-06-10,7406.47998046875,0.0362799978256225,call,1.0045257692749652,0.0054794520547945,24.700000000000003
SPXW260610C07445000,2026-06-08 19:13:10+00:00,7445.0,22.03,22.3,22.6,-13.67,-38.291317,1039.0,545.0,0.1450509690093994,False,REGULAR,USD,2026-06-10,7406.47998046875,0.0362799978256225,call,1.0052008537973274,0.0054794520547945,22.450000000000003
SPXW260610C07450000,2026-06-08 19:14:06+00:00,7450.0,20.5,20.0,20.2,-2.7000008,-11.637934,1803.0,876.0,0.142037388305664,False,REGULAR,USD,2026-06-10,7406.47998046875,0.0362799978256225,call,1.0058759383196896,0.0054794520547945,20.1
SPXW260610C07455000,2026-06-08 18:58:43+00:00,7455.0,21.8,18.1,18.4,-9.650002,-30.683628,937.0,602.0,0.1410226889801025,False,REGULAR,USD,2026-06-10,7406.47998046875,0.0362799978256225,call,1.0065510228420518,0.0054794520547945,18.25
SPXW260610C07460000,2026-06-08 19:08:43+00:00,7460.0,18.8,15.2,15.4,-9.460001,-33.47488,2204.0,1644.0,0.1342554837036133,False,REGULAR,USD,2026-06-10,7406.47998046875,0.0362799978256225,call,1.007226107364414,0.0054794520547945,15.3
SPXW260610C07465000,2026-06-08 19:11:34+00:00,7465.0,14.91,14.8,15.0,-7.09,-32.227272,786.0,434.0,0.1384744966888428,False,REGULAR,USD,2026-06-10,7406.47998046875,0.0362799978256225,call,1.0079011918867762,0.0054794520547945,14.9
SPXW260610C07470000,2026-06-08 19:13:10+00:00,7470.0,13.23,13.3,13.5,-4.67,-26.089386,840.0,591.0,0.1373911334991455,False,REGULAR,USD,2026-06-10,7406.47998046875,0.0362799978256225,call,1.0085762764091384,0.0054794520547945,13.4
SPXW260610C07475000,2026-06-08 19:09:46+00:00,7475.0,13.2,11.8,12.0,-3.6999998,-21.89349,676.0,725.0,0.1358042353057861,False,REGULAR,USD,2026-06-10,7406.47998046875,0.0362799978256225,call,1.0092513609315006,0.0054794520547945,11.9
SPXW260610C07480000,2026-06-08 19:13:30+00:00,7480.0,10.8,10.5,10.7,-4.7,-30.322578,1082.0,1149.0,0.1346827255249023,False,REGULAR,USD,2026-06-10,7406.47998046875,0.0362799978256225,call,1.0099264454538628,0.0054794520547945,10.6
SPXW260610C07485000,2026-06-08 19:14:45+00:00,7485.0,9.0,8.5,8.7,-12.200001,-57.547173,520.0,490.0,0.1291590991210937,False,REGULAR,USD,2026-06-10,7406.47998046875,0.0362799978256225,call,1.010601529976225,0.0054794520547945,8.6
SPXW260610C07490000,2026-06-08 19:07:06+00:00,7490.0,10.09,8.2,8.3,-10.110001,-50.049507,1633.0,1209.0,0.1319056536865234,False,REGULAR,USD,2026-06-10,7406.47998046875,0.0362799978256225,call,1.0112766144985872,0.0054794520547945,8.25
SPXW260610C07495000,2026-06-08 19:06:31+00:00,7495.0,8.99,7.2,7.4,-9.610001,-51.666668,582.0,415.0,0.1314478945922851,False,REGULAR,USD,2026-06-10,7406.47998046875,0.0362799978256225,call,1.0119516990209494,0.0054794520547945,7.300000000000001
SPXW260610C07500000,2026-06-08 19:13:07+00:00,7500.0,6.2,6.3,6.5,-5.5700006,-47.323708,3432.0,3603.0,0.1305018591308593,False,REGULAR,USD,2026-06-10,7406.47998046875,0.0362799978256225,call,1.0126267835433116,0.0054794520547945,6.4
SPXW260610C07505000,2026-06-08 19:12:06+00:00,7505.0,5.3,5.3,5.5,-5.8999996,-52.678566,3110.0,3507.0,0.1282588395690918,False,REGULAR,USD,2026-06-10,7406.47998046875,0.0362799978256225,call,1.0133018680656738,0.0054794520547945,5.4
SPXW260610C07510000,2026-06-08 19:06:41+00:00,7510.0,6.0,4.7,4.9,-4.1000004,-40.59406,3042.0,2806.0,0.1282740982055664,False,REGULAR,USD,2026-06-10,7406.47998046875,0.0362799978256225,call,1.013976952588036,0.0054794520547945,4.800000000000001
SPXW260610C07515000,2026-06-08 19:10:23+00:00,7515.0,4.3,4.1,4.2,-5.0999994,-54.255314,378.0,244.0,0.1270076313781738,False,REGULAR,USD,2026-06-10,7406.47998046875,0.0362799978256225,call,1.0146520371103982,0.0054794520547945,4.15
SPXW260610C07520000,2026-06-08 19:12:53+00:00,7520.0,3.4,3.6,3.7,-5.7000003,-62.63736,1453.0,489.0,0.1268550450134277,False,REGULAR,USD,2026-06-10,7406.47998046875,0.0362799978256225,call,1.0153271216327604,0.0054794520547945,3.65
SPXW260610C07525000,2026-06-08 19:11:06+00:00,7525.0,3.1,3.0,3.2,-4.8,-60.7595,4010.0,5120.0,0.1262294409179687,False,REGULAR,USD,2026-06-10,7406.47998046875,0.0362799978256225,call,1.0160022061551226,0.0054794520547945,3.1
SPXW260610C07530000,2026-06-08 19:12:10+00:00,7530.0,2.6,2.4,2.5,-4.75,-64.625854,526.0,325.0,0.1228115063476562,False,REGULAR,USD,2026-06-10,7406.47998046875,0.0362799978256225,call,1.0166772906774848,0.0054794520547945,2.45
SPXW260610C07535000,2026-06-08 19:13:15+00:00,7535.0,2.3,2.2,2.25,-4.5,-66.17647,398.0,229.0,0.1236354727172851,False,REGULAR,USD,2026-06-10,7406.47998046875,0.0362799978256225,call,1.017352375199847,0.0054794520547945,2.225
SPXW260610C07540000,2026-06-08 19:14:56+00:00,7540.0,1.76,1.7,1.8,-4.7700005,-73.04748,702.0,416.0,0.1214687463378906,False,REGULAR,USD,2026-06-10,7406.47998046875,0.0362799978256225,call,1.0180274597222092,0.0054794520547945,1.75
SPXW260610C07545000,2026-06-08 19:11:51+00:00,7545.0,1.55,1.6,1.7,-4.6499996,-75.0,889.0,233.0,0.1235744381713867,False,REGULAR,USD,2026-06-10,7406.47998046875,0.0362799978256225,call,1.0187025442445716,0.0054794520547945,1.65
SPXW260610C07550000,2026-06-08 19:12:51+00:00,7550.0,1.35,1.35,1.45,-3.9,-74.28571,3083.0,4141.0,0.1232082308959961,False,REGULAR,USD,2026-06-10,7406.47998046875,0.0362799978256225,call,1.0193776287669338,0.0054794520547945,1.4
SPXW260610C07555000,2026-06-08 19:06:38+00:00,7555.0,1.5,1.15,1.25,-5.4,-78.26087,544.0,304.0,0.1231777136230468,False,REGULAR,USD,2026-06-10,7406.47998046875,0.0362799978256225,call,1.020052713289296,0.0054794520547945,1.2
SPXW260610C07560000,2026-06-08 19:13:55+00:00,7560.0,1.06,0.95,1.05,-3.1399999,-74.76191,507.0,3313.0,0.1226284027099609,False,REGULAR,USD,2026-06-10,7406.47998046875,0.0362799978256225,call,1.0207277978116582,0.0054794520547945,1.0
SPXW260610C07565000,2026-06-08 19:12:49+00:00,7565.0,0.85,0.85,0.9,-3.5,-80.45977,366.0,283.0,0.1225978854370117,False,REGULAR,USD,2026-06-10,7406.47998046875,0.0362799978256225,call,1.0214028823340204,0.0054794520547945,0.875
SPXW260610C07570000,2026-06-08 19:12:17+00:00,7570.0,0.75,0.7,0.75,-2.84,-79.108635,771.0,446.0,0.122079091796875,False,REGULAR,USD,2026-06-10,7406.47998046875,0.0362799978256225,call,1.0220779668563826,0.0054794520547945,0.725
SPXW260610C07575000,2026-06-08 19:10:04+00:00,7575.0,0.6,0.6,0.65,-3.0,-83.333336,2150.0,807.0,0.1223842645263672,False,REGULAR,USD,2026-06-10,7406.47998046875,0.0362799978256225,call,1.0227530513787448,0.0054794520547945,0.625
SPXW260610C07580000,2026-06-08 19:14:51+00:00,7580.0,0.5,0.5,0.55,-2.42,-82.31293,520.0,669.0,0.1223232299804687,False,REGULAR,USD,2026-06-10,7406.47998046875,0.0362799978256225,call,1.023428135901107,0.0054794520547945,0.525
SPXW260610C07585000,2026-06-08 19:11:42+00:00,7585.0,0.47,0.4,0.45,-3.33,-87.63158,452.0,221.0,0.1217128845214843,False,REGULAR,USD,2026-06-10,7406.47998046875,0.0362799978256225,call,1.0241032204234692,0.0054794520547945,0.425
SPXW260610C07590000,2026-06-08 19:10:30+00:00,7590.0,0.45,0.35,0.4,-1.8999999,-80.85106,404.0,232.0,0.1225673681640625,False,REGULAR,USD,2026-06-10,7406.47998046875,0.0362799978256225,call,1.0247783049458314,0.0054794520547945,0.375
SPXW260610C07595000,2026-06-08 19:10:01+00:00,7595.0,0.35,0.3,0.35,-1.9,-84.44444,281.0,139.0,0.1231777136230468,False,REGULAR,USD,2026-06-10,7406.47998046875,0.0362799978256225,call,1.0254533894681936,0.0054794520547945,0.3249999999999999
SPXW260610C07610000,2026-06-08 19:01:37+00:00,7610.0,0.25,0.2,0.25,-1.68,-87.04663,308.0,328.0,0.125985302734375,False,REGULAR,USD,2026-06-10,7406.47998046875,0.0362799978256225,call,1.0274786430352802,0.0054794520547945,0.225
SPXW260610C07620000,2026-06-08 19:10:07+00:00,7620.0,0.15,0.15,0.2,-1.0,-86.95652,377.0,499.0,0.1278163391113281,False,REGULAR,USD,2026-06-10,7406.47998046875,0.0362799978256225,call,1.0288288120800049,0.0054794520547945,0.175
SPXW260611C07335000,2026-06-08 14:36:07+00:00,7335.0,133.77,99.7,101.0,-72.899994,-35.273624,3.0,3.0,0.1904759297943115,True,REGULAR,USD,2026-06-11,7406.47998046875,0.0362799978256225,call,0.9903489943053588,0.0082191780821917,100.35
SPXW260611C07340000,2026-06-08 00:56:11+00:00,7340.0,101.61,93.8,94.4,7.1900024,7.614915,4.0,55.0,0.1788335901641845,True,REGULAR,USD,2026-06-11,7406.47998046875,0.0362799978256225,call,0.991024078827721,0.0082191780821917,94.1
SPXW260611C07345000,2026-06-05 19:06:50+00:00,7345.0,104.4,89.6,89.9,0.0,0.0,2.0,86.0,0.1747824221801758,True,REGULAR,USD,2026-06-11,7406.47998046875,0.0362799978256225,call,0.9916991633500832,0.0082191780821917,89.75
SPXW260611C07350000,2026-06-08 16:29:40+00:00,7350.0,107.84,88.3,88.7,-133.87001,-55.384556,5.0,790.0,0.1822782273483276,True,REGULAR,USD,2026-06-11,7406.47998046875,0.0362799978256225,call,0.9923742478724454,0.0082191780821917,88.5
SPXW260611C07355000,2026-06-08 00:19:33+00:00,7355.0,91.7,85.4,85.7,-68.26001,-42.673172,1.0,16.0,0.1830602324676513,True,REGULAR,USD,2026-06-11,7406.47998046875,0.0362799978256225,call,0.9930493323948076,0.0082191780821917,85.55000000000001
SPXW260611C07360000,2026-06-08 18:11:59+00:00,7360.0,93.41,81.7,82.1,11.810005,14.473045,57.0,17.0,0.181538183479309,True,REGULAR,USD,2026-06-11,7406.47998046875,0.0362799978256225,call,0.9937244169171698,0.0082191780821917,81.9
SPXW260611C07365000,2026-06-05 19:39:24+00:00,7365.0,88.3,74.8,75.2,0.0,0.0,9.0,9.0,0.1686103037261963,True,REGULAR,USD,2026-06-11,7406.47998046875,0.0362799978256225,call,0.994399501439532,0.0082191780821917,75.0
SPXW260611C07370000,2026-06-08 18:40:36+00:00,7370.0,81.28,74.3,74.6,-2.6200027,-3.1227684,40.0,22.0,0.1769033726501465,True,REGULAR,USD,2026-06-11,7406.47998046875,0.0362799978256225,call,0.9950745859618942,0.0082191780821917,74.44999999999999
SPXW260611C07375000,2026-06-08 19:02:02+00:00,7375.0,76.42,70.8,71.1,-2.880005,-3.631784,31.0,541.0,0.1751410001373291,True,REGULAR,USD,2026-06-11,7406.47998046875,0.0362799978256225,call,0.9957496704842564,0.0082191780821917,70.94999999999999
SPXW260611C07380000,2026-06-08 15:16:27+00:00,7380.0,105.42,67.6,67.9,40.14,61.48897,1.0,23.0,0.1741568180847168,True,REGULAR,USD,2026-06-11,7406.47998046875,0.0362799978256225,call,0.9964247550066186,0.0082191780821917,67.75
SPXW260611C07385000,2026-06-08 19:02:02+00:00,7385.0,69.42,63.2,63.5,9.57,15.989975,12.0,114.0,0.1690070282745361,True,REGULAR,USD,2026-06-11,7406.47998046875,0.0362799978256225,call,0.9970998395289808,0.0082191780821917,63.35
SPXW260611C07390000,2026-06-08 18:39:16+00:00,7390.0,69.35,60.8,61.1,12.0,20.92415,9.0,135.0,0.170204831237793,True,REGULAR,USD,2026-06-11,7406.47998046875,0.0362799978256225,call,0.997774924051343,0.0082191780821917,60.95
SPXW260611C07395000,2026-06-08 17:14:21+00:00,7395.0,65.92,55.1,55.4,11.169998,20.401821,10.0,23.0,0.1604316745758056,True,REGULAR,USD,2026-06-11,7406.47998046875,0.0362799978256225,call,0.9984500085737052,0.0082191780821917,55.25
SPXW260611C07400000,2026-06-08 19:02:50+00:00,7400.0,61.2,54.5,54.8,11.060001,22.058239,42.0,660.0,0.1669776296234131,True,REGULAR,USD,2026-06-11,7406.47998046875,0.0362799978256225,call,0.9991250930960676,0.0082191780821917,54.65
SPXW260611C07405000,2026-06-08 14:22:50+00:00,7405.0,84.4,51.2,51.4,20.5,32.081375,6.0,5.0,0.1642005577850342,True,REGULAR,USD,2026-06-11,7406.47998046875,0.0362799978256225,call,0.9998001776184297,0.0082191780821917,51.3
SPXW260611C07410000,2026-06-08 19:08:49+00:00,7410.0,52.0,48.7,48.9,-8.799999,-14.473683,40.0,147.0,0.1640784886932373,False,REGULAR,USD,2026-06-11,7406.47998046875,0.0362799978256225,call,1.000475262140792,0.0082191780821917,48.8
SPXW260611C07415000,2026-06-08 18:17:19+00:00,7415.0,55.9,43.4,43.7,-2.2999992,-3.9518886,16.0,27.0,0.1549614533996582,False,REGULAR,USD,2026-06-11,7406.47998046875,0.0362799978256225,call,1.0011503466631542,0.0082191780821917,43.55
SPXW260611C07420000,2026-06-08 19:10:23+00:00,7420.0,42.9,43.0,43.3,-9.399998,-17.973227,86.0,59.0,0.1611259425354004,False,REGULAR,USD,2026-06-11,7406.47998046875,0.0362799978256225,call,1.0018254311855164,0.0082191780821917,43.15
SPXW260611C07425000,2026-06-08 18:38:00+00:00,7425.0,48.08,38.3,38.6,6.9400024,16.869234,65.0,71.0,0.1530388652038574,False,REGULAR,USD,2026-06-11,7406.47998046875,0.0362799978256225,call,1.0025005157078786,0.0082191780821917,38.45
SPXW260611C07430000,2026-06-08 19:13:34+00:00,7430.0,38.3,38.0,38.2,-8.93,-18.907475,161.0,94.0,0.1587303366088867,False,REGULAR,USD,2026-06-11,7406.47998046875,0.0362799978256225,call,1.0031756002302408,0.0082191780821917,38.1
SPXW260611C07435000,2026-06-08 19:15:00+00:00,7435.0,33.2,33.2,33.5,-10.360001,-23.783287,108.0,48.0,0.1499642499542236,False,REGULAR,USD,2026-06-11,7406.47998046875,0.0362799978256225,call,1.003850684752603,0.0082191780821917,33.35
SPXW260611C07440000,2026-06-08 19:10:58+00:00,7440.0,32.1,31.7,32.0,-13.300003,-29.295158,237.0,102.0,0.1514977429199219,False,REGULAR,USD,2026-06-11,7406.47998046875,0.0362799978256225,call,1.0045257692749652,0.0082191780821917,31.85
SPXW260611C07445000,2026-06-08 17:49:10+00:00,7445.0,38.02,29.8,30.0,-5.079998,-11.786539,268.0,35.0,0.1510933890533447,False,REGULAR,USD,2026-06-11,7406.47998046875,0.0362799978256225,call,1.0052008537973274,0.0082191780821917,29.9
SPXW260611C07450000,2026-06-08 19:11:22+00:00,7450.0,28.0,28.1,28.3,-1.1700001,-4.0109706,529.0,678.0,0.1514328937149048,False,REGULAR,USD,2026-06-11,7406.47998046875,0.0362799978256225,call,1.0058759383196896,0.0082191780821917,28.200000000000003
SPXW260611C07455000,2026-06-08 19:12:10+00:00,7455.0,25.2,24.5,24.7,-12.899998,-33.85826,137.0,101.0,0.1448144601440429,False,REGULAR,USD,2026-06-11,7406.47998046875,0.0362799978256225,call,1.0065510228420518,0.0082191780821917,24.6
SPXW260611C07460000,2026-06-08 19:13:48+00:00,7460.0,24.4,22.8,23.0,-3.4500008,-12.387794,189.0,74.0,0.1444863994598388,False,REGULAR,USD,2026-06-11,7406.47998046875,0.0362799978256225,call,1.007226107364414,0.0082191780821917,22.9
SPXW260611C07465000,2026-06-08 18:58:30+00:00,7465.0,26.9,22.0,22.3,2.1999989,8.9068775,272.0,76.0,0.1475304974365234,False,REGULAR,USD,2026-06-11,7406.47998046875,0.0362799978256225,call,1.0079011918867762,0.0082191780821917,22.15
SPXW260611C07470000,2026-06-08 19:00:44+00:00,7470.0,24.0,20.4,20.6,1.5200005,6.761568,155.0,62.0,0.1466760137939453,False,REGULAR,USD,2026-06-11,7406.47998046875,0.0362799978256225,call,1.0085762764091384,0.0082191780821917,20.5
SPXW260611C07475000,2026-06-08 19:03:20+00:00,7475.0,22.5,18.6,18.9,-0.5799999,-2.5129979,233.0,137.0,0.1454782108306885,False,REGULAR,USD,2026-06-11,7406.47998046875,0.0362799978256225,call,1.0092513609315006,0.0082191780821917,18.75
SPXW260611C07480000,2026-06-08 18:59:03+00:00,7480.0,20.1,16.9,17.2,0.30000114,1.5151573,235.0,108.0,0.1439294592285156,False,REGULAR,USD,2026-06-11,7406.47998046875,0.0362799978256225,call,1.0099264454538628,0.0082191780821917,17.049999999999997
SPXW260611C07485000,2026-06-08 19:00:15+00:00,7485.0,18.3,15.5,15.7,-2.2000008,-10.731711,51.0,97.0,0.1428155787658691,False,REGULAR,USD,2026-06-11,7406.47998046875,0.0362799978256225,call,1.010601529976225,0.0082191780821917,15.6
SPXW260611C07490000,2026-06-08 19:09:39+00:00,7490.0,15.6,14.1,14.3,-9.109999,-36.86766,124.0,78.0,0.1417551035308838,False,REGULAR,USD,2026-06-11,7406.47998046875,0.0362799978256225,call,1.0112766144985872,0.0082191780821917,14.2
SPXW260611C07495000,2026-06-08 19:07:36+00:00,7495.0,14.98,12.8,13.0,-6.5699997,-30.48724,47.0,86.0,0.1407709214782714,False,REGULAR,USD,2026-06-11,7406.47998046875,0.0362799978256225,call,1.0119516990209494,0.0082191780821917,12.9
SPXW260611C07500000,2026-06-08 19:12:37+00:00,7500.0,11.47,11.5,11.7,-3.7599993,-24.688112,457.0,1871.0,0.1393976441955566,False,REGULAR,USD,2026-06-11,7406.47998046875,0.0362799978256225,call,1.0126267835433116,0.0082191780821917,11.6
SPXW260611C07505000,2026-06-08 19:12:22+00:00,7505.0,10.1,10.1,10.3,-9.65,-48.860756,159.0,69.0,0.1371012194061279,False,REGULAR,USD,2026-06-11,7406.47998046875,0.0362799978256225,call,1.0133018680656738,0.0082191780821917,10.2
SPXW260611C07510000,2026-06-08 19:12:37+00:00,7510.0,9.31,9.3,9.5,-10.8,-53.704624,183.0,132.0,0.1373682455444336,False,REGULAR,USD,2026-06-11,7406.47998046875,0.0362799978256225,call,1.013976952588036,0.0082191780821917,9.4
SPXW260611C07515000,2026-06-08 19:11:27+00:00,7515.0,8.4,8.5,8.7,-6.700001,-44.370865,216.0,126.0,0.1373377282714844,False,REGULAR,USD,2026-06-11,7406.47998046875,0.0362799978256225,call,1.0146520371103982,0.0082191780821917,8.6
SPXW260611C07520000,2026-06-08 19:12:36+00:00,7520.0,7.46,7.2,7.4,-5.34,-41.71875,214.0,299.0,0.134148673248291,False,REGULAR,USD,2026-06-11,7406.47998046875,0.0362799978256225,call,1.0153271216327604,0.0082191780821917,7.300000000000001
SPXW260611C07525000,2026-06-08 19:06:16+00:00,7525.0,8.1,6.4,6.6,-2.6799994,-24.860847,136.0,1776.0,0.1333018189239501,False,REGULAR,USD,2026-06-11,7406.47998046875,0.0362799978256225,call,1.0160022061551226,0.0082191780821917,6.5
SPXW260611C07530000,2026-06-08 18:58:30+00:00,7530.0,7.8,5.5,5.7,-2.0,-20.408163,96.0,260.0,0.1313563427734375,False,REGULAR,USD,2026-06-11,7406.47998046875,0.0362799978256225,call,1.0166772906774848,0.0082191780821917,5.6
SPXW260611C07535000,2026-06-08 18:58:30+00:00,7535.0,6.9,5.2,5.3,-5.4999995,-44.354836,140.0,111.0,0.1323481541442871,False,REGULAR,USD,2026-06-11,7406.47998046875,0.0362799978256225,call,1.017352375199847,0.0082191780821917,5.25
SPXW260611C07540000,2026-06-08 19:13:55+00:00,7540.0,4.7,4.6,4.7,-3.7600002,-44.444447,109.0,119.0,0.1316462568664551,False,REGULAR,USD,2026-06-11,7406.47998046875,0.0362799978256225,call,1.0180274597222092,0.0082191780821917,4.65
SPXW260611C07545000,2026-06-08 19:04:31+00:00,7545.0,5.3,3.9,4.1,-2.6999998,-33.749996,92.0,116.0,0.1305171177673339,False,REGULAR,USD,2026-06-11,7406.47998046875,0.0362799978256225,call,1.0187025442445716,0.0082191780821917,4.0
SPXW260611C07550000,2026-06-08 19:13:14+00:00,7550.0,3.6,3.4,3.6,-7.4500003,-67.420815,284.0,535.0,0.1297541859436035,False,REGULAR,USD,2026-06-11,7406.47998046875,0.0362799978256225,call,1.0193776287669338,0.0082191780821917,3.5
SPXW260611C07555000,2026-06-08 18:59:04+00:00,7555.0,3.95,3.0,3.2,-4.38,-52.58103,214.0,217.0,0.1294795304870605,False,REGULAR,USD,2026-06-11,7406.47998046875,0.0362799978256225,call,1.020052713289296,0.0082191780821917,3.1
SPXW260611C07560000,2026-06-08 19:12:44+00:00,7560.0,2.7,2.7,2.85,-4.3,-61.428577,82.0,461.0,0.1293269441223144,False,REGULAR,USD,2026-06-11,7406.47998046875,0.0362799978256225,call,1.0207277978116582,0.0082191780821917,2.7750000000000004
SPXW260611C07565000,2026-06-08 18:58:39+00:00,7565.0,3.2,2.35,2.5,-2.4999998,-43.859646,87.0,78.0,0.1288234091186523,False,REGULAR,USD,2026-06-11,7406.47998046875,0.0362799978256225,call,1.0214028823340204,0.0082191780821917,2.425
SPXW260611C07570000,2026-06-08 19:12:44+00:00,7570.0,2.05,2.0,2.1,-3.07,-59.960938,140.0,246.0,0.1272670281982422,False,REGULAR,USD,2026-06-11,7406.47998046875,0.0362799978256225,call,1.0220779668563826,0.0082191780821917,2.05
SPXW260611C07575000,2026-06-08 19:09:50+00:00,7575.0,2.05,1.75,1.9,-2.55,-55.434784,197.0,341.0,0.1277400459289551,False,REGULAR,USD,2026-06-11,7406.47998046875,0.0362799978256225,call,1.0227530513787448,0.0082191780821917,1.825
SPXW260611C07580000,2026-06-08 19:13:30+00:00,7580.0,1.6,1.45,1.6,-2.7000003,-62.790703,253.0,138.0,0.1265040963745117,False,REGULAR,USD,2026-06-11,7406.47998046875,0.0362799978256225,call,1.023428135901107,0.0082191780821917,1.525
SPXW260611C07585000,2026-06-08 19:07:21+00:00,7585.0,1.7,1.3,1.45,-2.3999999,-58.536583,235.0,148.0,0.1270839245605468,False,REGULAR,USD,2026-06-11,7406.47998046875,0.0362799978256225,call,1.0241032204234692,0.0082191780821917,1.375
SPXW260611C07590000,2026-06-08 18:58:51+00:00,7590.0,1.45,1.15,1.3,-2.8500001,-66.27907,140.0,194.0,0.1274501318359375,False,REGULAR,USD,2026-06-11,7406.47998046875,0.0362799978256225,call,1.0247783049458314,0.0082191780821917,1.225
SPXW260611C07595000,2026-06-08 19:11:04+00:00,7595.0,1.05,1.0,1.05,-3.45,-76.666664,95.0,109.0,0.1255885781860352,False,REGULAR,USD,2026-06-11,7406.47998046875,0.0362799978256225,call,1.0254533894681936,0.0082191780821917,1.025
SPXW260611C07600000,2026-06-08 19:14:04+00:00,7600.0,0.95,0.8,0.9,-1.8,-65.454544,820.0,714.0,0.1251308190917968,False,REGULAR,USD,2026-06-11,7406.47998046875,0.0362799978256225,call,1.0261284739905558,0.0082191780821917,0.8500000000000001
SPXW260611C07605000,2026-06-08 19:13:59+00:00,7605.0,0.8,0.7,0.8,-2.3,-74.19355,108.0,249.0,0.125435991821289,False,REGULAR,USD,2026-06-11,7406.47998046875,0.0362799978256225,call,1.026803558512918,0.0082191780821917,0.75
SPXW260611C07610000,2026-06-08 19:10:25+00:00,7610.0,0.65,0.6,0.7,-1.93,-74.806206,133.0,173.0,0.1254970263671875,False,REGULAR,USD,2026-06-11,7406.47998046875,0.0362799978256225,call,1.0274786430352802,0.0082191780821917,0.6499999999999999
SPXW260611C07615000,2026-06-08 19:13:59+00:00,7615.0,0.6,0.55,0.65,-1.4,-70.0,72.0,186.0,0.1266566827392578,False,REGULAR,USD,2026-06-11,7406.47998046875,0.0362799978256225,call,1.0281537275576424,0.0082191780821917,0.6000000000000001
SPXW260611C07620000,2026-06-08 19:14:37+00:00,7620.0,0.5,0.45,0.55,-2.35,-82.45614,186.0,391.0,0.1261073718261718,False,REGULAR,USD,2026-06-11,7406.47998046875,0.0362799978256225,call,1.0288288120800049,0.0082191780821917,0.5
SPXW260611C07625000,2026-06-08 19:10:08+00:00,7625.0,0.45,0.35,0.45,-1.4000001,-75.675674,259.0,1862.0,0.1250697845458984,False,REGULAR,USD,2026-06-11,7406.47998046875,0.0362799978256225,call,1.0295038966023669,0.0082191780821917,0.4
SPXW260611C07630000,2026-06-08 19:14:20+00:00,7630.0,0.4,0.35,0.45,-1.25,-78.125,234.0,2287.0,0.1275111663818359,False,REGULAR,USD,2026-06-11,7406.47998046875,0.0362799978256225,call,1.030178981124729,0.0082191780821917,0.4
SPXW260611C07635000,2026-06-08 19:10:26+00:00,7635.0,0.3,0.3,0.4,-1.75,-81.01852,144.0,83.0,0.127938408203125,False,REGULAR,USD,2026-06-11,7406.47998046875,0.0362799978256225,call,1.0308540656470913,0.0082191780821917,0.35
SPXW260611C07645000,2026-06-08 19:10:08+00:00,7645.0,0.25,0.25,0.3,-1.15,-82.14286,56.0,120.0,0.127938408203125,False,REGULAR,USD,2026-06-11,7406.47998046875,0.0362799978256225,call,1.0322042346918157,0.0082191780821917,0.275
SPXW260611C07655000,2026-06-08 19:10:08+00:00,7655.0,0.2,0.2,0.25,-0.65000004,-76.47059,47.0,218.0,0.1296473754882812,False,REGULAR,USD,2026-06-11,7406.47998046875,0.0362799978256225,call,1.03355440373654,0.0082191780821917,0.225
SPXW260611C07670000,2026-06-08 19:10:07+00:00,7670.0,0.15,0.15,0.2,-0.45000002,-69.23077,93.0,221.0,0.132821171875,False,REGULAR,USD,2026-06-11,7406.47998046875,0.0362799978256225,call,1.0355796573036269,0.0082191780821917,0.175
SPXW260612C07335000,2026-06-08 14:54:54+00:00,7335.0,142.91,108.8,109.4,40.83,39.998043,1.0,7.0,0.1973766481399536,True,REGULAR,USD,2026-06-12,7406.47998046875,0.0362799978256225,call,0.9903489943053588,0.010958904109589,109.1
SPXW260612C07340000,2026-06-08 19:11:10+00:00,7340.0,102.61,102.8,103.1,-5.3700027,-4.9731455,35.0,173.0,0.1878209270477294,True,REGULAR,USD,2026-06-12,7406.47998046875,0.0362799978256225,call,0.991024078827721,0.010958904109589,102.95
SPXW260612C07345000,2026-06-08 18:28:47+00:00,7345.0,115.7,98.2,98.5,20.269997,21.240696,30.0,33.0,0.1835866554260253,True,REGULAR,USD,2026-06-12,7406.47998046875,0.0362799978256225,call,0.9916991633500832,0.010958904109589,98.35
SPXW260612C07350000,2026-06-08 18:50:29+00:00,7350.0,106.55,94.5,94.8,20.450005,23.751457,74.0,762.0,0.1820493478012084,True,REGULAR,USD,2026-06-12,7406.47998046875,0.0362799978256225,call,0.9923742478724454,0.010958904109589,94.65
SPXW260612C07355000,2026-06-08 18:50:29+00:00,7355.0,102.79,91.5,91.9,11.82,12.993295,38.0,133.0,0.1828084649658203,True,REGULAR,USD,2026-06-12,7406.47998046875,0.0362799978256225,call,0.9930493323948076,0.010958904109589,91.7
SPXW260612C07360000,2026-06-08 17:20:01+00:00,7360.0,96.22,89.9,90.2,8.450005,9.627441,25.0,296.0,0.1870007753372192,True,REGULAR,USD,2026-06-12,7406.47998046875,0.0362799978256225,call,0.9937244169171698,0.010958904109589,90.05000000000001
SPXW260612C07365000,2026-06-08 14:59:58+00:00,7365.0,125.0,86.8,87.1,44.800003,55.86036,15.0,38.0,0.1867375638580322,True,REGULAR,USD,2026-06-12,7406.47998046875,0.0362799978256225,call,0.994399501439532,0.010958904109589,86.94999999999999
SPXW260612C07370000,2026-06-08 19:13:38+00:00,7370.0,83.57,83.6,83.9,9.269997,12.476441,33.0,182.0,0.1860051493072509,True,REGULAR,USD,2026-06-12,7406.47998046875,0.0362799978256225,call,0.9950745859618942,0.010958904109589,83.75
SPXW260612C07375000,2026-06-08 19:13:38+00:00,7375.0,80.14,76.6,77.0,5.8099976,7.8164907,50.0,1073.0,0.1741568180847168,True,REGULAR,USD,2026-06-12,7406.47998046875,0.0362799978256225,call,0.9957496704842564,0.010958904109589,76.8
SPXW260612C07380000,2026-06-08 19:13:38+00:00,7380.0,76.76,76.2,76.5,8.590004,12.600857,61.0,158.0,0.181088053703308,True,REGULAR,USD,2026-06-12,7406.47998046875,0.0362799978256225,call,0.9964247550066186,0.010958904109589,76.35
SPXW260612C07385000,2026-06-08 19:13:51+00:00,7385.0,73.75,72.9,73.2,7.580002,11.455345,110.0,115.0,0.1795660047149658,True,REGULAR,USD,2026-06-12,7406.47998046875,0.0362799978256225,call,0.9970998395289808,0.010958904109589,73.05000000000001
SPXW260612C07390000,2026-06-08 19:13:51+00:00,7390.0,70.45,67.1,67.4,4.579994,6.95308,48.0,274.0,0.1705977411270142,True,REGULAR,USD,2026-06-12,7406.47998046875,0.0362799978256225,call,0.997774924051343,0.010958904109589,67.25
SPXW260612C07395000,2026-06-08 18:40:28+00:00,7395.0,72.5,66.4,66.7,12.700001,21.237461,54.0,910.0,0.1763006565093994,True,REGULAR,USD,2026-06-12,7406.47998046875,0.0362799978256225,call,0.9984500085737052,0.010958904109589,66.55000000000001
SPXW260612C07400000,2026-06-08 19:14:39+00:00,7400.0,61.5,60.8,61.1,3.5,6.034483,385.0,1259.0,0.1675956044006348,True,REGULAR,USD,2026-06-12,7406.47998046875,0.0362799978256225,call,0.9991250930960676,0.010958904109589,60.95
SPXW260612C07405000,2026-06-08 18:50:50+00:00,7405.0,66.55,58.0,58.3,-2.75,-3.9682539,44.0,196.0,0.1668174139404297,True,REGULAR,USD,2026-06-12,7406.47998046875,0.0362799978256225,call,0.9998001776184297,0.010958904109589,58.15
SPXW260612C07410000,2026-06-08 19:13:48+00:00,7410.0,57.8,55.2,55.5,2.9300003,5.339895,117.0,379.0,0.1658408612060547,False,REGULAR,USD,2026-06-12,7406.47998046875,0.0362799978256225,call,1.000475262140792,0.010958904109589,55.35
SPXW260612C07415000,2026-06-08 19:14:26+00:00,7415.0,53.9,53.0,53.2,3.7000008,7.370519,220.0,313.0,0.1661155166625977,False,REGULAR,USD,2026-06-12,7406.47998046875,0.0362799978256225,call,1.0011503466631542,0.010958904109589,53.1
SPXW260612C07420000,2026-06-08 19:03:57+00:00,7420.0,57.9,49.2,49.4,6.670002,13.019719,257.0,465.0,0.1618354691314697,False,REGULAR,USD,2026-06-12,7406.47998046875,0.0362799978256225,call,1.0018254311855164,0.010958904109589,49.3
SPXW260612C07425000,2026-06-08 19:15:03+00:00,7425.0,46.5,46.5,46.8,0.7799988,1.7023108,355.0,257.0,0.1608131404876709,False,REGULAR,USD,2026-06-12,7406.47998046875,0.0362799978256225,call,1.0025005157078786,0.010958904109589,46.65
SPXW260612C07430000,2026-06-08 19:10:47+00:00,7430.0,45.5,46.2,46.4,2.25,5.202312,331.0,316.0,0.16602396484375,False,REGULAR,USD,2026-06-12,7406.47998046875,0.0362799978256225,call,1.0031756002302408,0.010958904109589,46.3
SPXW260612C07435000,2026-06-08 19:04:14+00:00,7435.0,48.94,43.6,43.8,7.7199974,18.728765,342.0,120.0,0.1646087263107299,False,REGULAR,USD,2026-06-12,7406.47998046875,0.0362799978256225,call,1.003850684752603,0.010958904109589,43.7
SPXW260612C07440000,2026-06-08 19:10:06+00:00,7440.0,42.14,41.0,41.3,2.9399986,7.4999967,632.0,142.0,0.163269780960083,False,REGULAR,USD,2026-06-12,7406.47998046875,0.0362799978256225,call,1.0045257692749652,0.010958904109589,41.15
SPXW260612C07445000,2026-06-08 18:54:39+00:00,7445.0,44.85,38.6,38.8,6.8499985,18.026312,155.0,213.0,0.1617019560623169,False,REGULAR,USD,2026-06-12,7406.47998046875,0.0362799978256225,call,1.0052008537973274,0.010958904109589,38.7
SPXW260612C07450000,2026-06-08 19:13:14+00:00,7450.0,36.2,36.3,36.6,0.79999924,2.2598848,3236.0,2216.0,0.1608055111694336,False,REGULAR,USD,2026-06-12,7406.47998046875,0.0362799978256225,call,1.0058759383196896,0.010958904109589,36.45
SPXW260612C07455000,2026-06-08 19:13:10+00:00,7455.0,33.82,32.3,32.5,-0.3899994,-1.1400158,460.0,318.0,0.1538475729370117,False,REGULAR,USD,2026-06-12,7406.47998046875,0.0362799978256225,call,1.0065510228420518,0.010958904109589,32.4
SPXW260612C07460000,2026-06-08 18:57:38+00:00,7460.0,37.0,30.5,30.8,2.5999985,7.5581346,318.0,204.0,0.1539658273696899,False,REGULAR,USD,2026-06-12,7406.47998046875,0.0362799978256225,call,1.007226107364414,0.010958904109589,30.65
SPXW260612C07465000,2026-06-08 18:50:25+00:00,7465.0,33.7,28.5,28.7,3.4000015,11.2211275,375.0,421.0,0.1526001794052124,False,REGULAR,USD,2026-06-12,7406.47998046875,0.0362799978256225,call,1.0079011918867762,0.010958904109589,28.6
SPXW260612C07470000,2026-06-08 18:49:08+00:00,7470.0,32.9,27.4,27.6,4.700001,16.666668,380.0,240.0,0.1541985215759277,False,REGULAR,USD,2026-06-12,7406.47998046875,0.0362799978256225,call,1.0085762764091384,0.010958904109589,27.5
SPXW260612C07475000,2026-06-08 19:14:51+00:00,7475.0,24.45,24.3,24.6,-2.619999,-9.678607,356.0,1105.0,0.1493844217681884,False,REGULAR,USD,2026-06-12,7406.47998046875,0.0362799978256225,call,1.0092513609315006,0.010958904109589,24.450000000000003
SPXW260612C07480000,2026-06-08 19:11:07+00:00,7480.0,23.38,24.0,24.2,-10.820002,-31.63743,256.0,508.0,0.152901537475586,False,REGULAR,USD,2026-06-12,7406.47998046875,0.0362799978256225,call,1.0099264454538628,0.010958904109589,24.1
SPXW260612C07485000,2026-06-08 19:14:17+00:00,7485.0,21.97,20.8,21.1,-1.3200016,-5.667675,118.0,207.0,0.1470422210693359,False,REGULAR,USD,2026-06-12,7406.47998046875,0.0362799978256225,call,1.010601529976225,0.010958904109589,20.950000000000003
SPXW260612C07490000,2026-06-08 19:13:07+00:00,7490.0,20.17,20.3,20.6,-1.9899998,-8.980144,329.0,301.0,0.1498803274536133,False,REGULAR,USD,2026-06-12,7406.47998046875,0.0362799978256225,call,1.0112766144985872,0.010958904109589,20.450000000000003
SPXW260612C07495000,2026-06-08 19:13:07+00:00,7495.0,18.62,18.7,19.0,-3.9799995,-17.610617,186.0,297.0,0.1486443778991699,False,REGULAR,USD,2026-06-12,7406.47998046875,0.0362799978256225,call,1.0119516990209494,0.010958904109589,18.85
SPXW260612C07500000,2026-06-08 19:14:31+00:00,7500.0,16.82,16.7,16.9,-2.4700012,-12.68619,1842.0,2594.0,0.1452264433288574,False,REGULAR,USD,2026-06-12,7406.47998046875,0.0362799978256225,call,1.0126267835433116,0.010958904109589,16.799999999999997
SPXW260612C07505000,2026-06-08 19:14:31+00:00,7505.0,15.37,14.9,15.2,-2.62,-14.563646,252.0,464.0,0.1429071305847168,False,REGULAR,USD,2026-06-12,7406.47998046875,0.0362799978256225,call,1.0133018680656738,0.010958904109589,15.05
SPXW260612C07510000,2026-06-08 19:13:14+00:00,7510.0,14.61,13.7,13.9,-2.79,-16.034483,328.0,606.0,0.1418085087585449,False,REGULAR,USD,2026-06-12,7406.47998046875,0.0362799978256225,call,1.013976952588036,0.010958904109589,13.8
SPXW260612C07515000,2026-06-08 19:13:14+00:00,7515.0,13.4,12.5,12.7,-2.6000004,-16.250002,372.0,912.0,0.1408166973876953,False,REGULAR,USD,2026-06-12,7406.47998046875,0.0362799978256225,call,1.0146520371103982,0.010958904109589,12.6
SPXW260612C07520000,2026-06-08 19:09:58+00:00,7520.0,13.19,12.1,12.3,-1.9900007,-13.109359,982.0,497.0,0.143013941040039,False,REGULAR,USD,2026-06-12,7406.47998046875,0.0362799978256225,call,1.0153271216327604,0.010958904109589,12.2
SPXW260612C07525000,2026-06-08 19:13:23+00:00,7525.0,11.16,10.8,11.0,-2.7600002,-19.827589,1330.0,1737.0,0.141060835571289,False,REGULAR,USD,2026-06-12,7406.47998046875,0.0362799978256225,call,1.0160022061551226,0.010958904109589,10.9
SPXW260612C07530000,2026-06-08 19:12:40+00:00,7530.0,10.0,9.9,10.0,-3.21,-24.299772,378.0,423.0,0.1401224294281005,False,REGULAR,USD,2026-06-12,7406.47998046875,0.0362799978256225,call,1.0166772906774848,0.010958904109589,9.95
SPXW260612C07535000,2026-06-08 19:13:14+00:00,7535.0,9.25,9.1,9.3,-2.75,-22.916666,206.0,336.0,0.140358938293457,False,REGULAR,USD,2026-06-12,7406.47998046875,0.0362799978256225,call,1.017352375199847,0.010958904109589,9.2
SPXW260612C07540000,2026-06-08 19:13:14+00:00,7540.0,8.34,8.2,8.4,-3.2600002,-28.10345,373.0,857.0,0.1393289803314209,False,REGULAR,USD,2026-06-12,7406.47998046875,0.0362799978256225,call,1.0180274597222092,0.010958904109589,8.3
SPXW260612C07545000,2026-06-08 19:10:04+00:00,7545.0,7.89,7.4,7.6,-3.5000005,-30.728714,380.0,336.0,0.1385126432800293,False,REGULAR,USD,2026-06-12,7406.47998046875,0.0362799978256225,call,1.0187025442445716,0.010958904109589,7.5
SPXW260612C07550000,2026-06-08 19:12:42+00:00,7550.0,6.7,6.7,6.9,-3.0299997,-31.1408,1371.0,2761.0,0.1379328150939941,False,REGULAR,USD,2026-06-12,7406.47998046875,0.0362799978256225,call,1.0193776287669338,0.010958904109589,6.800000000000001
SPXW260612C07555000,2026-06-08 19:13:14+00:00,7555.0,6.1,6.0,6.2,-4.0000005,-39.603966,346.0,559.0,0.1370554434967041,False,REGULAR,USD,2026-06-12,7406.47998046875,0.0362799978256225,call,1.020052713289296,0.010958904109589,6.1
SPXW260612C07560000,2026-06-08 19:10:26+00:00,7560.0,5.4,5.3,5.5,-2.9999995,-35.71428,598.0,1737.0,0.135827123260498,False,REGULAR,USD,2026-06-12,7406.47998046875,0.0362799978256225,call,1.0207277978116582,0.010958904109589,5.4
SPXW260612C07565000,2026-06-08 19:13:53+00:00,7565.0,5.0,4.7,4.9,-2.71,-35.14916,271.0,429.0,0.1348810877990723,False,REGULAR,USD,2026-06-12,7406.47998046875,0.0362799978256225,call,1.0214028823340204,0.010958904109589,4.800000000000001
SPXW260612C07570000,2026-06-08 19:12:21+00:00,7570.0,4.2,4.0,4.2,-2.9500003,-41.258743,508.0,900.0,0.1327906546020508,False,REGULAR,USD,2026-06-12,7406.47998046875,0.0362799978256225,call,1.0220779668563826,0.010958904109589,4.1
SPXW260612C07575000,2026-06-08 19:09:51+00:00,7575.0,4.25,3.8,4.0,-2.2800002,-34.915775,1359.0,1530.0,0.134224966430664,False,REGULAR,USD,2026-06-12,7406.47998046875,0.0362799978256225,call,1.0227530513787448,0.010958904109589,3.9
SPXW260612C07580000,2026-06-08 19:13:41+00:00,7580.0,3.57,3.2,3.3,-2.2300003,-38.44828,1036.0,1029.0,0.1312647909545898,False,REGULAR,USD,2026-06-12,7406.47998046875,0.0362799978256225,call,1.023428135901107,0.010958904109589,3.25
SPXW260612C07585000,2026-06-08 19:13:23+00:00,7585.0,3.11,3.1,3.2,-2.39,-43.454548,384.0,281.0,0.1332178964233398,False,REGULAR,USD,2026-06-12,7406.47998046875,0.0362799978256225,call,1.0241032204234692,0.010958904109589,3.1500000000000004
SPXW260612C07590000,2026-06-08 19:12:31+00:00,7590.0,2.67,2.65,2.8,-3.1100001,-53.806225,680.0,1108.0,0.1322108264160156,False,REGULAR,USD,2026-06-12,7406.47998046875,0.0362799978256225,call,1.0247783049458314,0.010958904109589,2.725
SPXW260612C07595000,2026-06-08 19:14:02+00:00,7595.0,2.4,2.35,2.45,-2.3600001,-49.579834,267.0,367.0,0.1313105668640136,False,REGULAR,USD,2026-06-12,7406.47998046875,0.0362799978256225,call,1.0254533894681936,0.010958904109589,2.4000000000000004
SPXW260612C07600000,2026-06-08 19:13:48+00:00,7600.0,2.15,2.1,2.25,-2.0499997,-48.809517,2066.0,6096.0,0.1317530673217773,False,REGULAR,USD,2026-06-12,7406.47998046875,0.0362799978256225,call,1.0261284739905558,0.010958904109589,2.175
SPXW260612C07605000,2026-06-08 19:08:26+00:00,7605.0,2.17,1.85,2.0,-1.6299999,-42.894733,274.0,394.0,0.1314021186828613,False,REGULAR,USD,2026-06-12,7406.47998046875,0.0362799978256225,call,1.026803558512918,0.010958904109589,1.925
SPXW260612C07610000,2026-06-08 19:11:11+00:00,7610.0,1.65,1.6,1.7,-2.31,-58.333332,658.0,1038.0,0.1300135827636718,False,REGULAR,USD,2026-06-12,7406.47998046875,0.0362799978256225,call,1.0274786430352802,0.010958904109589,1.65
SPXW260612C07615000,2026-06-08 19:11:11+00:00,7615.0,1.45,1.4,1.5,-1.8299999,-55.792683,391.0,1493.0,0.1296473754882812,False,REGULAR,USD,2026-06-12,7406.47998046875,0.0362799978256225,call,1.0281537275576424,0.010958904109589,1.45
SPXW260612C07620000,2026-06-08 19:10:25+00:00,7620.0,1.3,1.2,1.35,-1.5,-53.57143,1169.0,1084.0,0.1297694445800781,False,REGULAR,USD,2026-06-12,7406.47998046875,0.0362799978256225,call,1.0288288120800049,0.010958904109589,1.275
SPXW260612C07625000,2026-06-08 19:11:01+00:00,7625.0,1.17,1.05,1.15,-1.43,-55.000004,2979.0,915.0,0.1287013400268554,False,REGULAR,USD,2026-06-12,7406.47998046875,0.0362799978256225,call,1.0295038966023669,0.010958904109589,1.1
SPXW260612C07630000,2026-06-08 19:11:01+00:00,7630.0,1.02,1.0,1.1,-1.28,-55.652176,1651.0,1155.0,0.1301661691284179,False,REGULAR,USD,2026-06-12,7406.47998046875,0.0362799978256225,call,1.030178981124729,0.010958904109589,1.05
SPXW260612C07635000,2026-06-08 19:12:52+00:00,7635.0,0.89,0.8,0.9,-1.63,-64.68254,629.0,1801.0,0.1284266845703124,False,REGULAR,USD,2026-06-12,7406.47998046875,0.0362799978256225,call,1.0308540656470913,0.010958904109589,0.8500000000000001
SPXW260612C07640000,2026-06-08 19:14:04+00:00,7640.0,0.83,0.75,0.85,-1.3700001,-62.27273,1809.0,3067.0,0.129616858215332,False,REGULAR,USD,2026-06-12,7406.47998046875,0.0362799978256225,call,1.0315291501694537,0.010958904109589,0.8
SPXW260612C07645000,2026-06-08 19:12:52+00:00,7645.0,0.69,0.65,0.75,-1.26,-64.61538,393.0,255.0,0.1294642718505859,False,REGULAR,USD,2026-06-12,7406.47998046875,0.0362799978256225,call,1.0322042346918157,0.010958904109589,0.7
SPXW260612C07650000,2026-06-08 19:14:04+00:00,7650.0,0.63,0.6,0.65,-0.87,-58.0,1919.0,3755.0,0.1290370300292968,False,REGULAR,USD,2026-06-12,7406.47998046875,0.0362799978256225,call,1.032879319214178,0.010958904109589,0.625
SPXW260612C07655000,2026-06-08 19:10:07+00:00,7655.0,0.55,0.5,0.6,-0.99999994,-64.51613,250.0,481.0,0.1297694445800781,False,REGULAR,USD,2026-06-12,7406.47998046875,0.0362799978256225,call,1.03355440373654,0.010958904109589,0.55
SPXW260612C07660000,2026-06-08 19:12:51+00:00,7660.0,0.49,0.45,0.55,-0.95000005,-65.51724,654.0,1012.0,0.1303797900390624,False,REGULAR,USD,2026-06-12,7406.47998046875,0.0362799978256225,call,1.0342294882589025,0.010958904109589,0.5
SPXW260612C07665000,2026-06-08 18:58:48+00:00,7665.0,0.5,0.4,0.5,-0.64,-56.14035,210.0,449.0,0.1308680664062499,False,REGULAR,USD,2026-06-12,7406.47998046875,0.0362799978256225,call,1.0349045727812645,0.010958904109589,0.45
SPXW260612C07670000,2026-06-08 19:10:22+00:00,7670.0,0.4,0.35,0.45,-0.65,-63.72549,496.0,1549.0,0.1311732391357422,False,REGULAR,USD,2026-06-12,7406.47998046875,0.0362799978256225,call,1.0355796573036269,0.010958904109589,0.4
SPXW260612C07675000,2026-06-08 19:10:08+00:00,7675.0,0.35,0.35,0.4,-0.62,-63.917522,2482.0,2115.0,0.131295308227539,False,REGULAR,USD,2026-06-12,7406.47998046875,0.0362799978256225,call,1.0362547418259889,0.010958904109589,0.375
SPXW260612C07680000,2026-06-08 18:58:52+00:00,7680.0,0.35,0.3,0.4,-0.54999995,-61.111107,394.0,1049.0,0.1333704827880859,False,REGULAR,USD,2026-06-12,7406.47998046875,0.0362799978256225,call,1.036929826348351,0.010958904109589,0.35
SPXW260612C07690000,2026-06-08 19:10:11+00:00,7690.0,0.25,0.25,0.3,-0.5,-66.666664,125.0,560.0,0.1326991027832031,False,REGULAR,USD,2026-06-12,7406.47998046875,0.0362799978256225,call,1.0382799953930757,0.010958904109589,0.275
SPXW260612C07695000,2026-06-08 19:05:01+00:00,7695.0,0.27,0.2,0.25,-0.34,-55.737705,136.0,429.0,0.131844619140625,False,REGULAR,USD,2026-06-12,7406.47998046875,0.0362799978256225,call,1.0389550799154377,0.010958904109589,0.225
SPXW260612C07730000,2026-06-08 19:10:08+00:00,7730.0,0.15,0.15,0.2,-0.19999999,-57.142853,32.0,950.0,0.1420984228515625,False,REGULAR,USD,2026-06-12,7406.47998046875,0.0362799978256225,call,1.0436806715719733,0.010958904109589,0.175
SPXW260612C07735000,2026-06-08 16:50:16+00:00,7735.0,0.3,0.15,0.2,0.050000012,20.000004,56.0,435.0,0.1439294592285156,False,REGULAR,USD,2026-06-12,7406.47998046875,0.0362799978256225,call,1.0443557560943355,0.010958904109589,0.175
SPXW260615C07335000,2026-06-08 14:47:07+00:00,7335.0,147.32,112.4,112.9,33.820007,29.797363,1.0,71.0,0.1647651273345947,True,REGULAR,USD,2026-06-15,7406.47998046875,0.0362799978256225,call,0.9903489943053588,0.0191780821917808,112.65
SPXW260615C07340000,2026-06-08 16:08:08+00:00,7340.0,135.31,110.1,110.4,18.659996,15.996568,12.0,58.0,0.1665389438247681,True,REGULAR,USD,2026-06-15,7406.47998046875,0.0362799978256225,call,0.991024078827721,0.0191780821917808,110.25
SPXW260615C07345000,2026-06-08 15:26:40+00:00,7345.0,124.79,108.3,108.7,9.020004,7.791314,10.0,10.0,0.1700865768051147,True,REGULAR,USD,2026-06-15,7406.47998046875,0.0362799978256225,call,0.9916991633500832,0.0191780821917808,108.5
SPXW260615C07350000,2026-06-08 17:35:06+00:00,7350.0,117.72,102.6,102.9,11.410004,10.732766,30.0,264.0,0.1635787683486939,True,REGULAR,USD,2026-06-15,7406.47998046875,0.0362799978256225,call,0.9923742478724454,0.0191780821917808,102.75
SPXW260615C07355000,2026-06-08 16:59:59+00:00,7355.0,115.7,101.6,101.9,4.25,3.8133693,11.0,4.0,0.16851493724823,True,REGULAR,USD,2026-06-15,7406.47998046875,0.0362799978256225,call,0.9930493323948076,0.0191780821917808,101.75
SPXW260615C07360000,2026-06-08 16:13:41+00:00,7360.0,119.95,97.5,97.9,7.75,6.9073086,11.0,89.0,0.1661422192764282,True,REGULAR,USD,2026-06-15,7406.47998046875,0.0362799978256225,call,0.9937244169171698,0.0191780821917808,97.7
SPXW260615C07365000,2026-06-05 18:51:06+00:00,7365.0,106.9,93.9,94.3,0.0,0.0,73.0,72.0,0.1646163556289673,True,REGULAR,USD,2026-06-15,7406.47998046875,0.0362799978256225,call,0.994399501439532,0.0191780821917808,94.1
SPXW260615C07370000,2026-06-08 13:38:15+00:00,7370.0,120.46,87.6,88.0,22.54,23.018791,22.0,105.0,0.1566627913665771,True,REGULAR,USD,2026-06-15,7406.47998046875,0.0362799978256225,call,0.9950745859618942,0.0191780821917808,87.8
SPXW260615C07375000,2026-06-08 16:15:42+00:00,7375.0,111.76,87.5,88.0,12.630005,12.74085,14.0,223.0,0.1633384448242187,True,REGULAR,USD,2026-06-15,7406.47998046875,0.0362799978256225,call,0.9957496704842564,0.0191780821917808,87.75
SPXW260615C07380000,2026-06-08 14:01:03+00:00,7380.0,119.19,83.9,84.2,6.720001,5.974928,33.0,22.0,0.1610115027618408,True,REGULAR,USD,2026-06-15,7406.47998046875,0.0362799978256225,call,0.9964247550066186,0.0191780821917808,84.05000000000001
SPXW260615C07385000,2026-06-08 18:05:52+00:00,7385.0,92.34,78.6,78.9,8.339996,9.928567,46.0,52.0,0.1551140397644043,True,REGULAR,USD,2026-06-15,7406.47998046875,0.0362799978256225,call,0.9970998395289808,0.0191780821917808,78.75
SPXW260615C07390000,2026-06-08 18:49:59+00:00,7390.0,84.2,75.5,75.8,15.199997,22.028982,21.0,56.0,0.1541870775985718,True,REGULAR,USD,2026-06-15,7406.47998046875,0.0362799978256225,call,0.997774924051343,0.0191780821917808,75.65
SPXW260615C07395000,2026-06-08 16:34:48+00:00,7395.0,80.67,72.3,72.6,1.2699966,1.599492,20.0,17.0,0.152901537475586,True,REGULAR,USD,2026-06-15,7406.47998046875,0.0362799978256225,call,0.9984500085737052,0.0191780821917808,72.44999999999999
SPXW260615C07400000,2026-06-08 19:09:46+00:00,7400.0,74.0,68.4,68.7,-1.25,-1.6611296,72.0,651.0,0.1498841421127319,True,REGULAR,USD,2026-06-15,7406.47998046875,0.0362799978256225,call,0.9991250930960676,0.0191780821917808,68.55000000000001
SPXW260615C07405000,2026-06-08 18:50:58+00:00,7405.0,74.4,65.4,65.8,3.459999,4.87736,15.0,60.0,0.1490220291519165,True,REGULAR,USD,2026-06-15,7406.47998046875,0.0362799978256225,call,0.9998001776184297,0.0191780821917808,65.6
SPXW260615C07410000,2026-06-08 19:13:04+00:00,7410.0,64.0,62.5,62.8,2.9799995,4.8836436,46.0,104.0,0.1477937089157104,False,REGULAR,USD,2026-06-15,7406.47998046875,0.0362799978256225,call,1.000475262140792,0.0191780821917808,62.65
SPXW260615C07415000,2026-06-08 19:14:04+00:00,7415.0,62.2,61.8,62.1,-15.02,-19.450918,73.0,6.0,0.1516884758758545,False,REGULAR,USD,2026-06-15,7406.47998046875,0.0362799978256225,call,1.0011503466631542,0.0191780821917808,61.95
SPXW260615C07420000,2026-06-08 19:08:27+00:00,7420.0,62.58,57.5,57.8,9.380001,17.63158,44.0,117.0,0.1472024367523193,False,REGULAR,USD,2026-06-15,7406.47998046875,0.0362799978256225,call,1.0018254311855164,0.0191780821917808,57.65
SPXW260615C07425000,2026-06-08 19:14:30+00:00,7425.0,55.4,54.3,54.6,2.6200027,4.964007,257.0,504.0,0.1450814862823486,False,REGULAR,USD,2026-06-15,7406.47998046875,0.0362799978256225,call,1.0025005157078786,0.0191780821917808,54.45
SPXW260615C07430000,2026-06-08 19:02:55+00:00,7430.0,59.0,53.4,53.7,5.669998,10.63191,215.0,87.0,0.1481103256225586,False,REGULAR,USD,2026-06-15,7406.47998046875,0.0362799978256225,call,1.0031756002302408,0.0191780821917808,53.55
SPXW260615C07435000,2026-06-08 19:10:06+00:00,7435.0,51.99,49.3,49.6,5.0,10.640561,96.0,16.0,0.1436090278625488,False,REGULAR,USD,2026-06-15,7406.47998046875,0.0362799978256225,call,1.003850684752603,0.0191780821917808,49.45
SPXW260615C07440000,2026-06-08 19:12:25+00:00,7440.0,47.5,47.9,48.2,-13.200001,-21.746296,227.0,163.0,0.1452111846923828,False,REGULAR,USD,2026-06-15,7406.47998046875,0.0362799978256225,call,1.0045257692749652,0.0191780821917808,48.05
SPXW260615C07445000,2026-06-08 19:10:54+00:00,7445.0,45.51,45.9,46.2,-10.100002,-18.162205,75.0,13.0,0.1452798485565185,False,REGULAR,USD,2026-06-15,7406.47998046875,0.0362799978256225,call,1.0052008537973274,0.0191780821917808,46.05
SPXW260615C07450000,2026-06-08 19:12:11+00:00,7450.0,42.5,43.4,43.7,-1.4500008,-3.2992053,865.0,630.0,0.1440248257064819,False,REGULAR,USD,2026-06-15,7406.47998046875,0.0362799978256225,call,1.0058759383196896,0.0191780821917808,43.55
SPXW260615C07455000,2026-06-08 19:10:06+00:00,7455.0,41.96,39.9,40.2,-7.34,-14.888438,98.0,62.0,0.1402101665878296,False,REGULAR,USD,2026-06-15,7406.47998046875,0.0362799978256225,call,1.0065510228420518,0.0191780821917808,40.05
SPXW260615C07460000,2026-06-08 19:11:29+00:00,7460.0,39.0,38.9,39.2,-11.689999,-23.061747,80.0,165.0,0.1422166772842407,False,REGULAR,USD,2026-06-15,7406.47998046875,0.0362799978256225,call,1.007226107364414,0.0191780821917808,39.05
SPXW260615C07465000,2026-06-08 18:51:01+00:00,7465.0,41.2,35.3,35.6,-5.5999985,-11.96581,116.0,60.0,0.1377535261154174,False,REGULAR,USD,2026-06-15,7406.47998046875,0.0362799978256225,call,1.0079011918867762,0.0191780821917808,35.45
SPXW260615C07470000,2026-06-08 18:50:59+00:00,7470.0,38.9,34.3,34.5,-5.75,-12.877939,70.0,133.0,0.1392374285125732,False,REGULAR,USD,2026-06-15,7406.47998046875,0.0362799978256225,call,1.0085762764091384,0.0191780821917808,34.4
SPXW260615C07475000,2026-06-08 19:11:29+00:00,7475.0,32.55,32.2,32.4,-1.2200012,-3.6126776,167.0,288.0,0.1380930307769775,False,REGULAR,USD,2026-06-15,7406.47998046875,0.0362799978256225,call,1.0092513609315006,0.0191780821917808,32.3
SPXW260615C07480000,2026-06-08 19:05:19+00:00,7480.0,34.53,30.4,30.6,2.459999,7.6707177,110.0,54.0,0.1375322758865356,False,REGULAR,USD,2026-06-15,7406.47998046875,0.0362799978256225,call,1.0099264454538628,0.0191780821917808,30.5
SPXW260615C07485000,2026-06-08 18:50:59+00:00,7485.0,32.4,28.4,28.7,-1.4300003,-4.227018,56.0,11.0,0.136540464515686,False,REGULAR,USD,2026-06-15,7406.47998046875,0.0362799978256225,call,1.010601529976225,0.0191780821917808,28.55
SPXW260615C07490000,2026-06-08 19:12:04+00:00,7490.0,25.95,26.5,26.7,-1.789999,-6.4527726,111.0,182.0,0.1350947087097168,False,REGULAR,USD,2026-06-15,7406.47998046875,0.0362799978256225,call,1.0112766144985872,0.0191780821917808,26.6
SPXW260615C07495000,2026-06-08 19:05:13+00:00,7495.0,28.44,24.0,24.3,2.25,8.591065,62.0,35.0,0.1323405248260498,False,REGULAR,USD,2026-06-15,7406.47998046875,0.0362799978256225,call,1.0119516990209494,0.0191780821917808,24.15
SPXW260615C07500000,2026-06-08 19:13:28+00:00,7500.0,23.27,23.2,23.4,-0.5299988,-2.2268858,431.0,1763.0,0.1334925518798828,False,REGULAR,USD,2026-06-15,7406.47998046875,0.0362799978256225,call,1.0126267835433116,0.0191780821917808,23.3
SPXW260615C07505000,2026-06-08 19:03:21+00:00,7505.0,25.08,20.8,21.1,2.9099998,13.125846,94.0,206.0,0.1305476350402831,False,REGULAR,USD,2026-06-15,7406.47998046875,0.0362799978256225,call,1.0133018680656738,0.0191780821917808,20.950000000000003
SPXW260615C07510000,2026-06-08 19:07:16+00:00,7510.0,22.6,20.1,20.3,-0.8299999,-3.5424666,117.0,198.0,0.1316920327758789,False,REGULAR,USD,2026-06-15,7406.47998046875,0.0362799978256225,call,1.013976952588036,0.0191780821917808,20.200000000000003
SPXW260615C07515000,2026-06-08 18:50:59+00:00,7515.0,21.6,17.5,17.7,-4.25,-16.441006,231.0,52.0,0.1272899161529541,False,REGULAR,USD,2026-06-15,7406.47998046875,0.0362799978256225,call,1.0146520371103982,0.0191780821917808,17.6
SPXW260615C07520000,2026-06-08 19:12:37+00:00,7520.0,17.2,17.2,17.4,-2.6999989,-13.567833,206.0,215.0,0.1296626341247558,False,REGULAR,USD,2026-06-15,7406.47998046875,0.0362799978256225,call,1.0153271216327604,0.0191780821917808,17.299999999999997
SPXW260615C07525000,2026-06-08 19:05:00+00:00,7525.0,18.69,15.8,16.0,-1.0599995,-5.367086,487.0,1430.0,0.1284724604797363,False,REGULAR,USD,2026-06-15,7406.47998046875,0.0362799978256225,call,1.0160022061551226,0.0191780821917808,15.9
SPXW260615C07530000,2026-06-08 19:12:47+00:00,7530.0,14.3,14.8,15.0,-9.099999,-38.888885,166.0,187.0,0.1283732793426513,False,REGULAR,USD,2026-06-15,7406.47998046875,0.0362799978256225,call,1.0166772906774848,0.0191780821917808,14.9
SPXW260615C07535000,2026-06-08 19:09:54+00:00,7535.0,14.6,13.5,13.7,-6.619999,-31.19698,116.0,68.0,0.1270762952423095,False,REGULAR,USD,2026-06-15,7406.47998046875,0.0362799978256225,call,1.017352375199847,0.0191780821917808,13.6
SPXW260615C07540000,2026-06-08 19:03:30+00:00,7540.0,14.69,12.3,12.5,-4.410001,-23.08901,158.0,198.0,0.1258708629608154,False,REGULAR,USD,2026-06-15,7406.47998046875,0.0362799978256225,call,1.0180274597222092,0.0191780821917808,12.4
SPXW260615C07545000,2026-06-08 19:12:47+00:00,7545.0,11.1,11.3,11.6,-5.1000004,-31.481482,206.0,106.0,0.1255275436401367,False,REGULAR,USD,2026-06-15,7406.47998046875,0.0362799978256225,call,1.0187025442445716,0.0191780821917808,11.45
SPXW260615C07550000,2026-06-08 19:14:52+00:00,7550.0,9.9,9.7,9.9,-8.300001,-45.6044,1534.0,1904.0,0.1218502122497558,False,REGULAR,USD,2026-06-15,7406.47998046875,0.0362799978256225,call,1.0193776287669338,0.0191780821917808,9.8
SPXW260615C07555000,2026-06-08 19:13:18+00:00,7555.0,9.7,9.4,9.6,-2.8000002,-22.400002,246.0,51.0,0.1234371104431152,False,REGULAR,USD,2026-06-15,7406.47998046875,0.0362799978256225,call,1.020052713289296,0.0191780821917808,9.5
SPXW260615C07560000,2026-06-08 19:12:43+00:00,7560.0,8.6,8.6,8.8,-6.5,-43.046356,167.0,212.0,0.1228496529388427,False,REGULAR,USD,2026-06-15,7406.47998046875,0.0362799978256225,call,1.0207277978116582,0.0191780821917808,8.7
SPXW260615C07565000,2026-06-08 18:59:05+00:00,7565.0,9.3,7.9,8.1,-4.5999994,-33.09352,93.0,150.0,0.1224834456634521,False,REGULAR,USD,2026-06-15,7406.47998046875,0.0362799978256225,call,1.0214028823340204,0.0191780821917808,8.0
SPXW260615C07570000,2026-06-08 19:10:13+00:00,7570.0,7.3,7.2,7.4,-5.75,-44.061302,1447.0,219.0,0.1219112467956543,False,REGULAR,USD,2026-06-15,7406.47998046875,0.0362799978256225,call,1.0220779668563826,0.0191780821917808,7.300000000000001
SPXW260615C07575000,2026-06-08 19:06:58+00:00,7575.0,7.6,6.0,6.2,-2.1399999,-21.971252,725.0,675.0,0.1185772347259521,False,REGULAR,USD,2026-06-15,7406.47998046875,0.0362799978256225,call,1.0227530513787448,0.0191780821917808,6.1
SPXW260615C07580000,2026-06-08 19:10:13+00:00,7580.0,6.0,5.7,5.9,-2.83,-32.04983,1194.0,383.0,0.1195156408691406,False,REGULAR,USD,2026-06-15,7406.47998046875,0.0362799978256225,call,1.023428135901107,0.0191780821917808,5.800000000000001
SPXW260615C07585000,2026-06-08 19:09:54+00:00,7585.0,5.9,5.3,5.4,-5.7000003,-49.137928,89.0,182.0,0.1192486147308349,False,REGULAR,USD,2026-06-15,7406.47998046875,0.0362799978256225,call,1.0241032204234692,0.0191780821917808,5.35
SPXW260615C07590000,2026-06-08 19:11:00+00:00,7590.0,4.81,4.7,4.9,-7.1,-59.61377,176.0,136.0,0.1187679676818847,False,REGULAR,USD,2026-06-15,7406.47998046875,0.0362799978256225,call,1.0247783049458314,0.0191780821917808,4.800000000000001
SPXW260615C07595000,2026-06-08 18:51:01+00:00,7595.0,5.3,4.2,4.4,-1.75,-24.822695,130.0,247.0,0.1180660704040527,False,REGULAR,USD,2026-06-15,7406.47998046875,0.0362799978256225,call,1.0254533894681936,0.0191780821917808,4.300000000000001
SPXW260615C07600000,2026-06-08 19:13:38+00:00,7600.0,4.0,3.6,3.8,-1.8000002,-31.034485,3080.0,1492.0,0.1164028790283203,False,REGULAR,USD,2026-06-15,7406.47998046875,0.0362799978256225,call,1.0261284739905558,0.0191780821917808,3.7
SPXW260615C07605000,2026-06-08 19:11:39+00:00,7605.0,3.56,3.4,3.7,-3.94,-52.533333,2210.0,266.0,0.117974518585205,False,REGULAR,USD,2026-06-15,7406.47998046875,0.0362799978256225,call,1.026803558512918,0.0191780821917808,3.55
SPXW260615C07610000,2026-06-08 19:12:10+00:00,7610.0,3.1,3.1,3.3,-3.63,-53.93759,207.0,135.0,0.1172573626708984,False,REGULAR,USD,2026-06-15,7406.47998046875,0.0362799978256225,call,1.0274786430352802,0.0191780821917808,3.2
SPXW260615C07615000,2026-06-08 18:58:51+00:00,7615.0,3.3,2.6,2.75,-1.7700002,-34.911243,353.0,159.0,0.1149990844726562,False,REGULAR,USD,2026-06-15,7406.47998046875,0.0362799978256225,call,1.0281537275576424,0.0191780821917808,2.675
SPXW260615C07620000,2026-06-08 19:10:22+00:00,7620.0,2.6,2.45,2.6,-2.3000002,-46.938778,242.0,152.0,0.1158230508422851,False,REGULAR,USD,2026-06-15,7406.47998046875,0.0362799978256225,call,1.0288288120800049,0.0191780821917808,2.5250000000000004
SPXW260615C07625000,2026-06-08 19:10:25+00:00,7625.0,2.26,2.1,2.2,-1.3399999,-37.222218,183.0,591.0,0.1141751181030273,False,REGULAR,USD,2026-06-15,7406.47998046875,0.0362799978256225,call,1.0295038966023669,0.0191780821917808,2.1500000000000004
SPXW260615C07630000,2026-06-08 18:58:53+00:00,7630.0,2.2,1.95,2.05,-2.72,-55.284554,149.0,197.0,0.114693911743164,False,REGULAR,USD,2026-06-15,7406.47998046875,0.0362799978256225,call,1.030178981124729,0.0191780821917808,2.0
SPXW260615C07635000,2026-06-08 18:58:51+00:00,7635.0,2.05,1.7,1.85,-2.3999999,-53.932583,77.0,89.0,0.1145565840148926,False,REGULAR,USD,2026-06-15,7406.47998046875,0.0362799978256225,call,1.0308540656470913,0.0191780821917808,1.775
SPXW260615C07640000,2026-06-08 19:05:00+00:00,7640.0,1.95,1.45,1.55,-1.1699998,-37.499996,92.0,160.0,0.1129849444580078,False,REGULAR,USD,2026-06-15,7406.47998046875,0.0362799978256225,call,1.0315291501694537,0.0191780821917808,1.5
SPXW260615C07645000,2026-06-08 19:12:07+00:00,7645.0,1.4,1.3,1.4,-1.42,-50.35461,62.0,67.0,0.1129544271850586,False,REGULAR,USD,2026-06-15,7406.47998046875,0.0362799978256225,call,1.0322042346918157,0.0191780821917808,1.35
SPXW260615C07650000,2026-06-08 19:11:01+00:00,7650.0,1.3,1.2,1.3,-2.0800002,-61.538464,564.0,789.0,0.1134732208251953,False,REGULAR,USD,2026-06-15,7406.47998046875,0.0362799978256225,call,1.032879319214178,0.0191780821917808,1.25
SPXW260615C07655000,2026-06-08 18:58:53+00:00,7655.0,1.25,1.1,1.2,-2.45,-66.21622,160.0,61.0,0.1138699453735351,False,REGULAR,USD,2026-06-15,7406.47998046875,0.0362799978256225,call,1.03355440373654,0.0191780821917808,1.15
SPXW260615C07660000,2026-06-08 19:10:12+00:00,7660.0,1.0,0.9,1.0,-1.29,-56.33188,96.0,113.0,0.112466150817871,False,REGULAR,USD,2026-06-15,7406.47998046875,0.0362799978256225,call,1.0342294882589025,0.0191780821917808,0.95
SPXW260615C07665000,2026-06-08 18:59:34+00:00,7665.0,1.0,0.8,0.95,-1.0,-50.0,95.0,88.0,0.1134121862792968,False,REGULAR,USD,2026-06-15,7406.47998046875,0.0362799978256225,call,1.0349045727812645,0.0191780821917808,0.875
SPXW260615C07670000,2026-06-08 19:10:06+00:00,7670.0,0.8,0.7,0.85,-1.25,-60.975613,114.0,200.0,0.1133206344604492,False,REGULAR,USD,2026-06-15,7406.47998046875,0.0362799978256225,call,1.0355796573036269,0.0191780821917808,0.7749999999999999
SPXW260615C07675000,2026-06-08 19:10:12+00:00,7675.0,0.7,0.65,0.75,-1.0699999,-60.451973,350.0,424.0,0.113015461730957,False,REGULAR,USD,2026-06-15,7406.47998046875,0.0362799978256225,call,1.0362547418259889,0.0191780821917808,0.7
SPXW260615C07680000,2026-06-08 19:10:13+00:00,7680.0,0.6,0.55,0.65,-0.9499999,-61.29032,159.0,149.0,0.1124966680908203,False,REGULAR,USD,2026-06-15,7406.47998046875,0.0362799978256225,call,1.036929826348351,0.0191780821917808,0.6000000000000001
SPXW260615C07685000,2026-06-08 18:58:52+00:00,7685.0,0.6,0.5,0.65,-1.15,-65.71429,72.0,32.0,0.1142056353759765,False,REGULAR,USD,2026-06-15,7406.47998046875,0.0362799978256225,call,1.0376049108707133,0.0191780821917808,0.575
SPXW260615C07690000,2026-06-08 18:58:48+00:00,7690.0,0.55,0.5,0.55,-1.1199999,-67.065865,85.0,98.0,0.1133206344604492,False,REGULAR,USD,2026-06-15,7406.47998046875,0.0362799978256225,call,1.0382799953930757,0.0191780821917808,0.525
SPXW260615C07695000,2026-06-08 19:10:22+00:00,7695.0,0.45,0.4,0.5,-1.1300001,-71.51899,82.0,88.0,0.1135952899169921,False,REGULAR,USD,2026-06-15,7406.47998046875,0.0362799978256225,call,1.0389550799154377,0.0191780821917808,0.45
SPXW260615C07710000,2026-06-08 19:10:23+00:00,7710.0,0.3,0.3,0.35,-0.77000004,-71.96262,171.0,228.0,0.1133511517333984,False,REGULAR,USD,2026-06-15,7406.47998046875,0.0362799978256225,call,1.0409803334825245,0.0191780821917808,0.3249999999999999
SPXW260615C07725000,2026-06-08 19:10:08+00:00,7725.0,0.25,0.2,0.25,-0.36,-59.01639,129.0,320.0,0.1135342553710937,False,REGULAR,USD,2026-06-15,7406.47998046875,0.0362799978256225,call,1.043005587049611,0.0191780821917808,0.225
SPXW260615C07735000,2026-06-08 19:10:22+00:00,7735.0,0.2,0.2,0.25,-0.43,-68.25397,80.0,72.0,0.116647017211914,False,REGULAR,USD,2026-06-15,7406.47998046875,0.0362799978256225,call,1.0443557560943355,0.0191780821917808,0.225
SPXW260615C07745000,2026-06-08 18:40:38+00:00,7745.0,0.29,0.15,0.2,-0.22,-43.137257,75.0,65.0,0.1168301208496093,False,REGULAR,USD,2026-06-15,7406.47998046875,0.0362799978256225,call,1.04570592513906,0.0191780821917808,0.175
SPXW260615C07760000,2026-06-08 19:10:13+00:00,7760.0,0.15,0.15,0.2,-0.15,-50.0,118.0,408.0,0.1212246081542968,False,REGULAR,USD,2026-06-15,7406.47998046875,0.0362799978256225,call,1.0477311787061463,0.0191780821917808,0.175
SPXW260615C07770000,2026-06-08 19:10:03+00:00,7770.0,0.15,0.15,0.2,-0.15,-50.0,56.0,94.0,0.1242763354492187,False,REGULAR,USD,2026-06-15,7406.47998046875,0.0362799978256225,call,1.049081347750871,0.0191780821917808,0.175
SPXW260616C07340000,2026-06-03 13:57:17+00:00,7340.0,258.87,117.4,118.0,0.0,0.0,2.0,5.0,0.1744810641098022,True,REGULAR,USD,2026-06-16,7406.47998046875,0.0362799978256225,call,0.991024078827721,0.021917808219178,117.7
SPXW260616C07350000,2026-06-08 17:36:09+00:00,7350.0,116.7,107.2,109.3,-25.809998,-18.11101,16.0,142.0,0.1687094848632813,True,REGULAR,USD,2026-06-16,7406.47998046875,0.0362799978256225,call,0.9923742478724454,0.021917808219178,108.25
SPXW260616C07360000,2026-06-04 16:29:00+00:00,7360.0,239.87,103.2,103.8,0.0,0.0,1.0,14.0,0.1697814040756226,True,REGULAR,USD,2026-06-16,7406.47998046875,0.0362799978256225,call,0.9937244169171698,0.021917808219178,103.5
SPXW260616C07365000,2026-06-05 19:57:30+00:00,7365.0,107.3,96.6,97.0,0.0,0.0,10.0,10.0,0.1611869770812988,True,REGULAR,USD,2026-06-16,7406.47998046875,0.0362799978256225,call,0.994399501439532,0.021917808219178,96.8
SPXW260616C07370000,2026-06-05 14:40:54+00:00,7370.0,172.7,94.7,95.2,0.0,0.0,2.0,24.0,0.1635749536895752,True,REGULAR,USD,2026-06-16,7406.47998046875,0.0362799978256225,call,0.9950745859618942,0.021917808219178,94.95
SPXW260616C07375000,2026-06-08 17:35:41+00:00,7375.0,100.7,90.6,91.0,-125.16,-55.41486,16.0,64.0,0.1605690023040771,True,REGULAR,USD,2026-06-16,7406.47998046875,0.0362799978256225,call,0.9957496704842564,0.021917808219178,90.8
SPXW260616C07380000,2026-06-08 16:13:41+00:00,7380.0,110.4,87.1,87.6,-115.85999,-51.206573,3.0,102.0,0.1592186129760742,True,REGULAR,USD,2026-06-16,7406.47998046875,0.0362799978256225,call,0.9964247550066186,0.021917808219178,87.35
SPXW260616C07385000,2026-06-05 19:15:36+00:00,7385.0,87.1,83.4,83.8,0.0,0.0,4.0,2.0,0.1568954855728149,True,REGULAR,USD,2026-06-16,7406.47998046875,0.0362799978256225,call,0.9970998395289808,0.021917808219178,83.6
SPXW260616C07390000,2026-06-08 15:54:21+00:00,7390.0,108.12,82.8,83.3,19.120003,21.483149,1.0,69.0,0.1616180335617065,True,REGULAR,USD,2026-06-16,7406.47998046875,0.0362799978256225,call,0.997774924051343,0.021917808219178,83.05
SPXW260616C07395000,2026-06-05 19:52:26+00:00,7395.0,90.47,77.2,77.6,0.0,0.0,15.0,25.0,0.1549652680587768,True,REGULAR,USD,2026-06-16,7406.47998046875,0.0362799978256225,call,0.9984500085737052,0.021917808219178,77.4
SPXW260616C07400000,2026-06-08 18:47:18+00:00,7400.0,84.63,76.8,77.2,-2.75,-3.1471734,61.0,287.0,0.1596496694564819,True,REGULAR,USD,2026-06-16,7406.47998046875,0.0362799978256225,call,0.9991250930960676,0.021917808219178,77.0
SPXW260616C07405000,2026-06-08 15:28:44+00:00,7405.0,100.87,71.2,71.6,-114.829994,-53.235973,3.0,1.0,0.1530007186126709,True,REGULAR,USD,2026-06-16,7406.47998046875,0.0362799978256225,call,0.9998001776184297,0.021917808219178,71.4
SPXW260616C07410000,2026-06-08 18:18:28+00:00,7410.0,80.25,70.4,71.0,12.849998,19.065279,14.0,95.0,0.1570137400054932,False,REGULAR,USD,2026-06-16,7406.47998046875,0.0362799978256225,call,1.000475262140792,0.021917808219178,70.7
SPXW260616C07415000,2026-06-08 18:18:28+00:00,7415.0,77.1,67.6,68.1,0.0,0.0,1.0,6.0,0.1559532647705078,False,REGULAR,USD,2026-06-16,7406.47998046875,0.0362799978256225,call,1.0011503466631542,0.021917808219178,67.85
SPXW260616C07420000,2026-06-08 19:13:58+00:00,7420.0,65.4,62.8,63.2,-8.400002,-11.382115,23.0,126.0,0.1504487116622925,False,REGULAR,USD,2026-06-16,7406.47998046875,0.0362799978256225,call,1.0018254311855164,0.021917808219178,63.0
SPXW260616C07425000,2026-06-08 18:49:00+00:00,7425.0,69.7,61.8,62.4,5.239998,8.129068,109.0,69.0,0.1536759132766724,False,REGULAR,USD,2026-06-16,7406.47998046875,0.0362799978256225,call,1.0025005157078786,0.021917808219178,62.1
SPXW260616C07430000,2026-06-08 19:05:11+00:00,7430.0,64.92,56.8,57.4,-5.3499985,-7.6134896,49.0,90.0,0.1476830838012695,False,REGULAR,USD,2026-06-16,7406.47998046875,0.0362799978256225,call,1.0031756002302408,0.021917808219178,57.1
SPXW260616C07435000,2026-06-08 19:05:11+00:00,7435.0,62.02,54.4,54.8,6.66,12.030347,21.0,5.0,0.1467523069763183,False,REGULAR,USD,2026-06-16,7406.47998046875,0.0362799978256225,call,1.003850684752603,0.021917808219178,54.6
SPXW260616C07440000,2026-06-08 17:25:02+00:00,7440.0,57.45,51.7,52.2,8.950001,18.45361,17.0,47.0,0.1456880170822143,False,REGULAR,USD,2026-06-16,7406.47998046875,0.0362799978256225,call,1.0045257692749652,0.021917808219178,51.95
SPXW260616C07445000,2026-06-08 18:35:03+00:00,7445.0,60.2,49.8,50.4,9.41,18.52727,10.0,6.0,0.1462525866317748,False,REGULAR,USD,2026-06-16,7406.47998046875,0.0362799978256225,call,1.0052008537973274,0.021917808219178,50.1
SPXW260616C07450000,2026-06-08 19:08:54+00:00,7450.0,51.6,48.0,48.6,-5.800003,-10.104535,148.0,491.0,0.1466950870895385,False,REGULAR,USD,2026-06-16,7406.47998046875,0.0362799978256225,call,1.0058759383196896,0.021917808219178,48.3
SPXW260616C07455000,2026-06-08 18:27:53+00:00,7455.0,54.05,46.2,46.6,-22.55,-29.438643,8.0,11.0,0.1465730179977417,False,REGULAR,USD,2026-06-16,7406.47998046875,0.0362799978256225,call,1.0065510228420518,0.021917808219178,46.400000000000006
SPXW260616C07460000,2026-06-08 19:08:54+00:00,7460.0,46.65,43.8,44.2,-6.1499977,-11.647723,27.0,69.0,0.14541717628479,False,REGULAR,USD,2026-06-16,7406.47998046875,0.0362799978256225,call,1.007226107364414,0.021917808219178,44.0
SPXW260616C07465000,2026-06-08 17:54:26+00:00,7465.0,48.3,41.4,41.9,-26.8,-35.685753,69.0,8.0,0.1443452570724487,False,REGULAR,USD,2026-06-16,7406.47998046875,0.0362799978256225,call,1.0079011918867762,0.021917808219178,41.65
SPXW260616C07470000,2026-06-08 19:08:23+00:00,7470.0,42.37,37.6,38.0,-31.98,-43.01278,23.0,34.0,0.1394205321502686,False,REGULAR,USD,2026-06-16,7406.47998046875,0.0362799978256225,call,1.0085762764091384,0.021917808219178,37.8
SPXW260616C07475000,2026-06-08 18:40:43+00:00,7475.0,41.0,36.6,37.0,-6.0,-12.765958,53.0,53.0,0.1410379476165771,False,REGULAR,USD,2026-06-16,7406.47998046875,0.0362799978256225,call,1.0092513609315006,0.021917808219178,36.8
SPXW260616C07480000,2026-06-08 18:02:50+00:00,7480.0,40.95,35.1,35.5,-5.0999985,-11.074916,38.0,20.0,0.1413812669372559,False,REGULAR,USD,2026-06-16,7406.47998046875,0.0362799978256225,call,1.0099264454538628,0.021917808219178,35.3
SPXW260616C07485000,2026-06-08 15:39:30+00:00,7485.0,48.36,32.0,32.4,-18.64,-27.820896,6.0,3.0,0.1377458967971802,False,REGULAR,USD,2026-06-16,7406.47998046875,0.0362799978256225,call,1.010601529976225,0.021917808219178,32.2
SPXW260616C07490000,2026-06-08 18:33:31+00:00,7490.0,39.23,29.6,30.0,-0.5699997,-1.43216,16.0,26.0,0.1355715410995484,False,REGULAR,USD,2026-06-16,7406.47998046875,0.0362799978256225,call,1.0112766144985872,0.021917808219178,29.8
SPXW260616C07495000,2026-06-08 16:51:51+00:00,7495.0,35.6,27.9,28.3,-0.3500023,-0.9735808,2.0,3.0,0.134938307685852,False,REGULAR,USD,2026-06-16,7406.47998046875,0.0362799978256225,call,1.0119516990209494,0.021917808219178,28.1
SPXW260616C07500000,2026-06-08 18:43:04+00:00,7500.0,31.5,26.1,26.5,3.9400005,14.296083,108.0,448.0,0.1338892764282226,False,REGULAR,USD,2026-06-16,7406.47998046875,0.0362799978256225,call,1.0126267835433116,0.021917808219178,26.3
SPXW260616C07505000,2026-06-08 19:12:12+00:00,7505.0,25.24,25.0,25.3,-10.300001,-28.981432,2.0,16.0,0.1342325957489013,False,REGULAR,USD,2026-06-16,7406.47998046875,0.0362799978256225,call,1.0133018680656738,0.021917808219178,25.15
SPXW260616C07510000,2026-06-08 19:00:13+00:00,7510.0,27.04,24.0,24.3,-5.1499977,-15.998751,32.0,127.0,0.1349802689361572,False,REGULAR,USD,2026-06-16,7406.47998046875,0.0362799978256225,call,1.013976952588036,0.021917808219178,24.15
SPXW260616C07515000,2026-06-08 16:59:29+00:00,7515.0,28.87,22.4,22.7,-3.9400005,-12.008535,2.0,55.0,0.1339960868835449,False,REGULAR,USD,2026-06-16,7406.47998046875,0.0362799978256225,call,1.0146520371103982,0.021917808219178,22.55
SPXW260616C07520000,2026-06-08 16:23:26+00:00,7520.0,31.38,19.8,20.2,2.58,8.958334,13.0,97.0,0.1302958675384521,False,REGULAR,USD,2026-06-16,7406.47998046875,0.0362799978256225,call,1.0153271216327604,0.021917808219178,20.0
SPXW260616C07525000,2026-06-08 19:00:48+00:00,7525.0,22.52,19.4,19.7,-4.199999,-15.718558,18.0,145.0,0.1320277227783203,False,REGULAR,USD,2026-06-16,7406.47998046875,0.0362799978256225,call,1.0160022061551226,0.021917808219178,19.55
SPXW260616C07530000,2026-06-08 19:12:12+00:00,7530.0,17.85,17.0,17.5,-3.1499996,-14.999998,73.0,77.0,0.1286708227539062,False,REGULAR,USD,2026-06-16,7406.47998046875,0.0362799978256225,call,1.0166772906774848,0.021917808219178,17.25
SPXW260616C07535000,2026-06-08 18:06:24+00:00,7535.0,22.0,16.0,16.3,-10.799999,-32.926826,16.0,11.0,0.1280337746810912,False,REGULAR,USD,2026-06-16,7406.47998046875,0.0362799978256225,call,1.017352375199847,0.021917808219178,16.15
SPXW260616C07540000,2026-06-08 17:09:29+00:00,7540.0,17.51,15.6,15.9,-5.8500004,-25.04281,10.0,116.0,0.1297465566253662,False,REGULAR,USD,2026-06-16,7406.47998046875,0.0362799978256225,call,1.0180274597222092,0.021917808219178,15.75
SPXW260616C07545000,2026-06-08 16:32:42+00:00,7545.0,21.2,14.1,14.4,-2.1999989,-9.401705,4.0,24.0,0.12783922706604,False,REGULAR,USD,2026-06-16,7406.47998046875,0.0362799978256225,call,1.0187025442445716,0.021917808219178,14.25
SPXW260616C07550000,2026-06-08 18:36:52+00:00,7550.0,17.15,13.0,13.3,1.8399992,12.018284,82.0,248.0,0.1270038167190552,False,REGULAR,USD,2026-06-16,7406.47998046875,0.0362799978256225,call,1.0193776287669338,0.021917808219178,13.15
SPXW260616C07555000,2026-06-08 17:15:02+00:00,7555.0,15.32,12.1,12.4,-2.0500011,-11.801964,3.0,107.0,0.1266719413757324,False,REGULAR,USD,2026-06-16,7406.47998046875,0.0362799978256225,call,1.020052713289296,0.021917808219178,12.25
SPXW260616C07560000,2026-06-08 18:54:48+00:00,7560.0,13.8,11.4,11.6,-4.4800005,-24.507662,75.0,167.0,0.1265269843292236,False,REGULAR,USD,2026-06-16,7406.47998046875,0.0362799978256225,call,1.0207277978116582,0.021917808219178,11.5
SPXW260616C07565000,2026-06-08 17:05:04+00:00,7565.0,12.78,10.5,10.7,-1.8200006,-12.465757,11.0,41.0,0.1258556043243408,False,REGULAR,USD,2026-06-16,7406.47998046875,0.0362799978256225,call,1.0214028823340204,0.021917808219178,10.6
SPXW260616C07570000,2026-06-08 19:03:54+00:00,7570.0,11.45,9.4,9.7,-3.25,-22.108845,62.0,99.0,0.1245815081787109,False,REGULAR,USD,2026-06-16,7406.47998046875,0.0362799978256225,call,1.0220779668563826,0.021917808219178,9.55
SPXW260616C07575000,2026-06-08 19:03:54+00:00,7575.0,10.55,8.2,8.5,-4.01,-27.54121,36.0,157.0,0.1222011608886718,False,REGULAR,USD,2026-06-16,7406.47998046875,0.0362799978256225,call,1.0227530513787448,0.021917808219178,8.35
SPXW260616C07580000,2026-06-08 18:59:43+00:00,7580.0,9.5,7.9,8.1,-0.17000008,-1.7580153,59.0,97.0,0.1229717220306396,False,REGULAR,USD,2026-06-16,7406.47998046875,0.0362799978256225,call,1.023428135901107,0.021917808219178,8.0
SPXW260616C07585000,2026-06-08 18:58:51+00:00,7585.0,8.7,7.2,7.4,-1.5,-14.705883,25.0,52.0,0.1222774540710449,False,REGULAR,USD,2026-06-16,7406.47998046875,0.0362799978256225,call,1.0241032204234692,0.021917808219178,7.300000000000001
SPXW260616C07590000,2026-06-08 18:32:57+00:00,7590.0,9.39,6.5,6.7,-3.1599998,-25.179283,93.0,208.0,0.1213619358825683,False,REGULAR,USD,2026-06-16,7406.47998046875,0.0362799978256225,call,1.0247783049458314,0.021917808219178,6.6
SPXW260616C07595000,2026-06-08 19:11:12+00:00,7595.0,6.0,5.9,6.1,-4.8500004,-44.700462,9.0,80.0,0.1207134438323974,False,REGULAR,USD,2026-06-16,7406.47998046875,0.0362799978256225,call,1.0254533894681936,0.021917808219178,6.0
SPXW260616C07600000,2026-06-08 19:04:46+00:00,7600.0,6.7,5.0,5.3,-1.6999998,-20.238094,139.0,431.0,0.1187374504089355,False,REGULAR,USD,2026-06-16,7406.47998046875,0.0362799978256225,call,1.0261284739905558,0.021917808219178,5.15
SPXW260616C07605000,2026-06-08 19:11:26+00:00,7605.0,5.0,4.9,5.2,-2.2800002,-31.318682,68.0,122.0,0.1204311590576171,False,REGULAR,USD,2026-06-16,7406.47998046875,0.0362799978256225,call,1.026803558512918,0.021917808219178,5.050000000000001
SPXW260616C07610000,2026-06-08 19:11:39+00:00,7610.0,4.54,4.4,4.7,-1.56,-25.57377,62.0,85.0,0.1197445204162597,False,REGULAR,USD,2026-06-16,7406.47998046875,0.0362799978256225,call,1.0274786430352802,0.021917808219178,4.550000000000001
SPXW260616C07615000,2026-06-08 18:58:49+00:00,7615.0,4.8,4.0,4.2,-0.8699999,-15.343912,141.0,163.0,0.1187984849548339,False,REGULAR,USD,2026-06-16,7406.47998046875,0.0362799978256225,call,1.0281537275576424,0.021917808219178,4.1
SPXW260616C07620000,2026-06-08 18:58:41+00:00,7620.0,4.5,3.6,3.9,-3.1100001,-40.86728,59.0,138.0,0.1189663299560546,False,REGULAR,USD,2026-06-16,7406.47998046875,0.0362799978256225,call,1.0288288120800049,0.021917808219178,3.75
SPXW260616C07625000,2026-06-08 18:58:49+00:00,7625.0,3.9,3.0,3.2,-1.6500001,-29.72973,70.0,186.0,0.1160366717529296,False,REGULAR,USD,2026-06-16,7406.47998046875,0.0362799978256225,call,1.0295038966023669,0.021917808219178,3.1
SPXW260616C07630000,2026-06-08 19:12:09+00:00,7630.0,2.95,2.95,3.2,-3.74,-55.904335,63.0,47.0,0.1180813290405273,False,REGULAR,USD,2026-06-16,7406.47998046875,0.0362799978256225,call,1.030178981124729,0.021917808219178,3.075
SPXW260616C07635000,2026-06-08 19:03:54+00:00,7635.0,3.3,2.65,2.8,-2.91,-46.8599,66.0,92.0,0.1169064140319824,False,REGULAR,USD,2026-06-16,7406.47998046875,0.0362799978256225,call,1.0308540656470913,0.021917808219178,2.725
SPXW260616C07640000,2026-06-08 19:03:18+00:00,7640.0,2.98,2.35,2.5,-0.6199999,-17.22222,272.0,249.0,0.1162808099365234,False,REGULAR,USD,2026-06-16,7406.47998046875,0.0362799978256225,call,1.0315291501694537,0.021917808219178,2.425
SPXW260616C07645000,2026-06-08 18:58:52+00:00,7645.0,2.5,2.1,2.25,-4.83,-65.893585,39.0,41.0,0.1158840853881836,False,REGULAR,USD,2026-06-16,7406.47998046875,0.0362799978256225,call,1.0322042346918157,0.021917808219178,2.175
SPXW260616C07650000,2026-06-08 18:58:53+00:00,7650.0,2.15,1.8,1.9,-2.58,-54.545456,180.0,799.0,0.1142056353759765,False,REGULAR,USD,2026-06-16,7406.47998046875,0.0362799978256225,call,1.032879319214178,0.021917808219178,1.85
SPXW260616C07655000,2026-06-08 19:11:39+00:00,7655.0,1.78,1.65,1.8,-2.17,-54.936707,17.0,98.0,0.1149838258361816,False,REGULAR,USD,2026-06-16,7406.47998046875,0.0362799978256225,call,1.03355440373654,0.021917808219178,1.725
SPXW260616C07660000,2026-06-08 19:04:58+00:00,7660.0,1.92,1.5,1.6,-1.63,-45.915493,75.0,116.0,0.1144802908325195,False,REGULAR,USD,2026-06-16,7406.47998046875,0.0362799978256225,call,1.0342294882589025,0.021917808219178,1.55
SPXW260616C07665000,2026-06-08 18:58:52+00:00,7665.0,1.55,1.35,1.45,-1.4200001,-47.811447,53.0,47.0,0.1143887390136718,False,REGULAR,USD,2026-06-16,7406.47998046875,0.0362799978256225,call,1.0349045727812645,0.021917808219178,1.4
SPXW260616C07670000,2026-06-08 18:58:52+00:00,7670.0,1.35,1.15,1.3,-1.15,-46.0,119.0,194.0,0.1141140835571289,False,REGULAR,USD,2026-06-16,7406.47998046875,0.0362799978256225,call,1.0355796573036269,0.021917808219178,1.225
SPXW260616C07675000,2026-06-08 18:58:52+00:00,7675.0,1.2,1.1,1.15,-1.22,-50.413223,66.0,320.0,0.1136563244628906,False,REGULAR,USD,2026-06-16,7406.47998046875,0.0362799978256225,call,1.0362547418259889,0.021917808219178,1.125
SPXW260616C07680000,2026-06-08 18:58:53+00:00,7680.0,1.05,0.9,1.0,-1.69,-61.678833,26.0,87.0,0.1129239099121093,False,REGULAR,USD,2026-06-16,7406.47998046875,0.0362799978256225,call,1.036929826348351,0.021917808219178,0.95
SPXW260616C07685000,2026-06-08 18:58:49+00:00,7685.0,1.0,0.85,0.95,-1.25,-55.555557,51.0,27.0,0.1137478762817382,False,REGULAR,USD,2026-06-16,7406.47998046875,0.0362799978256225,call,1.0376049108707133,0.021917808219178,0.8999999999999999
SPXW260616C07690000,2026-06-08 18:58:49+00:00,7690.0,0.9,0.8,0.85,-1.1,-55.0,31.0,72.0,0.1135647726440429,False,REGULAR,USD,2026-06-16,7406.47998046875,0.0362799978256225,call,1.0382799953930757,0.021917808219178,0.825
SPXW260616C07695000,2026-06-08 18:58:49+00:00,7695.0,0.8,0.7,0.8,-0.95,-54.285713,28.0,9.0,0.1142056353759765,False,REGULAR,USD,2026-06-16,7406.47998046875,0.0362799978256225,call,1.0389550799154377,0.021917808219178,0.75
SPXW260616C07700000,2026-06-08 19:01:46+00:00,7700.0,0.75,0.65,0.7,-0.65,-46.428574,79.0,585.0,0.113717359008789,False,REGULAR,USD,2026-06-16,7406.47998046875,0.0362799978256225,call,1.0396301644378,0.021917808219178,0.675
SPXW260616C07705000,2026-06-08 18:58:43+00:00,7705.0,0.65,0.6,0.65,-0.9,-58.064518,36.0,23.0,0.1141446008300781,False,REGULAR,USD,2026-06-16,7406.47998046875,0.0362799978256225,call,1.040305248960162,0.021917808219178,0.625
SPXW260616C07710000,2026-06-08 18:58:52+00:00,7710.0,0.55,0.55,0.65,-0.7,-56.0,30.0,76.0,0.1157620162963867,False,REGULAR,USD,2026-06-16,7406.47998046875,0.0362799978256225,call,1.0409803334825245,0.021917808219178,0.6000000000000001
SPXW260616C07715000,2026-06-08 18:58:52+00:00,7715.0,0.5,0.45,0.55,-0.85,-62.962963,21.0,12.0,0.1147549462890625,False,REGULAR,USD,2026-06-16,7406.47998046875,0.0362799978256225,call,1.0416554180048865,0.021917808219178,0.5
SPXW260616C07720000,2026-06-08 19:15:09+00:00,7720.0,0.44,0.4,0.5,-0.56,-55.445545,34.0,80.0,0.1148770153808593,False,REGULAR,USD,2026-06-16,7406.47998046875,0.0362799978256225,call,1.042330502527249,0.021917808219178,0.45
SPXW260616C07725000,2026-06-08 19:03:36+00:00,7725.0,0.5,0.35,0.45,-0.79999995,-61.53846,32.0,486.0,0.1148770153808593,False,REGULAR,USD,2026-06-16,7406.47998046875,0.0362799978256225,call,1.043005587049611,0.021917808219178,0.4
SPXW260616C07735000,2026-06-08 18:58:49+00:00,7735.0,0.4,0.3,0.4,-0.099999994,-19.999998,22.0,105.0,0.116219775390625,False,REGULAR,USD,2026-06-16,7406.47998046875,0.0362799978256225,call,1.0443557560943355,0.021917808219178,0.35
SPXW260616C07775000,2026-06-08 18:36:10+00:00,7775.0,0.3,0.2,0.25,0.030000001,11.111111,9.0,336.0,0.1214687463378906,False,REGULAR,USD,2026-06-16,7406.47998046875,0.0362799978256225,call,1.0497564322732331,0.021917808219178,0.225
SPXW260617C07340000,2026-06-08 17:38:04+00:00,7340.0,135.86,123.2,123.8,8.010002,6.2651563,72.0,78.0,0.1780477703857422,True,REGULAR,USD,2026-06-17,7406.47998046875,0.0362799978256225,call,0.991024078827721,0.0246575342465753,123.5
SPXW260617C07350000,2026-06-08 17:44:26+00:00,7350.0,125.62,116.0,116.6,4.7300034,3.9126506,27.0,50.0,0.1756102032089233,True,REGULAR,USD,2026-06-17,7406.47998046875,0.0362799978256225,call,0.9923742478724454,0.0246575342465753,116.3
SPXW260617C07360000,2026-06-08 17:11:53+00:00,7360.0,116.86,112.6,113.2,-8.139999,-6.5119996,2.0,229.0,0.1808324715423584,True,REGULAR,USD,2026-06-17,7406.47998046875,0.0362799978256225,call,0.9937244169171698,0.0246575342465753,112.9
SPXW260617C07370000,2026-06-08 17:54:03+00:00,7370.0,116.36,102.7,103.2,17.96,18.252031,2.0,45.0,0.1718527639770508,True,REGULAR,USD,2026-06-17,7406.47998046875,0.0362799978256225,call,0.9950745859618942,0.0246575342465753,102.95
SPXW260617C07375000,2026-06-08 15:50:20+00:00,7375.0,107.69,99.2,99.8,-121.56,-53.02508,112.0,451.0,0.1705901118087768,True,REGULAR,USD,2026-06-17,7406.47998046875,0.0362799978256225,call,0.9957496704842564,0.0246575342465753,99.5
SPXW260617C07380000,2026-06-08 17:25:53+00:00,7380.0,105.75,95.9,96.4,19.650002,22.822302,12.0,41.0,0.1692359078216553,True,REGULAR,USD,2026-06-17,7406.47998046875,0.0362799978256225,call,0.9964247550066186,0.0246575342465753,96.15
SPXW260617C07385000,2026-06-05 20:12:07+00:00,7385.0,128.55,93.3,93.6,44.25,52.4911,2.0,24.0,0.1690337308883667,True,REGULAR,USD,2026-06-17,7406.47998046875,0.0362799978256225,call,0.9970998395289808,0.0246575342465753,93.45
SPXW260617C07390000,2026-06-08 17:25:53+00:00,7390.0,99.06,89.8,90.2,-0.26000214,-0.26178226,7.0,71.0,0.1674964232635498,True,REGULAR,USD,2026-06-17,7406.47998046875,0.0362799978256225,call,0.997774924051343,0.0246575342465753,90.0
SPXW260617C07395000,2026-06-08 15:38:43+00:00,7395.0,110.13,89.2,89.6,18.759995,20.531897,3.0,8.0,0.171608625793457,True,REGULAR,USD,2026-06-17,7406.47998046875,0.0362799978256225,call,0.9984500085737052,0.0246575342465753,89.4
SPXW260617C07400000,2026-06-08 17:06:45+00:00,7400.0,91.2,83.3,83.7,15.299995,20.158096,70.0,455.0,0.164761312675476,True,REGULAR,USD,2026-06-17,7406.47998046875,0.0362799978256225,call,0.9991250930960676,0.0246575342465753,83.5
SPXW260617C07405000,2026-06-08 18:14:51+00:00,7405.0,90.8,80.5,81.0,2.6100006,2.9595199,8.0,26.0,0.1643722174453735,True,REGULAR,USD,2026-06-17,7406.47998046875,0.0362799978256225,call,0.9998001776184297,0.0246575342465753,80.75
SPXW260617C07410000,2026-06-08 18:14:51+00:00,7410.0,87.6,80.3,80.7,2.7999954,3.3018813,77.0,99.0,0.1687895927047729,False,REGULAR,USD,2026-06-17,7406.47998046875,0.0362799978256225,call,1.000475262140792,0.0246575342465753,80.5
SPXW260617C07415000,2026-06-08 17:25:25+00:00,7415.0,82.0,74.6,75.2,-37.89,-31.60397,12.0,8.0,0.1624725172042846,False,REGULAR,USD,2026-06-17,7406.47998046875,0.0362799978256225,call,1.0011503466631542,0.0246575342465753,74.9
SPXW260617C07420000,2026-06-08 17:27:15+00:00,7420.0,79.5,74.0,74.4,-4.199997,-5.0179176,3.0,19.0,0.1656692015457153,False,REGULAR,USD,2026-06-17,7406.47998046875,0.0362799978256225,call,1.0018254311855164,0.0246575342465753,74.2
SPXW260617C07425000,2026-06-08 19:10:34+00:00,7425.0,71.2,71.0,71.5,-9.310005,-11.5637865,259.0,478.0,0.1644637692642211,False,REGULAR,USD,2026-06-17,7406.47998046875,0.0362799978256225,call,1.0025005157078786,0.0246575342465753,71.25
SPXW260617C07430000,2026-06-08 18:14:51+00:00,7430.0,73.1,68.2,68.7,0.26999664,0.37072173,15.0,110.0,0.1633613327789307,False,REGULAR,USD,2026-06-17,7406.47998046875,0.0362799978256225,call,1.0031756002302408,0.0246575342465753,68.45
SPXW260617C07435000,2026-06-08 19:00:16+00:00,7435.0,70.45,65.6,66.0,-13.080002,-15.659048,4.0,4.0,0.1623580774307251,False,REGULAR,USD,2026-06-17,7406.47998046875,0.0362799978256225,call,1.003850684752603,0.0246575342465753,65.8
SPXW260617C07440000,2026-06-08 18:31:43+00:00,7440.0,73.43,62.8,63.3,0.62999725,0.8653808,6.0,38.0,0.1612441969680786,False,REGULAR,USD,2026-06-17,7406.47998046875,0.0362799978256225,call,1.0045257692749652,0.0246575342465753,63.05
SPXW260617C07445000,2026-06-05 17:50:44+00:00,7445.0,87.96,59.1,59.5,-1.0400009,-1.1685404,2.0,2.0,0.1577308959197998,False,REGULAR,USD,2026-06-17,7406.47998046875,0.0362799978256225,call,1.0052008537973274,0.0246575342465753,59.3
SPXW260617C07450000,2026-06-08 18:38:05+00:00,7450.0,64.4,57.2,57.7,1.8700027,2.9905689,821.0,134.0,0.1582611335372925,False,REGULAR,USD,2026-06-17,7406.47998046875,0.0362799978256225,call,1.0058759383196896,0.0246575342465753,57.45
SPXW260617C07455000,2026-06-08 17:25:16+00:00,7455.0,58.73,53.3,53.8,-41.359997,-41.322807,38.0,12.0,0.1542710000991821,False,REGULAR,USD,2026-06-17,7406.47998046875,0.0362799978256225,call,1.0065510228420518,0.0246575342465753,53.55
SPXW260617C07460000,2026-06-08 18:09:58+00:00,7460.0,60.92,50.8,51.3,0.65999985,1.0952537,48.0,77.0,0.1530922704315186,False,REGULAR,USD,2026-06-17,7406.47998046875,0.0362799978256225,call,1.007226107364414,0.0246575342465753,51.05
SPXW260617C07465000,2026-06-08 15:08:08+00:00,7465.0,75.05,48.6,49.1,8.520004,12.806259,2.0,14.0,0.1524247050857544,False,REGULAR,USD,2026-06-17,7406.47998046875,0.0362799978256225,call,1.0079011918867762,0.0246575342465753,48.85
SPXW260617C07470000,2026-06-08 18:23:24+00:00,7470.0,55.33,48.0,48.5,0.6800003,1.2442824,82.0,110.0,0.1550911518096924,False,REGULAR,USD,2026-06-17,7406.47998046875,0.0362799978256225,call,1.0085762764091384,0.0246575342465753,48.25
SPXW260617C07475000,2026-06-08 18:09:58+00:00,7475.0,53.19,45.8,46.2,1.3199997,2.5448232,14.0,114.0,0.1539963446426391,False,REGULAR,USD,2026-06-17,7406.47998046875,0.0362799978256225,call,1.0092513609315006,0.0246575342465753,46.0
SPXW260617C07480000,2026-06-08 17:31:53+00:00,7480.0,50.7,41.9,42.4,-16.969997,-25.07758,59.0,109.0,0.1494759735870361,False,REGULAR,USD,2026-06-17,7406.47998046875,0.0362799978256225,call,1.0099264454538628,0.0246575342465753,42.15
SPXW260617C07485000,2026-06-08 18:57:33+00:00,7485.0,46.58,41.6,42.0,-29.019997,-38.386242,9.0,3.0,0.1523102653121948,False,REGULAR,USD,2026-06-17,7406.47998046875,0.0362799978256225,call,1.010601529976225,0.0246575342465753,41.8
SPXW260617C07490000,2026-06-08 18:57:25+00:00,7490.0,44.5,39.4,39.8,-0.9700012,-2.1332774,12.0,56.0,0.1510514278030396,False,REGULAR,USD,2026-06-17,7406.47998046875,0.0362799978256225,call,1.0112766144985872,0.0246575342465753,39.6
SPXW260617C07495000,2026-06-08 18:22:39+00:00,7495.0,44.33,37.5,37.9,-0.4699974,-1.0491014,6.0,13.0,0.1503380865478515,False,REGULAR,USD,2026-06-17,7406.47998046875,0.0362799978256225,call,1.0119516990209494,0.0246575342465753,37.7
SPXW260617C07500000,2026-06-08 18:22:39+00:00,7500.0,42.13,33.9,34.3,9.970001,31.001247,44.0,721.0,0.1455468746948242,False,REGULAR,USD,2026-06-17,7406.47998046875,0.0362799978256225,call,1.0126267835433116,0.0246575342465753,34.099999999999994
SPXW260617C07505000,2026-06-08 15:29:26+00:00,7505.0,48.75,32.2,32.6,-0.11000061,-0.22513428,83.0,116.0,0.144978490486145,False,REGULAR,USD,2026-06-17,7406.47998046875,0.0362799978256225,call,1.0133018680656738,0.0246575342465753,32.400000000000006
SPXW260617C07510000,2026-06-08 14:21:57+00:00,7510.0,34.77,30.4,30.8,-18.07,-34.19758,6.0,72.0,0.1440362696838378,False,REGULAR,USD,2026-06-17,7406.47998046875,0.0362799978256225,call,1.013976952588036,0.0246575342465753,30.6
SPXW260617C07515000,2026-06-08 13:53:57+00:00,7515.0,32.94,30.0,30.4,-4.8100014,-12.741725,30.0,26.0,0.1463708410644531,False,REGULAR,USD,2026-06-17,7406.47998046875,0.0362799978256225,call,1.0146520371103982,0.0246575342465753,30.2
SPXW260617C07520000,2026-06-08 19:00:48+00:00,7520.0,31.68,28.2,28.5,-4.5699997,-12.606895,14.0,108.0,0.1449441585540771,False,REGULAR,USD,2026-06-17,7406.47998046875,0.0362799978256225,call,1.0153271216327604,0.0246575342465753,28.35
SPXW260617C07525000,2026-06-08 18:30:07+00:00,7525.0,32.87,26.7,27.0,8.369999,34.16326,55.0,241.0,0.144364330368042,False,REGULAR,USD,2026-06-17,7406.47998046875,0.0362799978256225,call,1.0160022061551226,0.0246575342465753,26.85
SPXW260617C07530000,2026-06-08 13:51:08+00:00,7530.0,33.25,25.2,25.5,9.950001,42.703865,3.0,63.0,0.143650989112854,False,REGULAR,USD,2026-06-17,7406.47998046875,0.0362799978256225,call,1.0166772906774848,0.0246575342465753,25.35
SPXW260617C07535000,2026-06-03 13:36:33+00:00,7535.0,38.1,23.6,23.8,-80.44,-67.85895,1.0,19.0,0.1422624531936645,False,REGULAR,USD,2026-06-17,7406.47998046875,0.0362799978256225,call,1.017352375199847,0.0246575342465753,23.700000000000003
SPXW260617C07540000,2026-06-08 18:30:07+00:00,7540.0,27.64,22.0,22.4,-2.5300007,-8.385816,42.0,56.0,0.1415071506881713,False,REGULAR,USD,2026-06-17,7406.47998046875,0.0362799978256225,call,1.0180274597222092,0.0246575342465753,22.2
SPXW260617C07545000,2026-06-08 18:23:24+00:00,7545.0,25.1,21.0,21.3,0.55000114,2.2403307,2.0,140.0,0.141434672164917,False,REGULAR,USD,2026-06-17,7406.47998046875,0.0362799978256225,call,1.0187025442445716,0.0246575342465753,21.15
SPXW260617C07550000,2026-06-08 19:11:50+00:00,7550.0,19.39,19.4,19.8,0.72999954,3.9121091,579.0,199.0,0.1401033561325073,False,REGULAR,USD,2026-06-17,7406.47998046875,0.0362799978256225,call,1.0193776287669338,0.0246575342465753,19.6
SPXW260617C07555000,2026-06-08 18:58:27+00:00,7555.0,21.3,18.2,18.6,-2.3100014,-9.783996,33.0,275.0,0.1394663080596924,False,REGULAR,USD,2026-06-17,7406.47998046875,0.0362799978256225,call,1.020052713289296,0.0246575342465753,18.4
SPXW260617C07560000,2026-06-08 18:43:32+00:00,7560.0,19.3,17.0,17.4,1.1399994,6.2775297,62.0,306.0,0.1386728589630127,False,REGULAR,USD,2026-06-17,7406.47998046875,0.0362799978256225,call,1.0207277978116582,0.0246575342465753,17.2
SPXW260617C07565000,2026-06-08 18:30:37+00:00,7565.0,20.72,15.6,16.0,-0.5100002,-2.402262,39.0,56.0,0.1370935900878906,False,REGULAR,USD,2026-06-17,7406.47998046875,0.0362799978256225,call,1.0214028823340204,0.0246575342465753,15.8
SPXW260617C07570000,2026-06-08 18:48:28+00:00,7570.0,17.89,14.4,14.7,-2.1200008,-10.5947075,113.0,254.0,0.1356096876907349,False,REGULAR,USD,2026-06-17,7406.47998046875,0.0362799978256225,call,1.0220779668563826,0.0246575342465753,14.55
SPXW260617C07575000,2026-06-08 18:48:28+00:00,7575.0,16.8,13.7,14.0,-0.87000084,-4.923604,586.0,113.0,0.1359186750793457,False,REGULAR,USD,2026-06-17,7406.47998046875,0.0362799978256225,call,1.0227530513787448,0.0246575342465753,13.85
SPXW260617C07580000,2026-06-08 14:32:04+00:00,7580.0,19.05,12.9,13.2,0.75,4.098361,42.0,42.0,0.1357813473510742,False,REGULAR,USD,2026-06-17,7406.47998046875,0.0362799978256225,call,1.023428135901107,0.0246575342465753,13.05
SPXW260617C07585000,2026-06-08 18:28:05+00:00,7585.0,15.0,11.3,11.5,-14.799999,-49.664425,71.0,55.0,0.132271860961914,False,REGULAR,USD,2026-06-17,7406.47998046875,0.0362799978256225,call,1.0241032204234692,0.0246575342465753,11.4
SPXW260617C07590000,2026-06-08 19:14:03+00:00,7590.0,11.15,10.8,11.1,-5.050001,-31.172846,37.0,72.0,0.1332636723327636,False,REGULAR,USD,2026-06-17,7406.47998046875,0.0362799978256225,call,1.0247783049458314,0.0246575342465753,10.95
SPXW260617C07595000,2026-06-08 16:48:51+00:00,7595.0,14.57,9.9,10.2,-3.5500011,-19.591618,6.0,137.0,0.1322413436889648,False,REGULAR,USD,2026-06-17,7406.47998046875,0.0362799978256225,call,1.0254533894681936,0.0246575342465753,10.05
SPXW260617C07600000,2026-06-08 19:11:50+00:00,7600.0,9.54,9.4,9.7,-4.96,-34.206898,144.0,371.0,0.132645697555542,False,REGULAR,USD,2026-06-17,7406.47998046875,0.0362799978256225,call,1.0261284739905558,0.0246575342465753,9.55
SPXW260617C07605000,2026-06-08 18:38:02+00:00,7605.0,10.82,8.7,9.0,-2.6800003,-19.851854,28.0,604.0,0.1321116452789306,False,REGULAR,USD,2026-06-17,7406.47998046875,0.0362799978256225,call,1.026803558512918,0.0246575342465753,8.85
SPXW260617C07610000,2026-06-08 18:43:32+00:00,7610.0,9.69,8.1,8.3,0.5899992,6.4835076,87.0,657.0,0.1314173773193359,False,REGULAR,USD,2026-06-17,7406.47998046875,0.0362799978256225,call,1.0274786430352802,0.0246575342465753,8.2
SPXW260617C07615000,2026-06-08 18:41:53+00:00,7615.0,8.83,7.5,7.7,-5.45,-38.165268,72.0,56.0,0.1309901354980468,False,REGULAR,USD,2026-06-17,7406.47998046875,0.0362799978256225,call,1.0281537275576424,0.0246575342465753,7.6
SPXW260617C07620000,2026-06-08 17:28:01+00:00,7620.0,8.5,6.8,7.0,-1.8000002,-17.475729,21.0,55.0,0.1299220309448241,False,REGULAR,USD,2026-06-17,7406.47998046875,0.0362799978256225,call,1.0288288120800049,0.0246575342465753,6.9
SPXW260617C07625000,2026-06-08 17:59:28+00:00,7625.0,7.58,6.2,6.5,-0.4800005,-5.955341,68.0,574.0,0.1296321168518066,False,REGULAR,USD,2026-06-17,7406.47998046875,0.0362799978256225,call,1.0295038966023669,0.0246575342465753,6.35
SPXW260617C07630000,2026-06-08 18:14:53+00:00,7630.0,7.2,5.7,6.0,-1.1000004,-13.253016,27.0,146.0,0.1291896163940429,False,REGULAR,USD,2026-06-17,7406.47998046875,0.0362799978256225,call,1.030178981124729,0.0246575342465753,5.85
SPXW260617C07635000,2026-06-08 17:15:00+00:00,7635.0,6.8,5.2,5.4,-2.6999998,-28.42105,28.0,31.0,0.1280223307037353,False,REGULAR,USD,2026-06-17,7406.47998046875,0.0362799978256225,call,1.0308540656470913,0.0246575342465753,5.300000000000001
SPXW260617C07640000,2026-06-08 18:58:52+00:00,7640.0,5.7,4.6,4.8,-3.0200005,-34.633034,39.0,46.0,0.126588018875122,False,REGULAR,USD,2026-06-17,7406.47998046875,0.0362799978256225,call,1.0315291501694537,0.0246575342465753,4.699999999999999
SPXW260617C07645000,2026-06-08 18:58:52+00:00,7645.0,5.2,4.2,4.4,-8.6,-62.318844,29.0,14.0,0.1261302597808838,False,REGULAR,USD,2026-06-17,7406.47998046875,0.0362799978256225,call,1.0322042346918157,0.0246575342465753,4.300000000000001
SPXW260617C07650000,2026-06-08 19:04:08+00:00,7650.0,4.86,3.8,4.1,0.059999943,1.2499988,55.0,294.0,0.1261684063720703,False,REGULAR,USD,2026-06-17,7406.47998046875,0.0362799978256225,call,1.032879319214178,0.0246575342465753,3.95
SPXW260617C07655000,2026-06-08 18:58:51+00:00,7655.0,4.4,3.4,3.7,-1.2999997,-22.807013,14.0,19.0,0.125359698638916,False,REGULAR,USD,2026-06-17,7406.47998046875,0.0362799978256225,call,1.03355440373654,0.0246575342465753,3.55
SPXW260617C07660000,2026-06-08 19:04:58+00:00,7660.0,4.07,3.3,3.6,-1.81,-30.782312,62.0,94.0,0.1265803895568847,False,REGULAR,USD,2026-06-17,7406.47998046875,0.0362799978256225,call,1.0342294882589025,0.0246575342465753,3.45
SPXW260617C07665000,2026-06-08 18:58:52+00:00,7665.0,3.6,3.0,3.2,-2.0300002,-36.05684,36.0,33.0,0.1254512504577636,False,REGULAR,USD,2026-06-17,7406.47998046875,0.0362799978256225,call,1.0349045727812645,0.0246575342465753,3.1
SPXW260617C07670000,2026-06-08 18:58:33+00:00,7670.0,3.5,2.75,2.9,-2.5,-41.666668,24.0,52.0,0.1248866809082031,False,REGULAR,USD,2026-06-17,7406.47998046875,0.0362799978256225,call,1.0355796573036269,0.0246575342465753,2.825
SPXW260617C07675000,2026-06-08 18:58:43+00:00,7675.0,3.1,2.5,2.65,-0.6600001,-17.553194,85.0,261.0,0.1245815081787109,False,REGULAR,USD,2026-06-17,7406.47998046875,0.0362799978256225,call,1.0362547418259889,0.0246575342465753,2.575
SPXW260617C07680000,2026-06-08 18:58:52+00:00,7680.0,2.7,2.3,2.45,-0.79999995,-22.857141,19.0,216.0,0.1245509909057617,False,REGULAR,USD,2026-06-17,7406.47998046875,0.0362799978256225,call,1.036929826348351,0.0246575342465753,2.375
SPXW260617C07685000,2026-06-08 18:58:53+00:00,7685.0,2.4,2.05,2.2,-1.49,-38.30334,94.0,76.0,0.1239101281738281,False,REGULAR,USD,2026-06-17,7406.47998046875,0.0362799978256225,call,1.0376049108707133,0.0246575342465753,2.125
SPXW260617C07690000,2026-06-08 18:58:53+00:00,7690.0,2.15,1.85,1.95,-1.8299999,-45.9799,16.0,94.0,0.1230251272583007,False,REGULAR,USD,2026-06-17,7406.47998046875,0.0362799978256225,call,1.0382799953930757,0.0246575342465753,1.9
SPXW260617C07695000,2026-06-08 18:58:53+00:00,7695.0,1.95,1.7,1.8,-6.1500006,-75.92593,1.0,7.0,0.12305564453125,False,REGULAR,USD,2026-06-17,7406.47998046875,0.0362799978256225,call,1.0389550799154377,0.0246575342465753,1.75
SPXW260617C07700000,2026-06-08 18:58:53+00:00,7700.0,1.75,1.55,1.7,-0.70000005,-28.57143,43.0,512.0,0.1235744381713867,False,REGULAR,USD,2026-06-17,7406.47998046875,0.0362799978256225,call,1.0396301644378,0.0246575342465753,1.625
SPXW260617C07705000,2026-06-08 18:58:53+00:00,7705.0,1.55,1.4,1.55,-0.48000002,-23.64532,12.0,59.0,0.1233760758972168,False,REGULAR,USD,2026-06-17,7406.47998046875,0.0362799978256225,call,1.040305248960162,0.0246575342465753,1.475
SPXW260617C07710000,2026-06-08 18:58:52+00:00,7710.0,1.45,1.3,1.45,-1.3599999,-48.39857,23.0,1509.0,0.1237117658996582,False,REGULAR,USD,2026-06-17,7406.47998046875,0.0362799978256225,call,1.0409803334825245,0.0246575342465753,1.375
SPXW260617C07715000,2026-06-08 18:58:53+00:00,7715.0,1.3,1.15,1.25,-5.5699997,-81.07715,11.0,1.0,0.1224758163452148,False,REGULAR,USD,2026-06-17,7406.47998046875,0.0362799978256225,call,1.0416554180048865,0.0246575342465753,1.2
SPXW260617C07720000,2026-06-08 18:58:53+00:00,7720.0,1.15,1.1,1.15,-0.8000001,-41.025642,28.0,282.0,0.122506333618164,False,REGULAR,USD,2026-06-17,7406.47998046875,0.0362799978256225,call,1.042330502527249,0.0246575342465753,1.125
SPXW260617C07725000,2026-06-08 18:58:53+00:00,7725.0,1.05,1.0,1.05,-0.38,-26.573427,26.0,266.0,0.1224452990722656,False,REGULAR,USD,2026-06-17,7406.47998046875,0.0362799978256225,call,1.043005587049611,0.0246575342465753,1.025
SPXW260617C07730000,2026-06-08 18:58:52+00:00,7730.0,1.0,0.95,1.0,-1.3,-56.52174,15.0,45.0,0.1231471963500976,False,REGULAR,USD,2026-06-17,7406.47998046875,0.0362799978256225,call,1.0436806715719733,0.0246575342465753,0.975
SPXW260617C07735000,2026-06-08 18:58:52+00:00,7735.0,0.9,0.85,0.9,-0.95000005,-51.351357,11.0,5.0,0.1228420236206054,False,REGULAR,USD,2026-06-17,7406.47998046875,0.0362799978256225,call,1.0443557560943355,0.0246575342465753,0.875
SPXW260617C07740000,2026-06-08 18:58:52+00:00,7740.0,0.8,0.8,0.85,-0.7,-46.666668,41.0,90.0,0.1233913345336914,False,REGULAR,USD,2026-06-17,7406.47998046875,0.0362799978256225,call,1.0450308406166977,0.0246575342465753,0.825
SPXW260617C07750000,2026-06-08 18:58:53+00:00,7750.0,0.75,0.65,0.8,-0.22000003,-22.680416,27.0,749.0,0.1254054745483398,False,REGULAR,USD,2026-06-17,7406.47998046875,0.0362799978256225,call,1.046381009661422,0.0246575342465753,0.7250000000000001
SPXW260617C07760000,2026-06-08 18:58:52+00:00,7760.0,0.6,0.55,0.7,-2.42,-80.132454,33.0,70.0,0.1261378890991211,False,REGULAR,USD,2026-06-17,7406.47998046875,0.0362799978256225,call,1.0477311787061463,0.0246575342465753,0.625
SPXW260617C07770000,2026-06-08 18:58:52+00:00,7770.0,0.5,0.5,0.6,-0.32999998,-39.759037,21.0,37.0,0.1265346136474609,False,REGULAR,USD,2026-06-17,7406.47998046875,0.0362799978256225,call,1.049081347750871,0.0246575342465753,0.55
SPXW260617C07775000,2026-06-08 18:58:52+00:00,7775.0,0.45,0.45,0.55,-0.27000004,-37.500004,16.0,351.0,0.1265956481933593,False,REGULAR,USD,2026-06-17,7406.47998046875,0.0362799978256225,call,1.0497564322732331,0.0246575342465753,0.5
SPXW260617C07790000,2026-06-08 18:58:52+00:00,7790.0,0.4,0.4,0.5,-0.32000002,-44.444447,10.0,88.0,0.129342202758789,False,REGULAR,USD,2026-06-17,7406.47998046875,0.0362799978256225,call,1.0517816858403195,0.0246575342465753,0.45
SPXW260617C07810000,2026-06-08 18:58:50+00:00,7810.0,0.35,0.3,0.4,-0.4,-53.333332,10.0,1.0,0.1314784118652343,False,REGULAR,USD,2026-06-17,7406.47998046875,0.0362799978256225,call,1.0544820239297683,0.0246575342465753,0.35
SPXW260618C07335000,2026-06-08 11:57:00+00:00,7335.0,161.6,134.8,135.4,4.100006,2.6031785,3.0,42.0,0.1872601721572876,True,REGULAR,USD,2026-06-18,7406.47998046875,0.0362799978256225,call,0.9903489943053588,0.0273972602739726,135.10000000000002
SPXW260618C07340000,2026-06-08 19:10:53+00:00,7340.0,132.88,134.0,134.4,-5.519989,-3.9884315,52.0,215.0,0.1913952626419067,True,REGULAR,USD,2026-06-18,7406.47998046875,0.0362799978256225,call,0.991024078827721,0.0273972602739726,134.2
SPX260618C07345000,2026-06-08 17:19:35+00:00,7345.0,132.38,128.0,129.0,-42.190002,-24.167955,3.0,843.0,0.1865048696517944,True,REGULAR,USD,2026-06-18,7406.47998046875,0.0362799978256225,call,0.9916991633500832,0.0273972602739726,128.5
SPX260618C07350000,2026-06-08 17:03:46+00:00,7350.0,130.0,123.4,124.5,19.900002,18.07448,28.0,11120.0,0.1833921078109741,True,REGULAR,USD,2026-06-18,7406.47998046875,0.0362799978256225,call,0.9923742478724454,0.0273972602739726,123.95
SPX260618C07355000,2026-06-05 17:10:40+00:00,7355.0,155.94,120.7,121.6,0.0,0.0,10.0,1126.0,0.1834340690612793,True,REGULAR,USD,2026-06-18,7406.47998046875,0.0362799978256225,call,0.9930493323948076,0.0273972602739726,121.15
SPX260618C07360000,2026-06-08 16:43:53+00:00,7360.0,130.13,117.3,118.2,15.550003,13.571306,4.0,3129.0,0.1823964817810058,True,REGULAR,USD,2026-06-18,7406.47998046875,0.0362799978256225,call,0.9937244169171698,0.0273972602739726,117.75
SPX260618C07365000,2026-06-08 16:34:57+00:00,7365.0,128.66,110.7,111.6,27.660004,27.386143,6.0,5643.0,0.1749235645675659,True,REGULAR,USD,2026-06-18,7406.47998046875,0.0362799978256225,call,0.994399501439532,0.0273972602739726,111.15
SPX260618C07370000,2026-06-08 16:38:20+00:00,7370.0,123.92,110.4,111.3,25.919998,26.448977,3.0,7213.0,0.1798978800582885,True,REGULAR,USD,2026-06-18,7406.47998046875,0.0362799978256225,call,0.9950745859618942,0.0273972602739726,110.85
SPX260618C07375000,2026-06-08 18:16:26+00:00,7375.0,117.69,107.4,108.1,22.690002,23.884212,19.0,13670.0,0.1790319524383544,True,REGULAR,USD,2026-06-18,7406.47998046875,0.0362799978256225,call,0.9957496704842564,0.0273972602739726,107.75
SPX260618C07380000,2026-06-08 15:29:34+00:00,7380.0,107.2,100.9,101.7,15.279999,16.62315,17.0,4297.0,0.1717917294311523,True,REGULAR,USD,2026-06-18,7406.47998046875,0.0362799978256225,call,0.9964247550066186,0.0273972602739726,101.3
SPX260618C07385000,2026-06-08 17:42:10+00:00,7385.0,106.57,97.9,98.6,14.57,15.836957,11.0,3693.0,0.1709753923797607,True,REGULAR,USD,2026-06-18,7406.47998046875,0.0362799978256225,call,0.9970998395289808,0.0273972602739726,98.25
SPX260618C07390000,2026-06-08 16:34:46+00:00,7390.0,111.62,97.3,98.0,21.620003,24.022224,39.0,6041.0,0.1749693404769897,True,REGULAR,USD,2026-06-18,7406.47998046875,0.0362799978256225,call,0.997774924051343,0.0273972602739726,97.65
SPXW260618C07395000,2026-06-08 14:33:15+00:00,7395.0,130.03,93.9,94.4,28.029999,27.480392,2.0,42.0,0.1729971617126465,True,REGULAR,USD,2026-06-18,7406.47998046875,0.0362799978256225,call,0.9984500085737052,0.0273972602739726,94.15
SPX260618C07400000,2026-06-08 18:45:53+00:00,7400.0,97.45,91.2,91.9,16.949997,21.055897,1217.0,61097.0,0.1730925281906127,True,REGULAR,USD,2026-06-18,7406.47998046875,0.0362799978256225,call,0.9991250930960676,0.0273972602739726,91.55
SPXW260618C07405000,2026-06-08 18:44:34+00:00,7405.0,96.23,88.9,89.2,2.1800003,2.3179162,9.0,299.0,0.1727110622787475,True,REGULAR,USD,2026-06-18,7406.47998046875,0.0362799978256225,call,0.9998001776184297,0.0273972602739726,89.05000000000001
SPXW260618C07410000,2026-06-08 19:13:41+00:00,7410.0,88.2,87.6,88.1,10.159996,13.01896,23.0,421.0,0.1753584357070923,False,REGULAR,USD,2026-06-18,7406.47998046875,0.0362799978256225,call,1.000475262140792,0.0273972602739726,87.85
SPXW260618C07415000,2026-06-08 17:13:15+00:00,7415.0,88.9,84.6,85.0,-1.0400009,-1.1563274,9.0,162.0,0.1740233050155639,False,REGULAR,USD,2026-06-18,7406.47998046875,0.0362799978256225,call,1.0011503466631542,0.0273972602739726,84.8
SPXW260618C07420000,2026-06-08 17:54:01+00:00,7420.0,91.3,79.2,79.6,16.170006,21.522703,39.0,179.0,0.1681067687225342,False,REGULAR,USD,2026-06-18,7406.47998046875,0.0362799978256225,call,1.0018254311855164,0.0273972602739726,79.4
SPX260618C07425000,2026-06-08 18:45:02+00:00,7425.0,81.7,73.7,74.4,-0.010002136,-0.012241019,396.0,7483.0,0.1624801465225219,False,REGULAR,USD,2026-06-18,7406.47998046875,0.0362799978256225,call,1.0025005157078786,0.0273972602739726,74.05000000000001
SPXW260618C07430000,2026-06-08 19:05:36+00:00,7430.0,81.4,73.3,73.9,12.300003,17.800293,84.0,249.0,0.1659476716613769,False,REGULAR,USD,2026-06-18,7406.47998046875,0.0362799978256225,call,1.0031756002302408,0.0273972602739726,73.6
SPXW260618C07435000,2026-06-08 18:44:52+00:00,7435.0,78.3,70.8,71.3,-5.699997,-6.785711,60.0,141.0,0.1652152571105957,False,REGULAR,USD,2026-06-18,7406.47998046875,0.0362799978256225,call,1.003850684752603,0.0273972602739726,71.05
SPXW260618C07440000,2026-06-08 19:05:36+00:00,7440.0,75.7,69.4,69.8,11.519997,17.94951,136.0,199.0,0.1665542024612427,False,REGULAR,USD,2026-06-18,7406.47998046875,0.0362799978256225,call,1.0045257692749652,0.0273972602739726,69.6
SPX260618C07445000,2026-06-08 19:12:20+00:00,7445.0,63.85,64.6,65.2,2.289997,3.7199433,2358.0,4873.0,0.1616828827667236,False,REGULAR,USD,2026-06-18,7406.47998046875,0.0362799978256225,call,1.0052008537973274,0.0273972602739726,64.9
SPXW260618C07450000,2026-06-08 19:08:33+00:00,7450.0,68.2,64.8,65.3,9.669998,16.521439,316.0,951.0,0.166012520866394,False,REGULAR,USD,2026-06-18,7406.47998046875,0.0362799978256225,call,1.0058759383196896,0.0273972602739726,65.05
SPXW260618C07455000,2026-06-08 19:01:04+00:00,7455.0,66.8,60.2,60.8,3.7200012,5.897275,32.0,187.0,0.1611106838989258,False,REGULAR,USD,2026-06-18,7406.47998046875,0.0362799978256225,call,1.0065510228420518,0.0273972602739726,60.5
SPXW260618C07460000,2026-06-08 19:05:07+00:00,7460.0,64.8,57.7,58.0,-2.449997,-3.6431181,57.0,573.0,0.1594741951370239,False,REGULAR,USD,2026-06-18,7406.47998046875,0.0362799978256225,call,1.007226107364414,0.0273972602739726,57.85
SPX260618C07465000,2026-06-08 18:06:15+00:00,7465.0,62.9,54.8,55.3,-1.4000015,-2.1772962,198.0,2732.0,0.157925443534851,False,REGULAR,USD,2026-06-18,7406.47998046875,0.0362799978256225,call,1.0079011918867762,0.0273972602739726,55.05
SPX260618C07470000,2026-06-08 19:10:47+00:00,7470.0,51.8,50.4,51.0,-0.9599991,-1.8195586,790.0,3328.0,0.1529930892944336,False,REGULAR,USD,2026-06-18,7406.47998046875,0.0362799978256225,call,1.0085762764091384,0.0273972602739726,50.7
SPXW260618C07475000,2026-06-08 19:01:04+00:00,7475.0,56.6,50.7,51.0,9.599998,20.42553,298.0,458.0,0.1567352698898315,False,REGULAR,USD,2026-06-18,7406.47998046875,0.0362799978256225,call,1.0092513609315006,0.0273972602739726,50.85
SPXW260618C07480000,2026-06-08 19:04:14+00:00,7480.0,54.8,49.0,49.4,-2.1500015,-3.775244,88.0,211.0,0.1571243651199341,False,REGULAR,USD,2026-06-18,7406.47998046875,0.0362799978256225,call,1.0099264454538628,0.0273972602739726,49.2
SPX260618C07485000,2026-06-08 15:03:54+00:00,7485.0,51.9,45.4,45.9,-0.79999924,-1.518025,20.0,1426.0,0.1534432190704346,False,REGULAR,USD,2026-06-18,7406.47998046875,0.0362799978256225,call,1.010601529976225,0.0273972602739726,45.65
SPX260618C07490000,2026-06-08 16:39:04+00:00,7490.0,49.2,43.5,44.0,1.2000008,2.5000017,21.0,4370.0,0.152977830657959,False,REGULAR,USD,2026-06-18,7406.47998046875,0.0362799978256225,call,1.0112766144985872,0.0273972602739726,43.75
SPXW260618C07495000,2026-06-08 18:21:27+00:00,7495.0,49.75,41.9,42.2,2.3499985,4.9578023,51.0,204.0,0.1526192527008057,False,REGULAR,USD,2026-06-18,7406.47998046875,0.0362799978256225,call,1.0119516990209494,0.0273972602739726,42.05
SPXW260618C07500000,2026-06-08 19:12:02+00:00,7500.0,41.0,41.8,42.1,3.619999,9.6843195,423.0,3370.0,0.1558350103378296,False,REGULAR,USD,2026-06-18,7406.47998046875,0.0362799978256225,call,1.0126267835433116,0.0273972602739726,41.95
SPX260618C07505000,2026-06-08 14:49:57+00:00,7505.0,52.6,37.3,37.8,7.6299973,16.966862,36.0,4080.0,0.1498231075668334,False,REGULAR,USD,2026-06-18,7406.47998046875,0.0362799978256225,call,1.0133018680656738,0.0273972602739726,37.55
SPX260618C07510000,2026-06-08 18:47:17+00:00,7510.0,39.91,33.8,34.4,-1.7200012,-4.1316385,102.0,4061.0,0.145516357421875,False,REGULAR,USD,2026-06-18,7406.47998046875,0.0362799978256225,call,1.013976952588036,0.0273972602739726,34.099999999999994
SPX260618C07515000,2026-06-08 15:58:53+00:00,7515.0,38.2,33.5,34.1,-1.5999985,-4.020097,23.0,4993.0,0.1480492910766602,False,REGULAR,USD,2026-06-18,7406.47998046875,0.0362799978256225,call,1.0146520371103982,0.0273972602739726,33.8
SPXW260618C07520000,2026-06-08 19:11:23+00:00,7520.0,33.99,32.5,33.0,-7.0699997,-17.218704,85.0,386.0,0.1487015977859497,False,REGULAR,USD,2026-06-18,7406.47998046875,0.0362799978256225,call,1.0153271216327604,0.0273972602739726,32.75
SPXW260618C07525000,2026-06-08 19:13:35+00:00,7525.0,32.5,32.2,32.5,0.22000122,0.68154037,156.0,450.0,0.150673776550293,False,REGULAR,USD,2026-06-18,7406.47998046875,0.0362799978256225,call,1.0160022061551226,0.0273972602739726,32.35
SPXW260618C07530000,2026-06-08 19:11:01+00:00,7530.0,30.38,30.6,30.9,-0.32999992,-1.0745683,260.0,1050.0,0.1499985818862915,False,REGULAR,USD,2026-06-18,7406.47998046875,0.0362799978256225,call,1.0166772906774848,0.0273972602739726,30.75
SPX260618C07535000,2026-06-08 14:47:47+00:00,7535.0,42.0,26.4,26.9,10.76,34.443024,3.0,5062.0,0.1433610750198364,False,REGULAR,USD,2026-06-18,7406.47998046875,0.0362799978256225,call,1.017352375199847,0.0273972602739726,26.65
SPX260618C07540000,2026-06-08 19:13:10+00:00,7540.0,25.2,24.1,24.6,-7.200001,-22.222223,48.0,4600.0,0.1405496712493896,False,REGULAR,USD,2026-06-18,7406.47998046875,0.0362799978256225,call,1.0180274597222092,0.0273972602739726,24.35
SPXW260618C07545000,2026-06-08 19:11:23+00:00,7545.0,25.87,25.8,26.2,2.2200012,9.386897,75.0,262.0,0.147469462890625,False,REGULAR,USD,2026-06-18,7406.47998046875,0.0362799978256225,call,1.0187025442445716,0.0273972602739726,26.0
SPX260618C07550000,2026-06-08 18:57:25+00:00,7550.0,25.86,21.6,22.1,4.66,21.98113,712.0,22658.0,0.1397485928344726,False,REGULAR,USD,2026-06-18,7406.47998046875,0.0362799978256225,call,1.0193776287669338,0.0273972602739726,21.85
SPX260618C07555000,2026-06-08 16:34:46+00:00,7555.0,27.38,20.0,20.5,2.08,8.221344,57.0,2106.0,0.1382150998687744,False,REGULAR,USD,2026-06-18,7406.47998046875,0.0362799978256225,call,1.020052713289296,0.0273972602739726,20.25
SPXW260618C07560000,2026-06-08 19:05:19+00:00,7560.0,24.3,20.5,20.9,-1.3900013,-5.4106703,50.0,390.0,0.1420221296691894,False,REGULAR,USD,2026-06-18,7406.47998046875,0.0362799978256225,call,1.0207277978116582,0.0273972602739726,20.7
SPXW260618C07565000,2026-06-08 19:11:23+00:00,7565.0,20.4,20.2,20.5,1.5499992,8.222808,89.0,615.0,0.1436242864990234,False,REGULAR,USD,2026-06-18,7406.47998046875,0.0362799978256225,call,1.0214028823340204,0.0273972602739726,20.35
SPXW260618C07570000,2026-06-08 18:54:53+00:00,7570.0,22.12,18.8,19.1,4.050001,22.412846,34.0,768.0,0.1423501903533935,False,REGULAR,USD,2026-06-18,7406.47998046875,0.0362799978256225,call,1.0220779668563826,0.0273972602739726,18.950000000000003
SPX260618C07575000,2026-06-08 19:13:07+00:00,7575.0,16.1,16.1,16.5,0.40000057,2.5477743,1723.0,11315.0,0.1373300989532471,False,REGULAR,USD,2026-06-18,7406.47998046875,0.0362799978256225,call,1.0227530513787448,0.0273972602739726,16.3
SPX260618C07580000,2026-06-08 19:13:09+00:00,7580.0,15.1,15.0,15.5,-5.869999,-27.992365,250.0,5077.0,0.1367998613357544,False,REGULAR,USD,2026-06-18,7406.47998046875,0.0362799978256225,call,1.023428135901107,0.0273972602739726,15.25
SPXW260618C07585000,2026-06-08 18:14:54+00:00,7585.0,18.2,14.9,15.2,-2.619999,-12.584048,58.0,546.0,0.1383562422561645,False,REGULAR,USD,2026-06-18,7406.47998046875,0.0362799978256225,call,1.0241032204234692,0.0273972602739726,15.05
SPXW260618C07590000,2026-06-08 19:13:12+00:00,7590.0,14.63,14.4,14.8,-6.160001,-29.629631,53.0,468.0,0.1395502305603027,False,REGULAR,USD,2026-06-18,7406.47998046875,0.0362799978256225,call,1.0247783049458314,0.0273972602739726,14.6
SPX260618C07595000,2026-06-08 19:13:28+00:00,7595.0,12.4,12.2,12.6,-8.51,-40.69823,99.0,6061.0,0.1346674668884277,False,REGULAR,USD,2026-06-18,7406.47998046875,0.0362799978256225,call,1.0254533894681936,0.0273972602739726,12.4
SPX260618C07600000,2026-06-08 19:13:12+00:00,7600.0,11.41,11.4,11.8,-1.4899998,-11.550385,4292.0,49189.0,0.134224966430664,False,REGULAR,USD,2026-06-18,7406.47998046875,0.0362799978256225,call,1.0261284739905558,0.0273972602739726,11.6
SPX260618C07605000,2026-06-08 17:50:50+00:00,7605.0,12.95,10.6,11.0,1.25,10.683761,18.0,3803.0,0.1336451382446289,False,REGULAR,USD,2026-06-18,7406.47998046875,0.0362799978256225,call,1.026803558512918,0.0273972602739726,10.8
SPXW260618C07610000,2026-06-08 18:56:21+00:00,7610.0,13.48,10.9,11.2,-2.3200006,-14.683548,171.0,932.0,0.1366739775848388,False,REGULAR,USD,2026-06-18,7406.47998046875,0.0362799978256225,call,1.0274786430352802,0.0273972602739726,11.05
SPX260618C07615000,2026-06-08 19:12:58+00:00,7615.0,9.0,8.8,9.2,-0.7600002,-7.7868876,18.0,1824.0,0.1311961270904541,False,REGULAR,USD,2026-06-18,7406.47998046875,0.0362799978256225,call,1.0281537275576424,0.0273972602739726,9.0
SPXW260618C07620000,2026-06-08 19:09:51+00:00,7620.0,10.3,9.6,9.9,0.6000004,6.185571,233.0,614.0,0.1362162184906006,False,REGULAR,USD,2026-06-18,7406.47998046875,0.0362799978256225,call,1.0288288120800049,0.0273972602739726,9.75
SPX260618C07625000,2026-06-08 19:13:09+00:00,7625.0,7.8,7.7,8.1,-1.3999996,-15.217388,500.0,6930.0,0.1309291009521484,False,REGULAR,USD,2026-06-18,7406.47998046875,0.0362799978256225,call,1.0295038966023669,0.0273972602739726,7.9
SPXW260618C07630000,2026-06-08 19:08:44+00:00,7630.0,9.1,8.2,8.5,-3.21,-26.07636,172.0,1497.0,0.1348047946166992,False,REGULAR,USD,2026-06-18,7406.47998046875,0.0362799978256225,call,1.030178981124729,0.0273972602739726,8.35
SPXW260618C07635000,2026-06-08 16:47:19+00:00,7635.0,10.8,7.6,7.8,-0.5199995,-4.593635,35.0,240.0,0.1338435005187988,False,REGULAR,USD,2026-06-18,7406.47998046875,0.0362799978256225,call,1.0308540656470913,0.0273972602739726,7.699999999999999
SPXW260618C07640000,2026-06-08 18:47:52+00:00,7640.0,9.0,6.7,7.0,0.5699997,6.761562,409.0,539.0,0.1322031970977783,False,REGULAR,USD,2026-06-18,7406.47998046875,0.0362799978256225,call,1.0315291501694537,0.0273972602739726,6.85
SPX260618C07645000,2026-06-08 17:54:16+00:00,7645.0,7.27,5.6,5.9,-1.73,-19.222221,78.0,195.0,0.12871659866333,False,REGULAR,USD,2026-06-18,7406.47998046875,0.0362799978256225,call,1.0322042346918157,0.0273972602739726,5.75
SPX260618C07650000,2026-06-08 18:51:27+00:00,7650.0,6.31,5.1,5.5,0.50999975,8.793099,70.0,12712.0,0.1285563829803466,False,REGULAR,USD,2026-06-18,7406.47998046875,0.0362799978256225,call,1.032879319214178,0.0273972602739726,5.3
SPX260618C07655000,2026-06-08 16:07:18+00:00,7655.0,7.9,4.5,4.9,-0.7000003,-8.139538,100.0,573.0,0.1270991831970214,False,REGULAR,USD,2026-06-18,7406.47998046875,0.0362799978256225,call,1.03355440373654,0.0273972602739726,4.7
SPXW260618C07660000,2026-06-08 18:29:12+00:00,7660.0,6.2,5.1,5.3,-0.10000038,-1.5873076,196.0,886.0,0.1313563427734375,False,REGULAR,USD,2026-06-18,7406.47998046875,0.0362799978256225,call,1.0342294882589025,0.0273972602739726,5.199999999999999
SPX260618C07665000,2026-06-05 20:01:26+00:00,7665.0,5.85,3.9,4.2,0.0,0.0,40.0,605.0,0.1265956481933593,False,REGULAR,USD,2026-06-18,7406.47998046875,0.0362799978256225,call,1.0349045727812645,0.0273972602739726,4.05
SPX260618C07670000,2026-06-08 16:05:48+00:00,7670.0,6.2,3.6,3.9,1.3999996,29.166658,41.0,1158.0,0.1264583204650878,False,REGULAR,USD,2026-06-18,7406.47998046875,0.0362799978256225,call,1.0355796573036269,0.0273972602739726,3.75
SPXW260618C07675000,2026-06-08 18:49:13+00:00,7675.0,5.0,3.8,4.0,0.099999905,2.0408144,186.0,948.0,0.128991254119873,False,REGULAR,USD,2026-06-18,7406.47998046875,0.0362799978256225,call,1.0362547418259889,0.0273972602739726,3.9
SPXW260618C07680000,2026-06-08 19:10:24+00:00,7680.0,3.82,3.5,3.8,-2.6299999,-40.775196,743.0,1546.0,0.1294490132141113,False,REGULAR,USD,2026-06-18,7406.47998046875,0.0362799978256225,call,1.036929826348351,0.0273972602739726,3.65
SPXW260618C07685000,2026-06-08 18:29:12+00:00,7685.0,4.56,3.4,3.6,0.09000015,2.0134263,125.0,490.0,0.1298304791259765,False,REGULAR,USD,2026-06-18,7406.47998046875,0.0362799978256225,call,1.0376049108707133,0.0273972602739726,3.5
SPX260618C07690000,2026-06-08 14:53:57+00:00,7690.0,5.4,2.6,2.8,0.32999992,6.508874,254.0,696.0,0.1252986640930176,False,REGULAR,USD,2026-06-18,7406.47998046875,0.0362799978256225,call,1.0382799953930757,0.0273972602739726,2.7
SPXW260618C07695000,2026-06-08 19:08:49+00:00,7695.0,3.2,2.8,2.95,-0.66999984,-17.312658,69.0,245.0,0.1283198741149901,False,REGULAR,USD,2026-06-18,7406.47998046875,0.0362799978256225,call,1.0389550799154377,0.0273972602739726,2.875
SPXW260618C07700000,2026-06-08 19:12:49+00:00,7700.0,2.62,2.45,2.6,-0.68000007,-20.606064,1732.0,2939.0,0.1270076313781738,False,REGULAR,USD,2026-06-18,7406.47998046875,0.0362799978256225,call,1.0396301644378,0.0273972602739726,2.5250000000000004
SPXW260618C07705000,2026-06-08 17:03:21+00:00,7705.0,3.1,2.35,2.5,-0.25,-7.462687,67.0,233.0,0.1278010804748535,False,REGULAR,USD,2026-06-18,7406.47998046875,0.0362799978256225,call,1.040305248960162,0.0273972602739726,2.425
SPX260618C07710000,2026-06-08 18:20:16+00:00,7710.0,2.4,1.8,2.0,-1.1999998,-33.33333,262.0,1979.0,0.124459439086914,False,REGULAR,USD,2026-06-18,7406.47998046875,0.0362799978256225,call,1.0409803334825245,0.0273972602739726,1.9
SPX260618C07715000,2026-06-08 18:58:53+00:00,7715.0,1.95,1.65,1.85,-3.1499999,-61.764706,24.0,434.0,0.1244441804504394,False,REGULAR,USD,2026-06-18,7406.47998046875,0.0362799978256225,call,1.0416554180048865,0.0273972602739726,1.75
SPXW260618C07720000,2026-06-08 18:24:39+00:00,7720.0,2.65,1.8,1.95,-0.64999986,-19.696966,718.0,1526.0,0.1272059936523437,False,REGULAR,USD,2026-06-18,7406.47998046875,0.0362799978256225,call,1.042330502527249,0.0273972602739726,1.875
SPXW260618C07725000,2026-06-08 19:09:51+00:00,7725.0,1.91,1.6,1.75,-0.09000003,-4.500002,45.0,736.0,0.1265193550109863,False,REGULAR,USD,2026-06-18,7406.47998046875,0.0362799978256225,call,1.043005587049611,0.0273972602739726,1.675
SPXW260618C07730000,2026-06-08 17:59:22+00:00,7730.0,1.97,1.55,1.65,-0.32999992,-14.347823,20.0,197.0,0.1269008209228515,False,REGULAR,USD,2026-06-18,7406.47998046875,0.0362799978256225,call,1.0436806715719733,0.0273972602739726,1.6
SPX260618C07735000,2026-06-05 19:32:38+00:00,7735.0,2.3,1.15,1.35,0.0,0.0,2.0,330.0,0.1244441804504394,False,REGULAR,USD,2026-06-18,7406.47998046875,0.0362799978256225,call,1.0443557560943355,0.0273972602739726,1.25
SPXW260618C07740000,2026-06-08 16:06:13+00:00,7740.0,2.57,1.3,1.45,0.53999996,26.600985,32.0,966.0,0.1274196145629882,False,REGULAR,USD,2026-06-18,7406.47998046875,0.0362799978256225,call,1.0450308406166977,0.0273972602739726,1.375
SPXW260618C07745000,2026-06-08 17:28:28+00:00,7745.0,1.67,1.2,1.35,-0.5300001,-24.090912,26.0,247.0,0.1275416836547852,False,REGULAR,USD,2026-06-18,7406.47998046875,0.0362799978256225,call,1.04570592513906,0.0273972602739726,1.275
SPXW260618C07750000,2026-06-08 18:47:52+00:00,7750.0,1.52,1.1,1.25,0.01999998,1.3333321,223.0,1109.0,0.1275722009277343,False,REGULAR,USD,2026-06-18,7406.47998046875,0.0362799978256225,call,1.046381009661422,0.0273972602739726,1.175
SPX260618C07755000,2026-06-08 17:02:48+00:00,7755.0,1.2,0.85,1.0,-0.81999993,-40.594055,1.0,2583.0,0.1249171981811523,False,REGULAR,USD,2026-06-18,7406.47998046875,0.0362799978256225,call,1.0470560941837843,0.0273972602739726,0.925
SPX260618C07760000,2026-06-08 13:50:21+00:00,7760.0,1.65,0.8,1.0,0.14999998,9.999999,6.0,477.0,0.126412544555664,False,REGULAR,USD,2026-06-18,7406.47998046875,0.0362799978256225,call,1.0477311787061463,0.0273972602739726,0.9
SPX260618C07765000,2026-06-08 16:40:14+00:00,7765.0,1.2,0.75,0.9,-0.099999905,-7.692301,2.0,309.0,0.125985302734375,False,REGULAR,USD,2026-06-18,7406.47998046875,0.0362799978256225,call,1.0484062632285087,0.0273972602739726,0.825
SPXW260618C07770000,2026-06-08 17:28:28+00:00,7770.0,1.14,0.85,0.95,-0.13,-10.23622,26.0,360.0,0.1284266845703124,False,REGULAR,USD,2026-06-18,7406.47998046875,0.0362799978256225,call,1.049081347750871,0.0273972602739726,0.8999999999999999
SPX260618C07775000,2026-06-08 17:01:18+00:00,7775.0,0.95,0.65,0.8,-0.24000007,-20.168072,12.0,3470.0,0.1268092691040039,False,REGULAR,USD,2026-06-18,7406.47998046875,0.0362799978256225,call,1.0497564322732331,0.0273972602739726,0.7250000000000001
SPX260618C07780000,2026-06-08 18:48:53+00:00,7780.0,0.8,0.6,0.75,-0.19999999,-19.999998,83.0,1506.0,0.1271449591064453,False,REGULAR,USD,2026-06-18,7406.47998046875,0.0362799978256225,call,1.050431516795595,0.0273972602739726,0.675
SPX260618C07785000,2026-06-05 17:18:55+00:00,7785.0,1.45,0.55,0.7,0.0,0.0,20.0,199.0,0.127389097290039,False,REGULAR,USD,2026-06-18,7406.47998046875,0.0362799978256225,call,1.0511066013179575,0.0273972602739726,0.625
SPXW260618C07790000,2026-06-08 18:28:31+00:00,7790.0,0.85,0.6,0.75,-0.19999993,-19.047613,11.0,215.0,0.1300135827636718,False,REGULAR,USD,2026-06-18,7406.47998046875,0.0362799978256225,call,1.0517816858403195,0.0273972602739726,0.675
SPXW260618C07795000,2026-06-08 15:06:36+00:00,7795.0,1.27,0.6,0.75,0.19999993,18.69158,16.0,140.0,0.1314173773193359,False,REGULAR,USD,2026-06-18,7406.47998046875,0.0362799978256225,call,1.052456770362682,0.0273972602739726,0.675
SPX260618C07800000,2026-06-08 17:54:36+00:00,7800.0,0.67,0.5,0.65,-0.07999998,-10.666664,339.0,15020.0,0.1303492727661132,False,REGULAR,USD,2026-06-18,7406.47998046875,0.0362799978256225,call,1.053131854885044,0.0273972602739726,0.575
SPXW260618C07805000,2026-06-05 19:23:53+00:00,7805.0,0.7,0.55,0.65,-0.060000002,-7.894737,18.0,388.0,0.1317225500488281,False,REGULAR,USD,2026-06-18,7406.47998046875,0.0362799978256225,call,1.0538069394074063,0.0273972602739726,0.6000000000000001
SPXW260618C07815000,2026-06-08 18:33:19+00:00,7815.0,0.7,0.45,0.55,-0.02000004,-2.7777834,7.0,150.0,0.1317225500488281,False,REGULAR,USD,2026-06-18,7406.47998046875,0.0362799978256225,call,1.0551571084521307,0.0273972602739726,0.5
SPXW260618C07830000,2026-06-08 18:58:40+00:00,7830.0,0.55,0.4,0.5,-0.26999998,-32.926826,2.0,192.0,0.134224966430664,False,REGULAR,USD,2026-06-18,7406.47998046875,0.0362799978256225,call,1.0571823620192171,0.0273972602739726,0.45
SPXW260618C07835000,2026-06-05 18:19:53+00:00,7835.0,0.57,0.4,0.5,0.0,0.0,2.0,47.0,0.1355677264404297,False,REGULAR,USD,2026-06-18,7406.47998046875,0.0362799978256225,call,1.0578574465415795,0.0273972602739726,0.45
SPXW260618C07840000,2026-06-08 18:58:40+00:00,7840.0,0.5,0.35,0.45,0.050000012,11.111114,17.0,199.0,0.1351404846191406,False,REGULAR,USD,2026-06-18,7406.47998046875,0.0362799978256225,call,1.0585325310639415,0.0273972602739726,0.4
SPXW260618C07850000,2026-06-08 17:22:13+00:00,7850.0,0.47,0.35,0.45,0.06999999,17.499998,73.0,944.0,0.1378260046386719,False,REGULAR,USD,2026-06-18,7406.47998046875,0.0362799978256225,call,1.059882700108666,0.0273972602739726,0.4
SPXW260618C07855000,2026-06-05 19:00:01+00:00,7855.0,0.34,0.35,0.45,0.0,0.0,8.0,88.0,0.1391687646484375,False,REGULAR,USD,2026-06-18,7406.47998046875,0.0362799978256225,call,1.0605577846310283,0.0273972602739726,0.4
SPXW260618C07890000,2026-06-05 19:40:52+00:00,7890.0,0.3,0.3,0.4,0.0,0.0,704.0,408.0,0.1463098065185546,False,REGULAR,USD,2026-06-18,7406.47998046875,0.0362799978256225,call,1.0652833762875638,0.0273972602739726,0.35
SPXW260618C08130000,2026-06-05 18:58:51+00:00,8130.0,0.12,0.15,0.2,0.0,0.0,2.0,2.0,0.1921467504882812,False,REGULAR,USD,2026-06-18,7406.47998046875,0.0362799978256225,call,1.09768743336095,0.0273972602739726,0.175
SPXW260622C07340000,2026-06-08 17:24:52+00:00,7340.0,146.18,141.8,142.4,-64.91,-30.74992,20.0,6.0,0.1777693002700806,True,REGULAR,USD,2026-06-22,7406.47998046875,0.0362799978256225,call,0.991024078827721,0.0383561643835616,142.10000000000002
SPXW260622C07350000,2026-06-08 17:20:34+00:00,7350.0,140.69,134.2,134.8,10.650009,8.1897955,162.0,55.0,0.1747557195663452,True,REGULAR,USD,2026-06-22,7406.47998046875,0.0362799978256225,call,0.9923742478724454,0.0383561643835616,134.5
SPXW260622C07360000,2026-06-08 18:22:04+00:00,7360.0,138.64,127.2,127.6,12.979996,10.329456,36.0,15.0,0.1722151565933228,True,REGULAR,USD,2026-06-22,7406.47998046875,0.0362799978256225,call,0.9937244169171698,0.0383561643835616,127.4
SPXW260622C07370000,2026-06-08 14:30:52+00:00,7370.0,140.5,120.0,120.4,16.779999,13.562882,37.0,24.0,0.1694533433914185,True,REGULAR,USD,2026-06-22,7406.47998046875,0.0362799978256225,call,0.9950745859618942,0.0383561643835616,120.2
SPXW260622C07375000,2026-06-08 16:42:46+00:00,7375.0,129.7,114.6,115.0,3.899994,3.1001542,753.0,564.0,0.1649520456314087,True,REGULAR,USD,2026-06-22,7406.47998046875,0.0362799978256225,call,0.9957496704842564,0.0383561643835616,114.8
SPXW260622C07380000,2026-06-05 19:54:12+00:00,7380.0,121.08,112.1,112.6,0.0,0.0,19.0,72.0,0.1654517659759521,True,REGULAR,USD,2026-06-22,7406.47998046875,0.0362799978256225,call,0.9964247550066186,0.0383561643835616,112.35
SPXW260622C07390000,2026-06-08 13:39:33+00:00,7390.0,126.27,104.4,105.0,11.549995,10.067987,6.0,27.0,0.161556999015808,True,REGULAR,USD,2026-06-22,7406.47998046875,0.0362799978256225,call,0.997774924051343,0.0383561643835616,104.7
SPXW260622C07400000,2026-06-08 16:51:19+00:00,7400.0,114.6,98.9,99.4,24.269997,26.868147,52.0,718.0,0.1607540132713318,True,REGULAR,USD,2026-06-22,7406.47998046875,0.0362799978256225,call,0.9991250930960676,0.0383561643835616,99.15
SPXW260622C07410000,2026-06-08 17:34:02+00:00,7410.0,102.47,93.1,93.6,18.470001,21.988096,42.0,98.0,0.1593444967269897,False,REGULAR,USD,2026-06-22,7406.47998046875,0.0362799978256225,call,1.000475262140792,0.0383561643835616,93.35
SPXW260622C07415000,2026-06-05 19:40:52+00:00,7415.0,98.82,91.8,92.3,0.0,0.0,10.0,5.0,0.161206050376892,False,REGULAR,USD,2026-06-22,7406.47998046875,0.0362799978256225,call,1.0011503466631542,0.0383561643835616,92.05
SPXW260622C07420000,2026-06-08 14:04:04+00:00,7420.0,103.0,86.2,86.6,5.5699997,5.716925,13.0,74.0,0.1556519067001343,False,REGULAR,USD,2026-06-22,7406.47998046875,0.0362799978256225,call,1.0018254311855164,0.0383561643835616,86.4
SPXW260622C07425000,2026-06-08 19:12:36+00:00,7425.0,85.5,85.6,86.2,-11.459999,-11.819305,86.0,139.0,0.1588791083145141,False,REGULAR,USD,2026-06-22,7406.47998046875,0.0362799978256225,call,1.0025005157078786,0.0383561643835616,85.9
SPXW260622C07430000,2026-06-08 18:24:39+00:00,7430.0,87.7,83.2,83.7,-0.29000092,-0.32958394,34.0,12.0,0.1585319743347168,False,REGULAR,USD,2026-06-22,7406.47998046875,0.0362799978256225,call,1.0031756002302408,0.0383561643835616,83.45
SPXW260622C07435000,2026-06-08 18:32:52+00:00,7435.0,91.6,80.1,80.5,10.369995,12.766212,8.0,24.0,0.1569336321640014,False,REGULAR,USD,2026-06-22,7406.47998046875,0.0362799978256225,call,1.003850684752603,0.0383561643835616,80.3
SPXW260622C07440000,2026-06-08 18:24:39+00:00,7440.0,87.12,74.9,75.4,1.6900024,1.9782306,25.0,95.0,0.1520604051399231,False,REGULAR,USD,2026-06-22,7406.47998046875,0.0362799978256225,call,1.0045257692749652,0.0383561643835616,75.15
SPXW260622C07445000,2026-06-08 17:11:37+00:00,7445.0,77.63,72.2,72.6,10.129997,15.007403,6.0,4.0,0.1509713199615479,False,REGULAR,USD,2026-06-22,7406.47998046875,0.0362799978256225,call,1.0052008537973274,0.0383561643835616,72.4
SPXW260622C07450000,2026-06-08 18:46:48+00:00,7450.0,77.9,71.8,72.2,0.87000275,1.1294336,76.0,360.0,0.1538704608917236,False,REGULAR,USD,2026-06-22,7406.47998046875,0.0362799978256225,call,1.0058759383196896,0.0383561643835616,72.0
SPXW260622C07455000,2026-06-08 18:48:09+00:00,7455.0,75.01,69.2,69.7,-0.18999481,-0.25265267,8.0,13.0,0.1531456756591797,False,REGULAR,USD,2026-06-22,7406.47998046875,0.0362799978256225,call,1.0065510228420518,0.0383561643835616,69.45
SPXW260622C07460000,2026-06-08 15:04:10+00:00,7460.0,79.44,66.8,67.2,4.6100006,6.1606317,19.0,60.0,0.152340782585144,False,REGULAR,USD,2026-06-22,7406.47998046875,0.0362799978256225,call,1.007226107364414,0.0383561643835616,67.0
SPXW260622C07465000,2026-06-08 16:23:35+00:00,7465.0,80.37,64.0,64.4,11.43,16.579634,9.0,26.0,0.1509446173477173,False,REGULAR,USD,2026-06-22,7406.47998046875,0.0362799978256225,call,1.0079011918867762,0.0383561643835616,64.2
SPXW260622C07470000,2026-06-08 17:54:01+00:00,7470.0,65.6,59.7,60.3,10.289997,18.604225,15.0,57.0,0.147206251411438,False,REGULAR,USD,2026-06-22,7406.47998046875,0.0362799978256225,call,1.0085762764091384,0.0383561643835616,60.0
SPXW260622C07475000,2026-06-08 19:01:05+00:00,7475.0,63.3,57.3,57.9,-2.130001,-3.255389,40.0,103.0,0.146305991859436,False,REGULAR,USD,2026-06-22,7406.47998046875,0.0362799978256225,call,1.0092513609315006,0.0383561643835616,57.6
SPXW260622C07480000,2026-06-08 18:28:53+00:00,7480.0,65.03,56.8,57.3,3.2199974,5.209509,86.0,62.0,0.1484803475570678,False,REGULAR,USD,2026-06-22,7406.47998046875,0.0362799978256225,call,1.0099264454538628,0.0383561643835616,57.05
SPXW260622C07485000,2026-06-08 17:27:15+00:00,7485.0,58.57,54.5,55.0,-12.559998,-17.657806,15.0,20.0,0.1476086979484558,False,REGULAR,USD,2026-06-22,7406.47998046875,0.0362799978256225,call,1.010601529976225,0.0383561643835616,54.75
SPXW260622C07490000,2026-06-08 17:18:50+00:00,7490.0,55.0,52.2,52.8,-1.75,-3.0837004,70.0,54.0,0.1468247854995727,False,REGULAR,USD,2026-06-22,7406.47998046875,0.0362799978256225,call,1.0112766144985872,0.0383561643835616,52.5
SPXW260622C07495000,2026-06-08 15:11:31+00:00,7495.0,73.48,48.2,48.6,21.050003,40.148773,36.0,10.0,0.1423463756942748,False,REGULAR,USD,2026-06-22,7406.47998046875,0.0362799978256225,call,1.0119516990209494,0.0383561643835616,48.400000000000006
SPXW260622C07500000,2026-06-08 19:10:55+00:00,7500.0,47.4,47.7,48.2,-5.989998,-11.219325,214.0,222.0,0.144627541847229,False,REGULAR,USD,2026-06-22,7406.47998046875,0.0362799978256225,call,1.0126267835433116,0.0383561643835616,47.95
SPXW260622C07505000,2026-06-08 18:39:57+00:00,7505.0,49.61,45.5,46.0,1.0100021,2.0781937,31.0,13.0,0.1435670666122436,False,REGULAR,USD,2026-06-22,7406.47998046875,0.0362799978256225,call,1.0133018680656738,0.0383561643835616,45.75
SPXW260622C07510000,2026-06-08 19:11:33+00:00,7510.0,43.8,42.1,42.4,-9.18,-17.327293,74.0,92.0,0.1397943687438965,False,REGULAR,USD,2026-06-22,7406.47998046875,0.0362799978256225,call,1.013976952588036,0.0383561643835616,42.25
SPXW260622C07515000,2026-06-05 19:19:44+00:00,7515.0,53.73,41.7,42.1,9.029999,20.20134,1.0,15.0,0.1420831642150878,False,REGULAR,USD,2026-06-22,7406.47998046875,0.0362799978256225,call,1.0146520371103982,0.0383561643835616,41.900000000000006
SPXW260622C07520000,2026-06-08 18:51:10+00:00,7520.0,43.45,39.6,40.0,-4.5200005,-9.422557,39.0,50.0,0.1409120638656616,False,REGULAR,USD,2026-06-22,7406.47998046875,0.0362799978256225,call,1.0153271216327604,0.0383561643835616,39.8
SPXW260622C07525000,2026-06-08 19:00:51+00:00,7525.0,41.18,37.7,38.2,-2.209999,-5.0933375,85.0,119.0,0.1402177959060669,False,REGULAR,USD,2026-06-22,7406.47998046875,0.0362799978256225,call,1.0160022061551226,0.0383561643835616,37.95
SPXW260622C07530000,2026-06-08 19:01:04+00:00,7530.0,39.1,34.6,35.0,-5.450001,-12.233447,187.0,49.0,0.1366587189483642,False,REGULAR,USD,2026-06-22,7406.47998046875,0.0362799978256225,call,1.0166772906774848,0.0383561643835616,34.8
SPXW260622C07535000,2026-06-08 16:30:46+00:00,7535.0,43.88,34.2,34.7,-17.84,-28.90473,5.0,3.0,0.1387262641906738,False,REGULAR,USD,2026-06-22,7406.47998046875,0.0362799978256225,call,1.017352375199847,0.0383561643835616,34.45
SPXW260622C07540000,2026-06-08 18:50:36+00:00,7540.0,36.18,31.7,32.1,0.38000107,1.0614555,32.0,244.0,0.1360979640579224,False,REGULAR,USD,2026-06-22,7406.47998046875,0.0362799978256225,call,1.0180274597222092,0.0383561643835616,31.9
SPXW260622C07545000,2026-06-08 19:11:33+00:00,7545.0,31.05,30.9,31.4,-10.240002,-24.800196,20.0,38.0,0.1372347324752807,False,REGULAR,USD,2026-06-22,7406.47998046875,0.0362799978256225,call,1.0187025442445716,0.0383561643835616,31.15
SPXW260622C07550000,2026-06-08 19:10:55+00:00,7550.0,29.1,29.4,29.7,-5.3500004,-15.529755,257.0,554.0,0.1362276624679565,False,REGULAR,USD,2026-06-22,7406.47998046875,0.0362799978256225,call,1.0193776287669338,0.0383561643835616,29.55
SPXW260622C07555000,2026-06-08 16:07:46+00:00,7555.0,35.2,26.7,27.1,2.1000023,6.344418,6.0,22.0,0.1331568618774414,False,REGULAR,USD,2026-06-22,7406.47998046875,0.0362799978256225,call,1.020052713289296,0.0383561643835616,26.9
SPXW260622C07560000,2026-06-08 18:39:20+00:00,7560.0,29.5,26.4,26.8,-1.9899998,-6.3194656,46.0,84.0,0.134949751663208,False,REGULAR,USD,2026-06-22,7406.47998046875,0.0362799978256225,call,1.0207277978116582,0.0383561643835616,26.6
SPXW260622C07565000,2026-06-08 19:10:19+00:00,7565.0,25.29,24.2,24.6,-34.42,-57.645283,13.0,29.0,0.1324664085769653,False,REGULAR,USD,2026-06-22,7406.47998046875,0.0362799978256225,call,1.0214028823340204,0.0383561643835616,24.4
SPXW260622C07570000,2026-06-08 16:44:56+00:00,7570.0,29.26,23.5,23.8,2.1900005,8.090139,18.0,71.0,0.1330119048309326,False,REGULAR,USD,2026-06-22,7406.47998046875,0.0362799978256225,call,1.0220779668563826,0.0383561643835616,23.65
SPXW260622C07575000,2026-06-08 19:05:21+00:00,7575.0,25.0,22.0,22.4,-1.1000004,-4.214561,31.0,240.0,0.1320887573242187,False,REGULAR,USD,2026-06-22,7406.47998046875,0.0362799978256225,call,1.0227530513787448,0.0383561643835616,22.2
SPXW260622C07580000,2026-06-08 18:39:12+00:00,7580.0,23.76,20.7,21.1,-1.7600002,-6.8965526,135.0,90.0,0.1312800495910644,False,REGULAR,USD,2026-06-22,7406.47998046875,0.0362799978256225,call,1.023428135901107,0.0383561643835616,20.9
SPXW260622C07585000,2026-06-08 16:45:38+00:00,7585.0,24.71,19.7,20.1,-7.6900024,-23.734575,8.0,23.0,0.1310969459533691,False,REGULAR,USD,2026-06-22,7406.47998046875,0.0362799978256225,call,1.0241032204234692,0.0383561643835616,19.9
SPXW260622C07590000,2026-06-08 19:08:19+00:00,7590.0,20.06,18.4,18.7,-4.92,-19.695757,99.0,105.0,0.1298037765121459,False,REGULAR,USD,2026-06-22,7406.47998046875,0.0362799978256225,call,1.0247783049458314,0.0383561643835616,18.55
SPXW260622C07595000,2026-06-08 18:31:19+00:00,7595.0,21.79,16.5,16.8,0.1800003,0.8329491,635.0,94.0,0.1270305193328857,False,REGULAR,USD,2026-06-22,7406.47998046875,0.0362799978256225,call,1.0254533894681936,0.0383561643835616,16.65
SPXW260622C07600000,2026-06-08 18:30:05+00:00,7600.0,20.09,16.2,16.6,-0.7099991,-3.4134572,456.0,875.0,0.128628861503601,False,REGULAR,USD,2026-06-22,7406.47998046875,0.0362799978256225,call,1.0261284739905558,0.0383561643835616,16.4
SPXW260622C07605000,2026-06-08 17:07:30+00:00,7605.0,18.23,15.2,15.6,-2.6599998,-12.733366,69.0,35.0,0.128003257408142,False,REGULAR,USD,2026-06-22,7406.47998046875,0.0362799978256225,call,1.026803558512918,0.0383561643835616,15.4
SPXW260622C07610000,2026-06-08 17:30:29+00:00,7610.0,17.93,14.3,14.6,-2.0699997,-10.349998,74.0,108.0,0.1272593988800049,False,REGULAR,USD,2026-06-22,7406.47998046875,0.0362799978256225,call,1.0274786430352802,0.0383561643835616,14.45
SPXW260622C07615000,2026-06-08 16:04:55+00:00,7615.0,19.25,13.3,13.6,3.0499992,18.827156,92.0,142.0,0.1263820272827148,False,REGULAR,USD,2026-06-22,7406.47998046875,0.0362799978256225,call,1.0281537275576424,0.0383561643835616,13.45
SPXW260622C07620000,2026-06-08 18:25:43+00:00,7620.0,15.67,12.5,12.8,-2.2299995,-12.458098,228.0,214.0,0.125973858757019,False,REGULAR,USD,2026-06-22,7406.47998046875,0.0362799978256225,call,1.0288288120800049,0.0383561643835616,12.65
SPXW260622C07625000,2026-06-08 19:12:09+00:00,7625.0,11.53,11.7,12.0,0.029999733,0.26086724,131.0,777.0,0.1254550651168823,False,REGULAR,USD,2026-06-22,7406.47998046875,0.0362799978256225,call,1.0295038966023669,0.0383561643835616,11.85
SPXW260622C07630000,2026-06-08 18:51:10+00:00,7630.0,12.6,10.4,10.7,-3.3799992,-21.151434,187.0,56.0,0.1231548256683349,False,REGULAR,USD,2026-06-22,7406.47998046875,0.0362799978256225,call,1.030178981124729,0.0383561643835616,10.55
SPXW260622C07635000,2026-06-08 16:44:56+00:00,7635.0,13.57,10.1,10.4,-2.0200005,-12.9570265,31.0,22.0,0.1240474559020996,False,REGULAR,USD,2026-06-22,7406.47998046875,0.0362799978256225,call,1.0308540656470913,0.0383561643835616,10.25
SPXW260622C07640000,2026-06-08 18:50:03+00:00,7640.0,11.09,9.4,9.7,-2.8099995,-20.215824,104.0,68.0,0.123482886352539,False,REGULAR,USD,2026-06-22,7406.47998046875,0.0362799978256225,call,1.0315291501694537,0.0383561643835616,9.55
SPXW260622C07645000,2026-06-08 15:41:25+00:00,7645.0,14.21,8.9,9.2,-7.6899996,-35.114155,1.0,182.0,0.1235362915802002,False,REGULAR,USD,2026-06-22,7406.47998046875,0.0362799978256225,call,1.0322042346918157,0.0383561643835616,9.05
SPXW260622C07650000,2026-06-08 19:12:09+00:00,7650.0,8.16,8.2,8.5,-3.1500006,-27.851463,76.0,607.0,0.1227352131652832,False,REGULAR,USD,2026-06-22,7406.47998046875,0.0362799978256225,call,1.032879319214178,0.0383561643835616,8.35
SPXW260622C07655000,2026-06-08 16:37:17+00:00,7655.0,10.85,7.5,7.8,-1.4699993,-11.931813,35.0,25.0,0.1217815483856201,False,REGULAR,USD,2026-06-22,7406.47998046875,0.0362799978256225,call,1.03355440373654,0.0383561643835616,7.65
SPXW260622C07660000,2026-06-08 17:50:05+00:00,7660.0,8.75,7.0,7.3,-2.4300003,-21.735243,31.0,97.0,0.1214992636108398,False,REGULAR,USD,2026-06-22,7406.47998046875,0.0362799978256225,call,1.0342294882589025,0.0383561643835616,7.15
SPXW260622C07665000,2026-06-08 19:01:10+00:00,7665.0,7.5,6.5,6.8,-2.3000002,-23.469389,20.0,34.0,0.1211025390625,False,REGULAR,USD,2026-06-22,7406.47998046875,0.0362799978256225,call,1.0349045727812645,0.0383561643835616,6.65
SPXW260622C07670000,2026-06-08 18:15:50+00:00,7670.0,7.7,6.1,6.3,-1.7600002,-18.604654,114.0,194.0,0.1205837454223632,False,REGULAR,USD,2026-06-22,7406.47998046875,0.0362799978256225,call,1.0355796573036269,0.0383561643835616,6.199999999999999
SPXW260622C07675000,2026-06-08 19:12:09+00:00,7675.0,5.64,5.4,5.7,-3.1,-35.46911,62.0,392.0,0.1194393476867675,False,REGULAR,USD,2026-06-22,7406.47998046875,0.0362799978256225,call,1.0362547418259889,0.0383561643835616,5.550000000000001
SPXW260622C07680000,2026-06-08 16:08:46+00:00,7680.0,8.33,5.1,5.4,-0.32999992,-3.8106227,13.0,141.0,0.1196224513244628,False,REGULAR,USD,2026-06-22,7406.47998046875,0.0362799978256225,call,1.036929826348351,0.0383561643835616,5.25
SPXW260622C07685000,2026-06-08 17:34:02+00:00,7685.0,5.95,4.7,5.0,-1.5800004,-20.98274,18.0,17.0,0.1192028388214111,False,REGULAR,USD,2026-06-22,7406.47998046875,0.0362799978256225,call,1.0376049108707133,0.0383561643835616,4.85
SPXW260622C07690000,2026-06-08 17:01:23+00:00,7690.0,5.6,4.2,4.5,-1.3499999,-19.42446,30.0,279.0,0.1180889583587646,False,REGULAR,USD,2026-06-22,7406.47998046875,0.0362799978256225,call,1.0382799953930757,0.0383561643835616,4.35
SPXW260622C07700000,2026-06-08 17:58:30+00:00,7700.0,4.7,3.7,4.0,0.5999999,14.634145,92.0,885.0,0.1183254672241211,False,REGULAR,USD,2026-06-22,7406.47998046875,0.0362799978256225,call,1.0396301644378,0.0383561643835616,3.85
SPXW260622C07710000,2026-06-08 15:46:19+00:00,7710.0,6.0,3.1,3.4,2.0,50.0,47.0,108.0,0.117547276763916,False,REGULAR,USD,2026-06-22,7406.47998046875,0.0362799978256225,call,1.0409803334825245,0.0383561643835616,3.25
SPXW260622C07720000,2026-06-08 18:18:47+00:00,7720.0,3.62,2.6,2.8,-1.3200002,-26.72065,134.0,33.0,0.1161892581176757,False,REGULAR,USD,2026-06-22,7406.47998046875,0.0362799978256225,call,1.042330502527249,0.0383561643835616,2.7
SPXW260622C07725000,2026-06-08 18:31:04+00:00,7725.0,3.57,2.45,2.6,-0.6400001,-15.201901,27.0,225.0,0.1160671890258789,False,REGULAR,USD,2026-06-22,7406.47998046875,0.0362799978256225,call,1.043005587049611,0.0383561643835616,2.5250000000000004
SPXW260622C07730000,2026-06-05 19:42:20+00:00,7730.0,3.9,2.25,2.4,0.05000019,1.2987063,3.0,191.0,0.1158383094787597,False,REGULAR,USD,2026-06-22,7406.47998046875,0.0362799978256225,call,1.0436806715719733,0.0383561643835616,2.325
SPXW260622C07740000,2026-06-08 18:51:10+00:00,7740.0,2.45,1.9,2.05,-1.26,-33.962265,200.0,63.0,0.1154873608398437,False,REGULAR,USD,2026-06-22,7406.47998046875,0.0362799978256225,call,1.0450308406166977,0.0383561643835616,1.975
SPXW260622C07750000,2026-06-08 18:50:03+00:00,7750.0,2.12,1.7,1.8,-0.44000006,-17.187504,43.0,678.0,0.1157467576599121,False,REGULAR,USD,2026-06-22,7406.47998046875,0.0362799978256225,call,1.046381009661422,0.0383561643835616,1.75
SPXW260622C07760000,2026-06-08 18:50:36+00:00,7760.0,1.82,1.45,1.55,-0.43999994,-19.469023,77.0,75.0,0.1156552058410644,False,REGULAR,USD,2026-06-22,7406.47998046875,0.0362799978256225,call,1.0477311787061463,0.0383561643835616,1.5
SPXW260622C07770000,2026-06-08 15:40:25+00:00,7770.0,1.7,1.25,1.4,-0.39999986,-19.047613,12.0,18.0,0.1164639135742187,False,REGULAR,USD,2026-06-22,7406.47998046875,0.0362799978256225,call,1.049081347750871,0.0383561643835616,1.325
SPXW260622C07775000,2026-06-08 17:26:04+00:00,7775.0,1.5,1.15,1.3,-0.54999995,-26.829268,26.0,154.0,0.1164639135742187,False,REGULAR,USD,2026-06-22,7406.47998046875,0.0362799978256225,call,1.0497564322732331,0.0383561643835616,1.225
SPXW260622C07780000,2026-06-08 06:56:56+00:00,7780.0,1.8,1.1,1.25,0.0,0.0,1.0,67.0,0.1170742590332031,False,REGULAR,USD,2026-06-22,7406.47998046875,0.0362799978256225,call,1.050431516795595,0.0383561643835616,1.175
SPXW260622C07790000,2026-06-08 03:18:39+00:00,7790.0,1.7,0.95,1.1,0.1500001,9.677425,1.0,108.0,0.1174404663085937,False,REGULAR,USD,2026-06-22,7406.47998046875,0.0362799978256225,call,1.0517816858403195,0.0383561643835616,1.025
SPXW260622C07800000,2026-06-08 17:26:04+00:00,7800.0,1.05,0.8,0.95,-0.25,-19.23077,54.0,553.0,0.1175015008544922,False,REGULAR,USD,2026-06-22,7406.47998046875,0.0362799978256225,call,1.053131854885044,0.0383561643835616,0.875
SPXW260622C07825000,2026-06-08 15:01:46+00:00,7825.0,0.87,0.65,0.75,-0.14999998,-14.705881,19.0,201.0,0.1197902963256835,False,REGULAR,USD,2026-06-22,7406.47998046875,0.0362799978256225,call,1.0565072774968551,0.0383561643835616,0.7
SPXW260622C07850000,2026-06-08 16:05:25+00:00,7850.0,0.78,0.5,0.65,0.07999998,11.428569,9.0,108.0,0.123482886352539,False,REGULAR,USD,2026-06-22,7406.47998046875,0.0362799978256225,call,1.059882700108666,0.0383561643835616,0.575
SPXW260622C07925000,2026-06-08 17:17:49+00:00,7925.0,0.4,0.3,0.4,0.030000001,8.108108,10.0,557.0,0.1330042755126953,False,REGULAR,USD,2026-06-22,7406.47998046875,0.0362799978256225,call,1.0700089679440994,0.0383561643835616,0.35
SPXW260623C07350000,2026-06-08 16:22:49+00:00,7350.0,162.82,135.6,136.4,39.780006,32.330956,2.0,4.0,0.1718603932952881,True,REGULAR,USD,2026-06-23,7406.47998046875,0.0362799978256225,call,0.9923742478724454,0.0410958904109589,136.0
SPXW260623C07360000,2026-06-05 14:49:48+00:00,7360.0,143.0,128.5,129.2,-54.28,-27.514193,1.0,3.0,0.169380864868164,True,REGULAR,USD,2026-06-23,7406.47998046875,0.0362799978256225,call,0.9937244169171698,0.0410958904109589,128.85
SPXW260623C07370000,2026-06-08 17:40:35+00:00,7370.0,132.44,124.8,125.3,-132.35,-49.98301,7.0,62.0,0.1720892728424072,True,REGULAR,USD,2026-06-23,7406.47998046875,0.0362799978256225,call,0.9950745859618942,0.0410958904109589,125.05
SPXW260623C07375000,2026-06-08 16:00:16+00:00,7375.0,140.37,118.4,119.0,-105.43001,-42.892597,6.0,18.0,0.1662414004135132,True,REGULAR,USD,2026-06-23,7406.47998046875,0.0362799978256225,call,0.9957496704842564,0.0410958904109589,118.7
SPXW260623C07380000,2026-06-04 14:06:02+00:00,7380.0,210.08,117.8,118.4,0.0,0.0,1.0,61.0,0.1696402616882324,True,REGULAR,USD,2026-06-23,7406.47998046875,0.0362799978256225,call,0.9964247550066186,0.0410958904109589,118.1
SPXW260623C07390000,2026-06-08 14:59:31+00:00,7390.0,141.95,111.4,112.0,-122.55,-46.332703,1.0,7.0,0.1677787080383301,True,REGULAR,USD,2026-06-23,7406.47998046875,0.0362799978256225,call,0.997774924051343,0.0410958904109589,111.7
SPXW260623C07400000,2026-06-08 15:14:17+00:00,7400.0,136.43,105.2,105.8,40.429993,42.114574,1.0,1278.0,0.1660010768890381,True,REGULAR,USD,2026-06-23,7406.47998046875,0.0362799978256225,call,0.9991250930960676,0.0410958904109589,105.5
SPXW260623C07410000,2026-06-05 19:02:27+00:00,7410.0,107.2,96.8,97.3,0.0,0.0,4.0,23.0,0.160263829574585,False,REGULAR,USD,2026-06-23,7406.47998046875,0.0362799978256225,call,1.000475262140792,0.0410958904109589,97.05
SPXW260623C07420000,2026-06-08 17:04:02+00:00,7420.0,96.74,93.0,93.6,-101.170006,-51.119198,5.0,2.0,0.1620319240760803,False,REGULAR,USD,2026-06-23,7406.47998046875,0.0362799978256225,call,1.0018254311855164,0.0410958904109589,93.3
SPXW260623C07425000,2026-06-08 19:00:47+00:00,7425.0,96.0,90.0,90.5,-108.990005,-53.16845,5.0,721.0,0.1607978818511962,False,REGULAR,USD,2026-06-23,7406.47998046875,0.0362799978256225,call,1.0025005157078786,0.0410958904109589,90.25
SPXW260623C07430000,2026-06-08 18:54:50+00:00,7430.0,94.27,85.7,86.2,-101.73,-51.90306,16.0,8.0,0.1575496996116638,False,REGULAR,USD,2026-06-23,7406.47998046875,0.0362799978256225,call,1.0031756002302408,0.0410958904109589,85.95
SPXW260623C07435000,2026-06-08 18:06:17+00:00,7435.0,94.4,82.9,83.4,-31.699997,-25.138777,15.0,1.0,0.1566627913665771,False,REGULAR,USD,2026-06-23,7406.47998046875,0.0362799978256225,call,1.003850684752603,0.0410958904109589,83.15
SPXW260623C07445000,2026-06-08 18:27:15+00:00,7445.0,87.9,76.3,76.8,2.6699982,3.1326976,8.0,12.0,0.1530426798629761,False,REGULAR,USD,2026-06-23,7406.47998046875,0.0362799978256225,call,1.0052008537973274,0.0410958904109589,76.55
SPXW260623C07450000,2026-06-08 14:45:44+00:00,7450.0,103.23,76.0,76.5,36.170006,53.936783,8.0,27.0,0.1560333726119995,False,REGULAR,USD,2026-06-23,7406.47998046875,0.0362799978256225,call,1.0058759383196896,0.0410958904109589,76.25
SPXW260623C07455000,2026-06-08 17:30:05+00:00,7455.0,82.73,71.1,71.6,-20.769997,-20.06763,7.0,3.0,0.1514100057601928,False,REGULAR,USD,2026-06-23,7406.47998046875,0.0362799978256225,call,1.0065510228420518,0.0410958904109589,71.35
SPXW260623C07460000,2026-06-08 16:17:23+00:00,7460.0,73.2,69.3,69.8,-106.25,-59.208694,26.0,14.0,0.1518048229789733,False,REGULAR,USD,2026-06-23,7406.47998046875,0.0362799978256225,call,1.007226107364414,0.0410958904109589,69.55
SPXW260623C07465000,2026-06-08 18:27:15+00:00,7465.0,76.57,68.2,68.6,-29.029999,-27.49053,14.0,2.0,0.1531304170227051,False,REGULAR,USD,2026-06-23,7406.47998046875,0.0362799978256225,call,1.0079011918867762,0.0410958904109589,68.4
SPXW260623C07470000,2026-06-08 14:59:31+00:00,7470.0,89.25,65.6,66.1,0.069999695,0.0784926,3.0,76.0,0.1522339721298218,False,REGULAR,USD,2026-06-23,7406.47998046875,0.0362799978256225,call,1.0085762764091384,0.0410958904109589,65.85
SPXW260623C07475000,2026-06-08 15:24:25+00:00,7475.0,88.27,61.1,61.5,18.689995,26.861158,7.0,59.0,0.1477288597106933,False,REGULAR,USD,2026-06-23,7406.47998046875,0.0362799978256225,call,1.0092513609315006,0.0410958904109589,61.3
SPXW260623C07480000,2026-06-08 14:28:04+00:00,7480.0,84.68,60.7,61.3,17.75,26.520245,5.0,6.0,0.1505421708106994,False,REGULAR,USD,2026-06-23,7406.47998046875,0.0362799978256225,call,1.0099264454538628,0.0410958904109589,61.0
SPXW260623C07485000,2026-06-08 18:27:15+00:00,7485.0,66.09,58.2,58.6,-25.61,-27.928026,1.0,1.0,0.1490678050613403,False,REGULAR,USD,2026-06-23,7406.47998046875,0.0362799978256225,call,1.010601529976225,0.0410958904109589,58.400000000000006
SPXW260623C07490000,2026-06-08 14:45:57+00:00,7490.0,72.01,54.4,54.8,-19.32,-21.154057,3.0,10.0,0.1456079092407226,False,REGULAR,USD,2026-06-23,7406.47998046875,0.0362799978256225,call,1.0112766144985872,0.0410958904109589,54.6
SPXW260623C07495000,2026-06-05 15:51:29+00:00,7495.0,88.43,53.6,54.1,0.0,0.0,3.0,10.0,0.1473969843673706,False,REGULAR,USD,2026-06-23,7406.47998046875,0.0362799978256225,call,1.0119516990209494,0.0410958904109589,53.85
SPXW260623C07500000,2026-06-08 18:53:11+00:00,7500.0,57.0,51.6,52.0,-0.22000122,-0.38448307,8.0,225.0,0.1466989017486572,False,REGULAR,USD,2026-06-23,7406.47998046875,0.0362799978256225,call,1.0126267835433116,0.0410958904109589,51.8
SPXW260623C07510000,2026-06-08 14:58:33+00:00,7510.0,66.88,47.2,47.6,12.6799965,23.394827,2.0,17.0,0.1446962057113647,False,REGULAR,USD,2026-06-23,7406.47998046875,0.0362799978256225,call,1.013976952588036,0.0410958904109589,47.400000000000006
SPXW260623C07515000,2026-06-08 18:50:35+00:00,7515.0,49.52,45.4,45.8,-27.679996,-35.85492,10.0,6.0,0.1442804078674316,False,REGULAR,USD,2026-06-23,7406.47998046875,0.0362799978256225,call,1.0146520371103982,0.0410958904109589,45.6
SPXW260623C07520000,2026-06-05 15:39:11+00:00,7520.0,74.8,41.5,41.9,0.0,0.0,12.0,12.0,0.1399393257904052,False,REGULAR,USD,2026-06-23,7406.47998046875,0.0362799978256225,call,1.0153271216327604,0.0410958904109589,41.7
SPXW260623C07525000,2026-06-08 15:28:01+00:00,7525.0,58.2,40.8,41.2,11.280003,24.040926,9.0,102.0,0.1413545643234253,False,REGULAR,USD,2026-06-23,7406.47998046875,0.0362799978256225,call,1.0160022061551226,0.0410958904109589,41.0
SPXW260623C07530000,2026-06-08 14:59:34+00:00,7530.0,57.47,39.5,39.8,-10.93,-15.979532,4.0,11.0,0.1414155988693237,False,REGULAR,USD,2026-06-23,7406.47998046875,0.0362799978256225,call,1.0166772906774848,0.0410958904109589,39.65
SPXW260623C07535000,2026-06-08 18:50:35+00:00,7535.0,41.46,37.6,38.1,-41.57,-50.066242,12.0,5.0,0.1408357706832885,False,REGULAR,USD,2026-06-23,7406.47998046875,0.0362799978256225,call,1.017352375199847,0.0410958904109589,37.85
SPXW260623C07540000,2026-06-08 14:59:31+00:00,7540.0,52.7,35.2,35.7,17.470001,49.588425,11.0,17.0,0.1388178160095214,False,REGULAR,USD,2026-06-23,7406.47998046875,0.0362799978256225,call,1.0180274597222092,0.0410958904109589,35.45
SPXW260623C07545000,2026-06-08 15:08:50+00:00,7545.0,47.14,33.9,34.3,-14.459999,-23.474024,3.0,3.0,0.1386270830535888,False,REGULAR,USD,2026-06-23,7406.47998046875,0.0362799978256225,call,1.0187025442445716,0.0410958904109589,34.099999999999994
SPXW260623C07550000,2026-06-08 16:40:12+00:00,7550.0,38.48,32.6,32.9,9.5,32.781227,19.0,109.0,0.1383562422561645,False,REGULAR,USD,2026-06-23,7406.47998046875,0.0362799978256225,call,1.0193776287669338,0.0410958904109589,32.75
SPXW260623C07555000,2026-06-08 16:40:12+00:00,7555.0,36.68,30.6,31.0,-2.1599998,-5.5612764,20.0,2.0,0.1369867796325684,False,REGULAR,USD,2026-06-23,7406.47998046875,0.0362799978256225,call,1.020052713289296,0.0410958904109589,30.8
SPXW260623C07560000,2026-06-08 14:15:52+00:00,7560.0,33.48,29.2,29.5,-1.170002,-3.3766289,6.0,42.0,0.1363230289459228,False,REGULAR,USD,2026-06-23,7406.47998046875,0.0362799978256225,call,1.0207277978116582,0.0410958904109589,29.35
SPXW260623C07565000,2026-06-08 13:52:33+00:00,7565.0,38.44,27.3,27.6,-56.38,-59.46003,15.0,9.0,0.1347170574569702,False,REGULAR,USD,2026-06-23,7406.47998046875,0.0362799978256225,call,1.0214028823340204,0.0410958904109589,27.450000000000003
SPXW260623C07570000,2026-06-05 19:57:05+00:00,7570.0,37.72,25.8,26.2,6.170002,19.556267,15.0,69.0,0.134049492111206,False,REGULAR,USD,2026-06-23,7406.47998046875,0.0362799978256225,call,1.0220779668563826,0.0410958904109589,26.0
SPXW260623C07575000,2026-06-08 16:05:51+00:00,7575.0,32.8,24.9,25.2,-8.720001,-21.00193,13.0,181.0,0.1341639318847656,False,REGULAR,USD,2026-06-23,7406.47998046875,0.0362799978256225,call,1.0227530513787448,0.0410958904109589,25.05
SPXW260623C07580000,2026-06-08 16:32:15+00:00,7580.0,30.31,22.7,23.0,1.1000004,3.765835,14.0,33.0,0.1314936705017089,False,REGULAR,USD,2026-06-23,7406.47998046875,0.0362799978256225,call,1.023428135901107,0.0410958904109589,22.85
SPXW260623C07585000,2026-06-08 19:08:19+00:00,7585.0,23.98,22.2,22.6,-20.510002,-46.10025,12.0,3.0,0.1327982839202881,False,REGULAR,USD,2026-06-23,7406.47998046875,0.0362799978256225,call,1.0241032204234692,0.0410958904109589,22.4
SPXW260623C07590000,2026-06-08 15:24:25+00:00,7590.0,34.65,20.6,21.0,-4.1899986,-10.787845,3.0,21.0,0.1312419029998779,False,REGULAR,USD,2026-06-23,7406.47998046875,0.0362799978256225,call,1.0247783049458314,0.0410958904109589,20.8
SPXW260623C07595000,2026-06-08 16:58:34+00:00,7595.0,24.42,19.7,20.0,1.4500008,6.3125854,11.0,4.0,0.1309939501571655,False,REGULAR,USD,2026-06-23,7406.47998046875,0.0362799978256225,call,1.0254533894681936,0.0410958904109589,19.85
SPXW260623C07600000,2026-06-08 17:56:17+00:00,7600.0,21.62,18.7,19.1,-3.1599998,-12.752219,21.0,95.0,0.1309062129974365,False,REGULAR,USD,2026-06-23,7406.47998046875,0.0362799978256225,call,1.0261284739905558,0.0410958904109589,18.9
SPXW260623C07605000,2026-06-08 15:31:04+00:00,7605.0,25.3,17.5,17.9,-7.84,-23.657213,18.0,4.0,0.129967806854248,False,REGULAR,USD,2026-06-23,7406.47998046875,0.0362799978256225,call,1.026803558512918,0.0410958904109589,17.7
SPXW260623C07610000,2026-06-08 18:42:22+00:00,7610.0,18.89,16.1,16.5,-3.8600006,-16.967035,20.0,17.0,0.1283694646835326,False,REGULAR,USD,2026-06-23,7406.47998046875,0.0362799978256225,call,1.0274786430352802,0.0410958904109589,16.3
SPXW260623C07615000,2026-06-08 18:16:55+00:00,7615.0,18.4,15.5,15.8,-14.9,-44.744747,9.0,11.0,0.1285106070709228,False,REGULAR,USD,2026-06-23,7406.47998046875,0.0362799978256225,call,1.0281537275576424,0.0410958904109589,15.65
SPXW260623C07620000,2026-06-08 18:16:55+00:00,7620.0,17.3,14.5,14.9,-3.0100002,-14.820288,9.0,34.0,0.128014701385498,False,REGULAR,USD,2026-06-23,7406.47998046875,0.0362799978256225,call,1.0288288120800049,0.0410958904109589,14.7
SPXW260623C07625000,2026-06-08 19:10:13+00:00,7625.0,13.8,13.6,13.9,-6.4000006,-31.68317,15.0,612.0,0.1271297004699706,False,REGULAR,USD,2026-06-23,7406.47998046875,0.0362799978256225,call,1.0295038966023669,0.0410958904109589,13.75
SPXW260623C07630000,2026-06-08 14:50:06+00:00,7630.0,19.75,12.7,13.0,-16.3,-45.214977,23.0,55.0,0.1264049152374267,False,REGULAR,USD,2026-06-23,7406.47998046875,0.0362799978256225,call,1.030178981124729,0.0410958904109589,12.85
SPXW260623C07635000,2026-06-08 16:37:52+00:00,7635.0,15.8,11.8,12.1,-1.3399992,-7.8179655,8.0,13.0,0.1255580609130859,False,REGULAR,USD,2026-06-23,7406.47998046875,0.0362799978256225,call,1.0308540656470913,0.0410958904109589,11.95
SPXW260623C07640000,2026-06-08 18:42:22+00:00,7640.0,13.04,11.0,11.3,-2.6099997,-16.677315,3.0,45.0,0.1248866809082031,False,REGULAR,USD,2026-06-23,7406.47998046875,0.0362799978256225,call,1.0315291501694537,0.0410958904109589,11.15
SPXW260623C07650000,2026-06-08 18:30:57+00:00,7650.0,12.77,9.6,9.9,-1.6299992,-11.319438,32.0,1692.0,0.1238567229461669,False,REGULAR,USD,2026-06-23,7406.47998046875,0.0362799978256225,call,1.032879319214178,0.0410958904109589,9.75
SPXW260623C07660000,2026-06-05 17:54:52+00:00,7660.0,13.95,8.1,8.4,-2.88,-17.112299,1.0,7.0,0.1219493933868408,False,REGULAR,USD,2026-06-23,7406.47998046875,0.0362799978256225,call,1.0342294882589025,0.0410958904109589,8.25
SPXW260623C07665000,2026-06-08 14:44:37+00:00,7665.0,9.45,7.8,8.1,-27.149998,-74.18032,4.0,5.0,0.1225215922546386,False,REGULAR,USD,2026-06-23,7406.47998046875,0.0362799978256225,call,1.0349045727812645,0.0410958904109589,7.949999999999999
SPXW260623C07670000,2026-06-08 19:10:01+00:00,7670.0,7.84,7.3,7.6,-2.5599995,-24.61538,26.0,140.0,0.1222469367980957,False,REGULAR,USD,2026-06-23,7406.47998046875,0.0362799978256225,call,1.0355796573036269,0.0410958904109589,7.449999999999999
SPXW260623C07675000,2026-06-08 18:30:57+00:00,7675.0,9.15,6.7,7.0,-0.9200001,-9.136048,30.0,52.0,0.1214382290649414,False,REGULAR,USD,2026-06-23,7406.47998046875,0.0362799978256225,call,1.0362547418259889,0.0410958904109589,6.85
SPXW260623C07680000,2026-06-08 15:38:59+00:00,7680.0,10.34,6.3,6.6,1.1700001,12.758998,10.0,34.0,0.1213695652008056,False,REGULAR,USD,2026-06-23,7406.47998046875,0.0362799978256225,call,1.036929826348351,0.0410958904109589,6.449999999999999
SPXW260623C07685000,2026-06-08 17:30:32+00:00,7685.0,7.82,5.6,5.8,-1.0999999,-12.331838,2.0,3.0,0.1193477958679199,False,REGULAR,USD,2026-06-23,7406.47998046875,0.0362799978256225,call,1.0376049108707133,0.0410958904109589,5.699999999999999
SPXW260623C07690000,2026-06-08 01:14:21+00:00,7690.0,8.1,5.5,5.7,0.10000038,1.2500048,6.0,22.0,0.120476934967041,False,REGULAR,USD,2026-06-23,7406.47998046875,0.0362799978256225,call,1.0382799953930757,0.0410958904109589,5.6
SPXW260623C07700000,2026-06-08 15:38:59+00:00,7700.0,7.91,4.7,4.9,0.90999985,12.999998,37.0,186.0,0.1195919340515136,False,REGULAR,USD,2026-06-23,7406.47998046875,0.0362799978256225,call,1.0396301644378,0.0410958904109589,4.800000000000001
SPXW260623C07710000,2026-06-08 17:30:32+00:00,7710.0,5.46,4.0,4.2,-1.0099998,-15.610507,34.0,39.0,0.1187603383636474,False,REGULAR,USD,2026-06-23,7406.47998046875,0.0362799978256225,call,1.0409803334825245,0.0410958904109589,4.1
SPXW260623C07720000,2026-06-08 19:10:01+00:00,7720.0,3.74,3.4,3.7,-1.9799998,-34.615383,11.0,17.0,0.1186916744995117,False,REGULAR,USD,2026-06-23,7406.47998046875,0.0362799978256225,call,1.042330502527249,0.0410958904109589,3.55
SPXW260623C07725000,2026-06-08 14:15:52+00:00,7725.0,5.78,3.2,3.4,0.5600004,10.727978,3.0,77.0,0.1181881394958496,False,REGULAR,USD,2026-06-23,7406.47998046875,0.0362799978256225,call,1.043005587049611,0.0410958904109589,3.3
SPXW260623C07730000,2026-06-05 14:02:32+00:00,7730.0,11.85,2.95,3.2,0.0,0.0,1.0,8.0,0.1182644326782226,False,REGULAR,USD,2026-06-23,7406.47998046875,0.0362799978256225,call,1.0436806715719733,0.0410958904109589,3.075
SPXW260623C07750000,2026-06-08 19:12:19+00:00,7750.0,2.22,2.15,2.25,-0.64999986,-22.648079,32.0,260.0,0.1163723617553711,False,REGULAR,USD,2026-06-23,7406.47998046875,0.0362799978256225,call,1.046381009661422,0.0410958904109589,2.2
SPXW260623C07760000,2026-06-05 14:28:37+00:00,7760.0,6.95,1.9,2.0,0.0,0.0,11.0,11.0,0.1167233103942871,False,REGULAR,USD,2026-06-23,7406.47998046875,0.0362799978256225,call,1.0477311787061463,0.0410958904109589,1.95
SPXW260623C07770000,2026-06-08 17:10:12+00:00,7770.0,2.06,1.65,1.75,-23.710001,-92.00621,5.0,2.0,0.1167996035766601,False,REGULAR,USD,2026-06-23,7406.47998046875,0.0362799978256225,call,1.049081347750871,0.0410958904109589,1.7
SPXW260623C07775000,2026-06-08 18:21:03+00:00,7775.0,1.92,1.5,1.6,-0.63,-24.705883,15.0,403.0,0.1164333963012695,False,REGULAR,USD,2026-06-23,7406.47998046875,0.0362799978256225,call,1.0497564322732331,0.0410958904109589,1.55
SPXW260623C07780000,2026-06-05 15:44:40+00:00,7780.0,1.85,1.4,1.5,-2.1,-53.164555,7.0,6.0,0.1165554653930664,False,REGULAR,USD,2026-06-23,7406.47998046875,0.0362799978256225,call,1.050431516795595,0.0410958904109589,1.45
SPXW260623C07790000,2026-06-08 16:02:45+00:00,7790.0,2.06,1.2,1.35,-1.6500001,-44.474396,1.0,55.0,0.117196328125,False,REGULAR,USD,2026-06-23,7406.47998046875,0.0362799978256225,call,1.0517816858403195,0.0410958904109589,1.275
SPXW260623C07800000,2026-06-08 15:03:44+00:00,7800.0,2.17,1.05,1.15,0.37000012,20.555563,24.0,119.0,0.1168911553955078,False,REGULAR,USD,2026-06-23,7406.47998046875,0.0362799978256225,call,1.053131854885044,0.0410958904109589,1.1
SPXW260623C07825000,2026-06-08 14:51:28+00:00,7825.0,1.3,0.75,0.9,0.2299999,21.495317,8.0,114.0,0.118874778137207,False,REGULAR,USD,2026-06-23,7406.47998046875,0.0362799978256225,call,1.0565072774968551,0.0410958904109589,0.825
SPXW260623C07850000,2026-06-08 08:53:01+00:00,7850.0,0.92,0.6,0.7,0.120000005,15.0,5.0,80.0,0.1207058145141601,False,REGULAR,USD,2026-06-23,7406.47998046875,0.0362799978256225,call,1.059882700108666,0.0410958904109589,0.6499999999999999
SPXW260623C07875000,2026-06-08 12:57:52+00:00,7875.0,1.16,0.45,0.6,0.61999995,114.814804,10.0,101.0,0.1239711627197265,False,REGULAR,USD,2026-06-23,7406.47998046875,0.0362799978256225,call,1.0632581227204772,0.0410958904109589,0.525
SPXW260624C07340000,2026-06-04 14:08:50+00:00,7340.0,248.12,149.4,150.4,0.0,0.0,1.0,2.0,0.1799550999450683,True,REGULAR,USD,2026-06-24,7406.47998046875,0.0362799978256225,call,0.991024078827721,0.0438356164383561,149.9
SPXW260624C07350000,2026-06-08 15:39:47+00:00,7350.0,168.16,142.6,143.2,18.080002,12.046909,2.0,293.0,0.1776624898147583,True,REGULAR,USD,2026-06-24,7406.47998046875,0.0362799978256225,call,0.9923742478724454,0.0438356164383561,142.89999999999998
SPXW260624C07360000,2026-05-27 13:58:32+00:00,7360.0,235.13,132.5,133.0,0.0,0.0,1.0,2.0,0.1703917495346069,True,REGULAR,USD,2026-06-24,7406.47998046875,0.0362799978256225,call,0.9937244169171698,0.0438356164383561,132.75
SPXW260624C07370000,2026-06-08 15:17:05+00:00,7370.0,161.77,128.8,129.4,6.220001,3.998715,2.0,8.0,0.1734549208068848,True,REGULAR,USD,2026-06-24,7406.47998046875,0.0362799978256225,call,0.9950745859618942,0.0438356164383561,129.10000000000002
SPXW260624C07375000,2026-06-08 17:02:37+00:00,7375.0,132.28,122.8,123.2,5.459999,4.3053136,1.0,302.0,0.1679255724143982,True,REGULAR,USD,2026-06-24,7406.47998046875,0.0362799978256225,call,0.9957496704842564,0.0438356164383561,123.0
SPXW260624C07380000,2026-06-08 17:02:37+00:00,7380.0,128.88,122.0,122.5,5.220001,4.221253,5.0,95.0,0.1710478709030151,True,REGULAR,USD,2026-06-24,7406.47998046875,0.0362799978256225,call,0.9964247550066186,0.0438356164383561,122.25
SPXW260624C07390000,2026-06-05 19:46:04+00:00,7390.0,120.1,115.6,116.2,0.0,0.0,1.0,2.0,0.1693732355499267,True,REGULAR,USD,2026-06-24,7406.47998046875,0.0362799978256225,call,0.997774924051343,0.0438356164383561,115.9
SPXW260624C07400000,2026-06-08 18:34:59+00:00,7400.0,119.85,107.3,107.8,6.0499954,5.31634,3.0,64.0,0.1641833918190002,True,REGULAR,USD,2026-06-24,7406.47998046875,0.0362799978256225,call,0.9991250930960676,0.0438356164383561,107.55
SPXW260624C07410000,2026-06-05 19:46:04+00:00,7410.0,118.8,101.4,102.0,11.100006,10.306413,1.0,24.0,0.1628463537979126,False,REGULAR,USD,2026-06-24,7406.47998046875,0.0362799978256225,call,1.000475262140792,0.0438356164383561,101.7
SPXW260624C07415000,2026-06-05 18:44:22+00:00,7415.0,113.2,97.5,98.0,0.0,0.0,32.0,9.0,0.1603668253707885,False,REGULAR,USD,2026-06-24,7406.47998046875,0.0362799978256225,call,1.0011503466631542,0.0438356164383561,97.75
SPXW260624C07420000,2026-06-05 18:42:05+00:00,7420.0,110.8,97.0,97.4,0.0,0.0,25.0,106.0,0.1631553411865234,False,REGULAR,USD,2026-06-24,7406.47998046875,0.0362799978256225,call,1.0018254311855164,0.0438356164383561,97.2
SPXW260624C07425000,2026-06-08 15:54:11+00:00,7425.0,116.0,91.6,92.2,5.5999985,5.0724626,15.0,29.0,0.1586654874038696,False,REGULAR,USD,2026-06-24,7406.47998046875,0.0362799978256225,call,1.0025005157078786,0.0438356164383561,91.9
SPXW260624C07430000,2026-06-08 17:29:15+00:00,7430.0,100.9,91.0,91.5,-1.4000015,-1.3685254,6.0,29.0,0.1611812550926208,False,REGULAR,USD,2026-06-24,7406.47998046875,0.0362799978256225,call,1.0031756002302408,0.0438356164383561,91.25
SPXW260624C07435000,2026-06-08 13:58:54+00:00,7435.0,100.0,88.4,88.8,4.4000015,4.6025124,1.0,13.0,0.1604927091217041,False,REGULAR,USD,2026-06-24,7406.47998046875,0.0362799978256225,call,1.003850684752603,0.0438356164383561,88.6
SPXW260624C07440000,2026-06-05 18:45:51+00:00,7440.0,107.63,84.8,85.3,11.029999,11.418219,60.0,6.0,0.1584785691070556,False,REGULAR,USD,2026-06-24,7406.47998046875,0.0362799978256225,call,1.0045257692749652,0.0438356164383561,85.05
SPXW260624C07445000,2026-06-08 17:09:37+00:00,7445.0,88.61,80.3,80.8,-21.89,-19.809956,14.0,13.0,0.1548088670349121,False,REGULAR,USD,2026-06-24,7406.47998046875,0.0362799978256225,call,1.0052008537973274,0.0438356164383561,80.55
SPXW260624C07450000,2026-06-08 18:28:53+00:00,7450.0,89.46,80.0,80.5,-15.940002,-15.123342,25.0,50.0,0.1577270812606811,False,REGULAR,USD,2026-06-24,7406.47998046875,0.0362799978256225,call,1.0058759383196896,0.0438356164383561,80.25
SPXW260624C07455000,2026-06-08 14:51:56+00:00,7455.0,102.8,77.1,77.6,-2.399994,-2.281363,2.0,28.0,0.1564587071037292,False,REGULAR,USD,2026-06-24,7406.47998046875,0.0362799978256225,call,1.0065510228420518,0.0438356164383561,77.35
SPXW260624C07460000,2026-06-05 18:02:20+00:00,7460.0,90.16,72.4,73.0,-14.439995,-13.804967,1.0,46.0,0.1523980024719238,False,REGULAR,USD,2026-06-24,7406.47998046875,0.0362799978256225,call,1.007226107364414,0.0438356164383561,72.7
SPXW260624C07465000,2026-06-08 14:35:11+00:00,7465.0,87.7,71.8,72.4,11.699997,15.394733,1.0,9.0,0.1546715393066406,False,REGULAR,USD,2026-06-24,7406.47998046875,0.0362799978256225,call,1.0079011918867762,0.0438356164383561,72.1
SPXW260624C07470000,2026-06-08 15:14:53+00:00,7470.0,93.6,69.4,69.8,-4.9000015,-4.974621,8.0,2.0,0.1536701912879944,False,REGULAR,USD,2026-06-24,7406.47998046875,0.0362799978256225,call,1.0085762764091384,0.0438356164383561,69.6
SPXW260624C07475000,2026-06-08 15:33:08+00:00,7475.0,80.83,65.6,66.1,10.130005,14.328155,2.0,24.0,0.1508111042785644,False,REGULAR,USD,2026-06-24,7406.47998046875,0.0362799978256225,call,1.0092513609315006,0.0438356164383561,65.85
SPXW260624C07480000,2026-06-08 14:52:15+00:00,7480.0,84.62,64.6,65.0,12.480003,17.2997,5.0,12.0,0.1521004590606689,False,REGULAR,USD,2026-06-24,7406.47998046875,0.0362799978256225,call,1.0099264454538628,0.0438356164383561,64.8
SPXW260624C07485000,2026-06-05 15:54:36+00:00,7485.0,98.4,62.0,62.4,0.0,0.0,1.0,1.0,0.1508797681427002,False,REGULAR,USD,2026-06-24,7406.47998046875,0.0362799978256225,call,1.010601529976225,0.0438356164383561,62.2
SPXW260624C07490000,2026-06-05 19:55:16+00:00,7490.0,66.6,59.6,60.0,0.0,0.0,14.0,10.0,0.1499070300674438,False,REGULAR,USD,2026-06-24,7406.47998046875,0.0362799978256225,call,1.0112766144985872,0.0438356164383561,59.8
SPXW260624C07495000,2026-06-05 15:19:25+00:00,7495.0,101.08,57.4,57.9,0.0,0.0,2.0,2.0,0.1493577191543579,False,REGULAR,USD,2026-06-24,7406.47998046875,0.0362799978256225,call,1.0119516990209494,0.0438356164383561,57.65
SPXW260624C07500000,2026-06-08 17:49:08+00:00,7500.0,60.01,55.0,55.5,-2.3200035,-3.7221296,8.0,87.0,0.1482323947143555,False,REGULAR,USD,2026-06-24,7406.47998046875,0.0362799978256225,call,1.0126267835433116,0.0438356164383561,55.25
SPXW260624C07505000,2026-06-08 14:37:39+00:00,7505.0,67.56,51.8,52.2,6.579998,10.790421,5.0,6.0,0.1454896548080444,False,REGULAR,USD,2026-06-24,7406.47998046875,0.0362799978256225,call,1.0133018680656738,0.0438356164383561,52.0
SPXW260624C07510000,2026-06-08 14:18:07+00:00,7510.0,60.57,50.8,51.2,-23.529999,-27.978598,1.0,59.0,0.146580647315979,False,REGULAR,USD,2026-06-24,7406.47998046875,0.0362799978256225,call,1.013976952588036,0.0438356164383561,51.0
SPXW260624C07515000,2026-06-05 16:04:31+00:00,7515.0,81.0,48.7,49.1,0.0,0.0,44.0,10.0,0.1457185343551635,False,REGULAR,USD,2026-06-24,7406.47998046875,0.0362799978256225,call,1.0146520371103982,0.0438356164383561,48.900000000000006
SPXW260624C07520000,2026-06-08 14:37:39+00:00,7520.0,60.3,46.7,47.1,-9.399998,-13.486367,82.0,22.0,0.1449479732131958,False,REGULAR,USD,2026-06-24,7406.47998046875,0.0362799978256225,call,1.0153271216327604,0.0438356164383561,46.900000000000006
SPXW260624C07525000,2026-06-05 19:56:54+00:00,7525.0,64.9,44.5,45.0,13.170002,25.45912,2.0,67.0,0.1439180152511596,False,REGULAR,USD,2026-06-24,7406.47998046875,0.0362799978256225,call,1.0160022061551226,0.0438356164383561,44.75
SPXW260624C07530000,2026-06-08 14:30:17+00:00,7530.0,54.07,42.6,43.0,-14.760002,-21.444141,20.0,34.0,0.1429777017784118,False,REGULAR,USD,2026-06-24,7406.47998046875,0.0362799978256225,call,1.0166772906774848,0.0438356164383561,42.8
SPXW260624C07535000,2026-06-08 14:33:33+00:00,7535.0,52.5,40.7,41.1,-29.449997,-35.936546,2.0,8.0,0.1421289401245117,False,REGULAR,USD,2026-06-24,7406.47998046875,0.0362799978256225,call,1.017352375199847,0.0438356164383561,40.900000000000006
SPXW260624C07540000,2026-06-08 14:30:17+00:00,7540.0,53.49,39.0,39.4,5.420002,11.275228,10.0,18.0,0.1415605559158325,False,REGULAR,USD,2026-06-24,7406.47998046875,0.0362799978256225,call,1.0180274597222092,0.0438356164383561,39.2
SPXW260624C07550000,2026-06-08 17:20:49+00:00,7550.0,38.2,35.4,35.8,0.08000183,0.2098684,9.0,118.0,0.1397905540847778,False,REGULAR,USD,2026-06-24,7406.47998046875,0.0362799978256225,call,1.0193776287669338,0.0438356164383561,35.599999999999994
SPXW260624C07555000,2026-06-05 16:52:15+00:00,7555.0,55.34,33.6,34.0,0.0,0.0,1.0,13.0,0.1387605961227417,False,REGULAR,USD,2026-06-24,7406.47998046875,0.0362799978256225,call,1.020052713289296,0.0438356164383561,33.8
SPXW260624C07560000,2026-06-08 15:52:45+00:00,7560.0,45.19,31.0,31.5,-69.11,-60.46369,31.0,25.0,0.1362467357635498,False,REGULAR,USD,2026-06-24,7406.47998046875,0.0362799978256225,call,1.0207277978116582,0.0438356164383561,31.25
SPXW260624C07570000,2026-06-08 13:44:39+00:00,7570.0,38.17,29.0,29.4,-2.5300026,-6.2162223,3.0,58.0,0.1366739775848388,False,REGULAR,USD,2026-06-24,7406.47998046875,0.0362799978256225,call,1.0220779668563826,0.0438356164383561,29.2
SPXW260624C07575000,2026-06-08 15:09:38+00:00,7575.0,32.82,26.6,27.0,-19.18,-36.884617,17.0,94.0,0.133973198928833,False,REGULAR,USD,2026-06-24,7406.47998046875,0.0362799978256225,call,1.0227530513787448,0.0438356164383561,26.8
SPXW260624C07580000,2026-06-05 17:29:28+00:00,7580.0,35.43,26.3,26.6,-7.5699997,-17.60465,2.0,51.0,0.1353617348480225,False,REGULAR,USD,2026-06-24,7406.47998046875,0.0362799978256225,call,1.023428135901107,0.0438356164383561,26.450000000000003
SPXW260624C07585000,2026-06-05 19:57:42+00:00,7585.0,29.0,24.8,25.1,0.0,0.0,2.0,10.0,0.1343470355224609,False,REGULAR,USD,2026-06-24,7406.47998046875,0.0362799978256225,call,1.0241032204234692,0.0438356164383561,24.950000000000003
SPXW260624C07590000,2026-06-05 17:37:47+00:00,7590.0,32.7,23.6,23.9,-8.5,-20.631067,1.0,27.0,0.1338816471099853,False,REGULAR,USD,2026-06-24,7406.47998046875,0.0362799978256225,call,1.0247783049458314,0.0438356164383561,23.75
SPXW260624C07595000,2026-06-08 14:56:24+00:00,7595.0,32.21,22.2,22.6,-9.690002,-23.126497,1.0,3.0,0.1330996419906616,False,REGULAR,USD,2026-06-24,7406.47998046875,0.0362799978256225,call,1.0254533894681936,0.0438356164383561,22.4
SPXW260624C07600000,2026-06-08 18:48:11+00:00,7600.0,24.5,20.9,21.3,-2.5699997,-9.493904,764.0,1660.0,0.1322108264160156,False,REGULAR,USD,2026-06-24,7406.47998046875,0.0362799978256225,call,1.0261284739905558,0.0438356164383561,21.1
SPXW260624C07605000,2026-06-05 16:05:26+00:00,7605.0,38.2,19.7,20.1,0.0,0.0,1.0,0.0,0.1314478945922851,False,REGULAR,USD,2026-06-24,7406.47998046875,0.0362799978256225,call,1.026803558512918,0.0438356164383561,19.9
SPXW260624C07610000,2026-06-08 16:40:55+00:00,7610.0,23.64,18.4,18.8,-0.8500004,-3.470806,17.0,27.0,0.1303263848114013,False,REGULAR,USD,2026-06-24,7406.47998046875,0.0362799978256225,call,1.0274786430352802,0.0438356164383561,18.6
SPXW260624C07615000,2026-06-08 15:07:34+00:00,7615.0,29.65,17.6,18.0,-5.1499996,-14.798849,1.0,2.0,0.1303378287887572,False,REGULAR,USD,2026-06-24,7406.47998046875,0.0362799978256225,call,1.0281537275576424,0.0438356164383561,17.8
SPXW260624C07620000,2026-06-08 17:08:34+00:00,7620.0,19.7,15.9,16.2,-12.689999,-39.178757,5.0,13.0,0.1276713820648193,False,REGULAR,USD,2026-06-24,7406.47998046875,0.0362799978256225,call,1.0288288120800049,0.0438356164383561,16.05
SPXW260624C07625000,2026-06-08 18:44:28+00:00,7625.0,17.6,14.9,15.2,-0.9599991,-5.172409,9.0,549.0,0.1269237088775634,False,REGULAR,USD,2026-06-24,7406.47998046875,0.0362799978256225,call,1.0295038966023669,0.0438356164383561,15.05
SPXW260624C07630000,2026-06-05 16:59:42+00:00,7630.0,29.37,14.6,15.0,0.0,0.0,3.0,7.0,0.128289356842041,False,REGULAR,USD,2026-06-24,7406.47998046875,0.0362799978256225,call,1.030178981124729,0.0438356164383561,14.8
SPXW260624C07635000,2026-06-05 16:05:26+00:00,7635.0,28.6,13.6,14.0,0.0,0.0,2.0,2.0,0.1273738386535644,False,REGULAR,USD,2026-06-24,7406.47998046875,0.0362799978256225,call,1.0308540656470913,0.0438356164383561,13.8
SPXW260624C07640000,2026-06-08 18:40:32+00:00,7640.0,14.6,12.8,13.1,-3.8400002,-20.824295,17.0,7.0,0.1266185361480712,False,REGULAR,USD,2026-06-24,7406.47998046875,0.0362799978256225,call,1.0315291501694537,0.0438356164383561,12.95
SPXW260624C07645000,2026-06-05 15:54:30+00:00,7645.0,20.87,12.1,12.4,-5.7299995,-21.541351,2.0,1.0,0.1263553246688842,False,REGULAR,USD,2026-06-24,7406.47998046875,0.0362799978256225,call,1.0322042346918157,0.0438356164383561,12.25
SPXW260624C07650000,2026-06-08 18:47:19+00:00,7650.0,13.4,11.3,11.7,-2.1400003,-13.770916,24.0,362.0,0.1260005613708495,False,REGULAR,USD,2026-06-24,7406.47998046875,0.0362799978256225,call,1.032879319214178,0.0438356164383561,11.5
SPXW260624C07655000,2026-06-05 16:23:35+00:00,7655.0,23.6,10.6,10.9,0.0,0.0,2.0,,0.1252185562515259,False,REGULAR,USD,2026-06-24,7406.47998046875,0.0362799978256225,call,1.03355440373654,0.0438356164383561,10.75
SPXW260624C07660000,2026-06-08 18:40:20+00:00,7660.0,11.47,10.0,10.3,-4.37,-27.588383,5.0,26.0,0.124985862045288,False,REGULAR,USD,2026-06-24,7406.47998046875,0.0362799978256225,call,1.0342294882589025,0.0438356164383561,10.15
SPXW260624C07670000,2026-06-08 01:42:42+00:00,7670.0,13.86,8.3,8.6,0.6199999,4.682779,2.0,113.0,0.1224071524810791,False,REGULAR,USD,2026-06-24,7406.47998046875,0.0362799978256225,call,1.0355796573036269,0.0438356164383561,8.45
SPXW260624C07675000,2026-06-08 14:33:53+00:00,7675.0,12.1,7.7,8.0,-0.6899996,-5.394836,3.0,90.0,0.1217968070220947,False,REGULAR,USD,2026-06-24,7406.47998046875,0.0362799978256225,call,1.0362547418259889,0.0438356164383561,7.85
SPXW260624C07680000,2026-06-05 15:40:20+00:00,7680.0,15.05,7.5,7.9,-2.4499998,-13.999999,1.0,84.0,0.12305564453125,False,REGULAR,USD,2026-06-24,7406.47998046875,0.0362799978256225,call,1.036929826348351,0.0438356164383561,7.7
SPXW260624C07690000,2026-06-05 18:00:07+00:00,7690.0,13.62,6.6,6.9,0.0,0.0,5.0,18.0,0.1222164195251465,False,REGULAR,USD,2026-06-24,7406.47998046875,0.0362799978256225,call,1.0382799953930757,0.0438356164383561,6.75
SPXW260624C07700000,2026-06-08 18:40:20+00:00,7700.0,6.7,5.7,6.0,0.0,0.0,23.0,157.0,0.1213771945190429,False,REGULAR,USD,2026-06-24,7406.47998046875,0.0362799978256225,call,1.0396301644378,0.0438356164383561,5.85
SPXW260624C07710000,2026-06-08 13:30:03+00:00,7710.0,5.81,4.7,4.9,-1.29,-18.169014,5.0,45.0,0.1190273645019531,False,REGULAR,USD,2026-06-24,7406.47998046875,0.0362799978256225,call,1.0409803334825245,0.0438356164383561,4.800000000000001
SPXW260624C07720000,2026-06-05 17:40:36+00:00,7720.0,10.1,4.3,4.5,0.0,0.0,7.0,11.0,0.1198360722351074,False,REGULAR,USD,2026-06-24,7406.47998046875,0.0362799978256225,call,1.042330502527249,0.0438356164383561,4.4
SPXW260624C07725000,2026-06-08 18:40:20+00:00,7725.0,4.74,4.0,4.2,-1.5,-24.038462,26.0,107.0,0.1195919340515136,False,REGULAR,USD,2026-06-24,7406.47998046875,0.0362799978256225,call,1.043005587049611,0.0438356164383561,4.1
SPXW260624C07730000,2026-06-05 18:31:52+00:00,7730.0,6.43,3.7,3.9,0.0,0.0,8.0,18.0,0.1192486147308349,False,REGULAR,USD,2026-06-24,7406.47998046875,0.0362799978256225,call,1.0436806715719733,0.0438356164383561,3.8
SPXW260624C07740000,2026-06-08 19:10:12+00:00,7740.0,3.3,3.2,3.4,-9.3,-73.809525,27.0,7.0,0.1188900367736816,False,REGULAR,USD,2026-06-24,7406.47998046875,0.0362799978256225,call,1.0450308406166977,0.0438356164383561,3.3
SPXW260624C07750000,2026-06-08 13:50:51+00:00,7750.0,4.75,2.7,2.9,0.8900001,23.056997,50.0,670.0,0.1181118463134765,False,REGULAR,USD,2026-06-24,7406.47998046875,0.0362799978256225,call,1.046381009661422,0.0438356164383561,2.8
SPXW260624C07760000,2026-06-05 18:26:02+00:00,7760.0,5.9,2.35,2.45,1.5999999,37.209297,4.0,7.0,0.1172421040344238,False,REGULAR,USD,2026-06-24,7406.47998046875,0.0362799978256225,call,1.0477311787061463,0.0438356164383561,2.4000000000000004
SPXW260624C07775000,2026-06-08 17:14:12+00:00,7775.0,2.35,1.85,1.95,-0.83000016,-26.100634,24.0,202.0,0.1166317585754394,False,REGULAR,USD,2026-06-24,7406.47998046875,0.0362799978256225,call,1.0497564322732331,0.0438356164383561,1.9
SPXW260624C07800000,2026-06-08 17:31:04+00:00,7800.0,1.82,1.35,1.4,-0.45999992,-20.175436,80.0,127.0,0.1167690863037109,False,REGULAR,USD,2026-06-24,7406.47998046875,0.0362799978256225,call,1.053131854885044,0.0438356164383561,1.375
SPXW260624C07825000,2026-06-08 18:35:34+00:00,7825.0,1.25,0.95,1.1,-0.8900001,-41.588787,133.0,146.0,0.118600122680664,False,REGULAR,USD,2026-06-24,7406.47998046875,0.0362799978256225,call,1.0565072774968551,0.0438356164383561,1.025
SPXW260624C07850000,2026-06-08 17:58:33+00:00,7850.0,0.86,0.7,0.85,-0.64,-42.666668,37.0,48.0,0.1201259863281249,False,REGULAR,USD,2026-06-24,7406.47998046875,0.0362799978256225,call,1.059882700108666,0.0438356164383561,0.7749999999999999
SPXW260624C07875000,2026-06-05 18:02:03+00:00,7875.0,1.07,0.55,0.7,0.0,0.0,27.0,249.0,0.1226284027099609,False,REGULAR,USD,2026-06-24,7406.47998046875,0.0362799978256225,call,1.0632581227204772,0.0438356164383561,0.625
SPXW260624C07900000,2026-06-08 17:31:10+00:00,7900.0,0.57,0.45,0.55,0.01999998,3.6363602,23.0,68.0,0.1243373699951172,False,REGULAR,USD,2026-06-24,7406.47998046875,0.0362799978256225,call,1.0666335453322884,0.0438356164383561,0.5
SPXW260624C07975000,2026-06-05 18:22:02+00:00,7975.0,0.37,0.3,0.4,0.0,0.0,5.0,6.0,0.1351404846191406,False,REGULAR,USD,2026-06-24,7406.47998046875,0.0362799978256225,call,1.0767598131677214,0.0438356164383561,0.35
SPXW260625C07350000,2026-06-08 19:10:27+00:00,7350.0,146.0,143.8,144.6,-4.100006,-2.7315164,3.0,56.0,0.1748396420669555,True,REGULAR,USD,2026-06-25,7406.47998046875,0.0362799978256225,call,0.9923742478724454,0.0465753424657534,144.2
SPXW260625C07360000,2026-05-29 15:18:03+00:00,7360.0,280.53,139.8,140.4,0.0,0.0,1.0,2.0,0.1770597736740112,True,REGULAR,USD,2026-06-25,7406.47998046875,0.0362799978256225,call,0.9937244169171698,0.0465753424657534,140.10000000000002
SPXW260625C07370000,2026-06-08 13:58:05+00:00,7370.0,145.5,130.5,131.0,-86.3,-37.23037,2.0,1.0,0.1710326122665405,True,REGULAR,USD,2026-06-25,7406.47998046875,0.0362799978256225,call,0.9950745859618942,0.0465753424657534,130.75
SPXW260625C07375000,2026-06-04 17:15:37+00:00,7375.0,254.7,127.2,127.7,0.0,0.0,1.0,14.0,0.170111372089386,True,REGULAR,USD,2026-06-25,7406.47998046875,0.0362799978256225,call,0.9957496704842564,0.0465753424657534,127.45
SPXW260625C07380000,2026-06-05 16:05:29+00:00,7380.0,170.01,123.7,124.2,0.0,0.0,1.0,90.0,0.1688353686141968,True,REGULAR,USD,2026-06-25,7406.47998046875,0.0362799978256225,call,0.9964247550066186,0.0465753424657534,123.95
SPXW260625C07390000,2026-06-05 19:58:49+00:00,7390.0,150.69,118.3,118.8,27.490005,22.313316,1.0,61.0,0.1685759717941284,True,REGULAR,USD,2026-06-25,7406.47998046875,0.0362799978256225,call,0.997774924051343,0.0465753424657534,118.55
SPXW260625C07400000,2026-06-08 18:54:26+00:00,7400.0,122.0,113.8,114.4,-0.6500015,-0.52996457,84.0,119.0,0.1696250030517578,True,REGULAR,USD,2026-06-25,7406.47998046875,0.0362799978256225,call,0.9991250930960676,0.0465753424657534,114.1
SPXW260625C07420000,2026-06-08 17:14:07+00:00,7420.0,107.35,101.6,102.2,12.479996,13.154838,63.0,142.0,0.1658771004676819,False,REGULAR,USD,2026-06-25,7406.47998046875,0.0362799978256225,call,1.0018254311855164,0.0465753424657534,101.9
SPXW260625C07425000,2026-06-08 13:32:43+00:00,7425.0,113.52,96.2,97.0,21.399994,23.230562,2.0,29.0,0.1615188524246215,False,REGULAR,USD,2026-06-25,7406.47998046875,0.0362799978256225,call,1.0025005157078786,0.0465753424657534,96.6
SPXW260625C07430000,2026-06-08 14:47:48+00:00,7430.0,120.0,95.8,96.4,-18.919998,-13.619348,14.0,65.0,0.1641242646026611,False,REGULAR,USD,2026-06-25,7406.47998046875,0.0362799978256225,call,1.0031756002302408,0.0465753424657534,96.1
SPXW260625C07440000,2026-06-08 03:50:22+00:00,7440.0,103.11,88.2,88.8,-30.39,-22.764046,11.0,62.0,0.1593807359886169,False,REGULAR,USD,2026-06-25,7406.47998046875,0.0362799978256225,call,1.0045257692749652,0.0465753424657534,88.5
SPXW260625C07445000,2026-06-05 19:48:32+00:00,7445.0,114.24,87.2,87.7,19.71,20.850523,1.0,1.0,0.1610572786712646,False,REGULAR,USD,2026-06-25,7406.47998046875,0.0362799978256225,call,1.0052008537973274,0.0465753424657534,87.45
SPXW260625C07450000,2026-06-08 18:49:22+00:00,7450.0,90.53,84.5,85.1,1.8799973,2.1206963,6.0,54.0,0.1603744546890259,False,REGULAR,USD,2026-06-25,7406.47998046875,0.0362799978256225,call,1.0058759383196896,0.0465753424657534,84.8
SPXW260625C07455000,2026-06-08 13:59:27+00:00,7455.0,90.09,81.8,82.4,3.0699997,3.5279243,11.0,5.0,0.1594741951370239,False,REGULAR,USD,2026-06-25,7406.47998046875,0.0362799978256225,call,1.0065510228420518,0.0465753424657534,82.1
SPXW260625C07460000,2026-06-08 14:26:08+00:00,7460.0,93.65,79.2,79.6,-13.979996,-12.988939,3.0,8.0,0.1583565000152587,False,REGULAR,USD,2026-06-25,7406.47998046875,0.0362799978256225,call,1.007226107364414,0.0465753424657534,79.4
SPXW260625C07470000,2026-06-08 12:53:26+00:00,7470.0,96.3,73.8,74.2,-12.909996,-11.821259,2.0,3.0,0.1562336422157287,False,REGULAR,USD,2026-06-25,7406.47998046875,0.0362799978256225,call,1.0085762764091384,0.0465753424657534,74.0
SPXW260625C07475000,2026-06-08 18:30:35+00:00,7475.0,81.47,71.4,72.0,4.709999,6.136007,54.0,86.0,0.1558578982925415,False,REGULAR,USD,2026-06-25,7406.47998046875,0.0362799978256225,call,1.0092513609315006,0.0465753424657534,71.7
SPXW260625C07480000,2026-06-05 19:57:13+00:00,7480.0,74.26,68.8,69.2,0.0,0.0,6.0,16.0,0.154469362373352,False,REGULAR,USD,2026-06-25,7406.47998046875,0.0362799978256225,call,1.0099264454538628,0.0465753424657534,69.0
SPXW260625C07485000,2026-06-08 15:10:26+00:00,7485.0,90.5,66.4,66.9,-13.32,-12.829898,2.0,9.0,0.1538017970275879,False,REGULAR,USD,2026-06-25,7406.47998046875,0.0362799978256225,call,1.010601529976225,0.0465753424657534,66.65
SPXW260625C07490000,2026-06-08 15:10:26+00:00,7490.0,87.7,62.0,62.6,-14.0,-13.765979,12.0,79.0,0.14986125415802,False,REGULAR,USD,2026-06-25,7406.47998046875,0.0362799978256225,call,1.0112766144985872,0.0465753424657534,62.3
SPXW260625C07495000,2026-06-05 17:36:02+00:00,7495.0,88.6,59.7,60.2,0.0,0.0,7.0,4.0,0.148873257446289,False,REGULAR,USD,2026-06-25,7406.47998046875,0.0362799978256225,call,1.0119516990209494,0.0465753424657534,59.95
SPXW260625C07500000,2026-06-08 18:49:22+00:00,7500.0,64.33,59.3,59.8,-0.47000122,-0.7253105,19.0,1036.0,0.1510666864395142,False,REGULAR,USD,2026-06-25,7406.47998046875,0.0362799978256225,call,1.0126267835433116,0.0465753424657534,59.55
SPXW260625C07505000,2026-06-08 15:13:40+00:00,7505.0,79.51,57.0,57.5,23.780003,42.67002,5.0,10.0,0.1501149289894104,False,REGULAR,USD,2026-06-25,7406.47998046875,0.0362799978256225,call,1.0133018680656738,0.0465753424657534,57.25
SPXW260625C07510000,2026-06-08 14:42:50+00:00,7510.0,65.55,53.0,53.5,11.840004,22.04432,7.0,19.0,0.1462716599273681,False,REGULAR,USD,2026-06-25,7406.47998046875,0.0362799978256225,call,1.013976952588036,0.0465753424657534,53.25
SPXW260625C07515000,2026-06-05 15:54:25+00:00,7515.0,65.56,52.6,53.0,-21.440002,-24.64368,1.0,12.0,0.1481503795433044,False,REGULAR,USD,2026-06-25,7406.47998046875,0.0362799978256225,call,1.0146520371103982,0.0465753424657534,52.8
SPXW260625C07520000,2026-06-08 17:14:07+00:00,7520.0,54.55,50.6,51.2,-5.920002,-9.789981,72.0,107.0,0.1478089675521851,False,REGULAR,USD,2026-06-25,7406.47998046875,0.0362799978256225,call,1.0153271216327604,0.0465753424657534,50.900000000000006
SPXW260625C07525000,2026-06-08 18:41:00+00:00,7525.0,52.2,47.9,48.4,4.4400024,9.296488,26.0,52.0,0.1456937390708923,False,REGULAR,USD,2026-06-25,7406.47998046875,0.0362799978256225,call,1.0160022061551226,0.0465753424657534,48.15
SPXW260625C07530000,2026-06-05 20:01:40+00:00,7530.0,45.89,46.5,47.0,0.0,0.0,12.0,40.0,0.1458863793563842,False,REGULAR,USD,2026-06-25,7406.47998046875,0.0362799978256225,call,1.0166772906774848,0.0465753424657534,46.75
SPXW260625C07535000,2026-06-05 13:31:20+00:00,7535.0,97.8,43.1,43.8,0.0,0.0,1.0,1.0,0.1428766133117676,False,REGULAR,USD,2026-06-25,7406.47998046875,0.0362799978256225,call,1.017352375199847,0.0465753424657534,43.45
SPXW260625C07540000,2026-06-08 18:30:35+00:00,7540.0,50.33,42.2,42.6,-18.989998,-27.394688,54.0,21.0,0.1432695232009888,False,REGULAR,USD,2026-06-25,7406.47998046875,0.0362799978256225,call,1.0180274597222092,0.0465753424657534,42.400000000000006
SPXW260625C07550000,2026-06-08 18:22:32+00:00,7550.0,45.25,39.0,39.4,0.79999924,1.7997733,8.0,185.0,0.1424455568313599,False,REGULAR,USD,2026-06-25,7406.47998046875,0.0362799978256225,call,1.0193776287669338,0.0465753424657534,39.2
SPXW260625C07555000,2026-06-08 14:37:03+00:00,7555.0,49.6,37.2,37.6,7.1299973,16.788315,3.0,6.0,0.1415529265975952,False,REGULAR,USD,2026-06-25,7406.47998046875,0.0362799978256225,call,1.020052713289296,0.0465753424657534,37.400000000000006
SPXW260625C07560000,2026-06-05 17:27:04+00:00,7560.0,41.5,34.3,35.0,-13.25,-24.200912,8.0,22.0,0.1390695835113525,False,REGULAR,USD,2026-06-25,7406.47998046875,0.0362799978256225,call,1.0207277978116582,0.0465753424657534,34.65
SPXW260625C07565000,2026-06-05 19:42:35+00:00,7565.0,37.98,33.0,33.4,0.0,0.0,24.0,24.0,0.1383486129379272,False,REGULAR,USD,2026-06-25,7406.47998046875,0.0362799978256225,call,1.0214028823340204,0.0465753424657534,33.2
SPXW260625C07570000,2026-06-05 17:27:04+00:00,7570.0,46.46,32.2,32.6,-4.09,-8.091,2.0,19.0,0.1390924714660644,False,REGULAR,USD,2026-06-25,7406.47998046875,0.0362799978256225,call,1.0220779668563826,0.0465753424657534,32.400000000000006
SPXW260625C07575000,2026-06-08 18:28:53+00:00,7575.0,35.99,29.9,30.2,-2.6599998,-6.8822765,9.0,171.0,0.1366396456527709,False,REGULAR,USD,2026-06-25,7406.47998046875,0.0362799978256225,call,1.0227530513787448,0.0465753424657534,30.05
SPXW260625C07580000,2026-06-04 19:45:53+00:00,7580.0,104.78,29.2,29.5,0.0,0.0,11.0,59.0,0.1374559827041626,False,REGULAR,USD,2026-06-25,7406.47998046875,0.0362799978256225,call,1.023428135901107,0.0465753424657534,29.35
SPXW260625C07585000,2026-06-08 17:56:33+00:00,7585.0,31.36,27.9,28.2,-14.59,-31.751904,2.0,2.0,0.1370058529281616,False,REGULAR,USD,2026-06-25,7406.47998046875,0.0362799978256225,call,1.0241032204234692,0.0465753424657534,28.05
SPXW260625C07590000,2026-06-05 19:36:10+00:00,7590.0,31.9,25.5,26.0,0.0,0.0,34.0,51.0,0.134587359046936,False,REGULAR,USD,2026-06-25,7406.47998046875,0.0362799978256225,call,1.0247783049458314,0.0465753424657534,25.75
SPXW260625C07600000,2026-06-08 18:47:05+00:00,7600.0,25.98,23.1,23.5,-2.5200005,-8.842107,25.0,188.0,0.1333971854019165,False,REGULAR,USD,2026-06-25,7406.47998046875,0.0362799978256225,call,1.0261284739905558,0.0465753424657534,23.3
SPXW260625C07605000,2026-06-08 16:05:51+00:00,7605.0,29.7,22.5,22.9,-23.7,-44.382023,14.0,10.0,0.1341219706344604,False,REGULAR,USD,2026-06-25,7406.47998046875,0.0362799978256225,call,1.026803558512918,0.0465753424657534,22.7
SPXW260625C07610000,2026-06-08 16:23:12+00:00,7610.0,29.55,20.6,20.9,-22.73,-43.47743,3.0,18.0,0.1315966662979126,False,REGULAR,USD,2026-06-25,7406.47998046875,0.0362799978256225,call,1.0274786430352802,0.0465753424657534,20.75
SPXW260625C07615000,2026-06-05 19:15:30+00:00,7615.0,23.11,20.3,20.6,0.0,0.0,4.0,2.0,0.1328898357391357,False,REGULAR,USD,2026-06-25,7406.47998046875,0.0362799978256225,call,1.0281537275576424,0.0465753424657534,20.450000000000003
SPXW260625C07620000,2026-06-08 17:11:26+00:00,7620.0,20.87,19.2,19.6,-5.629999,-21.245281,8.0,61.0,0.1324892965316772,False,REGULAR,USD,2026-06-25,7406.47998046875,0.0362799978256225,call,1.0288288120800049,0.0465753424657534,19.4
SPXW260625C07625000,2026-06-08 18:48:05+00:00,7625.0,21.15,17.4,17.8,-3.75,-15.060241,4.0,203.0,0.1300212120819091,False,REGULAR,USD,2026-06-25,7406.47998046875,0.0362799978256225,call,1.0295038966023669,0.0465753424657534,17.6
SPXW260625C07630000,2026-06-08 15:48:11+00:00,7630.0,25.65,17.2,17.5,1.6700001,6.964137,1.0,51.0,0.1311732391357422,False,REGULAR,USD,2026-06-25,7406.47998046875,0.0362799978256225,call,1.030178981124729,0.0465753424657534,17.35
SPXW260625C07635000,2026-06-08 08:56:11+00:00,7635.0,21.69,16.0,16.4,-2.8099995,-11.469385,53.0,13.0,0.1302272036743164,False,REGULAR,USD,2026-06-25,7406.47998046875,0.0362799978256225,call,1.0308540656470913,0.0465753424657534,16.2
SPXW260625C07640000,2026-06-08 17:11:26+00:00,7640.0,16.72,15.2,15.5,-20.480001,-55.05377,8.0,10.0,0.1297007807159423,False,REGULAR,USD,2026-06-25,7406.47998046875,0.0362799978256225,call,1.0315291501694537,0.0465753424657534,15.35
SPXW260625C07645000,2026-06-05 18:47:04+00:00,7645.0,19.3,14.2,14.6,0.0,0.0,48.0,46.0,0.1290751766204833,False,REGULAR,USD,2026-06-25,7406.47998046875,0.0362799978256225,call,1.0322042346918157,0.0465753424657534,14.4
SPXW260625C07650000,2026-06-08 18:48:05+00:00,7650.0,15.95,13.5,13.8,-0.96000004,-5.677114,11.0,141.0,0.1286326761627197,False,REGULAR,USD,2026-06-25,7406.47998046875,0.0362799978256225,call,1.032879319214178,0.0465753424657534,13.65
SPXW260625C07655000,2026-06-08 17:12:19+00:00,7655.0,13.73,12.4,12.8,-3.6200008,-20.864557,100.0,2.0,0.1275035370635986,False,REGULAR,USD,2026-06-25,7406.47998046875,0.0362799978256225,call,1.03355440373654,0.0465753424657534,12.6
SPXW260625C07660000,2026-06-08 18:57:40+00:00,7660.0,13.74,11.9,12.2,-9.18,-40.052357,22.0,84.0,0.1274501318359375,False,REGULAR,USD,2026-06-25,7406.47998046875,0.0362799978256225,call,1.0342294882589025,0.0465753424657534,12.05
SPXW260625C07670000,2026-06-08 18:49:15+00:00,7670.0,12.35,10.4,10.7,-0.4699993,-3.6661413,24.0,36.0,0.1261455184173584,False,REGULAR,USD,2026-06-25,7406.47998046875,0.0362799978256225,call,1.0355796573036269,0.0465753424657534,10.55
SPXW260625C07675000,2026-06-08 16:38:20+00:00,7675.0,12.88,9.9,10.2,-2.3000002,-15.151516,83.0,177.0,0.1261684063720703,False,REGULAR,USD,2026-06-25,7406.47998046875,0.0362799978256225,call,1.0362547418259889,0.0465753424657534,10.05
SPXW260625C07680000,2026-06-08 16:01:35+00:00,7680.0,13.01,9.2,9.5,0.44000053,3.5004022,2.0,31.0,0.1254207331848144,False,REGULAR,USD,2026-06-25,7406.47998046875,0.0362799978256225,call,1.036929826348351,0.0465753424657534,9.35
SPXW260625C07690000,2026-06-08 08:42:07+00:00,7690.0,12.64,8.1,8.3,0.97000027,8.3119135,45.0,53.0,0.1242992234039306,False,REGULAR,USD,2026-06-25,7406.47998046875,0.0362799978256225,call,1.0382799953930757,0.0465753424657534,8.2
SPXW260625C07700000,2026-06-08 19:01:23+00:00,7700.0,7.95,7.1,7.4,-1.6599998,-17.273672,32.0,138.0,0.12393301612854,False,REGULAR,USD,2026-06-25,7406.47998046875,0.0362799978256225,call,1.0396301644378,0.0465753424657534,7.25
SPXW260625C07710000,2026-06-08 18:57:40+00:00,7710.0,7.24,6.0,6.3,-1.2800007,-15.02348,44.0,399.0,0.1223232299804687,False,REGULAR,USD,2026-06-25,7406.47998046875,0.0362799978256225,call,1.0409803334825245,0.0465753424657534,6.15
SPXW260625C07720000,2026-06-08 18:49:15+00:00,7720.0,6.45,5.3,5.6,-1.1200004,-14.795249,3.0,48.0,0.1220638331604004,False,REGULAR,USD,2026-06-25,7406.47998046875,0.0362799978256225,call,1.042330502527249,0.0465753424657534,5.449999999999999
SPXW260625C07725000,2026-06-08 18:51:34+00:00,7725.0,6.0,4.9,5.2,-1.7399998,-22.480618,62.0,124.0,0.1215602981567382,False,REGULAR,USD,2026-06-25,7406.47998046875,0.0362799978256225,call,1.043005587049611,0.0465753424657534,5.050000000000001
SPXW260625C07730000,2026-06-08 16:33:07+00:00,7730.0,6.7,4.4,4.7,-6.3,-48.46154,32.0,23.0,0.1204006417846679,False,REGULAR,USD,2026-06-25,7406.47998046875,0.0362799978256225,call,1.0436806715719733,0.0465753424657534,4.550000000000001
SPXW260625C07740000,2026-06-08 13:54:32+00:00,7740.0,7.5,3.9,4.1,1.46,24.172186,1.0,20.0,0.1198589601898193,False,REGULAR,USD,2026-06-25,7406.47998046875,0.0362799978256225,call,1.0450308406166977,0.0465753424657534,4.0
SPXW260625C07750000,2026-06-08 18:04:59+00:00,7750.0,4.36,3.4,3.7,-1.1599998,-21.01449,65.0,269.0,0.1201870208740234,False,REGULAR,USD,2026-06-25,7406.47998046875,0.0362799978256225,call,1.046381009661422,0.0465753424657534,3.55
SPXW260625C07760000,2026-06-08 08:19:37+00:00,7760.0,4.64,3.0,3.2,-1.4500003,-23.809528,2.0,8.0,0.119576675415039,False,REGULAR,USD,2026-06-25,7406.47998046875,0.0362799978256225,call,1.0477311787061463,0.0465753424657534,3.1
SPXW260625C07770000,2026-06-05 13:41:14+00:00,7770.0,4.7,2.65,2.8,-6.3,-57.272728,1.0,5.0,0.1193020199584961,False,REGULAR,USD,2026-06-25,7406.47998046875,0.0362799978256225,call,1.049081347750871,0.0465753424657534,2.725
SPXW260625C07775000,2026-06-05 19:29:04+00:00,7775.0,3.93,2.4,2.5,0.0,0.0,20.0,44.0,0.1182186567687988,False,REGULAR,USD,2026-06-25,7406.47998046875,0.0362799978256225,call,1.0497564322732331,0.0465753424657534,2.45
SPXW260625C07800000,2026-06-08 18:59:08+00:00,7800.0,1.97,1.7,1.8,-0.17000008,-7.9439282,55.0,471.0,0.1180050358581542,False,REGULAR,USD,2026-06-25,7406.47998046875,0.0362799978256225,call,1.053131854885044,0.0465753424657534,1.75
SPXW260625C07825000,2026-06-08 17:43:09+00:00,7825.0,1.47,1.25,1.4,-0.55999994,-27.586203,92.0,205.0,0.1193935717773437,False,REGULAR,USD,2026-06-25,7406.47998046875,0.0362799978256225,call,1.0565072774968551,0.0465753424657534,1.325
SPXW260625C07850000,2026-06-08 18:04:59+00:00,7850.0,1.17,0.95,1.1,0.029999971,2.6315765,27.0,111.0,0.1209499526977539,False,REGULAR,USD,2026-06-25,7406.47998046875,0.0362799978256225,call,1.059882700108666,0.0465753424657534,1.025
SPXW260625C07875000,2026-06-08 15:37:37+00:00,7875.0,1.07,0.7,0.85,-1.0499998,-49.528297,19.0,95.0,0.1222011608886718,False,REGULAR,USD,2026-06-25,7406.47998046875,0.0362799978256225,call,1.0632581227204772,0.0465753424657534,0.7749999999999999
SPXW260625C07900000,2026-06-08 16:49:24+00:00,7900.0,0.81,0.55,0.7,0.100000024,14.08451,18.0,124.0,0.1245204736328125,False,REGULAR,USD,2026-06-25,7406.47998046875,0.0362799978256225,call,1.0666335453322884,0.0465753424657534,0.625
SPXW260625C07925000,2026-06-08 17:43:09+00:00,7925.0,0.52,0.45,0.6,-0.18,-25.714287,9.0,103.0,0.1273280627441406,False,REGULAR,USD,2026-06-25,7406.47998046875,0.0362799978256225,call,1.0700089679440994,0.0465753424657534,0.525
SPXW260625C07975000,2026-06-05 15:53:54+00:00,7975.0,0.59,0.35,0.45,0.0,0.0,40.0,42.0,0.1330653100585937,False,REGULAR,USD,2026-06-25,7406.47998046875,0.0362799978256225,call,1.0767598131677214,0.0465753424657534,0.4
SPXW260625C08000000,2026-06-05 19:52:54+00:00,8000.0,0.5,0.3,0.4,0.050000012,11.111114,2.0,340.0,0.1362391064453125,False,REGULAR,USD,2026-06-25,7406.47998046875,0.0362799978256225,call,1.0801352357795324,0.0465753424657534,0.35
SPXW260626C07340000,2026-06-05 19:14:11+00:00,7340.0,158.16,158.6,159.2,0.0,0.0,6.0,8.0,0.1830831204223632,True,REGULAR,USD,2026-06-26,7406.47998046875,0.0362799978256225,call,0.991024078827721,0.0493150684931506,158.89999999999998
SPXW260626C07350000,2026-06-08 17:27:23+00:00,7350.0,158.25,152.0,152.6,4.2400055,2.7530715,19.0,212.0,0.1817403604125976,True,REGULAR,USD,2026-06-26,7406.47998046875,0.0362799978256225,call,0.9923742478724454,0.0493150684931506,152.3
SPXW260626C07360000,2026-06-08 15:14:30+00:00,7360.0,178.83,145.2,146.0,27.779999,18.39126,8.0,30.0,0.180222126083374,True,REGULAR,USD,2026-06-26,7406.47998046875,0.0362799978256225,call,0.9937244169171698,0.0493150684931506,145.6
SPXW260626C07365000,2026-06-05 18:44:09+00:00,7365.0,153.72,138.6,139.2,0.0,0.0,1.0,1.0,0.1741377447891235,True,REGULAR,USD,2026-06-26,7406.47998046875,0.0362799978256225,call,0.994399501439532,0.0493150684931506,138.89999999999998
SPXW260626C07370000,2026-06-08 16:42:28+00:00,7370.0,152.96,135.3,135.8,25.90001,20.384079,2.0,28.0,0.1731306747817993,True,REGULAR,USD,2026-06-26,7406.47998046875,0.0362799978256225,call,0.9950745859618942,0.0493150684931506,135.55
SPXW260626C07375000,2026-06-05 19:47:57+00:00,7375.0,141.11,131.8,132.4,0.0,0.0,57.0,112.0,0.1720759215354919,True,REGULAR,USD,2026-06-26,7406.47998046875,0.0362799978256225,call,0.9957496704842564,0.0493150684931506,132.10000000000002
SPXW260626C07380000,2026-06-08 19:10:25+00:00,7380.0,130.67,131.7,132.2,13.669998,11.683759,96.0,167.0,0.1757513455963134,True,REGULAR,USD,2026-06-26,7406.47998046875,0.0362799978256225,call,0.9964247550066186,0.0493150684931506,131.95
SPXW260626C07385000,2026-06-05 19:37:36+00:00,7385.0,134.31,128.6,129.1,0.0,0.0,182.0,67.0,0.1750418190002441,True,REGULAR,USD,2026-06-26,7406.47998046875,0.0362799978256225,call,0.9970998395289808,0.0493150684931506,128.85
SPXW260626C07390000,2026-06-05 19:45:54+00:00,7390.0,149.28,125.0,125.5,19.679993,15.185179,2.0,277.0,0.1735407506370544,True,REGULAR,USD,2026-06-26,7406.47998046875,0.0362799978256225,call,0.997774924051343,0.0493150684931506,125.25
SPXW260626C07395000,2026-06-08 05:34:32+00:00,7395.0,119.12,120.0,120.6,-6.1800003,-4.932163,1.0,11.0,0.1700598741912842,True,REGULAR,USD,2026-06-26,7406.47998046875,0.0362799978256225,call,0.9984500085737052,0.0493150684931506,120.3
SPXW260626C07400000,2026-06-08 19:14:35+00:00,7400.0,117.39,117.2,117.7,-0.010002136,-0.008519707,207.0,220.0,0.1695067486190796,True,REGULAR,USD,2026-06-26,7406.47998046875,0.0362799978256225,call,0.9991250930960676,0.0493150684931506,117.45
SPXW260626C07405000,2026-06-08 17:31:03+00:00,7405.0,128.2,114.6,115.0,24.559998,23.697412,7.0,12.0,0.1691977612304687,True,REGULAR,USD,2026-06-26,7406.47998046875,0.0362799978256225,call,0.9998001776184297,0.0493150684931506,114.8
SPXW260626C07410000,2026-06-08 18:08:43+00:00,7410.0,122.8,110.0,110.4,1.2000046,0.9868459,13.0,113.0,0.1660201501846314,False,REGULAR,USD,2026-06-26,7406.47998046875,0.0362799978256225,call,1.000475262140792,0.0493150684931506,110.2
SPXW260626C07415000,2026-06-05 16:17:30+00:00,7415.0,146.67,109.6,110.2,0.0,0.0,10.0,10.0,0.1693160156631469,False,REGULAR,USD,2026-06-26,7406.47998046875,0.0362799978256225,call,1.0011503466631542,0.0493150684931506,109.9
SPXW260626C07420000,2026-06-08 18:56:23+00:00,7420.0,115.22,104.0,104.6,1.7200012,1.5154196,89.0,196.0,0.1645515064239502,False,REGULAR,USD,2026-06-26,7406.47998046875,0.0362799978256225,call,1.0018254311855164,0.0493150684931506,104.3
SPXW260626C07425000,2026-06-08 19:14:32+00:00,7425.0,102.42,102.1,102.7,-11.93,-10.432881,79.0,1534.0,0.1652190717697143,False,REGULAR,USD,2026-06-26,7406.47998046875,0.0362799978256225,call,1.0025005157078786,0.0493150684931506,102.4
SPXW260626C07430000,2026-06-08 17:35:33+00:00,7430.0,107.3,100.4,101.0,4.800003,4.68293,38.0,103.0,0.1661345899581909,False,REGULAR,USD,2026-06-26,7406.47998046875,0.0362799978256225,call,1.0031756002302408,0.0493150684931506,100.7
SPXW260626C07435000,2026-06-08 14:24:46+00:00,7435.0,119.73,95.3,95.8,17.380005,16.980953,65.0,6.0,0.1617896932220458,False,REGULAR,USD,2026-06-26,7406.47998046875,0.0362799978256225,call,1.003850684752603,0.0493150684931506,95.55
SPXW260626C07440000,2026-06-08 18:37:00+00:00,7440.0,98.6,94.6,95.2,-1.0,-1.004016,242.0,34.0,0.1642387043762207,False,REGULAR,USD,2026-06-26,7406.47998046875,0.0362799978256225,call,1.0045257692749652,0.0493150684931506,94.9
SPXW260626C07445000,2026-06-08 17:58:45+00:00,7445.0,98.4,91.2,91.6,-12.779999,-11.494872,56.0,12.0,0.1621597151565552,False,REGULAR,USD,2026-06-26,7406.47998046875,0.0362799978256225,call,1.0052008537973274,0.0493150684931506,91.4
SPXW260626C07450000,2026-06-08 17:29:30+00:00,7450.0,100.74,86.8,87.4,21.009995,26.351429,1426.0,1529.0,0.1591175245094299,False,REGULAR,USD,2026-06-26,7406.47998046875,0.0362799978256225,call,1.0058759383196896,0.0493150684931506,87.1
SPXW260626C07455000,2026-06-08 15:06:10+00:00,7455.0,113.54,84.7,85.2,25.059998,28.32278,12.0,29.0,0.1590107140541077,False,REGULAR,USD,2026-06-26,7406.47998046875,0.0362799978256225,call,1.0065510228420518,0.0493150684931506,84.95
SPXW260626C07460000,2026-06-08 18:36:07+00:00,7460.0,92.8,83.4,84.0,2.7700043,3.076757,28.0,154.0,0.1603553813934326,False,REGULAR,USD,2026-06-26,7406.47998046875,0.0362799978256225,call,1.007226107364414,0.0493150684931506,83.7
SPXW260626C07465000,2026-06-08 17:55:22+00:00,7465.0,87.7,78.7,79.2,-5.6800003,-6.082673,7.0,12.0,0.1562088469314575,False,REGULAR,USD,2026-06-26,7406.47998046875,0.0362799978256225,call,1.0079011918867762,0.0493150684931506,78.95
SPXW260626C07470000,2026-06-08 18:56:23+00:00,7470.0,85.79,78.2,78.6,3.9899979,4.877748,58.0,74.0,0.1583565000152587,False,REGULAR,USD,2026-06-26,7406.47998046875,0.0362799978256225,call,1.0085762764091384,0.0493150684931506,78.4
SPXW260626C07475000,2026-06-08 19:13:28+00:00,7475.0,75.96,75.8,76.3,6.279999,9.012628,45.0,156.0,0.1578720383071899,False,REGULAR,USD,2026-06-26,7406.47998046875,0.0362799978256225,call,1.0092513609315006,0.0493150684931506,76.05
SPXW260626C07480000,2026-06-08 17:27:15+00:00,7480.0,77.82,73.2,73.8,-3.6800003,-4.515338,9.0,51.0,0.1570251839828491,False,REGULAR,USD,2026-06-26,7406.47998046875,0.0362799978256225,call,1.0099264454538628,0.0493150684931506,73.5
SPXW260626C07485000,2026-06-08 18:41:44+00:00,7485.0,75.92,70.6,71.1,10.049995,15.257317,9.0,19.0,0.1558044930648803,False,REGULAR,USD,2026-06-26,7406.47998046875,0.0362799978256225,call,1.010601529976225,0.0493150684931506,70.85
SPXW260626C07490000,2026-06-08 17:57:01+00:00,7490.0,71.6,68.3,68.8,7.9799995,12.543224,10.0,320.0,0.1551331130599975,False,REGULAR,USD,2026-06-26,7406.47998046875,0.0362799978256225,call,1.0112766144985872,0.0493150684931506,68.55
SPXW260626C07495000,2026-06-05 20:12:04+00:00,7495.0,58.29,65.8,66.4,0.0,0.0,34.0,25.0,0.1542442974853515,False,REGULAR,USD,2026-06-26,7406.47998046875,0.0362799978256225,call,1.0119516990209494,0.0493150684931506,66.1
SPXW260626C07500000,2026-06-08 19:11:57+00:00,7500.0,63.06,62.3,62.8,5.84,10.206222,277.0,674.0,0.1514023764419556,False,REGULAR,USD,2026-06-26,7406.47998046875,0.0362799978256225,call,1.0126267835433116,0.0493150684931506,62.55
SPXW260626C07505000,2026-06-08 19:10:27+00:00,7505.0,61.18,59.4,60.0,-6.9400024,-10.187907,14.0,56.0,0.1497277410888672,False,REGULAR,USD,2026-06-26,7406.47998046875,0.0362799978256225,call,1.0133018680656738,0.0493150684931506,59.7
SPXW260626C07510000,2026-06-08 18:39:13+00:00,7510.0,64.17,59.0,59.5,12.559998,24.336365,47.0,187.0,0.1516465146255493,False,REGULAR,USD,2026-06-26,7406.47998046875,0.0362799978256225,call,1.013976952588036,0.0493150684931506,59.25
SPXW260626C07515000,2026-06-08 16:35:48+00:00,7515.0,67.26,56.8,57.3,17.600002,35.441006,2.0,82.0,0.1507996603012085,False,REGULAR,USD,2026-06-26,7406.47998046875,0.0362799978256225,call,1.0146520371103982,0.0493150684931506,57.05
SPXW260626C07520000,2026-06-08 18:37:03+00:00,7520.0,61.02,53.7,54.0,3.959999,6.940061,18.0,295.0,0.148095066986084,False,REGULAR,USD,2026-06-26,7406.47998046875,0.0362799978256225,call,1.0153271216327604,0.0493150684931506,53.85
SPXW260626C07525000,2026-06-08 19:09:10+00:00,7525.0,54.93,52.6,53.0,-6.8899994,-11.14526,31.0,250.0,0.1490563610839843,False,REGULAR,USD,2026-06-26,7406.47998046875,0.0362799978256225,call,1.0160022061551226,0.0493150684931506,52.8
SPXW260626C07530000,2026-06-08 19:09:10+00:00,7530.0,52.78,50.4,50.8,-2.4400024,-4.418693,119.0,186.0,0.1479920711898804,False,REGULAR,USD,2026-06-26,7406.47998046875,0.0362799978256225,call,1.0166772906774848,0.0493150684931506,50.6
SPXW260626C07535000,2026-06-08 18:38:31+00:00,7535.0,53.4,47.1,47.5,-52.33,-49.49399,59.0,51.0,0.1450013784408569,False,REGULAR,USD,2026-06-26,7406.47998046875,0.0362799978256225,call,1.017352375199847,0.0493150684931506,47.3
SPXW260626C07540000,2026-06-08 17:57:01+00:00,7540.0,50.8,46.5,47.0,0.54999924,1.0945258,12.0,377.0,0.1466378672027587,False,REGULAR,USD,2026-06-26,7406.47998046875,0.0362799978256225,call,1.0180274597222092,0.0493150684931506,46.75
SPXW260626C07545000,2026-06-08 18:07:21+00:00,7545.0,51.6,44.1,44.6,5.789997,12.639154,23.0,57.0,0.1449899344635009,False,REGULAR,USD,2026-06-26,7406.47998046875,0.0362799978256225,call,1.0187025442445716,0.0493150684931506,44.35
SPXW260626C07550000,2026-06-08 19:01:56+00:00,7550.0,45.2,41.3,41.8,-1.8199997,-3.8706927,255.0,956.0,0.1425466452980041,False,REGULAR,USD,2026-06-26,7406.47998046875,0.0362799978256225,call,1.0193776287669338,0.0493150684931506,41.55
SPXW260626C07555000,2026-06-08 18:07:47+00:00,7555.0,47.0,40.0,40.4,-20.64,-30.514488,27.0,44.0,0.1424531861495971,False,REGULAR,USD,2026-06-26,7406.47998046875,0.0362799978256225,call,1.020052713289296,0.0493150684931506,40.2
SPXW260626C07560000,2026-06-08 18:44:18+00:00,7560.0,42.25,39.1,39.6,-0.20999908,-0.49458098,34.0,140.0,0.1433687043380737,False,REGULAR,USD,2026-06-26,7406.47998046875,0.0362799978256225,call,1.0207277978116582,0.0493150684931506,39.35
SPXW260626C07565000,2026-06-05 19:54:35+00:00,7565.0,43.55,37.5,37.9,0.0,0.0,25.0,58.0,0.1426210311508178,False,REGULAR,USD,2026-06-26,7406.47998046875,0.0362799978256225,call,1.0214028823340204,0.0493150684931506,37.7
SPXW260626C07570000,2026-06-05 19:35:23+00:00,7570.0,41.8,35.7,36.0,0.0,0.0,24.0,118.0,0.1414194135284424,False,REGULAR,USD,2026-06-26,7406.47998046875,0.0362799978256225,call,1.0220779668563826,0.0493150684931506,35.85
SPXW260626C07575000,2026-06-08 18:56:16+00:00,7575.0,38.37,34.1,34.5,-0.10000229,-0.25994876,62.0,216.0,0.1408739172744751,False,REGULAR,USD,2026-06-26,7406.47998046875,0.0362799978256225,call,1.0227530513787448,0.0493150684931506,34.3
SPXW260626C07580000,2026-06-08 18:39:12+00:00,7580.0,36.11,31.4,31.8,-0.47000122,-1.2848583,132.0,169.0,0.137955703048706,False,REGULAR,USD,2026-06-26,7406.47998046875,0.0362799978256225,call,1.023428135901107,0.0493150684931506,31.6
SPXW260626C07585000,2026-06-08 16:38:18+00:00,7585.0,37.23,29.9,30.2,1.0299988,2.8453004,10.0,89.0,0.1370172969055176,False,REGULAR,USD,2026-06-26,7406.47998046875,0.0362799978256225,call,1.0241032204234692,0.0493150684931506,30.05
SPXW260626C07590000,2026-06-08 16:14:57+00:00,7590.0,38.8,29.7,30.1,5.25,15.648287,53.0,887.0,0.138955143737793,False,REGULAR,USD,2026-06-26,7406.47998046875,0.0362799978256225,call,1.0247783049458314,0.0493150684931506,29.9
SPXW260626C07595000,2026-06-08 15:38:10+00:00,7595.0,37.5,27.6,27.9,4.0,11.940298,10.0,51.0,0.1366663482666015,False,REGULAR,USD,2026-06-26,7406.47998046875,0.0362799978256225,call,1.0254533894681936,0.0493150684931506,27.75
SPXW260626C07600000,2026-06-08 19:12:52+00:00,7600.0,26.35,26.8,27.2,1.6300011,6.593856,271.0,3192.0,0.1373186549758911,False,REGULAR,USD,2026-06-26,7406.47998046875,0.0362799978256225,call,1.0261284739905558,0.0493150684931506,27.0
SPXW260626C07605000,2026-06-08 15:59:09+00:00,7605.0,33.09,25.5,25.8,3.4899998,11.79054,14.0,127.0,0.136464171333313,False,REGULAR,USD,2026-06-26,7406.47998046875,0.0362799978256225,call,1.026803558512918,0.0493150684931506,25.65
SPXW260626C07610000,2026-06-08 16:44:06+00:00,7610.0,28.99,24.1,24.5,5.369999,22.734964,35.0,376.0,0.1357241274642944,False,REGULAR,USD,2026-06-26,7406.47998046875,0.0362799978256225,call,1.0274786430352802,0.0493150684931506,24.3
SPXW260626C07615000,2026-06-05 19:41:28+00:00,7615.0,27.55,22.1,22.5,0.0,0.0,61.0,72.0,0.1333514094924927,False,REGULAR,USD,2026-06-26,7406.47998046875,0.0362799978256225,call,1.0281537275576424,0.0493150684931506,22.3
SPXW260626C07620000,2026-06-08 18:13:52+00:00,7620.0,25.1,20.9,21.2,5.6000004,28.717953,123.0,196.0,0.132382486076355,False,REGULAR,USD,2026-06-26,7406.47998046875,0.0362799978256225,call,1.0288288120800049,0.0493150684931506,21.05
SPXW260626C07625000,2026-06-08 18:56:16+00:00,7625.0,23.76,20.6,20.9,2.92,14.011517,38.0,558.0,0.133622250289917,False,REGULAR,USD,2026-06-26,7406.47998046875,0.0362799978256225,call,1.0295038966023669,0.0493150684931506,20.75
SPXW260626C07630000,2026-06-08 18:35:33+00:00,7630.0,23.13,18.8,19.2,-1.8000011,-7.2202215,130.0,118.0,0.1315394464111328,False,REGULAR,USD,2026-06-26,7406.47998046875,0.0362799978256225,call,1.030178981124729,0.0493150684931506,19.0
SPXW260626C07635000,2026-06-08 16:27:09+00:00,7635.0,25.79,18.5,18.9,2.3900013,10.21368,16.0,26.0,0.1326952881240845,False,REGULAR,USD,2026-06-26,7406.47998046875,0.0362799978256225,call,1.0308540656470913,0.0493150684931506,18.7
SPXW260626C07640000,2026-06-08 18:25:57+00:00,7640.0,20.7,17.4,17.7,-0.7599983,-3.5414648,64.0,424.0,0.1316042956161499,False,REGULAR,USD,2026-06-26,7406.47998046875,0.0362799978256225,call,1.0315291501694537,0.0493150684931506,17.549999999999997
SPXW260626C07645000,2026-06-08 17:45:13+00:00,7645.0,18.0,16.6,16.9,-5.1000004,-22.077923,53.0,19.0,0.1314173773193359,False,REGULAR,USD,2026-06-26,7406.47998046875,0.0362799978256225,call,1.0322042346918157,0.0493150684931506,16.75
SPXW260626C07650000,2026-06-08 18:39:08+00:00,7650.0,17.5,15.1,15.5,-1.8999996,-9.793813,193.0,911.0,0.1295710823059082,False,REGULAR,USD,2026-06-26,7406.47998046875,0.0362799978256225,call,1.032879319214178,0.0493150684931506,15.3
SPXW260626C07655000,2026-06-08 15:57:27+00:00,7655.0,20.45,14.7,15.1,0.55000114,2.763825,8.0,26.0,0.1302729795837401,False,REGULAR,USD,2026-06-26,7406.47998046875,0.0362799978256225,call,1.03355440373654,0.0493150684931506,14.9
SPXW260626C07660000,2026-06-08 18:57:29+00:00,7660.0,16.01,13.9,14.2,-2.2299995,-12.225875,17.0,184.0,0.1295558236694335,False,REGULAR,USD,2026-06-26,7406.47998046875,0.0362799978256225,call,1.0342294882589025,0.0493150684931506,14.05
SPXW260626C07665000,2026-06-08 16:37:22+00:00,7665.0,14.71,13.1,13.4,-0.90999985,-5.8258634,12.0,36.0,0.1290217713928222,False,REGULAR,USD,2026-06-26,7406.47998046875,0.0362799978256225,call,1.0349045727812645,0.0493150684931506,13.25
SPXW260626C07670000,2026-06-08 18:15:50+00:00,7670.0,14.66,12.3,12.6,-0.69000053,-4.495117,126.0,189.0,0.1283885379791259,False,REGULAR,USD,2026-06-26,7406.47998046875,0.0362799978256225,call,1.0355796573036269,0.0493150684931506,12.45
SPXW260626C07675000,2026-06-08 18:57:32+00:00,7675.0,13.45,11.6,11.9,-0.90999985,-6.3370466,171.0,492.0,0.1279536668395995,False,REGULAR,USD,2026-06-26,7406.47998046875,0.0362799978256225,call,1.0362547418259889,0.0493150684931506,11.75
SPXW260626C07680000,2026-06-08 18:37:03+00:00,7680.0,12.55,10.9,11.3,-1.6799994,-11.80604,28.0,762.0,0.1277476752471923,False,REGULAR,USD,2026-06-26,7406.47998046875,0.0362799978256225,call,1.036929826348351,0.0493150684931506,11.1
SPXW260626C07685000,2026-06-08 18:39:25+00:00,7685.0,11.82,10.2,10.5,-1.8299999,-13.406593,51.0,24.0,0.1268092691040039,False,REGULAR,USD,2026-06-26,7406.47998046875,0.0362799978256225,call,1.0376049108707133,0.0493150684931506,10.35
SPXW260626C07690000,2026-06-08 18:39:25+00:00,7690.0,11.17,9.4,9.7,-1.6099997,-12.597807,29.0,144.0,0.1257335352325439,False,REGULAR,USD,2026-06-26,7406.47998046875,0.0362799978256225,call,1.0382799953930757,0.0493150684931506,9.55
SPXW260626C07700000,2026-06-08 19:13:32+00:00,7700.0,8.65,8.4,8.7,0.049999237,0.58138645,217.0,2218.0,0.1253520693206787,False,REGULAR,USD,2026-06-26,7406.47998046875,0.0362799978256225,call,1.0396301644378,0.0493150684931506,8.55
SPXW260626C07710000,2026-06-08 13:49:20+00:00,7710.0,10.25,7.4,7.6,-0.07999992,-0.7744426,27.0,1458.0,0.1242381888580322,False,REGULAR,USD,2026-06-26,7406.47998046875,0.0362799978256225,call,1.0409803334825245,0.0493150684931506,7.5
SPXW260626C07720000,2026-06-08 18:18:47+00:00,7720.0,8.0,6.5,6.7,0.8000002,11.111114,171.0,252.0,0.1235286622619629,False,REGULAR,USD,2026-06-26,7406.47998046875,0.0362799978256225,call,1.042330502527249,0.0493150684931506,6.6
SPXW260626C07725000,2026-06-08 16:44:56+00:00,7725.0,7.45,5.8,6.0,-1.1500006,-13.3721,1010.0,812.0,0.1219036174774169,False,REGULAR,USD,2026-06-26,7406.47998046875,0.0362799978256225,call,1.043005587049611,0.0493150684931506,5.9
SPXW260626C07730000,2026-06-08 19:13:32+00:00,7730.0,5.85,5.7,5.9,-2.5099998,-30.023922,224.0,898.0,0.1228877995300292,False,REGULAR,USD,2026-06-26,7406.47998046875,0.0362799978256225,call,1.0436806715719733,0.0493150684931506,5.800000000000001
SPXW260626C07740000,2026-06-08 19:09:10+00:00,7740.0,5.52,4.9,5.2,-1.0,-15.337423,6.0,214.0,0.122353747253418,False,REGULAR,USD,2026-06-26,7406.47998046875,0.0362799978256225,call,1.0450308406166977,0.0493150684931506,5.050000000000001
SPXW260626C07750000,2026-06-08 19:09:10+00:00,7750.0,4.8,4.3,4.6,-0.07999992,-1.6393427,115.0,1586.0,0.1220027986145019,False,REGULAR,USD,2026-06-26,7406.47998046875,0.0362799978256225,call,1.046381009661422,0.0493150684931506,4.449999999999999
SPXW260626C07760000,2026-06-08 15:25:58+00:00,7760.0,4.8,3.6,3.9,-1.23,-20.398008,92.0,128.0,0.1206905558776855,False,REGULAR,USD,2026-06-26,7406.47998046875,0.0362799978256225,call,1.0477311787061463,0.0493150684931506,3.75
SPXW260626C07770000,2026-06-08 15:56:59+00:00,7770.0,5.2,3.2,3.5,-0.13000011,-2.4390266,20.0,404.0,0.120827883605957,False,REGULAR,USD,2026-06-26,7406.47998046875,0.0362799978256225,call,1.049081347750871,0.0493150684931506,3.35
SPXW260626C07775000,2026-06-08 16:44:00+00:00,7775.0,3.85,3.0,3.2,-0.99000025,-20.45455,202.0,683.0,0.120103098373413,False,REGULAR,USD,2026-06-26,7406.47998046875,0.0362799978256225,call,1.0497564322732331,0.0493150684931506,3.1
SPXW260626C07780000,2026-06-08 13:35:38+00:00,7780.0,4.35,2.9,3.0,-0.16000032,-3.547679,5.0,412.0,0.1199733999633788,False,REGULAR,USD,2026-06-26,7406.47998046875,0.0362799978256225,call,1.050431516795595,0.0493150684931506,2.95
SPXW260626C07790000,2026-06-08 14:06:06+00:00,7790.0,3.83,2.5,2.65,1.06,38.267147,85.0,46.0,0.119851330871582,False,REGULAR,USD,2026-06-26,7406.47998046875,0.0362799978256225,call,1.0517816858403195,0.0493150684931506,2.575
SPXW260626C07800000,2026-06-08 19:10:01+00:00,7800.0,2.4,2.2,2.3,-0.23000002,-8.745248,124.0,969.0,0.1194088304138183,False,REGULAR,USD,2026-06-26,7406.47998046875,0.0362799978256225,call,1.053131854885044,0.0493150684931506,2.25
SPXW260626C07810000,2026-06-08 16:51:15+00:00,7810.0,2.75,1.9,2.0,0.13000011,4.961837,52.0,192.0,0.1190731404113769,False,REGULAR,USD,2026-06-26,7406.47998046875,0.0362799978256225,call,1.0544820239297683,0.0493150684931506,1.95
SPXW260626C07820000,2026-06-08 16:51:15+00:00,7820.0,2.45,1.7,1.8,0.049999952,2.0833313,76.0,104.0,0.1194240890502929,False,REGULAR,USD,2026-06-26,7406.47998046875,0.0362799978256225,call,1.055832192974493,0.0493150684931506,1.75
SPXW260626C07825000,2026-06-08 17:29:56+00:00,7825.0,2.06,1.55,1.65,0.28999996,16.384178,76.0,492.0,0.1189815885925292,False,REGULAR,USD,2026-06-26,7406.47998046875,0.0362799978256225,call,1.0565072774968551,0.0493150684931506,1.6
SPXW260626C07830000,2026-06-08 15:33:05+00:00,7830.0,2.38,1.5,1.6,0.02000022,0.84746695,25.0,57.0,0.119576675415039,False,REGULAR,USD,2026-06-26,7406.47998046875,0.0362799978256225,call,1.0571823620192171,0.0493150684931506,1.55
SPXW260626C07840000,2026-06-05 17:37:41+00:00,7840.0,2.82,1.3,1.4,0.0,0.0,31.0,51.0,0.1194546063232421,False,REGULAR,USD,2026-06-26,7406.47998046875,0.0362799978256225,call,1.0585325310639415,0.0493150684931506,1.35
SPXW260626C07850000,2026-06-08 19:10:01+00:00,7850.0,1.3,1.15,1.25,-0.25,-16.129032,109.0,383.0,0.1197292617797851,False,REGULAR,USD,2026-06-26,7406.47998046875,0.0362799978256225,call,1.059882700108666,0.0493150684931506,1.2
SPXW260626C07860000,2026-06-05 19:41:30+00:00,7860.0,1.5,1.05,1.2,0.0,0.0,8.0,63.0,0.121255125427246,False,REGULAR,USD,2026-06-26,7406.47998046875,0.0362799978256225,call,1.0612328691533903,0.0493150684931506,1.125
SPXW260626C07870000,2026-06-05 13:49:44+00:00,7870.0,2.94,0.95,1.05,0.0,0.0,2.0,56.0,0.1211635736083984,False,REGULAR,USD,2026-06-26,7406.47998046875,0.0362799978256225,call,1.062583038198115,0.0493150684931506,1.0
SPXW260626C07875000,2026-06-08 19:06:09+00:00,7875.0,1.07,0.9,1.05,-0.17999995,-14.399996,64.0,564.0,0.1222621954345703,False,REGULAR,USD,2026-06-26,7406.47998046875,0.0362799978256225,call,1.0632581227204772,0.0493150684931506,0.975
SPXW260626C07880000,2026-06-05 14:40:26+00:00,7880.0,1.33,0.85,1.0,-1.32,-49.811317,1.0,25.0,0.122506333618164,False,REGULAR,USD,2026-06-26,7406.47998046875,0.0362799978256225,call,1.0639332072428394,0.0493150684931506,0.925
SPXW260626C07890000,2026-06-08 17:24:08+00:00,7890.0,0.9,0.8,0.95,-0.050000012,-5.263159,4.0,48.0,0.1238185763549804,False,REGULAR,USD,2026-06-26,7406.47998046875,0.0362799978256225,call,1.0652833762875638,0.0493150684931506,0.875
SPXW260626C07900000,2026-06-08 18:57:29+00:00,7900.0,0.9,0.7,0.85,0.099999964,12.499995,96.0,1508.0,0.1240932318115234,False,REGULAR,USD,2026-06-26,7406.47998046875,0.0362799978256225,call,1.0666335453322884,0.0493150684931506,0.7749999999999999
SPXW260626C07910000,2026-06-05 19:00:38+00:00,7910.0,0.75,0.65,0.75,0.0,0.0,5.0,42.0,0.1241847836303711,False,REGULAR,USD,2026-06-26,7406.47998046875,0.0362799978256225,call,1.0679837143770128,0.0493150684931506,0.7
SPXW260626C07925000,2026-06-08 16:24:20+00:00,7925.0,0.85,0.6,0.7,0.100000024,13.333336,32.0,1098.0,0.1261684063720703,False,REGULAR,USD,2026-06-26,7406.47998046875,0.0362799978256225,call,1.0700089679440994,0.0493150684931506,0.6499999999999999
SPXW260626C07950000,2026-06-08 17:18:47+00:00,7950.0,0.57,0.45,0.6,0.06999999,13.999998,14.0,1338.0,0.1288539263916015,False,REGULAR,USD,2026-06-26,7406.47998046875,0.0362799978256225,call,1.0733843905559104,0.0493150684931506,0.525
SPXW260626C08000000,2026-06-08 17:13:54+00:00,8000.0,0.4,0.35,0.45,-0.049999982,-11.111107,309.0,1343.0,0.134224966430664,False,REGULAR,USD,2026-06-26,7406.47998046875,0.0362799978256225,call,1.0801352357795324,0.0493150684931506,0.4
SPXW260626C08100000,2026-06-08 18:31:23+00:00,8100.0,0.4,0.3,0.35,0.15,60.000004,1873.0,77.0,0.1490563610839843,False,REGULAR,USD,2026-06-26,7406.47998046875,0.0362799978256225,call,1.0936369262267769,0.0493150684931506,0.3249999999999999
SPXW260629C07340000,2026-06-05 18:39:05+00:00,7340.0,178.4,163.2,163.8,0.0,0.0,5.0,5.0,0.1771913794136047,True,REGULAR,USD,2026-06-29,7406.47998046875,0.0362799978256225,call,0.991024078827721,0.0575342465753424,163.5
SPXW260629C07350000,2026-06-08 13:40:37+00:00,7350.0,175.61,157.2,157.8,-51.28,-22.601261,1.0,139.0,0.1767298056602478,True,REGULAR,USD,2026-06-29,7406.47998046875,0.0362799978256225,call,0.9923742478724454,0.0575342465753424,157.5
SPXW260629C07360000,2026-06-05 19:23:59+00:00,7360.0,146.87,150.6,151.2,0.0,0.0,1.0,2.0,0.1752630692291259,True,REGULAR,USD,2026-06-29,7406.47998046875,0.0362799978256225,call,0.9937244169171698,0.0575342465753424,150.89999999999998
SPXW260629C07370000,2026-06-08 16:45:08+00:00,7370.0,158.1,140.6,141.3,13.380005,9.245442,2.0,4.0,0.1690432675361633,True,REGULAR,USD,2026-06-29,7406.47998046875,0.0362799978256225,call,0.9950745859618942,0.0575342465753424,140.95
SPXW260629C07375000,2026-06-08 18:47:26+00:00,7375.0,148.4,139.8,140.4,6.5899963,4.6470604,2.0,56.0,0.1715132593154907,True,REGULAR,USD,2026-06-29,7406.47998046875,0.0362799978256225,call,0.9957496704842564,0.0575342465753424,140.10000000000002
SPXW260629C07380000,2026-06-08 18:06:53+00:00,7380.0,149.67,134.0,134.7,11.309998,8.174326,59.0,2.0,0.1672732657051086,True,REGULAR,USD,2026-06-29,7406.47998046875,0.0362799978256225,call,0.9964247550066186,0.0575342465753424,134.35
SPXW260629C07400000,2026-06-08 16:45:08+00:00,7400.0,137.6,124.0,124.6,6.480011,4.942046,4.0,1166.0,0.1674983305931091,True,REGULAR,USD,2026-06-29,7406.47998046875,0.0362799978256225,call,0.9991250930960676,0.0575342465753424,124.3
SPXW260629C07410000,2026-06-08 18:08:43+00:00,7410.0,127.9,115.2,115.8,-34.700005,-21.340715,14.0,4.0,0.1621692518043518,False,REGULAR,USD,2026-06-29,7406.47998046875,0.0362799978256225,call,1.000475262140792,0.0575342465753424,115.5
SPXW260629C07420000,2026-06-08 18:32:27+00:00,7420.0,122.52,111.3,111.8,4.369995,3.698684,8.0,5.0,0.1632774102783203,False,REGULAR,USD,2026-06-29,7406.47998046875,0.0362799978256225,call,1.0018254311855164,0.0575342465753424,111.55
SPXW260629C07425000,2026-06-08 18:57:28+00:00,7425.0,115.75,108.2,108.8,-45.320007,-28.136839,7.0,1196.0,0.162380965385437,False,REGULAR,USD,2026-06-29,7406.47998046875,0.0362799978256225,call,1.0025005157078786,0.0575342465753424,108.5
SPXW260629C07430000,2026-06-08 16:45:08+00:00,7430.0,118.3,103.8,104.4,14.300003,13.750002,8.0,8.0,0.1595047124099731,False,REGULAR,USD,2026-06-29,7406.47998046875,0.0362799978256225,call,1.0031756002302408,0.0575342465753424,104.1
SPXW260629C07440000,2026-06-08 18:06:53+00:00,7440.0,110.7,97.5,98.0,-27.540009,-19.92188,82.0,9.0,0.1569126515388489,False,REGULAR,USD,2026-06-29,7406.47998046875,0.0362799978256225,call,1.0045257692749652,0.0575342465753424,97.75
SPXW260629C07450000,2026-06-08 17:44:23+00:00,7450.0,98.84,94.2,94.7,2.2199936,2.2976542,11.0,67.0,0.1584213492202759,False,REGULAR,USD,2026-06-29,7406.47998046875,0.0362799978256225,call,1.0058759383196896,0.0575342465753424,94.45
SPXW260629C07460000,2026-06-08 18:33:17+00:00,7460.0,99.58,86.4,87.1,11.380005,12.9025,127.0,25.0,0.1537426698112487,False,REGULAR,USD,2026-06-29,7406.47998046875,0.0362799978256225,call,1.007226107364414,0.0575342465753424,86.75
SPXW260629C07470000,2026-06-08 17:59:40+00:00,7470.0,89.69,82.5,83.0,-26.21,-22.614323,62.0,10.0,0.1537407624816894,False,REGULAR,USD,2026-06-29,7406.47998046875,0.0362799978256225,call,1.0085762764091384,0.0575342465753424,82.75
SPXW260629C07475000,2026-06-08 19:13:28+00:00,7475.0,80.83,79.6,80.2,0.23000336,0.28536397,32.0,59.0,0.1526039940643311,False,REGULAR,USD,2026-06-29,7406.47998046875,0.0362799978256225,call,1.0092513609315006,0.0575342465753424,79.9
SPXW260629C07480000,2026-06-08 19:00:46+00:00,7480.0,83.05,76.0,76.8,-23.849998,-22.310568,6.0,18.0,0.1505555221176147,False,REGULAR,USD,2026-06-29,7406.47998046875,0.0362799978256225,call,1.0099264454538628,0.0575342465753424,76.4
SPXW260629C07490000,2026-06-08 18:41:44+00:00,7490.0,78.22,72.4,73.0,-0.47999573,-0.60990566,3.0,64.0,0.1505612441062927,False,REGULAR,USD,2026-06-29,7406.47998046875,0.0362799978256225,call,1.0112766144985872,0.0575342465753424,72.7
SPXW260629C07500000,2026-06-08 19:11:57+00:00,7500.0,67.68,68.2,68.8,7.5600014,12.574853,80.0,146.0,0.1497868683052063,False,REGULAR,USD,2026-06-29,7406.47998046875,0.0362799978256225,call,1.0126267835433116,0.0575342465753424,68.5
SPXW260629C07510000,2026-06-08 19:01:03+00:00,7510.0,67.79,63.8,64.4,-29.120003,-30.0485,122.0,43.0,0.1484994208526611,False,REGULAR,USD,2026-06-29,7406.47998046875,0.0362799978256225,call,1.013976952588036,0.0575342465753424,64.1
SPXW260629C07520000,2026-06-08 18:32:27+00:00,7520.0,66.83,57.7,58.2,-5.369995,-7.437667,8.0,111.0,0.144276593208313,False,REGULAR,USD,2026-06-29,7406.47998046875,0.0362799978256225,call,1.0153271216327604,0.0575342465753424,57.95
SPXW260629C07525000,2026-06-08 18:53:53+00:00,7525.0,61.73,57.0,57.5,-0.76000214,-1.216198,21.0,161.0,0.1456651291275024,False,REGULAR,USD,2026-06-29,7406.47998046875,0.0362799978256225,call,1.0160022061551226,0.0575342465753424,57.25
SPXW260629C07530000,2026-06-08 19:07:08+00:00,7530.0,58.32,54.8,55.2,-2.1899986,-3.6192343,57.0,151.0,0.1445893952560424,False,REGULAR,USD,2026-06-29,7406.47998046875,0.0362799978256225,call,1.0166772906774848,0.0575342465753424,55.0
SPXW260629C07540000,2026-06-08 18:59:44+00:00,7540.0,54.97,50.6,51.2,-0.05999756,-0.109027006,2.0,149.0,0.1431493614387512,False,REGULAR,USD,2026-06-29,7406.47998046875,0.0362799978256225,call,1.0180274597222092,0.0575342465753424,50.900000000000006
SPXW260629C07550000,2026-06-08 19:08:23+00:00,7550.0,49.55,46.8,47.2,-3.920002,-7.331217,131.0,187.0,0.1414442088127136,False,REGULAR,USD,2026-06-29,7406.47998046875,0.0362799978256225,call,1.0193776287669338,0.0575342465753424,47.0
SPXW260629C07560000,2026-06-08 18:44:18+00:00,7560.0,46.4,43.2,43.6,-1.0,-2.1097045,17.0,57.0,0.1401033561325073,False,REGULAR,USD,2026-06-29,7406.47998046875,0.0362799978256225,call,1.0207277978116582,0.0575342465753424,43.400000000000006
SPXW260629C07570000,2026-06-08 16:49:45+00:00,7570.0,47.82,38.2,38.7,3.380001,7.6057634,52.0,41.0,0.1362963263320923,False,REGULAR,USD,2026-06-29,7406.47998046875,0.0362799978256225,call,1.0220779668563826,0.0575342465753424,38.45
SPXW260629C07575000,2026-06-08 18:53:16+00:00,7575.0,41.99,37.0,37.4,6.420002,18.048923,41.0,151.0,0.1361933305358886,False,REGULAR,USD,2026-06-29,7406.47998046875,0.0362799978256225,call,1.0227530513787448,0.0575342465753424,37.2
SPXW260629C07580000,2026-06-08 19:00:46+00:00,7580.0,39.6,35.2,35.8,5.529999,16.231285,119.0,66.0,0.1355162285423279,False,REGULAR,USD,2026-06-29,7406.47998046875,0.0362799978256225,call,1.023428135901107,0.0575342465753424,35.5
SPXW260629C07590000,2026-06-08 16:30:38+00:00,7590.0,41.06,33.2,33.7,1.9600029,5.0127954,21.0,120.0,0.1359034164428711,False,REGULAR,USD,2026-06-29,7406.47998046875,0.0362799978256225,call,1.0247783049458314,0.0575342465753424,33.45
SPXW260629C07600000,2026-06-08 17:47:19+00:00,7600.0,33.57,30.1,30.5,0.5400009,1.6348802,85.0,808.0,0.1340685654067993,False,REGULAR,USD,2026-06-29,7406.47998046875,0.0362799978256225,call,1.0261284739905558,0.0575342465753424,30.3
SPXW260629C07610000,2026-06-08 15:06:23+00:00,7610.0,38.29,27.6,27.9,6.5200005,20.522507,10.0,46.0,0.1330309781265258,False,REGULAR,USD,2026-06-29,7406.47998046875,0.0362799978256225,call,1.0274786430352802,0.0575342465753424,27.75
SPXW260629C07620000,2026-06-08 18:13:52+00:00,7620.0,28.4,24.9,25.4,-0.7600002,-2.6063108,64.0,37.0,0.1318903950500488,False,REGULAR,USD,2026-06-29,7406.47998046875,0.0362799978256225,call,1.0288288120800049,0.0575342465753424,25.15
SPXW260629C07625000,2026-06-08 17:47:19+00:00,7625.0,26.4,22.9,23.4,-2.1000004,-7.368422,5.0,157.0,0.1296664487838745,False,REGULAR,USD,2026-06-29,7406.47998046875,0.0362799978256225,call,1.0295038966023669,0.0575342465753424,23.15
SPXW260629C07630000,2026-06-08 18:58:44+00:00,7630.0,25.0,22.6,22.9,0.09000015,0.3613013,54.0,85.0,0.1304370099258422,False,REGULAR,USD,2026-06-29,7406.47998046875,0.0362799978256225,call,1.030178981124729,0.0575342465753424,22.75
SPXW260629C07640000,2026-06-08 15:07:50+00:00,7640.0,31.8,20.4,20.7,10.84,51.71756,4.0,25.0,0.1292811682128906,False,REGULAR,USD,2026-06-29,7406.47998046875,0.0362799978256225,call,1.0315291501694537,0.0575342465753424,20.55
SPXW260629C07650000,2026-06-08 17:17:26+00:00,7650.0,22.1,18.3,18.6,3.1400013,16.561188,54.0,208.0,0.1280185160446166,False,REGULAR,USD,2026-06-29,7406.47998046875,0.0362799978256225,call,1.032879319214178,0.0575342465753424,18.450000000000003
SPXW260629C07660000,2026-06-08 17:11:56+00:00,7660.0,17.75,15.7,16.1,-3.4500008,-16.273586,10.0,25.0,0.1254131038665771,False,REGULAR,USD,2026-06-29,7406.47998046875,0.0362799978256225,call,1.0342294882589025,0.0575342465753424,15.9
SPXW260629C07670000,2026-06-08 18:15:50+00:00,7670.0,17.08,14.5,14.9,1.9300003,12.739276,51.0,15.0,0.1256496127319336,False,REGULAR,USD,2026-06-29,7406.47998046875,0.0362799978256225,call,1.0355796573036269,0.0575342465753424,14.7
SPXW260629C07675000,2026-06-08 17:11:52+00:00,7675.0,15.05,13.8,14.1,0.6999998,4.8780475,119.0,692.0,0.1251575217056274,False,REGULAR,USD,2026-06-29,7406.47998046875,0.0362799978256225,call,1.0362547418259889,0.0575342465753424,13.95
SPXW260629C07680000,2026-06-08 18:59:44+00:00,7680.0,14.77,12.5,12.9,-2.3500004,-13.726637,8.0,12.0,0.123482886352539,False,REGULAR,USD,2026-06-29,7406.47998046875,0.0362799978256225,call,1.036929826348351,0.0575342465753424,12.7
SPXW260629C07690000,2026-06-08 17:11:52+00:00,7690.0,13.8,11.1,11.4,-0.9499998,-6.440677,6.0,3.0,0.1222621954345703,False,REGULAR,USD,2026-06-29,7406.47998046875,0.0362799978256225,call,1.0382799953930757,0.0575342465753424,11.25
SPXW260629C07700000,2026-06-08 18:19:47+00:00,7700.0,12.19,10.3,10.6,1.3999996,12.974974,26.0,431.0,0.1228496529388427,False,REGULAR,USD,2026-06-29,7406.47998046875,0.0362799978256225,call,1.0396301644378,0.0575342465753424,10.45
SPXW260629C07710000,2026-06-08 16:17:12+00:00,7710.0,13.39,9.1,9.4,1.79,15.431034,8.0,16.0,0.1219341347503662,False,REGULAR,USD,2026-06-29,7406.47998046875,0.0362799978256225,call,1.0409803334825245,0.0575342465753424,9.25
SPXW260629C07720000,2026-06-08 18:24:39+00:00,7720.0,9.9,8.1,8.4,-6.17,-38.394524,52.0,7.0,0.1213619358825683,False,REGULAR,USD,2026-06-29,7406.47998046875,0.0362799978256225,call,1.042330502527249,0.0575342465753424,8.25
SPXW260629C07725000,2026-06-08 15:25:59+00:00,7725.0,10.9,7.6,7.9,0.9699993,9.768372,24.0,773.0,0.1209652113342285,False,REGULAR,USD,2026-06-29,7406.47998046875,0.0362799978256225,call,1.043005587049611,0.0575342465753424,7.75
SPXW260629C07730000,2026-06-08 05:32:17+00:00,7730.0,8.4,6.8,7.1,-4.950001,-37.078655,1.0,21.0,0.1193020199584961,False,REGULAR,USD,2026-06-29,7406.47998046875,0.0362799978256225,call,1.0436806715719733,0.0575342465753424,6.949999999999999
SPXW260629C07740000,2026-06-05 18:49:39+00:00,7740.0,9.6,6.2,6.5,0.10000038,1.0526356,5.0,27.0,0.1196071926879882,False,REGULAR,USD,2026-06-29,7406.47998046875,0.0362799978256225,call,1.0450308406166977,0.0575342465753424,6.35
SPXW260629C07750000,2026-06-08 19:11:38+00:00,7750.0,5.62,5.2,5.5,-0.47000027,-7.717574,46.0,274.0,0.1178905960845947,False,REGULAR,USD,2026-06-29,7406.47998046875,0.0362799978256225,call,1.046381009661422,0.0575342465753424,5.35
SPXW260629C07760000,2026-06-08 19:11:38+00:00,7760.0,4.97,4.6,4.9,-2.65,-34.776905,17.0,7.0,0.1176083113098144,False,REGULAR,USD,2026-06-29,7406.47998046875,0.0362799978256225,call,1.0477311787061463,0.0575342465753424,4.75
SPXW260629C07775000,2026-06-08 18:44:36+00:00,7775.0,4.62,3.9,4.2,-0.7000003,-13.1579,32.0,68.0,0.1177303804016113,False,REGULAR,USD,2026-06-29,7406.47998046875,0.0362799978256225,call,1.0497564322732331,0.0575342465753424,4.05
SPXW260629C07800000,2026-06-08 18:31:06+00:00,7800.0,3.4,2.8,3.0,-0.6700001,-16.461918,69.0,975.0,0.1163723617553711,False,REGULAR,USD,2026-06-29,7406.47998046875,0.0362799978256225,call,1.053131854885044,0.0575342465753424,2.9
SPXW260629C07825000,2026-06-08 18:50:08+00:00,7825.0,2.5,2.05,2.25,-0.5,-16.666666,57.0,51.0,0.1163571031188965,False,REGULAR,USD,2026-06-29,7406.47998046875,0.0362799978256225,call,1.0565072774968551,0.0575342465753424,2.15
SPXW260629C07850000,2026-06-08 18:50:08+00:00,7850.0,1.85,1.55,1.65,-0.23999989,-11.483249,20.0,240.0,0.1160977062988281,False,REGULAR,USD,2026-06-29,7406.47998046875,0.0362799978256225,call,1.059882700108666,0.0575342465753424,1.6
SPXW260629C07875000,2026-06-08 17:38:41+00:00,7875.0,1.42,1.15,1.25,-0.120000005,-7.792208,58.0,279.0,0.116570724029541,False,REGULAR,USD,2026-06-29,7406.47998046875,0.0362799978256225,call,1.0632581227204772,0.0575342465753424,1.2
SPXW260629C07900000,2026-06-08 18:31:35+00:00,7900.0,1.18,0.85,1.0,0.22999996,24.210522,39.0,108.0,0.1179897772216796,False,REGULAR,USD,2026-06-29,7406.47998046875,0.0362799978256225,call,1.0666335453322884,0.0575342465753424,0.925
SPXW260629C07925000,2026-06-08 13:52:50+00:00,7925.0,1.2,0.7,0.85,0.05000007,4.347832,10.0,62.0,0.1203396072387695,False,REGULAR,USD,2026-06-29,7406.47998046875,0.0362799978256225,call,1.0700089679440994,0.0575342465753424,0.7749999999999999
SPXW260629C07950000,2026-06-05 13:48:18+00:00,7950.0,0.87,0.55,0.7,-0.55999994,-39.160835,1.0,87.0,0.1221401263427734,False,REGULAR,USD,2026-06-29,7406.47998046875,0.0362799978256225,call,1.0733843905559104,0.0575342465753424,0.625
SPXW260629C07975000,2026-06-08 13:38:44+00:00,7975.0,0.85,0.5,0.65,0.100000024,13.333336,21.0,33.0,0.1256801300048828,False,REGULAR,USD,2026-06-29,7406.47998046875,0.0362799978256225,call,1.0767598131677214,0.0575342465753424,0.575
SPXW260630C07335000,2026-06-01 16:53:14+00:00,7335.0,314.64,167.1,168.8,0.0,0.0,6.0,22.0,0.1757055696868896,True,REGULAR,USD,2026-06-30,7406.47998046875,0.0362799978256225,call,0.9903489943053588,0.0602739726027397,167.95
SPXW260630C07340000,2026-06-05 18:59:01+00:00,7340.0,176.6,164.4,165.0,0.0,0.0,5.0,121.0,0.1744314735412598,True,REGULAR,USD,2026-06-30,7406.47998046875,0.0362799978256225,call,0.991024078827721,0.0602739726027397,164.7
SPXW260630C07345000,2026-06-08 14:10:16+00:00,7345.0,178.38,161.0,161.6,-34.190002,-16.084114,10.0,38.0,0.1736761710357666,True,REGULAR,USD,2026-06-30,7406.47998046875,0.0362799978256225,call,0.9916991633500832,0.0602739726027397,161.3
SPXW260630C07350000,2026-06-08 15:57:05+00:00,7350.0,167.94,157.6,158.0,-26.699997,-13.717631,55.0,2406.0,0.1726099738121033,True,REGULAR,USD,2026-06-30,7406.47998046875,0.0362799978256225,call,0.9923742478724454,0.0602739726027397,157.8
SPXW260630C07355000,2026-06-08 07:25:38+00:00,7355.0,163.74,156.2,156.8,-108.93999,-39.951588,17.0,42.0,0.1747957734870911,True,REGULAR,USD,2026-06-30,7406.47998046875,0.0362799978256225,call,0.9930493323948076,0.0602739726027397,156.5
SPXW260630C07360000,2026-06-05 16:51:52+00:00,7360.0,189.59,153.8,154.4,0.0,0.0,11.0,132.0,0.1752878645133972,True,REGULAR,USD,2026-06-30,7406.47998046875,0.0362799978256225,call,0.9937244169171698,0.0602739726027397,154.10000000000002
SPXW260630C07365000,2026-06-05 18:15:29+00:00,7365.0,172.43,147.6,148.2,0.0,0.0,2.0,68.0,0.1705519652175903,True,REGULAR,USD,2026-06-30,7406.47998046875,0.0362799978256225,call,0.994399501439532,0.0602739726027397,147.89999999999998
SPXW260630C07370000,2026-06-05 19:17:55+00:00,7370.0,160.52,147.2,147.6,18.430008,12.970658,10.0,73.0,0.1734167742156982,True,REGULAR,USD,2026-06-30,7406.47998046875,0.0362799978256225,call,0.9950745859618942,0.0602739726027397,147.39999999999998
SPXW260630C07375000,2026-06-08 15:57:05+00:00,7375.0,162.8,140.8,141.2,23.089996,16.527088,535.0,1650.0,0.1683509069061279,True,REGULAR,USD,2026-06-30,7406.47998046875,0.0362799978256225,call,0.9957496704842564,0.0602739726027397,141.0
SPXW260630C07380000,2026-06-08 13:35:03+00:00,7380.0,158.01,138.0,138.6,16.439987,11.61262,2.0,89.0,0.1684119414520264,True,REGULAR,USD,2026-06-30,7406.47998046875,0.0362799978256225,call,0.9964247550066186,0.0602739726027397,138.3
SPXW260630C07385000,2026-06-08 18:30:33+00:00,7385.0,150.4,135.5,136.0,11.979996,8.654816,22.0,44.0,0.1684310147476196,True,REGULAR,USD,2026-06-30,7406.47998046875,0.0362799978256225,call,0.9970998395289808,0.0602739726027397,135.75
SPXW260630C07390000,2026-06-08 14:35:56+00:00,7390.0,155.45,133.8,134.3,-23.550003,-13.156425,1.0,143.0,0.1696230957221985,True,REGULAR,USD,2026-06-30,7406.47998046875,0.0362799978256225,call,0.997774924051343,0.0602739726027397,134.05
SPXW260630C07395000,2026-06-04 16:41:40+00:00,7395.0,248.63,130.2,130.6,0.0,0.0,2.0,50.0,0.1680686221313477,True,REGULAR,USD,2026-06-30,7406.47998046875,0.0362799978256225,call,0.9984500085737052,0.0602739726027397,130.39999999999998
SPXW260630C07400000,2026-06-08 17:14:12+00:00,7400.0,133.4,127.6,128.0,19.499992,17.120274,36.0,3365.0,0.1679579970169067,True,REGULAR,USD,2026-06-30,7406.47998046875,0.0362799978256225,call,0.9991250930960676,0.0602739726027397,127.8
SPXW260630C07405000,2026-06-08 07:30:22+00:00,7405.0,131.38,121.8,122.4,7.580002,6.12278,70.0,74.0,0.1637580573272705,True,REGULAR,USD,2026-06-30,7406.47998046875,0.0362799978256225,call,0.9998001776184297,0.0602739726027397,122.1
SPXW260630C07410000,2026-06-08 19:03:09+00:00,7410.0,128.09,118.8,119.4,-26.51001,-17.147484,7.0,95.0,0.1630218281173706,False,REGULAR,USD,2026-06-30,7406.47998046875,0.0362799978256225,call,1.000475262140792,0.0602739726027397,119.1
SPXW260630C07415000,2026-06-08 13:57:33+00:00,7415.0,131.8,117.4,118.0,21.82,19.83997,150.0,64.0,0.1644008273887634,False,REGULAR,USD,2026-06-30,7406.47998046875,0.0362799978256225,call,1.0011503466631542,0.0602739726027397,117.7
SPXW260630C07420000,2026-06-08 18:08:53+00:00,7420.0,121.28,112.8,113.5,7.080002,6.1996517,156.0,141.0,0.161556999015808,False,REGULAR,USD,2026-06-30,7406.47998046875,0.0362799978256225,call,1.0018254311855164,0.0602739726027397,113.15
SPXW260630C07425000,2026-06-08 18:00:04+00:00,7425.0,119.75,110.0,110.6,11.209999,10.327989,65.0,1158.0,0.1608226771354675,False,REGULAR,USD,2026-06-30,7406.47998046875,0.0362799978256225,call,1.0025005157078786,0.0602739726027397,110.3
SPXW260630C07430000,2026-06-08 18:08:53+00:00,7430.0,118.73,107.5,108.0,19.730003,19.929296,5.0,9677.0,0.1604469332122803,False,REGULAR,USD,2026-06-30,7406.47998046875,0.0362799978256225,call,1.0031756002302408,0.0602739726027397,107.75
SPXW260630C07435000,2026-06-08 13:42:39+00:00,7435.0,123.82,106.2,106.8,18.080002,17.098547,1.0,20.0,0.1619212989616394,False,REGULAR,USD,2026-06-30,7406.47998046875,0.0362799978256225,call,1.003850684752603,0.0602739726027397,106.5
SPXW260630C07440000,2026-06-08 14:41:34+00:00,7440.0,119.1,103.4,103.9,26.099998,28.064514,15.0,156.0,0.1610515566825866,False,REGULAR,USD,2026-06-30,7406.47998046875,0.0362799978256225,call,1.0045257692749652,0.0602739726027397,103.65
SPXW260630C07445000,2026-06-08 18:00:04+00:00,7445.0,107.73,100.3,100.8,3.9300003,3.7861273,9.0,50.0,0.1598632903671264,False,REGULAR,USD,2026-06-30,7406.47998046875,0.0362799978256225,call,1.0052008537973274,0.0602739726027397,100.55
SPXW260630C07450000,2026-06-08 17:39:34+00:00,7450.0,104.0,97.6,98.2,7.3099976,7.560241,62.0,10704.0,0.1593063501358032,False,REGULAR,USD,2026-06-30,7406.47998046875,0.0362799978256225,call,1.0058759383196896,0.0602739726027397,97.9
SPXW260630C07455000,2026-06-08 17:56:09+00:00,7455.0,102.2,92.6,93.2,1.8499985,1.843546,4.0,340.0,0.1554306564712524,False,REGULAR,USD,2026-06-30,7406.47998046875,0.0362799978256225,call,1.0065510228420518,0.0602739726027397,92.9
SPXW260630C07460000,2026-06-08 19:03:09+00:00,7460.0,98.09,92.0,92.6,3.7699966,3.9970279,16.0,56.0,0.1575020163726806,False,REGULAR,USD,2026-06-30,7406.47998046875,0.0362799978256225,call,1.007226107364414,0.0602739726027397,92.3
SPXW260630C07465000,2026-06-08 15:24:02+00:00,7465.0,115.3,89.4,90.0,23.530006,25.640196,30.0,18.0,0.1567982117652893,False,REGULAR,USD,2026-06-30,7406.47998046875,0.0362799978256225,call,1.0079011918867762,0.0602739726027397,89.7
SPXW260630C07470000,2026-06-05 17:49:34+00:00,7470.0,113.9,86.6,87.2,0.0,0.0,3.0,144.0,0.1557701611328125,False,REGULAR,USD,2026-06-30,7406.47998046875,0.0362799978256225,call,1.0085762764091384,0.0602739726027397,86.9
SPXW260630C07475000,2026-06-08 17:51:52+00:00,7475.0,90.0,81.9,82.4,12.339996,15.8897705,1282.0,2317.0,0.1519268920707703,False,REGULAR,USD,2026-06-30,7406.47998046875,0.0362799978256225,call,1.0092513609315006,0.0602739726027397,82.15
SPXW260630C07480000,2026-06-08 17:45:02+00:00,7480.0,85.0,79.8,80.2,-20.0,-19.047619,13.0,331.0,0.1516102753639221,False,REGULAR,USD,2026-06-30,7406.47998046875,0.0362799978256225,call,1.0099264454538628,0.0602739726027397,80.0
SPXW260630C07485000,2026-06-05 13:45:55+00:00,7485.0,133.0,78.4,79.0,0.0,0.0,2.0,17.0,0.1526383259963989,False,REGULAR,USD,2026-06-30,7406.47998046875,0.0362799978256225,call,1.010601529976225,0.0602739726027397,78.7
SPXW260630C07490000,2026-06-08 17:56:09+00:00,7490.0,81.52,74.6,75.2,-3.0300064,-3.5836856,18.0,95.0,0.1499871379089355,False,REGULAR,USD,2026-06-30,7406.47998046875,0.0362799978256225,call,1.0112766144985872,0.0602739726027397,74.9
SPXW260630C07495000,2026-06-05 19:42:35+00:00,7495.0,76.4,73.0,73.4,0.0,0.0,23.0,37.0,0.1500786897277832,False,REGULAR,USD,2026-06-30,7406.47998046875,0.0362799978256225,call,1.0119516990209494,0.0602739726027397,73.2
SPXW260630C07500000,2026-06-08 19:01:39+00:00,7500.0,75.0,71.8,72.2,11.599998,18.296528,338.0,9434.0,0.1509732272911072,False,REGULAR,USD,2026-06-30,7406.47998046875,0.0362799978256225,call,1.0126267835433116,0.0602739726027397,72.0
SPXW260630C07505000,2026-06-08 14:34:03+00:00,7505.0,92.62,69.2,69.7,20.82,28.997213,5.0,476.0,0.1499795085906982,False,REGULAR,USD,2026-06-30,7406.47998046875,0.0362799978256225,call,1.0133018680656738,0.0602739726027397,69.45
SPXW260630C07510000,2026-06-08 17:56:10+00:00,7510.0,72.8,66.8,67.2,-0.13999939,-0.19193773,29.0,128.0,0.1489266626739502,False,REGULAR,USD,2026-06-30,7406.47998046875,0.0362799978256225,call,1.013976952588036,0.0602739726027397,67.0
SPXW260630C07515000,2026-06-08 17:01:39+00:00,7515.0,70.8,63.0,63.6,2.2200012,3.237097,6.0,48.0,0.1462220693588256,False,REGULAR,USD,2026-06-30,7406.47998046875,0.0362799978256225,call,1.0146520371103982,0.0602739726027397,63.3
SPXW260630C07520000,2026-06-08 16:59:17+00:00,7520.0,65.45,62.6,63.0,-0.58000183,-0.8783914,5.0,264.0,0.1477975235748291,False,REGULAR,USD,2026-06-30,7406.47998046875,0.0362799978256225,call,1.0153271216327604,0.0602739726027397,62.8
SPXW260630C07525000,2026-06-08 19:14:59+00:00,7525.0,58.73,58.7,59.1,2.7200012,4.856278,349.0,2110.0,0.1445054727554321,False,REGULAR,USD,2026-06-30,7406.47998046875,0.0362799978256225,call,1.0160022061551226,0.0602739726027397,58.900000000000006
SPXW260630C07530000,2026-06-08 18:47:52+00:00,7530.0,64.44,56.6,57.0,0.670002,1.0506539,171.0,90.0,0.1437730582046508,False,REGULAR,USD,2026-06-30,7406.47998046875,0.0362799978256225,call,1.0166772906774848,0.0602739726027397,56.8
SPXW260630C07535000,2026-06-08 17:52:08+00:00,7535.0,61.3,56.0,56.6,-0.59000015,-0.9533045,63.0,25.0,0.1455239867401123,False,REGULAR,USD,2026-06-30,7406.47998046875,0.0362799978256225,call,1.017352375199847,0.0602739726027397,56.3
SPXW260630C07540000,2026-06-08 09:09:05+00:00,7540.0,74.66,53.4,54.0,23.930004,47.17131,16.0,324.0,0.1439409032058715,False,REGULAR,USD,2026-06-30,7406.47998046875,0.0362799978256225,call,1.0180274597222092,0.0602739726027397,53.7
SPXW260630C07545000,2026-06-08 17:01:35+00:00,7545.0,57.4,52.0,52.5,-23.629997,-29.162037,4.0,45.0,0.1439523471832275,False,REGULAR,USD,2026-06-30,7406.47998046875,0.0362799978256225,call,1.0187025442445716,0.0602739726027397,52.25
SPXW260630C07550000,2026-06-08 19:01:05+00:00,7550.0,53.4,50.1,50.4,6.2300034,13.207556,186.0,2384.0,0.1429910530853271,False,REGULAR,USD,2026-06-30,7406.47998046875,0.0362799978256225,call,1.0193776287669338,0.0602739726027397,50.25
SPXW260630C07555000,2026-06-08 17:14:12+00:00,7555.0,51.6,46.8,47.2,-1.800003,-3.3707922,3.0,27.0,0.1402444985198974,False,REGULAR,USD,2026-06-30,7406.47998046875,0.0362799978256225,call,1.020052713289296,0.0602739726027397,47.0
SPXW260630C07560000,2026-06-08 19:05:18+00:00,7560.0,49.9,46.3,46.7,6.1800003,14.1354065,43.0,4629.0,0.1416482930755615,False,REGULAR,USD,2026-06-30,7406.47998046875,0.0362799978256225,call,1.0207277978116582,0.0602739726027397,46.5
SPXW260630C07565000,2026-06-08 17:22:13+00:00,7565.0,47.0,43.1,43.6,4.9300003,11.718565,16.0,727.0,0.1388788505554199,False,REGULAR,USD,2026-06-30,7406.47998046875,0.0362799978256225,call,1.0214028823340204,0.0602739726027397,43.35
SPXW260630C07570000,2026-06-08 18:06:27+00:00,7570.0,48.3,41.5,41.9,-4.1000023,-7.824432,62.0,175.0,0.1382570611190796,False,REGULAR,USD,2026-06-30,7406.47998046875,0.0362799978256225,call,1.0220779668563826,0.0602739726027397,41.7
SPXW260630C07575000,2026-06-08 18:52:46+00:00,7575.0,45.2,41.0,41.3,-0.45999908,-1.0074444,148.0,2782.0,0.1393785708999634,False,REGULAR,USD,2026-06-30,7406.47998046875,0.0362799978256225,call,1.0227530513787448,0.0602739726027397,41.15
SPXW260630C07580000,2026-06-08 17:38:20+00:00,7580.0,42.9,39.1,39.5,0.70000076,1.6587696,30.0,118.0,0.1384821260070801,False,REGULAR,USD,2026-06-30,7406.47998046875,0.0362799978256225,call,1.023428135901107,0.0602739726027397,39.3
SPXW260630C07585000,2026-06-08 18:58:27+00:00,7585.0,41.4,36.4,37.0,-2.6099968,-5.930464,46.0,277.0,0.1363230289459228,False,REGULAR,USD,2026-06-30,7406.47998046875,0.0362799978256225,call,1.0241032204234692,0.0602739726027397,36.7
SPXW260630C07590000,2026-06-08 18:57:38+00:00,7590.0,39.7,34.9,35.3,-2.0999985,-5.02392,8.0,221.0,0.1354246767234802,False,REGULAR,USD,2026-06-30,7406.47998046875,0.0362799978256225,call,1.0247783049458314,0.0602739726027397,35.099999999999994
SPXW260630C07595000,2026-06-08 18:58:27+00:00,7595.0,38.1,33.2,33.6,4.799999,14.4144125,22.0,229.0,0.1344462166595459,False,REGULAR,USD,2026-06-30,7406.47998046875,0.0362799978256225,call,1.0254533894681936,0.0602739726027397,33.400000000000006
SPXW260630C07600000,2026-06-08 19:13:38+00:00,7600.0,33.25,32.9,33.3,2.25,7.2580647,784.0,7457.0,0.1358728991699219,False,REGULAR,USD,2026-06-30,7406.47998046875,0.0362799978256225,call,1.0261284739905558,0.0602739726027397,33.099999999999994
SPXW260630C07605000,2026-06-08 14:17:10+00:00,7605.0,36.76,30.4,30.7,6.159998,20.130713,12.0,72.0,0.1331377885818481,False,REGULAR,USD,2026-06-30,7406.47998046875,0.0362799978256225,call,1.026803558512918,0.0602739726027397,30.55
SPXW260630C07610000,2026-06-08 19:13:38+00:00,7610.0,30.4,29.1,29.6,3.9899998,15.107913,27.0,92.0,0.1330195341491699,False,REGULAR,USD,2026-06-30,7406.47998046875,0.0362799978256225,call,1.0274786430352802,0.0602739726027397,29.35
SPXW260630C07615000,2026-06-08 17:27:50+00:00,7615.0,31.5,28.8,29.1,-1.3600006,-4.1387725,4.0,82.0,0.1339693842697143,False,REGULAR,USD,2026-06-30,7406.47998046875,0.0362799978256225,call,1.0281537275576424,0.0602739726027397,28.950000000000003
SPXW260630C07620000,2026-06-08 18:12:12+00:00,7620.0,30.6,27.5,27.8,-1.3699989,-4.285264,10.0,131.0,0.1333742974472045,False,REGULAR,USD,2026-06-30,7406.47998046875,0.0362799978256225,call,1.0288288120800049,0.0602739726027397,27.65
SPXW260630C07625000,2026-06-08 18:57:13+00:00,7625.0,29.35,25.6,25.9,-1.2700005,-4.1476173,232.0,2522.0,0.1315394464111328,False,REGULAR,USD,2026-06-30,7406.47998046875,0.0362799978256225,call,1.0295038966023669,0.0602739726027397,25.75
SPXW260630C07630000,2026-06-08 17:31:12+00:00,7630.0,29.5,25.0,25.3,-0.80999947,-2.6723835,19.0,209.0,0.1321612358474732,False,REGULAR,USD,2026-06-30,7406.47998046875,0.0362799978256225,call,1.030178981124729,0.0602739726027397,25.15
SPXW260630C07635000,2026-06-08 18:57:13+00:00,7635.0,26.75,23.7,24.0,-0.8999996,-3.2549715,6.0,28.0,0.1313372694778442,False,REGULAR,USD,2026-06-30,7406.47998046875,0.0362799978256225,call,1.0308540656470913,0.0602739726027397,23.85
SPXW260630C07640000,2026-06-08 18:59:14+00:00,7640.0,25.2,22.3,22.6,0.38000107,1.5310277,82.0,117.0,0.1302195743560791,False,REGULAR,USD,2026-06-30,7406.47998046875,0.0362799978256225,call,1.0315291501694537,0.0602739726027397,22.450000000000003
SPXW260630C07645000,2026-06-08 18:11:04+00:00,7645.0,24.98,21.2,21.6,-4.84,-16.230719,15.0,310.0,0.1298457377624511,False,REGULAR,USD,2026-06-30,7406.47998046875,0.0362799978256225,call,1.0322042346918157,0.0602739726027397,21.4
SPXW260630C07650000,2026-06-08 18:49:40+00:00,7650.0,22.7,20.5,20.8,3.9500008,21.06667,2333.0,3800.0,0.1298381084442138,False,REGULAR,USD,2026-06-30,7406.47998046875,0.0362799978256225,call,1.032879319214178,0.0602739726027397,20.65
SPXW260630C07655000,2026-06-08 17:36:02+00:00,7655.0,21.4,18.9,19.2,-11.300001,-34.55658,126.0,30.0,0.1279994427490234,False,REGULAR,USD,2026-06-30,7406.47998046875,0.0362799978256225,call,1.03355440373654,0.0602739726027397,19.05
SPXW260630C07660000,2026-06-08 19:00:26+00:00,7660.0,20.56,18.4,18.8,-3.4300003,-14.297626,144.0,98.0,0.1287547452545166,False,REGULAR,USD,2026-06-30,7406.47998046875,0.0362799978256225,call,1.0342294882589025,0.0602739726027397,18.6
SPXW260630C07665000,2026-06-08 17:42:20+00:00,7665.0,19.2,17.5,17.9,-24.399998,-55.9633,38.0,355.0,0.1283275034332275,False,REGULAR,USD,2026-06-30,7406.47998046875,0.0362799978256225,call,1.0349045727812645,0.0602739726027397,17.7
SPXW260630C07670000,2026-06-08 18:17:19+00:00,7670.0,19.5,16.2,16.5,0.7099991,3.7786007,87.0,63.0,0.1266223508071899,False,REGULAR,USD,2026-06-30,7406.47998046875,0.0362799978256225,call,1.0355796573036269,0.0602739726027397,16.35
SPXW260630C07675000,2026-06-08 18:36:24+00:00,7675.0,18.0,15.9,16.1,-2.2000008,-10.891092,57.0,4645.0,0.1272441402435302,False,REGULAR,USD,2026-06-30,7406.47998046875,0.0362799978256225,call,1.0362547418259889,0.0602739726027397,16.0
SPXW260630C07680000,2026-06-08 18:03:35+00:00,7680.0,17.33,14.8,15.1,-1.0699997,-5.815216,24.0,100.0,0.1263286220550537,False,REGULAR,USD,2026-06-30,7406.47998046875,0.0362799978256225,call,1.036929826348351,0.0602739726027397,14.95
SPXW260630C07685000,2026-06-08 15:32:51+00:00,7685.0,18.88,14.0,14.3,-0.050001144,-0.26413706,7.0,74.0,0.1258250870513916,False,REGULAR,USD,2026-06-30,7406.47998046875,0.0362799978256225,call,1.0376049108707133,0.0602739726027397,14.15
SPXW260630C07690000,2026-06-08 18:57:32+00:00,7690.0,15.2,13.1,13.4,3.4299994,29.14188,26.0,159.0,0.1249706034088134,False,REGULAR,USD,2026-06-30,7406.47998046875,0.0362799978256225,call,1.0382799953930757,0.0602739726027397,13.25
SPXW260630C07695000,2026-06-08 15:48:53+00:00,7695.0,18.46,12.1,12.4,1.8599987,11.204812,28.0,46.0,0.1237232098770141,False,REGULAR,USD,2026-06-30,7406.47998046875,0.0362799978256225,call,1.0389550799154377,0.0602739726027397,12.25
SPXW260630C07700000,2026-06-08 19:07:25+00:00,7700.0,13.15,11.5,11.7,2.4499998,22.897196,1023.0,7617.0,0.1232158602142334,False,REGULAR,USD,2026-06-30,7406.47998046875,0.0362799978256225,call,1.0396301644378,0.0602739726027397,11.6
SPXW260630C07705000,2026-06-08 17:36:00+00:00,7705.0,12.6,11.2,11.5,2.0,18.867924,5.0,69.0,0.124108490447998,False,REGULAR,USD,2026-06-30,7406.47998046875,0.0362799978256225,call,1.040305248960162,0.0602739726027397,11.35
SPXW260630C07710000,2026-06-08 18:46:28+00:00,7710.0,12.25,10.5,10.8,2.0500002,20.098042,17.0,177.0,0.1234676277160644,False,REGULAR,USD,2026-06-30,7406.47998046875,0.0362799978256225,call,1.0409803334825245,0.0602739726027397,10.65
SPXW260630C07715000,2026-06-08 18:46:28+00:00,7715.0,11.55,9.9,10.2,-0.75,-6.097561,5.0,103.0,0.1230518298721313,False,REGULAR,USD,2026-06-30,7406.47998046875,0.0362799978256225,call,1.0416554180048865,0.0602739726027397,10.05
SPXW260630C07720000,2026-06-08 18:07:55+00:00,7720.0,11.4,9.5,9.8,0.7399998,6.941837,11.0,118.0,0.1232006015777588,False,REGULAR,USD,2026-06-30,7406.47998046875,0.0362799978256225,call,1.042330502527249,0.0602739726027397,9.65
SPXW260630C07725000,2026-06-08 19:07:25+00:00,7725.0,9.9,8.9,9.1,1.6999998,20.731707,55.0,2654.0,0.1223003420257568,False,REGULAR,USD,2026-06-30,7406.47998046875,0.0362799978256225,call,1.043005587049611,0.0602739726027397,9.0
SPXW260630C07730000,2026-06-08 16:59:17+00:00,7730.0,10.45,8.2,8.5,0.8499994,8.85416,5.0,925.0,0.121628962020874,False,REGULAR,USD,2026-06-30,7406.47998046875,0.0362799978256225,call,1.0436806715719733,0.0602739726027397,8.35
SPXW260630C07735000,2026-06-08 17:36:00+00:00,7735.0,9.0,7.9,8.2,-1.0,-10.0,5.0,75.0,0.1219341347503662,False,REGULAR,USD,2026-06-30,7406.47998046875,0.0362799978256225,call,1.0443557560943355,0.0602739726027397,8.05
SPXW260630C07740000,2026-06-08 18:07:55+00:00,7740.0,9.04,7.4,7.7,1.7399998,23.835611,17.0,339.0,0.1214687463378906,False,REGULAR,USD,2026-06-30,7406.47998046875,0.0362799978256225,call,1.0450308406166977,0.0602739726027397,7.550000000000001
SPXW260630C07745000,2026-06-08 17:36:00+00:00,7745.0,8.0,7.0,7.3,-3.6400003,-31.271479,5.0,45.0,0.1212932720184326,False,REGULAR,USD,2026-06-30,7406.47998046875,0.0362799978256225,call,1.04570592513906,0.0602739726027397,7.15
SPXW260630C07750000,2026-06-08 18:53:13+00:00,7750.0,7.8,6.6,6.8,1.6800003,27.450985,464.0,1031.0,0.120652409286499,False,REGULAR,USD,2026-06-30,7406.47998046875,0.0362799978256225,call,1.046381009661422,0.0602739726027397,6.699999999999999
SPXW260630C07755000,2026-06-08 17:38:41+00:00,7755.0,7.33,6.1,6.4,1.1300001,18.22581,28.0,84.0,0.1203167192840576,False,REGULAR,USD,2026-06-30,7406.47998046875,0.0362799978256225,call,1.0470560941837843,0.0602739726027397,6.25
SPXW260630C07760000,2026-06-08 18:17:19+00:00,7760.0,7.03,5.9,6.1,-0.8399997,-10.67344,75.0,364.0,0.1203396072387695,False,REGULAR,USD,2026-06-30,7406.47998046875,0.0362799978256225,call,1.0477311787061463,0.0602739726027397,6.0
SPXW260630C07765000,2026-06-08 17:30:33+00:00,7765.0,6.9,5.3,5.5,-3.31,-32.419197,194.0,316.0,0.11895107131958,False,REGULAR,USD,2026-06-30,7406.47998046875,0.0362799978256225,call,1.0484062632285087,0.0602739726027397,5.4
SPXW260630C07770000,2026-06-08 14:31:57+00:00,7770.0,6.04,5.2,5.4,1.27,26.624739,12.0,170.0,0.119752149734497,False,REGULAR,USD,2026-06-30,7406.47998046875,0.0362799978256225,call,1.049081347750871,0.0602739726027397,5.300000000000001
SPXW260630C07775000,2026-06-08 19:00:26+00:00,7775.0,5.57,4.9,5.1,1.0700002,23.77778,713.0,1715.0,0.119576675415039,False,REGULAR,USD,2026-06-30,7406.47998046875,0.0362799978256225,call,1.0497564322732331,0.0602739726027397,5.0
SPXW260630C07780000,2026-06-08 16:19:45+00:00,7780.0,7.08,4.6,4.8,1.75,32.83302,25.0,125.0,0.1193325372314453,False,REGULAR,USD,2026-06-30,7406.47998046875,0.0362799978256225,call,1.050431516795595,0.0602739726027397,4.699999999999999
SPXW260630C07785000,2026-06-08 18:36:58+00:00,7785.0,5.2,4.2,4.5,-0.9000001,-14.7541,348.0,793.0,0.1190121058654785,False,REGULAR,USD,2026-06-30,7406.47998046875,0.0362799978256225,call,1.0511066013179575,0.0602739726027397,4.35
SPXW260630C07790000,2026-06-08 18:29:18+00:00,7790.0,5.0,3.9,4.2,-0.9499998,-15.966385,162.0,784.0,0.1186153813171386,False,REGULAR,USD,2026-06-30,7406.47998046875,0.0362799978256225,call,1.0517816858403195,0.0602739726027397,4.05
SPXW260630C07795000,2026-06-08 13:42:54+00:00,7795.0,6.1,3.7,4.0,0.9499998,18.446598,1.0,40.0,0.1186916744995117,False,REGULAR,USD,2026-06-30,7406.47998046875,0.0362799978256225,call,1.052456770362682,0.0602739726027397,3.85
SPXW260630C07800000,2026-06-08 19:02:11+00:00,7800.0,4.01,3.5,3.7,0.7100003,21.515162,1003.0,5508.0,0.1181271049499511,False,REGULAR,USD,2026-06-30,7406.47998046875,0.0362799978256225,call,1.053131854885044,0.0602739726027397,3.6
SPXW260630C07805000,2026-06-05 20:00:20+00:00,7805.0,4.26,3.2,3.4,0.0,0.0,50.0,72.0,0.1174404663085937,False,REGULAR,USD,2026-06-30,7406.47998046875,0.0362799978256225,call,1.0538069394074063,0.0602739726027397,3.3
SPXW260630C07810000,2026-06-08 18:30:07+00:00,7810.0,4.0,3.0,3.3,-0.05000019,-1.2345725,13.0,161.0,0.1179592599487304,False,REGULAR,USD,2026-06-30,7406.47998046875,0.0362799978256225,call,1.0544820239297683,0.0602739726027397,3.15
SPXW260630C07815000,2026-06-05 20:11:13+00:00,7815.0,5.1,2.95,3.1,2.1299999,71.71716,10.0,85.0,0.1177761563110351,False,REGULAR,USD,2026-06-30,7406.47998046875,0.0362799978256225,call,1.0551571084521307,0.0602739726027397,3.0250000000000004
SPXW260630C07820000,2026-06-08 17:27:52+00:00,7820.0,3.25,2.7,2.85,-0.6500001,-16.666668,14.0,2681.0,0.117173440170288,False,REGULAR,USD,2026-06-30,7406.47998046875,0.0362799978256225,call,1.055832192974493,0.0602739726027397,2.7750000000000004
SPXW260630C07825000,2026-06-08 19:02:11+00:00,7825.0,2.95,2.6,2.75,-0.95000005,-24.358976,1156.0,1067.0,0.1175777940368652,False,REGULAR,USD,2026-06-30,7406.47998046875,0.0362799978256225,call,1.0565072774968551,0.0602739726027397,2.675
SPXW260630C07830000,2026-06-08 18:49:02+00:00,7830.0,2.99,2.4,2.55,0.52,21.052631,171.0,3239.0,0.1171658108520507,False,REGULAR,USD,2026-06-30,7406.47998046875,0.0362799978256225,call,1.0571823620192171,0.0602739726027397,2.475
SPXW260630C07835000,2026-06-05 18:14:09+00:00,7835.0,3.9,2.3,2.45,-0.049999952,-1.2658216,1.0,72.0,0.1174862422180176,False,REGULAR,USD,2026-06-30,7406.47998046875,0.0362799978256225,call,1.0578574465415795,0.0602739726027397,2.375
SPXW260630C07840000,2026-06-08 18:26:37+00:00,7840.0,2.7,2.15,2.25,-0.45000005,-14.285715,6.0,213.0,0.116921672668457,False,REGULAR,USD,2026-06-30,7406.47998046875,0.0362799978256225,call,1.0585325310639415,0.0602739726027397,2.2
SPXW260630C07845000,2026-06-05 15:15:09+00:00,7845.0,5.3,2.0,2.1,0.0,0.0,11.0,21.0,0.1166927931213379,False,REGULAR,USD,2026-06-30,7406.47998046875,0.0362799978256225,call,1.059207615586304,0.0602739726027397,2.05
SPXW260630C07850000,2026-06-08 19:08:38+00:00,7850.0,2.17,1.9,2.0,-0.6199999,-22.222218,905.0,5574.0,0.1168606381225585,False,REGULAR,USD,2026-06-30,7406.47998046875,0.0362799978256225,call,1.059882700108666,0.0602739726027397,1.95
SPXW260630C07855000,2026-06-05 14:54:23+00:00,7855.0,2.87,1.8,1.9,-2.4300003,-45.84906,1.0,142.0,0.1169827072143554,False,REGULAR,USD,2026-06-30,7406.47998046875,0.0362799978256225,call,1.0605577846310283,0.0602739726027397,1.85
SPXW260630C07860000,2026-06-08 15:53:44+00:00,7860.0,2.82,1.7,1.8,0.13999987,5.2238755,2.0,157.0,0.1170437417602539,False,REGULAR,USD,2026-06-30,7406.47998046875,0.0362799978256225,call,1.0612328691533903,0.0602739726027397,1.75
SPXW260630C07865000,2026-06-08 15:53:44+00:00,7865.0,2.66,1.6,1.7,0.6600001,33.000004,1.0,39.0,0.1170742590332031,False,REGULAR,USD,2026-06-30,7406.47998046875,0.0362799978256225,call,1.0619079536757527,0.0602739726027397,1.65
SPXW260630C07870000,2026-06-08 00:30:33+00:00,7870.0,2.25,1.5,1.65,-0.06999993,-3.0172386,1.0,171.0,0.1175777940368652,False,REGULAR,USD,2026-06-30,7406.47998046875,0.0362799978256225,call,1.062583038198115,0.0602739726027397,1.575
SPXW260630C07875000,2026-06-08 19:08:38+00:00,7875.0,1.62,1.45,1.55,-0.28999996,-15.183245,741.0,1277.0,0.1175015008544922,False,REGULAR,USD,2026-06-30,7406.47998046875,0.0362799978256225,call,1.0632581227204772,0.0602739726027397,1.5
SPXW260630C07880000,2026-06-08 16:37:43+00:00,7880.0,1.92,1.35,1.45,-0.65999997,-25.581396,400.0,525.0,0.1173794317626953,False,REGULAR,USD,2026-06-30,7406.47998046875,0.0362799978256225,call,1.0639332072428394,0.0602739726027397,1.4
SPXW260630C07885000,2026-06-05 18:14:40+00:00,7885.0,2.07,1.3,1.45,0.0,0.0,4.0,13.0,0.1183865017700195,False,REGULAR,USD,2026-06-30,7406.47998046875,0.0362799978256225,call,1.0646082917652016,0.0602739726027397,1.375
SPXW260630C07890000,2026-06-05 18:04:21+00:00,7890.0,2.15,1.2,1.35,0.0,0.0,14.0,719.0,0.118172880859375,False,REGULAR,USD,2026-06-30,7406.47998046875,0.0362799978256225,call,1.0652833762875638,0.0602739726027397,1.275
SPXW260630C07895000,2026-06-08 17:08:56+00:00,7895.0,1.45,1.15,1.3,-0.29999995,-17.142855,9.0,75.0,0.1185390881347656,False,REGULAR,USD,2026-06-30,7406.47998046875,0.0362799978256225,call,1.065958460809926,0.0602739726027397,1.225
SPXW260630C07900000,2026-06-08 18:39:22+00:00,7900.0,1.35,1.1,1.2,0.05000007,3.8461595,438.0,5305.0,0.1182033981323242,False,REGULAR,USD,2026-06-30,7406.47998046875,0.0362799978256225,call,1.0666335453322884,0.0602739726027397,1.15
SPXW260630C07905000,2026-06-05 15:22:53+00:00,7905.0,2.45,1.05,1.15,0.0,0.0,1.0,175.0,0.1184780535888671,False,REGULAR,USD,2026-06-30,7406.47998046875,0.0362799978256225,call,1.0673086298546506,0.0602739726027397,1.1
SPXW260630C07910000,2026-06-08 15:03:08+00:00,7910.0,1.69,1.0,1.15,0.24000001,16.551723,9.0,2076.0,0.1194698649597167,False,REGULAR,USD,2026-06-30,7406.47998046875,0.0362799978256225,call,1.0679837143770128,0.0602739726027397,1.075
SPXW260630C07915000,2026-06-05 15:23:08+00:00,7915.0,2.15,0.95,1.1,0.0,0.0,10.0,17.0,0.1197292617797851,False,REGULAR,USD,2026-06-30,7406.47998046875,0.0362799978256225,call,1.068658798899375,0.0602739726027397,1.025
SPXW260630C07920000,2026-06-08 13:30:54+00:00,7920.0,1.92,0.9,1.05,-0.72000015,-27.272732,1.0,334.0,0.1199428826904296,False,REGULAR,USD,2026-06-30,7406.47998046875,0.0362799978256225,call,1.0693338834217372,0.0602739726027397,0.975
SPXW260630C07925000,2026-06-08 16:29:21+00:00,7925.0,1.25,0.9,1.0,0.13,11.607142,102.0,782.0,0.1201259863281249,False,REGULAR,USD,2026-06-30,7406.47998046875,0.0362799978256225,call,1.0700089679440994,0.0602739726027397,0.95
SPXW260630C07930000,2026-06-08 18:12:13+00:00,7930.0,1.0,0.8,0.95,-0.14999998,-13.043477,5.0,209.0,0.1202480554199218,False,REGULAR,USD,2026-06-30,7406.47998046875,0.0362799978256225,call,1.0706840524664616,0.0602739726027397,0.875
SPXW260630C07935000,2026-06-05 16:35:11+00:00,7935.0,1.5,0.8,0.9,0.0,0.0,3.0,36.0,0.1203701245117187,False,REGULAR,USD,2026-06-30,7406.47998046875,0.0362799978256225,call,1.0713591369888238,0.0602739726027397,0.8500000000000001
SPXW260630C07940000,2026-06-05 15:22:53+00:00,7940.0,1.6,0.75,0.85,0.0,0.0,6.0,57.0,0.1204006417846679,False,REGULAR,USD,2026-06-30,7406.47998046875,0.0362799978256225,call,1.072034221511186,0.0602739726027397,0.8
SPXW260630C07950000,2026-06-08 16:20:10+00:00,7950.0,1.05,0.7,0.85,0.119999945,12.903219,67.0,2450.0,0.1222927127075195,False,REGULAR,USD,2026-06-30,7406.47998046875,0.0362799978256225,call,1.0733843905559104,0.0602739726027397,0.7749999999999999
SPXW260630C07960000,2026-06-08 00:15:01+00:00,7960.0,1.02,0.65,0.8,0.19,22.891567,3.0,89.0,0.1232082308959961,False,REGULAR,USD,2026-06-30,7406.47998046875,0.0362799978256225,call,1.0747345596006348,0.0602739726027397,0.7250000000000001
SPXW260630C07970000,2026-06-08 15:51:09+00:00,7970.0,0.92,0.6,0.75,0.06999999,8.235292,3.0,74.0,0.1240627145385742,False,REGULAR,USD,2026-06-30,7406.47998046875,0.0362799978256225,call,1.0760847286453592,0.0602739726027397,0.675
SPXW260630C07975000,2026-06-08 14:04:35+00:00,7975.0,0.95,0.55,0.7,0.27999997,41.79104,8.0,629.0,0.1239101281738281,False,REGULAR,USD,2026-06-30,7406.47998046875,0.0362799978256225,call,1.0767598131677214,0.0602739726027397,0.625
SPXW260630C07980000,2026-06-08 14:32:48+00:00,7980.0,0.77,0.55,0.65,-2.43,-75.9375,4.0,31.0,0.1237270245361328,False,REGULAR,USD,2026-06-30,7406.47998046875,0.0362799978256225,call,1.0774348976900836,0.0602739726027397,0.6000000000000001
SPXW260630C07990000,2026-06-05 14:11:48+00:00,7990.0,1.21,0.5,0.65,0.0,0.0,6.0,82.0,0.1255275436401367,False,REGULAR,USD,2026-06-30,7406.47998046875,0.0362799978256225,call,1.078785066734808,0.0602739726027397,0.575
SPXW260630C08000000,2026-06-08 18:20:41+00:00,8000.0,0.61,0.5,0.6,0.04000002,7.017547,49.0,5313.0,0.1261073718261718,False,REGULAR,USD,2026-06-30,7406.47998046875,0.0362799978256225,call,1.0801352357795324,0.0602739726027397,0.55
SPXW260630C08010000,2026-06-05 19:45:00+00:00,8010.0,0.62,0.45,0.55,0.0,0.0,3.0,17.0,0.1265956481933593,False,REGULAR,USD,2026-06-30,7406.47998046875,0.0362799978256225,call,1.0814854048242568,0.0602739726027397,0.5
SPXW260630C08020000,2026-06-08 18:12:29+00:00,8020.0,0.5,0.45,0.55,-0.100000024,-16.66667,5.0,33.0,0.128365650024414,False,REGULAR,USD,2026-06-30,7406.47998046875,0.0362799978256225,call,1.0828355738689812,0.0602739726027397,0.5
SPXW260630C08040000,2026-06-08 05:24:33+00:00,8040.0,0.5,0.4,0.5,-1.23,-71.09827,1.0,120.0,0.1305018591308593,False,REGULAR,USD,2026-06-30,7406.47998046875,0.0362799978256225,call,1.08553591195843,0.0602739726027397,0.45
SPXW260630C08050000,2026-06-08 14:46:36+00:00,8050.0,0.5,0.35,0.45,0.050000012,11.111114,14.0,1169.0,0.1306239282226562,False,REGULAR,USD,2026-06-30,7406.47998046875,0.0362799978256225,call,1.0868860810031544,0.0602739726027397,0.4
SPXW260630C08060000,2026-06-05 18:41:14+00:00,8060.0,0.45,0.35,0.45,0.0,0.0,8.0,35.0,0.1323939300537109,False,REGULAR,USD,2026-06-30,7406.47998046875,0.0362799978256225,call,1.0882362500478788,0.0602739726027397,0.4
SPXW260630C08070000,2026-06-04 17:25:55+00:00,8070.0,1.14,0.35,0.45,0.0,0.0,5.0,60.0,0.1341028973388672,False,REGULAR,USD,2026-06-30,7406.47998046875,0.0362799978256225,call,1.0895864190926032,0.0602739726027397,0.4
SPXW260630C08080000,2026-05-29 13:38:51+00:00,8080.0,4.15,0.3,0.4,0.0,0.0,1.0,1.0,0.1340418627929687,False,REGULAR,USD,2026-06-30,7406.47998046875,0.0362799978256225,call,1.090936588137328,0.0602739726027397,0.35
SPXW260630C08100000,2026-06-08 12:25:51+00:00,8100.0,0.53,0.3,0.4,0.17999998,51.428566,150.0,677.0,0.1374597973632813,False,REGULAR,USD,2026-06-30,7406.47998046875,0.0362799978256225,call,1.0936369262267769,0.0602739726027397,0.35
SPXW260630C08110000,2026-05-29 19:49:43+00:00,8110.0,2.0,0.3,0.4,0.0,0.0,64.0,64.0,0.139107730102539,False,REGULAR,USD,2026-06-30,7406.47998046875,0.0362799978256225,call,1.094987095271501,0.0602739726027397,0.35
SPXW260701C07350000,2026-06-08 19:13:16+00:00,7350.0,165.5,164.8,165.6,-40.72,-19.745903,4.0,15.0,0.1791959827804565,True,REGULAR,USD,2026-07-01,7406.47998046875,0.0362799978256225,call,0.9923742478724454,0.0630136986301369,165.2
SPXW260701C07360000,2026-06-08 15:30:10+00:00,7360.0,180.0,155.6,156.4,-78.32999,-30.321678,2.0,1.0,0.1742712578582763,True,REGULAR,USD,2026-07-01,7406.47998046875,0.0362799978256225,call,0.9937244169171698,0.0630136986301369,156.0
SPXW260701C07375000,2026-06-05 19:47:01+00:00,7375.0,152.03,148.7,149.2,0.0,0.0,1.0,7.0,0.1754404508781432,True,REGULAR,USD,2026-07-01,7406.47998046875,0.0362799978256225,call,0.9957496704842564,0.0630136986301369,148.95
SPXW260701C07390000,2026-06-05 18:29:59+00:00,7390.0,154.6,135.6,136.3,0.0,0.0,7.0,9.0,0.1686980408859253,True,REGULAR,USD,2026-07-01,7406.47998046875,0.0362799978256225,call,0.997774924051343,0.0630136986301369,135.95
SPXW260701C07400000,2026-06-05 19:57:30+00:00,7400.0,135.67,132.0,132.8,0.0,0.0,16.0,39.0,0.1707598641395569,True,REGULAR,USD,2026-07-01,7406.47998046875,0.0362799978256225,call,0.9991250930960676,0.0630136986301369,132.4
SPXW260701C07410000,2026-06-08 14:39:32+00:00,7410.0,145.54,125.6,126.3,15.639999,12.040031,5.0,17.0,0.168696133556366,False,REGULAR,USD,2026-07-01,7406.47998046875,0.0362799978256225,call,1.000475262140792,0.0630136986301369,125.95
SPXW260701C07420000,2026-06-08 12:54:45+00:00,7420.0,145.5,119.6,120.3,10.429993,7.721916,1.0,17.0,0.1671302159881592,False,REGULAR,USD,2026-07-01,7406.47998046875,0.0362799978256225,call,1.0018254311855164,0.0630136986301369,119.95
SPXW260701C07425000,2026-06-05 18:29:59+00:00,7425.0,131.94,116.4,116.9,0.0,0.0,6.0,14.0,0.165755031375885,False,REGULAR,USD,2026-07-01,7406.47998046875,0.0362799978256225,call,1.0025005157078786,0.0630136986301369,116.65
SPXW260701C07430000,2026-06-08 14:02:04+00:00,7430.0,129.6,113.4,113.9,-10.699997,-7.6265125,8.0,7.0,0.1648681231307983,False,REGULAR,USD,2026-07-01,7406.47998046875,0.0362799978256225,call,1.0031756002302408,0.0630136986301369,113.65
SPXW260701C07440000,2026-06-08 18:57:43+00:00,7440.0,113.9,107.4,108.1,-9.220001,-7.48863,64.0,5.0,0.1632240050506592,False,REGULAR,USD,2026-07-01,7406.47998046875,0.0362799978256225,call,1.0045257692749652,0.0630136986301369,107.75
SPXW260701C07450000,2026-06-08 18:46:00+00:00,7450.0,107.22,102.0,102.8,5.419998,5.324163,217.0,309.0,0.1620681633377075,False,REGULAR,USD,2026-07-01,7406.47998046875,0.0362799978256225,call,1.0058759383196896,0.0630136986301369,102.4
SPXW260701C07460000,2026-06-08 16:39:46+00:00,7460.0,105.83,94.0,94.6,-22.619995,-17.609962,6.0,7.0,0.1568573389816284,False,REGULAR,USD,2026-07-01,7406.47998046875,0.0362799978256225,call,1.007226107364414,0.0630136986301369,94.3
SPXW260701C07470000,2026-06-08 18:01:52+00:00,7470.0,99.4,90.8,91.4,-5.409996,-5.161718,26.0,13.0,0.1581352497863769,False,REGULAR,USD,2026-07-01,7406.47998046875,0.0362799978256225,call,1.0085762764091384,0.0630136986301369,91.1
SPXW260701C07475000,2026-06-05 18:27:02+00:00,7475.0,101.98,86.2,86.9,0.0,0.0,14.0,13.0,0.1548050523757935,False,REGULAR,USD,2026-07-01,7406.47998046875,0.0362799978256225,call,1.0092513609315006,0.0630136986301369,86.55000000000001
SPXW260701C07480000,2026-06-05 17:51:17+00:00,7480.0,111.76,85.5,86.0,0.0,0.0,5.0,5.0,0.1562813254547119,False,REGULAR,USD,2026-07-01,7406.47998046875,0.0362799978256225,call,1.0099264454538628,0.0630136986301369,85.75
SPXW260701C07490000,2026-06-05 16:05:23+00:00,7490.0,113.8,79.0,79.4,0.0,0.0,3.0,4.0,0.1525811061096191,False,REGULAR,USD,2026-07-01,7406.47998046875,0.0362799978256225,call,1.0112766144985872,0.0630136986301369,79.2
SPXW260701C07500000,2026-06-05 19:49:16+00:00,7500.0,90.78,76.0,76.5,9.779999,12.074073,1.0,350.0,0.1537369478225708,False,REGULAR,USD,2026-07-01,7406.47998046875,0.0362799978256225,call,1.0126267835433116,0.0630136986301369,76.25
SPXW260701C07510000,2026-06-08 14:20:20+00:00,7510.0,81.61,71.0,71.5,7.6900024,10.403142,6.0,4.0,0.1518105449676513,False,REGULAR,USD,2026-07-01,7406.47998046875,0.0362799978256225,call,1.013976952588036,0.0630136986301369,71.25
SPXW260701C07520000,2026-06-05 19:21:38+00:00,7520.0,67.77,64.6,65.1,0.0,0.0,10.0,33.0,0.1476697324943542,False,REGULAR,USD,2026-07-01,7406.47998046875,0.0362799978256225,call,1.0153271216327604,0.0630136986301369,64.85
SPXW260701C07525000,2026-06-05 16:05:27+00:00,7525.0,93.9,62.8,63.4,0.0,0.0,26.0,42.0,0.1476296785736084,False,REGULAR,USD,2026-07-01,7406.47998046875,0.0362799978256225,call,1.0160022061551226,0.0630136986301369,63.1
SPXW260701C07530000,2026-06-08 15:33:58+00:00,7530.0,72.55,61.8,62.4,-21.649994,-22.983011,1.0,2.0,0.1485490114212036,False,REGULAR,USD,2026-07-01,7406.47998046875,0.0362799978256225,call,1.0166772906774848,0.0630136986301369,62.1
SPXW260701C07540000,2026-06-08 16:30:40+00:00,7540.0,68.04,57.6,58.2,6.540001,10.634149,4.0,50.0,0.1470803676605225,False,REGULAR,USD,2026-07-01,7406.47998046875,0.0362799978256225,call,1.0180274597222092,0.0630136986301369,57.900000000000006
SPXW260701C07550000,2026-06-08 17:36:14+00:00,7550.0,56.7,53.6,54.3,1.6000023,2.9038155,12.0,19.0,0.1458234374809265,False,REGULAR,USD,2026-07-01,7406.47998046875,0.0362799978256225,call,1.0193776287669338,0.0630136986301369,53.95
SPXW260701C07560000,2026-06-08 14:58:10+00:00,7560.0,66.2,49.8,50.2,-6.0,-8.310249,6.0,36.0,0.1440267330360412,False,REGULAR,USD,2026-07-01,7406.47998046875,0.0362799978256225,call,1.0207277978116582,0.0630136986301369,50.0
SPXW260701C07570000,2026-06-08 17:22:39+00:00,7570.0,48.0,45.5,46.0,7.700001,19.1067,34.0,92.0,0.1418066014289855,False,REGULAR,USD,2026-07-01,7406.47998046875,0.0362799978256225,call,1.0220779668563826,0.0630136986301369,45.75
SPXW260701C07575000,2026-06-08 19:12:04+00:00,7575.0,43.73,44.2,44.8,-35.350002,-44.70157,8.0,41.0,0.1420087783622741,False,REGULAR,USD,2026-07-01,7406.47998046875,0.0362799978256225,call,1.0227530513787448,0.0630136986301369,44.5
SPXW260701C07580000,2026-06-08 17:59:20+00:00,7580.0,45.55,42.4,42.8,-69.729996,-60.487507,2.0,34.0,0.1408891759109497,False,REGULAR,USD,2026-07-01,7406.47998046875,0.0362799978256225,call,1.023428135901107,0.0630136986301369,42.6
SPXW260701C07590000,2026-06-08 14:40:10+00:00,7590.0,50.25,37.6,38.2,-23.86,-32.195385,2.0,60.0,0.1374216507720947,False,REGULAR,USD,2026-07-01,7406.47998046875,0.0362799978256225,call,1.0247783049458314,0.0630136986301369,37.900000000000006
SPXW260701C07600000,2026-06-08 15:19:18+00:00,7600.0,51.55,34.6,35.2,12.369999,31.572227,1.0,291.0,0.136277253036499,False,REGULAR,USD,2026-07-01,7406.47998046875,0.0362799978256225,call,1.0261284739905558,0.0630136986301369,34.900000000000006
SPXW260701C07610000,2026-06-05 16:03:12+00:00,7610.0,56.0,33.0,33.4,0.0,0.0,10.0,19.0,0.136979150314331,False,REGULAR,USD,2026-07-01,7406.47998046875,0.0362799978256225,call,1.0274786430352802,0.0630136986301369,33.2
SPXW260701C07620000,2026-06-05 20:04:46+00:00,7620.0,28.64,29.0,29.5,0.0,0.0,5.0,46.0,0.1337061727905273,False,REGULAR,USD,2026-07-01,7406.47998046875,0.0362799978256225,call,1.0288288120800049,0.0630136986301369,29.25
SPXW260701C07625000,2026-06-08 15:16:27+00:00,7625.0,42.45,28.5,29.2,11.730001,38.183598,2.0,96.0,0.1349726396179199,False,REGULAR,USD,2026-07-01,7406.47998046875,0.0362799978256225,call,1.0295038966023669,0.0630136986301369,28.85
SPXW260701C07630000,2026-06-08 15:33:58+00:00,7630.0,34.55,27.4,27.8,-13.75,-28.467909,2.0,6.0,0.1341601172256469,False,REGULAR,USD,2026-07-01,7406.47998046875,0.0362799978256225,call,1.030178981124729,0.0630136986301369,27.6
SPXW260701C07640000,2026-06-08 17:27:49+00:00,7640.0,27.7,25.1,25.5,-1.2999992,-4.482756,5.0,29.0,0.1332674869918823,False,REGULAR,USD,2026-07-01,7406.47998046875,0.0362799978256225,call,1.0315291501694537,0.0630136986301369,25.3
SPXW260701C07650000,2026-06-08 17:01:21+00:00,7650.0,25.8,22.5,22.9,-0.48000145,-1.8264894,9.0,62.0,0.1314898558425903,False,REGULAR,USD,2026-07-01,7406.47998046875,0.0362799978256225,call,1.032879319214178,0.0630136986301369,22.7
SPXW260701C07660000,2026-06-08 17:20:13+00:00,7660.0,22.09,20.7,21.1,-22.11,-50.022625,4.0,13.0,0.1310626140213012,False,REGULAR,USD,2026-07-01,7406.47998046875,0.0362799978256225,call,1.0342294882589025,0.0630136986301369,20.9
SPXW260701C07670000,2026-06-05 19:22:01+00:00,7670.0,25.02,18.7,19.1,3.8900013,18.409851,2.0,11.0,0.1299487335586547,False,REGULAR,USD,2026-07-01,7406.47998046875,0.0362799978256225,call,1.0355796573036269,0.0630136986301369,18.9
SPXW260701C07675000,2026-06-08 15:33:23+00:00,7675.0,24.78,17.8,18.2,4.0600014,19.5946,32.0,47.0,0.1295062331008911,False,REGULAR,USD,2026-07-01,7406.47998046875,0.0362799978256225,call,1.0362547418259889,0.0630136986301369,18.0
SPXW260701C07680000,2026-06-05 14:34:55+00:00,7680.0,40.0,16.9,17.2,0.0,0.0,1.0,459.0,0.1287547452545166,False,REGULAR,USD,2026-07-01,7406.47998046875,0.0362799978256225,call,1.036929826348351,0.0630136986301369,17.049999999999997
SPXW260701C07690000,2026-06-08 13:47:13+00:00,7690.0,22.1,15.2,15.5,9.06,69.47853,5.0,1500.0,0.1277286019515991,False,REGULAR,USD,2026-07-01,7406.47998046875,0.0362799978256225,call,1.0382799953930757,0.0630136986301369,15.35
SPXW260701C07700000,2026-06-08 17:03:46+00:00,7700.0,15.0,13.7,13.9,-1.3199997,-8.088234,3.0,2218.0,0.1266452387619018,False,REGULAR,USD,2026-07-01,7406.47998046875,0.0362799978256225,call,1.0396301644378,0.0630136986301369,13.8
SPXW260701C07710000,2026-06-08 15:33:58+00:00,7710.0,16.35,12.1,12.5,-2.75,-14.397905,2.0,7.0,0.1257869404602051,False,REGULAR,USD,2026-07-01,7406.47998046875,0.0362799978256225,call,1.0409803334825245,0.0630136986301369,12.3
SPXW260701C07720000,2026-06-05 15:56:14+00:00,7720.0,22.15,11.0,11.3,0.0,0.0,5.0,5.0,0.1252032976150512,False,REGULAR,USD,2026-07-01,7406.47998046875,0.0362799978256225,call,1.042330502527249,0.0630136986301369,11.15
SPXW260701C07725000,2026-06-08 18:32:51+00:00,7725.0,12.8,10.3,10.6,0.19000053,1.506745,13.0,125.0,0.1245014003372192,False,REGULAR,USD,2026-07-01,7406.47998046875,0.0362799978256225,call,1.043005587049611,0.0630136986301369,10.45
SPXW260701C07750000,2026-06-08 17:37:09+00:00,7750.0,8.89,7.7,8.0,-0.5099993,-5.425524,4.0,140.0,0.1226512906646728,False,REGULAR,USD,2026-07-01,7406.47998046875,0.0362799978256225,call,1.046381009661422,0.0630136986301369,7.85
SPXW260701C07775000,2026-06-08 15:34:36+00:00,7775.0,7.99,5.7,6.0,-2.1100006,-20.891094,7.0,337.0,0.1211483149719238,False,REGULAR,USD,2026-07-01,7406.47998046875,0.0362799978256225,call,1.0497564322732331,0.0630136986301369,5.85
SPXW260701C07800000,2026-06-08 16:06:14+00:00,7800.0,6.2,4.2,4.5,1.5999999,34.782604,36.0,122.0,0.1200802104187011,False,REGULAR,USD,2026-07-01,7406.47998046875,0.0362799978256225,call,1.053131854885044,0.0630136986301369,4.35
SPXW260701C07825000,2026-06-08 17:05:27+00:00,7825.0,3.7,3.1,3.3,0.60000014,19.354845,42.0,59.0,0.1188671488189697,False,REGULAR,USD,2026-07-01,7406.47998046875,0.0362799978256225,call,1.0565072774968551,0.0630136986301369,3.2
SPXW260701C07850000,2026-06-08 18:06:46+00:00,7850.0,2.9,2.25,2.45,-0.29999995,-9.374999,14.0,165.0,0.118249174041748,False,REGULAR,USD,2026-07-01,7406.47998046875,0.0362799978256225,call,1.059882700108666,0.0630136986301369,2.35
SPXW260701C07875000,2026-06-08 15:43:06+00:00,7875.0,1.97,1.7,1.85,-0.5,-20.242914,12.0,172.0,0.118172880859375,False,REGULAR,USD,2026-07-01,7406.47998046875,0.0362799978256225,call,1.0632581227204772,0.0630136986301369,1.775
SPXW260701C07900000,2026-06-08 15:19:22+00:00,7900.0,2.34,1.3,1.45,0.51999986,28.571419,12.0,365.0,0.118874778137207,False,REGULAR,USD,2026-07-01,7406.47998046875,0.0362799978256225,call,1.0666335453322884,0.0630136986301369,1.375
SPXW260701C07925000,2026-06-08 17:05:27+00:00,7925.0,1.25,1.05,1.2,-1.0699999,-46.12069,3.0,39.0,0.120553228149414,False,REGULAR,USD,2026-07-01,7406.47998046875,0.0362799978256225,call,1.0700089679440994,0.0630136986301369,1.125
SPXW260701C07950000,2026-06-08 17:56:46+00:00,7950.0,0.97,0.8,1.0,-0.17999995,-15.652169,1.0,56.0,0.1222927127075195,False,REGULAR,USD,2026-07-01,7406.47998046875,0.0362799978256225,call,1.0733843905559104,0.0630136986301369,0.9
SPXW260701C07975000,2026-06-08 17:56:46+00:00,7975.0,0.77,0.65,0.85,-0.5500001,-41.66667,1.0,43.0,0.1243068527221679,False,REGULAR,USD,2026-07-01,7406.47998046875,0.0362799978256225,call,1.0767598131677214,0.0630136986301369,0.75
SPXW260701C08000000,2026-06-08 17:23:34+00:00,8000.0,0.73,0.55,0.7,-0.01999998,-2.6666641,310.0,344.0,0.1258021990966797,False,REGULAR,USD,2026-07-01,7406.47998046875,0.0362799978256225,call,1.0801352357795324,0.0630136986301369,0.625
SPXW260701C08025000,2026-06-08 17:18:52+00:00,8025.0,0.55,0.5,0.6,-0.050000012,-8.333335,1.0,49.0,0.1278468563842773,False,REGULAR,USD,2026-07-01,7406.47998046875,0.0362799978256225,call,1.0835106583913434,0.0630136986301369,0.55
SPXW260702C07350000,2026-06-08 18:37:45+00:00,7350.0,181.68,168.5,169.4,10.039993,5.8494487,10.0,70.0,0.1810594437599181,True,REGULAR,USD,2026-07-02,7406.47998046875,0.0362799978256225,call,0.9923742478724454,0.0657534246575342,168.95
SPXW260702C07360000,2026-06-04 19:29:21+00:00,7360.0,299.58,160.9,161.8,0.0,0.0,1.0,8.0,0.1782957232284546,True,REGULAR,USD,2026-07-02,7406.47998046875,0.0362799978256225,call,0.9937244169171698,0.0657534246575342,161.35000000000002
SPXW260702C07370000,2026-06-08 14:52:38+00:00,7370.0,185.44,157.5,158.1,32.930008,21.592031,4.0,8.0,0.1804929668807983,True,REGULAR,USD,2026-07-02,7406.47998046875,0.0362799978256225,call,0.9950745859618942,0.0657534246575342,157.8
SPXW260702C07375000,2026-06-05 16:02:51+00:00,7375.0,199.86,151.6,152.4,0.0,0.0,2.0,63.0,0.1765161847496033,True,REGULAR,USD,2026-07-02,7406.47998046875,0.0362799978256225,call,0.9957496704842564,0.0657534246575342,152.0
SPXW260702C07380000,2026-06-08 18:55:44+00:00,7380.0,159.77,151.0,151.8,-22.759995,-12.46918,1.0,3.0,0.1791425775527954,True,REGULAR,USD,2026-07-02,7406.47998046875,0.0362799978256225,call,0.9964247550066186,0.0657534246575342,151.4
SPXW260702C07390000,2026-06-05 19:47:11+00:00,7390.0,147.9,141.6,142.2,0.0,0.0,9.0,8.0,0.1733748129653931,True,REGULAR,USD,2026-07-02,7406.47998046875,0.0362799978256225,call,0.997774924051343,0.0657534246575342,141.89999999999998
SPXW260702C07400000,2026-06-08 19:07:54+00:00,7400.0,143.27,137.6,138.3,3.699997,2.6509972,52.0,183.0,0.1748549007034301,True,REGULAR,USD,2026-07-02,7406.47998046875,0.0362799978256225,call,0.9991250930960676,0.0657534246575342,137.95
SPXW260702C07410000,2026-06-08 19:13:11+00:00,7410.0,131.7,129.2,130.0,-7.100006,-5.1152782,22.0,11.0,0.1704871160125733,False,REGULAR,USD,2026-07-02,7406.47998046875,0.0362799978256225,call,1.000475262140792,0.0657534246575342,129.6
SPXW260702C07420000,2026-06-08 17:33:08+00:00,7420.0,134.4,125.2,125.8,-53.800003,-28.586613,93.0,4.0,0.1712729357910156,False,REGULAR,USD,2026-07-02,7406.47998046875,0.0362799978256225,call,1.0018254311855164,0.0657534246575342,125.5
SPXW260702C07425000,2026-06-08 19:07:17+00:00,7425.0,127.65,122.0,122.6,-4.3499985,-3.2954533,205.0,23.0,0.1701819432830811,False,REGULAR,USD,2026-07-02,7406.47998046875,0.0362799978256225,call,1.0025005157078786,0.0657534246575342,122.3
SPXW260702C07430000,2026-06-08 19:06:33+00:00,7430.0,124.63,119.2,119.8,-2.3700027,-1.866144,200.0,11.0,0.1695715978240967,False,REGULAR,USD,2026-07-02,7406.47998046875,0.0362799978256225,call,1.0031756002302408,0.0657534246575342,119.5
SPXW260702C07440000,2026-06-08 18:06:33+00:00,7440.0,123.86,113.6,114.2,-126.81999,-50.590393,445.0,2.0,0.1682288378143311,False,REGULAR,USD,2026-07-02,7406.47998046875,0.0362799978256225,call,1.0045257692749652,0.0657534246575342,113.9
SPXW260702C07450000,2026-06-08 18:37:45+00:00,7450.0,115.91,107.8,108.3,3.9100037,3.4910748,321.0,499.0,0.1663291375732422,False,REGULAR,USD,2026-07-02,7406.47998046875,0.0362799978256225,call,1.0058759383196896,0.0657534246575342,108.05
SPXW260702C07460000,2026-06-08 16:22:25+00:00,7460.0,121.02,102.2,102.7,16.64,15.9417515,37.0,15.0,0.1646506875610351,False,REGULAR,USD,2026-07-02,7406.47998046875,0.0362799978256225,call,1.007226107364414,0.0657534246575342,102.45
SPXW260702C07470000,2026-06-08 15:08:59+00:00,7470.0,122.9,94.6,95.2,28.130005,29.682396,29.0,20.0,0.1602981615066528,False,REGULAR,USD,2026-07-02,7406.47998046875,0.0362799978256225,call,1.0085762764091384,0.0657534246575342,94.9
SPXW260702C07475000,2026-06-08 16:13:10+00:00,7475.0,110.49,93.8,94.4,13.189995,13.556006,10.0,80.0,0.1619327429389953,False,REGULAR,USD,2026-07-02,7406.47998046875,0.0362799978256225,call,1.0092513609315006,0.0657534246575342,94.1
SPXW260702C07480000,2026-06-08 18:55:44+00:00,7480.0,98.07,91.4,92.1,16.739998,20.582808,25.0,17.0,0.1615512770271301,False,REGULAR,USD,2026-07-02,7406.47998046875,0.0362799978256225,call,1.0099264454538628,0.0657534246575342,91.75
SPXW260702C07490000,2026-06-08 14:39:47+00:00,7490.0,100.97,84.0,84.6,-13.5,-11.793483,5.0,21.0,0.156790582447052,False,REGULAR,USD,2026-07-02,7406.47998046875,0.0362799978256225,call,1.0112766144985872,0.0657534246575342,84.3
SPXW260702C07500000,2026-06-08 19:14:03+00:00,7500.0,81.23,79.3,79.8,-4.9699936,-5.765654,112.0,498.0,0.1554153978347778,False,REGULAR,USD,2026-07-02,7406.47998046875,0.0362799978256225,call,1.0126267835433116,0.0657534246575342,79.55
SPXW260702C07510000,2026-06-08 14:05:05+00:00,7510.0,85.06,74.3,74.8,5.8799973,7.4261146,10.0,292.0,0.1535729174804687,False,REGULAR,USD,2026-07-02,7406.47998046875,0.0362799978256225,call,1.013976952588036,0.0657534246575342,74.55
SPXW260702C07520000,2026-06-08 14:39:25+00:00,7520.0,85.6,69.7,70.2,3.1699982,3.845685,8.0,36.0,0.152066127128601,False,REGULAR,USD,2026-07-02,7406.47998046875,0.0362799978256225,call,1.0153271216327604,0.0657534246575342,69.95
SPXW260702C07525000,2026-06-08 18:43:29+00:00,7525.0,74.5,69.2,69.7,13.849998,22.835941,7.0,83.0,0.1537369478225708,False,REGULAR,USD,2026-07-02,7406.47998046875,0.0362799978256225,call,1.0160022061551226,0.0657534246575342,69.45
SPXW260702C07530000,2026-06-08 17:31:56+00:00,7530.0,74.42,65.1,65.6,3.75,5.3063536,26.0,31.0,0.1503495305252075,False,REGULAR,USD,2026-07-02,7406.47998046875,0.0362799978256225,call,1.0166772906774848,0.0657534246575342,65.35
SPXW260702C07540000,2026-06-08 18:53:55+00:00,7540.0,67.62,62.8,63.3,5.5200043,8.888896,69.0,921.0,0.1516808465576172,False,REGULAR,USD,2026-07-02,7406.47998046875,0.0362799978256225,call,1.0180274597222092,0.0657534246575342,63.05
SPXW260702C07550000,2026-06-08 19:10:55+00:00,7550.0,58.24,58.4,58.9,6.450001,12.454143,100.0,1287.0,0.149849810180664,False,REGULAR,USD,2026-07-02,7406.47998046875,0.0362799978256225,call,1.0193776287669338,0.0657534246575342,58.65
SPXW260702C07560000,2026-06-08 18:53:58+00:00,7560.0,58.97,53.5,54.0,-0.62999725,-1.0570424,14.0,285.0,0.1470403137397766,False,REGULAR,USD,2026-07-02,7406.47998046875,0.0362799978256225,call,1.0207277978116582,0.0657534246575342,53.75
SPXW260702C07570000,2026-06-08 16:13:17+00:00,7570.0,62.47,49.3,49.8,11.470001,22.490198,13.0,510.0,0.1449937491226196,False,REGULAR,USD,2026-07-02,7406.47998046875,0.0362799978256225,call,1.0220779668563826,0.0657534246575342,49.55
SPXW260702C07575000,2026-06-08 19:12:04+00:00,7575.0,48.3,48.8,49.4,5.75,13.513514,17.0,164.0,0.1464623928833007,False,REGULAR,USD,2026-07-02,7406.47998046875,0.0362799978256225,call,1.0227530513787448,0.0657534246575342,49.1
SPXW260702C07580000,2026-06-08 19:11:07+00:00,7580.0,46.55,45.6,46.2,-5.25,-10.135136,15.0,1238.0,0.1436052132034301,False,REGULAR,USD,2026-07-02,7406.47998046875,0.0362799978256225,call,1.023428135901107,0.0657534246575342,45.900000000000006
SPXW260702C07590000,2026-06-08 17:23:37+00:00,7590.0,45.47,43.6,44.1,-0.94999695,-2.0465252,8.0,70.0,0.1443452570724487,False,REGULAR,USD,2026-07-02,7406.47998046875,0.0362799978256225,call,1.0247783049458314,0.0657534246575342,43.85
SPXW260702C07600000,2026-06-08 18:53:58+00:00,7600.0,43.94,39.9,40.4,0.18999863,0.43428257,167.0,874.0,0.1423501903533935,False,REGULAR,USD,2026-07-02,7406.47998046875,0.0362799978256225,call,1.0261284739905558,0.0657534246575342,40.15
SPXW260702C07610000,2026-06-08 19:11:07+00:00,7610.0,36.75,35.8,36.4,-6.3899994,-14.812238,16.0,102.0,0.1395540452194213,False,REGULAR,USD,2026-07-02,7406.47998046875,0.0362799978256225,call,1.0274786430352802,0.0657534246575342,36.1
SPXW260702C07620000,2026-06-08 18:53:55+00:00,7620.0,37.52,34.1,34.6,-1.2799988,-3.298966,42.0,572.0,0.1402101665878296,False,REGULAR,USD,2026-07-02,7406.47998046875,0.0362799978256225,call,1.0288288120800049,0.0657534246575342,34.35
SPXW260702C07625000,2026-06-08 18:51:00+00:00,7625.0,35.72,32.7,33.2,0.6399994,1.8243996,6.0,1026.0,0.1396074504470825,False,REGULAR,USD,2026-07-02,7406.47998046875,0.0362799978256225,call,1.0295038966023669,0.0657534246575342,32.95
SPXW260702C07630000,2026-06-08 19:04:44+00:00,7630.0,34.4,31.3,31.8,-1.5699997,-4.3647475,53.0,140.0,0.1389398851013183,False,REGULAR,USD,2026-07-02,7406.47998046875,0.0362799978256225,call,1.030178981124729,0.0657534246575342,31.55
SPXW260702C07640000,2026-06-08 18:53:58+00:00,7640.0,31.71,28.7,29.2,4.289999,15.645511,7.0,97.0,0.137768784751892,False,REGULAR,USD,2026-07-02,7406.47998046875,0.0362799978256225,call,1.0315291501694537,0.0657534246575342,28.95
SPXW260702C07650000,2026-06-08 17:29:06+00:00,7650.0,28.57,26.1,26.5,-3.5299988,-10.9968815,39.0,488.0,0.1361361106491088,False,REGULAR,USD,2026-07-02,7406.47998046875,0.0362799978256225,call,1.032879319214178,0.0657534246575342,26.3
SPXW260702C07660000,2026-06-08 19:09:04+00:00,7660.0,25.4,23.8,24.2,2.3799992,10.338832,93.0,26.0,0.1349840835952759,False,REGULAR,USD,2026-07-02,7406.47998046875,0.0362799978256225,call,1.0342294882589025,0.0657534246575342,24.0
SPXW260702C07670000,2026-06-08 17:12:59+00:00,7670.0,23.37,21.7,22.1,-2.75,-10.528331,46.0,450.0,0.1339693842697143,False,REGULAR,USD,2026-07-02,7406.47998046875,0.0362799978256225,call,1.0355796573036269,0.0657534246575342,21.9
SPXW260702C07675000,2026-06-08 16:46:33+00:00,7675.0,25.31,20.1,20.6,0.34000015,1.3616346,426.0,215.0,0.1323901153945923,False,REGULAR,USD,2026-07-02,7406.47998046875,0.0362799978256225,call,1.0362547418259889,0.0657534246575342,20.35
SPXW260702C07680000,2026-06-08 17:44:55+00:00,7680.0,22.05,19.9,20.2,0.44999886,2.083328,68.0,200.0,0.1331110859680175,False,REGULAR,USD,2026-07-02,7406.47998046875,0.0362799978256225,call,1.036929826348351,0.0657534246575342,20.05
SPXW260702C07690000,2026-06-08 18:53:55+00:00,7690.0,20.12,17.9,18.3,0.55000114,2.81043,10.0,68.0,0.1319819468688964,False,REGULAR,USD,2026-07-02,7406.47998046875,0.0362799978256225,call,1.0382799953930757,0.0657534246575342,18.1
SPXW260702C07700000,2026-06-08 18:14:53+00:00,7700.0,18.17,16.3,16.7,2.8599997,18.6806,126.0,2179.0,0.1312724202728271,False,REGULAR,USD,2026-07-02,7406.47998046875,0.0362799978256225,call,1.0396301644378,0.0657534246575342,16.5
SPXW260702C07710000,2026-06-08 15:04:15+00:00,7710.0,22.28,14.7,15.0,4.130001,22.754827,7.0,134.0,0.1300402853775024,False,REGULAR,USD,2026-07-02,7406.47998046875,0.0362799978256225,call,1.0409803334825245,0.0657534246575342,14.85
SPXW260702C07720000,2026-06-08 14:37:25+00:00,7720.0,18.24,13.2,13.5,1.7099991,10.344822,30.0,73.0,0.1290179567337036,False,REGULAR,USD,2026-07-02,7406.47998046875,0.0362799978256225,call,1.042330502527249,0.0657534246575342,13.35
SPXW260702C07725000,2026-06-08 15:28:47+00:00,7725.0,14.7,12.6,13.0,2.25,18.072289,37.0,242.0,0.1290828059387206,False,REGULAR,USD,2026-07-02,7406.47998046875,0.0362799978256225,call,1.043005587049611,0.0657534246575342,12.8
SPXW260702C07730000,2026-06-08 07:48:04+00:00,7730.0,14.0,11.4,11.9,-0.10000038,-0.70922256,7.0,131.0,0.127389097290039,False,REGULAR,USD,2026-07-02,7406.47998046875,0.0362799978256225,call,1.0436806715719733,0.0657534246575342,11.65
SPXW260702C07740000,2026-06-05 19:55:37+00:00,7740.0,13.95,10.7,11.0,0.9399996,7.225208,3.0,626.0,0.1274959077453613,False,REGULAR,USD,2026-07-02,7406.47998046875,0.0362799978256225,call,1.0450308406166977,0.0657534246575342,10.85
SPXW260702C07750000,2026-06-08 18:15:35+00:00,7750.0,10.71,9.5,9.8,-0.4499998,-4.0322566,45.0,1110.0,0.1264506911468505,False,REGULAR,USD,2026-07-02,7406.47998046875,0.0362799978256225,call,1.046381009661422,0.0657534246575342,9.65
SPXW260702C07760000,2026-06-05 19:49:59+00:00,7760.0,10.99,8.5,8.9,0.0,0.0,26.0,47.0,0.1260997425079345,False,REGULAR,USD,2026-07-02,7406.47998046875,0.0362799978256225,call,1.0477311787061463,0.0657534246575342,8.7
SPXW260702C07770000,2026-06-08 14:48:02+00:00,7770.0,8.87,7.6,7.9,-0.119999886,-1.3348153,2.0,232.0,0.1251384484100342,False,REGULAR,USD,2026-07-02,7406.47998046875,0.0362799978256225,call,1.049081347750871,0.0657534246575342,7.75
SPXW260702C07775000,2026-06-08 17:22:29+00:00,7775.0,7.96,7.0,7.4,0.5100002,6.8456407,45.0,924.0,0.1245281029510498,False,REGULAR,USD,2026-07-02,7406.47998046875,0.0362799978256225,call,1.0497564322732331,0.0657534246575342,7.2
SPXW260702C07780000,2026-06-08 16:26:31+00:00,7780.0,10.0,6.9,7.2,1.1300001,12.7395735,22.0,36.0,0.12500875,False,REGULAR,USD,2026-07-02,7406.47998046875,0.0362799978256225,call,1.050431516795595,0.0657534246575342,7.050000000000001
SPXW260702C07790000,2026-06-08 16:26:20+00:00,7790.0,9.0,6.0,6.4,2.73,43.54067,17.0,36.0,0.1242458181762695,False,REGULAR,USD,2026-07-02,7406.47998046875,0.0362799978256225,call,1.0517816858403195,0.0657534246575342,6.2
SPXW260702C07800000,2026-06-08 19:08:54+00:00,7800.0,5.95,5.5,5.7,0.13999987,2.4096363,175.0,628.0,0.1236125847625732,False,REGULAR,USD,2026-07-02,7406.47998046875,0.0362799978256225,call,1.053131854885044,0.0657534246575342,5.6
SPXW260702C07810000,2026-06-05 20:03:31+00:00,7810.0,5.85,4.6,4.9,0.6500001,12.500002,2.0,27.0,0.1221782729339599,False,REGULAR,USD,2026-07-02,7406.47998046875,0.0362799978256225,call,1.0544820239297683,0.0657534246575342,4.75
SPXW260702C07820000,2026-06-08 18:11:09+00:00,7820.0,5.25,4.4,4.6,0.03000021,0.5747167,10.0,36.0,0.1229717220306396,False,REGULAR,USD,2026-07-02,7406.47998046875,0.0362799978256225,call,1.055832192974493,0.0657534246575342,4.5
SPXW260702C07825000,2026-06-08 19:08:54+00:00,7825.0,4.5,4.0,4.3,-0.3800001,-7.7868876,83.0,328.0,0.1225139629364013,False,REGULAR,USD,2026-07-02,7406.47998046875,0.0362799978256225,call,1.0565072774968551,0.0657534246575342,4.15
SPXW260702C07830000,2026-06-08 17:22:29+00:00,7830.0,4.3,3.8,4.0,0.21000004,5.134475,33.0,114.0,0.1219646520233154,False,REGULAR,USD,2026-07-02,7406.47998046875,0.0362799978256225,call,1.0571823620192171,0.0657534246575342,3.9
SPXW260702C07850000,2026-06-08 17:53:49+00:00,7850.0,3.5,3.0,3.3,-0.20000005,-5.4054065,18.0,519.0,0.1221096090698242,False,REGULAR,USD,2026-07-02,7406.47998046875,0.0362799978256225,call,1.059882700108666,0.0657534246575342,3.15
SPXW260702C07875000,2026-06-08 19:09:58+00:00,7875.0,2.54,2.3,2.45,-0.10000014,-3.787884,42.0,143.0,0.1212398667907714,False,REGULAR,USD,2026-07-02,7406.47998046875,0.0362799978256225,call,1.0632581227204772,0.0657534246575342,2.375
SPXW260702C07900000,2026-06-08 19:09:58+00:00,7900.0,1.94,1.75,1.85,-0.059999943,-2.9999971,78.0,672.0,0.1209346940612793,False,REGULAR,USD,2026-07-02,7406.47998046875,0.0362799978256225,call,1.0666335453322884,0.0657534246575342,1.8
SPXW260702C07925000,2026-06-08 14:18:42+00:00,7925.0,1.75,1.4,1.5,0.21000004,13.636367,1.0,171.0,0.1220485745239257,False,REGULAR,USD,2026-07-02,7406.47998046875,0.0362799978256225,call,1.0700089679440994,0.0657534246575342,1.45
SPXW260702C07950000,2026-06-08 16:41:53+00:00,7950.0,1.42,1.1,1.25,0.37,35.2381,26.0,223.0,0.1236354727172851,False,REGULAR,USD,2026-07-02,7406.47998046875,0.0362799978256225,call,1.0733843905559104,0.0657534246575342,1.175
SPXW260702C07975000,2026-06-05 19:48:29+00:00,7975.0,1.19,0.85,1.05,0.0,0.0,509.0,539.0,0.1253139227294922,False,REGULAR,USD,2026-07-02,7406.47998046875,0.0362799978256225,call,1.0767598131677214,0.0657534246575342,0.95
SPXW260702C08000000,2026-06-08 14:39:37+00:00,8000.0,0.97,0.7,0.85,0.02000004,2.1052675,4.0,279.0,0.1263820272827148,False,REGULAR,USD,2026-07-02,7406.47998046875,0.0362799978256225,call,1.0801352357795324,0.0657534246575342,0.7749999999999999
SPXW260702C08025000,2026-06-08 16:47:58+00:00,8025.0,0.8,0.55,0.7,0.02000004,2.564108,1.0,56.0,0.1277247872924805,False,REGULAR,USD,2026-07-02,7406.47998046875,0.0362799978256225,call,1.0835106583913434,0.0657534246575342,0.625
SPXW260702C08050000,2026-06-08 19:10:45+00:00,8050.0,0.57,0.5,0.65,-0.030000031,-4.7619095,11.0,1061.0,0.1308680664062499,False,REGULAR,USD,2026-07-02,7406.47998046875,0.0362799978256225,call,1.0868860810031544,0.0657534246575342,0.575
SPXW260706C07350000,2026-06-05 14:24:16+00:00,7350.0,180.1,175.4,176.2,-65.11,-26.55275,1.0,2.0,0.17595924451828,True,REGULAR,USD,2026-07-06,7406.47998046875,0.0362799978256225,call,0.9923742478724454,0.0767123287671232,175.8
SPXW260706C07375000,2026-06-08 17:49:51+00:00,7375.0,167.0,158.6,159.2,24.0,16.783216,1.0,25.0,0.1716811043167114,True,REGULAR,USD,2026-07-06,7406.47998046875,0.0362799978256225,call,0.9957496704842564,0.0767123287671232,158.89999999999998
SPXW260706C07400000,2026-06-08 17:24:38+00:00,7400.0,145.97,139.2,139.8,20.68,16.505707,4.0,38.0,0.1637504280090332,True,REGULAR,USD,2026-07-06,7406.47998046875,0.0362799978256225,call,0.9991250930960676,0.0767123287671232,139.5
SPXW260706C07410000,2026-06-08 08:22:42+00:00,7410.0,138.89,133.3,133.8,-9.410004,-6.3452487,2.0,2.0,0.1624648878860474,False,REGULAR,USD,2026-07-06,7406.47998046875,0.0362799978256225,call,1.000475262140792,0.0767123287671232,133.55
SPXW260706C07420000,2026-06-08 14:45:43+00:00,7420.0,133.7,128.0,128.6,-116.78,-46.622486,3.0,2.0,0.1620014068031311,False,REGULAR,USD,2026-07-06,7406.47998046875,0.0362799978256225,call,1.0018254311855164,0.0767123287671232,128.3
SPXW260706C07425000,2026-06-08 17:31:56+00:00,7425.0,136.95,124.2,124.8,5.7599945,4.3905745,12.0,2.0,0.1602752735519409,False,REGULAR,USD,2026-07-06,7406.47998046875,0.0362799978256225,call,1.0025005157078786,0.0767123287671232,124.5
SPXW260706C07430000,2026-06-08 19:06:33+00:00,7430.0,128.98,123.9,124.5,-13.75,-9.6335745,11.0,1.0,0.1627185627174377,False,REGULAR,USD,2026-07-06,7406.47998046875,0.0362799978256225,call,1.0031756002302408,0.0767123287671232,124.2
SPXW260706C07440000,2026-06-08 18:06:33+00:00,7440.0,128.16,115.1,116.0,2.0600052,1.6336282,7.0,1.0,0.1579979220581054,False,REGULAR,USD,2026-07-06,7406.47998046875,0.0362799978256225,call,1.0045257692749652,0.0767123287671232,115.55
SPXW260706C07450000,2026-06-08 18:50:37+00:00,7450.0,117.8,109.7,110.2,19.82,20.228617,54.0,51.0,0.1563728772735595,False,REGULAR,USD,2026-07-06,7406.47998046875,0.0362799978256225,call,1.0058759383196896,0.0767123287671232,109.95
SPXW260706C07460000,2026-06-08 16:18:29+00:00,7460.0,123.43,104.8,105.4,-10.769997,-8.025332,62.0,3.0,0.155802585735321,False,REGULAR,USD,2026-07-06,7406.47998046875,0.0362799978256225,call,1.007226107364414,0.0767123287671232,105.1
SPXW260706C07470000,2026-06-05 18:30:03+00:00,7470.0,128.07,100.5,101.1,13.000008,11.297478,1.0,7.0,0.1556900532913208,False,REGULAR,USD,2026-07-06,7406.47998046875,0.0362799978256225,call,1.0085762764091384,0.0767123287671232,100.8
SPXW260706C07475000,2026-06-08 18:11:43+00:00,7475.0,105.8,95.9,96.4,15.900002,17.68632,74.0,1627.0,0.1524628516769409,False,REGULAR,USD,2026-07-06,7406.47998046875,0.0362799978256225,call,1.0092513609315006,0.0767123287671232,96.15
SPXW260706C07480000,2026-06-08 15:06:36+00:00,7480.0,122.2,94.8,95.4,-0.7700043,-0.6261724,30.0,7.0,0.1537140598678588,False,REGULAR,USD,2026-07-06,7406.47998046875,0.0362799978256225,call,1.0099264454538628,0.0767123287671232,95.1
SPXW260706C07490000,2026-06-08 03:43:37+00:00,7490.0,93.6,90.2,90.8,-6.0999985,-6.118354,2.0,11.0,0.1529244254302979,False,REGULAR,USD,2026-07-06,7406.47998046875,0.0362799978256225,call,1.0112766144985872,0.0767123287671232,90.5
SPXW260706C07500000,2026-06-08 18:44:18+00:00,7500.0,89.4,85.2,86.0,14.669998,19.630667,33.0,1623.0,0.151726622467041,False,REGULAR,USD,2026-07-06,7406.47998046875,0.0362799978256225,call,1.0126267835433116,0.0767123287671232,85.6
SPXW260706C07510000,2026-06-08 14:59:04+00:00,7510.0,102.45,79.6,80.4,-5.9100037,-5.4540453,43.0,18.0,0.1493500898361205,False,REGULAR,USD,2026-07-06,7406.47998046875,0.0362799978256225,call,1.013976952588036,0.0767123287671232,80.0
SPXW260706C07520000,2026-06-08 14:47:07+00:00,7520.0,93.32,73.8,74.4,27.75,42.321182,42.0,7.0,0.1462621232795715,False,REGULAR,USD,2026-07-06,7406.47998046875,0.0362799978256225,call,1.0153271216327604,0.0767123287671232,74.1
SPXW260706C07525000,2026-06-08 18:50:58+00:00,7525.0,77.8,72.9,73.4,14.200005,22.327053,35.0,84.0,0.1471986220932006,False,REGULAR,USD,2026-07-06,7406.47998046875,0.0362799978256225,call,1.0160022061551226,0.0767123287671232,73.15
SPXW260706C07530000,2026-06-05 20:12:41+00:00,7530.0,61.6,71.0,71.6,0.0,0.0,12.0,90.0,0.1470746456718445,False,REGULAR,USD,2026-07-06,7406.47998046875,0.0362799978256225,call,1.0166772906774848,0.0767123287671232,71.3
SPXW260706C07540000,2026-06-08 14:57:37+00:00,7540.0,85.0,66.5,67.0,17.099998,25.184092,20.0,98.0,0.1454019176483154,False,REGULAR,USD,2026-07-06,7406.47998046875,0.0362799978256225,call,1.0180274597222092,0.0767123287671232,66.75
SPXW260706C07550000,2026-06-08 18:44:18+00:00,7550.0,66.2,62.4,63.0,-0.1700058,-0.25614855,531.0,135.0,0.1443242764472961,False,REGULAR,USD,2026-07-06,7406.47998046875,0.0362799978256225,call,1.0193776287669338,0.0767123287671232,62.7
SPXW260706C07560000,2026-06-08 17:30:19+00:00,7560.0,65.15,58.4,59.0,14.75,29.265873,4.0,34.0,0.1430559022903442,False,REGULAR,USD,2026-07-06,7406.47998046875,0.0362799978256225,call,1.0207277978116582,0.0767123287671232,58.7
SPXW260706C07570000,2026-06-05 20:12:41+00:00,7570.0,47.0,53.1,53.7,0.0,0.0,5.0,22.0,0.1397924614143371,False,REGULAR,USD,2026-07-06,7406.47998046875,0.0362799978256225,call,1.0220779668563826,0.0767123287671232,53.400000000000006
SPXW260706C07575000,2026-06-08 18:30:07+00:00,7575.0,55.72,51.2,51.6,10.420002,23.002213,313.0,179.0,0.1388178160095214,False,REGULAR,USD,2026-07-06,7406.47998046875,0.0362799978256225,call,1.0227530513787448,0.0767123287671232,51.400000000000006
SPXW260706C07580000,2026-06-08 14:26:46+00:00,7580.0,61.08,49.4,50.0,-8.900002,-12.71792,3.0,17.0,0.1384916626548767,False,REGULAR,USD,2026-07-06,7406.47998046875,0.0362799978256225,call,1.023428135901107,0.0767123287671232,49.7
SPXW260706C07590000,2026-06-08 16:30:38+00:00,7590.0,56.02,46.6,47.1,-10.549999,-15.847978,4.0,25.0,0.138131177368164,False,REGULAR,USD,2026-07-06,7406.47998046875,0.0362799978256225,call,1.0247783049458314,0.0767123287671232,46.85
SPXW260706C07600000,2026-06-08 18:43:47+00:00,7600.0,46.9,43.6,44.1,5.260002,12.632091,45.0,222.0,0.1374445387268066,False,REGULAR,USD,2026-07-06,7406.47998046875,0.0362799978256225,call,1.0261284739905558,0.0767123287671232,43.85
SPXW260706C07610000,2026-06-08 17:31:50+00:00,7610.0,44.56,40.6,41.2,-4.7700005,-9.669573,10.0,11.0,0.136715938835144,False,REGULAR,USD,2026-07-06,7406.47998046875,0.0362799978256225,call,1.0274786430352802,0.0767123287671232,40.900000000000006
SPXW260706C07620000,2026-06-08 17:26:02+00:00,7620.0,40.25,36.3,36.7,-0.5400009,-1.3238561,13.0,7.0,0.1332789309692382,False,REGULAR,USD,2026-07-06,7406.47998046875,0.0362799978256225,call,1.0288288120800049,0.0767123287671232,36.5
SPXW260706C07625000,2026-06-08 16:01:11+00:00,7625.0,43.4,36.0,36.6,8.940002,25.94313,72.0,74.0,0.1348429412078857,False,REGULAR,USD,2026-07-06,7406.47998046875,0.0362799978256225,call,1.0295038966023669,0.0767123287671232,36.3
SPXW260706C07630000,2026-06-08 17:31:50+00:00,7630.0,38.11,33.5,34.0,0.31000137,0.8201095,6.0,79.0,0.1323786714172363,False,REGULAR,USD,2026-07-06,7406.47998046875,0.0362799978256225,call,1.030178981124729,0.0767123287671232,33.75
SPXW260706C07640000,2026-06-08 18:02:24+00:00,7640.0,35.9,32.0,32.4,-11.049999,-23.535673,1.0,14.0,0.1330920126724243,False,REGULAR,USD,2026-07-06,7406.47998046875,0.0362799978256225,call,1.0315291501694537,0.0767123287671232,32.2
SPXW260706C07650000,2026-06-08 18:56:30+00:00,7650.0,32.86,29.2,29.6,-0.34000015,-1.0240968,46.0,174.0,0.1316195542526245,False,REGULAR,USD,2026-07-06,7406.47998046875,0.0362799978256225,call,1.032879319214178,0.0767123287671232,29.4
SPXW260706C07660000,2026-06-08 15:53:07+00:00,7660.0,36.78,26.9,27.4,7.1799984,24.25675,3.0,23.0,0.1309481742477417,False,REGULAR,USD,2026-07-06,7406.47998046875,0.0362799978256225,call,1.0342294882589025,0.0767123287671232,27.15
SPXW260706C07670000,2026-06-08 17:11:34+00:00,7670.0,26.14,23.8,24.4,-2.1100006,-7.4690285,21.0,8.0,0.1285678269577025,False,REGULAR,USD,2026-07-06,7406.47998046875,0.0362799978256225,call,1.0355796573036269,0.0767123287671232,24.1
SPXW260706C07675000,2026-06-08 17:02:00+00:00,7675.0,26.45,23.5,24.1,-0.12999916,-0.4890864,12.0,97.0,0.129529121055603,False,REGULAR,USD,2026-07-06,7406.47998046875,0.0362799978256225,call,1.0362547418259889,0.0767123287671232,23.8
SPXW260706C07680000,2026-06-08 18:02:24+00:00,7680.0,25.7,21.7,22.2,-49.84,-65.97829,3.0,2.0,0.1273738386535644,False,REGULAR,USD,2026-07-06,7406.47998046875,0.0362799978256225,call,1.036929826348351,0.0767123287671232,21.95
SPXW260706C07700000,2026-06-08 17:50:00+00:00,7700.0,21.11,18.1,18.5,0.069999695,0.33269817,39.0,666.0,0.1256305394363403,False,REGULAR,USD,2026-07-06,7406.47998046875,0.0362799978256225,call,1.0396301644378,0.0767123287671232,18.3
SPXW260706C07725000,2026-06-08 18:02:24+00:00,7725.0,17.05,14.6,14.9,0.25,1.4880953,49.0,111.0,0.1243869605636596,False,REGULAR,USD,2026-07-06,7406.47998046875,0.0362799978256225,call,1.043005587049611,0.0767123287671232,14.75
SPXW260706C07750000,2026-06-08 18:56:48+00:00,7750.0,13.18,11.3,11.6,2.21,20.145851,149.0,192.0,0.122430040435791,False,REGULAR,USD,2026-07-06,7406.47998046875,0.0362799978256225,call,1.046381009661422,0.0767123287671232,11.45
SPXW260706C07775000,2026-06-08 16:32:02+00:00,7775.0,11.65,8.8,9.2,3.0299997,35.15081,9.0,88.0,0.1215145222473144,False,REGULAR,USD,2026-07-06,7406.47998046875,0.0362799978256225,call,1.0497564322732331,0.0767123287671232,9.0
SPXW260706C07800000,2026-06-08 18:56:30+00:00,7800.0,7.96,6.7,7.0,-0.53999996,-6.3529406,31.0,228.0,0.1197979256439208,False,REGULAR,USD,2026-07-06,7406.47998046875,0.0362799978256225,call,1.053131854885044,0.0767123287671232,6.85
SPXW260706C07825000,2026-06-08 17:41:18+00:00,7825.0,5.92,5.0,5.3,-0.50999975,-7.931567,29.0,156.0,0.1183865017700195,False,REGULAR,USD,2026-07-06,7406.47998046875,0.0362799978256225,call,1.0565072774968551,0.0767123287671232,5.15
SPXW260706C07850000,2026-06-08 17:41:18+00:00,7850.0,4.57,3.8,4.0,-0.069999695,-1.5086142,29.0,173.0,0.117272621307373,False,REGULAR,USD,2026-07-06,7406.47998046875,0.0362799978256225,call,1.059882700108666,0.0767123287671232,3.9
SPXW260706C07875000,2026-06-08 14:45:44+00:00,7875.0,4.44,2.95,3.2,1.44,48.0,12.0,169.0,0.1176388285827636,False,REGULAR,USD,2026-07-06,7406.47998046875,0.0362799978256225,call,1.0632581227204772,0.0767123287671232,3.075
SPXW260706C07900000,2026-06-08 18:55:35+00:00,7900.0,2.73,2.35,2.55,0.29999995,12.345677,18.0,125.0,0.1180050358581542,False,REGULAR,USD,2026-07-06,7406.47998046875,0.0362799978256225,call,1.0666335453322884,0.0767123287671232,2.45
SPXW260706C07925000,2026-06-08 17:41:18+00:00,7925.0,2.11,1.8,1.9,0.23999989,12.834218,16.0,41.0,0.1172421040344238,False,REGULAR,USD,2026-07-06,7406.47998046875,0.0362799978256225,call,1.0700089679440994,0.0767123287671232,1.85
SPXW260706C07950000,2026-06-08 18:56:30+00:00,7950.0,1.72,1.4,1.5,-0.5899999,-25.541122,21.0,44.0,0.1176540872192382,False,REGULAR,USD,2026-07-06,7406.47998046875,0.0362799978256225,call,1.0733843905559104,0.0767123287671232,1.45
SPXW260706C07975000,2026-06-05 15:07:23+00:00,7975.0,1.85,1.15,1.35,-0.51999986,-21.940924,1.0,34.0,0.1202938313293457,False,REGULAR,USD,2026-07-06,7406.47998046875,0.0362799978256225,call,1.0767598131677214,0.0767123287671232,1.25
SPXW260706C08000000,2026-06-08 19:09:52+00:00,8000.0,1.0,0.9,1.05,0.19999999,24.999998,2.0,95.0,0.1204921936035156,False,REGULAR,USD,2026-07-06,7406.47998046875,0.0362799978256225,call,1.0801352357795324,0.0767123287671232,0.975
SPXW260706C08025000,2026-06-05 18:59:57+00:00,8025.0,0.9,0.75,0.9,0.0,0.0,19.0,28.0,0.1222316781616211,False,REGULAR,USD,2026-07-06,7406.47998046875,0.0362799978256225,call,1.0835106583913434,0.0767123287671232,0.825
SPXW260706C08050000,2026-06-08 14:36:25+00:00,8050.0,0.85,0.6,0.8,0.15000004,21.428577,1.0,47.0,0.1244899563598632,False,REGULAR,USD,2026-07-06,7406.47998046875,0.0362799978256225,call,1.0868860810031544,0.0767123287671232,0.7
SPXW260706C08075000,2026-06-04 13:58:27+00:00,8075.0,0.85,0.55,0.7,-0.6999999,-45.161285,4.0,3.0,0.1264735791015624,False,REGULAR,USD,2026-07-06,7406.47998046875,0.0362799978256225,call,1.0902615036149654,0.0767123287671232,0.625
SPXW260706C08100000,2026-06-05 19:44:38+00:00,8100.0,0.75,0.45,0.6,0.14999998,24.999996,4.0,17.0,0.1280604772949218,False,REGULAR,USD,2026-07-06,7406.47998046875,0.0362799978256225,call,1.0936369262267769,0.0767123287671232,0.525
SPXW260707C07400000,2026-06-05 14:27:19+00:00,7400.0,205.63,142.7,143.4,0.0,0.0,1.0,3.0,0.1652495890426635,True,REGULAR,USD,2026-07-07,7406.47998046875,0.0362799978256225,call,0.9991250930960676,0.0794520547945205,143.05
SPXW260707C07410000,2026-06-05 16:01:01+00:00,7410.0,180.6,136.2,137.0,0.0,0.0,1.0,1.0,0.1635101044845581,False,REGULAR,USD,2026-07-07,7406.47998046875,0.0362799978256225,call,1.000475262140792,0.0794520547945205,136.6
SPXW260707C07420000,2026-06-08 14:25:43+00:00,7420.0,149.2,130.1,130.8,19.699997,15.212354,4.0,2.0,0.1618736157226562,False,REGULAR,USD,2026-07-07,7406.47998046875,0.0362799978256225,call,1.0018254311855164,0.0794520547945205,130.45
SPXW260707C07425000,2026-06-05 16:04:34+00:00,7425.0,172.2,127.6,128.2,0.0,0.0,4.0,2.0,0.1615951456069946,False,REGULAR,USD,2026-07-07,7406.47998046875,0.0362799978256225,call,1.0025005157078786,0.0794520547945205,127.9
SPXW260707C07430000,2026-06-08 18:30:05+00:00,7430.0,137.72,124.6,125.2,6.5200043,4.969516,1.0,3.0,0.1608093258285522,False,REGULAR,USD,2026-07-07,7406.47998046875,0.0362799978256225,call,1.0031756002302408,0.0794520547945205,124.9
SPXW260707C07440000,2026-06-08 19:00:23+00:00,7440.0,126.3,119.4,120.0,-36.0,-22.181145,13.0,1.0,0.1600769112777709,False,REGULAR,USD,2026-07-07,7406.47998046875,0.0362799978256225,call,1.0045257692749652,0.0794520547945205,119.7
SPXW260707C07450000,2026-06-08 18:47:45+00:00,7450.0,122.6,112.6,113.2,-19.860008,-13.940761,16.0,566.0,0.15730556142807,False,REGULAR,USD,2026-07-07,7406.47998046875,0.0362799978256225,call,1.0058759383196896,0.0794520547945205,112.9
SPXW260707C07460000,2026-06-05 16:05:27+00:00,7460.0,145.5,107.4,108.0,0.0,0.0,3.0,1.0,0.1562813254547119,False,REGULAR,USD,2026-07-07,7406.47998046875,0.0362799978256225,call,1.007226107364414,0.0794520547945205,107.7
SPXW260707C07475000,2026-06-08 18:44:23+00:00,7475.0,106.0,99.1,99.6,-30.199997,-22.173273,17.0,405.0,0.153744577140808,False,REGULAR,USD,2026-07-07,7406.47998046875,0.0362799978256225,call,1.0092513609315006,0.0794520547945205,99.35
SPXW260707C07480000,2026-06-05 17:54:55+00:00,7480.0,125.17,97.3,97.8,0.0,0.0,13.0,11.0,0.1540230472564697,False,REGULAR,USD,2026-07-07,7406.47998046875,0.0362799978256225,call,1.0099264454538628,0.0794520547945205,97.55
SPXW260707C07490000,2026-06-05 18:19:54+00:00,7490.0,110.36,93.2,93.7,1.8600006,1.7142863,1.0,12.0,0.1538723682212829,False,REGULAR,USD,2026-07-07,7406.47998046875,0.0362799978256225,call,1.0112766144985872,0.0794520547945205,93.45
SPXW260707C07500000,2026-06-08 18:43:41+00:00,7500.0,93.0,86.3,86.8,5.5,6.285714,31.0,910.0,0.1501549829101562,False,REGULAR,USD,2026-07-07,7406.47998046875,0.0362799978256225,call,1.0126267835433116,0.0794520547945205,86.55
SPXW260707C07510000,2026-06-08 14:44:01+00:00,7510.0,94.09,81.4,82.0,-36.520004,-27.96111,3.0,8.0,0.1488179448890686,False,REGULAR,USD,2026-07-07,7406.47998046875,0.0362799978256225,call,1.013976952588036,0.0794520547945205,81.7
SPXW260707C07520000,2026-06-05 13:46:52+00:00,7520.0,128.8,76.6,77.2,0.0,0.0,2.0,16.0,0.1473073398780823,False,REGULAR,USD,2026-07-07,7406.47998046875,0.0362799978256225,call,1.0153271216327604,0.0794520547945205,76.9
SPXW260707C07525000,2026-06-08 18:43:34+00:00,7525.0,81.2,74.5,75.3,5.7999954,7.6923013,11.0,78.0,0.147112792263031,False,REGULAR,USD,2026-07-07,7406.47998046875,0.0362799978256225,call,1.0160022061551226,0.0794520547945205,74.9
SPXW260707C07530000,2026-06-04 13:44:21+00:00,7530.0,89.11,73.8,74.5,-49.39,-35.66065,1.0,0.0,0.148270541305542,False,REGULAR,USD,2026-07-07,7406.47998046875,0.0362799978256225,call,1.0166772906774848,0.0794520547945205,74.15
SPXW260707C07550000,2026-06-08 18:43:37+00:00,7550.0,69.4,63.4,63.9,-15.619995,-18.372143,18.0,8.0,0.1430730682563782,False,REGULAR,USD,2026-07-07,7406.47998046875,0.0362799978256225,call,1.0193776287669338,0.0794520547945205,63.65
SPXW260707C07560000,2026-06-05 17:57:15+00:00,7560.0,82.39,61.0,61.5,0.0,0.0,1.0,8.0,0.1439637911605834,False,REGULAR,USD,2026-07-07,7406.47998046875,0.0362799978256225,call,1.0207277978116582,0.0794520547945205,61.25
SPXW260707C07570000,2026-06-08 08:33:55+00:00,7570.0,61.3,57.2,57.6,1.5599976,2.6113114,11.0,3.0,0.1427183049583435,False,REGULAR,USD,2026-07-07,7406.47998046875,0.0362799978256225,call,1.0220779668563826,0.0794520547945205,57.400000000000006
SPXW260707C07575000,2026-06-08 18:43:44+00:00,7575.0,58.8,53.7,54.2,-53.81,-47.78439,24.0,4.0,0.1400461362457275,False,REGULAR,USD,2026-07-07,7406.47998046875,0.0362799978256225,call,1.0227530513787448,0.0794520547945205,53.95
SPXW260707C07580000,2026-06-05 19:58:54+00:00,7580.0,55.5,53.3,53.8,0.0,0.0,2.0,4.0,0.1414117842102051,False,REGULAR,USD,2026-07-07,7406.47998046875,0.0362799978256225,call,1.023428135901107,0.0794520547945205,53.55
SPXW260707C07590000,2026-06-05 18:11:43+00:00,7590.0,64.5,49.3,49.7,0.0,0.0,11.0,6.0,0.139481566696167,False,REGULAR,USD,2026-07-07,7406.47998046875,0.0362799978256225,call,1.0247783049458314,0.0794520547945205,49.5
SPXW260707C07600000,2026-06-08 18:59:22+00:00,7600.0,49.75,45.0,45.4,-1.25,-2.4509804,33.0,661.0,0.1370172969055176,False,REGULAR,USD,2026-07-07,7406.47998046875,0.0362799978256225,call,1.0261284739905558,0.0794520547945205,45.2
SPXW260707C07610000,2026-06-08 16:45:21+00:00,7610.0,50.0,41.7,42.2,5.4000015,12.107627,1.0,9.0,0.1359034164428711,False,REGULAR,USD,2026-07-07,7406.47998046875,0.0362799978256225,call,1.0274786430352802,0.0794520547945205,41.95
SPXW260707C07625000,2026-06-08 16:17:08+00:00,7625.0,48.57,38.3,38.7,-60.53,-55.48121,1.0,3.0,0.1358233086013794,False,REGULAR,USD,2026-07-07,7406.47998046875,0.0362799978256225,call,1.0295038966023669,0.0794520547945205,38.5
SPXW260707C07630000,2026-06-08 18:59:22+00:00,7630.0,39.95,35.8,36.5,-58.460003,-59.404533,1.0,1.0,0.1341067119979858,False,REGULAR,USD,2026-07-07,7406.47998046875,0.0362799978256225,call,1.030178981124729,0.0794520547945205,36.15
SPXW260707C07640000,2026-06-08 15:10:40+00:00,7640.0,48.3,34.2,34.7,1.25,2.6567483,6.0,5.0,0.1345797297286987,False,REGULAR,USD,2026-07-07,7406.47998046875,0.0362799978256225,call,1.0315291501694537,0.0794520547945205,34.45
SPXW260707C07650000,2026-06-08 16:17:08+00:00,7650.0,40.45,30.4,30.8,-5.6399994,-12.236926,2.0,33.0,0.1314326359558105,False,REGULAR,USD,2026-07-07,7406.47998046875,0.0362799978256225,call,1.032879319214178,0.0794520547945205,30.6
SPXW260707C07670000,2026-06-05 19:03:50+00:00,7670.0,30.8,25.7,26.2,0.0,0.0,13.0,13.0,0.1296893367385864,False,REGULAR,USD,2026-07-07,7406.47998046875,0.0362799978256225,call,1.0355796573036269,0.0794520547945205,25.95
SPXW260707C07700000,2026-06-08 15:03:09+00:00,7700.0,30.1,20.5,20.9,9.1,43.333336,15.0,61.0,0.1284686458206176,False,REGULAR,USD,2026-07-07,7406.47998046875,0.0362799978256225,call,1.0396301644378,0.0794520547945205,20.7
SPXW260707C07725000,2026-06-08 14:55:29+00:00,7725.0,22.44,16.2,16.6,0.7900009,3.6489651,1.0,33.0,0.126237070236206,False,REGULAR,USD,2026-07-07,7406.47998046875,0.0362799978256225,call,1.043005587049611,0.0794520547945205,16.4
SPXW260707C07750000,2026-06-08 17:37:05+00:00,7750.0,14.34,12.6,13.0,-0.22999954,-1.578583,8.0,74.0,0.1240932318115234,False,REGULAR,USD,2026-07-07,7406.47998046875,0.0362799978256225,call,1.046381009661422,0.0794520547945205,12.8
SPXW260707C07775000,2026-06-05 19:41:36+00:00,7775.0,11.53,9.9,10.2,0.0,0.0,8.0,76.0,0.1225368508911133,False,REGULAR,USD,2026-07-07,7406.47998046875,0.0362799978256225,call,1.0497564322732331,0.0794520547945205,10.05
SPXW260707C07800000,2026-06-08 13:49:19+00:00,7800.0,11.0,7.4,7.7,1.9700003,21.816172,5.0,23.0,0.1203167192840576,False,REGULAR,USD,2026-07-07,7406.47998046875,0.0362799978256225,call,1.053131854885044,0.0794520547945205,7.550000000000001
SPXW260707C07825000,2026-06-08 18:30:35+00:00,7825.0,7.4,5.9,6.2,-2.9500003,-28.502417,7.0,31.0,0.1202327967834472,False,REGULAR,USD,2026-07-07,7406.47998046875,0.0362799978256225,call,1.0565072774968551,0.0794520547945205,6.050000000000001
SPXW260707C07850000,2026-06-08 17:37:05+00:00,7850.0,5.29,4.6,4.8,-2.31,-30.394737,1.0,48.0,0.1193783131408691,False,REGULAR,USD,2026-07-07,7406.47998046875,0.0362799978256225,call,1.059882700108666,0.0794520547945205,4.699999999999999
SPXW260707C07875000,2026-06-05 20:02:29+00:00,7875.0,3.4,3.5,3.7,0.0,0.0,126.0,117.0,0.1186764158630371,False,REGULAR,USD,2026-07-07,7406.47998046875,0.0362799978256225,call,1.0632581227204772,0.0794520547945205,3.6
SPXW260707C07900000,2026-06-05 18:54:26+00:00,7900.0,3.6,2.65,2.8,0.0,0.0,1.0,23.0,0.1178371908569335,False,REGULAR,USD,2026-07-07,7406.47998046875,0.0362799978256225,call,1.0666335453322884,0.0794520547945205,2.725
SPXW260707C07925000,2026-06-05 16:46:24+00:00,7925.0,3.62,2.1,2.25,0.0,0.0,9.0,8.0,0.1183407258605957,False,REGULAR,USD,2026-07-07,7406.47998046875,0.0362799978256225,call,1.0700089679440994,0.0794520547945205,2.175
SPXW260707C07950000,2026-06-08 14:18:27+00:00,7950.0,2.05,1.65,1.8,-0.71000004,-25.724638,1.0,12.0,0.1188137435913085,False,REGULAR,USD,2026-07-07,7406.47998046875,0.0362799978256225,call,1.0733843905559104,0.0794520547945205,1.725
SPXW260707C07975000,2026-06-05 14:00:56+00:00,7975.0,2.87,1.3,1.45,0.0,0.0,1.0,2.0,0.1194546063232421,False,REGULAR,USD,2026-07-07,7406.47998046875,0.0362799978256225,call,1.0767598131677214,0.0794520547945205,1.375
SPXW260707C08000000,2026-06-05 17:39:38+00:00,8000.0,1.7,1.05,1.25,0.0,0.0,6.0,102.0,0.121255125427246,False,REGULAR,USD,2026-07-07,7406.47998046875,0.0362799978256225,call,1.0801352357795324,0.0794520547945205,1.15
SPXW260707C08100000,2026-06-05 17:30:21+00:00,8100.0,0.68,0.5,0.65,0.0,0.0,3.0,9.0,0.1270839245605468,False,REGULAR,USD,2026-07-07,7406.47998046875,0.0362799978256225,call,1.0936369262267769,0.0794520547945205,0.575
SPXW260708C07375000,2026-06-05 16:04:32+00:00,7375.0,210.9,162.0,162.6,0.0,0.0,2.0,13.0,0.1700217276000977,True,REGULAR,USD,2026-07-08,7406.47998046875,0.0362799978256225,call,0.9957496704842564,0.0821917808219178,162.3
SPXW260708C07400000,2026-06-08 15:27:12+00:00,7400.0,174.0,148.6,149.2,22.720001,15.018509,24.0,35.0,0.1693026643562317,True,REGULAR,USD,2026-07-08,7406.47998046875,0.0362799978256225,call,0.9991250930960676,0.0821917808219178,148.89999999999998
SPXW260708C07410000,2026-06-05 15:22:28+00:00,7410.0,193.0,139.7,140.3,0.0,0.0,1.0,1.0,0.1646831121635437,False,REGULAR,USD,2026-07-08,7406.47998046875,0.0362799978256225,call,1.000475262140792,0.0821917808219178,140.0
SPXW260708C07420000,2026-06-08 18:02:03+00:00,7420.0,146.8,134.5,135.2,-39.23999,-21.092234,31.0,1.0,0.1643512368202209,False,REGULAR,USD,2026-07-08,7406.47998046875,0.0362799978256225,call,1.0018254311855164,0.0821917808219178,134.85
SPXW260708C07425000,2026-06-08 17:27:41+00:00,7425.0,139.2,130.6,131.2,-37.199997,-21.088434,15.0,2.0,0.1624515365791321,False,REGULAR,USD,2026-07-08,7406.47998046875,0.0362799978256225,call,1.0025005157078786,0.0821917808219178,130.89999999999998
SPXW260708C07430000,2026-06-08 16:41:37+00:00,7430.0,137.3,130.0,130.8,-33.0,-19.37757,4.0,2.0,0.1647021854591369,False,REGULAR,USD,2026-07-08,7406.47998046875,0.0362799978256225,call,1.0031756002302408,0.0821917808219178,130.4
SPXW260708C07440000,2026-06-08 18:48:55+00:00,7440.0,131.12,124.0,124.8,-34.180008,-20.67756,18.0,1.0,0.1630618820381164,False,REGULAR,USD,2026-07-08,7406.47998046875,0.0362799978256225,call,1.0045257692749652,0.0821917808219178,124.4
SPXW260708C07450000,2026-06-08 18:48:55+00:00,7450.0,125.14,116.0,116.9,-33.559998,-21.146816,93.0,2.0,0.1590660266113281,False,REGULAR,USD,2026-07-08,7406.47998046875,0.0362799978256225,call,1.0058759383196896,0.0821917808219178,116.45
SPXW260708C07460000,2026-06-08 15:42:52+00:00,7460.0,131.5,112.6,113.4,-17.600006,-11.804162,6.0,0.0,0.160065467300415,False,REGULAR,USD,2026-07-08,7406.47998046875,0.0362799978256225,call,1.007226107364414,0.0821917808219178,113.0
SPXW260708C07470000,2026-06-08 15:18:20+00:00,7470.0,132.07,107.2,107.8,-10.529999,-7.3842907,2.0,1.0,0.1584709397888183,False,REGULAR,USD,2026-07-08,7406.47998046875,0.0362799978256225,call,1.0085762764091384,0.0821917808219178,107.5
SPXW260708C07480000,2026-06-08 11:15:02+00:00,7480.0,120.2,100.8,101.4,-13.229996,-9.915308,1.0,6.0,0.1557796977806091,False,REGULAR,USD,2026-07-08,7406.47998046875,0.0362799978256225,call,1.0099264454538628,0.0821917808219178,101.1
SPXW260708C07500000,2026-06-08 15:18:20+00:00,7500.0,114.42,89.3,89.8,19.419998,20.442102,3.0,654.0,0.1513184539413452,False,REGULAR,USD,2026-07-08,7406.47998046875,0.0362799978256225,call,1.0126267835433116,0.0821917808219178,89.55
SPXW260708C07510000,2026-06-08 17:45:06+00:00,7510.0,89.69,86.4,87.2,-28.809998,-24.312235,2.0,3.0,0.1527050825309754,False,REGULAR,USD,2026-07-08,7406.47998046875,0.0362799978256225,call,1.013976952588036,0.0821917808219178,86.80000000000001
SPXW260708C07520000,2026-06-08 13:58:17+00:00,7520.0,90.9,80.1,80.6,5.0,5.8207216,15.0,18.0,0.1490830636978149,False,REGULAR,USD,2026-07-08,7406.47998046875,0.0362799978256225,call,1.0153271216327604,0.0821917808219178,80.35
SPXW260708C07525000,2026-06-08 18:45:13+00:00,7525.0,84.04,77.7,78.2,-26.059998,-23.66939,3.0,564.0,0.1482991512489319,False,REGULAR,USD,2026-07-08,7406.47998046875,0.0362799978256225,call,1.0160022061551226,0.0821917808219178,77.95
SPXW260708C07530000,2026-06-05 16:05:27+00:00,7530.0,107.2,77.0,77.7,0.0,0.0,3.0,4.0,0.1498231075668334,False,REGULAR,USD,2026-07-08,7406.47998046875,0.0362799978256225,call,1.0166772906774848,0.0821917808219178,77.35
SPXW260708C07540000,2026-06-08 15:13:00+00:00,7540.0,94.17,72.4,73.0,-7.830002,-7.676472,1.0,3.0,0.1481866188049316,False,REGULAR,USD,2026-07-08,7406.47998046875,0.0362799978256225,call,1.0180274597222092,0.0821917808219178,72.7
SPXW260708C07550000,2026-06-08 18:45:13+00:00,7550.0,72.59,68.1,68.6,-26.11,-26.453901,2.0,136.0,0.1467465849876403,False,REGULAR,USD,2026-07-08,7406.47998046875,0.0362799978256225,call,1.0193776287669338,0.0821917808219178,68.35
SPXW260708C07560000,2026-06-05 16:03:18+00:00,7560.0,93.6,64.2,64.8,0.0,0.0,1.0,1.0,0.1458978233337401,False,REGULAR,USD,2026-07-08,7406.47998046875,0.0362799978256225,call,1.0207277978116582,0.0821917808219178,64.5
SPXW260708C07570000,2026-06-05 16:03:18+00:00,7570.0,88.5,58.4,59.0,0.0,0.0,1.0,17.0,0.1422471945571899,False,REGULAR,USD,2026-07-08,7406.47998046875,0.0362799978256225,call,1.0220779668563826,0.0821917808219178,58.7
SPXW260708C07575000,2026-06-08 04:58:55+00:00,7575.0,58.76,58.0,58.6,-99.86,-62.955494,1.0,7.0,0.143639545135498,False,REGULAR,USD,2026-07-08,7406.47998046875,0.0362799978256225,call,1.0227530513787448,0.0821917808219178,58.3
SPXW260708C07580000,2026-06-05 16:03:18+00:00,7580.0,83.4,54.8,55.4,0.0,0.0,3.0,5.0,0.1412668271636963,False,REGULAR,USD,2026-07-08,7406.47998046875,0.0362799978256225,call,1.023428135901107,0.0821917808219178,55.1
SPXW260708C07600000,2026-06-08 17:00:46+00:00,7600.0,53.9,48.9,49.4,8.900002,19.77778,27.0,44.0,0.1404237874984741,False,REGULAR,USD,2026-07-08,7406.47998046875,0.0362799978256225,call,1.0261284739905558,0.0821917808219178,49.15
SPXW260708C07625000,2026-06-08 18:41:33+00:00,7625.0,44.25,41.1,41.6,-27.650002,-38.456192,1.0,2.0,0.1379595177078247,False,REGULAR,USD,2026-07-08,7406.47998046875,0.0362799978256225,call,1.0295038966023669,0.0821917808219178,41.35
SPXW260708C07650000,2026-06-08 15:43:13+00:00,7650.0,43.42,32.7,33.2,-24.25,-35.835674,26.0,12.0,0.1332102671051025,False,REGULAR,USD,2026-07-08,7406.47998046875,0.0362799978256225,call,1.032879319214178,0.0821917808219178,32.95
SPXW260708C07675000,2026-06-08 15:43:13+00:00,7675.0,36.12,27.5,28.0,-15.66,-30.243338,3.0,28.0,0.1322527876663208,False,REGULAR,USD,2026-07-08,7406.47998046875,0.0362799978256225,call,1.0362547418259889,0.0821917808219178,27.75
SPXW260708C07700000,2026-06-08 16:55:06+00:00,7700.0,26.7,21.6,22.1,1.0900002,4.2561502,8.0,80.0,0.1287356719589233,False,REGULAR,USD,2026-07-08,7406.47998046875,0.0362799978256225,call,1.0396301644378,0.0821917808219178,21.85
SPXW260708C07725000,2026-06-08 18:39:40+00:00,7725.0,19.77,17.8,18.2,-7.2299995,-26.777775,23.0,154.0,0.1276942700195312,False,REGULAR,USD,2026-07-08,7406.47998046875,0.0362799978256225,call,1.043005587049611,0.0821917808219178,18.0
SPXW260708C07750000,2026-06-08 16:01:31+00:00,7750.0,17.1,14.2,14.5,-4.549999,-21.016165,88.0,44.0,0.125809828414917,False,REGULAR,USD,2026-07-08,7406.47998046875,0.0362799978256225,call,1.046381009661422,0.0821917808219178,14.35
SPXW260708C07775000,2026-06-08 13:46:25+00:00,7775.0,16.02,11.1,11.5,-3.7399998,-18.927124,10.0,12.0,0.1242534474945068,False,REGULAR,USD,2026-07-08,7406.47998046875,0.0362799978256225,call,1.0497564322732331,0.0821917808219178,11.3
SPXW260708C07800000,2026-06-08 18:53:50+00:00,7800.0,9.95,8.5,8.8,-5.8600006,-37.06515,513.0,19.0,0.1220638331604004,False,REGULAR,USD,2026-07-08,7406.47998046875,0.0362799978256225,call,1.053131854885044,0.0821917808219178,8.65
SPXW260708C07825000,2026-06-08 18:53:50+00:00,7825.0,7.85,6.7,7.0,-3.65,-31.73913,545.0,11.0,0.1213848238372802,False,REGULAR,USD,2026-07-08,7406.47998046875,0.0362799978256225,call,1.0565072774968551,0.0821917808219178,6.85
SPXW260708C07850000,2026-06-08 14:30:41+00:00,7850.0,6.17,5.2,5.6,-0.6199999,-9.131074,311.0,13.0,0.1210872804260254,False,REGULAR,USD,2026-07-08,7406.47998046875,0.0362799978256225,call,1.059882700108666,0.0821917808219178,5.4
SPXW260708C07875000,2026-06-08 16:14:57+00:00,7875.0,5.82,4.1,4.4,0.97000027,20.000008,19.0,25.0,0.1205379695129394,False,REGULAR,USD,2026-07-08,7406.47998046875,0.0362799978256225,call,1.0632581227204772,0.0821917808219178,4.25
SPXW260708C07900000,2026-06-08 16:14:57+00:00,7900.0,4.57,3.1,3.3,-1.5,-24.711697,12.0,20.0,0.119225726776123,False,REGULAR,USD,2026-07-08,7406.47998046875,0.0362799978256225,call,1.0666335453322884,0.0821917808219178,3.2
SPXW260708C07925000,2026-06-05 16:16:21+00:00,7925.0,4.72,2.5,2.7,0.0,0.0,1.0,9.0,0.1198818481445312,False,REGULAR,USD,2026-07-08,7406.47998046875,0.0362799978256225,call,1.0700089679440994,0.0821917808219178,2.6
SPXW260708C07950000,2026-06-05 19:40:15+00:00,7950.0,2.49,2.0,2.15,0.0,0.0,4.0,12.0,0.1200802104187011,False,REGULAR,USD,2026-07-08,7406.47998046875,0.0362799978256225,call,1.0733843905559104,0.0821917808219178,2.075
SPXW260708C07975000,2026-06-08 15:16:57+00:00,7975.0,2.57,1.6,1.7,0.7199999,38.918915,9.0,3.0,0.1202480554199218,False,REGULAR,USD,2026-07-08,7406.47998046875,0.0362799978256225,call,1.0767598131677214,0.0821917808219178,1.65
SPXW260708C08000000,2026-06-05 18:59:59+00:00,8000.0,1.5,1.25,1.4,0.0,0.0,1.0,66.0,0.1211635736083984,False,REGULAR,USD,2026-07-08,7406.47998046875,0.0362799978256225,call,1.0801352357795324,0.0821917808219178,1.325
SPXW260708C08050000,2026-06-05 13:39:05+00:00,8050.0,1.97,0.9,1.0,0.0,0.0,1.0,1.0,0.1238490936279296,False,REGULAR,USD,2026-07-08,7406.47998046875,0.0362799978256225,call,1.0868860810031544,0.0821917808219178,0.95
SPXW260708C08100000,2026-06-08 14:13:45+00:00,8100.0,0.82,0.6,0.75,0.060000002,7.894737,8.0,16.0,0.1271754763793945,False,REGULAR,USD,2026-07-08,7406.47998046875,0.0362799978256225,call,1.0936369262267769,0.0821917808219178,0.675
SPXW260709C07350000,2026-06-05 18:53:35+00:00,7350.0,190.79,182.0,182.6,0.0,0.0,2.0,5.0,0.1749350085449219,True,REGULAR,USD,2026-07-09,7406.47998046875,0.0362799978256225,call,0.9923742478724454,0.084931506849315,182.3
SPXW260709C07375000,2026-06-05 18:37:07+00:00,7375.0,182.16,165.0,165.6,0.0,0.0,2.0,2.0,0.1707941960716247,True,REGULAR,USD,2026-07-09,7406.47998046875,0.0362799978256225,call,0.9957496704842564,0.084931506849315,165.3
SPXW260709C07400000,2026-06-08 14:17:49+00:00,7400.0,163.41,149.3,150.0,7.0899963,4.5355654,8.0,18.0,0.1675498284912109,True,REGULAR,USD,2026-07-09,7406.47998046875,0.0362799978256225,call,0.9991250930960676,0.084931506849315,149.65
SPXW260709C07425000,2026-06-05 18:45:31+00:00,7425.0,146.78,133.4,134.2,0.0,0.0,5.0,5.0,0.1633231861877441,False,REGULAR,USD,2026-07-09,7406.47998046875,0.0362799978256225,call,1.0025005157078786,0.084931506849315,133.8
SPXW260709C07440000,2026-06-08 19:09:51+00:00,7440.0,130.0,125.0,125.6,-2.300003,-1.7384754,25.0,27.0,0.1614082273101806,False,REGULAR,USD,2026-07-09,7406.47998046875,0.0362799978256225,call,1.0045257692749652,0.084931506849315,125.3
SPXW260709C07450000,2026-06-08 17:50:21+00:00,7450.0,129.09,119.2,119.8,7.3899994,6.0723085,55.0,35.0,0.159889992980957,False,REGULAR,USD,2026-07-09,7406.47998046875,0.0362799978256225,call,1.0058759383196896,0.084931506849315,119.5
SPXW260709C07460000,2026-06-08 13:49:35+00:00,7460.0,131.62,115.7,116.2,-20.080002,-13.236653,1.0,4.0,0.1607711792373657,False,REGULAR,USD,2026-07-09,7406.47998046875,0.0362799978256225,call,1.007226107364414,0.084931506849315,115.95
SPXW260709C07470000,2026-06-08 17:50:21+00:00,7470.0,117.55,110.4,111.0,-28.050003,-19.26511,7.0,2.0,0.1596763720703125,False,REGULAR,USD,2026-07-09,7406.47998046875,0.0362799978256225,call,1.0085762764091384,0.084931506849315,110.7
SPXW260709C07475000,2026-06-05 18:45:31+00:00,7475.0,117.4,105.2,105.8,0.0,0.0,9.0,11.0,0.1560619825553894,False,REGULAR,USD,2026-07-09,7406.47998046875,0.0362799978256225,call,1.0092513609315006,0.084931506849315,105.5
SPXW260709C07480000,2026-06-05 16:05:25+00:00,7480.0,139.5,104.8,105.4,0.0,0.0,7.0,5.0,0.1579788487625122,False,REGULAR,USD,2026-07-09,7406.47998046875,0.0362799978256225,call,1.0099264454538628,0.084931506849315,105.1
SPXW260709C07490000,2026-06-05 16:05:25+00:00,7490.0,133.2,97.3,97.9,0.0,0.0,5.0,1.0,0.1539086074829102,False,REGULAR,USD,2026-07-09,7406.47998046875,0.0362799978256225,call,1.0112766144985872,0.084931506849315,97.6
SPXW260709C07500000,2026-06-08 14:28:02+00:00,7500.0,118.5,94.4,95.2,19.39,19.564121,2.0,28.0,0.1553104947090149,False,REGULAR,USD,2026-07-09,7406.47998046875,0.0362799978256225,call,1.0126267835433116,0.084931506849315,94.8
SPXW260709C07510000,2026-06-08 13:49:35+00:00,7510.0,103.64,89.5,90.0,-21.36,-17.088,1.0,1.0,0.1536301373672485,False,REGULAR,USD,2026-07-09,7406.47998046875,0.0362799978256225,call,1.013976952588036,0.084931506849315,89.75
SPXW260709C07525000,2026-06-05 16:05:26+00:00,7525.0,112.9,80.2,80.8,0.0,0.0,8.0,15.0,0.1491116736412048,False,REGULAR,USD,2026-07-09,7406.47998046875,0.0362799978256225,call,1.0160022061551226,0.084931506849315,80.5
SPXW260709C07530000,2026-06-05 16:01:01+00:00,7530.0,111.3,79.8,80.4,0.0,0.0,2.0,,0.1507462550735474,False,REGULAR,USD,2026-07-09,7406.47998046875,0.0362799978256225,call,1.0166772906774848,0.084931506849315,80.1
SPXW260709C07540000,2026-06-05 16:01:01+00:00,7540.0,105.9,75.4,76.0,0.0,0.0,1.0,1.0,0.1495446374511718,False,REGULAR,USD,2026-07-09,7406.47998046875,0.0362799978256225,call,1.0180274597222092,0.084931506849315,75.7
SPXW260709C07550000,2026-06-05 16:54:30+00:00,7550.0,97.25,71.0,71.6,0.0,0.0,5.0,529.0,0.1481789894866943,False,REGULAR,USD,2026-07-09,7406.47998046875,0.0362799978256225,call,1.0193776287669338,0.084931506849315,71.3
SPXW260709C07570000,2026-06-05 16:04:32+00:00,7570.0,91.8,62.6,63.1,0.0,0.0,2.0,,0.1453008291816711,False,REGULAR,USD,2026-07-09,7406.47998046875,0.0362799978256225,call,1.0220779668563826,0.084931506849315,62.85
SPXW260709C07575000,2026-06-08 14:58:54+00:00,7575.0,78.65,60.6,61.1,8.169998,11.591938,22.0,519.0,0.144627541847229,False,REGULAR,USD,2026-07-09,7406.47998046875,0.0362799978256225,call,1.0227530513787448,0.084931506849315,60.85
SPXW260709C07600000,2026-06-05 19:40:27+00:00,7600.0,61.2,51.5,51.9,4.830002,8.568391,1.0,40.0,0.1416330344390869,False,REGULAR,USD,2026-07-09,7406.47998046875,0.0362799978256225,call,1.0261284739905558,0.084931506849315,51.7
SPXW260709C07610000,2026-06-05 16:04:32+00:00,7610.0,73.2,46.7,47.2,0.0,0.0,1.0,1.0,0.1386728589630127,False,REGULAR,USD,2026-07-09,7406.47998046875,0.0362799978256225,call,1.0274786430352802,0.084931506849315,46.95
SPXW260709C07625000,2026-06-05 19:44:40+00:00,7625.0,52.15,43.5,44.0,6.950001,15.376107,2.0,16.0,0.1392717604446411,False,REGULAR,USD,2026-07-09,7406.47998046875,0.0362799978256225,call,1.0295038966023669,0.084931506849315,43.75
SPXW260709C07630000,2026-06-05 16:04:32+00:00,7630.0,64.7,41.7,42.2,0.0,0.0,1.0,1.0,0.1383371689605712,False,REGULAR,USD,2026-07-09,7406.47998046875,0.0362799978256225,call,1.030178981124729,0.084931506849315,41.95
SPXW260709C07650000,2026-06-08 14:10:27+00:00,7650.0,43.54,35.9,36.4,3.3199997,8.254599,11.0,22.0,0.1361361106491088,False,REGULAR,USD,2026-07-09,7406.47998046875,0.0362799978256225,call,1.032879319214178,0.084931506849315,36.15
SPXW260709C07675000,2026-06-05 16:56:30+00:00,7675.0,45.03,29.6,30.0,0.0,0.0,1.0,2.0,0.1335688450622558,False,REGULAR,USD,2026-07-09,7406.47998046875,0.0362799978256225,call,1.0362547418259889,0.084931506849315,29.8
SPXW260709C07700000,2026-06-08 18:43:29+00:00,7700.0,26.96,24.3,24.7,-1.0500011,-3.7486653,7.0,42.0,0.1315852223205566,False,REGULAR,USD,2026-07-09,7406.47998046875,0.0362799978256225,call,1.0396301644378,0.084931506849315,24.5
SPXW260709C07725000,2026-06-08 14:31:14+00:00,7725.0,24.8,19.7,20.3,-7.0,-22.012579,1.0,57.0,0.1300364707183837,False,REGULAR,USD,2026-07-09,7406.47998046875,0.0362799978256225,call,1.043005587049611,0.084931506849315,20.0
SPXW260709C07750000,2026-06-08 17:39:40+00:00,7750.0,17.65,15.7,16.1,-0.75,-4.076087,12.0,101.0,0.127576015586853,False,REGULAR,USD,2026-07-09,7406.47998046875,0.0362799978256225,call,1.046381009661422,0.084931506849315,15.9
SPXW260709C07775000,2026-06-08 13:46:18+00:00,7775.0,17.97,12.6,13.0,4.4299994,32.71787,1.0,6.0,0.1262866608047485,False,REGULAR,USD,2026-07-09,7406.47998046875,0.0362799978256225,call,1.0497564322732331,0.084931506849315,12.8
SPXW260709C07800000,2026-06-08 18:43:29+00:00,7800.0,11.36,9.6,9.9,-0.4300003,-3.6471612,4.0,298.0,0.1235629941940307,False,REGULAR,USD,2026-07-09,7406.47998046875,0.0362799978256225,call,1.053131854885044,0.084931506849315,9.75
SPXW260709C07825000,2026-06-08 13:36:48+00:00,7825.0,11.34,7.7,8.1,1.6100006,16.54677,1.0,22.0,0.1233989638519287,False,REGULAR,USD,2026-07-09,7406.47998046875,0.0362799978256225,call,1.0565072774968551,0.084931506849315,7.9
SPXW260709C07850000,2026-06-05 16:08:44+00:00,7850.0,11.24,6.0,6.4,0.0,0.0,11.0,34.0,0.1224987042999267,False,REGULAR,USD,2026-07-09,7406.47998046875,0.0362799978256225,call,1.059882700108666,0.084931506849315,6.2
SPXW260709C07875000,2026-06-04 17:11:30+00:00,7875.0,6.08,4.8,5.1,-15.219999,-71.4554,1.0,29.0,0.1220485745239257,False,REGULAR,USD,2026-07-09,7406.47998046875,0.0362799978256225,call,1.0632581227204772,0.084931506849315,4.949999999999999
SPXW260709C07900000,2026-06-08 19:11:18+00:00,7900.0,3.84,3.7,3.9,-0.1500001,-3.7594008,25.0,677.0,0.1208736595153808,False,REGULAR,USD,2026-07-09,7406.47998046875,0.0362799978256225,call,1.0666335453322884,0.084931506849315,3.8
SPXW260709C07975000,2026-06-05 19:11:22+00:00,7975.0,2.1,1.85,2.05,0.0,0.0,3.0,3.0,0.1216976258850097,False,REGULAR,USD,2026-07-09,7406.47998046875,0.0362799978256225,call,1.0767598131677214,0.084931506849315,1.95
SPXW260709C08000000,2026-06-08 19:11:18+00:00,8000.0,1.59,1.5,1.7,-0.27999997,-14.97326,26.0,49.0,0.1225978854370117,False,REGULAR,USD,2026-07-09,7406.47998046875,0.0362799978256225,call,1.0801352357795324,0.084931506849315,1.6
SPXW260709C08100000,2026-06-05 17:13:47+00:00,8100.0,0.92,0.7,0.85,0.0,0.0,1.0,52.0,0.1270839245605468,False,REGULAR,USD,2026-07-09,7406.47998046875,0.0362799978256225,call,1.0936369262267769,0.084931506849315,0.7749999999999999
SPXW260710C07350000,2026-06-08 18:38:28+00:00,7350.0,197.94,185.8,186.6,9.350006,4.9578485,23.0,57.0,0.1768595040702819,True,REGULAR,USD,2026-07-10,7406.47998046875,0.0362799978256225,call,0.9923742478724454,0.0876712328767123,186.2
SPXW260710C07360000,2026-05-28 13:40:37+00:00,7360.0,264.53,181.2,182.0,0.0,0.0,5.0,39.0,0.1777921882247924,True,REGULAR,USD,2026-07-10,7406.47998046875,0.0362799978256225,call,0.9937244169171698,0.0876712328767123,181.6
SPXW260710C07370000,2026-06-05 19:19:39+00:00,7370.0,201.65,172.2,172.8,31.549988,18.547905,5.0,56.0,0.1733881642723083,True,REGULAR,USD,2026-07-10,7406.47998046875,0.0362799978256225,call,0.9950745859618942,0.0876712328767123,172.5
SPXW260710C07375000,2026-06-05 15:52:43+00:00,7375.0,218.43,172.0,172.8,0.0,0.0,3.0,37.0,0.1763616910552979,True,REGULAR,USD,2026-07-10,7406.47998046875,0.0362799978256225,call,0.9957496704842564,0.0876712328767123,172.4
SPXW260710C07380000,2026-06-05 19:17:03+00:00,7380.0,163.15,168.4,169.0,0.0,0.0,3.0,25.0,0.1749998577499389,True,REGULAR,USD,2026-07-10,7406.47998046875,0.0362799978256225,call,0.9964247550066186,0.0876712328767123,168.7
SPXW260710C07390000,2026-06-08 16:48:57+00:00,7390.0,178.37,162.2,162.8,-119.77002,-40.172405,14.0,12.0,0.1737810741615295,True,REGULAR,USD,2026-07-10,7406.47998046875,0.0362799978256225,call,0.997774924051343,0.0876712328767123,162.5
SPXW260710C07400000,2026-06-08 19:14:56+00:00,7400.0,153.35,152.9,153.4,2.5100098,1.6640214,99.0,129.0,0.1688449052619934,True,REGULAR,USD,2026-07-10,7406.47998046875,0.0362799978256225,call,0.9991250930960676,0.0876712328767123,153.15
SPXW260710C07410000,2026-06-08 14:38:46+00:00,7410.0,168.42,149.3,149.8,23.580002,16.280035,35.0,50.0,0.1703288076591491,False,REGULAR,USD,2026-07-10,7406.47998046875,0.0362799978256225,call,1.000475262140792,0.0876712328767123,149.55
SPXW260710C07420000,2026-06-05 18:17:37+00:00,7420.0,167.9,140.6,141.2,6.419998,3.9757235,20.0,33.0,0.1660659260940552,False,REGULAR,USD,2026-07-10,7406.47998046875,0.0362799978256225,call,1.0018254311855164,0.0876712328767123,140.89999999999998
SPXW260710C07425000,2026-06-08 19:14:54+00:00,7425.0,138.17,137.9,138.4,-9.710007,-6.579487,71.0,88.0,0.1655776497268677,False,REGULAR,USD,2026-07-10,7406.47998046875,0.0362799978256225,call,1.0025005157078786,0.0876712328767123,138.15
SPXW260710C07430000,2026-06-08 18:12:14+00:00,7430.0,144.3,137.4,138.0,11.169998,8.390293,15.0,16.0,0.1677634494018555,False,REGULAR,USD,2026-07-10,7406.47998046875,0.0362799978256225,call,1.0031756002302408,0.0876712328767123,137.7
SPXW260710C07440000,2026-06-08 14:41:36+00:00,7440.0,144.6,128.7,129.4,-108.2,-42.800632,43.0,20.0,0.1632507076644897,False,REGULAR,USD,2026-07-10,7406.47998046875,0.0362799978256225,call,1.0045257692749652,0.0876712328767123,129.05
SPXW260710C07450000,2026-06-08 17:50:44+00:00,7450.0,132.8,122.8,123.4,20.800003,18.57143,26.0,79.0,0.1615398330497741,False,REGULAR,USD,2026-07-10,7406.47998046875,0.0362799978256225,call,1.0058759383196896,0.0876712328767123,123.1
SPXW260710C07460000,2026-06-08 14:43:38+00:00,7460.0,133.81,117.2,118.0,-24.589996,-15.523988,15.0,19.0,0.1603763620185852,False,REGULAR,USD,2026-07-10,7406.47998046875,0.0362799978256225,call,1.007226107364414,0.0876712328767123,117.6
SPXW260710C07470000,2026-06-08 14:38:03+00:00,7470.0,124.9,114.0,114.5,-2.2999954,-1.8081726,14.0,41.0,0.1612441969680786,False,REGULAR,USD,2026-07-10,7406.47998046875,0.0362799978256225,call,1.0085762764091384,0.0876712328767123,114.25
SPXW260710C07475000,2026-06-08 15:27:36+00:00,7475.0,132.71,108.8,109.4,20.450005,18.216644,18.0,77.0,0.1578110037612915,False,REGULAR,USD,2026-07-10,7406.47998046875,0.0362799978256225,call,1.0092513609315006,0.0876712328767123,109.1
SPXW260710C07480000,2026-06-08 15:57:20+00:00,7480.0,123.7,108.4,109.0,-24.210007,-16.368067,5.0,4.0,0.1597068893432617,False,REGULAR,USD,2026-07-10,7406.47998046875,0.0362799978256225,call,1.0099264454538628,0.0876712328767123,108.7
SPXW260710C07490000,2026-06-05 16:05:27+00:00,7490.0,136.8,103.0,103.6,0.0,0.0,2.0,5.0,0.1581447864341735,False,REGULAR,USD,2026-07-10,7406.47998046875,0.0362799978256225,call,1.0112766144985872,0.0876712328767123,103.3
SPXW260710C07500000,2026-06-08 18:32:21+00:00,7500.0,106.68,98.3,98.8,18.68,21.227272,367.0,477.0,0.1571319944381713,False,REGULAR,USD,2026-07-10,7406.47998046875,0.0362799978256225,call,1.0126267835433116,0.0876712328767123,98.55
SPXW260710C07510000,2026-06-08 17:29:01+00:00,7510.0,100.08,93.2,93.8,2.4000015,2.457004,23.0,59.0,0.1557472731781005,False,REGULAR,USD,2026-07-10,7406.47998046875,0.0362799978256225,call,1.013976952588036,0.0876712328767123,93.5
SPXW260710C07520000,2026-06-05 16:01:02+00:00,7520.0,106.28,88.3,88.8,-15.220001,-12.52675,2.0,3.0,0.1542099655532837,False,REGULAR,USD,2026-07-10,7406.47998046875,0.0362799978256225,call,1.0153271216327604,0.0876712328767123,88.55
SPXW260710C07525000,2026-06-08 18:22:07+00:00,7525.0,93.2,86.0,86.6,-3.5600052,-3.6792116,11.0,576.0,0.1537407624816894,False,REGULAR,USD,2026-07-10,7406.47998046875,0.0362799978256225,call,1.0160022061551226,0.0876712328767123,86.3
SPXW260710C07530000,2026-06-08 14:38:46+00:00,7530.0,97.41,83.2,83.8,-82.19,-45.762806,7.0,24.0,0.1525181642341614,False,REGULAR,USD,2026-07-10,7406.47998046875,0.0362799978256225,call,1.0166772906774848,0.0876712328767123,83.5
SPXW260710C07540000,2026-06-08 17:57:01+00:00,7540.0,83.9,77.6,78.2,-26.099998,-23.72727,2.0,13.0,0.1499356400108337,False,REGULAR,USD,2026-07-10,7406.47998046875,0.0362799978256225,call,1.0180274597222092,0.0876712328767123,77.9
SPXW260710C07550000,2026-06-08 18:32:21+00:00,7550.0,81.57,74.4,74.8,7.75,10.49851,62.0,997.0,0.1498479028511047,False,REGULAR,USD,2026-07-10,7406.47998046875,0.0362799978256225,call,1.0193776287669338,0.0876712328767123,74.6
SPXW260710C07560000,2026-06-08 14:48:59+00:00,7560.0,84.0,70.0,70.6,17.870003,27.022535,9.0,35.0,0.1486367485809326,False,REGULAR,USD,2026-07-10,7406.47998046875,0.0362799978256225,call,1.0207277978116582,0.0876712328767123,70.3
SPXW260710C07570000,2026-06-08 19:10:27+00:00,7570.0,65.88,66.1,66.6,3.6499977,5.8653345,9.0,62.0,0.1475114241409302,False,REGULAR,USD,2026-07-10,7406.47998046875,0.0362799978256225,call,1.0220779668563826,0.0876712328767123,66.35
SPXW260710C07575000,2026-06-08 19:10:27+00:00,7575.0,63.88,62.5,62.9,-2.5099983,-3.7806873,23.0,93.0,0.1447286303138732,False,REGULAR,USD,2026-07-10,7406.47998046875,0.0362799978256225,call,1.0227530513787448,0.0876712328767123,62.7
SPXW260710C07580000,2026-06-08 09:34:50+00:00,7580.0,65.71,62.2,62.8,-15.790001,-19.374235,2.0,31.0,0.1464738368606567,False,REGULAR,USD,2026-07-10,7406.47998046875,0.0362799978256225,call,1.023428135901107,0.0876712328767123,62.5
SPXW260710C07590000,2026-06-08 17:57:01+00:00,7590.0,62.45,58.2,58.8,-15.23,-19.606075,2.0,288.0,0.1450090077590942,False,REGULAR,USD,2026-07-10,7406.47998046875,0.0362799978256225,call,1.0247783049458314,0.0876712328767123,58.5
SPXW260710C07600000,2026-06-08 18:08:12+00:00,7600.0,60.23,54.3,54.8,6.329998,11.743967,269.0,332.0,0.1433553530311584,False,REGULAR,USD,2026-07-10,7406.47998046875,0.0362799978256225,call,1.0261284739905558,0.0876712328767123,54.55
SPXW260710C07610000,2026-06-08 13:44:32+00:00,7610.0,62.82,51.2,51.8,-12.980003,-17.124014,62.0,3.0,0.142855632686615,False,REGULAR,USD,2026-07-10,7406.47998046875,0.0362799978256225,call,1.0274786430352802,0.0876712328767123,51.5
SPXW260710C07620000,2026-06-08 17:29:09+00:00,7620.0,52.48,47.7,48.2,-69.64,-57.02588,1.0,4.0,0.1413698229598999,False,REGULAR,USD,2026-07-10,7406.47998046875,0.0362799978256225,call,1.0288288120800049,0.0876712328767123,47.95
SPXW260710C07625000,2026-06-08 18:39:39+00:00,7625.0,49.58,46.1,46.6,3.0800018,6.62366,81.0,150.0,0.1408300486946106,False,REGULAR,USD,2026-07-10,7406.47998046875,0.0362799978256225,call,1.0295038966023669,0.0876712328767123,46.35
SPXW260710C07630000,2026-06-05 18:15:43+00:00,7630.0,53.37,44.4,44.9,-0.6500015,-1.2032609,1.0,25.0,0.1401033561325073,False,REGULAR,USD,2026-07-10,7406.47998046875,0.0362799978256225,call,1.030178981124729,0.0876712328767123,44.65
SPXW260710C07640000,2026-06-08 14:54:37+00:00,7640.0,53.0,40.6,41.0,3.4199982,6.8979387,7.0,37.0,0.1377573407745361,False,REGULAR,USD,2026-07-10,7406.47998046875,0.0362799978256225,call,1.0315291501694537,0.0876712328767123,40.8
SPXW260710C07650000,2026-06-08 19:04:01+00:00,7650.0,41.84,38.7,39.2,7.7400017,22.697954,11.0,233.0,0.1383028370285034,False,REGULAR,USD,2026-07-10,7406.47998046875,0.0362799978256225,call,1.032879319214178,0.0876712328767123,38.95
SPXW260710C07660000,2026-06-05 19:39:44+00:00,7660.0,40.15,35.8,36.2,0.0,0.0,3.0,3.0,0.1368875984954834,False,REGULAR,USD,2026-07-10,7406.47998046875,0.0362799978256225,call,1.0342294882589025,0.0876712328767123,36.0
SPXW260710C07670000,2026-06-08 17:05:30+00:00,7670.0,35.88,33.0,33.5,1.8800011,5.529415,4.0,65.0,0.1357241274642944,False,REGULAR,USD,2026-07-10,7406.47998046875,0.0362799978256225,call,1.0355796573036269,0.0876712328767123,33.25
SPXW260710C07675000,2026-06-08 18:12:02+00:00,7675.0,35.33,32.1,32.6,0.83000183,2.4058025,24.0,120.0,0.1357927913284302,False,REGULAR,USD,2026-07-10,7406.47998046875,0.0362799978256225,call,1.0362547418259889,0.0876712328767123,32.35
SPXW260710C07680000,2026-06-08 18:05:28+00:00,7680.0,34.81,30.0,30.4,0.8100014,2.382357,15.0,31.0,0.133687099494934,False,REGULAR,USD,2026-07-10,7406.47998046875,0.0362799978256225,call,1.036929826348351,0.0876712328767123,30.2
SPXW260710C07700000,2026-06-08 18:49:20+00:00,7700.0,29.24,26.5,26.8,6.91,30.944918,716.0,236.0,0.1333437801742553,False,REGULAR,USD,2026-07-10,7406.47998046875,0.0362799978256225,call,1.0396301644378,0.0876712328767123,26.65
SPXW260710C07725000,2026-06-08 17:37:08+00:00,7725.0,23.7,21.5,21.9,1.8600006,8.516486,30.0,118.0,0.131219015045166,False,REGULAR,USD,2026-07-10,7406.47998046875,0.0362799978256225,call,1.043005587049611,0.0876712328767123,21.7
SPXW260710C07750000,2026-06-08 19:12:51+00:00,7750.0,17.26,17.3,17.6,-2.1900005,-11.259643,37.0,315.0,0.1289645515060424,False,REGULAR,USD,2026-07-10,7406.47998046875,0.0362799978256225,call,1.046381009661422,0.0876712328767123,17.450000000000003
SPXW260710C07775000,2026-06-08 16:42:08+00:00,7775.0,17.05,14.1,14.4,1.1499996,7.2327023,3.0,433.0,0.1278544857025146,False,REGULAR,USD,2026-07-10,7406.47998046875,0.0362799978256225,call,1.0497564322732331,0.0876712328767123,14.25
SPXW260710C07800000,2026-06-08 19:12:51+00:00,7800.0,11.1,10.9,11.1,-1.5499992,-12.252958,312.0,1016.0,0.125161336364746,False,REGULAR,USD,2026-07-10,7406.47998046875,0.0362799978256225,call,1.053131854885044,0.0876712328767123,11.0
SPXW260710C07825000,2026-06-08 17:03:33+00:00,7825.0,9.99,8.9,9.2,-1.0200005,-9.264309,134.0,85.0,0.1251308190917968,False,REGULAR,USD,2026-07-10,7406.47998046875,0.0362799978256225,call,1.0565072774968551,0.0876712328767123,9.05
SPXW260710C07850000,2026-06-08 19:11:16+00:00,7850.0,7.17,6.8,7.1,1.3200002,22.564106,79.0,283.0,0.1233226706695556,False,REGULAR,USD,2026-07-10,7406.47998046875,0.0362799978256225,call,1.059882700108666,0.0876712328767123,6.949999999999999
SPXW260710C07875000,2026-06-08 17:27:03+00:00,7875.0,6.54,5.5,5.8,0.40999985,6.688415,18.0,33.0,0.1232921533966064,False,REGULAR,USD,2026-07-10,7406.47998046875,0.0362799978256225,call,1.0632581227204772,0.0876712328767123,5.65
SPXW260710C07900000,2026-06-08 19:11:16+00:00,7900.0,4.5,4.3,4.6,0.8499999,23.287668,581.0,786.0,0.1227046958923339,False,REGULAR,USD,2026-07-10,7406.47998046875,0.0362799978256225,call,1.0666335453322884,0.0876712328767123,4.449999999999999
SPXW260710C07950000,2026-06-08 18:58:34+00:00,7950.0,3.15,2.7,2.9,-0.24000001,-7.0796456,74.0,270.0,0.1221096090698242,False,REGULAR,USD,2026-07-10,7406.47998046875,0.0362799978256225,call,1.0733843905559104,0.0876712328767123,2.8
SPXW260710C08000000,2026-06-08 18:49:31+00:00,8000.0,2.06,1.75,1.85,-0.13000011,-5.936078,120.0,240.0,0.1222316781616211,False,REGULAR,USD,2026-07-10,7406.47998046875,0.0362799978256225,call,1.0801352357795324,0.0876712328767123,1.8
SPXW260710C08050000,2026-06-08 13:59:00+00:00,8050.0,1.55,1.2,1.35,0.53999996,53.465343,3.0,288.0,0.1249019395446777,False,REGULAR,USD,2026-07-10,7406.47998046875,0.0362799978256225,call,1.0868860810031544,0.0876712328767123,1.275
SPXW260710C08100000,2026-06-08 18:56:32+00:00,8100.0,1.0,0.8,0.95,0.050000012,5.263159,20.0,507.0,0.1269008209228515,False,REGULAR,USD,2026-07-10,7406.47998046875,0.0362799978256225,call,1.0936369262267769,0.0876712328767123,0.875
SPXW260710C08150000,2026-06-05 20:12:08+00:00,8150.0,0.51,0.6,0.75,0.0,0.0,33.0,101.0,0.1306544454956054,False,REGULAR,USD,2026-07-10,7406.47998046875,0.0362799978256225,call,1.100387771450399,0.0876712328767123,0.675
SPXW260710C08200000,2026-06-08 13:53:52+00:00,8200.0,0.65,0.5,0.6,0.099999964,18.18181,131.0,327.0,0.1344691046142578,False,REGULAR,USD,2026-07-10,7406.47998046875,0.0362799978256225,call,1.1071386166740207,0.0876712328767123,0.55
SPXW260713C07350000,2026-06-05 19:18:26+00:00,7350.0,185.19,193.0,193.6,0.0,0.0,7.0,6.0,0.1769777585029602,True,REGULAR,USD,2026-07-13,7406.47998046875,0.0362799978256225,call,0.9923742478724454,0.0958904109589041,193.3
SPXW260713C07375000,2026-06-05 19:18:26+00:00,7375.0,201.85,172.8,173.6,32.810013,19.409615,5.0,6.0,0.1697165548706055,True,REGULAR,USD,2026-07-13,7406.47998046875,0.0362799978256225,call,0.9957496704842564,0.0958904109589041,173.2
SPXW260713C07400000,2026-06-08 16:48:57+00:00,7400.0,175.57,159.6,160.2,32.79001,22.965408,11.0,33.0,0.1689879549789428,True,REGULAR,USD,2026-07-13,7406.47998046875,0.0362799978256225,call,0.9991250930960676,0.0958904109589041,159.89999999999998
SPXW260713C07425000,2026-06-08 14:38:46+00:00,7425.0,162.37,141.2,141.8,34.09999,26.58454,4.0,11.0,0.1621902324295044,False,REGULAR,USD,2026-07-13,7406.47998046875,0.0362799978256225,call,1.0025005157078786,0.0958904109589041,141.5
SPXW260713C07450000,2026-06-08 15:13:43+00:00,7450.0,156.58,126.4,127.0,-10.819992,-6.4635563,5.0,4.0,0.158556769618988,False,REGULAR,USD,2026-07-13,7406.47998046875,0.0362799978256225,call,1.0058759383196896,0.0958904109589041,126.7
SPXW260713C07475000,2026-06-08 15:11:02+00:00,7475.0,141.64,115.0,115.7,-9.559998,-6.3227496,16.0,13.0,0.1579712194442749,False,REGULAR,USD,2026-07-13,7406.47998046875,0.0362799978256225,call,1.0092513609315006,0.0958904109589041,115.35
SPXW260713C07500000,2026-06-08 18:03:08+00:00,7500.0,109.87,102.0,102.6,20.150002,22.458761,29.0,25.0,0.1546524660110474,False,REGULAR,USD,2026-07-13,7406.47998046875,0.0362799978256225,call,1.0126267835433116,0.0958904109589041,102.3
SPXW260713C07525000,2026-06-08 18:08:57+00:00,7525.0,96.96,87.9,88.6,18.720001,23.926382,11.0,73.0,0.1494569002914428,False,REGULAR,USD,2026-07-13,7406.47998046875,0.0362799978256225,call,1.0160022061551226,0.0958904109589041,88.25
SPXW260713C07550000,2026-06-05 16:05:25+00:00,7550.0,108.0,77.8,78.4,0.0,0.0,33.0,28.0,0.1476621031761169,False,REGULAR,USD,2026-07-13,7406.47998046875,0.0362799978256225,call,1.0193776287669338,0.0958904109589041,78.1
SPXW260713C07575000,2026-06-05 19:06:57+00:00,7575.0,82.9,67.4,67.9,10.980003,15.266969,1.0,50.0,0.1446180051994323,False,REGULAR,USD,2026-07-13,7406.47998046875,0.0362799978256225,call,1.0227530513787448,0.0958904109589041,67.65
SPXW260713C07600000,2026-06-08 18:08:12+00:00,7600.0,63.58,56.2,56.8,0.88000107,1.4035105,20.0,44.0,0.1397867394256592,False,REGULAR,USD,2026-07-13,7406.47998046875,0.0362799978256225,call,1.0261284739905558,0.0958904109589041,56.5
SPXW260713C07625000,2026-06-05 20:14:34+00:00,7625.0,42.21,48.6,49.2,0.0,0.0,13.0,15.0,0.1383047443580627,False,REGULAR,USD,2026-07-13,7406.47998046875,0.0362799978256225,call,1.0295038966023669,0.0958904109589041,48.900000000000006
SPXW260713C07650000,2026-06-08 14:54:37+00:00,7650.0,52.7,41.5,42.0,10.799999,25.775652,5.0,43.0,0.1363916928100585,False,REGULAR,USD,2026-07-13,7406.47998046875,0.0362799978256225,call,1.032879319214178,0.0958904109589041,41.75
SPXW260713C07675000,2026-06-05 19:31:52+00:00,7675.0,46.2,34.6,35.0,9.5,25.885557,11.0,34.0,0.1336851921653747,False,REGULAR,USD,2026-07-13,7406.47998046875,0.0362799978256225,call,1.0362547418259889,0.0958904109589041,34.8
SPXW260713C07700000,2026-06-08 15:16:21+00:00,7700.0,40.05,28.7,29.2,15.449999,62.80487,12.0,72.0,0.1316615155029297,False,REGULAR,USD,2026-07-13,7406.47998046875,0.0362799978256225,call,1.0396301644378,0.0958904109589041,28.95
SPXW260713C07725000,2026-06-08 14:30:46+00:00,7725.0,29.5,23.5,24.0,4.540001,18.189106,2.0,10.0,0.1294757158279419,False,REGULAR,USD,2026-07-13,7406.47998046875,0.0362799978256225,call,1.043005587049611,0.0958904109589041,23.75
SPXW260713C07750000,2026-06-05 19:18:32+00:00,7750.0,19.91,19.2,19.7,0.0,0.0,84.0,67.0,0.1277476752471923,False,REGULAR,USD,2026-07-13,7406.47998046875,0.0362799978256225,call,1.046381009661422,0.0958904109589041,19.45
SPXW260713C07775000,2026-06-08 13:40:38+00:00,7775.0,20.1,15.6,16.1,2.710001,15.583674,1.0,10.0,0.1262752168273925,False,REGULAR,USD,2026-07-13,7406.47998046875,0.0362799978256225,call,1.0497564322732331,0.0958904109589041,15.85
SPXW260713C07800000,2026-06-08 19:11:22+00:00,7800.0,12.81,12.3,12.7,-0.97999954,-7.1065955,8.0,191.0,0.1240169386291503,False,REGULAR,USD,2026-07-13,7406.47998046875,0.0362799978256225,call,1.053131854885044,0.0958904109589041,12.5
SPXW260713C07825000,2026-06-08 15:19:32+00:00,7825.0,15.43,9.9,10.2,4.2700005,38.261654,3.0,20.0,0.1227657304382324,False,REGULAR,USD,2026-07-13,7406.47998046875,0.0362799978256225,call,1.0565072774968551,0.0958904109589041,10.05
SPXW260713C07850000,2026-06-05 19:18:32+00:00,7850.0,8.66,7.8,8.2,0.0,0.0,38.0,23.0,0.1218502122497558,False,REGULAR,USD,2026-07-13,7406.47998046875,0.0362799978256225,call,1.059882700108666,0.0958904109589041,8.0
SPXW260713C07900000,2026-06-08 19:11:22+00:00,7900.0,5.25,5.1,5.4,-0.42000008,-7.4074087,12.0,15.0,0.1211483149719238,False,REGULAR,USD,2026-07-13,7406.47998046875,0.0362799978256225,call,1.0666335453322884,0.0958904109589041,5.25
SPXW260713C08000000,2026-06-08 16:17:18+00:00,8000.0,2.95,2.05,2.25,0.6400001,27.705631,33.0,42.0,0.1205227108764648,False,REGULAR,USD,2026-07-13,7406.47998046875,0.0362799978256225,call,1.0801352357795324,0.0958904109589041,2.15
SPXW260713C08100000,2026-06-08 18:21:12+00:00,8100.0,1.15,0.95,1.15,0.07999992,7.476628,12.0,4.0,0.1245204736328125,False,REGULAR,USD,2026-07-13,7406.47998046875,0.0362799978256225,call,1.0936369262267769,0.0958904109589041,1.0499999999999998
SPXW260713C08200000,2026-06-08 14:06:52+00:00,8200.0,0.7,0.55,0.7,-0.100000024,-12.500002,1.0,10.0,0.131020652770996,False,REGULAR,USD,2026-07-13,7406.47998046875,0.0362799978256225,call,1.1071386166740207,0.0958904109589041,0.625
SPXW260714C07350000,2026-06-05 19:25:08+00:00,7350.0,194.64,196.4,197.2,0.0,0.0,18.0,8.0,0.1784483095932006,True,REGULAR,USD,2026-07-14,7406.47998046875,0.0362799978256225,call,0.9923742478724454,0.0986301369863013,196.8
SPXW260714C07375000,2026-06-05 19:25:08+00:00,7375.0,178.24,177.5,178.2,0.0,0.0,28.0,12.0,0.1723238743782043,True,REGULAR,USD,2026-07-14,7406.47998046875,0.0362799978256225,call,0.9957496704842564,0.0986301369863013,177.85
SPXW260714C07400000,2026-06-08 15:34:30+00:00,7400.0,177.6,161.5,162.2,18.779999,11.824706,8.0,11.0,0.1688162953186035,True,REGULAR,USD,2026-07-14,7406.47998046875,0.0362799978256225,call,0.9991250930960676,0.0986301369863013,161.85
SPXW260714C07425000,2026-06-05 19:19:06+00:00,7425.0,143.87,145.0,145.8,0.0,0.0,24.0,4.0,0.1642348897171021,False,REGULAR,USD,2026-07-14,7406.47998046875,0.0362799978256225,call,1.0025005157078786,0.0986301369863013,145.4
SPXW260714C07450000,2026-06-05 16:04:30+00:00,7450.0,174.2,132.6,133.6,0.0,0.0,31.0,14.0,0.1634414406204224,False,REGULAR,USD,2026-07-14,7406.47998046875,0.0362799978256225,call,1.0058759383196896,0.0986301369863013,133.1
SPXW260714C07475000,2026-06-08 15:01:58+00:00,7475.0,145.1,118.7,119.6,40.000008,38.059,16.0,17.0,0.1600158767318725,False,REGULAR,USD,2026-07-14,7406.47998046875,0.0362799978256225,call,1.0092513609315006,0.0986301369863013,119.15
SPXW260714C07500000,2026-06-05 16:04:31+00:00,7500.0,141.8,105.2,105.8,0.0,0.0,42.0,13.0,0.1560390946006775,False,REGULAR,USD,2026-07-14,7406.47998046875,0.0362799978256225,call,1.0126267835433116,0.0986301369863013,105.5
SPXW260714C07525000,2026-06-05 16:04:31+00:00,7525.0,127.4,93.0,93.6,0.0,0.0,34.0,12.0,0.1529949966239929,False,REGULAR,USD,2026-07-14,7406.47998046875,0.0362799978256225,call,1.0160022061551226,0.0986301369863013,93.3
SPXW260714C07550000,2026-06-05 17:30:58+00:00,7550.0,90.3,81.2,81.8,-14.099998,-13.505746,1.0,9.0,0.1495408227920532,False,REGULAR,USD,2026-07-14,7406.47998046875,0.0362799978256225,call,1.0193776287669338,0.0986301369863013,81.5
SPXW260714C07575000,2026-06-08 14:11:41+00:00,7575.0,81.06,70.6,71.2,-1.8800049,-2.2667046,1.0,5.0,0.146557759361267,False,REGULAR,USD,2026-07-14,7406.47998046875,0.0362799978256225,call,1.0227530513787448,0.0986301369863013,70.9
SPXW260714C07600000,2026-06-08 19:04:37+00:00,7600.0,65.2,59.3,59.9,0.69999695,1.0852666,18.0,12.0,0.1417284009170532,False,REGULAR,USD,2026-07-14,7406.47998046875,0.0362799978256225,call,1.0261284739905558,0.0986301369863013,59.6
SPXW260714C07625000,2026-06-05 16:02:52+00:00,7625.0,75.8,52.0,52.6,0.0,0.0,4.0,3.0,0.1408453073310852,False,REGULAR,USD,2026-07-14,7406.47998046875,0.0362799978256225,call,1.0295038966023669,0.0986301369863013,52.3
SPXW260714C07650000,2026-06-08 17:03:02+00:00,7650.0,46.86,44.0,44.6,1.8600006,4.1333346,8.0,10.0,0.1381235480499267,False,REGULAR,USD,2026-07-14,7406.47998046875,0.0362799978256225,call,1.032879319214178,0.0986301369863013,44.3
SPXW260714C07675000,2026-06-05 16:03:22+00:00,7675.0,57.6,36.1,36.6,0.0,0.0,9.0,3.0,0.134242132396698,False,REGULAR,USD,2026-07-14,7406.47998046875,0.0362799978256225,call,1.0362547418259889,0.0986301369863013,36.35
SPXW260714C07700000,2026-06-08 17:03:02+00:00,7700.0,33.23,31.1,31.6,-1.9599991,-5.5697618,11.0,35.0,0.1337061727905273,False,REGULAR,USD,2026-07-14,7406.47998046875,0.0362799978256225,call,1.0396301644378,0.0986301369863013,31.35
SPXW260714C07725000,2026-06-05 16:03:22+00:00,7725.0,41.7,25.5,26.0,0.0,0.0,9.0,3.0,0.131219015045166,False,REGULAR,USD,2026-07-14,7406.47998046875,0.0362799978256225,call,1.043005587049611,0.0986301369863013,25.75
SPXW260714C07750000,2026-06-08 19:05:06+00:00,7750.0,23.4,21.1,21.6,-1.1499996,-4.684316,26.0,5.0,0.1296778927612304,False,REGULAR,USD,2026-07-14,7406.47998046875,0.0362799978256225,call,1.046381009661422,0.0986301369863013,21.35
SPXW260714C07775000,2026-06-05 16:02:52+00:00,7775.0,28.2,16.8,17.2,0.0,0.0,11.0,4.0,0.1269351528549194,False,REGULAR,USD,2026-07-14,7406.47998046875,0.0362799978256225,call,1.0497564322732331,0.0986301369863013,17.0
SPXW260714C07800000,2026-06-08 19:04:42+00:00,7800.0,15.8,14.1,14.5,-7.999999,-33.61344,42.0,6.0,0.1266948293304443,False,REGULAR,USD,2026-07-14,7406.47998046875,0.0362799978256225,call,1.053131854885044,0.0986301369863013,14.3
SPXW260714C07825000,2026-06-08 13:53:21+00:00,7825.0,15.6,11.2,11.6,-3.83,-19.711786,1.0,10.0,0.1249667887496948,False,REGULAR,USD,2026-07-14,7406.47998046875,0.0362799978256225,call,1.0565072774968551,0.0986301369863013,11.4
SPXW260714C07850000,2026-06-05 17:34:17+00:00,7850.0,13.6,8.9,9.3,0.0,0.0,34.0,30.0,0.1236736193084716,False,REGULAR,USD,2026-07-14,7406.47998046875,0.0362799978256225,call,1.059882700108666,0.0986301369863013,9.1
SPXW260714C07875000,2026-06-05 16:52:26+00:00,7875.0,12.06,7.3,7.7,0.0,0.0,4.0,4.0,0.1235324769210815,False,REGULAR,USD,2026-07-14,7406.47998046875,0.0362799978256225,call,1.0632581227204772,0.0986301369863013,7.5
SPXW260714C07900000,2026-06-08 14:44:30+00:00,7900.0,7.56,5.8,6.2,-3.0899997,-29.014082,1.0,3.0,0.1228267649841308,False,REGULAR,USD,2026-07-14,7406.47998046875,0.0362799978256225,call,1.0666335453322884,0.0986301369863013,6.0
SPXW260714C08000000,2026-06-08 14:44:30+00:00,8000.0,3.16,2.35,2.55,0.26,8.965517,2.0,2.0,0.1212246081542968,False,REGULAR,USD,2026-07-14,7406.47998046875,0.0362799978256225,call,1.0801352357795324,0.0986301369863013,2.45
SPXW260716C07350000,2026-06-05 19:39:15+00:00,7350.0,206.58,199.3,200.1,0.0,0.0,3.0,3.0,0.1768518747520446,True,REGULAR,USD,2026-07-16,7406.47998046875,0.0362799978256225,call,0.9923742478724454,0.1041095890410958,199.7
SPXW260716C07375000,2026-06-05 19:39:15+00:00,7375.0,189.83,185.7,186.3,0.0,0.0,7.0,7.0,0.1762777685546875,True,REGULAR,USD,2026-07-16,7406.47998046875,0.0362799978256225,call,0.9957496704842564,0.1041095890410958,186.0
SPXW260716C07400000,2026-06-08 13:43:08+00:00,7400.0,181.5,166.2,167.4,17.619995,10.751766,20.0,18.0,0.1698157360076904,True,REGULAR,USD,2026-07-16,7406.47998046875,0.0362799978256225,call,0.9991250930960676,0.1041095890410958,166.8
SPXW260716C07425000,2026-06-05 16:02:23+00:00,7425.0,194.9,150.7,151.4,0.0,0.0,2.0,1.0,0.165766475353241,False,REGULAR,USD,2026-07-16,7406.47998046875,0.0362799978256225,call,1.0025005157078786,0.1041095890410958,151.05
SPXW260716C07450000,2026-06-05 18:58:44+00:00,7450.0,161.84,138.4,139.2,16.839996,11.6137905,1.0,6.0,0.1650111728477478,False,REGULAR,USD,2026-07-16,7406.47998046875,0.0362799978256225,call,1.0058759383196896,0.1041095890410958,138.8
SPXW260716C07475000,2026-06-05 16:39:51+00:00,7475.0,155.6,122.0,122.8,0.0,0.0,3.0,3.0,0.1592090763282775,False,REGULAR,USD,2026-07-16,7406.47998046875,0.0362799978256225,call,1.0092513609315006,0.1041095890410958,122.4
SPXW260716C07500000,2026-06-08 14:47:12+00:00,7500.0,131.67,108.6,109.5,14.169998,12.059572,1.0,6.0,0.1559113035202026,False,REGULAR,USD,2026-07-16,7406.47998046875,0.0362799978256225,call,1.0126267835433116,0.1041095890410958,109.05
SPXW260716C07525000,2026-06-05 16:04:32+00:00,7525.0,133.1,96.2,96.8,0.0,0.0,4.0,7.0,0.1524800176429749,False,REGULAR,USD,2026-07-16,7406.47998046875,0.0362799978256225,call,1.0160022061551226,0.1041095890410958,96.5
SPXW260716C07550000,2026-06-05 16:04:32+00:00,7550.0,119.1,85.4,86.0,0.0,0.0,8.0,14.0,0.1503151985931396,False,REGULAR,USD,2026-07-16,7406.47998046875,0.0362799978256225,call,1.0193776287669338,0.1041095890410958,85.7
SPXW260716C07575000,2026-06-05 16:04:32+00:00,7575.0,106.0,75.6,76.3,0.0,0.0,4.0,5.0,0.1485852506828308,False,REGULAR,USD,2026-07-16,7406.47998046875,0.0362799978256225,call,1.0227530513787448,0.1041095890410958,75.94999999999999
SPXW260716C07600000,2026-06-05 19:35:11+00:00,7600.0,68.02,64.1,64.7,0.0,0.0,3.0,25.0,0.1437825948524475,False,REGULAR,USD,2026-07-16,7406.47998046875,0.0362799978256225,call,1.0261284739905558,0.1041095890410958,64.4
SPXW260716C07625000,2026-06-08 15:28:20+00:00,7625.0,72.5,56.6,57.2,14.200001,24.356777,7.0,16.0,0.14292620388031,False,REGULAR,USD,2026-07-16,7406.47998046875,0.0362799978256225,call,1.0295038966023669,0.1041095890410958,56.900000000000006
SPXW260716C07675000,2026-06-08 15:28:53+00:00,7675.0,53.45,41.1,41.6,-16.490002,-23.577353,3.0,2.0,0.1378164679908752,False,REGULAR,USD,2026-07-16,7406.47998046875,0.0362799978256225,call,1.0362547418259889,0.1041095890410958,41.35
SPXW260716C07700000,2026-06-08 15:28:53+00:00,7700.0,45.8,35.0,35.4,9.52,26.240355,10.0,4.0,0.1359778022956848,False,REGULAR,USD,2026-07-16,7406.47998046875,0.0362799978256225,call,1.0396301644378,0.1041095890410958,35.2
SPXW260716C07725000,2026-06-08 16:15:29+00:00,7725.0,36.57,29.4,29.9,-7.549999,-17.11242,4.0,32.0,0.1342135224533081,False,REGULAR,USD,2026-07-16,7406.47998046875,0.0362799978256225,call,1.043005587049611,0.1041095890410958,29.65
SPXW260716C07750000,2026-06-08 16:15:29+00:00,7750.0,30.87,24.3,24.8,5.1400013,19.976686,4.0,45.0,0.1320639620399475,False,REGULAR,USD,2026-07-16,7406.47998046875,0.0362799978256225,call,1.046381009661422,0.1041095890410958,24.55
SPXW260716C07775000,2026-06-08 16:42:48+00:00,7775.0,23.46,19.7,20.1,1.9399986,9.014863,13.0,24.0,0.1294680865097046,False,REGULAR,USD,2026-07-16,7406.47998046875,0.0362799978256225,call,1.0497564322732331,0.1041095890410958,19.9
SPXW260716C07800000,2026-06-08 17:01:03+00:00,7800.0,18.9,16.6,17.1,0.97999954,5.4687476,3.0,34.0,0.1291552844619751,False,REGULAR,USD,2026-07-16,7406.47998046875,0.0362799978256225,call,1.053131854885044,0.1041095890410958,16.85
SPXW260716C07825000,2026-06-08 01:22:05+00:00,7825.0,14.17,13.7,14.1,-10.309999,-42.116013,12.0,4.0,0.1279498521804809,False,REGULAR,USD,2026-07-16,7406.47998046875,0.0362799978256225,call,1.0565072774968551,0.1041095890410958,13.9
SPXW260716C07850000,2026-06-05 19:30:10+00:00,7850.0,12.98,10.9,11.2,0.0,0.0,6.0,11.0,0.1258746776199341,False,REGULAR,USD,2026-07-16,7406.47998046875,0.0362799978256225,call,1.059882700108666,0.1041095890410958,11.05
SPXW260716C07875000,2026-06-08 13:42:33+00:00,7875.0,12.04,9.0,9.4,-22.399998,-65.04065,3.0,22.0,0.1257716818237305,False,REGULAR,USD,2026-07-16,7406.47998046875,0.0362799978256225,call,1.0632581227204772,0.1041095890410958,9.2
SPXW260716C07900000,2026-06-08 13:42:33+00:00,7900.0,9.85,7.1,7.5,3.5500002,56.34921,7.0,65.0,0.1244441804504394,False,REGULAR,USD,2026-07-16,7406.47998046875,0.0362799978256225,call,1.0666335453322884,0.1041095890410958,7.3
SPXW260716C08000000,2026-06-08 15:17:23+00:00,8000.0,3.6,3.0,3.3,-0.20000005,-5.263159,11.0,49.0,0.1231166790771484,False,REGULAR,USD,2026-07-16,7406.47998046875,0.0362799978256225,call,1.0801352357795324,0.1041095890410958,3.15
SPXW260716C08100000,2026-06-08 15:17:23+00:00,8100.0,2.15,1.45,1.6,0.25000012,13.157901,7.0,9.0,0.1250697845458984,False,REGULAR,USD,2026-07-16,7406.47998046875,0.0362799978256225,call,1.0936369262267769,0.1041095890410958,1.525
SPXW260716C08200000,2026-06-05 19:19:31+00:00,8200.0,0.8,0.75,0.9,0.0,0.0,1.0,29.0,0.1297084100341796,False,REGULAR,USD,2026-07-16,7406.47998046875,0.0362799978256225,call,1.1071386166740207,0.1041095890410958,0.825
SPXW260717C07335000,2026-05-18 16:37:52+00:00,7335.0,234.84,217.0,217.6,0.0,0.0,1.0,16.0,0.1842847380447387,True,REGULAR,USD,2026-07-17,7406.47998046875,0.0362799978256225,call,0.9903489943053588,0.1068493150684931,217.3
SPXW260717C07340000,2026-05-19 05:31:08+00:00,7340.0,232.97,213.2,214.0,0.0,0.0,4.0,41.0,0.183397829799652,True,REGULAR,USD,2026-07-17,7406.47998046875,0.0362799978256225,call,0.991024078827721,0.1068493150684931,213.6
SPXW260717C07345000,2026-06-05 16:02:52+00:00,7345.0,257.0,207.2,207.8,0.0,0.0,2.0,16.0,0.1797948842620849,True,REGULAR,USD,2026-07-17,7406.47998046875,0.0362799978256225,call,0.9916991633500832,0.1068493150684931,207.5
SPX260717C07350000,2026-06-08 18:15:54+00:00,7350.0,215.65,204.9,205.9,9.360001,4.5373025,101.0,4853.0,0.1806322019386291,True,REGULAR,USD,2026-07-17,7406.47998046875,0.0362799978256225,call,0.9923742478724454,0.1068493150684931,205.4
SPX260717C07355000,2026-06-05 18:05:29+00:00,7355.0,230.38,201.7,202.7,0.0,0.0,2.0,22.0,0.1801019643211364,True,REGULAR,USD,2026-07-17,7406.47998046875,0.0362799978256225,call,0.9930493323948076,0.1068493150684931,202.2
SPXW260717C07360000,2026-06-05 17:05:27+00:00,7360.0,232.7,196.8,197.4,0.0,0.0,2.0,37.0,0.1773821123695373,True,REGULAR,USD,2026-07-17,7406.47998046875,0.0362799978256225,call,0.9937244169171698,0.1068493150684931,197.1
SPX260717C07365000,2026-06-08 17:12:46+00:00,7365.0,199.0,192.8,193.9,-14.570007,-6.8221226,13.0,150.0,0.1765009261131286,True,REGULAR,USD,2026-07-17,7406.47998046875,0.0362799978256225,call,0.994399501439532,0.1068493150684931,193.35
SPX260717C07370000,2026-06-05 19:09:32+00:00,7370.0,191.63,188.4,189.5,0.0,0.0,2.0,177.0,0.1746737043952942,True,REGULAR,USD,2026-07-17,7406.47998046875,0.0362799978256225,call,0.9950745859618942,0.1068493150684931,188.95
SPX260717C07375000,2026-06-08 17:28:35+00:00,7375.0,194.0,188.1,189.0,1.8999939,0.989065,7.0,3185.0,0.1768347087860107,True,REGULAR,USD,2026-07-17,7406.47998046875,0.0362799978256225,call,0.9957496704842564,0.1068493150684931,188.55
SPXW260717C07380000,2026-06-08 15:31:09+00:00,7380.0,204.9,186.2,186.9,33.899994,19.824558,1.0,80.0,0.1773229851531982,True,REGULAR,USD,2026-07-17,7406.47998046875,0.0362799978256225,call,0.9964247550066186,0.1068493150684931,186.55
SPXW260717C07385000,2026-06-05 19:34:27+00:00,7385.0,182.67,180.4,181.0,0.0,0.0,100.0,83.0,0.1738916992759704,True,REGULAR,USD,2026-07-17,7406.47998046875,0.0362799978256225,call,0.9970998395289808,0.1068493150684931,180.7
SPXW260717C07390000,2026-06-05 19:23:17+00:00,7390.0,174.64,179.9,180.4,0.0,0.0,4.0,78.0,0.1758734146881103,True,REGULAR,USD,2026-07-17,7406.47998046875,0.0362799978256225,call,0.997774924051343,0.1068493150684931,180.15
SPX260717C07395000,2026-06-04 16:39:13+00:00,7395.0,291.78,175.0,175.9,0.0,0.0,1.0,133.0,0.1738325720596313,True,REGULAR,USD,2026-07-17,7406.47998046875,0.0362799978256225,call,0.9984500085737052,0.1068493150684931,175.45
SPX260717C07400000,2026-06-08 16:50:34+00:00,7400.0,187.59,169.0,170.0,26.589996,16.515526,62.0,15451.0,0.1703402516365051,True,REGULAR,USD,2026-07-17,7406.47998046875,0.0362799978256225,call,0.9991250930960676,0.1068493150684931,169.5
SPXW260717C07405000,2026-06-05 20:08:24+00:00,7405.0,155.38,168.5,169.0,0.0,0.0,1.0,18.0,0.1718375053405761,True,REGULAR,USD,2026-07-17,7406.47998046875,0.0362799978256225,call,0.9998001776184297,0.1068493150684931,168.75
SPXW260717C07410000,2026-06-08 13:58:51+00:00,7410.0,184.5,164.4,165.0,-42.300003,-18.650795,2.0,152.0,0.1702429778289795,False,REGULAR,USD,2026-07-17,7406.47998046875,0.0362799978256225,call,1.000475262140792,0.1068493150684931,164.7
SPX260717C07415000,2026-06-05 19:52:20+00:00,7415.0,168.19,161.5,162.5,0.0,0.0,7.0,154.0,0.1701590553283691,False,REGULAR,USD,2026-07-17,7406.47998046875,0.0362799978256225,call,1.0011503466631542,0.1068493150684931,162.0
SPXW260717C07420000,2026-06-08 17:00:41+00:00,7420.0,169.74,158.0,158.6,4.1200104,2.4876287,13.0,300.0,0.1686179330444336,False,REGULAR,USD,2026-07-17,7406.47998046875,0.0362799978256225,call,1.0018254311855164,0.1068493150684931,158.3
SPXW260717C07425000,2026-06-08 17:17:07+00:00,7425.0,164.66,154.9,155.4,1.199997,0.73412263,9.0,109.0,0.1677691713905335,False,REGULAR,USD,2026-07-17,7406.47998046875,0.0362799978256225,call,1.0025005157078786,0.1068493150684931,155.15
SPXW260717C07430000,2026-06-08 17:47:58+00:00,7430.0,160.9,154.5,155.1,20.119995,14.2918,4.0,73.0,0.1698615119171142,False,REGULAR,USD,2026-07-17,7406.47998046875,0.0362799978256225,call,1.0031756002302408,0.1068493150684931,154.8
SPXW260717C07435000,2026-06-05 18:15:36+00:00,7435.0,163.6,149.1,149.6,-5.75,-3.395335,5.0,11.0,0.1666095150184632,False,REGULAR,USD,2026-07-17,7406.47998046875,0.0362799978256225,call,1.003850684752603,0.1068493150684931,149.35
SPXW260717C07440000,2026-06-08 18:01:18+00:00,7440.0,157.5,147.9,148.4,6.0099945,3.9672549,9.0,107.0,0.1677310247993469,False,REGULAR,USD,2026-07-17,7406.47998046875,0.0362799978256225,call,1.0045257692749652,0.1068493150684931,148.15
SPXW260717C07445000,2026-06-05 20:07:58+00:00,7445.0,132.1,145.4,145.9,0.0,0.0,30.0,53.0,0.1674983305931091,False,REGULAR,USD,2026-07-17,7406.47998046875,0.0362799978256225,call,1.0052008537973274,0.1068493150684931,145.65
SPXW260717C07450000,2026-06-08 17:50:46+00:00,7450.0,151.33,142.6,143.2,6.4600067,4.459175,159.0,903.0,0.1670367568397522,False,REGULAR,USD,2026-07-17,7406.47998046875,0.0362799978256225,call,1.0058759383196896,0.1068493150684931,142.89999999999998
SPXW260717C07455000,2026-06-08 18:06:32+00:00,7455.0,150.3,139.6,140.2,-16.729996,-10.016162,2.0,20.0,0.1662394930839539,False,REGULAR,USD,2026-07-17,7406.47998046875,0.0362799978256225,call,1.0065510228420518,0.1068493150684931,139.89999999999998
SPXW260717C07460000,2026-06-08 17:47:58+00:00,7460.0,142.7,136.8,137.4,-21.160004,-12.9134655,2.0,55.0,0.1656234256362915,False,REGULAR,USD,2026-07-17,7406.47998046875,0.0362799978256225,call,1.007226107364414,0.1068493150684931,137.10000000000002
SPX260717C07465000,2026-06-08 14:44:43+00:00,7465.0,147.58,132.5,133.5,18.779999,14.580744,52.0,32.0,0.1638477018165589,False,REGULAR,USD,2026-07-17,7406.47998046875,0.0362799978256225,call,1.0079011918867762,0.1068493150684931,133.0
SPXW260717C07470000,2026-06-08 18:08:25+00:00,7470.0,140.57,131.0,131.6,15.910004,12.762717,4.0,56.0,0.1641032839775085,False,REGULAR,USD,2026-07-17,7406.47998046875,0.0362799978256225,call,1.0085762764091384,0.1068493150684931,131.3
SPXW260717C07475000,2026-06-08 16:17:10+00:00,7475.0,146.44,127.0,127.6,25.279999,20.864971,6.0,100.0,0.1621654371452331,False,REGULAR,USD,2026-07-17,7406.47998046875,0.0362799978256225,call,1.0092513609315006,0.1068493150684931,127.3
SPXW260717C07480000,2026-06-08 17:47:58+00:00,7480.0,131.15,124.9,125.4,8.299995,6.7562027,4.0,51.0,0.1620586266899108,False,REGULAR,USD,2026-07-17,7406.47998046875,0.0362799978256225,call,1.0099264454538628,0.1068493150684931,125.15
SPX260717C07485000,2026-06-08 19:03:06+00:00,7485.0,127.39,119.0,119.9,5.3899994,4.418032,143.0,95.0,0.1585033643913269,False,REGULAR,USD,2026-07-17,7406.47998046875,0.0362799978256225,call,1.010601529976225,0.1068493150684931,119.45
SPXW260717C07490000,2026-06-08 18:32:55+00:00,7490.0,131.03,118.1,118.6,10.150002,8.396758,12.0,143.0,0.1592739255332946,False,REGULAR,USD,2026-07-17,7406.47998046875,0.0362799978256225,call,1.0112766144985872,0.1068493150684931,118.35
SPXW260717C07495000,2026-06-05 16:16:18+00:00,7495.0,150.76,116.8,117.3,0.0,0.0,4.0,60.0,0.1600215987205505,False,REGULAR,USD,2026-07-17,7406.47998046875,0.0362799978256225,call,1.0119516990209494,0.1068493150684931,117.05
SPX260717C07500000,2026-06-08 18:26:56+00:00,7500.0,122.38,111.2,112.0,23.689995,24.004454,1700.0,14445.0,0.1565655175590515,False,REGULAR,USD,2026-07-17,7406.47998046875,0.0362799978256225,call,1.0126267835433116,0.1068493150684931,111.6
SPXW260717C07505000,2026-06-08 18:20:31+00:00,7505.0,119.36,110.0,110.6,10.360001,9.504587,4.0,199.0,0.1571548823928833,False,REGULAR,USD,2026-07-17,7406.47998046875,0.0362799978256225,call,1.0133018680656738,0.1068493150684931,110.3
SPX260717C07510000,2026-06-08 17:50:07+00:00,7510.0,117.07,108.2,109.1,-1.1699982,-0.9895113,66.0,247.0,0.1576164561462402,False,REGULAR,USD,2026-07-17,7406.47998046875,0.0362799978256225,call,1.013976952588036,0.1068493150684931,108.65
SPXW260717C07515000,2026-06-08 18:20:31+00:00,7515.0,114.0,105.1,105.8,-26.36,-18.78028,6.0,114.0,0.156153534374237,False,REGULAR,USD,2026-07-17,7406.47998046875,0.0362799978256225,call,1.0146520371103982,0.1068493150684931,105.45
SPX260717C07520000,2026-06-08 17:06:30+00:00,7520.0,108.7,103.0,103.9,-10.300003,-8.655464,24.0,1116.0,0.1561401830673218,False,REGULAR,USD,2026-07-17,7406.47998046875,0.0362799978256225,call,1.0153271216327604,0.1068493150684931,103.45
SPX260717C07525000,2026-06-08 17:11:41+00:00,7525.0,103.31,98.8,99.6,16.29,18.719837,23.0,3115.0,0.1535462148666381,False,REGULAR,USD,2026-07-17,7406.47998046875,0.0362799978256225,call,1.0160022061551226,0.1068493150684931,99.2
SPX260717C07530000,2026-06-08 19:03:17+00:00,7530.0,103.86,98.4,99.3,3.7200012,3.7148006,31.0,220.0,0.1551788889694214,False,REGULAR,USD,2026-07-17,7406.47998046875,0.0362799978256225,call,1.0166772906774848,0.1068493150684931,98.85
SPXW260717C07535000,2026-06-08 18:04:08+00:00,7535.0,104.5,95.3,95.7,6.300003,6.415482,3.0,19.0,0.1532582081031799,False,REGULAR,USD,2026-07-17,7406.47998046875,0.0362799978256225,call,1.017352375199847,0.1068493150684931,95.5
SPXW260717C07540000,2026-06-08 18:29:07+00:00,7540.0,103.08,94.7,95.1,8.880005,9.426757,8.0,52.0,0.1545284895896911,False,REGULAR,USD,2026-07-17,7406.47998046875,0.0362799978256225,call,1.0180274597222092,0.1068493150684931,94.9
SPXW260717C07545000,2026-06-08 18:41:12+00:00,7545.0,97.1,92.6,93.2,15.720001,19.316788,2.0,72.0,0.1543778105545044,False,REGULAR,USD,2026-07-17,7406.47998046875,0.0362799978256225,call,1.0187025442445716,0.1068493150684931,92.9
SPX260717C07550000,2026-06-08 18:25:34+00:00,7550.0,96.79,89.0,89.8,15.590004,19.199512,206.0,6992.0,0.1525658474731445,False,REGULAR,USD,2026-07-17,7406.47998046875,0.0362799978256225,call,1.0193776287669338,0.1068493150684931,89.4
SPXW260717C07555000,2026-06-08 18:28:53+00:00,7555.0,95.85,88.0,88.6,-36.35,-27.496216,7.0,28.0,0.1531151583862305,False,REGULAR,USD,2026-07-17,7406.47998046875,0.0362799978256225,call,1.020052713289296,0.1068493150684931,88.3
SPX260717C07560000,2026-06-08 19:04:31+00:00,7560.0,89.2,84.4,85.1,-1.5200043,-1.6754897,14.0,311.0,0.151118184337616,False,REGULAR,USD,2026-07-17,7406.47998046875,0.0362799978256225,call,1.0207277978116582,0.1068493150684931,84.75
SPXW260717C07565000,2026-06-08 19:01:48+00:00,7565.0,86.8,83.5,84.0,-42.149994,-32.687084,13.0,51.0,0.1517247151374817,False,REGULAR,USD,2026-07-17,7406.47998046875,0.0362799978256225,call,1.0214028823340204,0.1068493150684931,83.75
SPXW260717C07570000,2026-06-08 18:18:26+00:00,7570.0,87.21,81.3,81.8,-24.919998,-22.224203,6.0,29.0,0.1510876670646667,False,REGULAR,USD,2026-07-17,7406.47998046875,0.0362799978256225,call,1.0220779668563826,0.1068493150684931,81.55
SPX260717C07575000,2026-06-08 18:19:58+00:00,7575.0,84.0,76.2,76.9,5.6399994,7.197549,23.0,4002.0,0.1473893550491333,False,REGULAR,USD,2026-07-17,7406.47998046875,0.0362799978256225,call,1.0227530513787448,0.1068493150684931,76.55000000000001
SPXW260717C07580000,2026-06-08 18:41:12+00:00,7580.0,81.3,77.2,77.8,5.1500015,6.7629695,19.0,103.0,0.1501645195579529,False,REGULAR,USD,2026-07-17,7406.47998046875,0.0362799978256225,call,1.023428135901107,0.1068493150684931,77.5
SPXW260717C07585000,2026-06-08 18:41:12+00:00,7585.0,79.15,73.3,73.8,-25.650002,-24.475193,9.0,68.0,0.1473817257308959,False,REGULAR,USD,2026-07-17,7406.47998046875,0.0362799978256225,call,1.0241032204234692,0.1068493150684931,73.55
SPXW260717C07590000,2026-06-08 19:01:48+00:00,7590.0,76.1,73.0,73.6,-28.0,-26.897215,8.0,48.0,0.1488808867645263,False,REGULAR,USD,2026-07-17,7406.47998046875,0.0362799978256225,call,1.0247783049458314,0.1068493150684931,73.3
SPX260717C07595000,2026-06-08 15:15:56+00:00,7595.0,89.08,69.8,70.6,-10.32,-10.382294,55.0,86.0,0.1471490315246582,False,REGULAR,USD,2026-07-17,7406.47998046875,0.0362799978256225,call,1.0254533894681936,0.1068493150684931,70.19999999999999
SPX260717C07600000,2026-06-08 18:51:44+00:00,7600.0,72.7,67.8,68.5,13.999996,23.850079,1692.0,17930.0,0.1464089876556396,False,REGULAR,USD,2026-07-17,7406.47998046875,0.0362799978256225,call,1.0261284739905558,0.1068493150684931,68.15
SPX260717C07605000,2026-06-08 14:02:36+00:00,7605.0,75.67,65.9,66.8,18.279999,31.852238,5.0,142.0,0.1461000002670288,False,REGULAR,USD,2026-07-17,7406.47998046875,0.0362799978256225,call,1.026803558512918,0.1068493150684931,66.35
SPX260717C07610000,2026-06-08 16:51:06+00:00,7610.0,72.54,64.1,64.9,5.9300003,8.902567,117.0,493.0,0.1455201720809936,False,REGULAR,USD,2026-07-17,7406.47998046875,0.0362799978256225,call,1.0274786430352802,0.1068493150684931,64.5
SPX260717C07615000,2026-06-05 20:07:44+00:00,7615.0,54.9,62.1,62.9,0.0,0.0,104.0,187.0,0.1447877575302124,False,REGULAR,USD,2026-07-17,7406.47998046875,0.0362799978256225,call,1.0281537275576424,0.1068493150684931,62.5
SPX260717C07620000,2026-06-08 15:52:21+00:00,7620.0,74.5,59.4,60.2,13.57,22.27146,1.0,180.0,0.1431703420639038,False,REGULAR,USD,2026-07-17,7406.47998046875,0.0362799978256225,call,1.0288288120800049,0.1068493150684931,59.8
SPX260717C07625000,2026-06-08 19:10:11+00:00,7625.0,59.1,58.6,59.2,-1.3199997,-2.1847067,475.0,1603.0,0.143563251953125,False,REGULAR,USD,2026-07-17,7406.47998046875,0.0362799978256225,call,1.0295038966023669,0.1068493150684931,58.900000000000006
SPX260717C07630000,2026-06-08 16:37:22+00:00,7630.0,64.93,56.8,57.6,-2.5699997,-3.807407,5.0,487.0,0.143200859336853,False,REGULAR,USD,2026-07-17,7406.47998046875,0.0362799978256225,call,1.030178981124729,0.1068493150684931,57.2
SPX260717C07635000,2026-06-08 15:23:50+00:00,7635.0,58.81,54.9,55.7,-2.6699982,-4.3428726,2.0,135.0,0.1424302981948852,False,REGULAR,USD,2026-07-17,7406.47998046875,0.0362799978256225,call,1.0308540656470913,0.1068493150684931,55.3
SPX260717C07640000,2026-06-08 16:23:23+00:00,7640.0,64.25,53.1,53.9,-63.850006,-49.843872,7.0,185.0,0.1417436595535278,False,REGULAR,USD,2026-07-17,7406.47998046875,0.0362799978256225,call,1.0315291501694537,0.1068493150684931,53.5
SPX260717C07645000,2026-06-05 18:27:01+00:00,7645.0,60.08,51.8,52.6,0.0,0.0,100.0,176.0,0.1416482930755615,False,REGULAR,USD,2026-07-17,7406.47998046875,0.0362799978256225,call,1.0322042346918157,0.1068493150684931,52.2
SPX260717C07650000,2026-06-08 18:51:44+00:00,7650.0,54.5,50.4,51.0,9.419998,20.89618,1941.0,4764.0,0.1411409434127807,False,REGULAR,USD,2026-07-17,7406.47998046875,0.0362799978256225,call,1.032879319214178,0.1068493150684931,50.7
SPXW260717C07655000,2026-06-08 18:10:10+00:00,7655.0,55.34,48.7,49.3,1.0200005,1.8777623,7.0,13.0,0.14046384141922,False,REGULAR,USD,2026-07-17,7406.47998046875,0.0362799978256225,call,1.03355440373654,0.1068493150684931,49.0
SPX260717C07660000,2026-06-08 17:06:27+00:00,7660.0,50.66,46.1,46.8,7.9900017,18.725105,2.0,801.0,0.1386957469177246,False,REGULAR,USD,2026-07-17,7406.47998046875,0.0362799978256225,call,1.0342294882589025,0.1068493150684931,46.45
SPXW260717C07665000,2026-06-08 19:01:44+00:00,7665.0,49.2,46.9,47.3,-0.79999924,-1.5999985,28.0,35.0,0.1408319560241699,False,REGULAR,USD,2026-07-17,7406.47998046875,0.0362799978256225,call,1.0349045727812645,0.1068493150684931,47.1
SPX260717C07670000,2026-06-08 19:10:12+00:00,7670.0,44.6,44.4,45.1,4.8199997,12.116641,13.0,676.0,0.1393785708999634,False,REGULAR,USD,2026-07-17,7406.47998046875,0.0362799978256225,call,1.0355796573036269,0.1068493150684931,44.75
SPXW260717C07675000,2026-06-08 18:39:39+00:00,7675.0,47.18,42.9,43.3,-14.09,-22.996572,3.0,129.0,0.1384020181655884,False,REGULAR,USD,2026-07-17,7406.47998046875,0.0362799978256225,call,1.0362547418259889,0.1068493150684931,43.1
SPXW260717C07680000,2026-06-05 19:59:32+00:00,7680.0,45.3,42.6,43.0,1.8699989,4.305777,3.0,90.0,0.1394281614685059,False,REGULAR,USD,2026-07-17,7406.47998046875,0.0362799978256225,call,1.036929826348351,0.1068493150684931,42.8
SPXW260717C07685000,2026-06-08 18:14:52+00:00,7685.0,44.6,41.2,41.7,1.75,4.084014,5.0,69.0,0.1390676761817932,False,REGULAR,USD,2026-07-17,7406.47998046875,0.0362799978256225,call,1.0376049108707133,0.1068493150684931,41.45
SPX260717C07690000,2026-06-08 17:08:10+00:00,7690.0,42.38,38.6,39.3,2.6800003,6.7506304,17.0,256.0,0.1371222000312805,False,REGULAR,USD,2026-07-17,7406.47998046875,0.0362799978256225,call,1.0382799953930757,0.1068493150684931,38.95
SPXW260717C07695000,2026-06-03 18:20:06+00:00,7695.0,94.0,38.6,39.0,0.0,0.0,1.0,30.0,0.1380911234474182,False,REGULAR,USD,2026-07-17,7406.47998046875,0.0362799978256225,call,1.0389550799154377,0.1068493150684931,38.8
SPXW260717C07700000,2026-06-08 19:12:37+00:00,7700.0,37.4,37.3,37.7,4.5,13.677811,152.0,716.0,0.1376123837280273,False,REGULAR,USD,2026-07-17,7406.47998046875,0.0362799978256225,call,1.0396301644378,0.1068493150684931,37.5
SPXW260717C07705000,2026-06-08 17:07:39+00:00,7705.0,39.7,35.8,36.4,0.70000076,1.7948737,6.0,14.0,0.1370935900878906,False,REGULAR,USD,2026-07-17,7406.47998046875,0.0362799978256225,call,1.040305248960162,0.1068493150684931,36.1
SPX260717C07710000,2026-06-08 13:38:01+00:00,7710.0,40.8,34.0,34.6,4.549999,12.551723,2.0,1026.0,0.1357889766693115,False,REGULAR,USD,2026-07-17,7406.47998046875,0.0362799978256225,call,1.0409803334825245,0.1068493150684931,34.3
SPX260717C07715000,2026-06-08 19:12:50+00:00,7715.0,32.4,32.5,33.2,-6.6299973,-16.986927,38.0,652.0,0.1350184155273437,False,REGULAR,USD,2026-07-17,7406.47998046875,0.0362799978256225,call,1.0416554180048865,0.1068493150684931,32.85
SPX260717C07720000,2026-06-08 19:12:50+00:00,7720.0,31.3,31.7,32.3,2.0599995,7.0451417,13.0,560.0,0.1349650102996826,False,REGULAR,USD,2026-07-17,7406.47998046875,0.0362799978256225,call,1.042330502527249,0.1068493150684931,32.0
SPXW260717C07725000,2026-06-08 18:05:33+00:00,7725.0,35.25,31.5,31.9,1.2200012,3.5850756,28.0,1309.0,0.1356611855888367,False,REGULAR,USD,2026-07-17,7406.47998046875,0.0362799978256225,call,1.043005587049611,0.1068493150684931,31.7
SPXW260717C07730000,2026-06-08 19:07:19+00:00,7730.0,32.58,30.4,30.8,1.8300018,5.9512253,26.0,151.0,0.1352434804153442,False,REGULAR,USD,2026-07-17,7406.47998046875,0.0362799978256225,call,1.0436806715719733,0.1068493150684931,30.6
SPX260717C07735000,2026-06-08 19:12:29+00:00,7735.0,28.5,28.6,29.2,-5.9399986,-17.247383,2.0,59.0,0.1339808282470703,False,REGULAR,USD,2026-07-17,7406.47998046875,0.0362799978256225,call,1.0443557560943355,0.1068493150684931,28.9
SPX260717C07740000,2026-06-08 19:12:52+00:00,7740.0,27.1,27.1,27.8,-0.69999886,-2.5179815,264.0,535.0,0.1329718509101868,False,REGULAR,USD,2026-07-17,7406.47998046875,0.0362799978256225,call,1.0450308406166977,0.1068493150684931,27.450000000000003
SPXW260717C07745000,2026-06-08 18:05:33+00:00,7745.0,30.75,27.2,27.5,0.42000008,1.3847678,3.0,16.0,0.1337366900634765,False,REGULAR,USD,2026-07-17,7406.47998046875,0.0362799978256225,call,1.04570592513906,0.1068493150684931,27.35
SPXW260717C07750000,2026-06-08 18:42:18+00:00,7750.0,28.82,26.3,26.6,1.4200001,5.182482,20.0,466.0,0.1334811079025268,False,REGULAR,USD,2026-07-17,7406.47998046875,0.0362799978256225,call,1.046381009661422,0.1068493150684931,26.450000000000003
SPX260717C07755000,2026-06-08 19:12:50+00:00,7755.0,24.3,24.5,25.1,-2.8900013,-10.628912,7.0,56.0,0.1321536065292358,False,REGULAR,USD,2026-07-17,7406.47998046875,0.0362799978256225,call,1.0470560941837843,0.1068493150684931,24.8
SPX260717C07760000,2026-06-08 19:12:54+00:00,7760.0,23.6,23.9,24.3,-0.5,-2.0746887,310.0,600.0,0.1319781322097778,False,REGULAR,USD,2026-07-17,7406.47998046875,0.0362799978256225,call,1.0477311787061463,0.1068493150684931,24.1
SPXW260717C07765000,2026-06-08 18:22:47+00:00,7765.0,26.68,23.8,24.2,-5.829998,-17.93294,20.0,28.0,0.1330195341491699,False,REGULAR,USD,2026-07-17,7406.47998046875,0.0362799978256225,call,1.0484062632285087,0.1068493150684931,24.0
SPXW260717C07770000,2026-06-08 19:11:29+00:00,7770.0,23.2,22.8,23.2,2.6000004,12.621361,69.0,139.0,0.1324358913040161,False,REGULAR,USD,2026-07-17,7406.47998046875,0.0362799978256225,call,1.049081347750871,0.1068493150684931,23.0
SPX260717C07775000,2026-06-08 19:12:53+00:00,7775.0,21.1,21.4,21.8,-1.7099991,-7.496708,183.0,3160.0,0.1310587993621826,False,REGULAR,USD,2026-07-17,7406.47998046875,0.0362799978256225,call,1.0497564322732331,0.1068493150684931,21.6
SPX260717C07780000,2026-06-08 19:12:53+00:00,7780.0,20.3,20.5,21.1,-1.6599998,-7.5591984,19.0,371.0,0.1309214716339111,False,REGULAR,USD,2026-07-17,7406.47998046875,0.0362799978256225,call,1.050431516795595,0.1068493150684931,20.8
SPXW260717C07785000,2026-06-08 16:45:06+00:00,7785.0,24.2,19.9,20.2,-3.7999992,-13.571426,3.0,8.0,0.1303645314025878,False,REGULAR,USD,2026-07-17,7406.47998046875,0.0362799978256225,call,1.0511066013179575,0.1068493150684931,20.05
SPXW260717C07790000,2026-06-08 14:26:21+00:00,7790.0,24.77,19.8,20.2,2.3100014,10.284958,10.0,144.0,0.1315280024337768,False,REGULAR,USD,2026-07-17,7406.47998046875,0.0362799978256225,call,1.0517816858403195,0.1068493150684931,20.0
SPX260717C07795000,2026-06-08 19:12:43+00:00,7795.0,18.4,18.4,18.9,-1.8000011,-8.910897,12.0,4439.0,0.1301051345825195,False,REGULAR,USD,2026-07-17,7406.47998046875,0.0362799978256225,call,1.052456770362682,0.1068493150684931,18.65
SPX260717C07800000,2026-06-08 19:12:23+00:00,7800.0,17.8,17.7,18.2,1.4099998,8.602806,1742.0,13497.0,0.1298190351486206,False,REGULAR,USD,2026-07-17,7406.47998046875,0.0362799978256225,call,1.053131854885044,0.1068493150684931,17.95
SPX260717C07805000,2026-06-08 19:12:37+00:00,7805.0,17.1,17.0,17.4,-1.0,-5.524862,13.0,181.0,0.1292811682128906,False,REGULAR,USD,2026-07-17,7406.47998046875,0.0362799978256225,call,1.0538069394074063,0.1068493150684931,17.2
SPX260717C07810000,2026-06-08 19:12:53+00:00,7810.0,16.2,15.9,16.4,-1.8499985,-10.249299,42.0,493.0,0.1282626542282104,False,REGULAR,USD,2026-07-17,7406.47998046875,0.0362799978256225,call,1.0544820239297683,0.1068493150684931,16.15
SPXW260717C07815000,2026-06-05 19:15:06+00:00,7815.0,17.05,16.4,16.7,0.0,0.0,12.0,36.0,0.1300212120819091,False,REGULAR,USD,2026-07-17,7406.47998046875,0.0362799978256225,call,1.0551571084521307,0.1068493150684931,16.549999999999997
SPXW260717C07820000,2026-06-08 18:22:05+00:00,7820.0,17.85,15.5,15.8,-7.879999,-30.625727,22.0,108.0,0.1291476551437377,False,REGULAR,USD,2026-07-17,7406.47998046875,0.0362799978256225,call,1.055832192974493,0.1068493150684931,15.65
SPX260717C07825000,2026-06-08 19:12:41+00:00,7825.0,14.6,14.6,14.9,-1.2999992,-8.176096,68.0,6413.0,0.1281978050231933,False,REGULAR,USD,2026-07-17,7406.47998046875,0.0362799978256225,call,1.0565072774968551,0.1068493150684931,14.75
SPX260717C07830000,2026-06-08 19:12:53+00:00,7830.0,13.8,13.6,14.0,-1.3999996,-9.210525,39.0,456.0,0.1271754763793945,False,REGULAR,USD,2026-07-17,7406.47998046875,0.0362799978256225,call,1.0571823620192171,0.1068493150684931,13.8
SPXW260717C07835000,2026-06-08 16:00:57+00:00,7835.0,17.51,13.8,14.2,-25.63,-59.41122,3.0,3.0,0.12871659866333,False,REGULAR,USD,2026-07-17,7406.47998046875,0.0362799978256225,call,1.0578574465415795,0.1068493150684931,14.0
SPXW260717C07840000,2026-06-08 16:00:57+00:00,7840.0,16.95,13.5,13.8,2.460001,16.977232,35.0,126.0,0.1288234091186523,False,REGULAR,USD,2026-07-17,7406.47998046875,0.0362799978256225,call,1.0585325310639415,0.1068493150684931,13.65
SPX260717C07845000,2026-06-05 19:46:35+00:00,7845.0,13.28,12.4,12.8,0.0,0.0,5.0,73.0,0.1274157999038696,False,REGULAR,USD,2026-07-17,7406.47998046875,0.0362799978256225,call,1.059207615586304,0.1068493150684931,12.6
SPX260717C07850000,2026-06-08 19:03:06+00:00,7850.0,13.16,11.8,12.2,3.1099997,30.94527,769.0,12333.0,0.1269275235366821,False,REGULAR,USD,2026-07-17,7406.47998046875,0.0362799978256225,call,1.059882700108666,0.1068493150684931,12.0
SPXW260717C07855000,2026-06-05 15:11:54+00:00,7855.0,21.98,11.9,12.2,0.0,0.0,1.0,42.0,0.1279612961578368,False,REGULAR,USD,2026-07-17,7406.47998046875,0.0362799978256225,call,1.0605577846310283,0.1068493150684931,12.05
SPXW260717C07860000,2026-06-08 18:30:36+00:00,7860.0,13.61,11.2,11.5,1.8999996,16.225445,5.0,116.0,0.1271449591064453,False,REGULAR,USD,2026-07-17,7406.47998046875,0.0362799978256225,call,1.0612328691533903,0.1068493150684931,11.35
SPX260717C07865000,2026-06-08 16:17:35+00:00,7865.0,13.99,10.3,10.8,-3.9400005,-21.974348,2.0,6.0,0.1262446995544433,False,REGULAR,USD,2026-07-17,7406.47998046875,0.0362799978256225,call,1.0619079536757527,0.1068493150684931,10.55
SPX260717C07870000,2026-06-08 18:12:31+00:00,7870.0,11.35,10.0,10.4,-0.39999962,-3.404252,2.0,182.0,0.1261226304626465,False,REGULAR,USD,2026-07-17,7406.47998046875,0.0362799978256225,call,1.062583038198115,0.1068493150684931,10.2
SPXW260717C07875000,2026-06-08 16:20:44+00:00,7875.0,13.64,10.1,10.3,3.1600008,30.152681,10.0,61.0,0.1268397863769531,False,REGULAR,USD,2026-07-17,7406.47998046875,0.0362799978256225,call,1.0632581227204772,0.1068493150684931,10.2
SPXW260717C07880000,2026-06-08 16:26:12+00:00,7880.0,12.92,9.7,10.0,3.12,31.836735,23.0,69.0,0.12696185546875,False,REGULAR,USD,2026-07-17,7406.47998046875,0.0362799978256225,call,1.0639332072428394,0.1068493150684931,9.85
SPX260717C07890000,2026-06-05 18:40:27+00:00,7890.0,10.6,8.6,8.9,0.0,0.0,20.0,1297.0,0.1255809488677979,False,REGULAR,USD,2026-07-17,7406.47998046875,0.0362799978256225,call,1.0652833762875638,0.1068493150684931,8.75
SPX260717C07900000,2026-06-08 19:03:06+00:00,7900.0,8.82,7.8,8.2,-0.2800007,-3.0769305,822.0,12057.0,0.1252490735244751,False,REGULAR,USD,2026-07-17,7406.47998046875,0.0362799978256225,call,1.0666335453322884,0.1068493150684931,8.0
SPXW260717C07910000,2026-06-08 16:42:53+00:00,7910.0,8.8,7.4,7.7,0.15000057,1.7341107,18.0,104.0,0.1254512504577636,False,REGULAR,USD,2026-07-17,7406.47998046875,0.0362799978256225,call,1.0679837143770128,0.1068493150684931,7.550000000000001
SPX260717C07920000,2026-06-08 17:01:12+00:00,7920.0,7.75,6.5,6.9,0.65999985,9.308884,112.0,230.0,0.1244518097686767,False,REGULAR,USD,2026-07-17,7406.47998046875,0.0362799978256225,call,1.0693338834217372,0.1068493150684931,6.7
SPX260717C07925000,2026-06-08 17:17:07+00:00,7925.0,7.2,6.4,6.7,-0.1500001,-2.0408177,12.0,630.0,0.1246272840881347,False,REGULAR,USD,2026-07-17,7406.47998046875,0.0362799978256225,call,1.0700089679440994,0.1068493150684931,6.550000000000001
SPXW260717C07930000,2026-06-08 18:02:05+00:00,7930.0,7.5,6.4,6.7,0.4499998,6.382976,19.0,45.0,0.1255428022766113,False,REGULAR,USD,2026-07-17,7406.47998046875,0.0362799978256225,call,1.0706840524664616,0.1068493150684931,6.550000000000001
SPX260717C07940000,2026-06-05 19:17:54+00:00,7940.0,5.7,5.4,5.8,0.0,0.0,153.0,245.0,0.1237804297637939,False,REGULAR,USD,2026-07-17,7406.47998046875,0.0362799978256225,call,1.072034221511186,0.1068493150684931,5.6
SPX260717C07950000,2026-06-08 17:02:14+00:00,7950.0,6.0,5.1,5.5,0.010000229,0.16694874,29.0,3016.0,0.124283964767456,False,REGULAR,USD,2026-07-17,7406.47998046875,0.0362799978256225,call,1.0733843905559104,0.1068493150684931,5.3
SPX260717C07960000,2026-06-08 14:22:06+00:00,7960.0,5.35,4.7,5.1,-0.4000001,-6.956523,407.0,264.0,0.1242687061309814,False,REGULAR,USD,2026-07-17,7406.47998046875,0.0362799978256225,call,1.0747345596006348,0.1068493150684931,4.9
SPX260717C07970000,2026-06-08 17:02:14+00:00,7970.0,5.05,4.2,4.6,0.010000229,0.19841725,262.0,108.0,0.1236354727172851,False,REGULAR,USD,2026-07-17,7406.47998046875,0.0362799978256225,call,1.0760847286453592,0.1068493150684931,4.4
SPXW260717C07975000,2026-06-08 18:50:42+00:00,7975.0,5.0,4.4,4.6,-0.09000015,-1.7681758,31.0,377.0,0.1244899563598632,False,REGULAR,USD,2026-07-17,7406.47998046875,0.0362799978256225,call,1.0767598131677214,0.1068493150684931,4.5
SPX260717C07980000,2026-06-08 17:31:11+00:00,7980.0,4.83,3.9,4.2,-1.4900002,-23.575954,10.0,231.0,0.1233226706695556,False,REGULAR,USD,2026-07-17,7406.47998046875,0.0362799978256225,call,1.0774348976900836,0.1068493150684931,4.05
SPXW260717C07990000,2026-06-08 17:35:30+00:00,7990.0,4.6,3.8,4.1,0.42999983,10.311747,7.0,173.0,0.1244746977233886,False,REGULAR,USD,2026-07-17,7406.47998046875,0.0362799978256225,call,1.078785066734808,0.1068493150684931,3.95
SPXW260717C08000000,2026-06-08 19:11:30+00:00,8000.0,3.8,3.5,3.8,0.5999999,18.749998,101.0,1769.0,0.1245052149963379,False,REGULAR,USD,2026-07-17,7406.47998046875,0.0362799978256225,call,1.0801352357795324,0.1068493150684931,3.65
SPX260717C08010000,2026-06-08 14:19:31+00:00,8010.0,3.8,3.1,3.4,-0.8799999,-18.803415,4.0,204.0,0.1238033177185058,False,REGULAR,USD,2026-07-17,7406.47998046875,0.0362799978256225,call,1.0814854048242568,0.1068493150684931,3.25
SPXW260717C08020000,2026-06-08 15:18:14+00:00,8020.0,4.6,3.0,3.3,1.1799998,34.50292,1.0,137.0,0.12481038772583,False,REGULAR,USD,2026-07-17,7406.47998046875,0.0362799978256225,call,1.0828355738689812,0.1068493150684931,3.15
SPX260717C08025000,2026-06-08 18:15:16+00:00,8025.0,3.15,2.8,2.95,0.06000018,1.9417535,82.0,11115.0,0.1233455586242676,False,REGULAR,USD,2026-07-17,7406.47998046875,0.0362799978256225,call,1.0835106583913434,0.1068493150684931,2.875
SPX260717C08030000,2026-06-05 18:25:44+00:00,8030.0,3.3,2.6,2.85,0.0,0.0,11.0,1130.0,0.1234523690795898,False,REGULAR,USD,2026-07-17,7406.47998046875,0.0362799978256225,call,1.0841857429137056,0.1068493150684931,2.725
SPXW260717C08040000,2026-06-08 18:38:32+00:00,8040.0,3.1,2.6,2.75,0.3399999,12.318838,2.0,177.0,0.1243373699951172,False,REGULAR,USD,2026-07-17,7406.47998046875,0.0362799978256225,call,1.08553591195843,0.1068493150684931,2.675
SPX260717C08050000,2026-06-08 19:09:59+00:00,8050.0,2.48,2.3,2.45,0.1400001,5.9829106,158.0,7742.0,0.1236659899902343,False,REGULAR,USD,2026-07-17,7406.47998046875,0.0362799978256225,call,1.0868860810031544,0.1068493150684931,2.375
SPXW260717C08060000,2026-06-05 19:14:04+00:00,8060.0,2.3,2.2,2.3,0.0,0.0,214.0,117.0,0.1240169386291503,False,REGULAR,USD,2026-07-17,7406.47998046875,0.0362799978256225,call,1.0882362500478788,0.1068493150684931,2.25
SPX260717C08070000,2026-06-05 16:11:44+00:00,8070.0,3.1,1.95,2.15,0.0,0.0,10.0,107.0,0.1242763354492187,False,REGULAR,USD,2026-07-17,7406.47998046875,0.0362799978256225,call,1.0895864190926032,0.1068493150684931,2.05
SPXW260717C08075000,2026-06-08 14:56:16+00:00,8075.0,2.71,2.0,2.1,0.56999993,26.63551,11.0,120.0,0.1246120254516601,False,REGULAR,USD,2026-07-17,7406.47998046875,0.0362799978256225,call,1.0902615036149654,0.1068493150684931,2.05
SPXW260717C08080000,2026-06-05 16:16:01+00:00,8080.0,2.95,1.9,2.05,0.0,0.0,110.0,116.0,0.1249171981811523,False,REGULAR,USD,2026-07-17,7406.47998046875,0.0362799978256225,call,1.090936588137328,0.1068493150684931,1.975
SPX260717C08090000,2026-06-05 14:51:23+00:00,8090.0,3.2,1.65,1.85,0.0,0.0,3.0,295.0,0.1245509909057617,False,REGULAR,USD,2026-07-17,7406.47998046875,0.0362799978256225,call,1.0922867571820525,0.1068493150684931,1.75
SPX260717C08100000,2026-06-08 16:14:21+00:00,8100.0,2.1,1.55,1.75,0.67999995,47.88732,206.0,52544.0,0.1250392672729492,False,REGULAR,USD,2026-07-17,7406.47998046875,0.0362799978256225,call,1.0936369262267769,0.1068493150684931,1.65
SPX260717C08110000,2026-06-08 11:41:16+00:00,8110.0,2.25,1.5,1.7,-3.25,-59.090908,5.0,231.0,0.1260005613708495,False,REGULAR,USD,2026-07-17,7406.47998046875,0.0362799978256225,call,1.094987095271501,0.1068493150684931,1.6
SPX260717C08120000,2026-06-04 19:08:06+00:00,8120.0,5.5,1.4,1.55,0.0,0.0,1.0,50.0,0.1258327163696289,False,REGULAR,USD,2026-07-17,7406.47998046875,0.0362799978256225,call,1.0963372643162257,0.1068493150684931,1.475
SPXW260717C08125000,2026-06-08 14:56:16+00:00,8125.0,1.85,1.35,1.55,0.37,25.0,21.0,63.0,0.1265651309204101,False,REGULAR,USD,2026-07-17,7406.47998046875,0.0362799978256225,call,1.0970123488385877,0.1068493150684931,1.4500000000000002
SPX260717C08140000,2026-06-04 19:04:33+00:00,8140.0,4.6,1.15,1.4,0.0,0.0,54.0,235.0,0.12696185546875,False,REGULAR,USD,2026-07-17,7406.47998046875,0.0362799978256225,call,1.0990376024056745,0.1068493150684931,1.275
SPXW260717C08150000,2026-06-05 20:11:30+00:00,8150.0,1.32,1.15,1.3,0.33000004,33.333336,3.0,433.0,0.1271297004699706,False,REGULAR,USD,2026-07-17,7406.47998046875,0.0362799978256225,call,1.100387771450399,0.1068493150684931,1.225
SPXW260717C08160000,2026-06-05 19:22:09+00:00,8160.0,1.15,1.1,1.2,0.0,0.0,2.0,43.0,0.1272059936523437,False,REGULAR,USD,2026-07-17,7406.47998046875,0.0362799978256225,call,1.101737940495123,0.1068493150684931,1.15
SPXW260717C08170000,2026-06-08 18:23:01+00:00,8170.0,1.22,1.0,1.15,-2.28,-65.14286,1.0,21.0,0.1278773736572265,False,REGULAR,USD,2026-07-17,7406.47998046875,0.0362799978256225,call,1.1030881095398477,0.1068493150684931,1.075
SPXW260717C08175000,2026-06-05 18:04:37+00:00,8175.0,1.19,1.0,1.1,0.0,0.0,13.0,268.0,0.1278468563842773,False,REGULAR,USD,2026-07-17,7406.47998046875,0.0362799978256225,call,1.1037631940622097,0.1068493150684931,1.05
SPXW260717C08180000,2026-06-08 18:23:01+00:00,8180.0,1.12,0.95,1.1,-2.1799998,-66.06061,1.0,31.0,0.1285487536621093,False,REGULAR,USD,2026-07-17,7406.47998046875,0.0362799978256225,call,1.104438278584572,0.1068493150684931,1.025
SPXW260717C08190000,2026-06-05 13:44:56+00:00,8190.0,1.52,0.9,1.05,0.0,0.0,30.0,40.0,0.1291590991210937,False,REGULAR,USD,2026-07-17,7406.47998046875,0.0362799978256225,call,1.1057884476292963,0.1068493150684931,0.975
SPXW260717C08200000,2026-06-08 15:14:26+00:00,8200.0,1.22,0.85,1.0,0.24000001,24.489796,2.0,258.0,0.1297389273071288,False,REGULAR,USD,2026-07-17,7406.47998046875,0.0362799978256225,call,1.1071386166740207,0.1068493150684931,0.925
SPX260717C08225000,2026-06-08 18:15:19+00:00,8225.0,0.83,0.7,0.9,-1.05,-55.851063,30.0,264.0,0.1313868600463867,False,REGULAR,USD,2026-07-17,7406.47998046875,0.0362799978256225,call,1.1105140392858317,0.1068493150684931,0.8
SPXW260717C08230000,2026-06-08 14:07:11+00:00,8230.0,0.9,0.7,0.85,-3.2999997,-78.57143,2.0,12.0,0.1311732391357422,False,REGULAR,USD,2026-07-17,7406.47998046875,0.0362799978256225,call,1.111189123808194,0.1068493150684931,0.7749999999999999
SPXW260717C08450000,2026-06-03 15:07:14+00:00,8450.0,0.65,0.3,0.4,0.0,0.0,1.0,7.0,0.1471032556152343,False,REGULAR,USD,2026-07-17,7406.47998046875,0.0362799978256225,call,1.1408928427921312,0.1068493150684931,0.35
SPXW260724C07340000,2026-06-01 14:35:53+00:00,7340.0,350.76,229.2,230.1,0.0,0.0,1.0,2.0,0.1845994474220275,True,REGULAR,USD,2026-07-24,7406.47998046875,0.0362799978256225,call,0.991024078827721,0.1260273972602739,229.65
SPXW260724C07350000,2026-06-05 16:51:19+00:00,7350.0,257.1,219.6,220.5,0.0,0.0,2.0,2.0,0.180567352733612,True,REGULAR,USD,2026-07-24,7406.47998046875,0.0362799978256225,call,0.9923742478724454,0.1260273972602739,220.05
SPXW260724C07375000,2026-06-08 18:52:45+00:00,7375.0,214.82,206.1,206.8,5.3200073,2.539383,4.0,11.0,0.1800008758544922,True,REGULAR,USD,2026-07-24,7406.47998046875,0.0362799978256225,call,0.9957496704842564,0.1260273972602739,206.45
SPXW260724C07380000,2026-06-05 18:54:03+00:00,7380.0,206.2,202.5,203.4,0.0,0.0,1.0,8.0,0.1792036120986938,True,REGULAR,USD,2026-07-24,7406.47998046875,0.0362799978256225,call,0.9964247550066186,0.1260273972602739,202.95
SPXW260724C07390000,2026-06-05 19:10:28+00:00,7390.0,195.67,193.5,194.4,0.0,0.0,1.0,2.0,0.1754747828102111,True,REGULAR,USD,2026-07-24,7406.47998046875,0.0362799978256225,call,0.997774924051343,0.1260273972602739,193.95
SPXW260724C07400000,2026-06-08 18:08:44+00:00,7400.0,200.35,186.6,187.5,0.3500061,0.17500305,5.0,16.0,0.1736590050697327,True,REGULAR,USD,2026-07-24,7406.47998046875,0.0362799978256225,call,0.9991250930960676,0.1260273972602739,187.05
SPXW260724C07410000,2026-06-08 17:01:25+00:00,7410.0,190.37,183.3,184.1,7.299988,3.9875388,1.0,7.0,0.1750666142845153,False,REGULAR,USD,2026-07-24,7406.47998046875,0.0362799978256225,call,1.000475262140792,0.1260273972602739,183.7
SPXW260724C07420000,2026-06-08 18:48:04+00:00,7420.0,185.81,176.7,177.5,-36.08,-16.260311,3.0,3.0,0.1733748129653931,False,REGULAR,USD,2026-07-24,7406.47998046875,0.0362799978256225,call,1.0018254311855164,0.1260273972602739,177.1
SPXW260724C07425000,2026-06-08 19:12:58+00:00,7425.0,173.06,170.8,171.9,-99.640015,-36.538326,3.0,14.0,0.1703288076591491,False,REGULAR,USD,2026-07-24,7406.47998046875,0.0362799978256225,call,1.0025005157078786,0.1260273972602739,171.35000000000002
SPXW260724C07440000,2026-06-04 19:53:21+00:00,7440.0,181.78,164.9,165.6,-99.26001,-35.318817,1.0,10.0,0.1709715777206421,False,REGULAR,USD,2026-07-24,7406.47998046875,0.0362799978256225,call,1.0045257692749652,0.1260273972602739,165.25
SPXW260724C07450000,2026-06-08 19:12:58+00:00,7450.0,157.86,155.8,156.9,-111.84001,-41.4683,78.0,13.0,0.1670443861579895,False,REGULAR,USD,2026-07-24,7406.47998046875,0.0362799978256225,call,1.0058759383196896,0.1260273972602739,156.35000000000002
SPXW260724C07460000,2026-06-08 14:49:14+00:00,7460.0,174.61,152.4,153.2,-31.660004,-15.348817,2.0,6.0,0.1677558200836182,False,REGULAR,USD,2026-07-24,7406.47998046875,0.0362799978256225,call,1.007226107364414,0.1260273972602739,152.8
SPXW260724C07475000,2026-06-05 15:05:07+00:00,7475.0,171.41,141.4,142.2,-27.190002,-13.690837,1.0,4.0,0.1634929385185241,False,REGULAR,USD,2026-07-24,7406.47998046875,0.0362799978256225,call,1.0092513609315006,0.1260273972602739,141.8
SPXW260724C07480000,2026-06-08 14:11:06+00:00,7480.0,154.18,141.0,141.9,-13.060013,-7.8091435,4.0,43.0,0.1652267010879516,False,REGULAR,USD,2026-07-24,7406.47998046875,0.0362799978256225,call,1.0099264454538628,0.1260273972602739,141.45
SPXW260724C07490000,2026-06-08 15:02:52+00:00,7490.0,162.28,135.5,136.2,-13.4900055,-7.6748047,7.0,35.0,0.1637771306228638,False,REGULAR,USD,2026-07-24,7406.47998046875,0.0362799978256225,call,1.0112766144985872,0.1260273972602739,135.85
SPXW260724C07500000,2026-06-08 14:11:31+00:00,7500.0,135.36,130.4,131.3,16.79,14.160413,16.0,21.0,0.1629989401626587,False,REGULAR,USD,2026-07-24,7406.47998046875,0.0362799978256225,call,1.0126267835433116,0.1260273972602739,130.85000000000002
SPXW260724C07510000,2026-06-05 14:00:03+00:00,7510.0,173.88,124.8,125.5,0.0,0.0,3.0,4.0,0.1612594556045532,False,REGULAR,USD,2026-07-24,7406.47998046875,0.0362799978256225,call,1.013976952588036,0.1260273972602739,125.15
SPXW260724C07520000,2026-06-08 17:30:35+00:00,7520.0,130.64,118.2,119.1,-13.410004,-9.30927,8.0,11.0,0.1588371470642089,False,REGULAR,USD,2026-07-24,7406.47998046875,0.0362799978256225,call,1.0153271216327604,0.1260273972602739,118.65
SPXW260724C07525000,2026-06-05 18:59:54+00:00,7525.0,122.05,115.3,116.1,-1.5799942,-1.2780023,10.0,12.0,0.1577747644996643,False,REGULAR,USD,2026-07-24,7406.47998046875,0.0362799978256225,call,1.0160022061551226,0.1260273972602739,115.7
SPXW260724C07530000,2026-06-08 18:48:04+00:00,7530.0,121.95,113.1,113.7,0.18999481,0.15604042,5.0,10.0,0.1572731368255615,False,REGULAR,USD,2026-07-24,7406.47998046875,0.0362799978256225,call,1.0166772906774848,0.1260273972602739,113.4
SPXW260724C07550000,2026-06-08 16:39:44+00:00,7550.0,113.43,102.9,103.8,6.209999,5.7918286,21.0,31.0,0.1547058712387085,False,REGULAR,USD,2026-07-24,7406.47998046875,0.0362799978256225,call,1.0193776287669338,0.1260273972602739,103.35
SPXW260724C07560000,2026-06-08 17:30:35+00:00,7560.0,110.04,100.3,101.1,5.6500015,5.412397,7.0,13.0,0.1555088569831848,False,REGULAR,USD,2026-07-24,7406.47998046875,0.0362799978256225,call,1.0207277978116582,0.1260273972602739,100.7
SPXW260724C07570000,2026-06-05 17:08:11+00:00,7570.0,105.83,95.7,96.6,-11.369995,-9.701362,1.0,6.0,0.1544235864639282,False,REGULAR,USD,2026-07-24,7406.47998046875,0.0362799978256225,call,1.0220779668563826,0.1260273972602739,96.15
SPXW260724C07575000,2026-06-08 18:52:45+00:00,7575.0,99.58,93.8,94.5,-39.020004,-28.15296,3.0,13.0,0.1539925299835205,False,REGULAR,USD,2026-07-24,7406.47998046875,0.0362799978256225,call,1.0227530513787448,0.1260273972602739,94.15
SPXW260724C07580000,2026-06-05 19:34:12+00:00,7580.0,92.05,91.2,92.0,0.0,0.0,2.0,3.0,0.1531266023635865,False,REGULAR,USD,2026-07-24,7406.47998046875,0.0362799978256225,call,1.023428135901107,0.1260273972602739,91.6
SPXW260724C07590000,2026-05-29 14:03:57+00:00,7590.0,189.36,86.8,87.6,0.0,0.0,11.0,11.0,0.1519211700820923,False,REGULAR,USD,2026-07-24,7406.47998046875,0.0362799978256225,call,1.0247783049458314,0.1260273972602739,87.19999999999999
SPXW260724C07600000,2026-06-08 17:11:56+00:00,7600.0,85.1,82.8,83.7,12.949997,17.948713,21.0,561.0,0.151118184337616,False,REGULAR,USD,2026-07-24,7406.47998046875,0.0362799978256225,call,1.0261284739905558,0.1260273972602739,83.25
SPXW260724C07620000,2026-06-08 14:58:33+00:00,7620.0,92.1,73.2,73.9,13.769997,17.579466,24.0,1.0,0.1470403137397766,False,REGULAR,USD,2026-07-24,7406.47998046875,0.0362799978256225,call,1.0288288120800049,0.1260273972602739,73.55000000000001
SPXW260724C07625000,2026-06-08 16:32:22+00:00,7625.0,82.05,72.8,73.5,-12.039993,-12.796251,14.0,42.0,0.1481446575546264,False,REGULAR,USD,2026-07-24,7406.47998046875,0.0362799978256225,call,1.0295038966023669,0.1260273972602739,73.15
SPXW260724C07650000,2026-06-08 18:56:20+00:00,7650.0,69.25,63.9,64.6,3.6299973,5.5318456,3.0,49.0,0.1458253448104858,False,REGULAR,USD,2026-07-24,7406.47998046875,0.0362799978256225,call,1.032879319214178,0.1260273972602739,64.25
SPXW260724C07660000,2026-06-08 14:29:06+00:00,7660.0,69.55,59.5,60.1,-14.389999,-17.143196,11.0,1.0,0.1436071205329895,False,REGULAR,USD,2026-07-24,7406.47998046875,0.0362799978256225,call,1.0342294882589025,0.1260273972602739,59.8
SPXW260724C07675000,2026-06-08 16:21:53+00:00,7675.0,67.7,55.0,55.6,9.669998,16.663792,4.0,21.0,0.1426000505256653,False,REGULAR,USD,2026-07-24,7406.47998046875,0.0362799978256225,call,1.0362547418259889,0.1260273972602739,55.3
SPXW260724C07680000,2026-06-08 15:39:06+00:00,7680.0,64.85,54.3,54.8,-7.970001,-10.9447975,2.0,4.0,0.1430387363243103,False,REGULAR,USD,2026-07-24,7406.47998046875,0.0362799978256225,call,1.036929826348351,0.1260273972602739,54.55
SPXW260724C07700000,2026-06-08 14:21:08+00:00,7700.0,58.92,48.3,48.9,9.5,19.222988,7.0,36.0,0.1413011590957641,False,REGULAR,USD,2026-07-24,7406.47998046875,0.0362799978256225,call,1.0396301644378,0.1260273972602739,48.6
SPXW260724C07725000,2026-06-08 16:41:01+00:00,7725.0,47.19,41.7,42.2,4.3199997,10.076977,12.0,38.0,0.1392526871490479,False,REGULAR,USD,2026-07-24,7406.47998046875,0.0362799978256225,call,1.043005587049611,0.1260273972602739,41.95
SPXW260724C07750000,2026-06-08 19:12:40+00:00,7750.0,35.9,35.9,36.4,-1.7799988,-4.723988,16.0,59.0,0.1375894957733154,False,REGULAR,USD,2026-07-24,7406.47998046875,0.0362799978256225,call,1.046381009661422,0.1260273972602739,36.15
SPXW260724C07775000,2026-06-08 19:12:40+00:00,7775.0,30.75,30.5,31.0,-3.130001,-9.238492,30.0,49.0,0.1356745368957519,False,REGULAR,USD,2026-07-24,7406.47998046875,0.0362799978256225,call,1.0497564322732331,0.1260273972602739,30.75
SPXW260724C07800000,2026-06-08 18:39:24+00:00,7800.0,28.51,26.0,26.5,0.21000099,0.742053,34.0,931.0,0.1342974449539185,False,REGULAR,USD,2026-07-24,7406.47998046875,0.0362799978256225,call,1.053131854885044,0.1260273972602739,26.25
SPXW260724C07825000,2026-06-08 18:47:22+00:00,7825.0,24.34,22.0,22.5,1.7800007,7.890074,20.0,8.0,0.1329356116485595,False,REGULAR,USD,2026-07-24,7406.47998046875,0.0362799978256225,call,1.0565072774968551,0.1260273972602739,22.25
SPXW260724C07850000,2026-06-08 18:47:22+00:00,7850.0,20.65,18.6,19.1,0.049999237,0.24271473,29.0,102.0,0.131844619140625,False,REGULAR,USD,2026-07-24,7406.47998046875,0.0362799978256225,call,1.059882700108666,0.1260273972602739,18.85
SPXW260724C07875000,2026-06-08 17:19:27+00:00,7875.0,16.7,15.5,15.9,-1.3499985,-7.479216,26.0,14.0,0.1303149408340453,False,REGULAR,USD,2026-07-24,7406.47998046875,0.0362799978256225,call,1.0632581227204772,0.1260273972602739,15.7
SPXW260724C07900000,2026-06-08 18:54:24+00:00,7900.0,14.7,12.9,13.3,-0.21000004,-1.408451,41.0,54.0,0.1292277629852295,False,REGULAR,USD,2026-07-24,7406.47998046875,0.0362799978256225,call,1.0666335453322884,0.1260273972602739,13.1
SPXW260724C07950000,2026-06-08 18:54:24+00:00,7950.0,10.3,9.0,9.5,0.6999998,7.2916646,41.0,58.0,0.1282664688873291,False,REGULAR,USD,2026-07-24,7406.47998046875,0.0362799978256225,call,1.0733843905559104,0.1260273972602739,9.25
SPXW260724C08000000,2026-06-08 18:58:52+00:00,8000.0,7.0,6.2,6.6,0.9299998,15.321249,33.0,233.0,0.127114441833496,False,REGULAR,USD,2026-07-24,7406.47998046875,0.0362799978256225,call,1.0801352357795324,0.1260273972602739,6.4
SPXW260724C08050000,2026-06-08 18:48:40+00:00,8050.0,5.06,4.4,4.6,1.1599998,29.743586,34.0,101.0,0.1265498722839355,False,REGULAR,USD,2026-07-24,7406.47998046875,0.0362799978256225,call,1.0868860810031544,0.1260273972602739,4.5
SPXW260724C08100000,2026-06-08 18:43:17+00:00,8100.0,3.55,3.0,3.2,0.8499999,31.481478,16.0,143.0,0.1263209927368164,False,REGULAR,USD,2026-07-24,7406.47998046875,0.0362799978256225,call,1.0936369262267769,0.1260273972602739,3.1
SPXW260724C08150000,2026-06-08 17:03:15+00:00,8150.0,2.45,2.15,2.35,0.3800001,18.357494,6.0,46.0,0.1273738386535644,False,REGULAR,USD,2026-07-24,7406.47998046875,0.0362799978256225,call,1.100387771450399,0.1260273972602739,2.25
SPXW260724C08200000,2026-06-08 15:46:54+00:00,8200.0,2.16,1.55,1.8,0.7600001,54.28572,34.0,30.0,0.1292506509399414,False,REGULAR,USD,2026-07-24,7406.47998046875,0.0362799978256225,call,1.1071386166740207,0.1260273972602739,1.675
SPXW260724C08250000,2026-06-05 19:59:38+00:00,8250.0,1.3,1.2,1.35,0.0,0.0,14.0,38.0,0.1307154800415039,False,REGULAR,USD,2026-07-24,7406.47998046875,0.0362799978256225,call,1.1138894618976427,0.1260273972602739,1.275
SPXW260724C08300000,2026-06-05 19:59:38+00:00,8300.0,1.0,0.85,1.05,0.0,0.0,73.0,89.0,0.1327906546020508,False,REGULAR,USD,2026-07-24,7406.47998046875,0.0362799978256225,call,1.120640307121265,0.1260273972602739,0.95
SPXW260724C08350000,2026-06-08 15:46:54+00:00,8350.0,0.96,0.7,0.9,0.15999997,19.999994,4.0,5.0,0.1363306582641602,False,REGULAR,USD,2026-07-24,7406.47998046875,0.0362799978256225,call,1.127391152344887,0.1260273972602739,0.8
SPXW260731C07335000,2026-06-05 17:44:14+00:00,7335.0,284.6,247.4,248.1,0.0,0.0,7.0,84.0,0.1858697289085388,True,REGULAR,USD,2026-07-31,7406.47998046875,0.0362799978256225,call,0.9903489943053588,0.1452054794520547,247.75
SPXW260731C07340000,2026-05-29 14:18:40+00:00,7340.0,378.28,244.2,245.1,0.0,0.0,6.0,103.0,0.1855950734519958,True,REGULAR,USD,2026-07-31,7406.47998046875,0.0362799978256225,call,0.991024078827721,0.1452054794520547,244.65
SPXW260731C07345000,2026-06-01 15:30:31+00:00,7345.0,368.18,243.6,244.4,0.0,0.0,1.0,20.0,0.1873517239761352,True,REGULAR,USD,2026-07-31,7406.47998046875,0.0362799978256225,call,0.9916991633500832,0.1452054794520547,244.0
SPXW260731C07350000,2026-06-05 19:29:50+00:00,7350.0,241.83,240.0,240.6,0.0,0.0,3.0,687.0,0.1863293953323364,True,REGULAR,USD,2026-07-31,7406.47998046875,0.0362799978256225,call,0.9923742478724454,0.1452054794520547,240.3
SPXW260731C07355000,2026-06-05 19:51:54+00:00,7355.0,242.1,236.7,237.6,0.0,0.0,5.0,13.0,0.1860032419776916,True,REGULAR,USD,2026-07-31,7406.47998046875,0.0362799978256225,call,0.9930493323948076,0.1452054794520547,237.15
SPXW260731C07360000,2026-05-21 14:43:02+00:00,7360.0,258.19,230.4,231.4,0.0,0.0,1.0,121.0,0.1828256309318542,True,REGULAR,USD,2026-07-31,7406.47998046875,0.0362799978256225,call,0.9937244169171698,0.1452054794520547,230.9
SPXW260731C07365000,2026-06-05 19:51:54+00:00,7365.0,235.3,230.1,230.8,0.0,0.0,5.0,18.0,0.1845975400924682,True,REGULAR,USD,2026-07-31,7406.47998046875,0.0362799978256225,call,0.994399501439532,0.1452054794520547,230.45
SPXW260731C07370000,2026-06-05 19:43:54+00:00,7370.0,222.01,223.5,224.3,0.0,0.0,2.0,18.0,0.1811281076240539,True,REGULAR,USD,2026-07-31,7406.47998046875,0.0362799978256225,call,0.9950745859618942,0.1452054794520547,223.9
SPXW260731C07375000,2026-06-03 13:48:51+00:00,7375.0,336.69,220.5,221.6,0.0,0.0,1.0,69.0,0.1810079458618164,True,REGULAR,USD,2026-07-31,7406.47998046875,0.0362799978256225,call,0.9957496704842564,0.1452054794520547,221.05
SPXW260731C07380000,2026-06-04 14:12:51+00:00,7380.0,313.0,219.6,220.4,0.0,0.0,10.0,37.0,0.1821943048477173,True,REGULAR,USD,2026-07-31,7406.47998046875,0.0362799978256225,call,0.9964247550066186,0.1452054794520547,220.0
SPXW260731C07385000,2026-06-01 16:24:06+00:00,7385.0,338.4,217.2,218.0,0.0,0.0,2.0,20.0,0.1823039762973785,True,REGULAR,USD,2026-07-31,7406.47998046875,0.0362799978256225,call,0.9970998395289808,0.1452054794520547,217.6
SPXW260731C07390000,2026-06-08 15:35:06+00:00,7390.0,229.8,211.2,211.8,14.729996,6.8489304,14.0,49.0,0.1790453037452697,True,REGULAR,USD,2026-07-31,7406.47998046875,0.0362799978256225,call,0.997774924051343,0.1452054794520547,211.5
SPXW260731C07395000,2026-05-20 16:52:46+00:00,7395.0,243.51,207.3,208.0,0.0,0.0,4.0,7.0,0.1778885083675384,True,REGULAR,USD,2026-07-31,7406.47998046875,0.0362799978256225,call,0.9984500085737052,0.1452054794520547,207.65
SPXW260731C07400000,2026-06-08 17:28:00+00:00,7400.0,214.2,207.2,208.1,23.199997,12.146596,39.0,491.0,0.1801515548896789,True,REGULAR,USD,2026-07-31,7406.47998046875,0.0362799978256225,call,0.9991250930960676,0.1452054794520547,207.65
SPXW260731C07405000,2026-06-05 19:07:37+00:00,7405.0,207.02,201.4,202.2,0.0,0.0,3.0,31.0,0.177111271572113,True,REGULAR,USD,2026-07-31,7406.47998046875,0.0362799978256225,call,0.9998001776184297,0.1452054794520547,201.8
SPXW260731C07410000,2026-06-05 19:07:37+00:00,7410.0,203.82,198.9,199.8,0.0,0.0,8.0,65.0,0.1771379741859436,False,REGULAR,USD,2026-07-31,7406.47998046875,0.0362799978256225,call,1.000475262140792,0.1452054794520547,199.35
SPXW260731C07415000,2026-05-28 19:41:28+00:00,7415.0,310.65,197.4,198.3,0.0,0.0,5.0,14.0,0.1779390526008606,False,REGULAR,USD,2026-07-31,7406.47998046875,0.0362799978256225,call,1.0011503466631542,0.1452054794520547,197.85
SPXW260731C07420000,2026-06-08 15:35:06+00:00,7420.0,197.5,191.7,192.5,-7.9100037,-3.8508365,11.0,72.0,0.1749388232040405,False,REGULAR,USD,2026-07-31,7406.47998046875,0.0362799978256225,call,1.0018254311855164,0.1452054794520547,192.1
SPXW260731C07425000,2026-06-05 18:37:56+00:00,7425.0,203.01,191.1,191.9,0.0,0.0,1.0,392.0,0.17649711145401,False,REGULAR,USD,2026-07-31,7406.47998046875,0.0362799978256225,call,1.0025005157078786,0.1452054794520547,191.5
SPXW260731C07430000,2026-06-08 18:08:17+00:00,7430.0,198.6,185.4,186.5,-2.5999908,-1.2922419,1.0,65.0,0.1738134987640381,False,REGULAR,USD,2026-07-31,7406.47998046875,0.0362799978256225,call,1.0031756002302408,0.1452054794520547,185.95
SPXW260731C07435000,2026-06-08 17:00:39+00:00,7435.0,194.26,183.5,184.2,-8.139999,-4.021739,1.0,51.0,0.1738411550426483,False,REGULAR,USD,2026-07-31,7406.47998046875,0.0362799978256225,call,1.003850684752603,0.1452054794520547,183.85
SPXW260731C07440000,2026-06-08 18:51:28+00:00,7440.0,189.7,182.1,182.7,-54.589996,-22.34639,3.0,40.0,0.174555449962616,False,REGULAR,USD,2026-07-31,7406.47998046875,0.0362799978256225,call,1.0045257692749652,0.1452054794520547,182.4
SPXW260731C07445000,2026-06-08 14:46:46+00:00,7445.0,201.1,176.6,177.3,-2.5999908,-1.2763823,2.0,58.0,0.1718165247154235,False,REGULAR,USD,2026-07-31,7406.47998046875,0.0362799978256225,call,1.0052008537973274,0.1452054794520547,176.95
SPXW260731C07450000,2026-06-08 17:12:03+00:00,7450.0,179.51,174.3,175.0,3.7599945,2.1393995,9.0,1350.0,0.171789822101593,False,REGULAR,USD,2026-07-31,7406.47998046875,0.0362799978256225,call,1.0058759383196896,0.1452054794520547,174.65
SPXW260731C07455000,2026-06-05 18:15:29+00:00,7455.0,190.23,171.3,172.2,0.0,0.0,107.0,49.0,0.1713053603935241,False,REGULAR,USD,2026-07-31,7406.47998046875,0.0362799978256225,call,1.0065510228420518,0.1452054794520547,171.75
SPXW260731C07460000,2026-06-05 18:15:29+00:00,7460.0,187.13,167.7,168.5,0.0,0.0,1.0,14.0,0.1700074226284027,False,REGULAR,USD,2026-07-31,7406.47998046875,0.0362799978256225,call,1.007226107364414,0.1452054794520547,168.1
SPXW260731C07465000,2026-06-08 14:44:43+00:00,7465.0,182.33,167.5,168.3,15.229996,9.1143,47.0,159.0,0.1717802854537963,False,REGULAR,USD,2026-07-31,7406.47998046875,0.0362799978256225,call,1.0079011918867762,0.1452054794520547,167.9
SPXW260731C07470000,2026-06-05 16:01:40+00:00,7470.0,204.58,161.7,162.4,0.0,0.0,2.0,1012.0,0.1684996786117554,False,REGULAR,USD,2026-07-31,7406.47998046875,0.0362799978256225,call,1.0085762764091384,0.1452054794520547,162.05
SPXW260731C07475000,2026-06-08 15:24:04+00:00,7475.0,188.12,161.4,162.1,27.509995,17.128445,6.0,1640.0,0.1701514260101318,False,REGULAR,USD,2026-07-31,7406.47998046875,0.0362799978256225,call,1.0092513609315006,0.1452054794520547,161.75
SPXW260731C07480000,2026-06-05 20:01:11+00:00,7480.0,152.27,156.0,156.9,0.0,0.0,53.0,63.0,0.1674468326950073,False,REGULAR,USD,2026-07-31,7406.47998046875,0.0362799978256225,call,1.0099264454538628,0.1452054794520547,156.45
SPXW260731C07485000,2026-06-05 16:04:14+00:00,7485.0,194.9,153.1,153.9,0.0,0.0,7.0,21.0,0.1666686422348022,False,REGULAR,USD,2026-07-31,7406.47998046875,0.0362799978256225,call,1.010601529976225,0.1452054794520547,153.5
SPXW260731C07490000,2026-06-08 16:11:18+00:00,7490.0,167.92,152.7,153.6,15.399994,10.097033,2.0,23.0,0.1682707990646362,False,REGULAR,USD,2026-07-31,7406.47998046875,0.0362799978256225,call,1.0112766144985872,0.1452054794520547,153.14999999999998
SPXW260731C07495000,2026-06-08 16:11:18+00:00,7495.0,165.07,147.8,148.5,-26.12999,-13.666313,2.0,44.0,0.1655871863746643,False,REGULAR,USD,2026-07-31,7406.47998046875,0.0362799978256225,call,1.0119516990209494,0.1452054794520547,148.15
SPXW260731C07500000,2026-06-08 16:16:19+00:00,7500.0,165.8,147.7,148.3,18.800003,12.789117,6.0,1647.0,0.1672446557617187,False,REGULAR,USD,2026-07-31,7406.47998046875,0.0362799978256225,call,1.0126267835433116,0.1452054794520547,148.0
SPXW260731C07505000,2026-06-08 16:16:19+00:00,7505.0,162.95,144.9,145.5,-20.850006,-11.343855,4.0,72.0,0.166567553768158,False,REGULAR,USD,2026-07-31,7406.47998046875,0.0362799978256225,call,1.0133018680656738,0.1452054794520547,145.2
SPXW260731C07510000,2026-06-08 16:43:49+00:00,7510.0,151.32,142.2,142.9,13.980011,10.179126,3.0,35.0,0.1660487601280212,False,REGULAR,USD,2026-07-31,7406.47998046875,0.0362799978256225,call,1.013976952588036,0.1452054794520547,142.55
SPXW260731C07515000,2026-06-08 16:43:49+00:00,7515.0,148.62,139.3,140.1,-8.26001,-5.265177,2.0,53.0,0.1653316042137146,False,REGULAR,USD,2026-07-31,7406.47998046875,0.0362799978256225,call,1.0146520371103982,0.1452054794520547,139.7
SPXW260731C07520000,2026-06-08 16:15:15+00:00,7520.0,153.2,134.4,135.3,-21.839996,-12.477146,4.0,1016.0,0.1627948558998108,False,REGULAR,USD,2026-07-31,7406.47998046875,0.0362799978256225,call,1.0153271216327604,0.1452054794520547,134.85000000000002
SPXW260731C07525000,2026-06-08 16:10:07+00:00,7525.0,147.35,134.2,134.8,7.25,5.174875,13.0,1794.0,0.1641023303127288,False,REGULAR,USD,2026-07-31,7406.47998046875,0.0362799978256225,call,1.0160022061551226,0.1452054794520547,134.5
SPXW260731C07530000,2026-06-08 16:05:35+00:00,7530.0,145.04,129.3,130.3,-13.860001,-8.722467,19.0,84.0,0.1617839712333678,False,REGULAR,USD,2026-07-31,7406.47998046875,0.0362799978256225,call,1.0166772906774848,0.1452054794520547,129.8
SPXW260731C07535000,2026-06-08 15:24:04+00:00,7535.0,152.82,129.4,130.1,22.420013,17.193264,6.0,49.0,0.1633308155059814,False,REGULAR,USD,2026-07-31,7406.47998046875,0.0362799978256225,call,1.017352375199847,0.1452054794520547,129.75
SPXW260731C07540000,2026-06-05 13:50:09+00:00,7540.0,176.7,126.6,127.2,0.0,0.0,1.0,84.0,0.1624152973175049,False,REGULAR,USD,2026-07-31,7406.47998046875,0.0362799978256225,call,1.0180274597222092,0.1452054794520547,126.9
SPXW260731C07545000,2026-06-08 16:10:07+00:00,7545.0,136.62,121.8,122.5,-11.680008,-7.8759317,2.0,26.0,0.1598346804237365,False,REGULAR,USD,2026-07-31,7406.47998046875,0.0362799978256225,call,1.0187025442445716,0.1452054794520547,122.15
SPXW260731C07550000,2026-06-08 16:15:15+00:00,7550.0,136.95,121.0,121.8,13.549995,10.980547,127.0,1031.0,0.160877989692688,False,REGULAR,USD,2026-07-31,7406.47998046875,0.0362799978256225,call,1.0193776287669338,0.1452054794520547,121.4
SPXW260731C07555000,2026-06-08 18:52:41+00:00,7555.0,125.6,119.2,119.8,-4.2000046,-3.2357507,6.0,57.0,0.1607177740097046,False,REGULAR,USD,2026-07-31,7406.47998046875,0.0362799978256225,call,1.020052713289296,0.1452054794520547,119.5
SPXW260731C07560000,2026-06-05 16:44:27+00:00,7560.0,141.0,116.8,117.5,0.0,0.0,3.0,117.0,0.1602600149154663,False,REGULAR,USD,2026-07-31,7406.47998046875,0.0362799978256225,call,1.0207277978116582,0.1452054794520547,117.15
SPXW260731C07565000,2026-06-05 19:59:54+00:00,7565.0,111.6,114.3,114.9,0.0,0.0,3.0,134.0,0.1595047124099731,False,REGULAR,USD,2026-07-31,7406.47998046875,0.0362799978256225,call,1.0214028823340204,0.1452054794520547,114.6
SPXW260731C07570000,2026-06-08 08:26:09+00:00,7570.0,114.21,111.8,112.5,15.669998,15.902169,125.0,82.0,0.1589115329170227,False,REGULAR,USD,2026-07-31,7406.47998046875,0.0362799978256225,call,1.0220779668563826,0.1452054794520547,112.15
SPXW260731C07575000,2026-06-05 20:14:19+00:00,7575.0,96.44,107.6,108.2,0.0,0.0,17.0,64.0,0.156521648979187,False,REGULAR,USD,2026-07-31,7406.47998046875,0.0362799978256225,call,1.0227530513787448,0.1452054794520547,107.9
SPXW260731C07580000,2026-06-04 19:04:29+00:00,7580.0,114.77,107.4,108.2,-88.23,-43.463055,2.0,43.0,0.1581199911499023,False,REGULAR,USD,2026-07-31,7406.47998046875,0.0362799978256225,call,1.023428135901107,0.1452054794520547,107.8
SPXW260731C07585000,2026-06-02 18:43:55+00:00,7585.0,210.23,105.2,106.0,0.0,0.0,1.0,4.0,0.1576450660896301,False,REGULAR,USD,2026-07-31,7406.47998046875,0.0362799978256225,call,1.0241032204234692,0.1452054794520547,105.6
SPXW260731C07590000,2026-06-05 17:43:10+00:00,7590.0,124.31,103.0,103.6,-0.5699997,-0.45643795,2.0,35.0,0.1569584274482727,False,REGULAR,USD,2026-07-31,7406.47998046875,0.0362799978256225,call,1.0247783049458314,0.1452054794520547,103.3
SPXW260731C07595000,2026-06-05 13:43:58+00:00,7595.0,150.0,99.0,99.6,0.0,0.0,3.0,18.0,0.1547287591934204,False,REGULAR,USD,2026-07-31,7406.47998046875,0.0362799978256225,call,1.0254533894681936,0.1452054794520547,99.3
SPXW260731C07600000,2026-06-08 18:28:16+00:00,7600.0,105.03,98.0,98.5,18.409996,21.253748,28.0,1558.0,0.1552246648788452,False,REGULAR,USD,2026-07-31,7406.47998046875,0.0362799978256225,call,1.0261284739905558,0.1452054794520547,98.25
SPXW260731C07605000,2026-06-08 16:18:45+00:00,7605.0,111.19,95.2,95.6,2.6900024,2.479265,9.0,75.0,0.1539810860061645,False,REGULAR,USD,2026-07-31,7406.47998046875,0.0362799978256225,call,1.026803558512918,0.1452054794520547,95.4
SPXW260731C07610000,2026-06-08 14:55:00+00:00,7610.0,110.66,94.5,95.1,24.390007,28.271715,4.0,69.0,0.155018673286438,False,REGULAR,USD,2026-07-31,7406.47998046875,0.0362799978256225,call,1.0274786430352802,0.1452054794520547,94.8
SPXW260731C07615000,2026-06-08 14:03:29+00:00,7615.0,102.47,92.0,92.6,21.599998,26.70953,1.0,127.0,0.1541107844161987,False,REGULAR,USD,2026-07-31,7406.47998046875,0.0362799978256225,call,1.0281537275576424,0.1452054794520547,92.3
SPXW260731C07620000,2026-06-08 18:28:16+00:00,7620.0,96.28,89.5,90.2,8.529999,9.720797,9.0,51.0,0.1532715594100952,False,REGULAR,USD,2026-07-31,7406.47998046875,0.0362799978256225,call,1.0288288120800049,0.1452054794520547,89.85
SPXW260731C07625000,2026-06-08 15:47:01+00:00,7625.0,90.88,87.6,88.2,-38.97001,-30.011559,2.0,132.0,0.152796634349823,False,REGULAR,USD,2026-07-31,7406.47998046875,0.0362799978256225,call,1.0295038966023669,0.1452054794520547,87.9
SPXW260731C07630000,2026-06-04 13:54:50+00:00,7630.0,144.65,84.4,85.0,0.0,0.0,1.0,65.0,0.151112462348938,False,REGULAR,USD,2026-07-31,7406.47998046875,0.0362799978256225,call,1.030178981124729,0.1452054794520547,84.7
SPXW260731C07635000,2026-06-05 14:00:22+00:00,7635.0,121.52,84.1,84.8,0.0,0.0,1.0,38.0,0.1523655778694153,False,REGULAR,USD,2026-07-31,7406.47998046875,0.0362799978256225,call,1.0308540656470913,0.1452054794520547,84.44999999999999
SPXW260731C07640000,2026-06-08 15:55:05+00:00,7640.0,95.5,82.2,82.9,-23.169998,-19.52473,6.0,94.0,0.1519192627525329,False,REGULAR,USD,2026-07-31,7406.47998046875,0.0362799978256225,call,1.0315291501694537,0.1452054794520547,82.55000000000001
SPXW260731C07645000,2026-05-29 15:31:03+00:00,7645.0,86.58,80.4,81.0,-81.42999,-48.46735,1.0,57.0,0.1514481523513794,False,REGULAR,USD,2026-07-31,7406.47998046875,0.0362799978256225,call,1.0322042346918157,0.1452054794520547,80.7
SPXW260731C07650000,2026-06-08 16:15:15+00:00,7650.0,90.35,78.4,79.0,19.489998,27.504936,129.0,724.0,0.150849250869751,False,REGULAR,USD,2026-07-31,7406.47998046875,0.0362799978256225,call,1.032879319214178,0.1452054794520547,78.7
SPXW260731C07655000,2026-06-08 18:52:41+00:00,7655.0,81.65,76.5,77.1,2.880005,3.6562207,8.0,46.0,0.1503266425704956,False,REGULAR,USD,2026-07-31,7406.47998046875,0.0362799978256225,call,1.03355440373654,0.1452054794520547,76.8
SPXW260731C07660000,2026-06-08 16:18:45+00:00,7660.0,87.46,74.8,75.4,23.169998,36.039814,6.0,50.0,0.1499814159202576,False,REGULAR,USD,2026-07-31,7406.47998046875,0.0362799978256225,call,1.0342294882589025,0.1452054794520547,75.1
SPXW260731C07665000,2026-05-29 16:37:12+00:00,7665.0,157.55,71.5,72.0,0.0,0.0,1.0,14.0,0.1478547434616088,False,REGULAR,USD,2026-07-31,7406.47998046875,0.0362799978256225,call,1.0349045727812645,0.1452054794520547,71.75
SPXW260731C07670000,2026-06-08 08:26:09+00:00,7670.0,73.53,71.4,72.0,-81.350006,-52.524536,125.0,126.0,0.1492203914260864,False,REGULAR,USD,2026-07-31,7406.47998046875,0.0362799978256225,call,1.0355796573036269,0.1452054794520547,71.7
SPXW260731C07675000,2026-06-08 17:56:10+00:00,7675.0,74.3,68.2,68.8,-7.1100006,-8.733571,1505.0,80.0,0.1472272320365905,False,REGULAR,USD,2026-07-31,7406.47998046875,0.0362799978256225,call,1.0362547418259889,0.1452054794520547,68.5
SPXW260731C07680000,2026-06-05 15:54:31+00:00,7680.0,93.16,67.8,68.4,0.0,0.0,22.0,22.0,0.1481484722137451,False,REGULAR,USD,2026-07-31,7406.47998046875,0.0362799978256225,call,1.036929826348351,0.1452054794520547,68.1
SPXW260731C07685000,2026-06-05 19:51:25+00:00,7685.0,70.82,66.2,66.8,0.0,0.0,12.0,70.0,0.1477841722679138,False,REGULAR,USD,2026-07-31,7406.47998046875,0.0362799978256225,call,1.0376049108707133,0.1452054794520547,66.5
SPXW260731C07690000,2026-06-08 16:02:37+00:00,7690.0,73.9,64.6,65.4,-42.439995,-36.479282,23.0,30.0,0.1476086979484558,False,REGULAR,USD,2026-07-31,7406.47998046875,0.0362799978256225,call,1.0382799953930757,0.1452054794520547,65.0
SPXW260731C07695000,2026-06-04 18:13:16+00:00,7695.0,135.1,63.0,63.8,0.0,0.0,7.0,78.0,0.147194807434082,False,REGULAR,USD,2026-07-31,7406.47998046875,0.0362799978256225,call,1.0389550799154377,0.1452054794520547,63.4
SPXW260731C07700000,2026-06-08 17:07:39+00:00,7700.0,65.9,61.7,62.1,7.5300026,12.900467,66.0,2382.0,0.146645496520996,False,REGULAR,USD,2026-07-31,7406.47998046875,0.0362799978256225,call,1.0396301644378,0.1452054794520547,61.900000000000006
SPXW260731C07705000,2026-06-02 00:37:56+00:00,7705.0,129.79,59.9,60.6,0.0,0.0,1.0,18.0,0.146288825893402,False,REGULAR,USD,2026-07-31,7406.47998046875,0.0362799978256225,call,1.040305248960162,0.1452054794520547,60.25
SPXW260731C07710000,2026-06-05 15:32:00+00:00,7710.0,85.16,58.4,58.9,0.0,0.0,6.0,51.0,0.1456822950935364,False,REGULAR,USD,2026-07-31,7406.47998046875,0.0362799978256225,call,1.0409803334825245,0.1452054794520547,58.65
SPXW260731C07715000,2026-06-08 17:07:04+00:00,7715.0,60.5,56.8,57.4,2.0,3.4188035,56.0,35.0,0.1452722192382812,False,REGULAR,USD,2026-07-31,7406.47998046875,0.0362799978256225,call,1.0416554180048865,0.1452054794520547,57.1
SPXW260731C07720000,2026-06-05 20:01:12+00:00,7720.0,52.62,55.4,56.1,0.0,0.0,10.0,141.0,0.145060505657196,False,REGULAR,USD,2026-07-31,7406.47998046875,0.0362799978256225,call,1.042330502527249,0.1452054794520547,55.75
SPXW260731C07725000,2026-06-05 20:13:04+00:00,7725.0,63.8,54.0,54.6,18.149998,39.75903,1.0,209.0,0.1445951172447204,False,REGULAR,USD,2026-07-31,7406.47998046875,0.0362799978256225,call,1.043005587049611,0.1452054794520547,54.3
SPXW260731C07730000,2026-06-05 20:01:11+00:00,7730.0,49.98,52.6,53.2,0.0,0.0,1.0,69.0,0.1442193733215331,False,REGULAR,USD,2026-07-31,7406.47998046875,0.0362799978256225,call,1.0436806715719733,0.1452054794520547,52.900000000000006
SPXW260731C07735000,2026-06-03 20:09:01+00:00,7735.0,101.7,50.1,50.6,0.0,0.0,10.0,26.0,0.142405502910614,False,REGULAR,USD,2026-07-31,7406.47998046875,0.0362799978256225,call,1.0443557560943355,0.1452054794520547,50.35
SPXW260731C07740000,2026-06-04 17:48:33+00:00,7740.0,110.68,49.8,50.3,0.0,0.0,2.0,114.0,0.1432657085418701,False,REGULAR,USD,2026-07-31,7406.47998046875,0.0362799978256225,call,1.0450308406166977,0.1452054794520547,50.05
SPXW260731C07745000,2026-06-08 18:12:43+00:00,7745.0,51.6,48.5,49.0,-53.700005,-50.997154,6.0,53.0,0.1429223892211914,False,REGULAR,USD,2026-07-31,7406.47998046875,0.0362799978256225,call,1.04570592513906,0.1452054794520547,48.75
SPXW260731C07750000,2026-06-08 17:12:03+00:00,7750.0,48.96,47.0,47.6,-0.5400009,-1.0909109,4.0,1190.0,0.1424322055244446,False,REGULAR,USD,2026-07-31,7406.47998046875,0.0362799978256225,call,1.046381009661422,0.1452054794520547,47.3
SPXW260731C07755000,2026-06-08 14:01:17+00:00,7755.0,51.2,46.1,46.6,-55.499996,-52.01499,15.0,33.0,0.1424016882514953,False,REGULAR,USD,2026-07-31,7406.47998046875,0.0362799978256225,call,1.0470560941837843,0.1452054794520547,46.35
SPXW260731C07760000,2026-06-05 19:59:55+00:00,7760.0,44.12,43.8,44.3,0.0,0.0,1.0,17.0,0.1407404042053223,False,REGULAR,USD,2026-07-31,7406.47998046875,0.0362799978256225,call,1.0477311787061463,0.1452054794520547,44.05
SPXW260731C07765000,2026-06-05 15:55:22+00:00,7765.0,62.5,43.4,44.1,0.0,0.0,1.0,26.0,0.1416540150642395,False,REGULAR,USD,2026-07-31,7406.47998046875,0.0362799978256225,call,1.0484062632285087,0.1452054794520547,43.75
SPXW260731C07770000,2026-06-08 09:07:47+00:00,7770.0,44.21,42.2,42.7,-0.34000015,-0.76318777,2.0,195.0,0.1410474842643737,False,REGULAR,USD,2026-07-31,7406.47998046875,0.0362799978256225,call,1.049081347750871,0.1452054794520547,42.45
SPXW260731C07775000,2026-06-08 11:29:34+00:00,7775.0,49.52,41.1,41.6,1.670002,3.4900775,2.0,34.0,0.140791902103424,False,REGULAR,USD,2026-07-31,7406.47998046875,0.0362799978256225,call,1.0497564322732331,0.1452054794520547,41.35
SPXW260731C07780000,2026-06-08 13:33:18+00:00,7780.0,50.57,39.9,40.4,-25.5,-33.521755,1.0,32.0,0.1403799189186096,False,REGULAR,USD,2026-07-31,7406.47998046875,0.0362799978256225,call,1.050431516795595,0.1452054794520547,40.15
SPXW260731C07785000,2026-06-03 13:53:33+00:00,7785.0,91.8,38.6,39.2,0.0,0.0,4.0,18.0,0.1399393257904052,False,REGULAR,USD,2026-07-31,7406.47998046875,0.0362799978256225,call,1.0511066013179575,0.1452054794520547,38.900000000000006
SPXW260731C07790000,2026-06-08 14:01:17+00:00,7790.0,42.5,37.3,37.8,5.3100014,14.278035,16.0,27.0,0.1391992819213867,False,REGULAR,USD,2026-07-31,7406.47998046875,0.0362799978256225,call,1.0517816858403195,0.1452054794520547,37.55
SPXW260731C07795000,2026-05-29 15:44:20+00:00,7795.0,95.6,36.8,37.3,0.0,0.0,10.0,10.0,0.1396360603904724,False,REGULAR,USD,2026-07-31,7406.47998046875,0.0362799978256225,call,1.052456770362682,0.1452054794520547,37.05
SPXW260731C07800000,2026-06-08 19:08:19+00:00,7800.0,37.6,35.9,36.3,6.0999985,19.365076,317.0,2204.0,0.139382385559082,False,REGULAR,USD,2026-07-31,7406.47998046875,0.0362799978256225,call,1.053131854885044,0.1452054794520547,36.1
SPXW260731C07810000,2026-06-08 17:15:00+00:00,7810.0,36.45,33.6,34.1,8.41,29.992867,16.0,35.0,0.13851073595047,False,REGULAR,USD,2026-07-31,7406.47998046875,0.0362799978256225,call,1.0544820239297683,0.1452054794520547,33.85
SPXW260731C07820000,2026-06-05 19:49:33+00:00,7820.0,33.8,31.9,32.4,0.0,0.0,48.0,84.0,0.1382341731643677,False,REGULAR,USD,2026-07-31,7406.47998046875,0.0362799978256225,call,1.055832192974493,0.1452054794520547,32.15
SPXW260731C07825000,2026-06-05 16:40:18+00:00,7825.0,36.19,31.0,31.5,-5.760002,-13.730638,2.0,57.0,0.1379862203216552,False,REGULAR,USD,2026-07-31,7406.47998046875,0.0362799978256225,call,1.0565072774968551,0.1452054794520547,31.25
SPXW260731C07830000,2026-06-08 15:13:08+00:00,7830.0,39.45,30.2,30.7,8.400002,27.053144,1.0,81.0,0.1378603365707397,False,REGULAR,USD,2026-07-31,7406.47998046875,0.0362799978256225,call,1.0571823620192171,0.1452054794520547,30.45
SPXW260731C07840000,2026-06-08 15:13:08+00:00,7840.0,37.3,27.7,28.2,6.8499985,22.49589,1.0,98.0,0.1361570912742614,False,REGULAR,USD,2026-07-31,7406.47998046875,0.0362799978256225,call,1.0585325310639415,0.1452054794520547,27.95
SPXW260731C07850000,2026-06-08 14:06:06+00:00,7850.0,28.62,26.8,27.1,5.09,21.631958,14.0,1438.0,0.1364832446289062,False,REGULAR,USD,2026-07-31,7406.47998046875,0.0362799978256225,call,1.059882700108666,0.1452054794520547,26.950000000000003
SPXW260731C07860000,2026-06-04 15:19:42+00:00,7860.0,28.71,25.1,25.6,-30.89,-51.82886,2.0,54.0,0.1360941493988037,False,REGULAR,USD,2026-07-31,7406.47998046875,0.0362799978256225,call,1.0612328691533903,0.1452054794520547,25.35
SPXW260731C07870000,2026-06-05 14:35:05+00:00,7870.0,41.8,23.7,24.2,0.0,0.0,14.0,65.0,0.1357699033737182,False,REGULAR,USD,2026-07-31,7406.47998046875,0.0362799978256225,call,1.062583038198115,0.1452054794520547,23.95
SPXW260731C07875000,2026-06-08 15:14:42+00:00,7875.0,30.29,23.0,23.4,11.52,61.37453,27.0,50.0,0.1353960667800903,False,REGULAR,USD,2026-07-31,7406.47998046875,0.0362799978256225,call,1.0632581227204772,0.1452054794520547,23.2
SPXW260731C07880000,2026-06-05 18:24:18+00:00,7880.0,26.7,22.2,22.6,0.0,0.0,12.0,101.0,0.1349936202430725,False,REGULAR,USD,2026-07-31,7406.47998046875,0.0362799978256225,call,1.0639332072428394,0.1452054794520547,22.4
SPXW260731C07890000,2026-06-08 13:39:47+00:00,7890.0,24.95,21.1,21.5,2.4300003,10.79041,1.0,82.0,0.1349802689361572,False,REGULAR,USD,2026-07-31,7406.47998046875,0.0362799978256225,call,1.0652833762875638,0.1452054794520547,21.3
SPXW260731C07900000,2026-06-08 18:15:35+00:00,7900.0,21.79,19.7,20.1,0.69000053,3.2701447,60.0,1125.0,0.1343279622268677,False,REGULAR,USD,2026-07-31,7406.47998046875,0.0362799978256225,call,1.0666335453322884,0.1452054794520547,19.9
SPXW260731C07910000,2026-06-05 14:10:51+00:00,7910.0,33.36,18.6,19.0,0.0,0.0,3.0,41.0,0.1341219706344604,False,REGULAR,USD,2026-07-31,7406.47998046875,0.0362799978256225,call,1.0679837143770128,0.1452054794520547,18.8
SPXW260731C07920000,2026-06-05 16:06:48+00:00,7920.0,25.75,17.5,17.8,0.0,0.0,2.0,115.0,0.133622250289917,False,REGULAR,USD,2026-07-31,7406.47998046875,0.0362799978256225,call,1.0693338834217372,0.1452054794520547,17.65
SPXW260731C07925000,2026-06-05 20:05:17+00:00,7925.0,14.83,16.9,17.2,0.0,0.0,12.0,276.0,0.1333285215377807,False,REGULAR,USD,2026-07-31,7406.47998046875,0.0362799978256225,call,1.0700089679440994,0.1452054794520547,17.049999999999997
SPXW260731C07930000,2026-06-05 19:55:39+00:00,7930.0,17.3,16.3,16.7,0.0,0.0,32.0,86.0,0.1332102671051025,False,REGULAR,USD,2026-07-31,7406.47998046875,0.0362799978256225,call,1.0706840524664616,0.1452054794520547,16.5
SPXW260731C07940000,2026-06-05 19:00:27+00:00,7940.0,20.0,15.4,15.7,3.459999,20.918978,10.0,123.0,0.132897465057373,False,REGULAR,USD,2026-07-31,7406.47998046875,0.0362799978256225,call,1.072034221511186,0.1452054794520547,15.55
SPXW260731C07950000,2026-06-08 15:24:40+00:00,7950.0,15.6,14.4,14.7,4.0,34.482758,315.0,384.0,0.1324816672134399,False,REGULAR,USD,2026-07-31,7406.47998046875,0.0362799978256225,call,1.0733843905559104,0.1452054794520547,14.55
SPXW260731C07960000,2026-06-08 18:41:04+00:00,7960.0,14.7,13.5,13.8,-3.1799994,-17.785233,29.0,97.0,0.1321764944839478,False,REGULAR,USD,2026-07-31,7406.47998046875,0.0362799978256225,call,1.0747345596006348,0.1452054794520547,13.65
SPXW260731C07970000,2026-06-08 16:24:32+00:00,7970.0,15.5,12.7,13.1,-8.6,-35.68465,2.0,19.0,0.1322489730072021,False,REGULAR,USD,2026-07-31,7406.47998046875,0.0362799978256225,call,1.0760847286453592,0.1452054794520547,12.9
SPXW260731C07975000,2026-06-08 18:38:42+00:00,7975.0,13.71,12.2,12.6,-7.8,-36.262203,6.0,84.0,0.1318865803909302,False,REGULAR,USD,2026-07-31,7406.47998046875,0.0362799978256225,call,1.0767598131677214,0.1452054794520547,12.4
SPXW260731C07980000,2026-06-08 15:06:35+00:00,7980.0,13.2,11.8,12.1,0.5999994,4.7619,6.0,197.0,0.1314936705017089,False,REGULAR,USD,2026-07-31,7406.47998046875,0.0362799978256225,call,1.0774348976900836,0.1452054794520547,11.95
SPXW260731C07990000,2026-06-05 20:08:03+00:00,7990.0,9.7,11.0,11.4,0.0,0.0,5.0,47.0,0.1313716014099121,False,REGULAR,USD,2026-07-31,7406.47998046875,0.0362799978256225,call,1.078785066734808,0.1452054794520547,11.2
SPXW260731C08000000,2026-06-08 18:42:47+00:00,8000.0,11.56,10.5,10.7,0.3600006,3.2142913,85.0,1816.0,0.1311579804992675,False,REGULAR,USD,2026-07-31,7406.47998046875,0.0362799978256225,call,1.0801352357795324,0.1452054794520547,10.6
SPXW260731C08010000,2026-06-08 13:49:55+00:00,8010.0,11.65,9.4,9.8,0.6499996,5.9090877,22.0,121.0,0.1302729795837401,False,REGULAR,USD,2026-07-31,7406.47998046875,0.0362799978256225,call,1.0814854048242568,0.1452054794520547,9.6
SPXW260731C08020000,2026-06-08 15:06:35+00:00,8020.0,12.7,9.0,9.4,-14.910001,-54.00218,1.0,111.0,0.1307116653823852,False,REGULAR,USD,2026-07-31,7406.47998046875,0.0362799978256225,call,1.0828355738689812,0.1452054794520547,9.2
SPXW260731C08025000,2026-06-08 13:48:08+00:00,8025.0,11.23,8.7,9.1,1.6799994,17.591616,3.0,9.0,0.1306124842453002,False,REGULAR,USD,2026-07-31,7406.47998046875,0.0362799978256225,call,1.0835106583913434,0.1452054794520547,8.899999999999999
SPXW260731C08030000,2026-06-05 14:07:17+00:00,8030.0,15.05,8.4,8.8,0.0,0.0,8.0,23.0,0.1304866004943847,False,REGULAR,USD,2026-07-31,7406.47998046875,0.0362799978256225,call,1.0841857429137056,0.1452054794520547,8.600000000000001
SPXW260731C08040000,2026-06-05 20:12:02+00:00,8040.0,6.32,7.9,8.3,0.0,0.0,1.0,12.0,0.1304789711761474,False,REGULAR,USD,2026-07-31,7406.47998046875,0.0362799978256225,call,1.08553591195843,0.1452054794520547,8.100000000000001
SPXW260731C08050000,2026-06-08 14:14:13+00:00,8050.0,8.9,7.2,7.6,0.9699998,12.232028,11.0,64.0,0.129716039352417,False,REGULAR,USD,2026-07-31,7406.47998046875,0.0362799978256225,call,1.0868860810031544,0.1452054794520547,7.4
SPXW260731C08060000,2026-06-05 18:03:27+00:00,8060.0,9.06,6.9,7.3,0.0,0.0,10.0,53.0,0.1302119450378417,False,REGULAR,USD,2026-07-31,7406.47998046875,0.0362799978256225,call,1.0882362500478788,0.1452054794520547,7.1
SPXW260731C08070000,2026-05-26 15:29:29+00:00,8070.0,25.83,6.5,6.9,0.0,0.0,10.0,72.0,0.1302958675384521,False,REGULAR,USD,2026-07-31,7406.47998046875,0.0362799978256225,call,1.0895864190926032,0.1452054794520547,6.7
SPXW260731C08075000,2026-06-05 19:59:10+00:00,8075.0,6.51,6.2,6.5,0.0,0.0,4.0,57.0,0.1295558236694335,False,REGULAR,USD,2026-07-31,7406.47998046875,0.0362799978256225,call,1.0902615036149654,0.1452054794520547,6.35
SPXW260731C08080000,2026-06-05 13:47:45+00:00,8080.0,10.67,6.0,6.3,0.0,0.0,1.0,140.0,0.1295329357147217,False,REGULAR,USD,2026-07-31,7406.47998046875,0.0362799978256225,call,1.090936588137328,0.1452054794520547,6.15
SPXW260731C08090000,2026-06-05 20:05:37+00:00,8090.0,5.0,5.5,5.9,0.0,0.0,9.0,91.0,0.1294261252593994,False,REGULAR,USD,2026-07-31,7406.47998046875,0.0362799978256225,call,1.0922867571820525,0.1452054794520547,5.7
SPXW260731C08100000,2026-06-08 18:18:36+00:00,8100.0,6.1,5.2,5.6,1.0,19.607843,54.0,2215.0,0.1296473754882812,False,REGULAR,USD,2026-07-31,7406.47998046875,0.0362799978256225,call,1.0936369262267769,0.1452054794520547,5.4
SPXW260731C08125000,2026-06-08 16:33:01+00:00,8125.0,5.57,4.5,4.8,0.6700001,13.6734705,1.0,60.0,0.1296702634429931,False,REGULAR,USD,2026-07-31,7406.47998046875,0.0362799978256225,call,1.0970123488385877,0.1452054794520547,4.65
SPXW260731C08150000,2026-06-08 18:42:47+00:00,8150.0,4.41,3.8,4.1,0.25999975,6.265054,30.0,118.0,0.1296778927612304,False,REGULAR,USD,2026-07-31,7406.47998046875,0.0362799978256225,call,1.100387771450399,0.1452054794520547,3.95
SPXW260731C08175000,2026-06-05 14:38:44+00:00,8175.0,6.13,3.3,3.5,0.0,0.0,1.0,140.0,0.1297236686706542,False,REGULAR,USD,2026-07-31,7406.47998046875,0.0362799978256225,call,1.1037631940622097,0.1452054794520547,3.4
SPXW260731C08200000,2026-06-08 13:57:32+00:00,8200.0,3.52,2.85,3.1,1.3199999,60.0,3.0,22943.0,0.1305476350402831,False,REGULAR,USD,2026-07-31,7406.47998046875,0.0362799978256225,call,1.1071386166740207,0.1452054794520547,2.975
SPXW260731C08225000,2026-06-08 16:33:01+00:00,8225.0,2.97,2.4,2.6,0.45000005,17.857145,1.0,50.0,0.130318755493164,False,REGULAR,USD,2026-07-31,7406.47998046875,0.0362799978256225,call,1.1105140392858317,0.1452054794520547,2.5
SPXW260731C08250000,2026-06-08 16:34:21+00:00,8250.0,2.52,2.05,2.25,0.31999993,14.545451,10.0,73.0,0.1307307386779785,False,REGULAR,USD,2026-07-31,7406.47998046875,0.0362799978256225,call,1.1138894618976427,0.1452054794520547,2.15
SPXW260731C08275000,2026-06-05 19:59:10+00:00,8275.0,1.92,1.8,2.05,0.0,0.0,5.0,92.0,0.1320887573242187,False,REGULAR,USD,2026-07-31,7406.47998046875,0.0362799978256225,call,1.117264884509454,0.1452054794520547,1.925
SPXW260731C08300000,2026-06-08 14:24:37+00:00,8300.0,1.9,1.55,1.7,0.6,46.15385,61.0,14971.0,0.1317530673217773,False,REGULAR,USD,2026-07-31,7406.47998046875,0.0362799978256225,call,1.120640307121265,0.1452054794520547,1.625
SPXW260731C08325000,2026-06-02 15:22:18+00:00,8325.0,6.3,1.4,1.55,0.0,0.0,4.0,14.0,0.1331110859680175,False,REGULAR,USD,2026-07-31,7406.47998046875,0.0362799978256225,call,1.124015729733076,0.1452054794520547,1.475
SPXW260731C08350000,2026-06-05 16:35:46+00:00,8350.0,1.62,1.2,1.4,0.0,0.0,2.0,129.0,0.1342860009765625,False,REGULAR,USD,2026-07-31,7406.47998046875,0.0362799978256225,call,1.127391152344887,0.1452054794520547,1.2999999999999998
SPXW260731C08375000,2026-06-08 15:48:57+00:00,8375.0,1.42,1.1,1.25,-1.0300001,-42.040817,10.0,2203.0,0.1352320364379883,False,REGULAR,USD,2026-07-31,7406.47998046875,0.0362799978256225,call,1.130766574956698,0.1452054794520547,1.175
SPXW260731C08400000,2026-06-08 19:09:18+00:00,8400.0,1.05,0.95,1.1,-0.1500001,-12.500008,47.0,33629.0,0.1359339337158203,False,REGULAR,USD,2026-07-31,7406.47998046875,0.0362799978256225,call,1.134141997568509,0.1452054794520547,1.025
SPXW260731C08425000,2026-06-05 19:48:49+00:00,8425.0,1.05,0.85,1.0,0.0,0.0,4.0,2.0,0.137154624633789,False,REGULAR,USD,2026-07-31,7406.47998046875,0.0362799978256225,call,1.13751742018032,0.1452054794520547,0.925
SPXW260731C08450000,2026-06-08 15:48:57+00:00,8450.0,1.01,0.75,0.9,-1.8399999,-64.5614,20.0,4000.0,0.1381922119140625,False,REGULAR,USD,2026-07-31,7406.47998046875,0.0362799978256225,call,1.1408928427921312,0.1452054794520547,0.825
SPXW260731C08475000,2026-06-05 18:12:41+00:00,8475.0,0.8,0.65,0.85,0.0,0.0,1.0,11.0,0.1399927310180664,False,REGULAR,USD,2026-07-31,7406.47998046875,0.0362799978256225,call,1.1442682654039422,0.1452054794520547,0.75
SPXW260731C08500000,2026-06-08 15:05:36+00:00,8500.0,0.8,0.6,0.8,0.100000024,14.285717,4.0,25138.0,0.1417016983032226,False,REGULAR,USD,2026-07-31,7406.47998046875,0.0362799978256225,call,1.1476436880157532,0.1452054794520547,0.7
SPXW260731C08800000,2026-06-04 13:48:59+00:00,8800.0,0.44,0.3,0.4,0.0,0.0,1.0,4144.0,0.1608970629882812,False,REGULAR,USD,2026-07-31,7406.47998046875,0.0362799978256225,call,1.1881487593574858,0.1452054794520547,0.35
SPXW260807C07350000,2026-06-08 09:09:17+00:00,7350.0,272.0,255.3,256.2,38.100006,16.289015,2.0,21.0,0.1883492573356628,True,REGULAR,USD,2026-08-07,7406.47998046875,0.0362799978256225,call,0.9923742478724454,0.1643835616438356,255.75
SPXW260807C07400000,2026-06-08 18:01:54+00:00,7400.0,233.3,221.2,222.0,8.770004,3.9059389,2.0,2.0,0.181014621515274,True,REGULAR,USD,2026-08-07,7406.47998046875,0.0362799978256225,call,0.9991250930960676,0.1643835616438356,221.6
SPXW260807C07425000,2026-06-08 12:20:34+00:00,7425.0,222.6,204.3,205.2,13.820007,6.6194115,3.0,7.0,0.1770654956626892,False,REGULAR,USD,2026-08-07,7406.47998046875,0.0362799978256225,call,1.0025005157078786,0.1643835616438356,204.75
SPXW260807C07450000,2026-06-05 16:49:05+00:00,7450.0,220.4,188.4,189.3,0.0,0.0,52.0,27.0,0.1734816234207153,False,REGULAR,USD,2026-08-07,7406.47998046875,0.0362799978256225,call,1.0058759383196896,0.1643835616438356,188.85
SPXW260807C07475000,2026-06-08 12:18:49+00:00,7475.0,195.0,173.7,174.5,11.199997,6.0935783,1.0,4.0,0.1704051008415222,False,REGULAR,USD,2026-08-07,7406.47998046875,0.0362799978256225,call,1.0092513609315006,0.1643835616438356,174.1
SPXW260807C07480000,2026-06-05 15:56:37+00:00,7480.0,198.4,170.9,171.8,-17.51001,-8.109865,1.0,1.0,0.1699549710655212,False,REGULAR,USD,2026-08-07,7406.47998046875,0.0362799978256225,call,1.0099264454538628,0.1643835616438356,171.35000000000002
SPXW260807C07500000,2026-06-05 17:56:17+00:00,7500.0,189.81,162.6,163.3,0.0,0.0,26.0,23.0,0.1699149171447754,False,REGULAR,USD,2026-08-07,7406.47998046875,0.0362799978256225,call,1.0126267835433116,0.1643835616438356,162.95
SPXW260807C07510000,2026-06-05 15:00:40+00:00,7510.0,213.0,156.9,157.7,0.0,0.0,13.0,13.0,0.1686675236129761,False,REGULAR,USD,2026-08-07,7406.47998046875,0.0362799978256225,call,1.013976952588036,0.1643835616438356,157.3
SPXW260807C07520000,2026-06-08 16:19:39+00:00,7520.0,170.12,149.0,150.0,-21.090012,-11.029764,1.0,16.0,0.165579557056427,False,REGULAR,USD,2026-08-07,7406.47998046875,0.0362799978256225,call,1.0153271216327604,0.1643835616438356,149.5
SPXW260807C07525000,2026-06-05 15:41:43+00:00,7525.0,185.55,148.8,149.7,0.0,0.0,3.0,3.0,0.1669995639133453,False,REGULAR,USD,2026-08-07,7406.47998046875,0.0362799978256225,call,1.0160022061551226,0.1643835616438356,149.25
SPXW260807C07530000,2026-06-05 14:28:00+00:00,7530.0,196.26,146.3,147.0,0.0,0.0,5.0,5.0,0.1663787281417847,False,REGULAR,USD,2026-08-07,7406.47998046875,0.0362799978256225,call,1.0166772906774848,0.1643835616438356,146.65
SPXW260807C07540000,2026-06-05 16:45:57+00:00,7540.0,164.45,141.0,141.8,0.0,0.0,2.0,2.0,0.1652534037017822,False,REGULAR,USD,2026-08-07,7406.47998046875,0.0362799978256225,call,1.0180274597222092,0.1643835616438356,141.4
SPXW260807C07550000,2026-06-08 18:39:08+00:00,7550.0,142.38,133.8,134.7,17.090004,13.640357,1.0,5.0,0.1624267412948608,False,REGULAR,USD,2026-08-07,7406.47998046875,0.0362799978256225,call,1.0193776287669338,0.1643835616438356,134.25
SPXW260807C07570000,2026-06-08 15:09:43+00:00,7570.0,148.9,123.9,124.8,-64.880005,-30.348959,3.0,26.0,0.1602027950286865,False,REGULAR,USD,2026-08-07,7406.47998046875,0.0362799978256225,call,1.0220779668563826,0.1643835616438356,124.35
SPXW260807C07580000,2026-06-08 09:34:50+00:00,7580.0,124.35,121.5,122.2,-32.370003,-20.654673,2.0,2.0,0.1610191320800781,False,REGULAR,USD,2026-08-07,7406.47998046875,0.0362799978256225,call,1.023428135901107,0.1643835616438356,121.85
SPXW260807C07590000,2026-06-08 15:09:43+00:00,7590.0,138.55,116.7,117.5,-71.45,-34.023808,3.0,1.0,0.1599395835494995,False,REGULAR,USD,2026-08-07,7406.47998046875,0.0362799978256225,call,1.0247783049458314,0.1643835616438356,117.1
SPXW260807C07600000,2026-06-05 20:13:58+00:00,7600.0,99.1,112.1,112.7,0.0,0.0,6.0,82.0,0.1586902826881409,False,REGULAR,USD,2026-08-07,7406.47998046875,0.0362799978256225,call,1.0261284739905558,0.1643835616438356,112.4
SPXW260807C07610000,2026-06-05 16:45:57+00:00,7610.0,128.25,106.8,107.5,0.0,0.0,4.0,2.0,0.1569965740394592,False,REGULAR,USD,2026-08-07,7406.47998046875,0.0362799978256225,call,1.0274786430352802,0.1643835616438356,107.15
SPXW260807C07620000,2026-06-05 17:55:07+00:00,7620.0,124.78,103.5,104.4,0.0,0.0,1.0,1.0,0.1570995698356628,False,REGULAR,USD,2026-08-07,7406.47998046875,0.0362799978256225,call,1.0288288120800049,0.1643835616438356,103.95
SPXW260807C07640000,2026-06-08 09:34:50+00:00,7640.0,98.08,95.6,96.3,-6.689995,-6.3854113,2.0,3.0,0.1553677145957946,False,REGULAR,USD,2026-08-07,7406.47998046875,0.0362799978256225,call,1.0315291501694537,0.1643835616438356,95.95
SPXW260807C07650000,2026-06-05 18:28:23+00:00,7650.0,101.09,91.2,91.9,0.0,0.0,3.0,6.0,0.1540516571998596,False,REGULAR,USD,2026-08-07,7406.47998046875,0.0362799978256225,call,1.032879319214178,0.1643835616438356,91.55
SPXW260807C07670000,2026-06-05 16:45:57+00:00,7670.0,101.25,82.1,82.8,0.0,0.0,2.0,35.0,0.1508339922332764,False,REGULAR,USD,2026-08-07,7406.47998046875,0.0362799978256225,call,1.0355796573036269,0.1643835616438356,82.44999999999999
SPXW260807C07675000,2026-06-05 19:33:57+00:00,7675.0,81.86,81.9,82.7,0.0,0.0,207.0,167.0,0.1520508684921264,False,REGULAR,USD,2026-08-07,7406.47998046875,0.0362799978256225,call,1.0362547418259889,0.1643835616438356,82.30000000000001
SPXW260807C07680000,2026-06-08 15:32:25+00:00,7680.0,90.88,80.2,81.0,-10.690002,-10.524764,1.0,5.0,0.151720900478363,False,REGULAR,USD,2026-08-07,7406.47998046875,0.0362799978256225,call,1.036929826348351,0.1643835616438356,80.6
SPXW260807C07700000,2026-06-08 15:32:25+00:00,7700.0,83.38,73.2,74.1,10.139999,13.844893,2.0,195.0,0.1500882263755798,False,REGULAR,USD,2026-08-07,7406.47998046875,0.0362799978256225,call,1.0396301644378,0.1643835616438356,73.65
SPXW260807C07725000,2026-06-08 18:39:40+00:00,7725.0,68.77,64.8,65.5,6.449997,10.349803,7.0,34.0,0.147545756072998,False,REGULAR,USD,2026-08-07,7406.47998046875,0.0362799978256225,call,1.043005587049611,0.1643835616438356,65.15
SPXW260807C07750000,2026-06-08 18:39:08+00:00,7750.0,61.74,57.9,58.4,-62.459995,-50.289852,2.0,8.0,0.1459703018569946,False,REGULAR,USD,2026-08-07,7406.47998046875,0.0362799978256225,call,1.046381009661422,0.1643835616438356,58.15
SPXW260807C07775000,2026-06-08 18:22:21+00:00,7775.0,55.4,51.0,51.6,2.5,4.725898,9.0,27.0,0.1441468947982788,False,REGULAR,USD,2026-08-07,7406.47998046875,0.0362799978256225,call,1.0497564322732331,0.1643835616438356,51.3
SPXW260807C07800000,2026-06-08 17:25:42+00:00,7800.0,47.2,45.1,45.8,6.700001,16.543211,3.0,18.0,0.1428842426300049,False,REGULAR,USD,2026-08-07,7406.47998046875,0.0362799978256225,call,1.053131854885044,0.1643835616438356,45.45
SPXW260807C07850000,2026-06-08 18:07:01+00:00,7850.0,38.7,33.9,34.7,-4.419998,-10.25046,910.0,13.0,0.1391649499893189,False,REGULAR,USD,2026-08-07,7406.47998046875,0.0362799978256225,call,1.059882700108666,0.1643835616438356,34.3
SPXW260807C07875000,2026-06-05 18:57:06+00:00,7875.0,36.79,29.9,30.4,4.6900024,14.6106,1.0,5.0,0.1380358108901977,False,REGULAR,USD,2026-08-07,7406.47998046875,0.0362799978256225,call,1.0632581227204772,0.1643835616438356,30.15
SPXW260807C07900000,2026-06-08 15:33:27+00:00,7900.0,27.71,26.3,26.8,-0.5300007,-1.876773,6.0,1.0,0.1373682455444336,False,REGULAR,USD,2026-08-07,7406.47998046875,0.0362799978256225,call,1.0666335453322884,0.1643835616438356,26.55
SPXW260807C07950000,2026-06-08 18:39:08+00:00,7950.0,21.7,19.6,20.3,-1.3899994,-6.0199194,17.0,33.0,0.135499062576294,False,REGULAR,USD,2026-08-07,7406.47998046875,0.0362799978256225,call,1.0733843905559104,0.1643835616438356,19.950000000000003
SPXW260807C08000000,2026-06-08 19:08:58+00:00,8000.0,15.6,14.5,14.9,-1.6000004,-9.302327,27.0,21.0,0.1332407843780517,False,REGULAR,USD,2026-08-07,7406.47998046875,0.0362799978256225,call,1.0801352357795324,0.1643835616438356,14.7
SPXW260807C08050000,2026-06-08 15:43:07+00:00,8050.0,13.7,10.8,11.2,-5.9299994,-30.208862,19.0,2.0,0.1323481541442871,False,REGULAR,USD,2026-08-07,7406.47998046875,0.0362799978256225,call,1.0868860810031544,0.1643835616438356,11.0
SPXW260807C08100000,2026-06-08 13:44:18+00:00,8100.0,10.3,8.0,8.5,3.3600001,48.414986,4.0,14.0,0.132096386642456,False,REGULAR,USD,2026-08-07,7406.47998046875,0.0362799978256225,call,1.0936369262267769,0.1643835616438356,8.25
SPXW260807C08150000,2026-06-08 16:30:38+00:00,8150.0,7.1,5.8,6.1,-0.4000001,-5.3333344,9.0,2.0,0.1307459973144531,False,REGULAR,USD,2026-08-07,7406.47998046875,0.0362799978256225,call,1.100387771450399,0.1643835616438356,5.949999999999999
SPXW260807C08200000,2026-06-08 15:33:07+00:00,8200.0,5.4,4.3,4.6,1.6600001,44.38503,2.0,59.0,0.1308985836791992,False,REGULAR,USD,2026-08-07,7406.47998046875,0.0362799978256225,call,1.1071386166740207,0.1643835616438356,4.449999999999999
SPXW260807C08250000,2026-06-05 19:41:16+00:00,8250.0,3.65,3.2,3.5,0.35000014,10.606066,1.0,42.0,0.131394489364624,False,REGULAR,USD,2026-08-07,7406.47998046875,0.0362799978256225,call,1.1138894618976427,0.1643835616438356,3.35
SPXW260807C08300000,2026-06-08 17:55:15+00:00,8300.0,2.82,2.5,2.7,0.52,22.608696,3.0,2500.0,0.1322566023254394,False,REGULAR,USD,2026-08-07,7406.47998046875,0.0362799978256225,call,1.120640307121265,0.1643835616438356,2.6
SPXW260807C08350000,2026-06-08 17:17:22+00:00,8350.0,2.2,1.95,2.15,0.10000014,4.761912,5313.0,4.0,0.1337519486999511,False,REGULAR,USD,2026-08-07,7406.47998046875,0.0362799978256225,call,1.127391152344887,0.1643835616438356,2.05
SPXW260807C08500000,2026-06-05 19:24:42+00:00,8500.0,1.02,1.0,1.15,0.0,0.0,60.0,2800.0,0.1390466955566406,False,REGULAR,USD,2026-08-07,7406.47998046875,0.0362799978256225,call,1.1476436880157532,0.1643835616438356,1.075
SPXW260807C08600000,2026-06-08 17:17:22+00:00,8600.0,0.78,0.65,0.85,0.27999997,55.999992,5300.0,2602.0,0.1442041146850585,False,REGULAR,USD,2026-08-07,7406.47998046875,0.0362799978256225,call,1.1611453784629973,0.1643835616438356,0.75
SPX260821C07335000,2026-06-05 19:55:10+00:00,7335.0,291.4,287.3,288.6,0.0,0.0,9.0,10.0,0.1881623390388488,True,REGULAR,USD,2026-08-21,7406.47998046875,0.0362799978256225,call,0.9903489943053588,0.2027397260273972,287.95000000000005
SPXW260821C07340000,2026-05-28 19:47:27+00:00,7340.0,406.8,288.4,289.2,0.0,0.0,5.0,17.0,0.1906056282043457,True,REGULAR,USD,2026-08-21,7406.47998046875,0.0362799978256225,call,0.991024078827721,0.2027397260273972,288.79999999999995
SPXW260821C07345000,2026-06-05 07:42:50+00:00,7345.0,379.7,285.0,285.8,0.0,0.0,3.0,16.0,0.1900143560409546,True,REGULAR,USD,2026-08-21,7406.47998046875,0.0362799978256225,call,0.9916991633500832,0.2027397260273972,285.4
SPXW260821C07350000,2026-06-05 19:08:04+00:00,7350.0,280.1,278.7,279.6,0.0,0.0,24.0,166.0,0.1873040407371521,True,REGULAR,USD,2026-08-21,7406.47998046875,0.0362799978256225,call,0.9923742478724454,0.2027397260273972,279.15
SPXW260821C07355000,2026-06-05 07:42:50+00:00,7355.0,372.1,275.1,275.7,0.0,0.0,3.0,28.0,0.1863189050197601,True,REGULAR,USD,2026-08-21,7406.47998046875,0.0362799978256225,call,0.9930493323948076,0.2027397260273972,275.4
SPXW260821C07360000,2026-05-29 14:50:37+00:00,7360.0,390.2,275.0,275.6,0.0,0.0,3.0,29.0,0.1881795050048827,True,REGULAR,USD,2026-08-21,7406.47998046875,0.0362799978256225,call,0.9937244169171698,0.2027397260273972,275.3
SPX260821C07370000,2026-06-05 19:56:13+00:00,7370.0,269.9,263.9,265.0,0.0,0.0,52.0,96.0,0.1840501365089416,True,REGULAR,USD,2026-08-21,7406.47998046875,0.0362799978256225,call,0.9950745859618942,0.2027397260273972,264.45
SPX260821C07375000,2026-06-08 16:52:16+00:00,7375.0,279.7,260.6,261.7,-37.899994,-11.933248,2.0,2060.0,0.1834722156524658,True,REGULAR,USD,2026-08-21,7406.47998046875,0.0362799978256225,call,0.9957496704842564,0.2027397260273972,261.15
SPXW260821C07380000,2026-05-29 16:57:50+00:00,7380.0,382.7,261.8,262.5,0.0,0.0,3.0,7.0,0.1859555587387084,True,REGULAR,USD,2026-08-21,7406.47998046875,0.0362799978256225,call,0.9964247550066186,0.2027397260273972,262.15
SPXW260821C07385000,2026-06-05 18:46:59+00:00,7385.0,264.6,258.2,259.3,0.0,0.0,1.0,5.0,0.1854291357803344,True,REGULAR,USD,2026-08-21,7406.47998046875,0.0362799978256225,call,0.9970998395289808,0.2027397260273972,258.75
SPXW260821C07390000,2026-06-05 15:14:36+00:00,7390.0,312.07,252.3,253.2,0.0,0.0,1.0,34.0,0.1827188204765319,True,REGULAR,USD,2026-08-21,7406.47998046875,0.0362799978256225,call,0.997774924051343,0.2027397260273972,252.75
SPXW260821C07395000,2026-06-04 08:58:22+00:00,7395.0,335.0,252.0,252.8,0.0,0.0,5.0,9.0,0.1842637574195861,True,REGULAR,USD,2026-08-21,7406.47998046875,0.0362799978256225,call,0.9984500085737052,0.2027397260273972,252.4
SPXW260821C07400000,2026-06-08 16:36:41+00:00,7400.0,254.8,248.4,249.2,27.5,12.098548,51.0,265.0,0.18340355178833,True,REGULAR,USD,2026-08-21,7406.47998046875,0.0362799978256225,call,0.9991250930960676,0.2027397260273972,248.8
SPXW260821C07405000,2026-06-05 20:01:49+00:00,7405.0,229.57,242.4,243.3,0.0,0.0,1.0,22.0,0.1808124445819854,True,REGULAR,USD,2026-08-21,7406.47998046875,0.0362799978256225,call,0.9998001776184297,0.2027397260273972,242.85
SPX260821C07410000,2026-06-05 19:54:18+00:00,7410.0,243.2,238.2,239.5,0.0,0.0,15.0,34.0,0.1797796256256103,False,REGULAR,USD,2026-08-21,7406.47998046875,0.0362799978256225,call,1.000475262140792,0.2027397260273972,238.85
SPX260821C07415000,2026-06-05 19:57:45+00:00,7415.0,237.3,234.9,236.1,0.0,0.0,1.0,15.0,0.1790348134326934,False,REGULAR,USD,2026-08-21,7406.47998046875,0.0362799978256225,call,1.0011503466631542,0.2027397260273972,235.5
SPX260821C07420000,2026-06-05 19:18:52+00:00,7420.0,241.48,234.8,236.0,13.669998,6.0006137,4.0,104.0,0.1807409197235107,False,REGULAR,USD,2026-08-21,7406.47998046875,0.0362799978256225,call,1.0018254311855164,0.2027397260273972,235.4
SPX260821C07425000,2026-06-08 16:36:39+00:00,7425.0,246.9,228.8,230.1,23.179993,10.361162,3.0,715.0,0.1781049902725219,False,REGULAR,USD,2026-08-21,7406.47998046875,0.0362799978256225,call,1.0025005157078786,0.2027397260273972,229.45
SPX260821C07430000,2026-06-05 18:40:05+00:00,7430.0,240.79,226.0,227.2,0.0,0.0,10.0,113.0,0.1776968217468261,False,REGULAR,USD,2026-08-21,7406.47998046875,0.0362799978256225,call,1.0031756002302408,0.2027397260273972,226.6
SPX260821C07435000,2026-06-08 18:09:33+00:00,7435.0,237.1,224.6,225.7,-12.899994,-5.1599975,5.0,43.0,0.1783205185127258,False,REGULAR,USD,2026-08-21,7406.47998046875,0.0362799978256225,call,1.003850684752603,0.2027397260273972,225.15
SPXW260821C07440000,2026-06-08 17:17:07+00:00,7440.0,230.63,223.8,224.6,-14.659988,-5.9765944,3.0,74.0,0.179231268377304,False,REGULAR,USD,2026-08-21,7406.47998046875,0.0362799978256225,call,1.0045257692749652,0.2027397260273972,224.2
SPX260821C07445000,2026-06-04 13:47:12+00:00,7445.0,302.3,219.3,220.4,0.0,0.0,2.0,28.0,0.1778150761795044,False,REGULAR,USD,2026-08-21,7406.47998046875,0.0362799978256225,call,1.0052008537973274,0.2027397260273972,219.85
SPX260821C07450000,2026-06-08 16:22:26+00:00,7450.0,237.4,213.8,214.9,40.509995,20.574938,79.0,3059.0,0.175415655593872,False,REGULAR,USD,2026-08-21,7406.47998046875,0.0362799978256225,call,1.0058759383196896,0.2027397260273972,214.35
SPX260821C07455000,2026-06-05 16:59:50+00:00,7455.0,230.0,210.7,211.9,-18.300003,-7.3701177,1.0,79.0,0.1748682520103454,False,REGULAR,USD,2026-08-21,7406.47998046875,0.0362799978256225,call,1.0065510228420518,0.2027397260273972,211.3
SPX260821C07460000,2026-06-05 19:59:42+00:00,7460.0,207.41,210.1,211.2,0.0,0.0,231.0,337.0,0.1760288620471954,False,REGULAR,USD,2026-08-21,7406.47998046875,0.0362799978256225,call,1.007226107364414,0.2027397260273972,210.65
SPXW260821C07465000,2026-05-27 17:07:38+00:00,7465.0,281.6,206.0,206.6,0.0,0.0,6.0,4.0,0.1742617212104797,False,REGULAR,USD,2026-08-21,7406.47998046875,0.0362799978256225,call,1.0079011918867762,0.2027397260273972,206.3
SPX260821C07470000,2026-06-05 18:12:46+00:00,7470.0,226.8,202.2,203.1,0.0,0.0,5.0,95.0,0.1733023344421386,False,REGULAR,USD,2026-08-21,7406.47998046875,0.0362799978256225,call,1.0085762764091384,0.2027397260273972,202.65
SPXW260821C07475000,2026-06-08 15:46:31+00:00,7475.0,226.58,201.7,202.6,-106.34001,-31.941608,1.0,287.0,0.1745745232582092,False,REGULAR,USD,2026-08-21,7406.47998046875,0.0362799978256225,call,1.0092513609315006,0.2027397260273972,202.15
SPX260821C07480000,2026-06-08 14:50:10+00:00,7480.0,219.7,198.9,200.0,18.869995,9.396004,1.0,67.0,0.174263628540039,False,REGULAR,USD,2026-08-21,7406.47998046875,0.0362799978256225,call,1.0099264454538628,0.2027397260273972,199.45
SPX260821C07485000,2026-06-05 19:57:23+00:00,7485.0,197.4,193.1,194.3,0.0,0.0,19.0,44.0,0.1716162551116943,False,REGULAR,USD,2026-08-21,7406.47998046875,0.0362799978256225,call,1.010601529976225,0.2027397260273972,193.7
SPX260821C07490000,2026-06-08 14:24:55+00:00,7490.0,212.4,190.5,191.6,21.5,11.262442,4.0,122.0,0.1712023645973205,False,REGULAR,USD,2026-08-21,7406.47998046875,0.0362799978256225,call,1.0112766144985872,0.2027397260273972,191.05
SPX260821C07495000,2026-06-08 18:58:27+00:00,7495.0,197.1,187.5,188.6,-5.899994,-2.906401,44.0,55.0,0.1705491042232513,False,REGULAR,USD,2026-08-21,7406.47998046875,0.0362799978256225,call,1.0119516990209494,0.2027397260273972,188.05
SPXW260821C07500000,2026-06-08 15:14:42+00:00,7500.0,214.6,188.7,189.4,28.51001,15.320549,15.0,251.0,0.1727396722221374,False,REGULAR,USD,2026-08-21,7406.47998046875,0.0362799978256225,call,1.0126267835433116,0.2027397260273972,189.05
SPXW260821C07505000,2026-06-08 17:17:07+00:00,7505.0,191.91,185.4,186.2,-97.69,-33.732735,3.0,18.0,0.1719118911933899,False,REGULAR,USD,2026-08-21,7406.47998046875,0.0362799978256225,call,1.0133018680656738,0.2027397260273972,185.8
SPXW260821C07510000,2026-06-05 19:30:27+00:00,7510.0,184.29,182.0,182.8,0.0,0.0,2.0,81.0,0.1709181724929809,False,REGULAR,USD,2026-08-21,7406.47998046875,0.0362799978256225,call,1.013976952588036,0.2027397260273972,182.4
SPXW260821C07515000,2026-06-05 13:52:32+00:00,7515.0,238.5,180.3,181.0,0.0,0.0,1.0,5.0,0.1711165347671508,False,REGULAR,USD,2026-08-21,7406.47998046875,0.0362799978256225,call,1.0146520371103982,0.2027397260273972,180.65
SPXW260821C07520000,2026-06-04 19:17:45+00:00,7520.0,286.05,177.4,178.1,0.0,0.0,3.0,41.0,0.1704718573760986,False,REGULAR,USD,2026-08-21,7406.47998046875,0.0362799978256225,call,1.0153271216327604,0.2027397260273972,177.75
SPXW260821C07525000,2026-06-05 19:51:16+00:00,7525.0,180.44,174.8,175.6,0.0,0.0,1.0,66.0,0.1701161404132843,False,REGULAR,USD,2026-08-21,7406.47998046875,0.0362799978256225,call,1.0160022061551226,0.2027397260273972,175.2
SPXW260821C07530000,2026-06-08 06:34:05+00:00,7530.0,169.5,169.8,170.7,-100.42001,-37.203617,8.0,12.0,0.1679265260791778,False,REGULAR,USD,2026-08-21,7406.47998046875,0.0362799978256225,call,1.0166772906774848,0.2027397260273972,170.25
SPXW260821C07535000,2026-06-03 13:37:33+00:00,7535.0,280.1,169.4,169.9,0.0,0.0,1.0,12.0,0.1688315539550781,False,REGULAR,USD,2026-08-21,7406.47998046875,0.0362799978256225,call,1.017352375199847,0.2027397260273972,169.65
SPXW260821C07540000,2026-06-02 14:33:54+00:00,7540.0,281.6,166.6,167.2,0.0,0.0,5.0,54.0,0.1682803357124329,False,REGULAR,USD,2026-08-21,7406.47998046875,0.0362799978256225,call,1.0180274597222092,0.2027397260273972,166.89999999999998
SPXW260821C07545000,2026-06-02 19:41:42+00:00,7545.0,187.2,164.0,164.6,-96.42,-33.996193,1.0,2.0,0.1677901520156861,False,REGULAR,USD,2026-08-21,7406.47998046875,0.0362799978256225,call,1.0187025442445716,0.2027397260273972,164.3
SPXW260821C07550000,2026-06-05 20:14:27+00:00,7550.0,166.9,161.6,162.2,21.699997,14.944902,1.0,290.0,0.16743920337677,False,REGULAR,USD,2026-08-21,7406.47998046875,0.0362799978256225,call,1.0193776287669338,0.2027397260273972,161.89999999999998
SPX260821C07560000,2026-06-05 19:36:01+00:00,7560.0,156.8,155.3,156.3,0.0,0.0,3.0,89.0,0.165851351518631,False,REGULAR,USD,2026-08-21,7406.47998046875,0.0362799978256225,call,1.0207277978116582,0.2027397260273972,155.8
SPX260821C07565000,2026-06-08 15:57:21+00:00,7565.0,167.48,152.8,153.8,20.179993,13.699927,1.0,17.0,0.1653792874526978,False,REGULAR,USD,2026-08-21,7406.47998046875,0.0362799978256225,call,1.0214028823340204,0.2027397260273972,153.3
SPXW260821C07570000,2026-06-08 18:07:00+00:00,7570.0,161.52,149.1,149.8,-105.43001,-39.49429,2.0,50.0,0.1637342157077789,False,REGULAR,USD,2026-08-21,7406.47998046875,0.0362799978256225,call,1.0220779668563826,0.2027397260273972,149.45
SPX260821C07575000,2026-06-08 16:22:29+00:00,7575.0,164.7,147.1,148.1,13.699997,9.072846,2.0,1834.0,0.1638467481517792,False,REGULAR,USD,2026-08-21,7406.47998046875,0.0362799978256225,call,1.0227530513787448,0.2027397260273972,147.6
SPXW260821C07580000,2026-06-03 19:29:50+00:00,7580.0,232.38,146.1,146.7,0.0,0.0,2.0,44.0,0.1641795771598816,False,REGULAR,USD,2026-08-21,7406.47998046875,0.0362799978256225,call,1.023428135901107,0.2027397260273972,146.39999999999998
SPX260821C07585000,2026-06-05 18:51:55+00:00,7585.0,148.27,142.9,143.8,0.0,0.0,116.0,178.0,0.1633355838298797,False,REGULAR,USD,2026-08-21,7406.47998046875,0.0362799978256225,call,1.0241032204234692,0.2027397260273972,143.35000000000002
SPXW260821C07590000,2026-06-03 18:52:57+00:00,7590.0,230.77,139.6,140.4,0.0,0.0,1.0,27.0,0.1620843756389617,False,REGULAR,USD,2026-08-21,7406.47998046875,0.0362799978256225,call,1.0247783049458314,0.2027397260273972,140.0
SPXW260821C07595000,2026-06-08 18:07:00+00:00,7595.0,148.92,137.4,138.2,-88.31,-37.22548,6.0,20.0,0.1617505929660797,False,REGULAR,USD,2026-08-21,7406.47998046875,0.0362799978256225,call,1.0254533894681936,0.2027397260273972,137.8
SPX260821C07600000,2026-06-08 18:25:34+00:00,7600.0,144.24,135.2,136.2,14.2400055,10.95385,193.0,7430.0,0.1615589063453674,False,REGULAR,USD,2026-08-21,7406.47998046875,0.0362799978256225,call,1.0261284739905558,0.2027397260273972,135.7
SPXW260821C07605000,2026-06-08 15:08:20+00:00,7605.0,157.14,133.9,134.6,34.690002,28.329933,2.0,54.0,0.161667624130249,False,REGULAR,USD,2026-08-21,7406.47998046875,0.0362799978256225,call,1.026803558512918,0.2027397260273972,134.25
SPX260821C07610000,2026-06-08 17:18:49+00:00,7610.0,134.1,131.3,132.3,1.4000092,1.0550182,20.0,148.0,0.16121177236557,False,REGULAR,USD,2026-08-21,7406.47998046875,0.0362799978256225,call,1.0274786430352802,0.2027397260273972,131.8
SPXW260821C07615000,2026-05-29 16:07:00+00:00,7615.0,141.47,130.2,130.9,-84.67,-37.441406,3.0,9.0,0.1614520958900451,False,REGULAR,USD,2026-08-21,7406.47998046875,0.0362799978256225,call,1.0281537275576424,0.2027397260273972,130.55
SPX260821C07620000,2026-06-05 20:10:33+00:00,7620.0,113.71,126.9,127.8,0.0,0.0,106.0,159.0,0.160331539773941,False,REGULAR,USD,2026-08-21,7406.47998046875,0.0362799978256225,call,1.0288288120800049,0.2027397260273972,127.35
SPXW260821C07625000,2026-06-05 16:05:51+00:00,7625.0,156.3,125.6,126.2,0.0,0.0,1.0,74.0,0.1603858986663818,False,REGULAR,USD,2026-08-21,7406.47998046875,0.0362799978256225,call,1.0295038966023669,0.2027397260273972,125.9
SPXW260821C07630000,2026-06-08 17:06:03+00:00,7630.0,127.85,122.7,123.4,-102.22001,-44.42996,2.0,30.0,0.1594665658187866,False,REGULAR,USD,2026-08-21,7406.47998046875,0.0362799978256225,call,1.030178981124729,0.2027397260273972,123.05
SPXW260821C07635000,2026-06-08 17:06:03+00:00,7635.0,125.65,119.1,119.8,-81.049995,-39.211414,2.0,19.0,0.1578834822845458,False,REGULAR,USD,2026-08-21,7406.47998046875,0.0362799978256225,call,1.0308540656470913,0.2027397260273972,119.45
SPXW260821C07640000,2026-06-08 18:45:17+00:00,7640.0,123.7,119.0,119.6,-20.65001,-14.305513,8.0,75.0,0.1590202507019043,False,REGULAR,USD,2026-08-21,7406.47998046875,0.0362799978256225,call,1.0315291501694537,0.2027397260273972,119.3
SPX260821C07645000,2026-06-08 13:54:35+00:00,7645.0,127.4,113.6,114.9,12.900002,11.2663765,10.0,53.0,0.1565044830131531,False,REGULAR,USD,2026-08-21,7406.47998046875,0.0362799978256225,call,1.0322042346918157,0.2027397260273972,114.25
SPXW260821C07650000,2026-06-08 17:25:11+00:00,7650.0,117.28,114.8,115.4,5.8600006,5.2593794,12.0,165.0,0.1581886550140381,False,REGULAR,USD,2026-08-21,7406.47998046875,0.0362799978256225,call,1.032879319214178,0.2027397260273972,115.1
SPX260821C07655000,2026-06-05 18:45:04+00:00,7655.0,118.41,111.1,112.0,0.0,0.0,101.0,110.0,0.156685679321289,False,REGULAR,USD,2026-08-21,7406.47998046875,0.0362799978256225,call,1.03355440373654,0.2027397260273972,111.55
SPXW260821C07660000,2026-06-08 16:05:35+00:00,7660.0,121.71,110.6,111.2,-41.489998,-25.422794,4.0,18.0,0.1572912564563751,False,REGULAR,USD,2026-08-21,7406.47998046875,0.0362799978256225,call,1.0342294882589025,0.2027397260273972,110.9
SPX260821C07665000,2026-06-08 14:18:02+00:00,7665.0,115.55,107.7,108.5,10.880005,10.394578,5.0,111.0,0.1563213793754578,False,REGULAR,USD,2026-08-21,7406.47998046875,0.0362799978256225,call,1.0349045727812645,0.2027397260273972,108.1
SPXW260821C07670000,2026-06-08 15:10:18+00:00,7670.0,126.5,106.0,106.8,12.290001,10.76088,2.0,27.0,0.156159256362915,False,REGULAR,USD,2026-08-21,7406.47998046875,0.0362799978256225,call,1.0355796573036269,0.2027397260273972,106.4
SPXW260821C07675000,2026-06-08 16:07:52+00:00,7675.0,116.0,104.5,105.1,10.519997,9.973451,12.0,144.0,0.1559818747138977,False,REGULAR,USD,2026-08-21,7406.47998046875,0.0362799978256225,call,1.0362547418259889,0.2027397260273972,104.8
SPX260821C07680000,2026-06-05 19:35:47+00:00,7680.0,103.4,100.0,101.0,0.0,0.0,2.0,56.0,0.1537789090728759,False,REGULAR,USD,2026-08-21,7406.47998046875,0.0362799978256225,call,1.036929826348351,0.2027397260273972,100.5
SPX260821C07685000,2026-06-03 19:01:40+00:00,7685.0,173.0,99.7,100.6,0.0,0.0,2.0,37.0,0.154656280670166,False,REGULAR,USD,2026-08-21,7406.47998046875,0.0362799978256225,call,1.0376049108707133,0.2027397260273972,100.15
SPX260821C07690000,2026-06-05 19:35:53+00:00,7690.0,99.5,96.0,97.1,0.0,0.0,2.0,53.0,0.1529034448051453,False,REGULAR,USD,2026-08-21,7406.47998046875,0.0362799978256225,call,1.0382799953930757,0.2027397260273972,96.55
SPX260821C07695000,2026-06-05 19:31:06+00:00,7695.0,96.54,95.0,96.0,0.0,0.0,161.0,103.0,0.1531647489547729,False,REGULAR,USD,2026-08-21,7406.47998046875,0.0362799978256225,call,1.0389550799154377,0.2027397260273972,95.5
SPX260821C07700000,2026-06-08 19:03:08+00:00,7700.0,97.48,94.1,95.0,14.290001,17.177546,241.0,3943.0,0.153498531627655,False,REGULAR,USD,2026-08-21,7406.47998046875,0.0362799978256225,call,1.0396301644378,0.2027397260273972,94.55
SPX260821C07705000,2026-06-05 17:15:45+00:00,7705.0,110.01,92.5,93.3,0.0,0.0,100.0,103.0,0.1532219688415527,False,REGULAR,USD,2026-08-21,7406.47998046875,0.0362799978256225,call,1.040305248960162,0.2027397260273972,92.9
SPX260821C07710000,2026-06-05 19:35:43+00:00,7710.0,92.5,90.5,91.4,0.0,0.0,3.0,255.0,0.1527546730995178,False,REGULAR,USD,2026-08-21,7406.47998046875,0.0362799978256225,call,1.0409803334825245,0.2027397260273972,90.95
SPXW260821C07715000,2026-06-05 16:56:07+00:00,7715.0,110.6,89.3,90.1,0.0,0.0,6.0,10.0,0.1527918660259247,False,REGULAR,USD,2026-08-21,7406.47998046875,0.0362799978256225,call,1.0416554180048865,0.2027397260273972,89.69999999999999
SPX260821C07720000,2026-06-08 18:22:56+00:00,7720.0,93.06,87.2,88.0,4.5599976,5.1525397,6.0,354.0,0.1521157176971435,False,REGULAR,USD,2026-08-21,7406.47998046875,0.0362799978256225,call,1.042330502527249,0.2027397260273972,87.6
SPX260821C07725000,2026-06-08 17:54:07+00:00,7725.0,90.65,85.4,86.2,-11.900002,-11.604096,413.0,1116.0,0.1516818002223968,False,REGULAR,USD,2026-08-21,7406.47998046875,0.0362799978256225,call,1.043005587049611,0.2027397260273972,85.80000000000001
SPXW260821C07730000,2026-06-05 16:56:06+00:00,7730.0,104.6,83.2,83.8,0.0,0.0,3.0,139.0,0.1506966645050049,False,REGULAR,USD,2026-08-21,7406.47998046875,0.0362799978256225,call,1.0436806715719733,0.2027397260273972,83.5
SPX260821C07735000,2026-06-08 19:09:00+00:00,7735.0,84.35,81.5,82.4,-14.849998,-14.969757,5.0,10.0,0.1505784100723267,False,REGULAR,USD,2026-08-21,7406.47998046875,0.0362799978256225,call,1.0443557560943355,0.2027397260273972,81.95
SPXW260821C07740000,2026-06-05 16:56:05+00:00,7740.0,100.9,79.9,80.6,0.0,0.0,3.0,31.0,0.1500863190460205,False,REGULAR,USD,2026-08-21,7406.47998046875,0.0362799978256225,call,1.0450308406166977,0.2027397260273972,80.25
SPXW260821C07745000,2026-06-03 19:19:26+00:00,7745.0,143.9,78.2,78.8,0.0,0.0,1.0,10.0,0.149575154724121,False,REGULAR,USD,2026-08-21,7406.47998046875,0.0362799978256225,call,1.04570592513906,0.2027397260273972,78.5
SPX260821C07750000,2026-06-08 15:22:52+00:00,7750.0,90.9,77.2,77.9,23.36,34.58691,43.0,3616.0,0.1498631614875793,False,REGULAR,USD,2026-08-21,7406.47998046875,0.0362799978256225,call,1.046381009661422,0.2027397260273972,77.55000000000001
SPX260821C07755000,2026-06-05 14:11:40+00:00,7755.0,109.92,75.5,76.4,0.0,0.0,100.0,103.0,0.1495904133605957,False,REGULAR,USD,2026-08-21,7406.47998046875,0.0362799978256225,call,1.0470560941837843,0.2027397260273972,75.95
SPX260821C07760000,2026-06-08 14:58:25+00:00,7760.0,88.0,72.5,73.5,12.699997,16.865866,8.0,116.0,0.1480035151672363,False,REGULAR,USD,2026-08-21,7406.47998046875,0.0362799978256225,call,1.0477311787061463,0.2027397260273972,73.0
SPXW260821C07765000,2026-06-04 19:53:53+00:00,7765.0,141.1,72.0,72.6,0.0,0.0,7.0,25.0,0.1482476533508301,False,REGULAR,USD,2026-08-21,7406.47998046875,0.0362799978256225,call,1.0484062632285087,0.2027397260273972,72.3
SPX260821C07770000,2026-06-08 14:50:08+00:00,7770.0,82.1,70.0,70.9,9.900002,13.711914,1.0,266.0,0.1477288597106933,False,REGULAR,USD,2026-08-21,7406.47998046875,0.0362799978256225,call,1.049081347750871,0.2027397260273972,70.45
SPXW260821C07775000,2026-06-03 16:40:01+00:00,7775.0,84.74,70.4,70.8,-39.480003,-31.782324,4.0,39.0,0.148703505115509,False,REGULAR,USD,2026-08-21,7406.47998046875,0.0362799978256225,call,1.0497564322732331,0.2027397260273972,70.6
SPXW260821C07780000,2026-06-05 19:26:51+00:00,7780.0,68.15,68.9,69.5,0.0,0.0,10.0,58.0,0.1485356601142883,False,REGULAR,USD,2026-08-21,7406.47998046875,0.0362799978256225,call,1.050431516795595,0.2027397260273972,69.2
SPXW260821C07785000,2026-06-05 14:23:09+00:00,7785.0,99.8,67.4,68.1,0.0,0.0,11.0,11.0,0.1482552826690674,False,REGULAR,USD,2026-08-21,7406.47998046875,0.0362799978256225,call,1.0511066013179575,0.2027397260273972,67.75
SPXW260821C07790000,2026-06-05 13:43:36+00:00,7790.0,100.2,65.8,66.2,0.0,0.0,11.0,61.0,0.1474732775497436,False,REGULAR,USD,2026-08-21,7406.47998046875,0.0362799978256225,call,1.0517816858403195,0.2027397260273972,66.0
SPXW260821C07800000,2026-06-08 18:37:04+00:00,7800.0,68.2,63.1,63.6,3.899994,6.065309,38.0,234.0,0.1470117037963867,False,REGULAR,USD,2026-08-21,7406.47998046875,0.0362799978256225,call,1.053131854885044,0.2027397260273972,63.35
SPX260821C07810000,2026-06-08 18:45:09+00:00,7810.0,63.0,59.5,60.3,2.5,4.132231,58.0,526.0,0.1457776615715026,False,REGULAR,USD,2026-08-21,7406.47998046875,0.0362799978256225,call,1.0544820239297683,0.2027397260273972,59.9
SPX260821C07820000,2026-06-08 19:09:52+00:00,7820.0,58.9,57.2,57.9,0.0,0.0,91.0,477.0,0.1453656783866882,False,REGULAR,USD,2026-08-21,7406.47998046875,0.0362799978256225,call,1.055832192974493,0.2027397260273972,57.55
SPX260821C07825000,2026-06-08 16:32:23+00:00,7825.0,62.49,56.0,56.8,3.460003,5.8614316,28.0,844.0,0.145235979976654,False,REGULAR,USD,2026-08-21,7406.47998046875,0.0362799978256225,call,1.0565072774968551,0.2027397260273972,56.4
SPXW260821C07830000,2026-06-05 16:51:58+00:00,7830.0,69.55,55.5,56.0,0.0,0.0,1.0,36.0,0.1454000103187561,False,REGULAR,USD,2026-08-21,7406.47998046875,0.0362799978256225,call,1.0571823620192171,0.2027397260273972,55.75
SPX260821C07840000,2026-06-08 17:27:55+00:00,7840.0,55.0,52.4,53.1,1.7000008,3.1894948,2.0,45.0,0.1443261837768554,False,REGULAR,USD,2026-08-21,7406.47998046875,0.0362799978256225,call,1.0585325310639415,0.2027397260273972,52.75
SPXW260821C07850000,2026-06-05 18:03:25+00:00,7850.0,62.6,49.7,50.4,1.3199997,2.1540465,2.0,103.0,0.1433725189971924,False,REGULAR,USD,2026-08-21,7406.47998046875,0.0362799978256225,call,1.059882700108666,0.2027397260273972,50.05
SPXW260821C07860000,2026-06-05 16:53:53+00:00,7860.0,62.2,48.7,49.2,0.0,0.0,5.0,19.0,0.1439733278083801,False,REGULAR,USD,2026-08-21,7406.47998046875,0.0362799978256225,call,1.0612328691533903,0.2027397260273972,48.95
SPX260821C07870000,2026-06-08 09:04:25+00:00,7870.0,48.2,45.1,45.9,1.6000023,3.4334815,6.0,267.0,0.1421899746704101,False,REGULAR,USD,2026-08-21,7406.47998046875,0.0362799978256225,call,1.062583038198115,0.2027397260273972,45.5
SPX260821C07875000,2026-06-08 16:44:13+00:00,7875.0,48.8,44.2,45.0,3.25,7.1350164,59.0,736.0,0.1421003301811218,False,REGULAR,USD,2026-08-21,7406.47998046875,0.0362799978256225,call,1.0632581227204772,0.2027397260273972,44.6
SPX260821C07880000,2026-06-05 19:35:54+00:00,7880.0,44.4,43.1,43.9,0.0,0.0,5.0,110.0,0.1417646401786804,False,REGULAR,USD,2026-08-21,7406.47998046875,0.0362799978256225,call,1.0639332072428394,0.2027397260273972,43.5
SPXW260821C07890000,2026-06-05 19:35:04+00:00,7890.0,43.0,41.6,42.2,0.0,0.0,1.0,17.0,0.1416196831321716,False,REGULAR,USD,2026-08-21,7406.47998046875,0.0362799978256225,call,1.0652833762875638,0.2027397260273972,41.900000000000006
SPXW260821C07900000,2026-06-08 17:33:37+00:00,7900.0,43.25,40.4,40.9,4.619999,11.959614,42.0,218.0,0.1418886166000366,False,REGULAR,USD,2026-08-21,7406.47998046875,0.0362799978256225,call,1.0666335453322884,0.2027397260273972,40.65
SPXW260821C07910000,2026-06-08 15:02:13+00:00,7910.0,48.05,38.4,38.9,8.849998,22.576527,1.0,14.0,0.1412611051750183,False,REGULAR,USD,2026-08-21,7406.47998046875,0.0362799978256225,call,1.0679837143770128,0.2027397260273972,38.65
SPXW260821C07920000,2026-06-08 15:35:02+00:00,7920.0,41.65,36.6,37.1,-40.15,-49.08313,5.0,36.0,0.140797624092102,False,REGULAR,USD,2026-08-21,7406.47998046875,0.0362799978256225,call,1.0693338834217372,0.2027397260273972,36.85
SPX260821C07925000,2026-06-04 15:10:33+00:00,7925.0,70.8,35.3,35.9,0.0,0.0,60.0,248.0,0.1401586686897278,False,REGULAR,USD,2026-08-21,7406.47998046875,0.0362799978256225,call,1.0700089679440994,0.2027397260273972,35.599999999999994
SPX260821C07930000,2026-06-08 15:49:06+00:00,7930.0,41.2,34.5,35.1,6.1000023,17.378925,4.0,39.0,0.140002267665863,False,REGULAR,USD,2026-08-21,7406.47998046875,0.0362799978256225,call,1.0706840524664616,0.2027397260273972,34.8
SPX260821C07940000,2026-06-08 15:33:27+00:00,7940.0,37.6,32.4,33.0,4.199997,12.574841,46.0,232.0,0.1389780316925049,False,REGULAR,USD,2026-08-21,7406.47998046875,0.0362799978256225,call,1.072034221511186,0.2027397260273972,32.7
SPX260821C07950000,2026-06-08 17:42:16+00:00,7950.0,33.02,30.7,31.3,4.8199997,17.092197,80.0,3849.0,0.1383848521995544,False,REGULAR,USD,2026-08-21,7406.47998046875,0.0362799978256225,call,1.0733843905559104,0.2027397260273972,31.0
SPX260821C07960000,2026-06-05 19:35:54+00:00,7960.0,30.3,29.4,30.0,0.0,0.0,4.0,30.0,0.1382646904373169,False,REGULAR,USD,2026-08-21,7406.47998046875,0.0362799978256225,call,1.0747345596006348,0.2027397260273972,29.7
SPX260821C07970000,2026-06-05 19:35:53+00:00,7970.0,28.9,27.8,28.4,0.0,0.0,6.0,75.0,0.1376524376487732,False,REGULAR,USD,2026-08-21,7406.47998046875,0.0362799978256225,call,1.0760847286453592,0.2027397260273972,28.1
SPX260821C07975000,2026-06-08 01:10:32+00:00,7975.0,28.94,27.6,28.1,0.69000053,2.4424798,1.0,681.0,0.1380377182197571,False,REGULAR,USD,2026-08-21,7406.47998046875,0.0362799978256225,call,1.0767598131677214,0.2027397260273972,27.85
SPXW260821C07980000,2026-06-08 15:27:59+00:00,7980.0,33.9,27.3,27.8,-38.1,-52.916664,1.0,41.0,0.138417276802063,False,REGULAR,USD,2026-08-21,7406.47998046875,0.0362799978256225,call,1.0774348976900836,0.2027397260273972,27.55
SPX260821C07990000,2026-06-05 19:35:53+00:00,7990.0,26.1,25.6,26.0,0.0,0.0,4.0,1087.0,0.1373644308853149,False,REGULAR,USD,2026-08-21,7406.47998046875,0.0362799978256225,call,1.078785066734808,0.2027397260273972,25.8
SPXW260821C08000000,2026-06-08 19:10:01+00:00,8000.0,25.6,24.7,25.1,4.6000004,21.904764,205.0,906.0,0.1375856811141967,False,REGULAR,USD,2026-08-21,7406.47998046875,0.0362799978256225,call,1.0801352357795324,0.2027397260273972,24.9
SPXW260821C08010000,2026-06-08 17:42:50+00:00,8010.0,24.8,23.4,23.8,-32.3,-56.56743,11.0,107.0,0.1371279220199585,False,REGULAR,USD,2026-08-21,7406.47998046875,0.0362799978256225,call,1.0814854048242568,0.2027397260273972,23.6
SPX260821C08020000,2026-06-05 20:03:15+00:00,8020.0,20.0,21.7,22.3,0.0,0.0,53.0,64.0,0.1362619944000244,False,REGULAR,USD,2026-08-21,7406.47998046875,0.0362799978256225,call,1.0828355738689812,0.2027397260273972,22.0
SPX260821C08025000,2026-06-08 12:55:32+00:00,8025.0,27.78,21.4,22.0,6.1800003,28.61111,64.0,257.0,0.1365366498565674,False,REGULAR,USD,2026-08-21,7406.47998046875,0.0362799978256225,call,1.0835106583913434,0.2027397260273972,21.7
SPX260821C08030000,2026-06-05 20:00:33+00:00,8030.0,20.44,20.9,21.5,0.0,0.0,51.0,127.0,0.1364660786628723,False,REGULAR,USD,2026-08-21,7406.47998046875,0.0362799978256225,call,1.0841857429137056,0.2027397260273972,21.2
SPX260821C08040000,2026-06-05 20:01:56+00:00,8040.0,17.7,19.5,20.0,0.0,0.0,3.0,25.0,0.1354113254165649,False,REGULAR,USD,2026-08-21,7406.47998046875,0.0362799978256225,call,1.08553591195843,0.2027397260273972,19.75
SPX260821C08050000,2026-06-08 13:54:01+00:00,8050.0,21.1,18.6,19.1,1.4200001,7.215447,9.0,1767.0,0.13531214427948,False,REGULAR,USD,2026-08-21,7406.47998046875,0.0362799978256225,call,1.0868860810031544,0.2027397260273972,18.85
SPX260821C08060000,2026-06-03 19:25:14+00:00,8060.0,40.7,17.9,18.5,0.0,0.0,1.0,64.0,0.1357012395095825,False,REGULAR,USD,2026-08-21,7406.47998046875,0.0362799978256225,call,1.0882362500478788,0.2027397260273972,18.2
SPXW260821C08075000,2026-06-05 19:21:14+00:00,8075.0,16.39,16.9,17.2,0.0,0.0,2.0,26.0,0.1354532866668701,False,REGULAR,USD,2026-08-21,7406.47998046875,0.0362799978256225,call,1.0902615036149654,0.2027397260273972,17.049999999999997
SPXW260821C08080000,2026-06-04 15:30:05+00:00,8080.0,38.25,16.3,16.7,0.0,0.0,2.0,73.0,0.1352053338241577,False,REGULAR,USD,2026-08-21,7406.47998046875,0.0362799978256225,call,1.090936588137328,0.2027397260273972,16.5
SPX260821C08100000,2026-06-08 17:34:01+00:00,8100.0,15.35,14.1,14.7,0.45000076,3.0201395,532.0,5469.0,0.1339922722244262,False,REGULAR,USD,2026-08-21,7406.47998046875,0.0362799978256225,call,1.0936369262267769,0.2027397260273972,14.4
SPX260821C08110000,2026-06-05 20:01:54+00:00,8110.0,12.1,13.5,14.0,0.0,0.0,1.0,5.0,0.1338892764282226,False,REGULAR,USD,2026-08-21,7406.47998046875,0.0362799978256225,call,1.094987095271501,0.2027397260273972,13.75
SPX260821C08120000,2026-06-05 16:08:02+00:00,8120.0,15.45,13.0,13.5,-2.7400007,-15.063225,2.0,68.0,0.1341715612030029,False,REGULAR,USD,2026-08-21,7406.47998046875,0.0362799978256225,call,1.0963372643162257,0.2027397260273972,13.25
SPX260821C08125000,2026-06-08 18:40:35+00:00,8125.0,14.23,12.7,13.1,-3.8199997,-21.163435,230.0,269.0,0.1339579402923583,False,REGULAR,USD,2026-08-21,7406.47998046875,0.0362799978256225,call,1.0970123488385877,0.2027397260273972,12.9
SPXW260821C08130000,2026-06-08 18:48:11+00:00,8130.0,14.1,12.5,12.9,2.0,16.528925,5.0,10.0,0.1341791905212402,False,REGULAR,USD,2026-08-21,7406.47998046875,0.0362799978256225,call,1.09768743336095,0.2027397260273972,12.7
SPX260821C08140000,2026-06-08 15:35:06+00:00,8140.0,13.95,11.7,12.1,1.75,14.344262,2.0,98.0,0.1336603968811035,False,REGULAR,USD,2026-08-21,7406.47998046875,0.0362799978256225,call,1.0990376024056745,0.2027397260273972,11.9
SPX260821C08150000,2026-06-08 18:40:35+00:00,8150.0,12.6,10.9,11.5,1.5300007,13.821144,275.0,3241.0,0.1335383277893066,False,REGULAR,USD,2026-08-21,7406.47998046875,0.0362799978256225,call,1.100387771450399,0.2027397260273972,11.2
SPX260821C08160000,2026-06-05 15:52:56+00:00,8160.0,15.21,10.5,10.9,0.0,0.0,1.0,23.0,0.1333552241516113,False,REGULAR,USD,2026-08-21,7406.47998046875,0.0362799978256225,call,1.101737940495123,0.2027397260273972,10.7
SPXW260821C08170000,2026-05-29 14:37:55+00:00,8170.0,33.2,9.9,10.3,0.0,0.0,18.0,18.0,0.1330996419906616,False,REGULAR,USD,2026-08-21,7406.47998046875,0.0362799978256225,call,1.1030881095398477,0.2027397260273972,10.1
SPX260821C08175000,2026-06-05 15:14:06+00:00,8175.0,15.08,9.7,10.1,0.0,0.0,20.0,3662.0,0.1332140817642211,False,REGULAR,USD,2026-08-21,7406.47998046875,0.0362799978256225,call,1.1037631940622097,0.2027397260273972,9.9
SPXW260821C08200000,2026-06-08 17:01:16+00:00,8200.0,9.66,8.7,9.0,0.5,5.458515,12.0,594.0,0.1333399655151367,False,REGULAR,USD,2026-08-21,7406.47998046875,0.0362799978256225,call,1.1071386166740207,0.2027397260273972,8.85
SPXW260821C08225000,2026-06-08 17:42:50+00:00,8225.0,8.1,7.6,7.9,-1.7999992,-18.18181,3.0,100.0,0.1331110859680175,False,REGULAR,USD,2026-08-21,7406.47998046875,0.0362799978256225,call,1.1105140392858317,0.2027397260273972,7.75
SPXW260821C08250000,2026-06-05 16:34:26+00:00,8250.0,8.2,6.6,6.9,-0.6100006,-6.923957,1.0,148.0,0.1328288011932373,False,REGULAR,USD,2026-08-21,7406.47998046875,0.0362799978256225,call,1.1138894618976427,0.2027397260273972,6.75
SPX260821C08275000,2026-06-05 19:54:32+00:00,8275.0,6.2,5.7,6.0,0.0,0.0,948.0,1760.0,0.1324931111907959,False,REGULAR,USD,2026-08-21,7406.47998046875,0.0362799978256225,call,1.117264884509454,0.2027397260273972,5.85
SPX260821C08300000,2026-06-08 18:02:54+00:00,8300.0,5.7,5.0,5.3,0.55999994,10.89494,207.0,4619.0,0.1325770336914062,False,REGULAR,USD,2026-08-21,7406.47998046875,0.0362799978256225,call,1.120640307121265,0.2027397260273972,5.15
SPX260821C08325000,2026-06-05 20:10:51+00:00,8325.0,3.78,4.4,4.7,0.0,0.0,9.0,93.0,0.1327753959655762,False,REGULAR,USD,2026-08-21,7406.47998046875,0.0362799978256225,call,1.124015729733076,0.2027397260273972,4.550000000000001
SPX260821C08350000,2026-06-05 20:10:51+00:00,8350.0,3.33,3.8,4.1,0.0,0.0,7.0,548.0,0.1326533268737793,False,REGULAR,USD,2026-08-21,7406.47998046875,0.0362799978256225,call,1.127391152344887,0.2027397260273972,3.95
SPX260821C08375000,2026-06-05 14:38:47+00:00,8375.0,5.7,3.4,3.8,0.0,0.0,20.0,171.0,0.1338053539276123,False,REGULAR,USD,2026-08-21,7406.47998046875,0.0362799978256225,call,1.130766574956698,0.2027397260273972,3.6
SPX260821C08400000,2026-06-08 18:58:50+00:00,8400.0,3.3,3.1,3.3,0.5999999,22.22222,19.0,16530.0,0.1336298796081543,False,REGULAR,USD,2026-08-21,7406.47998046875,0.0362799978256225,call,1.134141997568509,0.2027397260273972,3.2
SPX260821C08425000,2026-06-05 15:31:04+00:00,8425.0,4.0,2.7,2.95,0.0,0.0,20.0,9343.0,0.1340571214294433,False,REGULAR,USD,2026-08-21,7406.47998046875,0.0362799978256225,call,1.13751742018032,0.2027397260273972,2.825
SPX260821C08450000,2026-06-08 18:22:03+00:00,8450.0,2.77,2.4,2.7,-3.23,-53.833332,1.0,88.0,0.1349344930267334,False,REGULAR,USD,2026-08-21,7406.47998046875,0.0362799978256225,call,1.1408928427921312,0.2027397260273972,2.55
SPX260821C08475000,2026-06-08 13:48:40+00:00,8475.0,2.65,2.15,2.4,-0.14999986,-5.3571377,20.0,98.0,0.1352625537109375,False,REGULAR,USD,2026-08-21,7406.47998046875,0.0362799978256225,call,1.1442682654039422,0.2027397260273972,2.275
SPX260821C08500000,2026-06-08 15:46:59+00:00,8500.0,2.5,1.95,2.15,0.43000007,20.772951,12.0,21539.0,0.1357355714416504,False,REGULAR,USD,2026-08-21,7406.47998046875,0.0362799978256225,call,1.1476436880157532,0.2027397260273972,2.05
SPX260821C08525000,2026-06-05 19:49:06+00:00,8525.0,1.85,1.8,2.0,0.0,0.0,26.0,25.0,0.1368799691772461,False,REGULAR,USD,2026-08-21,7406.47998046875,0.0362799978256225,call,1.1510191106275642,0.2027397260273972,1.9
SPXW260821C08550000,2026-06-05 19:46:56+00:00,8550.0,1.75,1.7,1.85,0.0,0.0,3.0,206.0,0.1379175564575195,False,REGULAR,USD,2026-08-21,7406.47998046875,0.0362799978256225,call,1.1543945332393752,0.2027397260273972,1.775
SPX260821C08575000,2026-06-02 15:24:03+00:00,8575.0,5.06,1.45,1.65,0.0,0.0,2.0,22.0,0.1382837637329101,False,REGULAR,USD,2026-08-21,7406.47998046875,0.0362799978256225,call,1.1577699558511862,0.2027397260273972,1.5499999999999998
SPX260821C08600000,2026-06-08 16:29:48+00:00,8600.0,1.6,1.3,1.55,0.30000007,23.07693,1.0,190609.0,0.1395654891967773,False,REGULAR,USD,2026-08-21,7406.47998046875,0.0362799978256225,call,1.1611453784629973,0.2027397260273972,1.425
SPX260821C08650000,2026-06-05 19:27:04+00:00,8650.0,1.4,1.1,1.35,0.29999995,27.272724,1.0,30.0,0.1418542846679687,False,REGULAR,USD,2026-08-21,7406.47998046875,0.0362799978256225,call,1.1678962236866195,0.2027397260273972,1.225
SPXW260821C08700000,2026-06-05 14:01:30+00:00,8700.0,1.25,1.0,1.15,0.0,0.0,1.0,93.0,0.1436853210449218,False,REGULAR,USD,2026-08-21,7406.47998046875,0.0362799978256225,call,1.1746470689102415,0.2027397260273972,1.075
SPXW260821C08800000,2026-06-05 20:02:34+00:00,8800.0,0.76,0.75,0.9,0.0,0.0,48.0,234.0,0.1484154983520508,False,REGULAR,USD,2026-08-21,7406.47998046875,0.0362799978256225,call,1.1881487593574858,0.2027397260273972,0.825
SPXW260821C09200000,2026-06-05 18:03:34+00:00,9200.0,0.4,0.35,0.45,0.0,0.0,1.0,200.0,0.1695029339599609,False,REGULAR,USD,2026-08-21,7406.47998046875,0.0362799978256225,call,1.2421555211464623,0.2027397260273972,0.4
SPXW260821C09300000,2026-05-29 14:12:28+00:00,9300.0,0.85,0.3,0.4,0.0,0.0,89.0,90.0,0.1751181121826172,False,REGULAR,USD,2026-08-21,7406.47998046875,0.0362799978256225,call,1.2556572115937064,0.2027397260273972,0.35
SPXW260831C07335000,2026-06-03 18:02:43+00:00,7335.0,427.6,309.0,309.9,0.0,0.0,3.0,5.0,0.1918568363952636,True,REGULAR,USD,2026-08-31,7406.47998046875,0.0362799978256225,call,0.9903489943053588,0.2301369863013698,309.45
SPXW260831C07340000,2026-06-05 18:57:39+00:00,7340.0,312.72,305.7,306.6,0.0,0.0,1.0,14.0,0.1913695136928558,True,REGULAR,USD,2026-08-31,7406.47998046875,0.0362799978256225,call,0.991024078827721,0.2301369863013698,306.15
SPXW260831C07345000,2026-06-05 20:10:33+00:00,7345.0,280.0,299.1,300.3,0.0,0.0,7.0,23.0,0.188747889213562,True,REGULAR,USD,2026-08-31,7406.47998046875,0.0362799978256225,call,0.9916991633500832,0.2301369863013698,299.70000000000005
SPXW260831C07350000,2026-06-05 20:11:17+00:00,7350.0,276.86,298.8,299.7,0.0,0.0,3.0,489.0,0.1901535910987854,True,REGULAR,USD,2026-08-31,7406.47998046875,0.0362799978256225,call,0.9923742478724454,0.2301369863013698,299.25
SPXW260831C07365000,2026-06-01 19:06:50+00:00,7365.0,434.52,289.2,290.1,0.0,0.0,1.0,1.0,0.1887898504638672,True,REGULAR,USD,2026-08-31,7406.47998046875,0.0362799978256225,call,0.994399501439532,0.2301369863013698,289.65
SPXW260831C07370000,2026-06-01 18:52:29+00:00,7370.0,429.55,282.9,283.8,0.0,0.0,1.0,6.0,0.1861300793933868,True,REGULAR,USD,2026-08-31,7406.47998046875,0.0362799978256225,call,0.9950745859618942,0.2301369863013698,283.35
SPXW260831C07375000,2026-06-08 18:59:32+00:00,7375.0,289.39,282.3,283.1,-107.20999,-27.032272,2.0,72.0,0.187408943862915,True,REGULAR,USD,2026-08-31,7406.47998046875,0.0362799978256225,call,0.9957496704842564,0.2301369863013698,282.70000000000005
SPXW260831C07380000,2026-06-05 19:22:28+00:00,7380.0,271.1,278.8,279.6,0.0,0.0,10.0,12.0,0.186704185590744,True,REGULAR,USD,2026-08-31,7406.47998046875,0.0362799978256225,call,0.9964247550066186,0.2301369863013698,279.20000000000005
SPXW260831C07385000,2026-06-08 17:09:40+00:00,7385.0,286.1,275.7,276.7,12.800018,4.683505,8.0,3.0,0.1864114105033874,True,REGULAR,USD,2026-08-31,7406.47998046875,0.0362799978256225,call,0.9970998395289808,0.2301369863013698,276.2
SPXW260831C07390000,2026-06-03 16:31:42+00:00,7390.0,377.8,270.2,271.2,0.0,0.0,5.0,11.0,0.1842809233856201,True,REGULAR,USD,2026-08-31,7406.47998046875,0.0362799978256225,call,0.997774924051343,0.2301369863013698,270.7
SPXW260831C07395000,2026-06-05 19:38:49+00:00,7395.0,271.73,269.1,270.0,0.0,0.0,4.0,4.0,0.1851640169715881,True,REGULAR,USD,2026-08-31,7406.47998046875,0.0362799978256225,call,0.9984500085737052,0.2301369863013698,269.55
SPXW260831C07400000,2026-06-08 18:59:32+00:00,7400.0,272.99,266.4,267.1,11.410004,4.361956,12.0,638.0,0.1848416782760619,True,REGULAR,USD,2026-08-31,7406.47998046875,0.0362799978256225,call,0.9991250930960676,0.2301369863013698,266.75
SPXW260831C07405000,2026-06-05 19:58:50+00:00,7405.0,262.6,263.1,263.9,0.0,0.0,13.0,13.0,0.184298089351654,True,REGULAR,USD,2026-08-31,7406.47998046875,0.0362799978256225,call,0.9998001776184297,0.2301369863013698,263.5
SPXW260831C07410000,2026-06-03 14:36:11+00:00,7410.0,376.6,257.7,258.6,0.0,0.0,5.0,30.0,0.1822705980300903,False,REGULAR,USD,2026-08-31,7406.47998046875,0.0362799978256225,call,1.000475262140792,0.2301369863013698,258.15
SPXW260831C07415000,2026-06-05 19:28:37+00:00,7415.0,257.1,253.8,254.7,0.0,0.0,15.0,22.0,0.1812158447837829,False,REGULAR,USD,2026-08-31,7406.47998046875,0.0362799978256225,call,1.0011503466631542,0.2301369863013698,254.25
SPXW260831C07420000,2026-06-05 19:15:26+00:00,7420.0,246.3,253.2,254.1,0.0,0.0,21.0,28.0,0.1824660993099212,False,REGULAR,USD,2026-08-31,7406.47998046875,0.0362799978256225,call,1.0018254311855164,0.2301369863013698,253.65
SPXW260831C07425000,2026-06-08 17:39:50+00:00,7425.0,258.02,247.2,248.0,-37.940002,-12.819301,11.0,482.0,0.1798473358249664,False,REGULAR,USD,2026-08-31,7406.47998046875,0.0362799978256225,call,1.0025005157078786,0.2301369863013698,247.6
SPXW260831C07430000,2026-06-08 19:10:58+00:00,7430.0,246.18,244.8,245.7,-19.220001,-7.2418995,4.0,13.0,0.1798826214218139,False,REGULAR,USD,2026-08-31,7406.47998046875,0.0362799978256225,call,1.0031756002302408,0.2301369863013698,245.25
SPXW260831C07435000,2026-06-08 19:10:58+00:00,7435.0,243.08,241.2,242.2,-115.92,-32.289692,2.0,50.0,0.179067238035202,False,REGULAR,USD,2026-08-31,7406.47998046875,0.0362799978256225,call,1.003850684752603,0.2301369863013698,241.7
SPXW260831C07440000,2026-06-05 13:08:18+00:00,7440.0,320.96,239.4,240.2,0.0,0.0,1.0,102.0,0.1792913492584228,False,REGULAR,USD,2026-08-31,7406.47998046875,0.0362799978256225,call,1.0045257692749652,0.2301369863013698,239.8
SPXW260831C07445000,2026-06-05 15:13:24+00:00,7445.0,291.82,237.7,238.5,0.0,0.0,1.0,2.0,0.1797166837501526,False,REGULAR,USD,2026-08-31,7406.47998046875,0.0362799978256225,call,1.0052008537973274,0.2301369863013698,238.1
SPXW260831C07450000,2026-06-08 17:41:20+00:00,7450.0,241.43,234.7,235.6,-20.970001,-7.9916162,8.0,93.0,0.1792884882640838,False,REGULAR,USD,2026-08-31,7406.47998046875,0.0362799978256225,call,1.0058759383196896,0.2301369863013698,235.15
SPXW260831C07455000,2026-06-08 17:41:20+00:00,7455.0,238.33,229.1,230.0,-23.11,-8.839504,3.0,2.0,0.1769548705482483,False,REGULAR,USD,2026-08-31,7406.47998046875,0.0362799978256225,call,1.0065510228420518,0.2301369863013698,229.55
SPXW260831C07460000,2026-06-05 16:17:42+00:00,7460.0,244.6,229.2,230.0,-20.699982,-7.8024807,1.0,2.0,0.1785398614120483,False,REGULAR,USD,2026-08-31,7406.47998046875,0.0362799978256225,call,1.007226107364414,0.2301369863013698,229.6
SPXW260831C07465000,2026-06-01 13:35:00+00:00,7465.0,330.6,226.2,227.0,0.0,0.0,6.0,6.0,0.178008670129776,False,REGULAR,USD,2026-08-31,7406.47998046875,0.0362799978256225,call,1.0079011918867762,0.2301369863013698,226.6
SPXW260831C07470000,2026-06-05 16:01:40+00:00,7470.0,265.34,222.9,223.6,0.0,0.0,2.0,13.0,0.1771856574249267,False,REGULAR,USD,2026-08-31,7406.47998046875,0.0362799978256225,call,1.0085762764091384,0.2301369863013698,223.25
SPXW260831C07475000,2026-06-05 19:31:35+00:00,7475.0,220.0,217.2,218.3,0.0,0.0,61.0,68.0,0.1750151163864135,False,REGULAR,USD,2026-08-31,7406.47998046875,0.0362799978256225,call,1.0092513609315006,0.2301369863013698,217.75
SPXW260831C07480000,2026-06-05 18:45:36+00:00,7480.0,225.02,217.0,217.7,0.0,0.0,2.0,24.0,0.1761366261672974,False,REGULAR,USD,2026-08-31,7406.47998046875,0.0362799978256225,call,1.0099264454538628,0.2301369863013698,217.35
SPXW260831C07485000,2026-06-08 15:18:26+00:00,7485.0,240.7,213.9,214.8,-6.8700104,-2.7749767,1.0,7.0,0.1756292765045166,False,REGULAR,USD,2026-08-31,7406.47998046875,0.0362799978256225,call,1.010601529976225,0.2301369863013698,214.35
SPXW260831C07490000,2026-06-05 19:32:18+00:00,7490.0,232.01,211.5,212.2,22.409988,10.691788,4.0,5.0,0.1753221964454651,False,REGULAR,USD,2026-08-31,7406.47998046875,0.0362799978256225,call,1.0112766144985872,0.2301369863013698,211.85
SPXW260831C07495000,2026-06-03 15:29:36+00:00,7495.0,313.2,208.4,209.3,0.0,0.0,1.0,1.0,0.1747929124927521,False,REGULAR,USD,2026-08-31,7406.47998046875,0.0362799978256225,call,1.0119516990209494,0.2301369863013698,208.85
SPXW260831C07500000,2026-06-08 15:08:36+00:00,7500.0,234.3,202.8,203.8,35.300003,17.738695,6.0,395.0,0.1724173335266113,False,REGULAR,USD,2026-08-31,7406.47998046875,0.0362799978256225,call,1.0126267835433116,0.2301369863013698,203.3
SPXW260831C07505000,2026-06-08 16:06:38+00:00,7505.0,220.59,202.5,203.4,-9.800003,-4.2536583,2.0,1.0,0.1736275341320038,False,REGULAR,USD,2026-08-31,7406.47998046875,0.0362799978256225,call,1.0133018680656738,0.2301369863013698,202.95
SPXW260831C07510000,2026-06-08 16:55:11+00:00,7510.0,212.0,197.3,198.3,11.0,5.4726367,8.0,44.0,0.1715075373268127,False,REGULAR,USD,2026-08-31,7406.47998046875,0.0362799978256225,call,1.013976952588036,0.2301369863013698,197.8
SPXW260831C07515000,2026-06-05 13:58:36+00:00,7515.0,251.7,197.1,197.8,0.0,0.0,4.0,3.0,0.1726261861133576,False,REGULAR,USD,2026-08-31,7406.47998046875,0.0362799978256225,call,1.0146520371103982,0.2301369863013698,197.45
SPXW260831C07520000,2026-06-08 15:01:36+00:00,7520.0,222.19,194.2,195.1,22.559998,11.300905,5.0,44.0,0.1721779636669159,False,REGULAR,USD,2026-08-31,7406.47998046875,0.0362799978256225,call,1.0153271216327604,0.2301369863013698,194.65
SPXW260831C07525000,2026-06-05 19:57:42+00:00,7525.0,192.3,191.6,192.3,0.0,0.0,12.0,104.0,0.1716467723846435,False,REGULAR,USD,2026-08-31,7406.47998046875,0.0362799978256225,call,1.0160022061551226,0.2301369863013698,191.95
SPXW260831C07530000,2026-06-05 19:00:50+00:00,7530.0,191.26,188.7,189.6,0.0,0.0,1.0,20.0,0.1711737546539306,False,REGULAR,USD,2026-08-31,7406.47998046875,0.0362799978256225,call,1.0166772906774848,0.2301369863013698,189.15
SPXW260831C07535000,2026-06-03 14:08:33+00:00,7535.0,211.16,183.6,184.7,-77.31,-26.800014,6.0,31.0,0.1691252827072143,False,REGULAR,USD,2026-08-31,7406.47998046875,0.0362799978256225,call,1.017352375199847,0.2301369863013698,184.15
SPXW260831C07540000,2026-06-05 16:13:57+00:00,7540.0,221.64,183.6,184.4,0.0,0.0,10.0,14.0,0.1703345296478271,False,REGULAR,USD,2026-08-31,7406.47998046875,0.0362799978256225,call,1.0180274597222092,0.2301369863013698,184.0
SPXW260831C07545000,2026-06-05 14:48:33+00:00,7545.0,233.27,178.5,179.4,0.0,0.0,5.0,12.0,0.1681840155696869,False,REGULAR,USD,2026-08-31,7406.47998046875,0.0362799978256225,call,1.0187025442445716,0.2301369863013698,178.95
SPXW260831C07550000,2026-06-05 19:59:28+00:00,7550.0,193.3,177.9,178.8,16.11,9.091935,2.0,198.0,0.1691596146392822,False,REGULAR,USD,2026-08-31,7406.47998046875,0.0362799978256225,call,1.0193776287669338,0.2301369863013698,178.35000000000002
SPXW260831C07555000,2026-06-08 16:06:38+00:00,7555.0,192.2,173.2,174.0,-41.0,-17.581476,1.0,6.0,0.1671206793403626,False,REGULAR,USD,2026-08-31,7406.47998046875,0.0362799978256225,call,1.020052713289296,0.2301369863013698,173.6
SPXW260831C07560000,2026-06-05 19:11:17+00:00,7560.0,171.0,172.8,173.5,0.0,0.0,11.0,35.0,0.16814682264328,False,REGULAR,USD,2026-08-31,7406.47998046875,0.0362799978256225,call,1.0207277978116582,0.2301369863013698,173.15
SPXW260831C07565000,2026-06-05 14:21:54+00:00,7565.0,227.15,168.0,169.1,0.0,0.0,2.0,527.0,0.1663634695053101,False,REGULAR,USD,2026-08-31,7406.47998046875,0.0362799978256225,call,1.0214028823340204,0.2301369863013698,168.55
SPXW260831C07570000,2026-06-08 17:21:21+00:00,7570.0,171.9,167.7,168.6,-95.860016,-35.800724,6.0,6.0,0.1673705395126343,False,REGULAR,USD,2026-08-31,7406.47998046875,0.0362799978256225,call,1.0220779668563826,0.2301369863013698,168.14999999999998
SPXW260831C07575000,2026-06-05 14:42:35+00:00,7575.0,215.3,165.3,166.0,0.0,0.0,4.0,70.0,0.1668546068668365,False,REGULAR,USD,2026-08-31,7406.47998046875,0.0362799978256225,call,1.0227530513787448,0.2301369863013698,165.65
SPXW260831C07580000,2026-06-02 19:46:44+00:00,7580.0,278.43,162.6,163.3,0.0,0.0,2.0,5.0,0.1662528443908691,False,REGULAR,USD,2026-08-31,7406.47998046875,0.0362799978256225,call,1.023428135901107,0.2301369863013698,162.95
SPXW260831C07585000,2026-06-05 18:47:21+00:00,7585.0,165.19,158.1,159.0,0.0,0.0,12.0,34.0,0.1644790279006958,False,REGULAR,USD,2026-08-31,7406.47998046875,0.0362799978256225,call,1.0241032204234692,0.2301369863013698,158.55
SPXW260831C07590000,2026-06-04 14:27:52+00:00,7590.0,234.8,156.9,157.8,0.0,0.0,16.0,23.0,0.164936786994934,False,REGULAR,USD,2026-08-31,7406.47998046875,0.0362799978256225,call,1.0247783049458314,0.2301369863013698,157.35000000000002
SPXW260831C07600000,2026-06-05 20:14:38+00:00,7600.0,161.9,150.7,151.7,23.75,17.19146,10.0,260.0,0.1631229165840149,False,REGULAR,USD,2026-08-31,7406.47998046875,0.0362799978256225,call,1.0261284739905558,0.2301369863013698,151.2
SPXW260831C07605000,2026-06-08 15:30:25+00:00,7605.0,167.52,150.6,151.2,-3.5800018,-2.0923448,1.0,13.0,0.164059415397644,False,REGULAR,USD,2026-08-31,7406.47998046875,0.0362799978256225,call,1.026803558512918,0.2301369863013698,150.89999999999998
SPXW260831C07610000,2026-06-03 18:13:55+00:00,7610.0,234.7,146.1,147.0,0.0,0.0,5.0,14.0,0.1622722476005554,False,REGULAR,USD,2026-08-31,7406.47998046875,0.0362799978256225,call,1.0274786430352802,0.2301369863013698,146.55
SPXW260831C07620000,2026-06-08 15:30:25+00:00,7620.0,159.84,143.8,144.5,-11.029999,-6.4551992,1.0,10.0,0.1629932181739807,False,REGULAR,USD,2026-08-31,7406.47998046875,0.0362799978256225,call,1.0288288120800049,0.2301369863013698,144.15
SPXW260831C07625000,2026-06-05 16:45:23+00:00,7625.0,164.6,139.0,140.0,0.0,0.0,1.0,133.0,0.1609313949203491,False,REGULAR,USD,2026-08-31,7406.47998046875,0.0362799978256225,call,1.0295038966023669,0.2301369863013698,139.5
SPXW260831C07630000,2026-06-05 18:34:33+00:00,7630.0,147.92,139.0,139.8,0.0,0.0,4.0,18.0,0.1620414607238769,False,REGULAR,USD,2026-08-31,7406.47998046875,0.0362799978256225,call,1.030178981124729,0.2301369863013698,139.4
SPXW260831C07640000,2026-06-05 17:18:53+00:00,7640.0,155.91,134.4,135.2,0.0,0.0,4.0,6.0,0.1611068692398071,False,REGULAR,USD,2026-08-31,7406.47998046875,0.0362799978256225,call,1.0315291501694537,0.2301369863013698,134.8
SPXW260831C07645000,2026-06-05 14:21:54+00:00,7645.0,181.95,130.2,131.0,0.0,0.0,2.0,3.0,0.159190956697464,False,REGULAR,USD,2026-08-31,7406.47998046875,0.0362799978256225,call,1.0322042346918157,0.2301369863013698,130.6
SPXW260831C07650000,2026-06-08 13:42:12+00:00,7650.0,142.18,130.2,131.0,15.48999,12.226687,1.0,522.0,0.160416415939331,False,REGULAR,USD,2026-08-31,7406.47998046875,0.0362799978256225,call,1.032879319214178,0.2301369863013698,130.6
SPXW260831C07655000,2026-06-05 14:21:54+00:00,7655.0,176.75,126.1,126.9,0.0,0.0,2.0,24.0,0.1585357889938354,False,REGULAR,USD,2026-08-31,7406.47998046875,0.0362799978256225,call,1.03355440373654,0.2301369863013698,126.5
SPXW260831C07660000,2026-06-08 16:18:20+00:00,7660.0,141.2,126.2,126.9,-91.3,-39.268818,2.0,24.0,0.1597450359344482,False,REGULAR,USD,2026-08-31,7406.47998046875,0.0362799978256225,call,1.0342294882589025,0.2301369863013698,126.55
SPXW260831C07665000,2026-06-05 15:00:39+00:00,7665.0,169.46,123.6,124.4,0.0,0.0,1.0,3.0,0.1590459996509552,False,REGULAR,USD,2026-08-31,7406.47998046875,0.0362799978256225,call,1.0349045727812645,0.2301369863013698,124.0
SPXW260831C07670000,2026-06-05 19:04:47+00:00,7670.0,125.04,121.8,122.5,0.0,0.0,26.0,43.0,0.1587894638252258,False,REGULAR,USD,2026-08-31,7406.47998046875,0.0362799978256225,call,1.0355796573036269,0.2301369863013698,122.15
SPXW260831C07675000,2026-06-05 16:40:49+00:00,7675.0,142.87,117.9,118.7,0.0,0.0,11.0,46.0,0.1570576085853577,False,REGULAR,USD,2026-08-31,7406.47998046875,0.0362799978256225,call,1.0362547418259889,0.2301369863013698,118.3
SPXW260831C07680000,2026-06-05 18:28:49+00:00,7680.0,127.11,117.6,118.5,0.0,0.0,2.0,15.0,0.1580799372291565,False,REGULAR,USD,2026-08-31,7406.47998046875,0.0362799978256225,call,1.036929826348351,0.2301369863013698,118.05
SPXW260831C07685000,2026-06-05 13:14:20+00:00,7685.0,170.2,113.7,114.6,0.0,0.0,25.0,34.0,0.1562317348861694,False,REGULAR,USD,2026-08-31,7406.47998046875,0.0362799978256225,call,1.0376049108707133,0.2301369863013698,114.15
SPXW260831C07690000,2026-06-04 17:02:21+00:00,7690.0,194.14,113.4,114.1,0.0,0.0,2.0,101.0,0.1570022960281372,False,REGULAR,USD,2026-08-31,7406.47998046875,0.0362799978256225,call,1.0382799953930757,0.2301369863013698,113.75
SPXW260831C07695000,2026-05-29 19:46:27+00:00,7695.0,197.3,111.6,112.4,0.0,0.0,1.0,1.0,0.1568306363677979,False,REGULAR,USD,2026-08-31,7406.47998046875,0.0362799978256225,call,1.0389550799154377,0.2301369863013698,112.0
SPXW260831C07700000,2026-06-08 16:10:31+00:00,7700.0,112.53,109.9,110.4,1.7999954,1.6255715,23.0,1510.0,0.1564091165351867,False,REGULAR,USD,2026-08-31,7406.47998046875,0.0362799978256225,call,1.0396301644378,0.2301369863013698,110.15
SPXW260831C07710000,2026-06-04 17:02:21+00:00,7710.0,183.39,104.2,104.9,0.0,0.0,5.0,17.0,0.1543301273155212,False,REGULAR,USD,2026-08-31,7406.47998046875,0.0362799978256225,call,1.0409803334825245,0.2301369863013698,104.55
SPXW260831C07715000,2026-06-05 19:36:28+00:00,7715.0,115.3,103.8,104.7,10.32,9.830443,12.0,1304.0,0.1552914214134216,False,REGULAR,USD,2026-08-31,7406.47998046875,0.0362799978256225,call,1.0416554180048865,0.2301369863013698,104.25
SPXW260831C07725000,2026-06-05 17:45:29+00:00,7725.0,118.35,98.8,99.5,0.0,0.0,2.0,102.0,0.1533421306037903,False,REGULAR,USD,2026-08-31,7406.47998046875,0.0362799978256225,call,1.043005587049611,0.2301369863013698,99.15
SPXW260831C07730000,2026-06-05 16:24:01+00:00,7730.0,123.52,96.9,97.5,0.0,0.0,1.0,11.0,0.1528195223045349,False,REGULAR,USD,2026-08-31,7406.47998046875,0.0362799978256225,call,1.0436806715719733,0.2301369863013698,97.2
SPXW260831C07735000,2026-06-03 17:48:51+00:00,7735.0,165.5,95.0,95.6,0.0,0.0,5.0,6.0,0.1523617632102966,False,REGULAR,USD,2026-08-31,7406.47998046875,0.0362799978256225,call,1.0443557560943355,0.2301369863013698,95.3
SPXW260831C07740000,2026-05-29 20:10:46+00:00,7740.0,171.5,94.9,95.7,0.0,0.0,823.0,824.0,0.1535280952358245,False,REGULAR,USD,2026-08-31,7406.47998046875,0.0362799978256225,call,1.0450308406166977,0.2301369863013698,95.3
SPXW260831C07750000,2026-06-05 19:24:48+00:00,7750.0,89.71,91.4,92.0,0.0,0.0,2.0,361.0,0.1526306966781616,False,REGULAR,USD,2026-08-31,7406.47998046875,0.0362799978256225,call,1.046381009661422,0.2301369863013698,91.7
SPXW260831C07765000,2026-06-05 18:52:53+00:00,7765.0,89.58,86.7,87.3,0.0,0.0,1.0,1.0,0.1518734868431091,False,REGULAR,USD,2026-08-31,7406.47998046875,0.0362799978256225,call,1.0484062632285087,0.2301369863013698,87.0
SPXW260831C07770000,2026-06-04 15:34:36+00:00,7770.0,147.44,84.4,85.3,0.0,0.0,1.0,26.0,0.1512249947929382,False,REGULAR,USD,2026-08-31,7406.47998046875,0.0362799978256225,call,1.049081347750871,0.2301369863013698,84.85
SPXW260831C07775000,2026-06-02 19:12:41+00:00,7775.0,166.96,82.0,82.6,0.0,0.0,1.0,58.0,0.1499566206359863,False,REGULAR,USD,2026-08-31,7406.47998046875,0.0362799978256225,call,1.0497564322732331,0.2301369863013698,82.3
SPXW260831C07780000,2026-06-05 16:24:01+00:00,7780.0,103.85,81.6,82.5,0.0,0.0,1.0,30.0,0.1508969341087341,False,REGULAR,USD,2026-08-31,7406.47998046875,0.0362799978256225,call,1.050431516795595,0.2301369863013698,82.05
SPXW260831C07790000,2026-05-29 18:34:50+00:00,7790.0,148.9,78.2,78.8,0.0,0.0,27.0,25.0,0.1497315557479858,False,REGULAR,USD,2026-08-31,7406.47998046875,0.0362799978256225,call,1.0517816858403195,0.2301369863013698,78.5
SPXW260831C07795000,2026-05-29 18:16:21+00:00,7795.0,142.7,76.3,77.0,0.0,0.0,27.0,27.0,0.1491612642097473,False,REGULAR,USD,2026-08-31,7406.47998046875,0.0362799978256225,call,1.052456770362682,0.2301369863013698,76.65
SPXW260831C07800000,2026-06-08 14:05:18+00:00,7800.0,84.3,75.6,76.2,9.43,12.595164,5.0,428.0,0.1494588076210022,False,REGULAR,USD,2026-08-31,7406.47998046875,0.0362799978256225,call,1.053131854885044,0.2301369863013698,75.9
SPXW260831C07805000,2026-05-26 14:57:17+00:00,7805.0,134.8,74.0,74.6,0.0,0.0,10.0,10.0,0.1490334731292724,False,REGULAR,USD,2026-08-31,7406.47998046875,0.0362799978256225,call,1.0538069394074063,0.2301369863013698,74.3
SPXW260831C07810000,2026-06-05 19:43:50+00:00,7810.0,72.0,72.5,73.0,0.0,0.0,42.0,42.0,0.1485928800010681,False,REGULAR,USD,2026-08-31,7406.47998046875,0.0362799978256225,call,1.0544820239297683,0.2301369863013698,72.75
SPXW260831C07815000,2026-06-04 15:16:05+00:00,7815.0,128.43,71.2,72.0,0.0,0.0,3.0,14.0,0.1486748951721191,False,REGULAR,USD,2026-08-31,7406.47998046875,0.0362799978256225,call,1.0551571084521307,0.2301369863013698,71.6
SPXW260831C07820000,2026-05-22 14:01:57+00:00,7820.0,114.38,70.1,70.7,0.0,0.0,2.0,1.0,0.1484727182388305,False,REGULAR,USD,2026-08-31,7406.47998046875,0.0362799978256225,call,1.055832192974493,0.2301369863013698,70.4
SPXW260831C07825000,2026-06-05 17:40:13+00:00,7825.0,85.48,67.6,68.2,0.0,0.0,20.0,59.0,0.1471547535133361,False,REGULAR,USD,2026-08-31,7406.47998046875,0.0362799978256225,call,1.0565072774968551,0.2301369863013698,67.9
SPXW260831C07835000,2026-06-05 15:12:34+00:00,7835.0,91.5,66.0,66.7,0.0,0.0,12.0,12.0,0.1476868984603881,False,REGULAR,USD,2026-08-31,7406.47998046875,0.0362799978256225,call,1.0578574465415795,0.2301369863013698,66.35
SPXW260831C07850000,2026-06-08 15:29:58+00:00,7850.0,71.8,61.3,61.9,8.620003,13.643562,1.0,101.0,0.1459912824821471,False,REGULAR,USD,2026-08-31,7406.47998046875,0.0362799978256225,call,1.059882700108666,0.2301369863013698,61.6
SPXW260831C07855000,2026-05-29 14:33:43+00:00,7855.0,63.03,60.8,61.5,-63.870003,-50.33097,1.0,1.0,0.1465386860656738,False,REGULAR,USD,2026-08-31,7406.47998046875,0.0362799978256225,call,1.0605577846310283,0.2301369863013698,61.15
SPXW260831C07860000,2026-05-29 14:31:09+00:00,7860.0,125.43,59.7,60.2,0.0,0.0,5.0,5.0,0.1462106253814697,False,REGULAR,USD,2026-08-31,7406.47998046875,0.0362799978256225,call,1.0612328691533903,0.2301369863013698,59.95
SPXW260831C07870000,2026-06-05 19:37:40+00:00,7870.0,58.23,57.2,57.8,0.0,0.0,7.0,20.0,0.1457013683891296,False,REGULAR,USD,2026-08-31,7406.47998046875,0.0362799978256225,call,1.062583038198115,0.2301369863013698,57.5
SPXW260831C07875000,2026-06-08 15:44:42+00:00,7875.0,64.7,56.2,56.7,-17.200005,-21.001226,1.0,29.0,0.1455201720809936,False,REGULAR,USD,2026-08-31,7406.47998046875,0.0362799978256225,call,1.0632581227204772,0.2301369863013698,56.45
SPXW260831C07885000,2026-05-28 14:40:30+00:00,7885.0,102.2,53.8,54.4,0.0,0.0,13.0,20.0,0.1450128224182129,False,REGULAR,USD,2026-08-31,7406.47998046875,0.0362799978256225,call,1.0646082917652016,0.2301369863013698,54.1
SPXW260831C07895000,2026-05-29 14:33:43+00:00,7895.0,112.09,51.4,52.0,0.0,0.0,1.0,1.0,0.1443376277542114,False,REGULAR,USD,2026-08-31,7406.47998046875,0.0362799978256225,call,1.065958460809926,0.2301369863013698,51.7
SPXW260831C07900000,2026-06-08 15:44:42+00:00,7900.0,58.51,49.8,50.3,9.829998,20.193094,4.0,101.0,0.1434488121795654,False,REGULAR,USD,2026-08-31,7406.47998046875,0.0362799978256225,call,1.0666335453322884,0.2301369863013698,50.05
SPXW260831C07905000,2026-06-05 15:38:50+00:00,7905.0,51.41,49.2,49.8,-14.859997,-22.423414,3.0,14.0,0.1437978534889221,False,REGULAR,USD,2026-08-31,7406.47998046875,0.0362799978256225,call,1.0673086298546506,0.2301369863013698,49.5
SPXW260831C07925000,2026-06-05 16:45:44+00:00,7925.0,54.28,45.3,45.9,0.0,0.0,1.0,7.0,0.1430578096199035,False,REGULAR,USD,2026-08-31,7406.47998046875,0.0362799978256225,call,1.0700089679440994,0.2301369863013698,45.6
SPXW260831C07950000,2026-06-08 14:45:37+00:00,7950.0,46.85,40.6,41.1,-4.3500023,-8.4960985,1.0,108.0,0.1418580993270873,False,REGULAR,USD,2026-08-31,7406.47998046875,0.0362799978256225,call,1.0733843905559104,0.2301369863013698,40.85
SPXW260831C07955000,2026-06-04 17:45:47+00:00,7955.0,41.59,39.8,40.4,-41.51,-49.951866,1.0,24.0,0.1418695433044433,False,REGULAR,USD,2026-08-31,7406.47998046875,0.0362799978256225,call,1.0740594750782726,0.2301369863013698,40.1
SPXW260831C07975000,2026-06-08 17:03:17+00:00,7975.0,38.1,36.5,37.0,-23.480003,-38.129265,36.0,103.0,0.141066557559967,False,REGULAR,USD,2026-08-31,7406.47998046875,0.0362799978256225,call,1.0767598131677214,0.2301369863013698,36.75
SPXW260831C07980000,2026-06-05 12:56:10+00:00,7980.0,60.81,35.5,36.1,0.0,0.0,1.0,3.0,0.1407632921600342,False,REGULAR,USD,2026-08-31,7406.47998046875,0.0362799978256225,call,1.0774348976900836,0.2301369863013698,35.8
SPXW260831C07990000,2026-06-05 19:59:52+00:00,7990.0,33.6,34.0,34.5,0.0,0.0,1.0,49.0,0.1403513089752197,False,REGULAR,USD,2026-08-31,7406.47998046875,0.0362799978256225,call,1.078785066734808,0.2301369863013698,34.25
SPXW260831C07995000,2026-05-27 15:36:39+00:00,7995.0,67.0,33.3,33.7,0.0,0.0,14.0,14.0,0.1401186147689819,False,REGULAR,USD,2026-08-31,7406.47998046875,0.0362799978256225,call,1.0794601512571702,0.2301369863013698,33.5
SPXW260831C08000000,2026-06-08 15:50:31+00:00,8000.0,37.59,31.9,32.4,9.969999,36.097027,19.0,727.0,0.1392221698760986,False,REGULAR,USD,2026-08-31,7406.47998046875,0.0362799978256225,call,1.0801352357795324,0.2301369863013698,32.15
SPXW260831C08005000,2026-06-08 00:52:21+00:00,8005.0,32.3,31.7,32.2,-8.299999,-20.44335,1.0,1.0,0.1397352415275573,False,REGULAR,USD,2026-08-31,7406.47998046875,0.0362799978256225,call,1.0808103203018946,0.2301369863013698,31.950000000000003
SPXW260831C08010000,2026-05-27 15:22:06+00:00,8010.0,63.51,31.0,31.5,0.0,0.0,1.0,13.0,0.1395845624923706,False,REGULAR,USD,2026-08-31,7406.47998046875,0.0362799978256225,call,1.0814854048242568,0.2301369863013698,31.25
SPXW260831C08020000,2026-05-29 19:49:30+00:00,8020.0,70.55,29.7,30.2,0.0,0.0,2.0,2.0,0.1393728489112854,False,REGULAR,USD,2026-08-31,7406.47998046875,0.0362799978256225,call,1.0828355738689812,0.2301369863013698,29.95
SPXW260831C08025000,2026-06-05 16:51:42+00:00,8025.0,33.85,29.0,29.4,-3.1000023,-8.389722,1.0,41.0,0.1390390662384033,False,REGULAR,USD,2026-08-31,7406.47998046875,0.0362799978256225,call,1.0835106583913434,0.2301369863013698,29.2
SPXW260831C08030000,2026-06-04 15:22:33+00:00,8030.0,58.12,28.2,28.7,0.0,0.0,1.0,2.0,0.1388235379981994,False,REGULAR,USD,2026-08-31,7406.47998046875,0.0362799978256225,call,1.0841857429137056,0.2301369863013698,28.45
SPXW260831C08035000,2026-05-22 17:05:22+00:00,8035.0,59.17,27.7,28.1,0.0,0.0,2.0,5.0,0.1387319861793518,False,REGULAR,USD,2026-08-31,7406.47998046875,0.0362799978256225,call,1.0848608274360678,0.2301369863013698,27.9
SPXW260831C08040000,2026-06-01 14:20:37+00:00,8040.0,60.66,27.0,27.5,0.0,0.0,1.0,3.0,0.1386251757240295,False,REGULAR,USD,2026-08-31,7406.47998046875,0.0362799978256225,call,1.08553591195843,0.2301369863013698,27.25
SPXW260831C08050000,2026-06-05 13:31:33+00:00,8050.0,45.59,25.8,26.2,0.0,0.0,20.0,625.0,0.1382227291870117,False,REGULAR,USD,2026-08-31,7406.47998046875,0.0362799978256225,call,1.0868860810031544,0.2301369863013698,26.0
SPXW260831C08055000,2026-05-29 15:41:51+00:00,8055.0,64.33,24.8,25.4,0.0,0.0,1.0,1.0,0.1377725994110107,False,REGULAR,USD,2026-08-31,7406.47998046875,0.0362799978256225,call,1.0875611655255166,0.2301369863013698,25.1
SPXW260831C08060000,2026-06-05 12:56:10+00:00,8060.0,43.72,24.7,25.2,0.0,0.0,1.0,17.0,0.1381998412322998,False,REGULAR,USD,2026-08-31,7406.47998046875,0.0362799978256225,call,1.0882362500478788,0.2301369863013698,24.95
SPXW260831C08065000,2026-05-29 15:41:51+00:00,8065.0,62.1,24.2,24.7,0.0,0.0,3.0,4.0,0.1381731386184692,False,REGULAR,USD,2026-08-31,7406.47998046875,0.0362799978256225,call,1.088911334570241,0.2301369863013698,24.45
SPXW260831C08070000,2026-06-05 13:19:28+00:00,8070.0,41.51,23.5,23.9,0.0,0.0,1.0,1.0,0.1376676962852478,False,REGULAR,USD,2026-08-31,7406.47998046875,0.0362799978256225,call,1.0895864190926032,0.2301369863013698,23.7
SPXW260831C08075000,2026-06-04 17:11:50+00:00,8075.0,51.35,23.0,23.4,0.0,0.0,9.0,9.0,0.1376066617393493,False,REGULAR,USD,2026-08-31,7406.47998046875,0.0362799978256225,call,1.0902615036149654,0.2301369863013698,23.2
SPXW260831C08080000,2026-06-04 13:35:53+00:00,8080.0,42.34,22.2,22.9,0.0,0.0,1.0,17.0,0.1375322758865356,False,REGULAR,USD,2026-08-31,7406.47998046875,0.0362799978256225,call,1.090936588137328,0.2301369863013698,22.55
SPXW260831C08085000,2026-06-08 16:25:03+00:00,8085.0,26.0,21.4,21.8,-26.95,-50.89707,1.0,1.0,0.1364756153106689,False,REGULAR,USD,2026-08-31,7406.47998046875,0.0362799978256225,call,1.09161167265969,0.2301369863013698,21.6
SPXW260831C08100000,2026-06-08 15:50:31+00:00,8100.0,24.74,20.4,20.8,5.16,26.353422,22.0,102.0,0.1369219304275513,False,REGULAR,USD,2026-08-31,7406.47998046875,0.0362799978256225,call,1.0936369262267769,0.2301369863013698,20.6
SPXW260831C08125000,2026-05-26 15:07:04+00:00,8125.0,46.17,18.1,18.6,0.0,0.0,2.0,3.0,0.1365366498565674,False,REGULAR,USD,2026-08-31,7406.47998046875,0.0362799978256225,call,1.0970123488385877,0.2301369863013698,18.35
SPXW260831C08145000,2026-06-08 17:31:07+00:00,8145.0,18.3,16.0,16.5,-15.5,-45.85799,33.0,20.0,0.13531214427948,False,REGULAR,USD,2026-08-31,7406.47998046875,0.0362799978256225,call,1.0997126869280365,0.2301369863013698,16.25
SPXW260831C08150000,2026-06-01 16:52:12+00:00,8150.0,42.5,16.1,16.4,0.0,0.0,1.0,4.0,0.1357775326919555,False,REGULAR,USD,2026-08-31,7406.47998046875,0.0362799978256225,call,1.100387771450399,0.2301369863013698,16.25
SPXW260831C08190000,2026-06-05 20:11:31+00:00,8190.0,11.01,13.1,13.5,0.0,0.0,4.0,4.0,0.1349764542770385,False,REGULAR,USD,2026-08-31,7406.47998046875,0.0362799978256225,call,1.1057884476292963,0.2301369863013698,13.3
SPXW260831C08200000,2026-06-05 19:34:09+00:00,8200.0,12.46,12.5,12.9,0.0,0.0,52.0,171.0,0.1349001610946655,False,REGULAR,USD,2026-08-31,7406.47998046875,0.0362799978256225,call,1.1071386166740207,0.2301369863013698,12.7
SPXW260831C08210000,2026-06-05 18:51:22+00:00,8210.0,12.6,11.8,12.2,0.0,0.0,1.0,1.0,0.1345377684783935,False,REGULAR,USD,2026-08-31,7406.47998046875,0.0362799978256225,call,1.108488785718745,0.2301369863013698,12.0
SPXW260831C08220000,2026-06-05 13:42:42+00:00,8220.0,19.5,11.3,11.6,0.0,0.0,1.0,1.0,0.1343432208633423,False,REGULAR,USD,2026-08-31,7406.47998046875,0.0362799978256225,call,1.1098389547634695,0.2301369863013698,11.45
SPXW260831C08225000,2026-06-04 14:05:23+00:00,8225.0,21.7,11.0,11.4,0.0,0.0,29.0,30.0,0.1344691046142578,False,REGULAR,USD,2026-08-31,7406.47998046875,0.0362799978256225,call,1.1105140392858317,0.2301369863013698,11.2
SPXW260831C08250000,2026-06-05 16:20:43+00:00,8250.0,11.79,9.6,10.0,-1.5600004,-11.685396,3.0,38.0,0.1339045350646973,False,REGULAR,USD,2026-08-31,7406.47998046875,0.0362799978256225,call,1.1138894618976427,0.2301369863013698,9.8
SPXW260831C08260000,2026-05-29 13:52:02+00:00,8260.0,31.9,9.4,9.7,0.0,0.0,6.0,6.0,0.1342860009765625,False,REGULAR,USD,2026-08-31,7406.47998046875,0.0362799978256225,call,1.115239630942367,0.2301369863013698,9.55
SPXW260831C08275000,2026-06-08 16:02:38+00:00,8275.0,10.4,8.7,9.1,-14.4,-58.064518,3.0,45.0,0.1343699234771729,False,REGULAR,USD,2026-08-31,7406.47998046875,0.0362799978256225,call,1.117264884509454,0.2301369863013698,8.899999999999999
SPXW260831C08280000,2026-06-08 17:10:05+00:00,8280.0,9.15,8.4,8.8,-15.25,-62.5,1.0,1.0,0.1340876387023926,False,REGULAR,USD,2026-08-31,7406.47998046875,0.0362799978256225,call,1.117939969031816,0.2301369863013698,8.600000000000001
SPXW260831C08290000,2026-05-26 15:57:04+00:00,8290.0,23.0,7.8,8.2,0.0,0.0,1.0,52.0,0.1334467759704589,False,REGULAR,USD,2026-08-31,7406.47998046875,0.0362799978256225,call,1.1192901380765403,0.2301369863013698,8.0
SPXW260831C08300000,2026-06-08 17:21:21+00:00,8300.0,8.3,7.7,8.0,0.74000025,9.7883625,33.0,974.0,0.133973198928833,False,REGULAR,USD,2026-08-31,7406.47998046875,0.0362799978256225,call,1.120640307121265,0.2301369863013698,7.85
SPXW260831C08310000,2026-06-05 19:25:26+00:00,8310.0,7.2,7.2,7.6,0.0,0.0,1.0,62.0,0.1338435005187988,False,REGULAR,USD,2026-08-31,7406.47998046875,0.0362799978256225,call,1.1219904761659891,0.2301369863013698,7.4
SPXW260831C08320000,2026-06-05 16:09:49+00:00,8320.0,9.58,6.9,7.2,0.0,0.0,1.0,1.0,0.1336451382446289,False,REGULAR,USD,2026-08-31,7406.47998046875,0.0362799978256225,call,1.1233406452107138,0.2301369863013698,7.050000000000001
SPXW260831C08350000,2026-06-05 19:30:28+00:00,8350.0,6.2,5.9,6.3,0.0,0.0,9.0,20.0,0.133797724609375,False,REGULAR,USD,2026-08-31,7406.47998046875,0.0362799978256225,call,1.127391152344887,0.2301369863013698,6.1
SPXW260831C08370000,2026-06-01 16:33:21+00:00,8370.0,16.2,5.4,5.8,0.0,0.0,25.0,56.0,0.1340571214294433,False,REGULAR,USD,2026-08-31,7406.47998046875,0.0362799978256225,call,1.1300914904343358,0.2301369863013698,5.6
SPXW260831C08380000,2026-06-08 17:10:05+00:00,8380.0,5.7,5.2,5.4,1.2999997,29.545446,1.0,2.0,0.133523069152832,False,REGULAR,USD,2026-08-31,7406.47998046875,0.0362799978256225,call,1.1314416594790602,0.2301369863013698,5.300000000000001
SPXW260831C08400000,2026-06-08 05:42:06+00:00,8400.0,4.78,4.8,5.0,-0.01999998,-0.41666624,2.0,274.0,0.1339350523376464,False,REGULAR,USD,2026-08-31,7406.47998046875,0.0362799978256225,call,1.134141997568509,0.2301369863013698,4.9
SPXW260831C08410000,2026-06-05 18:25:23+00:00,8410.0,5.1,4.5,4.7,0.0,0.0,1.0,5.0,0.1336375089263916,False,REGULAR,USD,2026-08-31,7406.47998046875,0.0362799978256225,call,1.1354921666132334,0.2301369863013698,4.6
SPXW260831C08425000,2026-06-08 02:24:00+00:00,8425.0,4.63,4.2,4.4,-0.4699998,-9.215682,2.0,2.0,0.1337824659729004,False,REGULAR,USD,2026-08-31,7406.47998046875,0.0362799978256225,call,1.13751742018032,0.2301369863013698,4.300000000000001
SPXW260831C08430000,2026-06-05 14:02:47+00:00,8430.0,6.7,4.1,4.3,0.0,0.0,20.0,21.0,0.1338053539276123,False,REGULAR,USD,2026-08-31,7406.47998046875,0.0362799978256225,call,1.1381925047026822,0.2301369863013698,4.199999999999999
SPXW260831C08440000,2026-06-05 14:46:00+00:00,8440.0,6.35,4.0,4.2,0.0,0.0,1.0,1.0,0.1343317768859863,False,REGULAR,USD,2026-08-31,7406.47998046875,0.0362799978256225,call,1.1395426737474068,0.2301369863013698,4.1
SPXW260831C08450000,2026-06-08 05:42:06+00:00,8450.0,3.83,3.7,4.0,-0.07000017,-1.7948761,2.0,13.0,0.1343317768859863,False,REGULAR,USD,2026-08-31,7406.47998046875,0.0362799978256225,call,1.1408928427921312,0.2301369863013698,3.85
SPXW260831C08470000,2026-05-29 13:51:58+00:00,8470.0,13.8,3.4,3.7,0.0,0.0,25.0,25.0,0.1347361307525635,False,REGULAR,USD,2026-08-31,7406.47998046875,0.0362799978256225,call,1.14359318088158,0.2301369863013698,3.55
SPXW260831C08490000,2026-06-05 14:46:00+00:00,8490.0,5.0,3.2,3.4,0.0,0.0,1.0,3.0,0.1350184155273437,False,REGULAR,USD,2026-08-31,7406.47998046875,0.0362799978256225,call,1.1462935189710288,0.2301369863013698,3.3
SPXW260831C08500000,2026-06-08 16:34:16+00:00,8500.0,3.6,3.0,3.3,0.19999981,5.882347,3.0,494.0,0.135399881439209,False,REGULAR,USD,2026-08-31,7406.47998046875,0.0362799978256225,call,1.1476436880157532,0.2301369863013698,3.15
SPXW260831C08540000,2026-06-08 01:52:15+00:00,8540.0,3.0,2.65,2.85,-2.25,-42.857143,5.0,1.0,0.1363916928100585,False,REGULAR,USD,2026-08-31,7406.47998046875,0.0362799978256225,call,1.1530443641946508,0.2301369863013698,2.75
SPXW260831C08550000,2026-06-08 18:34:08+00:00,8550.0,2.95,2.55,2.75,-0.29999995,-9.230768,23.0,3.0,0.1366510896301269,False,REGULAR,USD,2026-08-31,7406.47998046875,0.0362799978256225,call,1.1543945332393752,0.2301369863013698,2.65
SPXW260831C08600000,2026-06-08 18:48:05+00:00,8600.0,2.4,2.15,2.3,0.20000005,9.090911,34.0,455.0,0.1379633323669433,False,REGULAR,USD,2026-08-31,7406.47998046875,0.0362799978256225,call,1.1611453784629973,0.2301369863013698,2.225
SPXW260831C08700000,2026-06-05 17:30:14+00:00,8700.0,1.8,1.55,1.75,0.0,0.0,33.0,89.0,0.1419763537597656,False,REGULAR,USD,2026-08-31,7406.47998046875,0.0362799978256225,call,1.1746470689102415,0.2301369863013698,1.65
SPXW260831C08800000,2026-06-05 16:54:16+00:00,8800.0,1.4,1.15,1.35,0.0,0.0,4.0,302.0,0.1460046337890624,False,REGULAR,USD,2026-08-31,7406.47998046875,0.0362799978256225,call,1.1881487593574858,0.2301369863013698,1.25
SPXW260831C08900000,2026-06-08 16:29:25+00:00,8900.0,1.1,0.85,1.1,-0.39999998,-26.666664,15.0,261.0,0.1507348110961914,False,REGULAR,USD,2026-08-31,7406.47998046875,0.0362799978256225,call,1.2016504498047298,0.2301369863013698,0.975
SPXW260831C09000000,2026-06-08 16:29:25+00:00,9000.0,0.9,0.7,0.9,0.049999952,5.882347,18.0,191.0,0.1553124020385742,False,REGULAR,USD,2026-08-31,7406.47998046875,0.0362799978256225,call,1.215152140251974,0.2301369863013698,0.8
SPXW260918C07340000,2026-06-02 01:56:21+00:00,7340.0,456.6,337.6,338.4,0.0,0.0,5.0,15.0,0.1942982182312012,True,REGULAR,USD,2026-09-18,7406.47998046875,0.0362799978256225,call,0.991024078827721,0.2794520547945205,338.0
SPX260918C07350000,2026-06-08 11:35:59+00:00,7350.0,356.8,333.3,334.3,26.970001,8.17694,140.0,5406.0,0.1949533859348297,True,REGULAR,USD,2026-09-18,7406.47998046875,0.0362799978256225,call,0.9923742478724454,0.2794520547945205,333.8
SPX260918C07355000,2026-06-05 19:57:47+00:00,7355.0,328.8,329.8,330.7,0.0,0.0,10.0,10.0,0.1942734229469299,True,REGULAR,USD,2026-09-18,7406.47998046875,0.0362799978256225,call,0.9930493323948076,0.2794520547945205,330.25
SPX260918C07360000,2026-05-27 15:00:56+00:00,7360.0,409.0,326.6,327.6,0.0,0.0,2.0,208.0,0.1939062620067596,True,REGULAR,USD,2026-09-18,7406.47998046875,0.0362799978256225,call,0.9937244169171698,0.2794520547945205,327.1
SPX260918C07370000,2026-06-01 17:24:10+00:00,7370.0,449.1,316.9,317.9,0.0,0.0,1.0,26.0,0.1909079399394989,True,REGULAR,USD,2026-09-18,7406.47998046875,0.0362799978256225,call,0.9950745859618942,0.2794520547945205,317.4
SPX260918C07375000,2026-06-05 19:48:37+00:00,7375.0,320.4,314.2,315.2,0.0,0.0,13.0,2909.0,0.190774426870346,True,REGULAR,USD,2026-09-18,7406.47998046875,0.0362799978256225,call,0.9957496704842564,0.2794520547945205,314.7
SPXW260918C07380000,2026-06-05 17:38:48+00:00,7380.0,352.7,311.4,312.3,0.0,0.0,1.0,2.0,0.1905045397377014,True,REGULAR,USD,2026-09-18,7406.47998046875,0.0362799978256225,call,0.9964247550066186,0.2794520547945205,311.85
SPX260918C07385000,2026-05-29 14:31:57+00:00,7385.0,434.15,310.2,311.1,0.0,0.0,1.0,10.0,0.1913132474708557,True,REGULAR,USD,2026-09-18,7406.47998046875,0.0362799978256225,call,0.9970998395289808,0.2794520547945205,310.65
SPX260918C07390000,2026-05-29 14:31:57+00:00,7390.0,430.5,304.4,305.4,0.0,0.0,1.0,18.0,0.1892380729103088,True,REGULAR,USD,2026-09-18,7406.47998046875,0.0362799978256225,call,0.997774924051343,0.2794520547945205,304.9
SPX260918C07395000,2026-05-27 14:54:11+00:00,7395.0,390.0,300.1,301.1,0.0,0.0,2.0,4.0,0.1880507602596283,True,REGULAR,USD,2026-09-18,7406.47998046875,0.0362799978256225,call,0.9984500085737052,0.2794520547945205,300.6
SPXW260918C07400000,2026-06-08 15:17:20+00:00,7400.0,332.22,298.4,299.0,52.619995,18.81974,1.0,96.0,0.1882596128463745,True,REGULAR,USD,2026-09-18,7406.47998046875,0.0362799978256225,call,0.9991250930960676,0.2794520547945205,298.7
SPX260918C07405000,2026-05-22 19:52:22+00:00,7405.0,355.4,296.9,297.8,0.0,0.0,1.0,1.0,0.1890339886474609,True,REGULAR,USD,2026-09-18,7406.47998046875,0.0362799978256225,call,0.9998001776184297,0.2794520547945205,297.35
SPX260918C07410000,2026-06-05 20:00:41+00:00,7410.0,288.8,290.5,291.5,0.0,0.0,12.0,191.0,0.1865468309020996,False,REGULAR,USD,2026-09-18,7406.47998046875,0.0362799978256225,call,1.000475262140792,0.2794520547945205,291.0
SPX260918C07415000,2026-05-27 15:01:07+00:00,7415.0,371.9,288.8,289.8,0.0,0.0,2.0,3.0,0.1869845630359649,False,REGULAR,USD,2026-09-18,7406.47998046875,0.0362799978256225,call,1.0011503466631542,0.2794520547945205,289.3
SPX260918C07420000,2026-06-05 12:45:05+00:00,7420.0,377.9,286.8,287.8,0.0,0.0,8.0,89.0,0.1872229792308807,False,REGULAR,USD,2026-09-18,7406.47998046875,0.0362799978256225,call,1.0018254311855164,0.2794520547945205,287.3
SPX260918C07425000,2026-06-04 17:49:47+00:00,7425.0,404.43,283.3,284.3,0.0,0.0,20.0,1241.0,0.1864972403335571,False,REGULAR,USD,2026-09-18,7406.47998046875,0.0362799978256225,call,1.0025005157078786,0.2794520547945205,283.8
SPXW260918C07430000,2026-06-08 15:17:20+00:00,7430.0,312.19,282.2,282.8,-112.399994,-26.472595,1.0,15.0,0.1870360609340667,False,REGULAR,USD,2026-09-18,7406.47998046875,0.0362799978256225,call,1.0031756002302408,0.2794520547945205,282.5
SPX260918C07435000,2026-06-03 19:51:39+00:00,7435.0,382.7,277.9,278.8,0.0,0.0,8.0,10.0,0.1859746320343017,False,REGULAR,USD,2026-09-18,7406.47998046875,0.0362799978256225,call,1.003850684752603,0.2794520547945205,278.35
SPXW260918C07440000,2026-06-05 18:14:44+00:00,7440.0,296.7,275.8,276.4,0.0,0.0,3.0,7.0,0.1859231341361999,False,REGULAR,USD,2026-09-18,7406.47998046875,0.0362799978256225,call,1.0045257692749652,0.2794520547945205,276.1
SPX260918C07445000,2026-05-22 19:52:22+00:00,7445.0,329.0,271.7,272.6,0.0,0.0,1.0,1.0,0.1849723303508758,False,REGULAR,USD,2026-09-18,7406.47998046875,0.0362799978256225,call,1.0052008537973274,0.2794520547945205,272.15
SPXW260918C07450000,2026-06-08 17:28:27+00:00,7450.0,278.0,269.8,270.4,10.190002,3.8049374,28.0,41.0,0.1850314575672149,False,REGULAR,USD,2026-09-18,7406.47998046875,0.0362799978256225,call,1.0058759383196896,0.2794520547945205,270.1
SPX260918C07455000,2026-05-28 19:52:30+00:00,7455.0,286.67,265.6,266.5,-88.32999,-23.554665,1.0,5.0,0.1839986386108398,False,REGULAR,USD,2026-09-18,7406.47998046875,0.0362799978256225,call,1.0065510228420518,0.2794520547945205,266.05
SPXW260918C07460000,2026-06-03 08:47:37+00:00,7460.0,397.0,263.6,264.4,0.0,0.0,5.0,7.0,0.1841044954013824,False,REGULAR,USD,2026-09-18,7406.47998046875,0.0362799978256225,call,1.007226107364414,0.2794520547945205,264.0
SPX260918C07465000,2026-06-08 05:47:06+00:00,7465.0,249.7,258.7,259.7,-105.2,-29.642153,11.0,8.0,0.1825452534866333,False,REGULAR,USD,2026-09-18,7406.47998046875,0.0362799978256225,call,1.0079011918867762,0.2794520547945205,259.2
SPXW260918C07470000,2026-06-05 17:39:32+00:00,7470.0,292.57,256.8,257.4,0.0,0.0,5.0,17.0,0.1825051995658874,False,REGULAR,USD,2026-09-18,7406.47998046875,0.0362799978256225,call,1.0085762764091384,0.2794520547945205,257.1
SPX260918C07475000,2026-06-02 19:59:25+00:00,7475.0,388.49,253.4,254.3,0.0,0.0,3.0,1268.0,0.1819463520050049,False,REGULAR,USD,2026-09-18,7406.47998046875,0.0362799978256225,call,1.0092513609315006,0.2794520547945205,253.85
SPXW260918C07480000,2026-06-05 18:26:19+00:00,7480.0,266.4,251.6,252.4,0.0,0.0,1.0,7.0,0.1821447142791748,False,REGULAR,USD,2026-09-18,7406.47998046875,0.0362799978256225,call,1.0099264454538628,0.2794520547945205,252.0
SPX260918C07485000,2026-06-08 05:47:06+00:00,7485.0,238.1,247.5,248.5,-28.899994,-10.823968,12.0,19.0,0.1810575364303588,False,REGULAR,USD,2026-09-18,7406.47998046875,0.0362799978256225,call,1.010601529976225,0.2794520547945205,248.0
SPXW260918C07490000,2026-06-05 16:55:58+00:00,7490.0,279.12,243.4,244.0,0.0,0.0,5.0,17.0,0.1795784023571014,False,REGULAR,USD,2026-09-18,7406.47998046875,0.0362799978256225,call,1.0112766144985872,0.2794520547945205,243.7
SPX260918C07495000,2026-05-22 13:44:27+00:00,7495.0,311.69,242.0,242.9,0.0,0.0,1.0,13.0,0.1802602726745605,False,REGULAR,USD,2026-09-18,7406.47998046875,0.0362799978256225,call,1.0119516990209494,0.2794520547945205,242.45
SPX260918C07500000,2026-06-08 17:06:06+00:00,7500.0,244.41,238.9,239.8,4.699997,1.9607012,46.0,10777.0,0.1796556492042541,False,REGULAR,USD,2026-09-18,7406.47998046875,0.0362799978256225,call,1.0126267835433116,0.2794520547945205,239.35
SPX260918C07505000,2026-06-08 14:25:37+00:00,7505.0,250.6,235.7,236.6,-24.299988,-8.839574,1.0,1.0,0.1789785472106933,False,REGULAR,USD,2026-09-18,7406.47998046875,0.0362799978256225,call,1.0133018680656738,0.2794520547945205,236.15
SPX260918C07510000,2026-06-08 14:14:57+00:00,7510.0,245.0,233.4,234.3,-57.600006,-19.03503,3.0,205.0,0.1788669684314728,False,REGULAR,USD,2026-09-18,7406.47998046875,0.0362799978256225,call,1.013976952588036,0.2794520547945205,233.85
SPX260918C07515000,2026-06-08 14:24:32+00:00,7515.0,243.1,230.4,231.2,-17.699982,-6.7868032,1.0,75.0,0.1782337350177765,False,REGULAR,USD,2026-09-18,7406.47998046875,0.0362799978256225,call,1.0146520371103982,0.2794520547945205,230.8
SPX260918C07520000,2026-06-08 14:14:38+00:00,7520.0,239.7,227.5,228.4,13.5,5.9681697,1.0,47.0,0.1777836052417755,False,REGULAR,USD,2026-09-18,7406.47998046875,0.0362799978256225,call,1.0153271216327604,0.2794520547945205,227.95
SPX260918C07525000,2026-06-08 19:07:59+00:00,7525.0,230.69,222.2,223.3,10.589996,4.8114476,221.0,3397.0,0.1758476657390594,False,REGULAR,USD,2026-09-18,7406.47998046875,0.0362799978256225,call,1.0160022061551226,0.2794520547945205,222.75
SPX260918C07530000,2026-06-08 14:14:38+00:00,7530.0,234.0,219.2,220.3,-100.880005,-30.124224,2.0,180.0,0.175248764257431,False,REGULAR,USD,2026-09-18,7406.47998046875,0.0362799978256225,call,1.0166772906774848,0.2794520547945205,219.75
SPX260918C07535000,2026-06-05 20:03:03+00:00,7535.0,230.6,219.5,220.4,23.90001,11.562656,2.0,12.0,0.1766325318527221,False,REGULAR,USD,2026-09-18,7406.47998046875,0.0362799978256225,call,1.017352375199847,0.2794520547945205,219.95
SPXW260918C07540000,2026-06-04 16:16:18+00:00,7540.0,318.14,217.4,218.1,0.0,0.0,1.0,1.0,0.1764646868515014,False,REGULAR,USD,2026-09-18,7406.47998046875,0.0362799978256225,call,1.0180274597222092,0.2794520547945205,217.75
SPX260918C07545000,2026-06-05 13:42:50+00:00,7545.0,228.5,211.3,212.5,-48.299988,-17.449419,1.0,6.0,0.1741625400733948,False,REGULAR,USD,2026-09-18,7406.47998046875,0.0362799978256225,call,1.0187025442445716,0.2794520547945205,211.9
SPXW260918C07550000,2026-06-08 17:15:50+00:00,7550.0,217.87,212.0,212.6,-88.630005,-28.916803,1.0,166.0,0.175523419713974,False,REGULAR,USD,2026-09-18,7406.47998046875,0.0362799978256225,call,1.0193776287669338,0.2794520547945205,212.3
SPX260918C07555000,2026-06-08 14:24:42+00:00,7555.0,221.3,208.3,209.2,9.0,4.239284,1.0,85.0,0.1746174381732941,False,REGULAR,USD,2026-09-18,7406.47998046875,0.0362799978256225,call,1.020052713289296,0.2794520547945205,208.75
SPXW260918C07560000,2026-06-08 18:55:18+00:00,7560.0,214.26,206.6,207.2,-92.44002,-30.140207,3.0,0.0,0.1746059941959381,False,REGULAR,USD,2026-09-18,7406.47998046875,0.0362799978256225,call,1.0207277978116582,0.2794520547945205,206.9
SPX260918C07565000,2026-06-05 17:39:23+00:00,7565.0,217.1,202.9,203.8,-17.199997,-7.341015,2.0,7.0,0.1736790320301056,False,REGULAR,USD,2026-09-18,7406.47998046875,0.0362799978256225,call,1.0214028823340204,0.2794520547945205,203.35
SPX260918C07570000,2026-06-05 17:26:00+00:00,7570.0,227.2,200.3,201.3,0.0,0.0,4.0,43.0,0.1733233150672912,False,REGULAR,USD,2026-09-18,7406.47998046875,0.0362799978256225,call,1.0220779668563826,0.2794520547945205,200.8
SPXW260918C07575000,2026-06-05 14:57:32+00:00,7575.0,253.12,199.0,199.7,0.0,0.0,2.0,61.0,0.1735436116313934,False,REGULAR,USD,2026-09-18,7406.47998046875,0.0362799978256225,call,1.0227530513787448,0.2794520547945205,199.35
SPXW260918C07580000,2026-06-08 17:49:39+00:00,7580.0,202.8,193.8,194.5,-86.21001,-29.82942,8.0,14.0,0.1714131245136261,False,REGULAR,USD,2026-09-18,7406.47998046875,0.0362799978256225,call,1.023428135901107,0.2794520547945205,194.15
SPX260918C07585000,2026-06-08 14:30:01+00:00,7585.0,206.3,192.4,193.3,13.699997,7.1131864,1.0,77.0,0.1718737446022034,False,REGULAR,USD,2026-09-18,7406.47998046875,0.0362799978256225,call,1.0241032204234692,0.2794520547945205,192.85
SPXW260918C07590000,2026-06-08 16:41:17+00:00,7590.0,203.2,191.0,191.6,-26.65001,-11.594522,2.0,24.0,0.1719996283531189,False,REGULAR,USD,2026-09-18,7406.47998046875,0.0362799978256225,call,1.0247783049458314,0.2794520547945205,191.3
SPX260918C07595000,2026-06-05 17:40:12+00:00,7595.0,218.3,185.4,186.3,0.0,0.0,3.0,10.0,0.1697632844448089,False,REGULAR,USD,2026-09-18,7406.47998046875,0.0362799978256225,call,1.0254533894681936,0.2794520547945205,185.85
SPXW260918C07600000,2026-06-08 19:12:31+00:00,7600.0,185.47,185.4,185.9,-5.8099976,-3.0374308,45.0,2574.0,0.1707207638835907,False,REGULAR,USD,2026-09-18,7406.47998046875,0.0362799978256225,call,1.0261284739905558,0.2794520547945205,185.65
SPX260918C07605000,2026-06-08 14:26:36+00:00,7605.0,196.2,181.7,182.6,-15.900009,-7.4964685,1.0,8.0,0.1697680527687073,False,REGULAR,USD,2026-09-18,7406.47998046875,0.0362799978256225,call,1.026803558512918,0.2794520547945205,182.15
SPX260918C07610000,2026-06-05 19:55:05+00:00,7610.0,192.9,178.1,179.1,11.099991,6.105605,27.0,56.0,0.1686713382720947,False,REGULAR,USD,2026-09-18,7406.47998046875,0.0362799978256225,call,1.0274786430352802,0.2794520547945205,178.6
SPX260918C07615000,2026-06-03 19:39:13+00:00,7615.0,266.85,177.5,178.4,0.0,0.0,1.0,2.0,0.1694075674819946,False,REGULAR,USD,2026-09-18,7406.47998046875,0.0362799978256225,call,1.0281537275576424,0.2794520547945205,177.95
SPX260918C07620000,2026-06-05 18:12:48+00:00,7620.0,194.3,175.1,175.9,0.0,0.0,6.0,94.0,0.1689488547229767,False,REGULAR,USD,2026-09-18,7406.47998046875,0.0362799978256225,call,1.0288288120800049,0.2794520547945205,175.5
SPX260918C07625000,2026-06-08 17:06:06+00:00,7625.0,177.8,173.0,173.8,-23.699997,-11.7617855,2.0,1371.0,0.1687438167953491,False,REGULAR,USD,2026-09-18,7406.47998046875,0.0362799978256225,call,1.0295038966023669,0.2794520547945205,173.4
SPX260918C07630000,2026-06-05 18:21:55+00:00,7630.0,184.7,170.3,171.2,0.0,0.0,5.0,29.0,0.1681964132118225,False,REGULAR,USD,2026-09-18,7406.47998046875,0.0362799978256225,call,1.030178981124729,0.2794520547945205,170.75
SPX260918C07635000,2026-06-08 16:16:28+00:00,7635.0,185.1,166.0,166.9,-11.099991,-5.6574874,7.0,12.0,0.1665065192222595,False,REGULAR,USD,2026-09-18,7406.47998046875,0.0362799978256225,call,1.0308540656470913,0.2794520547945205,166.45
SPX260918C07640000,2026-06-04 19:50:00+00:00,7640.0,263.7,165.7,166.5,0.0,0.0,1.0,70.0,0.1674010567855834,False,REGULAR,USD,2026-09-18,7406.47998046875,0.0362799978256225,call,1.0315291501694537,0.2794520547945205,166.1
SPX260918C07645000,2026-06-08 14:29:33+00:00,7645.0,176.7,163.3,164.1,-15.0,-7.824726,1.0,3.0,0.1669547416687012,False,REGULAR,USD,2026-09-18,7406.47998046875,0.0362799978256225,call,1.0322042346918157,0.2794520547945205,163.7
SPX260918C07650000,2026-06-08 18:43:44+00:00,7650.0,166.1,161.3,162.0,16.37001,10.93302,72.0,6987.0,0.1666962985134125,False,REGULAR,USD,2026-09-18,7406.47998046875,0.0362799978256225,call,1.032879319214178,0.2794520547945205,161.65
SPX260918C07655000,2026-06-04 19:50:00+00:00,7655.0,254.8,158.6,159.4,0.0,0.0,4.0,19.0,0.1660926287078858,False,REGULAR,USD,2026-09-18,7406.47998046875,0.0362799978256225,call,1.03355440373654,0.2794520547945205,159.0
SPX260918C07660000,2026-06-05 17:40:07+00:00,7660.0,184.0,156.6,157.4,0.0,0.0,5.0,22.0,0.1658809151268006,False,REGULAR,USD,2026-09-18,7406.47998046875,0.0362799978256225,call,1.0342294882589025,0.2794520547945205,157.0
SPX260918C07665000,2026-06-08 14:29:02+00:00,7665.0,166.4,154.2,155.0,2.1100006,1.2843148,1.0,289.0,0.1653878704357147,False,REGULAR,USD,2026-09-18,7406.47998046875,0.0362799978256225,call,1.0349045727812645,0.2794520547945205,154.6
SPX260918C07670000,2026-06-05 18:50:41+00:00,7670.0,157.6,152.0,152.8,0.0,0.0,43.0,79.0,0.1650188021659851,False,REGULAR,USD,2026-09-18,7406.47998046875,0.0362799978256225,call,1.0355796573036269,0.2794520547945205,152.4
SPX260918C07675000,2026-06-04 14:06:13+00:00,7675.0,165.4,147.8,148.7,-47.100006,-22.16471,5.0,2394.0,0.163346074142456,False,REGULAR,USD,2026-09-18,7406.47998046875,0.0362799978256225,call,1.0362547418259889,0.2794520547945205,148.25
SPX260918C07680000,2026-06-05 18:57:18+00:00,7680.0,153.7,146.2,147.1,0.0,0.0,16.0,61.0,0.1633594254493713,False,REGULAR,USD,2026-09-18,7406.47998046875,0.0362799978256225,call,1.036929826348351,0.2794520547945205,146.64999999999998
SPX260918C07685000,2026-06-08 16:48:41+00:00,7685.0,156.3,145.4,146.2,-2.5999908,-1.6362435,31.0,51.0,0.1638438871574402,False,REGULAR,USD,2026-09-18,7406.47998046875,0.0362799978256225,call,1.0376049108707133,0.2794520547945205,145.8
SPXW260918C07690000,2026-06-08 17:25:11+00:00,7690.0,147.11,144.2,144.7,-36.339996,-19.80921,10.0,43.0,0.1639106436920166,False,REGULAR,USD,2026-09-18,7406.47998046875,0.0362799978256225,call,1.0382799953930757,0.2794520547945205,144.45
SPX260918C07695000,2026-06-05 17:25:01+00:00,7695.0,164.6,141.4,142.2,0.0,0.0,1.0,8.0,0.1632783639430999,False,REGULAR,USD,2026-09-18,7406.47998046875,0.0362799978256225,call,1.0389550799154377,0.2794520547945205,141.8
SPXW260918C07700000,2026-06-08 18:35:59+00:00,7700.0,147.93,138.4,139.0,6.549988,4.6328955,13.0,266.0,0.1621492248439788,False,REGULAR,USD,2026-09-18,7406.47998046875,0.0362799978256225,call,1.0396301644378,0.2794520547945205,138.7
SPX260918C07705000,2026-06-08 14:23:12+00:00,7705.0,145.8,136.9,137.7,-79.59999,-35.31499,1.0,9.0,0.1623218381690979,False,REGULAR,USD,2026-09-18,7406.47998046875,0.0362799978256225,call,1.040305248960162,0.2794520547945205,137.3
SPXW260918C07710000,2026-05-29 13:52:04+00:00,7710.0,231.1,136.0,136.6,0.0,0.0,8.0,19.0,0.1626251035690307,False,REGULAR,USD,2026-09-18,7406.47998046875,0.0362799978256225,call,1.0409803334825245,0.2794520547945205,136.3
SPX260918C07715000,2026-06-05 17:25:56+00:00,7715.0,154.4,133.0,133.7,0.0,0.0,3.0,18.0,0.16166476313591,False,REGULAR,USD,2026-09-18,7406.47998046875,0.0362799978256225,call,1.0416554180048865,0.2794520547945205,133.35
SPXW260918C07720000,2026-06-05 15:29:51+00:00,7720.0,168.7,132.0,132.5,0.0,0.0,8.0,26.0,0.1618802913761138,False,REGULAR,USD,2026-09-18,7406.47998046875,0.0362799978256225,call,1.042330502527249,0.2794520547945205,132.25
SPXW260918C07725000,2026-06-08 17:30:34+00:00,7725.0,138.6,129.8,130.4,-28.059998,-16.836672,10.0,308.0,0.1614540032196044,False,REGULAR,USD,2026-09-18,7406.47998046875,0.0362799978256225,call,1.043005587049611,0.2794520547945205,130.10000000000002
SPXW260918C07730000,2026-06-02 14:06:52+00:00,7730.0,216.4,127.9,128.4,0.0,0.0,3.0,28.0,0.1610868422794342,False,REGULAR,USD,2026-09-18,7406.47998046875,0.0362799978256225,call,1.0436806715719733,0.2794520547945205,128.15
SPXW260918C07740000,2026-06-03 16:56:02+00:00,7740.0,194.0,124.1,124.5,0.0,0.0,8.0,23.0,0.1603868523311615,False,REGULAR,USD,2026-09-18,7406.47998046875,0.0362799978256225,call,1.0450308406166977,0.2794520547945205,124.3
SPX260918C07750000,2026-06-08 17:54:07+00:00,7750.0,125.2,118.8,119.6,-15.770004,-11.186781,4.0,4172.0,0.1589201159000396,False,REGULAR,USD,2026-09-18,7406.47998046875,0.0362799978256225,call,1.046381009661422,0.2794520547945205,119.2
SPXW260918C07760000,2026-06-04 18:00:51+00:00,7760.0,196.6,114.8,115.2,0.0,0.0,8.0,19.0,0.157752830209732,False,REGULAR,USD,2026-09-18,7406.47998046875,0.0362799978256225,call,1.0477311787061463,0.2794520547945205,115.0
SPXW260918C07770000,2026-06-05 13:39:09+00:00,7770.0,159.6,111.7,112.0,0.0,0.0,4.0,15.0,0.1574066498947143,False,REGULAR,USD,2026-09-18,7406.47998046875,0.0362799978256225,call,1.049081347750871,0.2794520547945205,111.85
SPX260918C07775000,2026-06-08 17:14:36+00:00,7775.0,114.6,109.1,109.8,-17.700005,-13.378688,23.0,839.0,0.1567753238105774,False,REGULAR,USD,2026-09-18,7406.47998046875,0.0362799978256225,call,1.0497564322732331,0.2794520547945205,109.45
SPXW260918C07780000,2026-06-05 17:36:05+00:00,7780.0,129.86,109.3,109.8,0.0,0.0,21.0,43.0,0.157755691204071,False,REGULAR,USD,2026-09-18,7406.47998046875,0.0362799978256225,call,1.050431516795595,0.2794520547945205,109.55
SPX260918C07790000,2026-06-04 19:23:16+00:00,7790.0,112.2,103.4,104.2,-71.40001,-38.888893,1.0,63.0,0.155536513261795,False,REGULAR,USD,2026-09-18,7406.47998046875,0.0362799978256225,call,1.0517816858403195,0.2794520547945205,103.8
SPX260918C07800000,2026-06-08 18:38:07+00:00,7800.0,106.64,101.6,102.3,12.5,13.278096,309.0,12099.0,0.1560276506233215,False,REGULAR,USD,2026-09-18,7406.47998046875,0.0362799978256225,call,1.053131854885044,0.2794520547945205,101.95
SPX260918C07810000,2026-06-01 19:58:27+00:00,7810.0,179.9,97.0,97.7,0.0,0.0,1.0,14.0,0.1544312157821655,False,REGULAR,USD,2026-09-18,7406.47998046875,0.0362799978256225,call,1.0544820239297683,0.2794520547945205,97.35
SPXW260918C07820000,2026-06-08 19:12:31+00:00,7820.0,95.66,95.5,96.0,0.9700012,1.0243967,48.0,1879.0,0.155001507320404,False,REGULAR,USD,2026-09-18,7406.47998046875,0.0362799978256225,call,1.055832192974493,0.2794520547945205,95.75
SPXW260918C07825000,2026-06-04 18:17:27+00:00,7825.0,165.8,94.6,95.0,0.0,0.0,5.0,372.0,0.1551598156738281,False,REGULAR,USD,2026-09-18,7406.47998046875,0.0362799978256225,call,1.0565072774968551,0.2794520547945205,94.8
SPXW260918C07830000,2026-06-03 19:32:54+00:00,7830.0,154.2,93.0,93.4,0.0,0.0,19.0,48.0,0.15484319896698,False,REGULAR,USD,2026-09-18,7406.47998046875,0.0362799978256225,call,1.0571823620192171,0.2794520547945205,93.2
SPXW260918C07840000,2026-06-05 19:25:18+00:00,7840.0,89.9,89.8,90.2,0.0,0.0,2.0,24.0,0.1541718189620972,False,REGULAR,USD,2026-09-18,7406.47998046875,0.0362799978256225,call,1.0585325310639415,0.2794520547945205,90.0
SPXW260918C07850000,2026-06-08 15:15:44+00:00,7850.0,101.98,86.9,87.6,15.980003,18.5814,2.0,769.0,0.1539267271137238,False,REGULAR,USD,2026-09-18,7406.47998046875,0.0362799978256225,call,1.059882700108666,0.2794520547945205,87.25
SPXW260918C07860000,2026-06-08 17:11:42+00:00,7860.0,85.6,83.8,84.2,-29.200005,-25.435543,22.0,22.0,0.1529921356296539,False,REGULAR,USD,2026-09-18,7406.47998046875,0.0362799978256225,call,1.0612328691533903,0.2794520547945205,84.0
SPX260918C07870000,2026-06-08 14:28:15+00:00,7870.0,87.8,79.4,80.1,-71.5,-44.883865,1.0,18.0,0.1514214497375488,False,REGULAR,USD,2026-09-18,7406.47998046875,0.0362799978256225,call,1.062583038198115,0.2794520547945205,79.75
SPX260918C07875000,2026-06-08 17:37:58+00:00,7875.0,82.7,78.7,79.5,-13.75,-14.256092,21.0,2978.0,0.1518048229789733,False,REGULAR,USD,2026-09-18,7406.47998046875,0.0362799978256225,call,1.0632581227204772,0.2794520547945205,79.1
SPX260918C07880000,2026-06-08 14:28:25+00:00,7880.0,84.5,77.6,78.2,-18.900002,-18.27853,1.0,28.0,0.1516007387161255,False,REGULAR,USD,2026-09-18,7406.47998046875,0.0362799978256225,call,1.0639332072428394,0.2794520547945205,77.9
SPX260918C07890000,2026-06-08 14:29:19+00:00,7890.0,82.9,74.9,75.6,13.900002,20.14493,1.0,24.0,0.1511572845935822,False,REGULAR,USD,2026-09-18,7406.47998046875,0.0362799978256225,call,1.0652833762875638,0.2794520547945205,75.25
SPXW260918C07900000,2026-06-08 16:33:13+00:00,7900.0,79.83,72.8,73.2,8.830002,12.436623,10.0,214.0,0.150834945898056,False,REGULAR,USD,2026-09-18,7406.47998046875,0.0362799978256225,call,1.0666335453322884,0.2794520547945205,73.0
SPXW260918C07910000,2026-06-08 19:10:34+00:00,7910.0,70.6,70.5,70.9,-44.0,-38.394417,6.0,32.0,0.1505517074584961,False,REGULAR,USD,2026-09-18,7406.47998046875,0.0362799978256225,call,1.0679837143770128,0.2794520547945205,70.7
SPXW260918C07920000,2026-06-08 18:57:41+00:00,7920.0,71.2,67.8,68.2,-63.199997,-47.023808,29.0,10.0,0.149872698135376,False,REGULAR,USD,2026-09-18,7406.47998046875,0.0362799978256225,call,1.0693338834217372,0.2794520547945205,68.0
SPX260918C07925000,2026-06-08 17:21:21+00:00,7925.0,68.5,65.7,66.4,3.7600021,5.8078504,184.0,217.0,0.1491135809707641,False,REGULAR,USD,2026-09-18,7406.47998046875,0.0362799978256225,call,1.0700089679440994,0.2794520547945205,66.05000000000001
SPXW260918C07930000,2026-06-08 17:00:40+00:00,7930.0,69.5,65.6,66.0,-43.9,-38.71252,3.0,18.0,0.1495827840423584,False,REGULAR,USD,2026-09-18,7406.47998046875,0.0362799978256225,call,1.0706840524664616,0.2794520547945205,65.8
SPXW260918C07940000,2026-06-08 15:18:38+00:00,7940.0,75.2,63.2,63.9,-24.800003,-24.800003,4.0,23.0,0.1493348311996459,False,REGULAR,USD,2026-09-18,7406.47998046875,0.0362799978256225,call,1.072034221511186,0.2794520547945205,63.55
SPX260918C07950000,2026-06-08 18:39:04+00:00,7950.0,63.83,60.3,61.0,1.9300003,3.1179326,7.0,2259.0,0.1483067805671692,False,REGULAR,USD,2026-09-18,7406.47998046875,0.0362799978256225,call,1.0733843905559104,0.2794520547945205,60.65
SPX260918C07960000,2026-06-05 20:02:34+00:00,7960.0,64.5,58.1,58.8,11.200001,21.013136,1.0,33.0,0.1478623727798462,False,REGULAR,USD,2026-09-18,7406.47998046875,0.0362799978256225,call,1.0747345596006348,0.2794520547945205,58.45
SPXW260918C07970000,2026-06-08 15:23:39+00:00,7970.0,67.3,56.6,57.0,-36.5,-35.163776,1.0,9.0,0.1477460256767273,False,REGULAR,USD,2026-09-18,7406.47998046875,0.0362799978256225,call,1.0760847286453592,0.2794520547945205,56.8
SPXW260918C07975000,2026-06-08 17:31:09+00:00,7975.0,60.1,55.5,55.9,-31.300003,-34.24508,3.0,129.0,0.147480906867981,False,REGULAR,USD,2026-09-18,7406.47998046875,0.0362799978256225,call,1.0767598131677214,0.2794520547945205,55.7
SPXW260918C07980000,2026-06-08 15:25:03+00:00,7980.0,65.5,54.6,55.0,-22.400002,-25.483507,4.0,14.0,0.1473950770378112,False,REGULAR,USD,2026-09-18,7406.47998046875,0.0362799978256225,call,1.0774348976900836,0.2794520547945205,54.8
SPXW260918C07990000,2026-06-04 19:51:44+00:00,7990.0,101.2,52.6,53.0,0.0,0.0,6.0,12.0,0.1469945378303528,False,REGULAR,USD,2026-09-18,7406.47998046875,0.0362799978256225,call,1.078785066734808,0.2794520547945205,52.8
SPXW260918C08000000,2026-06-08 17:31:08+00:00,8000.0,54.9,49.8,50.2,4.800003,9.580845,3.0,500.0,0.1457395149803161,False,REGULAR,USD,2026-09-18,7406.47998046875,0.0362799978256225,call,1.0801352357795324,0.2794520547945205,50.0
SPXW260918C08010000,2026-06-05 14:42:34+00:00,8010.0,69.9,48.8,49.2,0.0,0.0,2.0,26.0,0.1462392353248596,False,REGULAR,USD,2026-09-18,7406.47998046875,0.0362799978256225,call,1.0814854048242568,0.2794520547945205,49.0
SPXW260918C08025000,2026-06-08 17:31:08+00:00,8025.0,50.0,45.5,45.9,-32.699997,-39.54051,1.0,24.0,0.1450643203163147,False,REGULAR,USD,2026-09-18,7406.47998046875,0.0362799978256225,call,1.0835106583913434,0.2794520547945205,45.7
SPX260918C08030000,2026-06-08 14:28:27+00:00,8030.0,49.3,44.6,45.2,-12.900002,-20.739552,1.0,14.0,0.1450624129867553,False,REGULAR,USD,2026-09-18,7406.47998046875,0.0362799978256225,call,1.0841857429137056,0.2794520547945205,44.900000000000006
SPX260918C08050000,2026-06-08 18:39:04+00:00,8050.0,44.06,41.0,41.7,4.1200027,10.31548,33.0,1516.0,0.1441888560485839,False,REGULAR,USD,2026-09-18,7406.47998046875,0.0362799978256225,call,1.0868860810031544,0.2794520547945205,41.35
SPX260918C08060000,2026-06-08 17:01:25+00:00,8060.0,41.9,39.6,40.3,-9.899998,-19.111965,14.0,35.0,0.1440629722976684,False,REGULAR,USD,2026-09-18,7406.47998046875,0.0362799978256225,call,1.0882362500478788,0.2794520547945205,39.95
SPXW260918C08070000,2026-06-08 15:33:34+00:00,8070.0,43.2,38.3,38.5,-35.600002,-45.177666,8.0,21.0,0.1434335535430908,False,REGULAR,USD,2026-09-18,7406.47998046875,0.0362799978256225,call,1.0895864190926032,0.2794520547945205,38.4
SPXW260918C08075000,2026-06-02 16:07:56+00:00,8075.0,87.7,37.8,38.2,0.0,0.0,2.0,14.0,0.1437921315002441,False,REGULAR,USD,2026-09-18,7406.47998046875,0.0362799978256225,call,1.0902615036149654,0.2794520547945205,38.0
SPX260918C08080000,2026-06-05 15:30:14+00:00,8080.0,51.8,35.9,36.5,0.0,0.0,15.0,20.0,0.1425046840476989,False,REGULAR,USD,2026-09-18,7406.47998046875,0.0362799978256225,call,1.090936588137328,0.2794520547945205,36.2
SPX260918C08090000,2026-06-08 17:44:59+00:00,8090.0,36.5,34.7,35.3,-13.400002,-26.853708,7.0,27.0,0.1424608154678344,False,REGULAR,USD,2026-09-18,7406.47998046875,0.0362799978256225,call,1.0922867571820525,0.2794520547945205,35.0
SPX260918C08100000,2026-06-08 18:55:36+00:00,8100.0,35.82,33.4,34.0,5.92,19.799332,1114.0,11817.0,0.1422510092163085,False,REGULAR,USD,2026-09-18,7406.47998046875,0.0362799978256225,call,1.0936369262267769,0.2794520547945205,33.7
SPX260918C08125000,2026-06-08 18:55:10+00:00,8125.0,32.67,30.5,31.0,4.9699974,17.942228,317.0,1377.0,0.1418428406906127,False,REGULAR,USD,2026-09-18,7406.47998046875,0.0362799978256225,call,1.0970123488385877,0.2794520547945205,30.75
SPX260918C08150000,2026-06-08 18:59:15+00:00,8150.0,29.19,27.5,27.9,1.6400013,5.9528174,1340.0,2454.0,0.1410036156845093,False,REGULAR,USD,2026-09-18,7406.47998046875,0.0362799978256225,call,1.100387771450399,0.2794520547945205,27.7
SPX260918C08175000,2026-06-08 18:40:35+00:00,8175.0,27.07,24.5,25.0,1.1399994,4.3964496,1217.0,224.0,0.1401033561325073,False,REGULAR,USD,2026-09-18,7406.47998046875,0.0362799978256225,call,1.1037631940622097,0.2794520547945205,24.75
SPXW260918C08200000,2026-06-08 16:33:13+00:00,8200.0,25.9,22.7,23.0,-8.800001,-25.360233,6.0,275.0,0.1402368692016601,False,REGULAR,USD,2026-09-18,7406.47998046875,0.0362799978256225,call,1.1071386166740207,0.2794520547945205,22.85
SPX260918C08225000,2026-06-08 18:40:35+00:00,8225.0,21.97,19.9,20.3,0.6700001,3.1455405,432.0,168.0,0.1389875683403015,False,REGULAR,USD,2026-09-18,7406.47998046875,0.0362799978256225,call,1.1105140392858317,0.2794520547945205,20.1
SPX260918C08250000,2026-06-08 18:59:15+00:00,8250.0,19.18,17.7,18.2,1.5900002,9.0392275,1002.0,342.0,0.1383753155517578,False,REGULAR,USD,2026-09-18,7406.47998046875,0.0362799978256225,call,1.1138894618976427,0.2794520547945205,17.95
SPX260918C08275000,2026-06-08 14:27:36+00:00,8275.0,18.8,16.2,16.6,-1.7000008,-8.292686,4.0,245.0,0.1383715008926391,False,REGULAR,USD,2026-09-18,7406.47998046875,0.0362799978256225,call,1.117264884509454,0.2794520547945205,16.4
SPX260918C08300000,2026-06-08 19:07:59+00:00,8300.0,15.54,14.5,15.0,-2.8599997,-15.543477,2387.0,12987.0,0.1381159187316894,False,REGULAR,USD,2026-09-18,7406.47998046875,0.0362799978256225,call,1.120640307121265,0.2794520547945205,14.75
SPX260918C08325000,2026-06-05 16:21:33+00:00,8325.0,18.32,13.0,13.4,0.0,0.0,408.0,406.0,0.1375780517959595,False,REGULAR,USD,2026-09-18,7406.47998046875,0.0362799978256225,call,1.124015729733076,0.2794520547945205,13.2
SPX260918C08350000,2026-06-08 18:39:04+00:00,8350.0,12.87,11.7,12.1,0.35999966,2.877695,10.0,2153.0,0.1374025774765014,False,REGULAR,USD,2026-09-18,7406.47998046875,0.0362799978256225,call,1.127391152344887,0.2794520547945205,11.9
SPX260918C08375000,2026-06-08 15:36:30+00:00,8375.0,12.4,10.5,10.8,1.3999996,12.72727,2.0,1118.0,0.1369562623596191,False,REGULAR,USD,2026-09-18,7406.47998046875,0.0362799978256225,call,1.130766574956698,0.2794520547945205,10.65
SPXW260918C08400000,2026-06-08 13:58:36+00:00,8400.0,10.8,9.5,9.9,0.8000002,8.000002,5.0,308.0,0.1372576204299927,False,REGULAR,USD,2026-09-18,7406.47998046875,0.0362799978256225,call,1.134141997568509,0.2794520547945205,9.7
SPX260918C08425000,2026-06-05 15:31:08+00:00,8425.0,12.8,8.4,8.8,0.0,0.0,3.0,876.0,0.1367884173583984,False,REGULAR,USD,2026-09-18,7406.47998046875,0.0362799978256225,call,1.13751742018032,0.2794520547945205,8.600000000000001
SPXW260918C08450000,2026-06-08 16:22:10+00:00,8450.0,9.65,7.9,8.1,-7.8500004,-44.857147,4.0,61.0,0.1372309178161621,False,REGULAR,USD,2026-09-18,7406.47998046875,0.0362799978256225,call,1.1408928427921312,0.2794520547945205,8.0
SPX260918C08475000,2026-06-08 14:28:14+00:00,8475.0,7.9,6.8,7.2,0.7000003,9.722227,1.0,281.0,0.1368418225860596,False,REGULAR,USD,2026-09-18,7406.47998046875,0.0362799978256225,call,1.1442682654039422,0.2794520547945205,7.0
SPX260918C08500000,2026-06-08 18:51:25+00:00,8500.0,6.85,6.2,6.6,0.4499998,7.031247,70.0,8584.0,0.1372080298614502,False,REGULAR,USD,2026-09-18,7406.47998046875,0.0362799978256225,call,1.1476436880157532,0.2794520547945205,6.4
SPXW260918C08550000,2026-06-01 17:46:58+00:00,8550.0,16.0,5.2,5.4,0.0,0.0,2.0,29.0,0.1373682455444336,False,REGULAR,USD,2026-09-18,7406.47998046875,0.0362799978256225,call,1.1543945332393752,0.2794520547945205,5.300000000000001
SPX260918C08575000,2026-06-08 17:09:31+00:00,8575.0,5.1,4.6,4.9,-4.2999997,-45.74468,1.0,27.0,0.1375437198638916,False,REGULAR,USD,2026-09-18,7406.47998046875,0.0362799978256225,call,1.1577699558511862,0.2794520547945205,4.75
SPXW260918C08600000,2026-06-08 19:08:45+00:00,8600.0,4.6,4.3,4.5,-0.5999999,-11.538461,2.0,106.0,0.1379862203216552,False,REGULAR,USD,2026-09-18,7406.47998046875,0.0362799978256225,call,1.1611453784629973,0.2794520547945205,4.4
SPXW260918C08650000,2026-06-08 18:54:33+00:00,8650.0,4.0,3.7,3.8,-1.73,-30.191973,2.0,3.0,0.1388941091918945,False,REGULAR,USD,2026-09-18,7406.47998046875,0.0362799978256225,call,1.1678962236866195,0.2794520547945205,3.75
SPX260918C08700000,2026-06-08 18:50:59+00:00,8700.0,3.4,3.0,3.3,0.3000002,9.677425,4.0,5693.0,0.140358938293457,False,REGULAR,USD,2026-09-18,7406.47998046875,0.0362799978256225,call,1.1746470689102415,0.2794520547945205,3.15
SPX260918C08800000,2026-06-05 18:47:03+00:00,8800.0,2.65,2.25,2.45,0.35000014,15.217399,1.0,3143.0,0.1428766133117676,False,REGULAR,USD,2026-09-18,7406.47998046875,0.0362799978256225,call,1.1881487593574858,0.2794520547945205,2.35
SPXW260918C08900000,2026-06-05 19:02:23+00:00,8900.0,1.7,1.8,1.95,0.0,0.0,3.0,136.0,0.1465539447021484,False,REGULAR,USD,2026-09-18,7406.47998046875,0.0362799978256225,call,1.2016504498047298,0.2794520547945205,1.875
SPXW260918C09000000,2026-06-05 17:59:04+00:00,9000.0,1.7,1.4,1.55,-0.049999952,-2.85714,12.0,182.0,0.1500329138183594,False,REGULAR,USD,2026-09-18,7406.47998046875,0.0362799978256225,call,1.215152140251974,0.2794520547945205,1.475
SPX260918C09100000,2026-05-29 13:52:02+00:00,9100.0,2.95,1.15,1.35,0.0,0.0,20.0,117.0,0.1549156774902344,False,REGULAR,USD,2026-09-18,7406.47998046875,0.0362799978256225,call,1.228653830699218,0.2794520547945205,1.25
SPXW260918C09200000,2026-06-02 19:50:05+00:00,9200.0,1.15,0.95,1.1,-0.82000005,-41.62437,9.0,383.0,0.1584251638793945,False,REGULAR,USD,2026-09-18,7406.47998046875,0.0362799978256225,call,1.2421555211464623,0.2794520547945205,1.025
SPXW260918C09300000,2026-05-29 13:52:02+00:00,9300.0,2.0,0.8,0.95,0.0,0.0,67.0,67.0,0.1627891339111328,False,REGULAR,USD,2026-09-18,7406.47998046875,0.0362799978256225,call,1.2556572115937064,0.2794520547945205,0.875
SPXW260918C09400000,2026-06-02 19:50:05+00:00,9400.0,1.32,0.65,0.85,0.0,0.0,1.0,168.0,0.1675498284912109,False,REGULAR,USD,2026-09-18,7406.47998046875,0.0362799978256225,call,1.2691589020409506,0.2794520547945205,0.75
SPXW260918C09600000,2026-05-29 19:52:41+00:00,9600.0,0.92,0.55,0.65,0.0,0.0,5.0,84.0,0.1758505267333984,False,REGULAR,USD,2026-09-18,7406.47998046875,0.0362799978256225,call,1.296162282935439,0.2794520547945205,0.6000000000000001
SPXW260930C07335000,2026-05-11 13:57:29+00:00,7335.0,400.1,364.2,365.0,0.0,0.0,1.0,199.0,0.198507694568634,True,REGULAR,USD,2026-09-30,7406.47998046875,0.0362799978256225,call,0.9903489943053588,0.3123287671232876,364.6
SPXW260930C07340000,2026-05-28 18:47:11+00:00,7340.0,474.0,361.0,361.9,0.0,0.0,3.0,285.0,0.1981786802196502,True,REGULAR,USD,2026-09-30,7406.47998046875,0.0362799978256225,call,0.991024078827721,0.3123287671232876,361.45
SPXW260930C07345000,2026-05-28 18:32:57+00:00,7345.0,472.5,357.1,358.2,0.0,0.0,8.0,213.0,0.1974777366065979,True,REGULAR,USD,2026-09-30,7406.47998046875,0.0362799978256225,call,0.9916991633500832,0.3123287671232876,357.65
SPXW260930C07350000,2026-06-05 16:13:43+00:00,7350.0,401.0,353.4,354.4,0.0,0.0,2.0,492.0,0.1967090827941894,True,REGULAR,USD,2026-09-30,7406.47998046875,0.0362799978256225,call,0.9923742478724454,0.3123287671232876,353.9
SPXW260930C07355000,2026-05-20 13:32:57+00:00,7355.0,350.0,350.2,351.6,0.0,0.0,1.0,2.0,0.1965412377929687,True,REGULAR,USD,2026-09-30,7406.47998046875,0.0362799978256225,call,0.9930493323948076,0.3123287671232876,350.9
SPXW260930C07360000,2026-06-01 18:40:06+00:00,7360.0,492.53,346.9,347.8,0.0,0.0,4.0,18.0,0.1957601863384246,True,REGULAR,USD,2026-09-30,7406.47998046875,0.0362799978256225,call,0.9937244169171698,0.3123287671232876,347.35
SPXW260930C07365000,2026-05-01 19:58:51+00:00,7365.0,273.62,342.3,343.4,0.0,0.0,4.0,2.0,0.1946091129493713,True,REGULAR,USD,2026-09-30,7406.47998046875,0.0362799978256225,call,0.994399501439532,0.3123287671232876,342.85
SPXW260930C07370000,2026-06-03 15:42:49+00:00,7370.0,453.37,339.8,341.0,0.0,0.0,10.0,13.0,0.1946625181770324,True,REGULAR,USD,2026-09-30,7406.47998046875,0.0362799978256225,call,0.9950745859618942,0.3123287671232876,340.4
SPXW260930C07375000,2026-06-03 15:42:49+00:00,7375.0,449.72,336.6,337.8,0.0,0.0,10.0,141.0,0.1942257397079467,True,REGULAR,USD,2026-09-30,7406.47998046875,0.0362799978256225,call,0.9957496704842564,0.3123287671232876,337.20000000000005
SPXW260930C07380000,2026-06-05 20:11:05+00:00,7380.0,312.0,330.4,331.4,0.0,0.0,2.0,4.0,0.1918434850883484,True,REGULAR,USD,2026-09-30,7406.47998046875,0.0362799978256225,call,0.9964247550066186,0.3123287671232876,330.9
SPXW260930C07390000,2026-06-02 15:20:05+00:00,7390.0,474.8,327.0,328.2,0.0,0.0,3.0,43.0,0.1928705820560455,True,REGULAR,USD,2026-09-30,7406.47998046875,0.0362799978256225,call,0.997774924051343,0.3123287671232876,327.6
SPXW260930C07395000,2026-06-08 17:13:50+00:00,7395.0,329.8,320.9,321.8,5.5999756,1.7273213,1.0,1.0,0.1904702078056335,True,REGULAR,USD,2026-09-30,7406.47998046875,0.0362799978256225,call,0.9984500085737052,0.3123287671232876,321.35
SPXW260930C07400000,2026-06-08 14:07:03+00:00,7400.0,337.9,320.3,321.3,21.899994,6.9303784,2.0,1640.0,0.1916298641777038,True,REGULAR,USD,2026-09-30,7406.47998046875,0.0362799978256225,call,0.9991250930960676,0.3123287671232876,320.8
SPXW260930C07405000,2026-05-19 17:45:54+00:00,7405.0,330.45,314.2,315.6,0.0,0.0,1.0,7.0,0.189639565782547,True,REGULAR,USD,2026-09-30,7406.47998046875,0.0362799978256225,call,0.9998001776184297,0.3123287671232876,314.9
SPXW260930C07410000,2026-06-04 15:54:01+00:00,7410.0,340.01,313.8,315.0,-81.31998,-19.300781,1.0,18.0,0.1907229289722442,False,REGULAR,USD,2026-09-30,7406.47998046875,0.0362799978256225,call,1.000475262140792,0.3123287671232876,314.4
SPXW260930C07420000,2026-06-08 18:00:22+00:00,7420.0,316.7,307.3,308.2,-2.8099976,-0.8794709,1.0,944.0,0.1894850720882416,False,REGULAR,USD,2026-09-30,7406.47998046875,0.0362799978256225,call,1.0018254311855164,0.3123287671232876,307.75
SPXW260930C07425000,2026-06-08 18:44:05+00:00,7425.0,311.28,300.2,302.2,-51.880005,-14.285715,1.0,290.0,0.1872868747711182,False,REGULAR,USD,2026-09-30,7406.47998046875,0.0362799978256225,call,1.0025005157078786,0.3123287671232876,301.2
SPXW260930C07430000,2026-06-03 17:36:23+00:00,7430.0,407.68,301.4,302.4,0.0,0.0,1.0,42.0,0.188821321401596,False,REGULAR,USD,2026-09-30,7406.47998046875,0.0362799978256225,call,1.0031756002302408,0.3123287671232876,301.9
SPXW260930C07440000,2026-05-28 19:17:31+00:00,7440.0,401.5,292.2,293.6,0.0,0.0,6.0,33.0,0.1863189050197601,False,REGULAR,USD,2026-09-30,7406.47998046875,0.0362799978256225,call,1.0045257692749652,0.3123287671232876,292.9
SPXW260930C07450000,2026-06-08 17:04:20+00:00,7450.0,295.2,287.1,288.0,-104.81998,-26.203686,2.0,581.0,0.185716188879013,False,REGULAR,USD,2026-09-30,7406.47998046875,0.0362799978256225,call,1.0058759383196896,0.3123287671232876,287.55
SPXW260930C07460000,2026-05-15 16:00:06+00:00,7460.0,330.19,279.8,281.0,0.0,0.0,9.0,10.0,0.1842380084705352,False,REGULAR,USD,2026-09-30,7406.47998046875,0.0362799978256225,call,1.007226107364414,0.3123287671232876,280.4
SPXW260930C07465000,2026-06-08 18:44:05+00:00,7465.0,286.23,279.4,280.6,-28.079987,-8.93385,2.0,5.0,0.18535665725708,False,REGULAR,USD,2026-09-30,7406.47998046875,0.0362799978256225,call,1.0079011918867762,0.3123287671232876,280.0
SPXW260930C07470000,2026-05-27 19:43:46+00:00,7470.0,360.2,274.1,275.0,0.0,0.0,1.0,6.0,0.1833310732650756,False,REGULAR,USD,2026-09-30,7406.47998046875,0.0362799978256225,call,1.0085762764091384,0.3123287671232876,274.55
SPXW260930C07475000,2026-06-05 18:39:58+00:00,7475.0,286.51,271.4,272.5,0.0,0.0,5.0,349.0,0.1831670429229736,False,REGULAR,USD,2026-09-30,7406.47998046875,0.0362799978256225,call,1.0092513609315006,0.3123287671232876,271.95
SPXW260930C07480000,2026-06-02 13:31:38+00:00,7480.0,388.67,270.7,271.6,0.0,0.0,2.0,10.0,0.1839614456844329,False,REGULAR,USD,2026-09-30,7406.47998046875,0.0362799978256225,call,1.0099264454538628,0.3123287671232876,271.15
SPXW260930C07485000,2026-05-22 16:09:57+00:00,7485.0,334.5,267.4,268.4,0.0,0.0,2.0,1.0,0.1833596832084655,False,REGULAR,USD,2026-09-30,7406.47998046875,0.0362799978256225,call,1.010601529976225,0.3123287671232876,267.9
SPXW260930C07490000,2026-05-22 16:56:13+00:00,7490.0,331.18,261.9,263.1,0.0,0.0,10.0,10.0,0.1814819172573089,False,REGULAR,USD,2026-09-30,7406.47998046875,0.0362799978256225,call,1.0112766144985872,0.3123287671232876,262.5
SPXW260930C07500000,2026-06-08 19:14:29+00:00,7500.0,258.2,256.6,257.3,19.090012,7.9837785,34.0,2113.0,0.1805997773361206,False,REGULAR,USD,2026-09-30,7406.47998046875,0.0362799978256225,call,1.0126267835433116,0.3123287671232876,256.95000000000005
SPXW260930C07510000,2026-06-05 18:43:16+00:00,7510.0,276.48,253.0,253.9,13.779999,5.2455263,1.0,15.0,0.1811357369422912,False,REGULAR,USD,2026-09-30,7406.47998046875,0.0362799978256225,call,1.013976952588036,0.3123287671232876,253.45
SPXW260930C07520000,2026-05-22 19:13:01+00:00,7520.0,307.23,247.4,248.5,0.0,0.0,21.0,21.0,0.1804319323348999,False,REGULAR,USD,2026-09-30,7406.47998046875,0.0362799978256225,call,1.0153271216327604,0.3123287671232876,247.95
SPXW260930C07525000,2026-06-08 14:42:38+00:00,7525.0,258.83,244.6,245.8,26.689987,11.497367,25.0,808.0,0.1800666787242889,False,REGULAR,USD,2026-09-30,7406.47998046875,0.0362799978256225,call,1.0160022061551226,0.3123287671232876,245.2
SPXW260930C07530000,2026-06-05 20:13:01+00:00,7530.0,222.76,239.0,239.8,0.0,0.0,599.0,500.0,0.1776910997581481,False,REGULAR,USD,2026-09-30,7406.47998046875,0.0362799978256225,call,1.0166772906774848,0.3123287671232876,239.4
SPXW260930C07540000,2026-06-05 16:45:44+00:00,7540.0,262.07,233.5,234.4,0.0,0.0,20.0,26.0,0.1769167239570618,False,REGULAR,USD,2026-09-30,7406.47998046875,0.0362799978256225,call,1.0180274597222092,0.3123287671232876,233.95
SPXW260930C07550000,2026-06-05 19:47:43+00:00,7550.0,240.5,230.5,231.4,7.5899963,3.2587678,8.0,546.0,0.1775690306663513,False,REGULAR,USD,2026-09-30,7406.47998046875,0.0362799978256225,call,1.0193776287669338,0.3123287671232876,230.95
SPXW260930C07555000,2026-06-04 15:13:54+00:00,7555.0,322.59,225.4,226.6,0.0,0.0,6.0,6.0,0.1758724610233307,False,REGULAR,USD,2026-09-30,7406.47998046875,0.0362799978256225,call,1.020052713289296,0.3123287671232876,226.0
SPXW260930C07560000,2026-06-08 11:53:44+00:00,7560.0,240.6,225.4,226.2,-92.44,-27.756426,1.0,20.0,0.1768499674224853,False,REGULAR,USD,2026-09-30,7406.47998046875,0.0362799978256225,call,1.0207277978116582,0.3123287671232876,225.8
SPXW260930C07565000,2026-06-05 18:40:12+00:00,7565.0,233.16,222.8,223.7,0.0,0.0,1.0,4.0,0.1765390727043152,False,REGULAR,USD,2026-09-30,7406.47998046875,0.0362799978256225,call,1.0214028823340204,0.3123287671232876,223.25
SPXW260930C07570000,2026-06-04 15:15:59+00:00,7570.0,234.7,219.9,220.9,-80.280014,-25.487337,7.0,6.0,0.176035537700653,False,REGULAR,USD,2026-09-30,7406.47998046875,0.0362799978256225,call,1.0220779668563826,0.3123287671232876,220.4
SPXW260930C07575000,2026-06-05 19:21:32+00:00,7575.0,212.4,214.6,215.8,0.0,0.0,75.0,141.0,0.174113903169632,False,REGULAR,USD,2026-09-30,7406.47998046875,0.0362799978256225,call,1.0227530513787448,0.3123287671232876,215.2
SPXW260930C07580000,2026-06-05 19:47:43+00:00,7580.0,216.73,214.6,215.4,0.0,0.0,12.0,20.0,0.1750627996253967,False,REGULAR,USD,2026-09-30,7406.47998046875,0.0362799978256225,call,1.023428135901107,0.3123287671232876,215.0
SPXW260930C07585000,2026-06-05 18:47:22+00:00,7585.0,216.89,212.2,213.1,0.0,0.0,5.0,8.0,0.1748386884021759,False,REGULAR,USD,2026-09-30,7406.47998046875,0.0362799978256225,call,1.0241032204234692,0.3123287671232876,212.65
SPXW260930C07590000,2026-06-03 19:26:58+00:00,7590.0,300.33,207.1,208.2,0.0,0.0,2.0,16.0,0.1730066983604431,False,REGULAR,USD,2026-09-30,7406.47998046875,0.0362799978256225,call,1.0247783049458314,0.3123287671232876,207.65
SPXW260930C07595000,2026-06-04 15:15:59+00:00,7595.0,299.13,205.1,205.9,0.0,0.0,1.0,2.0,0.172763513841629,False,REGULAR,USD,2026-09-30,7406.47998046875,0.0362799978256225,call,1.0254533894681936,0.3123287671232876,205.5
SPXW260930C07600000,2026-06-08 17:15:50+00:00,7600.0,209.87,201.8,202.6,7.3899994,3.6497428,13.0,901.0,0.171894725227356,False,REGULAR,USD,2026-09-30,7406.47998046875,0.0362799978256225,call,1.0261284739905558,0.3123287671232876,202.2
SPXW260930C07605000,2026-06-02 14:25:19+00:00,7605.0,310.0,201.9,202.7,0.0,0.0,5.0,16.0,0.1731163698101043,False,REGULAR,USD,2026-09-30,7406.47998046875,0.0362799978256225,call,1.026803558512918,0.3123287671232876,202.3
SPXW260930C07610000,2026-06-08 11:36:31+00:00,7610.0,217.43,199.0,200.0,-52.350006,-19.404701,1.0,55.0,0.1726004371643066,False,REGULAR,USD,2026-09-30,7406.47998046875,0.0362799978256225,call,1.0274786430352802,0.3123287671232876,199.5
SPXW260930C07615000,2026-06-05 19:53:01+00:00,7615.0,201.07,194.3,195.4,0.0,0.0,1.0,5.0,0.1708971918678284,False,REGULAR,USD,2026-09-30,7406.47998046875,0.0362799978256225,call,1.0281537275576424,0.3123287671232876,194.85
SPXW260930C07620000,2026-06-08 15:01:37+00:00,7620.0,219.86,194.2,195.0,15.199997,7.4269505,7.0,5.0,0.171789822101593,False,REGULAR,USD,2026-09-30,7406.47998046875,0.0362799978256225,call,1.0288288120800049,0.3123287671232876,194.6
SPXW260930C07625000,2026-06-05 16:13:24+00:00,7625.0,206.62,189.4,190.6,-20.809998,-9.150067,7.0,114.0,0.1701857579421997,False,REGULAR,USD,2026-09-30,7406.47998046875,0.0362799978256225,call,1.0295038966023669,0.3123287671232876,190.0
SPXW260930C07630000,2026-06-04 15:04:52+00:00,7630.0,269.86,189.0,190.0,0.0,0.0,5.0,10.0,0.1709401067829132,False,REGULAR,USD,2026-09-30,7406.47998046875,0.0362799978256225,call,1.030178981124729,0.3123287671232876,189.5
SPXW260930C07635000,2026-06-02 15:59:39+00:00,7635.0,303.3,186.9,187.8,0.0,0.0,1.0,4.0,0.1706883392810822,False,REGULAR,USD,2026-09-30,7406.47998046875,0.0362799978256225,call,1.0308540656470913,0.3123287671232876,187.35
SPXW260930C07640000,2026-05-27 17:13:51+00:00,7640.0,247.6,184.3,185.3,0.0,0.0,1.0,12.0,0.1702391631698608,False,REGULAR,USD,2026-09-30,7406.47998046875,0.0362799978256225,call,1.0315291501694537,0.3123287671232876,184.8
SPXW260930C07645000,2026-05-22 19:50:01+00:00,7645.0,231.03,181.9,182.9,0.0,0.0,1.0,3.0,0.1698443459510803,False,REGULAR,USD,2026-09-30,7406.47998046875,0.0362799978256225,call,1.0322042346918157,0.3123287671232876,182.4
SPXW260930C07650000,2026-06-05 19:26:49+00:00,7650.0,177.97,177.4,178.5,0.0,0.0,14.0,371.0,0.1681811545753479,False,REGULAR,USD,2026-09-30,7406.47998046875,0.0362799978256225,call,1.032879319214178,0.3123287671232876,177.95
SPXW260930C07660000,2026-06-05 17:12:02+00:00,7660.0,197.59,172.6,173.4,0.0,0.0,3.0,21.0,0.1671454746246338,False,REGULAR,USD,2026-09-30,7406.47998046875,0.0362799978256225,call,1.0342294882589025,0.3123287671232876,173.0
SPXW260930C07665000,2026-06-03 19:08:22+00:00,7665.0,258.85,172.6,173.7,0.0,0.0,1.0,6.0,0.1684176634407043,False,REGULAR,USD,2026-09-30,7406.47998046875,0.0362799978256225,call,1.0349045727812645,0.3123287671232876,173.14999999999998
SPXW260930C07670000,2026-06-05 17:12:02+00:00,7670.0,192.64,170.3,171.4,0.0,0.0,3.0,13.0,0.1680371511936188,False,REGULAR,USD,2026-09-30,7406.47998046875,0.0362799978256225,call,1.0355796573036269,0.3123287671232876,170.85000000000002
SPXW260930C07675000,2026-06-05 18:04:37+00:00,7675.0,189.51,167.8,168.5,0.0,0.0,22.0,2014.0,0.1672646827220917,False,REGULAR,USD,2026-09-30,7406.47998046875,0.0362799978256225,call,1.0362547418259889,0.3123287671232876,168.15
SPXW260930C07680000,2026-06-05 16:11:49+00:00,7680.0,199.28,165.4,166.5,0.0,0.0,1.0,10.0,0.1670548764705658,False,REGULAR,USD,2026-09-30,7406.47998046875,0.0362799978256225,call,1.036929826348351,0.3123287671232876,165.95
SPXW260930C07690000,2026-05-14 15:12:32+00:00,7690.0,252.39,161.1,162.2,0.0,0.0,1.0,1.0,0.1664149674034118,False,REGULAR,USD,2026-09-30,7406.47998046875,0.0362799978256225,call,1.0382799953930757,0.3123287671232876,161.64999999999998
SPXW260930C07700000,2026-06-08 14:42:38+00:00,7700.0,168.1,154.8,155.7,12.25,7.8601217,6.0,718.0,0.1643149975585937,False,REGULAR,USD,2026-09-30,7406.47998046875,0.0362799978256225,call,1.0396301644378,0.3123287671232876,155.25
SPXW260930C07710000,2026-06-05 19:30:21+00:00,7710.0,155.15,152.4,153.3,0.0,0.0,2.0,22.0,0.1648223472213745,False,REGULAR,USD,2026-09-30,7406.47998046875,0.0362799978256225,call,1.0409803334825245,0.3123287671232876,152.85000000000002
SPXW260930C07715000,2026-06-05 18:14:20+00:00,7715.0,161.4,150.3,151.2,-3.7799988,-2.288412,9.0,6.0,0.1644790279006958,False,REGULAR,USD,2026-09-30,7406.47998046875,0.0362799978256225,call,1.0416554180048865,0.3123287671232876,150.75
SPXW260930C07720000,2026-06-08 16:50:35+00:00,7720.0,159.2,146.4,147.0,-67.130005,-29.660233,9.0,43.0,0.1627519409847259,False,REGULAR,USD,2026-09-30,7406.47998046875,0.0362799978256225,call,1.042330502527249,0.3123287671232876,146.7
SPXW260930C07725000,2026-06-05 19:59:43+00:00,7725.0,145.01,146.0,146.8,0.0,0.0,2.0,87.0,0.1636312199115753,False,REGULAR,USD,2026-09-30,7406.47998046875,0.0362799978256225,call,1.043005587049611,0.3123287671232876,146.4
SPXW260930C07735000,2026-06-05 19:30:21+00:00,7735.0,144.65,142.2,143.0,0.0,0.0,2.0,2.0,0.1631362678909302,False,REGULAR,USD,2026-09-30,7406.47998046875,0.0362799978256225,call,1.0443557560943355,0.3123287671232876,142.6
SPXW260930C07740000,2026-06-01 14:04:05+00:00,7740.0,218.19,140.4,141.3,0.0,0.0,2.0,1.0,0.1630065694808959,False,REGULAR,USD,2026-09-30,7406.47998046875,0.0362799978256225,call,1.0450308406166977,0.3123287671232876,140.85000000000002
SPXW260930C07750000,2026-06-08 18:33:40+00:00,7750.0,145.2,136.3,137.1,-8.550003,-5.5609775,10.0,421.0,0.1621873714351654,False,REGULAR,USD,2026-09-30,7406.47998046875,0.0362799978256225,call,1.046381009661422,0.3123287671232876,136.7
SPXW260930C07760000,2026-06-01 17:43:29+00:00,7760.0,226.1,132.3,133.0,0.0,0.0,3.0,18.0,0.1613910613441467,False,REGULAR,USD,2026-09-30,7406.47998046875,0.0362799978256225,call,1.0477311787061463,0.3123287671232876,132.65
SPXW260930C07770000,2026-06-01 17:43:29+00:00,7770.0,220.9,128.5,129.3,0.0,0.0,3.0,5.0,0.1608207698059082,False,REGULAR,USD,2026-09-30,7406.47998046875,0.0362799978256225,call,1.049081347750871,0.3123287671232876,128.9
SPXW260930C07775000,2026-06-05 19:59:43+00:00,7775.0,142.6,126.3,127.1,17.040009,13.571208,3.0,20.0,0.1602809955406189,False,REGULAR,USD,2026-09-30,7406.47998046875,0.0362799978256225,call,1.0497564322732331,0.3123287671232876,126.7
SPXW260930C07780000,2026-06-05 18:05:36+00:00,7780.0,141.4,123.1,124.2,0.0,0.0,8.0,13.0,0.1592510375785827,False,REGULAR,USD,2026-09-30,7406.47998046875,0.0362799978256225,call,1.050431516795595,0.3123287671232876,123.65
SPXW260930C07800000,2026-06-08 14:28:11+00:00,7800.0,127.37,117.1,117.8,10.660004,9.133754,2.0,1250.0,0.1585777502441406,False,REGULAR,USD,2026-09-30,7406.47998046875,0.0362799978256225,call,1.053131854885044,0.3123287671232876,117.45
SPXW260930C07810000,2026-06-05 15:38:29+00:00,7810.0,143.4,114.0,114.8,0.0,0.0,12.0,13.0,0.1583240754127502,False,REGULAR,USD,2026-09-30,7406.47998046875,0.0362799978256225,call,1.0544820239297683,0.3123287671232876,114.4
SPXW260930C07820000,2026-06-04 15:08:33+00:00,7820.0,174.31,110.3,111.0,0.0,0.0,23.0,27.0,0.1574657771110534,False,REGULAR,USD,2026-09-30,7406.47998046875,0.0362799978256225,call,1.055832192974493,0.3123287671232876,110.65
SPXW260930C07825000,2026-06-05 17:36:46+00:00,7825.0,125.7,107.8,108.5,-3.4000092,-2.6336243,1.0,47.0,0.1565903128433228,False,REGULAR,USD,2026-09-30,7406.47998046875,0.0362799978256225,call,1.0565072774968551,0.3123287671232876,108.15
SPXW260930C07840000,2026-06-08 15:33:30+00:00,7840.0,112.98,102.9,103.6,6.630005,6.234137,9.0,101.0,0.1557434585189819,False,REGULAR,USD,2026-09-30,7406.47998046875,0.0362799978256225,call,1.0585325310639415,0.3123287671232876,103.25
SPXW260930C07850000,2026-06-08 17:00:15+00:00,7850.0,103.7,100.9,101.7,-48.86,-32.026745,23.0,58.0,0.1561230171012878,False,REGULAR,USD,2026-09-30,7406.47998046875,0.0362799978256225,call,1.059882700108666,0.3123287671232876,101.3
SPXW260930C07860000,2026-05-29 14:45:47+00:00,7860.0,165.11,97.5,98.2,0.0,0.0,2.0,2.0,0.1552961897373199,False,REGULAR,USD,2026-09-30,7406.47998046875,0.0362799978256225,call,1.0612328691533903,0.3123287671232876,97.85
SPXW260930C07875000,2026-05-26 16:39:20+00:00,7875.0,146.36,92.7,93.4,0.0,0.0,52.0,36.0,0.1542977027130127,False,REGULAR,USD,2026-09-30,7406.47998046875,0.0362799978256225,call,1.0632581227204772,0.3123287671232876,93.05
SPXW260930C07880000,2026-05-29 17:22:02+00:00,7880.0,159.8,91.7,92.3,0.0,0.0,9.0,16.0,0.1543186833381653,False,REGULAR,USD,2026-09-30,7406.47998046875,0.0362799978256225,call,1.0639332072428394,0.3123287671232876,92.0
SPXW260930C07890000,2026-06-08 15:00:42+00:00,7890.0,103.3,88.5,89.2,-45.800003,-30.717642,2.0,13.0,0.1536492106628418,False,REGULAR,USD,2026-09-30,7406.47998046875,0.0362799978256225,call,1.0652833762875638,0.3123287671232876,88.85
SPXW260930C07900000,2026-06-05 19:55:32+00:00,7900.0,94.0,85.9,86.4,5.9000015,6.6969366,5.0,1958.0,0.1531628416252136,False,REGULAR,USD,2026-09-30,7406.47998046875,0.0362799978256225,call,1.0666335453322884,0.3123287671232876,86.15
SPXW260930C07925000,2026-06-08 15:33:30+00:00,7925.0,86.68,78.7,79.4,5.580002,6.880397,9.0,146.0,0.1517476030921936,False,REGULAR,USD,2026-09-30,7406.47998046875,0.0362799978256225,call,1.0700089679440994,0.3123287671232876,79.05000000000001
SPXW260930C07950000,2026-06-05 18:29:56+00:00,7950.0,79.3,72.6,73.4,0.0,0.0,1.0,94.0,0.1508530655288696,False,REGULAR,USD,2026-09-30,7406.47998046875,0.0362799978256225,call,1.0733843905559104,0.3123287671232876,73.0
SPXW260930C07960000,2026-06-05 15:02:11+00:00,7960.0,97.0,70.4,71.0,0.0,0.0,4.0,6.0,0.1504201017189026,False,REGULAR,USD,2026-09-30,7406.47998046875,0.0362799978256225,call,1.0747345596006348,0.3123287671232876,70.7
SPXW260930C07970000,2026-06-05 13:38:30+00:00,7970.0,101.1,67.8,68.5,0.0,0.0,1.0,4.0,0.1498574394989013,False,REGULAR,USD,2026-09-30,7406.47998046875,0.0362799978256225,call,1.0760847286453592,0.3123287671232876,68.15
SPXW260930C07975000,2026-06-08 17:13:54+00:00,7975.0,69.4,66.6,67.3,-24.299995,-25.933826,3.0,43.0,0.1495999500083923,False,REGULAR,USD,2026-09-30,7406.47998046875,0.0362799978256225,call,1.0767598131677214,0.3123287671232876,66.94999999999999
SPXW260930C07990000,2026-06-08 17:00:38+00:00,7990.0,67.7,63.3,64.0,-20.79,-23.49418,4.0,4.0,0.1490182144927978,False,REGULAR,USD,2026-09-30,7406.47998046875,0.0362799978256225,call,1.078785066734808,0.3123287671232876,63.65
SPXW260930C08000000,2026-06-08 18:22:01+00:00,8000.0,65.3,60.4,60.9,4.170002,6.821531,19.0,6954.0,0.1477727282905579,False,REGULAR,USD,2026-09-30,7406.47998046875,0.0362799978256225,call,1.0801352357795324,0.3123287671232876,60.65
SPXW260930C08010000,2026-06-08 17:11:40+00:00,8010.0,60.9,58.9,59.6,-28.0,-31.496063,2.0,9.0,0.148083623008728,False,REGULAR,USD,2026-09-30,7406.47998046875,0.0362799978256225,call,1.0814854048242568,0.3123287671232876,59.25
SPXW260930C08025000,2026-06-08 15:04:54+00:00,8025.0,66.25,55.2,55.9,-2.550003,-3.7063997,1.0,102.0,0.1468820053863525,False,REGULAR,USD,2026-09-30,7406.47998046875,0.0362799978256225,call,1.0835106583913434,0.3123287671232876,55.55
SPXW260930C08050000,2026-06-08 16:01:51+00:00,8050.0,57.38,51.5,52.4,-23.819996,-29.33497,10.0,709.0,0.1471528461837768,False,REGULAR,USD,2026-09-30,7406.47998046875,0.0362799978256225,call,1.0868860810031544,0.3123287671232876,51.95
SPXW260930C08075000,2026-06-04 18:23:20+00:00,8075.0,92.4,46.9,47.6,0.0,0.0,2.0,58.0,0.1459245259475707,False,REGULAR,USD,2026-09-30,7406.47998046875,0.0362799978256225,call,1.0902615036149654,0.3123287671232876,47.25
SPXW260930C08100000,2026-06-08 18:02:05+00:00,8100.0,46.3,42.8,43.4,3.4300003,8.000934,15.0,447.0,0.1450013784408569,False,REGULAR,USD,2026-09-30,7406.47998046875,0.0362799978256225,call,1.0936369262267769,0.3123287671232876,43.1
SPXW260930C08125000,2026-06-02 16:40:24+00:00,8125.0,44.7,39.1,39.7,-41.350002,-48.053455,7.0,50.0,0.1443261837768554,False,REGULAR,USD,2026-09-30,7406.47998046875,0.0362799978256225,call,1.0970123488385877,0.3123287671232876,39.400000000000006
SPXW260930C08150000,2026-06-04 15:35:07+00:00,8150.0,67.4,35.6,36.1,0.0,0.0,7.0,20.0,0.1434850514411926,False,REGULAR,USD,2026-09-30,7406.47998046875,0.0362799978256225,call,1.100387771450399,0.3123287671232876,35.85
SPXW260930C08175000,2026-06-08 15:16:59+00:00,8175.0,39.7,32.0,32.5,8.200001,26.031748,1.0,2029.0,0.1423387463760376,False,REGULAR,USD,2026-09-30,7406.47998046875,0.0362799978256225,call,1.1037631940622097,0.3123287671232876,32.25
SPXW260930C08200000,2026-06-08 13:44:42+00:00,8200.0,34.36,29.5,29.9,4.5699997,15.340717,13.0,838.0,0.1421461060905456,False,REGULAR,USD,2026-09-30,7406.47998046875,0.0362799978256225,call,1.1071386166740207,0.3123287671232876,29.7
SPXW260930C08250000,2026-06-04 15:07:56+00:00,8250.0,46.39,23.8,24.3,0.0,0.0,1.0,61.0,0.1404371388053894,False,REGULAR,USD,2026-09-30,7406.47998046875,0.0362799978256225,call,1.1138894618976427,0.3123287671232876,24.05
SPXW260930C08275000,2026-06-08 14:58:53+00:00,8275.0,27.0,21.9,22.3,-1.7000008,-5.9233475,2.0,33.0,0.1403246063613891,False,REGULAR,USD,2026-09-30,7406.47998046875,0.0362799978256225,call,1.117264884509454,0.3123287671232876,22.1
SPXW260930C08300000,2026-06-05 19:04:21+00:00,8300.0,20.75,19.6,20.0,0.0,0.0,6.0,1793.0,0.1394930106735229,False,REGULAR,USD,2026-09-30,7406.47998046875,0.0362799978256225,call,1.120640307121265,0.3123287671232876,19.8
SPXW260930C08325000,2026-06-08 13:30:03+00:00,8325.0,22.18,17.7,18.2,-1.4699993,-6.2156425,1.0,25.0,0.1392030965805054,False,REGULAR,USD,2026-09-30,7406.47998046875,0.0362799978256225,call,1.124015729733076,0.3123287671232876,17.95
SPXW260930C08350000,2026-06-08 17:37:28+00:00,8350.0,17.56,16.2,16.7,-4.6499996,-20.936514,6.0,84.0,0.1392145405578613,False,REGULAR,USD,2026-09-30,7406.47998046875,0.0362799978256225,call,1.127391152344887,0.3123287671232876,16.45
SPXW260930C08375000,2026-06-05 15:55:24+00:00,8375.0,20.53,14.5,15.0,0.0,0.0,4.0,7.0,0.1386194537353515,False,REGULAR,USD,2026-09-30,7406.47998046875,0.0362799978256225,call,1.130766574956698,0.3123287671232876,14.75
SPXW260930C08400000,2026-06-05 19:41:27+00:00,8400.0,13.59,13.2,13.5,0.0,0.0,22.0,3291.0,0.13814262134552,False,REGULAR,USD,2026-09-30,7406.47998046875,0.0362799978256225,call,1.134141997568509,0.3123287671232876,13.35
SPXW260930C08425000,2026-06-08 17:37:28+00:00,8425.0,13.15,12.0,12.5,-4.25,-24.425287,6.0,2.0,0.1385088286209106,False,REGULAR,USD,2026-09-30,7406.47998046875,0.0362799978256225,call,1.13751742018032,0.3123287671232876,12.25
SPXW260930C08450000,2026-06-08 13:30:03+00:00,8450.0,13.78,11.0,11.3,2.33,20.349346,1.0,1032.0,0.138230358505249,False,REGULAR,USD,2026-09-30,7406.47998046875,0.0362799978256225,call,1.1408928427921312,0.3123287671232876,11.15
SPXW260930C08475000,2026-06-05 15:58:05+00:00,8475.0,14.01,9.8,10.3,0.0,0.0,2.0,1.0,0.1382074705505371,False,REGULAR,USD,2026-09-30,7406.47998046875,0.0362799978256225,call,1.1442682654039422,0.3123287671232876,10.05
SPXW260930C08500000,2026-06-08 17:16:56+00:00,8500.0,9.5,9.0,9.3,-0.19999981,-2.0618536,12.0,1046.0,0.137967147026062,False,REGULAR,USD,2026-09-30,7406.47998046875,0.0362799978256225,call,1.1476436880157532,0.3123287671232876,9.15
SPXW260930C08550000,2026-06-05 15:58:05+00:00,8550.0,10.4,7.4,7.8,0.0,0.0,2.0,5.0,0.1382761344146728,False,REGULAR,USD,2026-09-30,7406.47998046875,0.0362799978256225,call,1.1543945332393752,0.3123287671232876,7.6
SPXW260930C08600000,2026-06-08 19:11:23+00:00,8600.0,6.3,6.2,6.5,-2.54,-28.73303,11.0,754.0,0.1384821260070801,False,REGULAR,USD,2026-09-30,7406.47998046875,0.0362799978256225,call,1.1611453784629973,0.3123287671232876,6.35
SPXW260930C08700000,2026-06-05 17:09:18+00:00,8700.0,5.3,4.3,4.6,0.0,0.0,85.0,940.0,0.1394510494232178,False,REGULAR,USD,2026-09-30,7406.47998046875,0.0362799978256225,call,1.1746470689102415,0.3123287671232876,4.449999999999999
SPXW260930C08800000,2026-06-08 15:40:23+00:00,8800.0,3.9,3.1,3.4,0.95000005,32.203392,2.0,1568.0,0.1413812669372559,False,REGULAR,USD,2026-09-30,7406.47998046875,0.0362799978256225,call,1.1881487593574858,0.3123287671232876,3.25
SPXW260930C08900000,2026-06-05 14:03:06+00:00,8900.0,3.3,2.35,2.6,0.0,0.0,110.0,182.0,0.1438989419555664,False,REGULAR,USD,2026-09-30,7406.47998046875,0.0362799978256225,call,1.2016504498047298,0.3123287671232876,2.475
SPXW260930C09000000,2026-06-05 18:21:22+00:00,9000.0,2.1,1.85,2.1,0.0,0.0,2.0,2022.0,0.1473168765258789,False,REGULAR,USD,2026-09-30,7406.47998046875,0.0362799978256225,call,1.215152140251974,0.3123287671232876,1.975
SPXW260930C09100000,2026-06-03 15:13:37+00:00,9100.0,2.8,1.5,1.75,0.0,0.0,1.0,5.0,0.1511162770080567,False,REGULAR,USD,2026-09-30,7406.47998046875,0.0362799978256225,call,1.228653830699218,0.3123287671232876,1.625
SPXW260930C09400000,2026-06-08 13:51:19+00:00,9400.0,0.95,0.9,1.1,-0.25000006,-20.833338,6.0,1.0,0.1629417202758789,False,REGULAR,USD,2026-09-30,7406.47998046875,0.0362799978256225,call,1.2691589020409506,0.3123287671232876,1.0
SPX261016C07340000,2026-06-02 13:30:13+00:00,7340.0,518.7,389.3,390.8,0.0,0.0,1.0,29.0,0.202150694026947,True,REGULAR,USD,2026-10-16,7406.47998046875,0.0362799978256225,call,0.991024078827721,0.3561643835616438,390.05
SPX261016C07350000,2026-06-05 18:45:07+00:00,7350.0,391.3,379.4,380.7,0.0,0.0,4.0,2135.0,0.1992687190628052,True,REGULAR,USD,2026-10-16,7406.47998046875,0.0362799978256225,call,0.9923742478724454,0.3561643835616438,380.05
SPX261016C07360000,2026-06-08 15:27:24+00:00,7360.0,404.3,373.0,374.5,-116.60004,-22.384342,11.0,77.0,0.1985858950805664,True,REGULAR,USD,2026-10-16,7406.47998046875,0.0362799978256225,call,0.9937244169171698,0.3561643835616438,373.75
SPX261016C07370000,2026-06-05 14:05:37+00:00,7370.0,436.3,369.5,370.9,0.0,0.0,8.0,77.0,0.1993555025577545,True,REGULAR,USD,2026-10-16,7406.47998046875,0.0362799978256225,call,0.9950745859618942,0.3561643835616438,370.2
SPX261016C07375000,2026-06-03 15:48:10+00:00,7375.0,477.97,366.2,367.7,0.0,0.0,3.0,983.0,0.1989358900547027,True,REGULAR,USD,2026-10-16,7406.47998046875,0.0362799978256225,call,0.9957496704842564,0.3561643835616438,366.95
SPX261016C07380000,2026-05-29 18:11:28+00:00,7380.0,478.72,361.8,363.1,0.0,0.0,2.0,17.0,0.1977161528015136,True,REGULAR,USD,2026-10-16,7406.47998046875,0.0362799978256225,call,0.9964247550066186,0.3561643835616438,362.4500000000001
SPX261016C07400000,2026-06-08 18:08:59+00:00,7400.0,361.41,348.1,349.2,20.26001,5.93874,16.0,5755.0,0.1953300835227966,True,REGULAR,USD,2026-10-16,7406.47998046875,0.0362799978256225,call,0.9991250930960676,0.3561643835616438,348.65
SPX261016C07410000,2026-06-03 16:56:02+00:00,7410.0,448.7,340.5,341.7,0.0,0.0,28.0,40.0,0.1937908685684204,False,REGULAR,USD,2026-10-16,7406.47998046875,0.0362799978256225,call,1.000475262140792,0.3561643835616438,341.1
SPX261016C07420000,2026-06-04 16:51:01+00:00,7420.0,455.1,336.6,338.0,0.0,0.0,2.0,22.0,0.1943745114135742,False,REGULAR,USD,2026-10-16,7406.47998046875,0.0362799978256225,call,1.0018254311855164,0.3561643835616438,337.3
SPX261016C07425000,2026-06-02 13:39:09+00:00,7425.0,455.82,330.7,332.2,0.0,0.0,1.0,465.0,0.1924242669391632,False,REGULAR,USD,2026-10-16,7406.47998046875,0.0362799978256225,call,1.0025005157078786,0.3561643835616438,331.45
SPX261016C07430000,2026-06-05 20:02:59+00:00,7430.0,315.33,327.7,328.9,0.0,0.0,15.0,29.0,0.1918806780147552,False,REGULAR,USD,2026-10-16,7406.47998046875,0.0362799978256225,call,1.0031756002302408,0.3561643835616438,328.29999999999995
SPX261016C07440000,2026-06-03 15:44:34+00:00,7440.0,433.2,324.4,325.8,0.0,0.0,9.0,24.0,0.1927523276233673,False,REGULAR,USD,2026-10-16,7406.47998046875,0.0362799978256225,call,1.0045257692749652,0.3561643835616438,325.1
SPXW261016C07450000,2026-06-08 16:42:34+00:00,7450.0,333.02,319.2,320.3,-74.08002,-18.197008,8.0,4.0,0.1922421169662475,False,REGULAR,USD,2026-10-16,7406.47998046875,0.0362799978256225,call,1.0058759383196896,0.3561643835616438,319.75
SPX261016C07460000,2026-06-03 13:50:24+00:00,7460.0,418.5,308.9,310.4,0.0,0.0,9.0,64.0,0.1892199532794952,False,REGULAR,USD,2026-10-16,7406.47998046875,0.0362799978256225,call,1.007226107364414,0.3561643835616438,309.65
SPX261016C07470000,2026-06-05 16:27:16+00:00,7470.0,346.0,304.7,306.1,0.0,0.0,1.0,80.0,0.1893343930530548,False,REGULAR,USD,2026-10-16,7406.47998046875,0.0362799978256225,call,1.0085762764091384,0.3561643835616438,305.4
SPX261016C07480000,2026-06-05 20:02:59+00:00,7480.0,285.43,299.3,300.6,0.0,0.0,16.0,41.0,0.188745028219223,False,REGULAR,USD,2026-10-16,7406.47998046875,0.0362799978256225,call,1.0099264454538628,0.3561643835616438,299.95000000000005
SPX261016C07490000,2026-06-04 16:46:52+00:00,7490.0,405.5,293.3,294.8,0.0,0.0,1.0,13.0,0.1879592084407806,False,REGULAR,USD,2026-10-16,7406.47998046875,0.0362799978256225,call,1.0112766144985872,0.3561643835616438,294.05
SPXW261016C07500000,2026-06-03 15:38:20+00:00,7500.0,392.69,288.6,289.4,0.0,0.0,1.0,26.0,0.1873717509365081,False,REGULAR,USD,2026-10-16,7406.47998046875,0.0362799978256225,call,1.0126267835433116,0.3561643835616438,289.0
SPX261016C07510000,2026-06-05 19:25:49+00:00,7510.0,279.58,281.8,283.3,0.0,0.0,5.0,21.0,0.1863608662700653,False,REGULAR,USD,2026-10-16,7406.47998046875,0.0362799978256225,call,1.013976952588036,0.3561643835616438,282.55
SPX261016C07520000,2026-06-04 13:50:57+00:00,7520.0,356.9,275.8,277.2,0.0,0.0,3.0,11.0,0.1853223253250122,False,REGULAR,USD,2026-10-16,7406.47998046875,0.0362799978256225,call,1.0153271216327604,0.3561643835616438,276.5
SPXW261016C07525000,2026-06-08 12:20:05+00:00,7525.0,294.3,274.2,275.1,19.5,7.0960703,8.0,32.0,0.1853309083080291,False,REGULAR,USD,2026-10-16,7406.47998046875,0.0362799978256225,call,1.0160022061551226,0.3561643835616438,274.65
SPX261016C07530000,2026-06-08 14:24:42+00:00,7530.0,284.3,270.0,271.4,-114.350006,-28.684313,3.0,22.0,0.1844249267673492,False,REGULAR,USD,2026-10-16,7406.47998046875,0.0362799978256225,call,1.0166772906774848,0.3561643835616438,270.7
SPX261016C07540000,2026-06-08 14:24:43+00:00,7540.0,278.7,264.3,265.7,-86.599976,-23.706537,5.0,28.0,0.1835551844882965,False,REGULAR,USD,2026-10-16,7406.47998046875,0.0362799978256225,call,1.0180274597222092,0.3561643835616438,265.0
SPX261016C07550000,2026-06-08 14:38:43+00:00,7550.0,276.7,258.7,260.1,20.700012,8.085942,5.0,788.0,0.1827140521526336,False,REGULAR,USD,2026-10-16,7406.47998046875,0.0362799978256225,call,1.0193776287669338,0.3561643835616438,259.4
SPX261016C07560000,2026-05-29 17:09:02+00:00,7560.0,360.7,250.8,252.0,0.0,0.0,2.0,36.0,0.1804185810279846,False,REGULAR,USD,2026-10-16,7406.47998046875,0.0362799978256225,call,1.0207277978116582,0.3561643835616438,251.4
SPX261016C07570000,2026-06-02 17:18:04+00:00,7570.0,371.69,248.0,249.4,0.0,0.0,2.0,37.0,0.1812272887611389,False,REGULAR,USD,2026-10-16,7406.47998046875,0.0362799978256225,call,1.0220779668563826,0.3561643835616438,248.7
SPX261016C07575000,2026-06-08 17:41:10+00:00,7575.0,250.78,245.0,246.3,6.6799927,2.7365804,1.0,453.0,0.1805950090122223,False,REGULAR,USD,2026-10-16,7406.47998046875,0.0362799978256225,call,1.0227530513787448,0.3561643835616438,245.65
SPX261016C07580000,2026-05-29 14:19:00+00:00,7580.0,254.2,240.0,241.5,-98.59999,-27.947844,1.0,336.0,0.1789814082050323,False,REGULAR,USD,2026-10-16,7406.47998046875,0.0362799978256225,call,1.023428135901107,0.3561643835616438,240.75
SPX261016C07590000,2026-06-08 15:31:32+00:00,7590.0,254.3,237.0,238.4,-104.36,-29.097195,1.0,22.0,0.1794506112766266,False,REGULAR,USD,2026-10-16,7406.47998046875,0.0362799978256225,call,1.0247783049458314,0.3561643835616438,237.7
SPX261016C07600000,2026-06-08 18:08:59+00:00,7600.0,241.25,231.7,232.9,15.600006,6.9133644,8.0,4043.0,0.1785160197925568,False,REGULAR,USD,2026-10-16,7406.47998046875,0.0362799978256225,call,1.0261284739905558,0.3561643835616438,232.3
SPX261016C07610000,2026-06-08 14:15:07+00:00,7610.0,237.1,226.6,227.8,-0.22999573,-0.09690967,1.0,575.0,0.1777797905826568,False,REGULAR,USD,2026-10-16,7406.47998046875,0.0362799978256225,call,1.0274786430352802,0.3561643835616438,227.2
SPX261016C07620000,2026-06-08 14:14:51+00:00,7620.0,232.4,218.5,220.3,-85.49002,-26.892956,4.0,15.0,0.1756254618453979,False,REGULAR,USD,2026-10-16,7406.47998046875,0.0362799978256225,call,1.0288288120800049,0.3561643835616438,219.4
SPX261016C07625000,2026-06-01 19:04:01+00:00,7625.0,337.02,218.7,220.0,0.0,0.0,2.0,576.0,0.1765304897212982,False,REGULAR,USD,2026-10-16,7406.47998046875,0.0362799978256225,call,1.0295038966023669,0.3561643835616438,219.35
SPX261016C07630000,2026-05-22 18:17:52+00:00,7630.0,275.66,216.2,217.5,0.0,0.0,10.0,16.0,0.1761556994628906,False,REGULAR,USD,2026-10-16,7406.47998046875,0.0362799978256225,call,1.030178981124729,0.3561643835616438,216.85
SPX261016C07640000,2026-06-04 14:02:06+00:00,7640.0,286.4,211.4,212.5,0.0,0.0,2.0,77.0,0.1753832309913635,False,REGULAR,USD,2026-10-16,7406.47998046875,0.0362799978256225,call,1.0315291501694537,0.3561643835616438,211.95
SPXW261016C07650000,2026-06-05 18:43:25+00:00,7650.0,216.02,207.3,208.2,0.0,0.0,5.0,56.0,0.1749874601078033,False,REGULAR,USD,2026-10-16,7406.47998046875,0.0362799978256225,call,1.032879319214178,0.3561643835616438,207.75
SPX261016C07660000,2026-06-05 14:48:05+00:00,7660.0,251.38,201.5,202.7,0.0,0.0,300.0,473.0,0.1738583210086822,False,REGULAR,USD,2026-10-16,7406.47998046875,0.0362799978256225,call,1.0342294882589025,0.3561643835616438,202.1
SPX261016C07670000,2026-05-28 18:14:17+00:00,7670.0,287.68,196.7,197.9,0.0,0.0,1.0,28.0,0.1731049258327484,False,REGULAR,USD,2026-10-16,7406.47998046875,0.0362799978256225,call,1.0355796573036269,0.3561643835616438,197.3
SPXW261016C07675000,2026-06-05 18:43:25+00:00,7675.0,203.68,195.6,196.5,0.0,0.0,7.0,52.0,0.1733051954364776,False,REGULAR,USD,2026-10-16,7406.47998046875,0.0362799978256225,call,1.0362547418259889,0.3561643835616438,196.05
SPX261016C07680000,2026-06-01 16:36:19+00:00,7680.0,288.2,191.8,193.1,0.0,0.0,2.0,2.0,0.172319106054306,False,REGULAR,USD,2026-10-16,7406.47998046875,0.0362799978256225,call,1.036929826348351,0.3561643835616438,192.45
SPX261016C07690000,2026-06-01 15:49:25+00:00,7690.0,281.0,187.4,188.5,0.0,0.0,2.0,23.0,0.171617208776474,False,REGULAR,USD,2026-10-16,7406.47998046875,0.0362799978256225,call,1.0382799953930757,0.3561643835616438,187.95
SPXW261016C07700000,2026-06-05 18:53:05+00:00,7700.0,188.0,184.1,184.9,0.0,0.0,51.0,212.0,0.1714779737186432,False,REGULAR,USD,2026-10-16,7406.47998046875,0.0362799978256225,call,1.0396301644378,0.3561643835616438,184.5
SPX261016C07710000,2026-06-05 18:53:05+00:00,7710.0,182.7,178.5,179.7,0.0,0.0,50.0,135.0,0.1703516956138611,False,REGULAR,USD,2026-10-16,7406.47998046875,0.0362799978256225,call,1.0409803334825245,0.3561643835616438,179.1
SPX261016C07720000,2026-06-02 15:42:05+00:00,7720.0,281.8,173.8,174.9,0.0,0.0,3.0,32.0,0.1694285481071472,False,REGULAR,USD,2026-10-16,7406.47998046875,0.0362799978256225,call,1.042330502527249,0.3561643835616438,174.35000000000002
SPXW261016C07725000,2026-06-04 15:23:32+00:00,7725.0,252.56,170.5,171.3,0.0,0.0,42.0,155.0,0.1682288378143311,False,REGULAR,USD,2026-10-16,7406.47998046875,0.0362799978256225,call,1.043005587049611,0.3561643835616438,170.9
SPX261016C07730000,2026-06-05 13:49:31+00:00,7730.0,217.16,169.3,170.5,0.0,0.0,14.0,128.0,0.1687104385280609,False,REGULAR,USD,2026-10-16,7406.47998046875,0.0362799978256225,call,1.0436806715719733,0.3561643835616438,169.9
SPX261016C07740000,2026-06-03 15:41:48+00:00,7740.0,245.2,164.5,165.7,0.0,0.0,1.0,29.0,0.1677129051685333,False,REGULAR,USD,2026-10-16,7406.47998046875,0.0362799978256225,call,1.0450308406166977,0.3561643835616438,165.1
SPX261016C07750000,2026-06-08 16:34:25+00:00,7750.0,171.31,160.9,162.0,11.020004,6.8750424,8.0,2398.0,0.1673505125522614,False,REGULAR,USD,2026-10-16,7406.47998046875,0.0362799978256225,call,1.046381009661422,0.3561643835616438,161.45
SPX261016C07760000,2026-06-05 16:44:15+00:00,7760.0,179.03,156.6,157.8,0.0,0.0,1.0,31.0,0.1666486152744293,False,REGULAR,USD,2026-10-16,7406.47998046875,0.0362799978256225,call,1.0477311787061463,0.3561643835616438,157.2
SPX261016C07770000,2026-06-04 19:21:31+00:00,7770.0,240.8,152.6,153.8,0.0,0.0,1.0,85.0,0.1660344551563263,False,REGULAR,USD,2026-10-16,7406.47998046875,0.0362799978256225,call,1.049081347750871,0.3561643835616438,153.2
SPX261016C07775000,2026-06-05 19:59:46+00:00,7775.0,149.53,148.7,150.0,0.0,0.0,6.0,588.0,0.1645934676742553,False,REGULAR,USD,2026-10-16,7406.47998046875,0.0362799978256225,call,1.0497564322732331,0.3561643835616438,149.35
SPX261016C07780000,2026-06-05 18:49:42+00:00,7780.0,155.02,148.7,149.8,0.0,0.0,1.0,35.0,0.1653850094413757,False,REGULAR,USD,2026-10-16,7406.47998046875,0.0362799978256225,call,1.050431516795595,0.3561643835616438,149.25
SPX261016C07800000,2026-06-08 18:38:07+00:00,7800.0,146.74,140.9,142.0,-4.0599976,-2.692306,7.0,11307.0,0.1641013766479492,False,REGULAR,USD,2026-10-16,7406.47998046875,0.0362799978256225,call,1.053131854885044,0.3561643835616438,141.45
SPX261016C07810000,2026-06-05 13:58:37+00:00,7810.0,178.01,137.0,138.2,0.0,0.0,30.0,43.0,0.1634690968990326,False,REGULAR,USD,2026-10-16,7406.47998046875,0.0362799978256225,call,1.0544820239297683,0.3561643835616438,137.6
SPX261016C07825000,2026-06-05 17:30:25+00:00,7825.0,153.13,131.2,132.1,0.0,0.0,4.0,1116.0,0.1621921397590637,False,REGULAR,USD,2026-10-16,7406.47998046875,0.0362799978256225,call,1.0565072774968551,0.3561643835616438,131.64999999999998
SPX261016C07840000,2026-05-29 14:31:53+00:00,7840.0,208.91,126.3,127.3,0.0,0.0,1.0,1.0,0.1616714387893676,False,REGULAR,USD,2026-10-16,7406.47998046875,0.0362799978256225,call,1.0585325310639415,0.3561643835616438,126.8
SPXW261016C07850000,2026-06-08 16:27:53+00:00,7850.0,134.83,123.7,124.4,-56.67,-29.59269,1.0,6.0,0.1614787985038757,False,REGULAR,USD,2026-10-16,7406.47998046875,0.0362799978256225,call,1.059882700108666,0.3561643835616438,124.05
SPX261016C07860000,2026-06-05 15:51:23+00:00,7860.0,147.4,119.3,120.4,0.0,0.0,1.0,2.0,0.1605270410537719,False,REGULAR,USD,2026-10-16,7406.47998046875,0.0362799978256225,call,1.0612328691533903,0.3561643835616438,119.85
SPXW261016C07875000,2026-06-04 13:46:43+00:00,7875.0,166.8,115.3,116.1,0.0,0.0,6.0,10.0,0.1601570191192627,False,REGULAR,USD,2026-10-16,7406.47998046875,0.0362799978256225,call,1.0632581227204772,0.3561643835616438,115.7
SPX261016C07900000,2026-06-08 16:34:25+00:00,7900.0,111.5,106.4,107.4,2.3399963,2.1436388,12.0,5629.0,0.1583221680831909,False,REGULAR,USD,2026-10-16,7406.47998046875,0.0362799978256225,call,1.0666335453322884,0.3561643835616438,106.9
SPX261016C07910000,2026-06-08 14:56:11+00:00,7910.0,116.0,103.5,104.4,-49.0,-29.69697,5.0,32.0,0.1578472430229187,False,REGULAR,USD,2026-10-16,7406.47998046875,0.0362799978256225,call,1.0679837143770128,0.3561643835616438,103.95
SPX261016C07925000,2026-06-08 17:21:21+00:00,7925.0,102.1,99.0,100.1,4.709999,4.8362246,1.0,262.0,0.1572073339557648,False,REGULAR,USD,2026-10-16,7406.47998046875,0.0362799978256225,call,1.0700089679440994,0.3561643835616438,99.55
SPX261016C07930000,2026-06-01 15:09:41+00:00,7930.0,158.82,96.1,97.2,0.0,0.0,1.0,3.0,0.1559313304805755,False,REGULAR,USD,2026-10-16,7406.47998046875,0.0362799978256225,call,1.0706840524664616,0.3561643835616438,96.65
SPX261016C07940000,2026-06-05 18:36:30+00:00,7940.0,101.46,94.8,95.7,0.0,0.0,1.0,4.0,0.1564110238647461,False,REGULAR,USD,2026-10-16,7406.47998046875,0.0362799978256225,call,1.072034221511186,0.3561643835616438,95.25
SPX261016C07950000,2026-06-08 15:04:58+00:00,7950.0,106.05,91.6,92.6,11.900002,12.639406,275.0,2480.0,0.1557110339164733,False,REGULAR,USD,2026-10-16,7406.47998046875,0.0362799978256225,call,1.0733843905559104,0.3561643835616438,92.1
SPX261016C07970000,2026-06-02 16:41:40+00:00,7970.0,159.21,86.5,87.6,0.0,0.0,2.0,3.0,0.1550682638549805,False,REGULAR,USD,2026-10-16,7406.47998046875,0.0362799978256225,call,1.0760847286453592,0.3561643835616438,87.05
SPX261016C07975000,2026-06-08 14:56:47+00:00,7975.0,96.33,84.8,85.8,6.5699997,7.3195186,5.0,1754.0,0.1544731770324707,False,REGULAR,USD,2026-10-16,7406.47998046875,0.0362799978256225,call,1.0767598131677214,0.3561643835616438,85.3
SPX261016C07980000,2026-06-05 19:28:12+00:00,7980.0,85.07,83.9,84.8,0.0,0.0,4.0,8.0,0.1544674550437927,False,REGULAR,USD,2026-10-16,7406.47998046875,0.0362799978256225,call,1.0774348976900836,0.3561643835616438,84.35
SPXW261016C08000000,2026-06-05 19:48:29+00:00,8000.0,82.5,79.4,80.1,0.0,0.0,1.0,341.0,0.1538323143005371,False,REGULAR,USD,2026-10-16,7406.47998046875,0.0362799978256225,call,1.0801352357795324,0.3561643835616438,79.75
SPXW261016C08025000,2026-06-08 16:08:49+00:00,8025.0,81.2,73.8,74.4,-47.660004,-36.985878,5.0,13.0,0.1529702013397217,False,REGULAR,USD,2026-10-16,7406.47998046875,0.0362799978256225,call,1.0835106583913434,0.3561643835616438,74.1
SPX261016C08030000,2026-06-05 14:26:58+00:00,8030.0,98.22,71.7,72.7,0.0,0.0,10.0,10.0,0.1523217092895508,False,REGULAR,USD,2026-10-16,7406.47998046875,0.0362799978256225,call,1.0841857429137056,0.3561643835616438,72.2
SPX261016C08050000,2026-06-05 19:18:31+00:00,8050.0,65.33,67.4,68.3,0.0,0.0,1.0,124.0,0.1515435188293457,False,REGULAR,USD,2026-10-16,7406.47998046875,0.0362799978256225,call,1.0868860810031544,0.3561643835616438,67.85
SPX261016C08075000,2026-06-05 18:41:15+00:00,8075.0,66.88,61.9,62.9,0.0,0.0,4.0,158.0,0.1504315456962585,False,REGULAR,USD,2026-10-16,7406.47998046875,0.0362799978256225,call,1.0902615036149654,0.3561643835616438,62.4
SPXW261016C08100000,2026-06-04 19:42:02+00:00,8100.0,107.6,57.4,58.0,0.0,0.0,12.0,60.0,0.149498861541748,False,REGULAR,USD,2026-10-16,7406.47998046875,0.0362799978256225,call,1.0936369262267769,0.3561643835616438,57.7
SPXW261016C08125000,2026-06-05 18:22:04+00:00,8125.0,59.9,53.2,53.8,0.0,0.0,15.0,39.0,0.148960994606018,False,REGULAR,USD,2026-10-16,7406.47998046875,0.0362799978256225,call,1.0970123488385877,0.3561643835616438,53.5
SPXW261016C08150000,2026-06-05 18:21:06+00:00,8150.0,55.0,48.9,49.8,0.0,0.0,15.0,30.0,0.1483887957382202,False,REGULAR,USD,2026-10-16,7406.47998046875,0.0362799978256225,call,1.100387771450399,0.3561643835616438,49.35
SPX261016C08175000,2026-06-04 16:46:46+00:00,8175.0,82.5,44.5,45.4,0.0,0.0,15.0,24.0,0.1471871781158447,False,REGULAR,USD,2026-10-16,7406.47998046875,0.0362799978256225,call,1.1037631940622097,0.3561643835616438,44.95
SPX261016C08200000,2026-06-08 15:01:40+00:00,8200.0,49.4,41.0,41.8,12.780003,34.89897,102.0,1803.0,0.1465348714065552,False,REGULAR,USD,2026-10-16,7406.47998046875,0.0362799978256225,call,1.1071386166740207,0.3561643835616438,41.4
SPX261016C08225000,2026-06-03 18:40:28+00:00,8225.0,70.55,37.6,38.4,0.0,0.0,133.0,272.0,0.145861584072113,False,REGULAR,USD,2026-10-16,7406.47998046875,0.0362799978256225,call,1.1105140392858317,0.3561643835616438,38.0
SPXW261016C08250000,2026-06-05 14:52:24+00:00,8250.0,50.3,34.5,35.0,0.0,0.0,17.0,23.0,0.1449422512245178,False,REGULAR,USD,2026-10-16,7406.47998046875,0.0362799978256225,call,1.1138894618976427,0.3561643835616438,34.75
SPX261016C08275000,2026-06-04 17:29:20+00:00,8275.0,61.95,31.2,32.0,0.0,0.0,2.0,503.0,0.1442327246284484,False,REGULAR,USD,2026-10-16,7406.47998046875,0.0362799978256225,call,1.117264884509454,0.3561643835616438,31.6
SPX261016C08300000,2026-06-05 20:14:54+00:00,8300.0,25.72,28.9,29.6,0.0,0.0,7.0,678.0,0.1440324550247192,False,REGULAR,USD,2026-10-16,7406.47998046875,0.0362799978256225,call,1.120640307121265,0.3561643835616438,29.25
SPX261016C08325000,2026-06-05 20:09:30+00:00,8325.0,24.4,26.1,26.8,0.0,0.0,1.0,101.0,0.1430940488815307,False,REGULAR,USD,2026-10-16,7406.47998046875,0.0362799978256225,call,1.124015729733076,0.3561643835616438,26.450000000000003
SPX261016C08350000,2026-06-05 19:42:47+00:00,8350.0,24.28,23.9,24.6,0.0,0.0,1.0,607.0,0.1427202122879028,False,REGULAR,USD,2026-10-16,7406.47998046875,0.0362799978256225,call,1.127391152344887,0.3561643835616438,24.25
SPX261016C08400000,2026-06-08 14:09:32+00:00,8400.0,22.9,20.1,20.7,4.199999,22.459887,19.0,6433.0,0.1420659982490539,False,REGULAR,USD,2026-10-16,7406.47998046875,0.0362799978256225,call,1.134141997568509,0.3561643835616438,20.4
SPX261016C08450000,2026-06-05 18:49:42+00:00,8450.0,17.9,16.7,17.3,0.0,0.0,2.0,15.0,0.1413641009712219,False,REGULAR,USD,2026-10-16,7406.47998046875,0.0362799978256225,call,1.1408928427921312,0.3561643835616438,17.0
SPX261016C08475000,2026-06-08 14:52:25+00:00,8475.0,18.5,15.1,15.8,-14.93,-44.660484,43.0,117.0,0.1410455769348144,False,REGULAR,USD,2026-10-16,7406.47998046875,0.0362799978256225,call,1.1442682654039422,0.3561643835616438,15.45
SPXW261016C08500000,2026-06-08 14:57:32+00:00,8500.0,17.2,14.0,14.5,-4.299999,-19.999998,2.0,107.0,0.1409044345474243,False,REGULAR,USD,2026-10-16,7406.47998046875,0.0362799978256225,call,1.1476436880157532,0.3561643835616438,14.25
SPX261016C08525000,2026-06-05 16:51:50+00:00,8525.0,16.1,12.6,13.2,0.0,0.0,2.0,6.0,0.1405649298858642,False,REGULAR,USD,2026-10-16,7406.47998046875,0.0362799978256225,call,1.1510191106275642,0.3561643835616438,12.9
SPX261016C08600000,2026-06-05 18:41:15+00:00,8600.0,11.38,9.6,10.1,0.77999973,7.3584876,2.0,4731.0,0.1401300587463378,False,REGULAR,USD,2026-10-16,7406.47998046875,0.0362799978256225,call,1.1611453784629973,0.3561643835616438,9.85
SPXW261016C08700000,2026-06-02 15:29:53+00:00,8700.0,18.7,6.9,7.2,0.0,0.0,4.0,33.0,0.1403055330657958,False,REGULAR,USD,2026-10-16,7406.47998046875,0.0362799978256225,call,1.1746470689102415,0.3561643835616438,7.050000000000001
SPX261016C08800000,2026-06-05 19:21:07+00:00,8800.0,4.8,4.9,5.2,0.0,0.0,3.0,1686.0,0.1409769130706787,False,REGULAR,USD,2026-10-16,7406.47998046875,0.0362799978256225,call,1.1881487593574858,0.3561643835616438,5.050000000000001
SPXW261016C08900000,2026-06-08 16:20:49+00:00,8900.0,4.44,3.6,3.9,0.9100001,25.77904,2.0,22.0,0.1425180353546142,False,REGULAR,USD,2026-10-16,7406.47998046875,0.0362799978256225,call,1.2016504498047298,0.3561643835616438,3.75
SPXW261016C09000000,2026-06-08 15:12:32+00:00,9000.0,3.5,2.8,3.1,0.77,28.205128,12.0,27.0,0.1451654087829589,False,REGULAR,USD,2026-10-16,7406.47998046875,0.0362799978256225,call,1.215152140251974,0.3561643835616438,2.95
SPX261016C09100000,2026-06-04 15:26:59+00:00,9100.0,3.95,2.15,2.45,0.0,0.0,2.0,205.0,0.1475915319824219,False,REGULAR,USD,2026-10-16,7406.47998046875,0.0362799978256225,call,1.228653830699218,0.3561643835616438,2.3
SPXW261016C09200000,2026-06-08 16:20:49+00:00,9200.0,2.14,1.8,2.05,-1.52,-41.530052,2.0,55.0,0.1509331733703613,False,REGULAR,USD,2026-10-16,7406.47998046875,0.0362799978256225,call,1.2421555211464623,0.3561643835616438,1.925
SPX261016C09400000,2026-06-04 19:58:43+00:00,9400.0,2.0,1.15,1.5,0.0,0.0,2.0,184.0,0.1579826634216308,False,REGULAR,USD,2026-10-16,7406.47998046875,0.0362799978256225,call,1.2691589020409506,0.3561643835616438,1.325
SPX261016C09600000,2026-05-27 15:45:33+00:00,9600.0,1.7,0.85,1.15,0.0,0.0,4.0,778.0,0.1652610330200195,False,REGULAR,USD,2026-10-16,7406.47998046875,0.0362799978256225,call,1.296162282935439,0.3561643835616438,1.0
SPXW261030C07340000,2026-05-20 18:00:29+00:00,7340.0,442.87,413.4,414.4,0.0,0.0,18.0,18.0,0.2049249048709869,True,REGULAR,USD,2026-10-30,7406.47998046875,0.0362799978256225,call,0.991024078827721,0.3945205479452054,413.9
SPXW261030C07350000,2026-06-02 13:46:32+00:00,7350.0,539.8,407.0,408.4,0.0,0.0,3.0,33.0,0.2043860842704772,True,REGULAR,USD,2026-10-30,7406.47998046875,0.0362799978256225,call,0.9923742478724454,0.3945205479452054,407.7
SPXW261030C07360000,2026-05-22 14:41:14+00:00,7360.0,464.3,400.7,401.6,0.0,0.0,6.0,13.0,0.203393319234848,True,REGULAR,USD,2026-10-30,7406.47998046875,0.0362799978256225,call,0.9937244169171698,0.3945205479452054,401.15
SPXW261030C07370000,2026-05-19 19:09:54+00:00,7370.0,394.6,396.6,397.6,0.0,0.0,9.0,26.0,0.2038911322498321,True,REGULAR,USD,2026-10-30,7406.47998046875,0.0362799978256225,call,0.9950745859618942,0.3945205479452054,397.1
SPXW261030C07375000,2026-05-08 14:33:56+00:00,7375.0,415.78,393.0,394.2,0.0,0.0,1.0,9.0,0.203376153268814,True,REGULAR,USD,2026-10-30,7406.47998046875,0.0362799978256225,call,0.9957496704842564,0.3945205479452054,393.6
SPXW261030C07380000,2026-06-01 17:07:34+00:00,7380.0,516.37,389.8,391.0,0.0,0.0,4.0,31.0,0.2029641700839996,True,REGULAR,USD,2026-10-30,7406.47998046875,0.0362799978256225,call,0.9964247550066186,0.3945205479452054,390.4
SPXW261030C07390000,2026-05-28 17:30:28+00:00,7390.0,494.68,383.0,384.6,0.0,0.0,1.0,19.0,0.2021230377483368,True,REGULAR,USD,2026-10-30,7406.47998046875,0.0362799978256225,call,0.997774924051343,0.3945205479452054,383.8
SPXW261030C07400000,2026-06-08 10:46:19+00:00,7400.0,385.31,371.8,374.2,31.790009,8.992422,1.0,164.0,0.1991085033798217,True,REGULAR,USD,2026-10-30,7406.47998046875,0.0362799978256225,call,0.9991250930960676,0.3945205479452054,373.0
SPXW261030C07410000,2026-05-19 15:42:14+00:00,7410.0,357.7,365.0,367.8,0.0,0.0,4.0,5.0,0.1982263634586334,False,REGULAR,USD,2026-10-30,7406.47998046875,0.0362799978256225,call,1.000475262140792,0.3945205479452054,366.4
SPXW261030C07420000,2026-05-18 18:43:47+00:00,7420.0,359.8,363.9,365.0,0.0,0.0,9.0,27.0,0.1992582287502288,False,REGULAR,USD,2026-10-30,7406.47998046875,0.0362799978256225,call,1.0018254311855164,0.3945205479452054,364.45
SPXW261030C07425000,2026-05-28 17:05:53+00:00,7425.0,472.48,360.6,361.8,0.0,0.0,2.0,44.0,0.1987976086616516,False,REGULAR,USD,2026-10-30,7406.47998046875,0.0362799978256225,call,1.0025005157078786,0.3945205479452054,361.2000000000001
SPXW261030C07430000,2026-06-03 14:15:26+00:00,7430.0,476.81,354.0,355.5,0.0,0.0,1.0,42.0,0.1966652142143249,False,REGULAR,USD,2026-10-30,7406.47998046875,0.0362799978256225,call,1.0031756002302408,0.3945205479452054,354.75
SPXW261030C07440000,2026-05-20 15:31:26+00:00,7440.0,376.83,350.6,351.8,0.0,0.0,1.0,2.0,0.1971668418884277,False,REGULAR,USD,2026-10-30,7406.47998046875,0.0362799978256225,call,1.0045257692749652,0.3945205479452054,351.20000000000005
SPXW261030C07450000,2026-06-08 16:40:25+00:00,7450.0,358.12,342.4,343.4,14.350006,4.1743045,4.0,20.0,0.19512218460083,False,REGULAR,USD,2026-10-30,7406.47998046875,0.0362799978256225,call,1.0058759383196896,0.3945205479452054,342.9
SPXW261030C07460000,2026-06-08 16:38:47+00:00,7460.0,350.4,338.1,339.0,-21.100006,-5.6796784,13.0,222.0,0.1952022924423218,False,REGULAR,USD,2026-10-30,7406.47998046875,0.0362799978256225,call,1.007226107364414,0.3945205479452054,338.55
SPXW261030C07475000,2026-06-05 19:33:41+00:00,7475.0,328.52,328.7,330.1,0.0,0.0,9.0,47.0,0.1940426360702514,False,REGULAR,USD,2026-10-30,7406.47998046875,0.0362799978256225,call,1.0092513609315006,0.3945205479452054,329.4
SPXW261030C07480000,2026-05-29 17:37:40+00:00,7480.0,437.65,325.0,326.3,0.0,0.0,1.0,10.0,0.19319768907547,False,REGULAR,USD,2026-10-30,7406.47998046875,0.0362799978256225,call,1.0099264454538628,0.3945205479452054,325.65
SPXW261030C07500000,2026-06-05 16:33:53+00:00,7500.0,347.4,311.4,312.6,0.0,0.0,15.0,67.0,0.1905608059597015,False,REGULAR,USD,2026-10-30,7406.47998046875,0.0362799978256225,call,1.0126267835433116,0.3945205479452054,312.0
SPXW261030C07510000,2026-05-22 15:36:21+00:00,7510.0,377.04,305.9,306.9,0.0,0.0,1.0,5.0,0.189823623085022,False,REGULAR,USD,2026-10-30,7406.47998046875,0.0362799978256225,call,1.013976952588036,0.3945205479452054,306.4
SPXW261030C07520000,2026-05-29 15:40:31+00:00,7520.0,417.67,299.4,300.6,0.0,0.0,10.0,10.0,0.188739306230545,False,REGULAR,USD,2026-10-30,7406.47998046875,0.0362799978256225,call,1.0153271216327604,0.3945205479452054,300.0
SPXW261030C07525000,2026-06-04 13:47:24+00:00,7525.0,381.79,296.6,297.6,0.0,0.0,4.0,42.0,0.1882691494941711,False,REGULAR,USD,2026-10-30,7406.47998046875,0.0362799978256225,call,1.0160022061551226,0.3945205479452054,297.1
SPXW261030C07530000,2026-06-05 20:01:06+00:00,7530.0,289.6,295.9,297.0,0.0,0.0,7.0,10.0,0.189084532880783,False,REGULAR,USD,2026-10-30,7406.47998046875,0.0362799978256225,call,1.0166772906774848,0.3945205479452054,296.45
SPXW261030C07550000,2026-06-05 17:32:23+00:00,7550.0,314.95,285.0,286.2,0.0,0.0,7.0,72.0,0.1877617998313903,False,REGULAR,USD,2026-10-30,7406.47998046875,0.0362799978256225,call,1.0193776287669338,0.3945205479452054,285.6
SPXW261030C07560000,2026-06-04 16:06:13+00:00,7560.0,378.32,276.4,277.4,0.0,0.0,2.0,16.0,0.1852250515174865,False,REGULAR,USD,2026-10-30,7406.47998046875,0.0362799978256225,call,1.0207277978116582,0.3945205479452054,276.9
SPXW261030C07570000,2026-06-03 15:16:40+00:00,7570.0,376.96,273.8,274.6,0.0,0.0,5.0,9.0,0.185905968170166,False,REGULAR,USD,2026-10-30,7406.47998046875,0.0362799978256225,call,1.0220779668563826,0.3945205479452054,274.20000000000005
SPXW261030C07575000,2026-06-03 12:49:40+00:00,7575.0,388.16,271.0,271.9,0.0,0.0,6.0,61.0,0.1855340389060973,False,REGULAR,USD,2026-10-30,7406.47998046875,0.0362799978256225,call,1.0227530513787448,0.3945205479452054,271.45
SPXW261030C07590000,2026-06-08 15:14:51+00:00,7590.0,289.33,260.3,261.4,-75.32001,-20.655426,4.0,7.0,0.1830745374393462,False,REGULAR,USD,2026-10-30,7406.47998046875,0.0362799978256225,call,1.0247783049458314,0.3945205479452054,260.85
SPXW261030C07600000,2026-06-05 19:57:42+00:00,7600.0,258.5,256.2,257.4,0.0,0.0,39.0,117.0,0.1830306688594817,False,REGULAR,USD,2026-10-30,7406.47998046875,0.0362799978256225,call,1.0261284739905558,0.3945205479452054,256.79999999999995
SPXW261030C07610000,2026-06-05 20:14:27+00:00,7610.0,235.0,252.2,253.4,0.0,0.0,35.0,46.0,0.1829629586601257,False,REGULAR,USD,2026-10-30,7406.47998046875,0.0362799978256225,call,1.0274786430352802,0.3945205479452054,252.8
SPXW261030C07620000,2026-06-01 13:45:26+00:00,7620.0,344.78,244.2,245.2,0.0,0.0,12.0,40.0,0.1805749820518493,False,REGULAR,USD,2026-10-30,7406.47998046875,0.0362799978256225,call,1.0288288120800049,0.3945205479452054,244.7
SPXW261030C07625000,2026-06-05 19:57:42+00:00,7625.0,245.46,241.8,243.0,0.0,0.0,10.0,53.0,0.1804080907154083,False,REGULAR,USD,2026-10-30,7406.47998046875,0.0362799978256225,call,1.0295038966023669,0.3945205479452054,242.4
SPXW261030C07630000,2026-06-03 16:26:18+00:00,7630.0,328.28,241.5,242.8,0.0,0.0,11.0,30.0,0.1813302845573424,False,REGULAR,USD,2026-10-30,7406.47998046875,0.0362799978256225,call,1.030178981124729,0.3945205479452054,242.15
SPXW261030C07640000,2026-06-03 14:11:36+00:00,7640.0,336.8,236.2,237.4,0.0,0.0,1.0,4.0,0.1804166736984253,False,REGULAR,USD,2026-10-30,7406.47998046875,0.0362799978256225,call,1.0315291501694537,0.3945205479452054,236.8
SPXW261030C07650000,2026-06-05 19:41:22+00:00,7650.0,230.71,231.4,232.5,0.0,0.0,85.0,123.0,0.1797510156822204,False,REGULAR,USD,2026-10-30,7406.47998046875,0.0362799978256225,call,1.032879319214178,0.3945205479452054,231.95
SPXW261030C07660000,2026-06-05 18:20:43+00:00,7660.0,241.16,226.2,227.4,0.0,0.0,75.0,22.0,0.1789461226081848,False,REGULAR,USD,2026-10-30,7406.47998046875,0.0362799978256225,call,1.0342294882589025,0.3945205479452054,226.8
SPXW261030C07675000,2026-06-05 19:41:22+00:00,7675.0,218.45,218.7,219.6,0.0,0.0,32.0,49.0,0.1776014552688599,False,REGULAR,USD,2026-10-30,7406.47998046875,0.0362799978256225,call,1.0362547418259889,0.3945205479452054,219.15
SPXW261030C07680000,2026-06-01 18:20:07+00:00,7680.0,330.68,216.5,217.4,0.0,0.0,2.0,7.0,0.1773611317443847,False,REGULAR,USD,2026-10-30,7406.47998046875,0.0362799978256225,call,1.036929826348351,0.3945205479452054,216.95
SPXW261030C07700000,2026-06-08 18:58:12+00:00,7700.0,212.88,207.0,207.9,-16.84999,-7.334693,95.0,53.0,0.1759382638931274,False,REGULAR,USD,2026-10-30,7406.47998046875,0.0362799978256225,call,1.0396301644378,0.3945205479452054,207.45
SPXW261030C07720000,2026-06-08 12:42:35+00:00,7720.0,219.8,197.8,198.6,21.36,10.763959,8.0,4.0,0.1745096740531921,False,REGULAR,USD,2026-10-30,7406.47998046875,0.0362799978256225,call,1.042330502527249,0.3945205479452054,198.2
SPXW261030C07725000,2026-06-01 17:48:34+00:00,7725.0,304.54,195.4,196.6,0.0,0.0,23.0,49.0,0.1743179874324799,False,REGULAR,USD,2026-10-30,7406.47998046875,0.0362799978256225,call,1.043005587049611,0.3945205479452054,196.0
SPXW261030C07740000,2026-06-08 17:03:46+00:00,7740.0,197.1,188.8,189.7,9.900009,5.2884665,5.0,5.0,0.1731878946685791,False,REGULAR,USD,2026-10-30,7406.47998046875,0.0362799978256225,call,1.0450308406166977,0.3945205479452054,189.25
SPXW261030C07750000,2026-06-02 14:59:17+00:00,7750.0,291.53,184.3,185.2,0.0,0.0,10.0,55.0,0.1724535727882385,False,REGULAR,USD,2026-10-30,7406.47998046875,0.0362799978256225,call,1.046381009661422,0.3945205479452054,184.75
SPXW261030C07770000,2026-06-05 19:27:46+00:00,7770.0,176.31,175.4,176.5,0.0,0.0,5.0,6.0,0.1710631295394897,False,REGULAR,USD,2026-10-30,7406.47998046875,0.0362799978256225,call,1.049081347750871,0.3945205479452054,175.95
SPXW261030C07775000,2026-06-05 19:20:57+00:00,7775.0,170.11,172.7,173.8,0.0,0.0,4.0,50.0,0.1703917495346069,False,REGULAR,USD,2026-10-30,7406.47998046875,0.0362799978256225,call,1.0497564322732331,0.3945205479452054,173.25
SPXW261030C07800000,2026-06-02 18:31:44+00:00,7800.0,260.12,163.1,164.0,0.0,0.0,1.0,90.0,0.1690623408317566,False,REGULAR,USD,2026-10-30,7406.47998046875,0.0362799978256225,call,1.053131854885044,0.3945205479452054,163.55
SPXW261030C07825000,2026-06-05 13:39:23+00:00,7825.0,204.92,153.2,154.0,0.0,0.0,60.0,80.0,0.167422037410736,False,REGULAR,USD,2026-10-30,7406.47998046875,0.0362799978256225,call,1.0565072774968551,0.3945205479452054,153.6
SPXW261030C07850000,2026-06-08 17:00:15+00:00,7850.0,150.84,144.1,145.0,-15.710007,-9.432607,20.0,106.0,0.1661822731971741,False,REGULAR,USD,2026-10-30,7406.47998046875,0.0362799978256225,call,1.059882700108666,0.3945205479452054,144.55
SPXW261030C07875000,2026-06-08 12:53:58+00:00,7875.0,151.14,134.7,135.4,-70.72,-31.875957,6.0,41.0,0.1643722174453735,False,REGULAR,USD,2026-10-30,7406.47998046875,0.0362799978256225,call,1.0632581227204772,0.3945205479452054,135.05
SPXW261030C07880000,2026-06-01 17:51:12+00:00,7880.0,223.4,131.8,132.4,0.0,0.0,1.0,13.0,0.1633098348808288,False,REGULAR,USD,2026-10-30,7406.47998046875,0.0362799978256225,call,1.0639332072428394,0.3945205479452054,132.10000000000002
SPXW261030C07900000,2026-06-08 16:44:49+00:00,7900.0,134.19,126.3,127.2,4.4900055,3.4618394,4.0,88.0,0.1632230513858795,False,REGULAR,USD,2026-10-30,7406.47998046875,0.0362799978256225,call,1.0666335453322884,0.3945205479452054,126.75
SPXW261030C07925000,2026-06-08 12:29:30+00:00,7925.0,132.75,117.3,118.0,9.129997,7.3855343,4.0,69.0,0.1612251236724853,False,REGULAR,USD,2026-10-30,7406.47998046875,0.0362799978256225,call,1.0700089679440994,0.3945205479452054,117.65
SPXW261030C07950000,2026-06-08 18:32:42+00:00,7950.0,117.15,110.4,111.2,-39.82,-25.367905,6.0,118.0,0.1605709096336364,False,REGULAR,USD,2026-10-30,7406.47998046875,0.0362799978256225,call,1.0733843905559104,0.3945205479452054,110.8
SPXW261030C07975000,2026-06-08 18:17:15+00:00,7975.0,107.86,103.3,104.0,-59.460007,-35.536697,6.0,38.0,0.1594589365005493,False,REGULAR,USD,2026-10-30,7406.47998046875,0.0362799978256225,call,1.0767598131677214,0.3945205479452054,103.65
SPXW261030C08000000,2026-06-08 18:31:09+00:00,8000.0,102.66,96.3,97.1,5.8600006,6.0537195,13.0,489.0,0.1583431487083435,False,REGULAR,USD,2026-10-30,7406.47998046875,0.0362799978256225,call,1.0801352357795324,0.3945205479452054,96.7
SPXW261030C08025000,2026-06-03 14:09:41+00:00,8025.0,148.1,89.1,89.9,0.0,0.0,2.0,56.0,0.15679630443573,False,REGULAR,USD,2026-10-30,7406.47998046875,0.0362799978256225,call,1.0835106583913434,0.3945205479452054,89.5
SPXW261030C08050000,2026-06-02 13:30:04+00:00,8050.0,142.54,83.3,84.1,0.0,0.0,1.0,110.0,0.1560371872711181,False,REGULAR,USD,2026-10-30,7406.47998046875,0.0362799978256225,call,1.0868860810031544,0.3945205479452054,83.69999999999999
SPXW261030C08075000,2026-06-05 20:14:28+00:00,8075.0,70.22,77.6,78.3,0.0,0.0,3.0,128.0,0.1550739858436585,False,REGULAR,USD,2026-10-30,7406.47998046875,0.0362799978256225,call,1.0902615036149654,0.3945205479452054,77.94999999999999
SPXW261030C08100000,2026-06-05 19:51:28+00:00,8100.0,76.21,71.8,72.5,0.0,0.0,2.0,264.0,0.1538943025112152,False,REGULAR,USD,2026-10-30,7406.47998046875,0.0362799978256225,call,1.0936369262267769,0.3945205479452054,72.15
SPXW261030C08125000,2026-06-05 20:14:28+00:00,8125.0,60.37,66.1,66.8,0.0,0.0,2.0,18.0,0.1525582181549072,False,REGULAR,USD,2026-10-30,7406.47998046875,0.0362799978256225,call,1.0970123488385877,0.3945205479452054,66.44999999999999
SPXW261030C08150000,2026-06-05 17:37:01+00:00,8150.0,68.05,61.8,62.5,-6.7299957,-8.999727,2.0,149.0,0.1521500496292114,False,REGULAR,USD,2026-10-30,7406.47998046875,0.0362799978256225,call,1.100387771450399,0.3945205479452054,62.15
SPXW261030C08175000,2026-06-04 00:15:01+00:00,8175.0,88.04,57.4,58.1,0.0,0.0,2.0,61.0,0.1514672256469726,False,REGULAR,USD,2026-10-30,7406.47998046875,0.0362799978256225,call,1.1037631940622097,0.3945205479452054,57.75
SPXW261030C08200000,2026-06-08 16:01:51+00:00,8200.0,58.74,53.1,53.7,-12.170002,-17.162603,5.0,179.0,0.1505726880836487,False,REGULAR,USD,2026-10-30,7406.47998046875,0.0362799978256225,call,1.1071386166740207,0.3945205479452054,53.400000000000006
SPXW261030C08250000,2026-06-08 16:01:51+00:00,8250.0,50.46,45.3,46.0,-4.84,-8.75226,10.0,105.0,0.149159356880188,False,REGULAR,USD,2026-10-30,7406.47998046875,0.0362799978256225,call,1.1138894618976427,0.3945205479452054,45.65
SPXW261030C08300000,2026-06-05 16:34:19+00:00,8300.0,44.5,38.7,39.4,-3.0200005,-6.35522,1.0,178.0,0.1480092371559143,False,REGULAR,USD,2026-10-30,7406.47998046875,0.0362799978256225,call,1.120640307121265,0.3945205479452054,39.05
SPXW261030C08350000,2026-06-08 15:14:51+00:00,8350.0,39.35,32.7,33.3,-1.9600029,-4.744621,4.0,12.0,0.1465615740203857,False,REGULAR,USD,2026-10-30,7406.47998046875,0.0362799978256225,call,1.127391152344887,0.3945205479452054,33.0
SPXW261030C08375000,2026-06-08 18:32:42+00:00,8375.0,33.15,30.1,30.7,-4.41,-11.741214,12.0,4.0,0.1460446877098083,False,REGULAR,USD,2026-10-30,7406.47998046875,0.0362799978256225,call,1.130766574956698,0.3945205479452054,30.4
SPXW261030C08400000,2026-06-08 10:46:19+00:00,8400.0,30.92,27.9,28.5,2.5599995,9.026796,1.0,44.0,0.1458329741287231,False,REGULAR,USD,2026-10-30,7406.47998046875,0.0362799978256225,call,1.134141997568509,0.3945205479452054,28.2
SPXW261030C08500000,2026-06-08 19:08:09+00:00,8500.0,20.9,19.8,20.3,-22.769999,-52.141056,4.0,140.0,0.1439256445693969,False,REGULAR,USD,2026-10-30,7406.47998046875,0.0362799978256225,call,1.1476436880157532,0.3945205479452054,20.05
SPXW261030C08600000,2026-06-08 16:21:17+00:00,8600.0,16.91,14.1,14.6,1.5100002,9.805197,2.0,273.0,0.1429605358123779,False,REGULAR,USD,2026-10-30,7406.47998046875,0.0362799978256225,call,1.1611453784629973,0.3945205479452054,14.35
SPXW261030C08700000,2026-06-08 12:53:58+00:00,8700.0,12.65,9.9,10.4,-1.04,-7.596786,6.0,139.0,0.1421747160339355,False,REGULAR,USD,2026-10-30,7406.47998046875,0.0362799978256225,call,1.1746470689102415,0.3945205479452054,10.15
SPXW261030C08800000,2026-06-08 16:21:17+00:00,8800.0,8.76,7.2,7.6,-1.0500002,-10.703365,13.0,220.0,0.1423578196716308,False,REGULAR,USD,2026-10-30,7406.47998046875,0.0362799978256225,call,1.1881487593574858,0.3945205479452054,7.4
SPXW261030C08900000,2026-06-08 01:03:11+00:00,8900.0,6.1,5.2,5.6,0.0,0.0,1.0,167.0,0.1428918719482422,False,REGULAR,USD,2026-10-30,7406.47998046875,0.0362799978256225,call,1.2016504498047298,0.3945205479452054,5.4
SPXW261030C09000000,2026-06-08 18:17:25+00:00,9000.0,4.4,3.9,4.2,-3.2999997,-42.85714,10.0,88.0,0.1438989419555664,False,REGULAR,USD,2026-10-30,7406.47998046875,0.0362799978256225,call,1.215152140251974,0.3945205479452054,4.05
SPXW261030C09200000,2026-06-08 01:15:08+00:00,9200.0,2.25,2.35,2.55,-0.8499999,-27.419353,1.0,202.0,0.1474084283447265,False,REGULAR,USD,2026-10-30,7406.47998046875,0.0362799978256225,call,1.2421555211464623,0.3945205479452054,2.45
SPX261120C07350000,2026-06-02 15:26:15+00:00,7350.0,593.57,442.2,443.5,0.0,0.0,10.0,1454.0,0.2087624519443511,True,REGULAR,USD,2026-11-20,7406.47998046875,0.0362799978256225,call,0.9923742478724454,0.4520547945205479,442.85
SPX261120C07375000,2026-06-08 15:39:47+00:00,7375.0,451.43,422.6,424.2,-43.53,-8.79465,5.0,556.0,0.2051957456684112,True,REGULAR,USD,2026-11-20,7406.47998046875,0.0362799978256225,call,0.9957496704842564,0.4520547945205479,423.4
SPX261120C07400000,2026-06-05 14:26:01+00:00,7400.0,424.65,409.1,410.5,-51.27002,-10.772822,10.0,4390.0,0.2043431693553924,True,REGULAR,USD,2026-11-20,7406.47998046875,0.0362799978256225,call,0.9991250930960676,0.4520547945205479,409.8
SPX261120C07425000,2026-06-04 13:54:39+00:00,7425.0,483.3,392.7,394.2,0.0,0.0,4.0,395.0,0.2020639105319976,False,REGULAR,USD,2026-11-20,7406.47998046875,0.0362799978256225,call,1.0025005157078786,0.4520547945205479,393.45
SPX261120C07440000,2026-06-08 14:32:52+00:00,7440.0,406.11,383.2,384.7,-26.720001,-6.1733246,2.0,1.0,0.2007812314033508,False,REGULAR,USD,2026-11-20,7406.47998046875,0.0362799978256225,call,1.0045257692749652,0.4520547945205479,383.95
SPX261120C07450000,2026-06-05 19:55:00+00:00,7450.0,381.1,377.1,378.5,0.0,0.0,66.0,1868.0,0.1999696626758575,False,REGULAR,USD,2026-11-20,7406.47998046875,0.0362799978256225,call,1.0058759383196896,0.4520547945205479,377.8
SPX261120C07475000,2026-06-04 19:46:33+00:00,7475.0,483.7,358.6,360.1,0.0,0.0,2.0,1649.0,0.1963991417407989,False,REGULAR,USD,2026-11-20,7406.47998046875,0.0362799978256225,call,1.0092513609315006,0.4520547945205479,359.35
SPX261120C07480000,2026-06-05 15:41:58+00:00,7480.0,404.92,358.6,360.2,0.0,0.0,2.0,2.0,0.1975664274311065,False,REGULAR,USD,2026-11-20,7406.47998046875,0.0362799978256225,call,1.0099264454538628,0.4520547945205479,359.4
SPX261120C07500000,2026-06-08 17:32:33+00:00,7500.0,360.73,346.4,347.7,-0.5699768,-0.15775722,20.0,5155.0,0.1957144104290008,False,REGULAR,USD,2026-11-20,7406.47998046875,0.0362799978256225,call,1.0126267835433116,0.4520547945205479,347.04999999999995
SPX261120C07510000,2026-06-08 17:43:48+00:00,7510.0,346.38,337.4,338.9,-59.119995,-14.57953,3.0,1.0,0.1934771128559113,False,REGULAR,USD,2026-11-20,7406.47998046875,0.0362799978256225,call,1.013976952588036,0.4520547945205479,338.15
SPX261120C07525000,2026-06-08 17:45:01+00:00,7525.0,336.02,331.3,332.9,-58.839996,-14.901484,60.0,639.0,0.1936983630847931,False,REGULAR,USD,2026-11-20,7406.47998046875,0.0362799978256225,call,1.0160022061551226,0.4520547945205479,332.1
SPX261120C07550000,2026-06-08 17:45:46+00:00,7550.0,321.16,317.0,318.4,5.4400024,1.7230465,2.0,928.0,0.1917013890361786,False,REGULAR,USD,2026-11-20,7406.47998046875,0.0362799978256225,call,1.0193776287669338,0.4520547945205479,317.7
SPX261120C07560000,2026-06-08 14:24:41+00:00,7560.0,325.6,311.1,312.6,-100.69998,-23.621859,2.0,1.0,0.190865025024414,False,REGULAR,USD,2026-11-20,7406.47998046875,0.0362799978256225,call,1.0207277978116582,0.4520547945205479,311.85
SPX261120C07575000,2026-06-08 14:38:33+00:00,7575.0,322.0,302.6,304.1,-94.29999,-22.651932,2.0,452.0,0.1896710367202759,False,REGULAR,USD,2026-11-20,7406.47998046875,0.0362799978256225,call,1.0227530513787448,0.4520547945205479,303.35
SPX261120C07580000,2026-06-08 14:38:37+00:00,7580.0,318.7,299.2,300.7,-106.29999,-25.011763,4.0,2.0,0.1889748614311218,False,REGULAR,USD,2026-11-20,7406.47998046875,0.0362799978256225,call,1.023428135901107,0.4520547945205479,299.95
SPX261120C07590000,2026-06-08 15:32:16+00:00,7590.0,312.0,294.3,295.8,-97.5,-23.809525,5.0,2.0,0.1885275926494598,False,REGULAR,USD,2026-11-20,7406.47998046875,0.0362799978256225,call,1.0247783049458314,0.4520547945205479,295.05
SPX261120C07600000,2026-06-08 19:11:23+00:00,7600.0,289.08,288.9,290.2,-1.730011,-0.59489393,416.0,3428.0,0.1877036262798309,False,REGULAR,USD,2026-11-20,7406.47998046875,0.0362799978256225,call,1.0261284739905558,0.4520547945205479,289.54999999999995
SPX261120C07610000,2026-06-08 14:24:34+00:00,7610.0,297.5,283.7,285.2,28.700012,10.677089,3.0,2.0,0.1871609910202026,False,REGULAR,USD,2026-11-20,7406.47998046875,0.0362799978256225,call,1.0274786430352802,0.4520547945205479,284.45
SPX261120C07620000,2026-06-08 14:24:57+00:00,7620.0,292.0,278.3,279.8,-81.70001,-21.86246,3.0,7.0,0.1863932908725739,False,REGULAR,USD,2026-11-20,7406.47998046875,0.0362799978256225,call,1.0288288120800049,0.4520547945205479,279.05
SPX261120C07625000,2026-06-08 16:43:06+00:00,7625.0,287.0,275.3,276.7,-18.399994,-6.0248837,5.0,561.0,0.1857972503852844,False,REGULAR,USD,2026-11-20,7406.47998046875,0.0362799978256225,call,1.0295038966023669,0.4520547945205479,276.0
SPX261120C07650000,2026-06-05 19:36:14+00:00,7650.0,263.4,262.3,263.6,0.0,0.0,4.0,1065.0,0.183950001707077,False,REGULAR,USD,2026-11-20,7406.47998046875,0.0362799978256225,call,1.032879319214178,0.4520547945205479,262.95000000000005
SPX261120C07660000,2026-06-08 14:38:35+00:00,7660.0,274.7,254.6,256.1,-8.899994,-3.1382205,1.0,5.0,0.1820102475452423,False,REGULAR,USD,2026-11-20,7406.47998046875,0.0362799978256225,call,1.0342294882589025,0.4520547945205479,255.35
SPX261120C07675000,2026-06-05 19:57:13+00:00,7675.0,253.3,249.5,250.9,0.0,0.0,7.0,316.0,0.1821599729156494,False,REGULAR,USD,2026-11-20,7406.47998046875,0.0362799978256225,call,1.0362547418259889,0.4520547945205479,250.2
SPX261120C07680000,2026-06-05 16:56:05+00:00,7680.0,277.5,244.6,246.0,0.0,0.0,3.0,4.0,0.1805663990688323,False,REGULAR,USD,2026-11-20,7406.47998046875,0.0362799978256225,call,1.036929826348351,0.4520547945205479,245.3
SPX261120C07690000,2026-06-05 19:36:19+00:00,7690.0,242.6,242.0,243.3,0.0,0.0,5.0,5.0,0.181023204498291,False,REGULAR,USD,2026-11-20,7406.47998046875,0.0362799978256225,call,1.0382799953930757,0.4520547945205479,242.65
SPX261120C07700000,2026-06-08 18:51:25+00:00,7700.0,243.57,234.8,236.0,3.2700043,1.3608007,506.0,2448.0,0.1790758210182189,False,REGULAR,USD,2026-11-20,7406.47998046875,0.0362799978256225,call,1.0396301644378,0.4520547945205479,235.4
SPX261120C07710000,2026-06-05 19:36:11+00:00,7710.0,233.9,232.2,233.6,0.0,0.0,2.0,2.0,0.1796461125564575,False,REGULAR,USD,2026-11-20,7406.47998046875,0.0362799978256225,call,1.0409803334825245,0.4520547945205479,232.9
SPX261120C07725000,2026-06-05 19:57:14+00:00,7725.0,228.8,225.1,226.4,0.0,0.0,3.0,588.0,0.1785875446510315,False,REGULAR,USD,2026-11-20,7406.47998046875,0.0362799978256225,call,1.043005587049611,0.4520547945205479,225.75
SPX261120C07750000,2026-06-08 17:48:13+00:00,7750.0,219.4,213.5,214.7,2.6699982,1.2319467,18.0,1072.0,0.1768528284168243,False,REGULAR,USD,2026-11-20,7406.47998046875,0.0362799978256225,call,1.046381009661422,0.4520547945205479,214.1
SPX261120C07760000,2026-06-08 17:48:13+00:00,7760.0,214.8,206.9,208.4,4.100006,1.9458976,5.0,8.0,0.175254486246109,False,REGULAR,USD,2026-11-20,7406.47998046875,0.0362799978256225,call,1.0477311787061463,0.4520547945205479,207.65
SPX261120C07775000,2026-06-05 19:20:57+00:00,7775.0,198.96,202.6,203.8,0.0,0.0,4.0,650.0,0.1753813236618042,False,REGULAR,USD,2026-11-20,7406.47998046875,0.0362799978256225,call,1.0497564322732331,0.4520547945205479,203.2
SPX261120C07790000,2026-06-08 15:14:41+00:00,7790.0,217.81,194.6,195.6,-72.69,-25.022375,12.0,5.0,0.1735293066596984,False,REGULAR,USD,2026-11-20,7406.47998046875,0.0362799978256225,call,1.0517816858403195,0.4520547945205479,195.1
SPX261120C07800000,2026-06-05 19:40:59+00:00,7800.0,193.35,191.6,192.7,0.0,0.0,1.0,3057.0,0.1736408854389191,False,REGULAR,USD,2026-11-20,7406.47998046875,0.0362799978256225,call,1.053131854885044,0.4520547945205479,192.15
SPX261120C07810000,2026-06-05 17:12:22+00:00,7810.0,208.9,186.6,187.9,0.0,0.0,1.0,2.0,0.1727015256309509,False,REGULAR,USD,2026-11-20,7406.47998046875,0.0362799978256225,call,1.0544820239297683,0.4520547945205479,187.25
SPX261120C07820000,2026-06-08 17:43:48+00:00,7820.0,187.44,182.7,183.8,-87.26001,-31.765564,2.0,2.0,0.1721140681266784,False,REGULAR,USD,2026-11-20,7406.47998046875,0.0362799978256225,call,1.055832192974493,0.4520547945205479,183.25
SPX261120C07825000,2026-06-08 15:39:47+00:00,7825.0,197.91,181.0,182.2,13.110001,7.094156,2.0,530.0,0.172055894575119,False,REGULAR,USD,2026-11-20,7406.47998046875,0.0362799978256225,call,1.0565072774968551,0.4520547945205479,181.6
SPX261120C07830000,2026-06-08 17:45:01+00:00,7830.0,182.46,179.1,180.2,-4.6399994,-2.4799569,60.0,4.0,0.1717736098003387,False,REGULAR,USD,2026-11-20,7406.47998046875,0.0362799978256225,call,1.0571823620192171,0.4520547945205479,179.64999999999998
SPX261120C07840000,2026-06-05 16:32:42+00:00,7840.0,200.0,173.3,174.5,0.0,0.0,3.0,3.0,0.1702506071472168,False,REGULAR,USD,2026-11-20,7406.47998046875,0.0362799978256225,call,1.0585325310639415,0.4520547945205479,173.9
SPX261120C07850000,2026-06-08 17:46:20+00:00,7850.0,175.35,169.9,171.2,-29.399994,-14.358972,45.0,1542.0,0.1700217276000977,False,REGULAR,USD,2026-11-20,7406.47998046875,0.0362799978256225,call,1.059882700108666,0.4520547945205479,170.55
SPX261120C07860000,2026-06-05 16:56:10+00:00,7860.0,192.1,167.2,168.4,0.0,0.0,4.0,4.0,0.1700484302139282,False,REGULAR,USD,2026-11-20,7406.47998046875,0.0362799978256225,call,1.0612328691533903,0.4520547945205479,167.8
SPX261120C07870000,2026-06-05 16:32:33+00:00,7870.0,187.7,163.4,164.6,0.0,0.0,1.0,2.0,0.1694924436473846,False,REGULAR,USD,2026-11-20,7406.47998046875,0.0362799978256225,call,1.062583038198115,0.4520547945205479,164.0
SPX261120C07875000,2026-06-08 16:46:19+00:00,7875.0,170.53,161.5,162.6,-23.619995,-12.165849,2.0,669.0,0.1691481706619262,False,REGULAR,USD,2026-11-20,7406.47998046875,0.0362799978256225,call,1.0632581227204772,0.4520547945205479,162.05
SPX261120C07900000,2026-06-08 18:09:35+00:00,7900.0,158.46,152.3,153.4,15.160004,10.579206,380.0,4063.0,0.1677748933792114,False,REGULAR,USD,2026-11-20,7406.47998046875,0.0362799978256225,call,1.0666335453322884,0.4520547945205479,152.85000000000002
SPX261120C07910000,2026-06-08 14:56:11+00:00,7910.0,163.5,148.2,149.3,-63.399994,-27.941824,5.0,3.0,0.1669337610435486,False,REGULAR,USD,2026-11-20,7406.47998046875,0.0362799978256225,call,1.0679837143770128,0.4520547945205479,148.75
SPX261120C07920000,2026-06-05 17:45:39+00:00,7920.0,165.21,143.8,144.8,0.0,0.0,5.0,5.0,0.1658275098991394,False,REGULAR,USD,2026-11-20,7406.47998046875,0.0362799978256225,call,1.0693338834217372,0.4520547945205479,144.3
SPX261120C07925000,2026-06-05 16:18:38+00:00,7925.0,168.77,143.5,144.5,0.0,0.0,1.0,905.0,0.1663978014373779,False,REGULAR,USD,2026-11-20,7406.47998046875,0.0362799978256225,call,1.0700089679440994,0.4520547945205479,144.0
SPX261120C07930000,2026-06-05 16:53:42+00:00,7930.0,164.8,141.8,142.8,0.0,0.0,9.0,13.0,0.1661479412651062,False,REGULAR,USD,2026-11-20,7406.47998046875,0.0362799978256225,call,1.0706840524664616,0.4520547945205479,142.3
SPX261120C07940000,2026-06-08 17:43:48+00:00,7940.0,142.0,136.3,137.9,1.199997,0.85227054,2.0,5.0,0.1647422393798828,False,REGULAR,USD,2026-11-20,7406.47998046875,0.0362799978256225,call,1.072034221511186,0.4520547945205479,137.10000000000002
SPX261120C07950000,2026-06-05 19:18:59+00:00,7950.0,132.22,135.1,136.0,0.0,0.0,43.0,323.0,0.1650769757175446,False,REGULAR,USD,2026-11-20,7406.47998046875,0.0362799978256225,call,1.0733843905559104,0.4520547945205479,135.55
SPX261120C07960000,2026-06-08 17:45:01+00:00,7960.0,134.55,130.3,131.4,-0.44999695,-0.33333108,60.0,11.0,0.1637799916172028,False,REGULAR,USD,2026-11-20,7406.47998046875,0.0362799978256225,call,1.0747345596006348,0.4520547945205479,130.85000000000002
SPX261120C07975000,2026-06-08 18:34:51+00:00,7975.0,133.42,127.0,128.0,-66.68001,-33.32334,78.0,413.0,0.1638763117599487,False,REGULAR,USD,2026-11-20,7406.47998046875,0.0362799978256225,call,1.0767598131677214,0.4520547945205479,127.5
SPX261120C07980000,2026-06-05 18:36:30+00:00,7980.0,133.3,124.9,126.0,0.0,0.0,1.0,1.0,0.163371823091507,False,REGULAR,USD,2026-11-20,7406.47998046875,0.0362799978256225,call,1.0774348976900836,0.4520547945205479,125.45
SPX261120C08000000,2026-06-08 19:01:29+00:00,8000.0,122.25,118.8,119.8,6.75,5.844156,18.0,3008.0,0.1623714287376403,False,REGULAR,USD,2026-11-20,7406.47998046875,0.0362799978256225,call,1.0801352357795324,0.4520547945205479,119.3
SPX261120C08025000,2026-06-08 18:24:25+00:00,8025.0,117.37,111.9,113.0,14.050003,13.598531,6.0,147.0,0.1615531843566894,False,REGULAR,USD,2026-11-20,7406.47998046875,0.0362799978256225,call,1.0835106583913434,0.4520547945205479,112.45
SPX261120C08050000,2026-06-05 20:10:39+00:00,8050.0,96.87,104.7,105.8,0.0,0.0,277.0,262.0,0.1603057908248901,False,REGULAR,USD,2026-11-20,7406.47998046875,0.0362799978256225,call,1.0868860810031544,0.4520547945205479,105.25
SPX261120C08075000,2026-06-08 17:34:01+00:00,8075.0,101.32,98.5,99.5,-1.300003,-1.2668126,226.0,614.0,0.1594617974948883,False,REGULAR,USD,2026-11-20,7406.47998046875,0.0362799978256225,call,1.0902615036149654,0.4520547945205479,99.0
SPX261120C08100000,2026-06-08 17:45:01+00:00,8100.0,94.39,92.1,93.0,4.1900024,4.6452355,674.0,1788.0,0.1583059557819366,False,REGULAR,USD,2026-11-20,7406.47998046875,0.0362799978256225,call,1.0936369262267769,0.4520547945205479,92.55
SPX261120C08125000,2026-06-08 18:40:35+00:00,8125.0,90.85,86.2,87.1,-54.35,-37.43113,241.0,1483.0,0.1573751789569855,False,REGULAR,USD,2026-11-20,7406.47998046875,0.0362799978256225,call,1.0970123488385877,0.4520547945205479,86.65
SPX261120C08150000,2026-06-08 18:40:35+00:00,8150.0,85.07,80.6,81.5,-13.029999,-13.282364,287.0,574.0,0.1564749194049835,False,REGULAR,USD,2026-11-20,7406.47998046875,0.0362799978256225,call,1.100387771450399,0.4520547945205479,81.05
SPX261120C08175000,2026-06-08 17:43:48+00:00,8175.0,77.76,74.9,75.9,0.66000366,0.8560359,2.0,113.0,0.1553886952209472,False,REGULAR,USD,2026-11-20,7406.47998046875,0.0362799978256225,call,1.1037631940622097,0.4520547945205479,75.4
SPX261120C08200000,2026-06-08 18:17:20+00:00,8200.0,74.06,69.2,70.2,5.029999,7.2866855,18.0,1297.0,0.15402209359169,False,REGULAR,USD,2026-11-20,7406.47998046875,0.0362799978256225,call,1.1071386166740207,0.4520547945205479,69.7
SPX261120C08225000,2026-06-05 16:00:16+00:00,8225.0,82.87,64.9,65.9,0.0,0.0,20.0,155.0,0.1535462148666381,False,REGULAR,USD,2026-11-20,7406.47998046875,0.0362799978256225,call,1.1105140392858317,0.4520547945205479,65.4
SPX261120C08250000,2026-06-05 18:11:43+00:00,8250.0,69.5,61.0,61.9,0.0,0.0,27.0,323.0,0.1531494903182984,False,REGULAR,USD,2026-11-20,7406.47998046875,0.0362799978256225,call,1.1138894618976427,0.4520547945205479,61.45
SPX261120C08275000,2026-06-08 17:45:46+00:00,8275.0,58.56,56.7,57.7,-1.2599983,-2.106316,2.0,842.0,0.1524237514209747,False,REGULAR,USD,2026-11-20,7406.47998046875,0.0362799978256225,call,1.117264884509454,0.4520547945205479,57.2
SPX261120C08300000,2026-06-04 17:00:32+00:00,8300.0,91.45,52.2,53.1,0.0,0.0,11.0,3111.0,0.1511582382583619,False,REGULAR,USD,2026-11-20,7406.47998046875,0.0362799978256225,call,1.120640307121265,0.4520547945205479,52.650000000000006
SPX261120C08325000,2026-06-05 16:21:10+00:00,8325.0,61.2,49.1,50.0,0.0,0.0,2.0,233.0,0.1510361691665649,False,REGULAR,USD,2026-11-20,7406.47998046875,0.0362799978256225,call,1.124015729733076,0.4520547945205479,49.55
SPX261120C08350000,2026-06-04 19:28:05+00:00,8350.0,84.66,45.7,46.5,0.0,0.0,2.0,249.0,0.1503914917755127,False,REGULAR,USD,2026-11-20,7406.47998046875,0.0362799978256225,call,1.127391152344887,0.4520547945205479,46.1
SPX261120C08400000,2026-06-08 13:32:59+00:00,8400.0,46.8,39.4,40.2,7.299999,18.48101,1.0,2302.0,0.1492490013694763,False,REGULAR,USD,2026-11-20,7406.47998046875,0.0362799978256225,call,1.134141997568509,0.4520547945205479,39.8
SPX261120C08450000,2026-06-08 14:55:59+00:00,8450.0,39.24,33.5,34.3,7.340002,23.00941,1.0,3.0,0.1477956162452698,False,REGULAR,USD,2026-11-20,7406.47998046875,0.0362799978256225,call,1.1408928427921312,0.4520547945205479,33.9
SPX261120C08500000,2026-06-08 14:45:24+00:00,8500.0,33.03,29.0,29.8,2.2999992,7.4845405,2.0,867.0,0.1472291393661499,False,REGULAR,USD,2026-11-20,7406.47998046875,0.0362799978256225,call,1.1476436880157532,0.4520547945205479,29.4
SPX261120C08525000,2026-05-29 19:36:09+00:00,8525.0,53.5,26.9,27.6,0.0,0.0,20.0,20.0,0.1467675656127929,False,REGULAR,USD,2026-11-20,7406.47998046875,0.0362799978256225,call,1.1510191106275642,0.4520547945205479,27.25
SPX261120C08550000,2026-06-08 14:45:24+00:00,8550.0,28.43,24.8,25.5,2.4400005,9.388228,502.0,20.0,0.1462621232795715,False,REGULAR,USD,2026-11-20,7406.47998046875,0.0362799978256225,call,1.1543945332393752,0.4520547945205479,25.15
SPX261120C08575000,2026-06-05 18:12:50+00:00,8575.0,26.9,23.0,23.6,0.0,0.0,141.0,141.0,0.145855862083435,False,REGULAR,USD,2026-11-20,7406.47998046875,0.0362799978256225,call,1.1577699558511862,0.4520547945205479,23.3
SPX261120C08600000,2026-06-08 14:55:59+00:00,8600.0,25.04,21.3,21.9,4.84,23.960396,1.0,2411.0,0.1455735773086547,False,REGULAR,USD,2026-11-20,7406.47998046875,0.0362799978256225,call,1.1611453784629973,0.4520547945205479,21.6
SPX261120C08650000,2026-06-08 16:46:19+00:00,8650.0,20.35,17.9,18.6,-15.15,-42.676056,9.0,39.0,0.1446733177566528,False,REGULAR,USD,2026-11-20,7406.47998046875,0.0362799978256225,call,1.1678962236866195,0.4520547945205479,18.25
SPX261120C08700000,2026-06-08 00:17:05+00:00,8700.0,16.45,15.6,16.1,-3.8899994,-19.124874,1.0,3545.0,0.1444673261642455,False,REGULAR,USD,2026-11-20,7406.47998046875,0.0362799978256225,call,1.1746470689102415,0.4520547945205479,15.85
SPX261120C08800000,2026-06-08 14:01:39+00:00,8800.0,12.9,11.4,11.8,1.6999998,15.178571,1.0,1438.0,0.1436776917266845,False,REGULAR,USD,2026-11-20,7406.47998046875,0.0362799978256225,call,1.1881487593574858,0.4520547945205479,11.6
SPX261120C08900000,2026-06-02 16:50:39+00:00,8900.0,20.36,8.3,8.8,0.0,0.0,5.0,2758.0,0.143628101158142,False,REGULAR,USD,2026-11-20,7406.47998046875,0.0362799978256225,call,1.2016504498047298,0.4520547945205479,8.55
SPX261120C09000000,2026-06-08 17:12:55+00:00,9000.0,6.68,6.2,6.5,0.6799998,11.333331,12.0,2346.0,0.1435403639984131,False,REGULAR,USD,2026-11-20,7406.47998046875,0.0362799978256225,call,1.215152140251974,0.4520547945205479,6.35
SPX261120C09100000,2026-06-08 17:12:55+00:00,9100.0,5.03,4.6,5.1,-6.1699996,-55.089283,2.0,67.0,0.144890753326416,False,REGULAR,USD,2026-11-20,7406.47998046875,0.0362799978256225,call,1.228653830699218,0.4520547945205479,4.85
SPX261120C09200000,2026-06-05 20:05:40+00:00,9200.0,3.6,3.6,4.0,0.0,0.0,44.0,1333.0,0.1462106253814697,False,REGULAR,USD,2026-11-20,7406.47998046875,0.0362799978256225,call,1.2421555211464623,0.4520547945205479,3.8
SPX261120C09400000,2026-06-05 19:50:28+00:00,9400.0,2.6,2.3,2.6,0.0,0.0,10.0,542.0,0.1498192929077148,False,REGULAR,USD,2026-11-20,7406.47998046875,0.0362799978256225,call,1.2691589020409506,0.4520547945205479,2.45
SPXW261130C07350000,2026-06-05 16:46:19+00:00,7350.0,488.81,452.6,454.2,0.0,0.0,2.0,1.0,0.207995705461502,True,REGULAR,USD,2026-11-30,7406.47998046875,0.0362799978256225,call,0.9923742478724454,0.4794520547945205,453.4
SPXW261130C07390000,2026-06-08 16:28:03+00:00,7390.0,449.78,429.2,430.2,22.76001,5.3299637,1.0,1.0,0.2057498249053954,True,REGULAR,USD,2026-11-30,7406.47998046875,0.0362799978256225,call,0.997774924051343,0.4794520547945205,429.7
SPXW261130C07500000,2026-06-08 17:06:32+00:00,7500.0,367.6,357.1,358.6,23.630005,6.8697867,1.0,29.0,0.1953825350856781,False,REGULAR,USD,2026-11-30,7406.47998046875,0.0362799978256225,call,1.0126267835433116,0.4794520547945205,357.85
SPXW261130C07510000,2026-06-05 19:05:26+00:00,7510.0,357.0,352.1,353.0,0.0,0.0,9.0,9.0,0.1947721896266936,False,REGULAR,USD,2026-11-30,7406.47998046875,0.0362799978256225,call,1.013976952588036,0.4794520547945205,352.55
SPXW261130C07530000,2026-06-05 16:25:17+00:00,7530.0,381.5,339.1,340.2,0.0,0.0,10.0,10.0,0.1927122737026214,False,REGULAR,USD,2026-11-30,7406.47998046875,0.0362799978256225,call,1.0166772906774848,0.4794520547945205,339.65
SPXW261130C07540000,2026-06-05 20:02:36+00:00,7540.0,321.18,335.8,336.8,0.0,0.0,20.0,29.0,0.1931175812339782,False,REGULAR,USD,2026-11-30,7406.47998046875,0.0362799978256225,call,1.0180274597222092,0.4794520547945205,336.3
SPXW261130C07560000,2026-06-05 16:25:17+00:00,7560.0,363.25,324.3,325.4,0.0,0.0,10.0,10.0,0.1916222348594665,False,REGULAR,USD,2026-11-30,7406.47998046875,0.0362799978256225,call,1.0207277978116582,0.4794520547945205,324.85
SPXW261130C07600000,2026-06-08 14:59:50+00:00,7600.0,329.4,299.1,300.2,27.0,8.928572,8.0,17.0,0.1872077205944061,False,REGULAR,USD,2026-11-30,7406.47998046875,0.0362799978256225,call,1.0261284739905558,0.4794520547945205,299.65
SPXW261130C07650000,2026-06-05 19:59:00+00:00,7650.0,275.8,272.4,273.4,0.0,0.0,15.0,16.0,0.1835103622436523,False,REGULAR,USD,2026-11-30,7406.47998046875,0.0362799978256225,call,1.032879319214178,0.4794520547945205,272.9
SPXW261130C07750000,2026-06-05 14:34:49+00:00,7750.0,280.91,225.9,226.7,0.0,0.0,1.0,1.0,0.1778904156970977,False,REGULAR,USD,2026-11-30,7406.47998046875,0.0362799978256225,call,1.046381009661422,0.4794520547945205,226.3
SPXW261130C07800000,2026-06-08 17:15:00+00:00,7800.0,209.46,203.3,204.5,-81.67,-28.05276,15.0,1.0,0.1747976808166504,False,REGULAR,USD,2026-11-30,7406.47998046875,0.0362799978256225,call,1.053131854885044,0.4794520547945205,203.9
SPXW261130C07825000,2026-06-08 15:48:07+00:00,7825.0,210.71,192.7,193.8,-80.28999,-27.591064,10.0,1.0,0.1732289022541046,False,REGULAR,USD,2026-11-30,7406.47998046875,0.0362799978256225,call,1.0565072774968551,0.4794520547945205,193.25
SPXW261130C07850000,2026-06-08 11:10:56+00:00,7850.0,192.0,180.3,181.4,-71.600006,-27.162369,10.0,3.0,0.1705920191383362,False,REGULAR,USD,2026-11-30,7406.47998046875,0.0362799978256225,call,1.059882700108666,0.4794520547945205,180.85
SPXW261130C07875000,2026-06-08 12:53:58+00:00,7875.0,190.24,172.5,173.3,-4.269989,-2.1952543,6.0,2.0,0.1700903914642334,False,REGULAR,USD,2026-11-30,7406.47998046875,0.0362799978256225,call,1.0632581227204772,0.4794520547945205,172.9
SPXW261130C07900000,2026-06-05 15:36:29+00:00,7900.0,197.4,162.9,163.8,0.0,0.0,9.0,13.0,0.1686827822494507,False,REGULAR,USD,2026-11-30,7406.47998046875,0.0362799978256225,call,1.0666335453322884,0.4794520547945205,163.35000000000002
SPXW261130C08000000,2026-06-08 18:31:09+00:00,8000.0,136.26,128.7,129.4,-22.340012,-14.085757,7.0,14.0,0.1634090160179138,False,REGULAR,USD,2026-11-30,7406.47998046875,0.0362799978256225,call,1.0801352357795324,0.4794520547945205,129.05
SPXW261130C08025000,2026-06-08 17:22:32+00:00,8025.0,123.78,121.3,122.1,-17.050003,-12.106797,11.0,8.0,0.1624315096187591,False,REGULAR,USD,2026-11-30,7406.47998046875,0.0362799978256225,call,1.0835106583913434,0.4794520547945205,121.7
SPXW261130C08050000,2026-06-05 14:22:43+00:00,8050.0,149.59,113.8,114.6,0.0,0.0,1.0,1.0,0.1611650427913665,False,REGULAR,USD,2026-11-30,7406.47998046875,0.0362799978256225,call,1.0868860810031544,0.4794520547945205,114.2
SPXW261130C08075000,2026-06-05 14:22:43+00:00,8075.0,119.1,107.0,107.7,-22.120003,-15.663506,1.0,1.0,0.1600950309085845,False,REGULAR,USD,2026-11-30,7406.47998046875,0.0362799978256225,call,1.0902615036149654,0.4794520547945205,107.35
SPXW261130C08125000,2026-06-05 18:38:56+00:00,8125.0,99.32,93.2,93.9,0.0,0.0,17.0,17.0,0.157416186542511,False,REGULAR,USD,2026-11-30,7406.47998046875,0.0362799978256225,call,1.0970123488385877,0.4794520547945205,93.55
SPXW261130C08150000,2026-06-05 18:38:56+00:00,8150.0,93.22,87.3,88.1,0.0,0.0,1.0,18.0,0.1565321392917633,False,REGULAR,USD,2026-11-30,7406.47998046875,0.0362799978256225,call,1.100387771450399,0.4794520547945205,87.69999999999999
SPXW261130C08175000,2026-06-05 19:24:28+00:00,8175.0,81.31,82.6,83.3,0.0,0.0,2.0,22.0,0.1561783296585083,False,REGULAR,USD,2026-11-30,7406.47998046875,0.0362799978256225,call,1.1037631940622097,0.4794520547945205,82.94999999999999
SPXW261130C08275000,2026-06-08 18:09:35+00:00,8275.0,66.44,63.3,64.0,-42.46,-38.9899,480.0,120.0,0.1531246950340271,False,REGULAR,USD,2026-11-30,7406.47998046875,0.0362799978256225,call,1.117264884509454,0.4794520547945205,63.65
SPXW261130C08300000,2026-06-08 14:02:57+00:00,8300.0,63.9,59.0,59.7,-16.629997,-20.650686,4.0,18.0,0.152340782585144,False,REGULAR,USD,2026-11-30,7406.47998046875,0.0362799978256225,call,1.120640307121265,0.4794520547945205,59.35
SPXW261130C08350000,2026-06-08 13:54:05+00:00,8350.0,58.4,51.2,51.8,-5.09,-8.017011,4.0,10.0,0.150837806892395,False,REGULAR,USD,2026-11-30,7406.47998046875,0.0362799978256225,call,1.127391152344887,0.4794520547945205,51.5
SPXW261130C08400000,2026-06-08 15:05:32+00:00,8400.0,52.3,44.5,45.0,-1.1100006,-2.0782638,76.0,12.0,0.1496285599517822,False,REGULAR,USD,2026-11-30,7406.47998046875,0.0362799978256225,call,1.134141997568509,0.4794520547945205,44.75
SPXW261130C08600000,2026-06-05 15:32:27+00:00,8600.0,33.74,24.7,25.1,0.0,0.0,2.0,2.0,0.1458196228218078,False,REGULAR,USD,2026-11-30,7406.47998046875,0.0362799978256225,call,1.1611453784629973,0.4794520547945205,24.9
SPXW261130C08700000,2026-06-08 12:53:58+00:00,8700.0,22.25,18.1,18.6,-4.5300007,-16.915611,6.0,8.0,0.1445245460510253,False,REGULAR,USD,2026-11-30,7406.47998046875,0.0362799978256225,call,1.1746470689102415,0.4794520547945205,18.35
SPXW261130C08800000,2026-06-05 15:32:27+00:00,8800.0,18.74,13.2,13.7,0.0,0.0,2.0,6.0,0.1434869587707519,False,REGULAR,USD,2026-11-30,7406.47998046875,0.0362799978256225,call,1.1881487593574858,0.4794520547945205,13.45
SPXW261130C09000000,2026-06-05 16:17:17+00:00,9000.0,9.59,7.4,7.7,0.0,0.0,10.0,11.0,0.1432046739959717,False,REGULAR,USD,2026-11-30,7406.47998046875,0.0362799978256225,call,1.215152140251974,0.4794520547945205,7.550000000000001
SPXW261130C09100000,2026-06-08 16:31:32+00:00,9100.0,6.6,5.5,5.9,-6.9,-51.11111,1.0,2.0,0.1437921315002441,False,REGULAR,USD,2026-11-30,7406.47998046875,0.0362799978256225,call,1.228653830699218,0.4794520547945205,5.7
SPXW261130C09800000,2026-06-08 17:08:21+00:00,9800.0,1.6,1.35,1.6,0.0,0.0,1.0,3.0,0.1580436979675293,False,REGULAR,USD,2026-11-30,7406.47998046875,0.0362799978256225,call,1.3231656638299272,0.4794520547945205,1.475
SPX261218C07350000,2026-06-08 17:00:42+00:00,7350.0,498.7,487.3,488.3,-121.39996,-19.577482,35.0,7656.0,0.2140600597953796,True,REGULAR,USD,2026-12-18,7406.47998046875,0.0362799978256225,call,0.9923742478724454,0.5287671232876713,487.8
SPX261218C07375000,2026-06-08 16:02:27+00:00,7375.0,489.64,466.8,468.0,-92.579956,-15.9012,40.0,869.0,0.2102377713584899,True,REGULAR,USD,2026-12-18,7406.47998046875,0.0362799978256225,call,0.9957496704842564,0.5287671232876713,467.4
SPX261218C07400000,2026-06-08 16:56:47+00:00,7400.0,469.82,454.1,455.2,33.410004,7.655646,2.0,15486.0,0.2098238808441162,True,REGULAR,USD,2026-12-18,7406.47998046875,0.0362799978256225,call,0.9991250930960676,0.5287671232876713,454.65
SPX261218C07425000,2026-06-08 15:30:35+00:00,7425.0,458.43,434.2,435.4,38.160004,9.079879,8.0,1729.0,0.2060549976348876,False,REGULAR,USD,2026-12-18,7406.47998046875,0.0362799978256225,call,1.0025005157078786,0.5287671232876713,434.8
SPX261218C07450000,2026-06-08 16:44:00+00:00,7450.0,435.2,421.4,422.5,29.230011,7.200042,592.0,5324.0,0.2053979226016998,False,REGULAR,USD,2026-12-18,7406.47998046875,0.0362799978256225,call,1.0058759383196896,0.5287671232876713,421.95
SPX261218C07475000,2026-06-05 19:44:02+00:00,7475.0,401.92,402.7,404.0,0.0,0.0,81.0,1239.0,0.2020391152477264,False,REGULAR,USD,2026-12-18,7406.47998046875,0.0362799978256225,call,1.0092513609315006,0.5287671232876713,403.35
SPX261218C07500000,2026-06-08 16:38:33+00:00,7500.0,402.41,390.9,391.9,14.709991,3.7941685,40.0,24181.0,0.2015498852157592,False,REGULAR,USD,2026-12-18,7406.47998046875,0.0362799978256225,call,1.0126267835433116,0.5287671232876713,391.4
SPX261218C07525000,2026-06-08 14:16:50+00:00,7525.0,384.55,375.3,376.4,7.539978,1.9999411,2.0,1072.0,0.199376483182907,False,REGULAR,USD,2026-12-18,7406.47998046875,0.0362799978256225,call,1.0160022061551226,0.5287671232876713,375.85
SPX261218C07550000,2026-06-08 15:02:03+00:00,7550.0,390.3,358.0,359.0,29.73999,8.248278,2.0,5301.0,0.1962112697792053,False,REGULAR,USD,2026-12-18,7406.47998046875,0.0362799978256225,call,1.0193776287669338,0.5287671232876713,358.5
SPX261218C07575000,2026-06-08 17:16:00+00:00,7575.0,352.1,346.1,347.3,21.140015,6.3874836,40.0,2186.0,0.1955875730133056,False,REGULAR,USD,2026-12-18,7406.47998046875,0.0362799978256225,call,1.0227530513787448,0.5287671232876713,346.70000000000005
SPX261218C07600000,2026-06-08 19:03:30+00:00,7600.0,339.03,331.9,333.2,4.450012,1.3300294,84.0,16381.0,0.1937355560111999,False,REGULAR,USD,2026-12-18,7406.47998046875,0.0362799978256225,call,1.0261284739905558,0.5287671232876713,332.54999999999995
SPX261218C07625000,2026-06-08 19:02:37+00:00,7625.0,324.24,318.1,319.2,-90.51001,-21.822786,206.0,2327.0,0.1918139214801788,False,REGULAR,USD,2026-12-18,7406.47998046875,0.0362799978256225,call,1.0295038966023669,0.5287671232876713,318.65
SPX261218C07650000,2026-06-08 17:00:39+00:00,7650.0,314.35,303.1,304.1,-31.149994,-9.015918,55.0,4333.0,0.1892561925411224,False,REGULAR,USD,2026-12-18,7406.47998046875,0.0362799978256225,call,1.032879319214178,0.5287671232876713,303.6
SPX261218C07675000,2026-06-08 14:38:47+00:00,7675.0,308.8,291.4,292.5,5.799988,1.9141874,2.0,4046.0,0.1882252809143066,False,REGULAR,USD,2026-12-18,7406.47998046875,0.0362799978256225,call,1.0362547418259889,0.5287671232876713,291.95
SPX261218C07700000,2026-06-08 19:11:25+00:00,7700.0,282.86,278.9,280.0,-0.64001465,-0.22575472,556.0,12114.0,0.1866498266983032,False,REGULAR,USD,2026-12-18,7406.47998046875,0.0362799978256225,call,1.0396301644378,0.5287671232876713,279.45
SPX261218C07725000,2026-06-08 14:38:36+00:00,7725.0,283.1,266.2,267.2,13.200012,4.890705,3.0,2158.0,0.1848063926792144,False,REGULAR,USD,2026-12-18,7406.47998046875,0.0362799978256225,call,1.043005587049611,0.5287671232876713,266.7
SPX261218C07750000,2026-06-08 15:17:37+00:00,7750.0,279.0,254.3,255.3,27.169998,10.789023,552.0,6569.0,0.1832662240600585,False,REGULAR,USD,2026-12-18,7406.47998046875,0.0362799978256225,call,1.046381009661422,0.5287671232876713,254.8
SPX261218C07775000,2026-06-08 17:05:35+00:00,7775.0,248.3,242.5,243.5,-19.300003,-7.212258,61.0,1287.0,0.1816440402698516,False,REGULAR,USD,2026-12-18,7406.47998046875,0.0362799978256225,call,1.0497564322732331,0.5287671232876713,243.0
SPX261218C07800000,2026-06-08 19:14:01+00:00,7800.0,231.1,228.5,229.7,5.600006,2.483373,11.0,18237.0,0.1789089296817779,False,REGULAR,USD,2026-12-18,7406.47998046875,0.0362799978256225,call,1.053131854885044,0.5287671232876713,229.1
SPX261218C07825000,2026-06-08 17:32:57+00:00,7825.0,227.63,219.7,220.8,-15.569992,-6.4021354,20.0,3135.0,0.1784397266101837,False,REGULAR,USD,2026-12-18,7406.47998046875,0.0362799978256225,call,1.0565072774968551,0.5287671232876713,220.25
SPX261218C07850000,2026-06-08 14:38:38+00:00,7850.0,223.3,209.0,210.1,8.699997,4.0540524,5.0,3720.0,0.1769539168834686,False,REGULAR,USD,2026-12-18,7406.47998046875,0.0362799978256225,call,1.059882700108666,0.5287671232876713,209.55
SPX261218C07875000,2026-06-08 18:28:18+00:00,7875.0,205.9,198.5,199.7,8.669998,4.395882,4.0,914.0,0.1754795511341094,False,REGULAR,USD,2026-12-18,7406.47998046875,0.0362799978256225,call,1.0632581227204772,0.5287671232876713,199.1
SPX261218C07900000,2026-06-08 13:35:02+00:00,7900.0,202.51,187.0,187.9,23.279999,12.988897,100.0,16763.0,0.1731440260887146,False,REGULAR,USD,2026-12-18,7406.47998046875,0.0362799978256225,call,1.0666335453322884,0.5287671232876713,187.45
SPX261218C07925000,2026-06-08 14:21:25+00:00,7925.0,186.4,178.4,179.5,-15.400009,-7.631323,1.0,1046.0,0.1724058895492554,False,REGULAR,USD,2026-12-18,7406.47998046875,0.0362799978256225,call,1.0700089679440994,0.5287671232876713,178.95
SPX261218C07950000,2026-06-08 19:07:31+00:00,7950.0,173.9,170.0,171.0,-11.0,-5.949162,381.0,2253.0,0.1714865567016602,False,REGULAR,USD,2026-12-18,7406.47998046875,0.0362799978256225,call,1.0733843905559104,0.5287671232876713,170.5
SPX261218C07975000,2026-06-08 17:05:13+00:00,7975.0,164.47,160.9,161.8,-20.729996,-11.193302,34.0,482.0,0.1700579668617249,False,REGULAR,USD,2026-12-18,7406.47998046875,0.0362799978256225,call,1.0767598131677214,0.5287671232876713,161.35000000000002
SPX261218C08000000,2026-06-08 19:01:29+00:00,8000.0,155.45,152.1,153.1,11.449997,7.9513874,3255.0,47800.0,0.1687457241249085,False,REGULAR,USD,2026-12-18,7406.47998046875,0.0362799978256225,call,1.0801352357795324,0.5287671232876713,152.6
SPX261218C08025000,2026-06-05 18:21:47+00:00,8025.0,155.73,142.7,143.6,0.0,0.0,21.0,274.0,0.1668383945655823,False,REGULAR,USD,2026-12-18,7406.47998046875,0.0362799978256225,call,1.0835106583913434,0.5287671232876713,143.14999999999998
SPX261218C08050000,2026-06-08 17:06:33+00:00,8050.0,140.7,134.2,135.5,-15.830002,-10.113079,70.0,1573.0,0.1655423641300201,False,REGULAR,USD,2026-12-18,7406.47998046875,0.0362799978256225,call,1.0868860810031544,0.5287671232876713,134.85
SPX261218C08075000,2026-06-08 00:19:20+00:00,8075.0,129.74,128.6,129.6,-19.759995,-13.217388,5.0,425.0,0.1653544921684265,False,REGULAR,USD,2026-12-18,7406.47998046875,0.0362799978256225,call,1.0902615036149654,0.5287671232876713,129.1
SPX261218C08100000,2026-06-08 15:26:23+00:00,8100.0,132.7,121.5,122.4,9.019997,7.293011,64.0,7844.0,0.1642863876152038,False,REGULAR,USD,2026-12-18,7406.47998046875,0.0362799978256225,call,1.0936369262267769,0.5287671232876713,121.95
SPX261218C08125000,2026-06-08 18:40:35+00:00,8125.0,120.05,114.6,115.5,-1.6800003,-1.3801037,300.0,780.0,0.1632449856758117,False,REGULAR,USD,2026-12-18,7406.47998046875,0.0362799978256225,call,1.0970123488385877,0.5287671232876713,115.05
SPX261218C08150000,2026-06-08 18:40:35+00:00,8150.0,113.29,108.0,108.8,4.6900024,4.3186026,324.0,3133.0,0.1621711591339111,False,REGULAR,USD,2026-12-18,7406.47998046875,0.0362799978256225,call,1.100387771450399,0.5287671232876713,108.4
SPX261218C08175000,2026-06-08 18:40:35+00:00,8175.0,106.89,102.0,102.9,2.25,2.1502295,356.0,654.0,0.1614406519126892,False,REGULAR,USD,2026-12-18,7406.47998046875,0.0362799978256225,call,1.1037631940622097,0.5287671232876713,102.45
SPX261218C08200000,2026-06-08 18:40:35+00:00,8200.0,100.87,95.9,96.7,5.170006,5.4023056,385.0,12101.0,0.1603725473594665,False,REGULAR,USD,2026-12-18,7406.47998046875,0.0362799978256225,call,1.1071386166740207,0.5287671232876713,96.3
SPX261218C08225000,2026-06-08 18:40:35+00:00,8225.0,93.2,90.0,90.7,2.1100006,2.3163912,303.0,227.0,0.1592739255332946,False,REGULAR,USD,2026-12-18,7406.47998046875,0.0362799978256225,call,1.1105140392858317,0.5287671232876713,90.35
SPX261218C08250000,2026-06-08 17:00:34+00:00,8250.0,89.49,84.9,85.6,2.7999954,3.2298942,2.0,5669.0,0.1586197114944458,False,REGULAR,USD,2026-12-18,7406.47998046875,0.0362799978256225,call,1.1138894618976427,0.5287671232876713,85.25
SPX261218C08275000,2026-06-08 18:15:05+00:00,8275.0,83.02,79.6,80.5,-44.9,-35.100063,1.0,396.0,0.1578186330795288,False,REGULAR,USD,2026-12-18,7406.47998046875,0.0362799978256225,call,1.117264884509454,0.5287671232876713,80.05
SPX261218C08300000,2026-06-08 17:44:33+00:00,8300.0,77.32,75.0,75.6,0.6100006,0.7952035,879.0,8624.0,0.1570080180168152,False,REGULAR,USD,2026-12-18,7406.47998046875,0.0362799978256225,call,1.120640307121265,0.5287671232876713,75.3
SPX261218C08325000,2026-06-05 16:40:48+00:00,8325.0,88.86,70.2,71.0,0.0,0.0,371.0,1523.0,0.1562622521591186,False,REGULAR,USD,2026-12-18,7406.47998046875,0.0362799978256225,call,1.124015729733076,0.5287671232876713,70.6
SPX261218C08350000,2026-06-08 17:31:49+00:00,8350.0,69.65,65.9,66.7,-8.580002,-10.967661,52.0,2828.0,0.1555908721542358,False,REGULAR,USD,2026-12-18,7406.47998046875,0.0362799978256225,call,1.127391152344887,0.5287671232876713,66.30000000000001
SPX261218C08375000,2026-06-08 17:31:10+00:00,8375.0,66.0,61.8,62.6,4.700001,7.6672115,12.0,99.0,0.1549242604732513,False,REGULAR,USD,2026-12-18,7406.47998046875,0.0362799978256225,call,1.130766574956698,0.5287671232876713,62.2
SPX261218C08400000,2026-06-08 17:33:42+00:00,8400.0,60.16,57.8,58.5,1.8600006,3.1903956,102.0,13660.0,0.1541050624275207,False,REGULAR,USD,2026-12-18,7406.47998046875,0.0362799978256225,call,1.134141997568509,0.5287671232876713,58.15
SPX261218C08425000,2026-06-05 14:42:32+00:00,8425.0,73.6,54.3,55.1,0.0,0.0,5.0,15.0,0.1537131062030792,False,REGULAR,USD,2026-12-18,7406.47998046875,0.0362799978256225,call,1.13751742018032,0.5287671232876713,54.7
SPX261218C08450000,2026-06-08 19:07:59+00:00,8450.0,52.94,50.3,50.9,3.0999985,6.2199006,730.0,2157.0,0.1524838323020935,False,REGULAR,USD,2026-12-18,7406.47998046875,0.0362799978256225,call,1.1408928427921312,0.5287671232876713,50.6
SPX261218C08475000,2026-06-08 15:30:52+00:00,8475.0,49.6,47.6,48.4,-40.700005,-45.071987,10.0,9.0,0.1525982720756531,False,REGULAR,USD,2026-12-18,7406.47998046875,0.0362799978256225,call,1.1442682654039422,0.5287671232876713,48.0
SPX261218C08500000,2026-06-08 18:06:42+00:00,8500.0,47.57,44.5,45.3,3.8199997,8.731428,295.0,12033.0,0.1520489611625671,False,REGULAR,USD,2026-12-18,7406.47998046875,0.0362799978256225,call,1.1476436880157532,0.5287671232876713,44.9
SPX261218C08525000,2026-06-05 16:36:57+00:00,8525.0,50.6,41.6,42.2,0.0,0.0,12.0,62.0,0.1513489712142944,False,REGULAR,USD,2026-12-18,7406.47998046875,0.0362799978256225,call,1.1510191106275642,0.5287671232876713,41.900000000000006
SPX261218C08550000,2026-06-08 14:11:40+00:00,8550.0,42.65,38.5,39.1,4.4000015,11.503272,10.0,3378.0,0.1504849509239197,False,REGULAR,USD,2026-12-18,7406.47998046875,0.0362799978256225,call,1.1543945332393752,0.5287671232876713,38.8
SPX261218C08575000,2026-06-05 16:35:53+00:00,8575.0,44.6,36.2,36.8,0.0,0.0,16.0,40.0,0.1502884959793091,False,REGULAR,USD,2026-12-18,7406.47998046875,0.0362799978256225,call,1.1577699558511862,0.5287671232876713,36.5
SPX261218C08600000,2026-06-08 14:08:21+00:00,8600.0,36.7,33.5,34.1,2.5200005,7.372734,2.0,8596.0,0.1495255641555786,False,REGULAR,USD,2026-12-18,7406.47998046875,0.0362799978256225,call,1.1611453784629973,0.5287671232876713,33.8
SPX261218C08650000,2026-06-08 17:29:19+00:00,8650.0,31.62,29.1,29.7,-4.7800007,-13.131869,102.0,240.0,0.1486653585243225,False,REGULAR,USD,2026-12-18,7406.47998046875,0.0362799978256225,call,1.1678962236866195,0.5287671232876713,29.4
SPX261218C08700000,2026-06-08 17:14:54+00:00,8700.0,27.0,25.7,26.2,-0.39999962,-1.4598527,48.0,5945.0,0.1483659077835083,False,REGULAR,USD,2026-12-18,7406.47998046875,0.0362799978256225,call,1.1746470689102415,0.5287671232876713,25.95
SPX261218C08800000,2026-06-08 14:21:25+00:00,8800.0,20.85,19.3,19.7,-3.4499989,-14.197526,302.0,18759.0,0.146920151977539,False,REGULAR,USD,2026-12-18,7406.47998046875,0.0362799978256225,call,1.1881487593574858,0.5287671232876713,19.5
SPX261218C08900000,2026-06-08 19:07:17+00:00,8900.0,15.2,14.5,14.9,1.3999996,10.144925,220.0,2033.0,0.1460465950393676,False,REGULAR,USD,2026-12-18,7406.47998046875,0.0362799978256225,call,1.2016504498047298,0.5287671232876713,14.7
SPX261218C09000000,2026-06-08 18:40:35+00:00,9000.0,11.75,10.9,11.2,0.35000038,3.070179,192.0,40393.0,0.1453027365112305,False,REGULAR,USD,2026-12-18,7406.47998046875,0.0362799978256225,call,1.215152140251974,0.5287671232876713,11.05
SPX261218C09100000,2026-06-08 16:47:38+00:00,9100.0,9.5,8.3,8.6,0.8999996,10.465112,6.0,4677.0,0.1453141804885864,False,REGULAR,USD,2026-12-18,7406.47998046875,0.0362799978256225,call,1.228653830699218,0.5287671232876713,8.45
SPX261218C09200000,2026-06-08 17:11:30+00:00,9200.0,6.77,6.3,6.6,0.3699999,5.781248,42.0,28398.0,0.1454400642395019,False,REGULAR,USD,2026-12-18,7406.47998046875,0.0362799978256225,call,1.2421555211464623,0.5287671232876713,6.449999999999999
SPX261218C09300000,2026-06-08 17:11:44+00:00,9300.0,5.22,4.9,5.2,-1.3300004,-20.30535,85.0,168.0,0.1462258840179443,False,REGULAR,USD,2026-12-18,7406.47998046875,0.0362799978256225,call,1.2556572115937064,0.5287671232876713,5.050000000000001
SPX261218C09400000,2026-06-05 17:26:25+00:00,9400.0,4.5,3.9,4.2,-0.3000002,-6.250004,1.0,6715.0,0.1475228681182861,False,REGULAR,USD,2026-12-18,7406.47998046875,0.0362799978256225,call,1.2691589020409506,0.5287671232876713,4.05
SPX261218C09600000,2026-06-08 17:11:30+00:00,9600.0,2.82,2.6,2.8,-0.08000016,-2.7586262,6.0,4298.0,0.1504296383666992,False,REGULAR,USD,2026-12-18,7406.47998046875,0.0362799978256225,call,1.296162282935439,0.5287671232876713,2.7
SPX261218C09800000,2026-06-08 17:11:44+00:00,9800.0,1.97,1.8,2.05,-0.8799999,-30.877188,84.0,1100.0,0.1548241256713867,False,REGULAR,USD,2026-12-18,7406.47998046875,0.0362799978256225,call,1.3231656638299272,0.5287671232876713,1.925
SPX261218C10000000,2026-06-05 19:16:25+00:00,10000.0,1.3,1.3,1.6,0.0,0.0,5.0,34250.0,0.1599815447998047,False,REGULAR,USD,2026-12-18,7406.47998046875,0.0362799978256225,call,1.3501690447244157,0.5287671232876713,1.4500000000000002
SPX261218C10200000,2026-06-03 18:43:43+00:00,10200.0,1.55,1.0,1.3,0.0,0.0,12.0,635.0,0.1654899125671387,False,REGULAR,USD,2026-12-18,7406.47998046875,0.0362799978256225,call,1.3771724256189035,0.5287671232876713,1.15
SPXW261231C07335000,2026-05-19 14:45:13+00:00,7335.0,490.53,517.0,518.2,0.0,0.0,2.0,13.0,0.217418867149353,True,REGULAR,USD,2026-12-31,7406.47998046875,0.0362799978256225,call,0.9903489943053588,0.5643835616438356,517.6
SPXW261231C07340000,2026-05-19 14:45:13+00:00,7340.0,487.23,513.3,515.7,0.0,0.0,2.0,7.0,0.2173969328594208,True,REGULAR,USD,2026-12-31,7406.47998046875,0.0362799978256225,call,0.991024078827721,0.5643835616438356,514.5
SPXW261231C07345000,2026-05-08 14:32:51+00:00,7345.0,526.3,506.6,508.2,0.0,0.0,5.0,46.0,0.2151052763938903,True,REGULAR,USD,2026-12-31,7406.47998046875,0.0362799978256225,call,0.9916991633500832,0.5643835616438356,507.4
SPXW261231C07350000,2026-06-04 16:14:54+00:00,7350.0,626.62,506.2,507.2,0.0,0.0,15.0,222.0,0.2157566294384002,True,REGULAR,USD,2026-12-31,7406.47998046875,0.0362799978256225,call,0.9923742478724454,0.5643835616438356,506.7
SPXW261231C07355000,2026-06-05 19:47:02+00:00,7355.0,504.9,503.0,504.2,0.0,0.0,1.0,705.0,0.2154981862831115,True,REGULAR,USD,2026-12-31,7406.47998046875,0.0362799978256225,call,0.9930493323948076,0.5643835616438356,503.6
SPXW261231C07360000,2026-05-21 14:50:46+00:00,7360.0,506.89,500.2,501.4,0.0,0.0,1.0,26.0,0.2153274802875519,True,REGULAR,USD,2026-12-31,7406.47998046875,0.0362799978256225,call,0.9937244169171698,0.5643835616438356,500.8
SPXW261231C07365000,2026-05-06 15:18:10+00:00,7365.0,478.15,495.8,497.0,0.0,0.0,1.0,9.0,0.2144286512327194,True,REGULAR,USD,2026-12-31,7406.47998046875,0.0362799978256225,call,0.994399501439532,0.5643835616438356,496.4
SPXW261231C07370000,2026-05-22 19:57:13+00:00,7370.0,549.0,492.6,494.2,0.0,0.0,10.0,31.0,0.2142507927513122,True,REGULAR,USD,2026-12-31,7406.47998046875,0.0362799978256225,call,0.9950745859618942,0.5643835616438356,493.4
SPXW261231C07375000,2026-05-08 16:10:22+00:00,7375.0,509.1,486.6,487.8,0.0,0.0,2.0,11.0,0.2124416906642913,True,REGULAR,USD,2026-12-31,7406.47998046875,0.0362799978256225,call,0.9957496704842564,0.5643835616438356,487.2000000000001
SPXW261231C07385000,2026-03-20 10:10:37+00:00,7385.0,151.4,314.6,318.1,0.0,0.0,12.0,12.0,0.1380319962310791,True,REGULAR,USD,2026-12-31,7406.47998046875,0.0362799978256225,call,0.9970998395289808,0.5643835616438356,316.35
SPXW261231C07395000,2026-06-08 14:17:06+00:00,7395.0,486.0,476.8,477.8,19.369995,4.151039,7.0,16.0,0.2122233014297485,True,REGULAR,USD,2026-12-31,7406.47998046875,0.0362799978256225,call,0.9984500085737052,0.5643835616438356,477.3
SPXW261231C07400000,2026-06-08 16:38:41+00:00,7400.0,486.83,473.5,474.6,31.269989,6.864077,203.0,906.0,0.2118427891826629,True,REGULAR,USD,2026-12-31,7406.47998046875,0.0362799978256225,call,0.9991250930960676,0.5643835616438356,474.05
SPXW261231C07405000,2026-05-21 18:33:38+00:00,7405.0,508.88,470.2,471.3,0.0,0.0,1.0,33.0,0.2114145936965942,True,REGULAR,USD,2026-12-31,7406.47998046875,0.0362799978256225,call,0.9998001776184297,0.5643835616438356,470.75
SPXW261231C07410000,2026-05-18 13:39:27+00:00,7410.0,488.33,464.5,465.4,0.0,0.0,1.0,63.0,0.2098114832019806,False,REGULAR,USD,2026-12-31,7406.47998046875,0.0362799978256225,call,1.000475262140792,0.5643835616438356,464.95
SPXW261231C07415000,2026-06-05 20:01:06+00:00,7415.0,455.1,463.8,464.7,0.0,0.0,1.0,13.0,0.2105477124118805,False,REGULAR,USD,2026-12-31,7406.47998046875,0.0362799978256225,call,1.0011503466631542,0.5643835616438356,464.25
SPXW261231C07420000,2026-06-05 15:54:01+00:00,7420.0,511.23,457.0,458.2,0.0,0.0,2.0,40.0,0.2086670854663848,False,REGULAR,USD,2026-12-31,7406.47998046875,0.0362799978256225,call,1.0018254311855164,0.5643835616438356,457.6
SPXW261231C07425000,2026-06-05 20:04:05+00:00,7425.0,439.34,456.6,457.8,0.0,0.0,181.0,123.0,0.2095311057567596,False,REGULAR,USD,2026-12-31,7406.47998046875,0.0362799978256225,call,1.0025005157078786,0.5643835616438356,457.2000000000001
SPXW261231C07430000,2026-06-05 16:30:44+00:00,7430.0,492.13,450.5,451.8,0.0,0.0,1.0,17.0,0.2078698217105865,False,REGULAR,USD,2026-12-31,7406.47998046875,0.0362799978256225,call,1.0031756002302408,0.5643835616438356,451.15
SPXW261231C07435000,2026-06-05 18:36:32+00:00,7435.0,464.26,449.4,450.6,0.0,0.0,1.0,18.0,0.2083657273960113,False,REGULAR,USD,2026-12-31,7406.47998046875,0.0362799978256225,call,1.003850684752603,0.5643835616438356,450.0
SPXW261231C07440000,2026-06-05 16:30:44+00:00,7440.0,485.57,442.1,445.0,0.0,0.0,1.0,12.0,0.2068770566749572,False,REGULAR,USD,2026-12-31,7406.47998046875,0.0362799978256225,call,1.0045257692749652,0.5643835616438356,443.55
SPXW261231C07445000,2026-05-22 14:24:00+00:00,7445.0,490.7,439.0,441.8,0.0,0.0,1.0,18.0,0.2064660271549224,False,REGULAR,USD,2026-12-31,7406.47998046875,0.0362799978256225,call,1.0052008537973274,0.5643835616438356,440.4
SPXW261231C07450000,2026-06-05 20:02:49+00:00,7450.0,424.94,441.0,442.2,0.0,0.0,143.0,2525.0,0.2076695521068572,False,REGULAR,USD,2026-12-31,7406.47998046875,0.0362799978256225,call,1.0058759383196896,0.5643835616438356,441.6
SPXW261231C07455000,2026-05-14 14:00:47+00:00,7455.0,515.0,437.8,439.4,0.0,0.0,1.0,5.0,0.2074301822471618,False,REGULAR,USD,2026-12-31,7406.47998046875,0.0362799978256225,call,1.0065510228420518,0.5643835616438356,438.6
SPXW261231C07460000,2026-06-04 19:44:56+00:00,7460.0,560.75,431.5,432.5,0.0,0.0,6000.0,2293.0,0.205343563709259,False,REGULAR,USD,2026-12-31,7406.47998046875,0.0362799978256225,call,1.007226107364414,0.5643835616438356,432.0
SPXW261231C07465000,2026-05-26 14:07:36+00:00,7465.0,520.1,431.4,433.2,0.0,0.0,2.0,12.0,0.20667106508255,False,REGULAR,USD,2026-12-31,7406.47998046875,0.0362799978256225,call,1.0079011918867762,0.5643835616438356,432.3
SPXW261231C07470000,2026-04-16 13:59:53+00:00,7470.0,247.14,428.2,429.4,0.0,0.0,2.0,95.0,0.2059705983018875,False,REGULAR,USD,2026-12-31,7406.47998046875,0.0362799978256225,call,1.0085762764091384,0.5643835616438356,428.8
SPXW261231C07475000,2026-06-05 19:44:02+00:00,7475.0,421.08,425.0,426.6,0.0,0.0,162.0,343.0,0.2057164466381072,False,REGULAR,USD,2026-12-31,7406.47998046875,0.0362799978256225,call,1.0092513609315006,0.5643835616438356,425.8
SPXW261231C07480000,2026-06-01 19:16:14+00:00,7480.0,558.04,421.7,422.6,0.0,0.0,50.0,31.0,0.2049191828823089,False,REGULAR,USD,2026-12-31,7406.47998046875,0.0362799978256225,call,1.0099264454538628,0.5643835616438356,422.15
SPXW261231C07490000,2026-06-03 17:47:41+00:00,7490.0,523.7,416.2,417.4,0.0,0.0,10.0,817.0,0.2045710952377318,False,REGULAR,USD,2026-12-31,7406.47998046875,0.0362799978256225,call,1.0112766144985872,0.5643835616438356,416.8
SPXW261231C07500000,2026-06-08 15:32:51+00:00,7500.0,424.99,409.4,410.6,17.519989,4.2997003,16.0,1192.0,0.2034886857128143,False,REGULAR,USD,2026-12-31,7406.47998046875,0.0362799978256225,call,1.0126267835433116,0.5643835616438356,410.0
SPXW261231C07510000,2026-06-05 16:02:54+00:00,7510.0,449.68,403.8,404.8,0.0,0.0,1.0,169.0,0.202841147327423,False,REGULAR,USD,2026-12-31,7406.47998046875,0.0362799978256225,call,1.013976952588036,0.5643835616438356,404.3
SPXW261231C07520000,2026-06-05 17:41:37+00:00,7520.0,420.7,394.9,395.9,-14.079987,-3.2384164,1.0,30.0,0.2007840923976898,False,REGULAR,USD,2026-12-31,7406.47998046875,0.0362799978256225,call,1.0153271216327604,0.5643835616438356,395.4
SPXW261231C07525000,2026-06-05 20:01:06+00:00,7525.0,387.3,391.8,393.0,0.0,0.0,98.0,110.0,0.2004455414009094,False,REGULAR,USD,2026-12-31,7406.47998046875,0.0362799978256225,call,1.0160022061551226,0.5643835616438356,392.4
SPXW261231C07530000,2026-06-05 16:26:58+00:00,7530.0,433.06,389.1,390.2,0.0,0.0,1.0,40.0,0.2001489516544342,False,REGULAR,USD,2026-12-31,7406.47998046875,0.0362799978256225,call,1.0166772906774848,0.5643835616438356,389.65
SPXW261231C07540000,2026-06-08 14:17:06+00:00,7540.0,394.4,385.0,386.2,-72.600006,-15.54604,8.0,28.0,0.2002624377632141,False,REGULAR,USD,2026-12-31,7406.47998046875,0.0362799978256225,call,1.0180274597222092,0.5643835616438356,385.6
SPXW261231C07550000,2026-06-08 17:31:29+00:00,7550.0,392.28,376.7,378.5,23.929993,6.4965367,6.0,501.0,0.1986965201950072,False,REGULAR,USD,2026-12-31,7406.47998046875,0.0362799978256225,call,1.0193776287669338,0.5643835616438356,377.6
SPXW261231C07560000,2026-04-30 15:00:24+00:00,7560.0,260.59,371.8,373.0,0.0,0.0,6.0,16.0,0.1981033407020568,False,REGULAR,USD,2026-12-31,7406.47998046875,0.0362799978256225,call,1.0207277978116582,0.5643835616438356,372.4
SPXW261231C07570000,2026-06-08 16:38:57+00:00,7570.0,379.34,367.8,368.7,85.42999,29.066717,1.0,18.0,0.1980346768379211,False,REGULAR,USD,2026-12-31,7406.47998046875,0.0362799978256225,call,1.0220779668563826,0.5643835616438356,368.25
SPXW261231C07575000,2026-06-05 20:04:46+00:00,7575.0,349.29,365.0,366.2,0.0,0.0,52.0,88.0,0.1978363145637512,False,REGULAR,USD,2026-12-31,7406.47998046875,0.0362799978256225,call,1.0227530513787448,0.5643835616438356,365.6
SPXW261231C07580000,2026-06-01 16:53:11+00:00,7580.0,477.1,362.2,363.4,0.0,0.0,1.0,45.0,0.1974987172317505,False,REGULAR,USD,2026-12-31,7406.47998046875,0.0362799978256225,call,1.023428135901107,0.5643835616438356,362.8
SPXW261231C07590000,2026-06-05 20:01:50+00:00,7590.0,343.95,356.6,357.8,0.0,0.0,4.0,178.0,0.196812078590393,False,REGULAR,USD,2026-12-31,7406.47998046875,0.0362799978256225,call,1.0247783049458314,0.5643835616438356,357.20000000000005
SPXW261231C07600000,2026-06-08 15:07:44+00:00,7600.0,380.75,350.6,351.8,31.529999,9.028692,13.0,504.0,0.1959280313396454,False,REGULAR,USD,2026-12-31,7406.47998046875,0.0362799978256225,call,1.0261284739905558,0.5643835616438356,351.20000000000005
SPXW261231C07610000,2026-06-05 19:16:26+00:00,7610.0,337.58,345.1,346.4,0.0,0.0,1.0,13.0,0.195297658920288,False,REGULAR,USD,2026-12-31,7406.47998046875,0.0362799978256225,call,1.0274786430352802,0.5643835616438356,345.75
SPXW261231C07620000,2026-06-02 17:17:37+00:00,7620.0,465.4,340.0,340.9,0.0,0.0,2.0,17.0,0.1946052982902526,False,REGULAR,USD,2026-12-31,7406.47998046875,0.0362799978256225,call,1.0288288120800049,0.5643835616438356,340.45
SPXW261231C07625000,2026-06-01 14:22:16+00:00,7625.0,439.26,334.2,335.4,0.0,0.0,1.0,11.0,0.1930069561195373,False,REGULAR,USD,2026-12-31,7406.47998046875,0.0362799978256225,call,1.0295038966023669,0.5643835616438356,334.79999999999995
SPXW261231C07630000,2026-06-03 16:28:08+00:00,7630.0,426.69,330.9,332.2,0.0,0.0,4.0,51.0,0.1924452475643158,False,REGULAR,USD,2026-12-31,7406.47998046875,0.0362799978256225,call,1.030178981124729,0.5643835616438356,331.54999999999995
SPXW261231C07640000,2026-05-29 16:02:58+00:00,7640.0,434.61,328.2,329.3,0.0,0.0,53.0,253.0,0.1928963310050964,False,REGULAR,USD,2026-12-31,7406.47998046875,0.0362799978256225,call,1.0315291501694537,0.5643835616438356,328.75
SPXW261231C07650000,2026-06-08 17:31:29+00:00,7650.0,334.66,322.2,323.3,12.790009,3.9736567,5.0,125.0,0.1919235929298401,False,REGULAR,USD,2026-12-31,7406.47998046875,0.0362799978256225,call,1.032879319214178,0.5643835616438356,322.75
SPXW261231C07660000,2026-05-27 17:00:24+00:00,7660.0,388.3,317.0,318.2,0.0,0.0,1.0,10.0,0.1913428110790252,False,REGULAR,USD,2026-12-31,7406.47998046875,0.0362799978256225,call,1.0342294882589025,0.5643835616438356,317.6
SPXW261231C07670000,2026-05-01 15:12:48+00:00,7670.0,248.29,309.9,311.0,0.0,0.0,2.0,79.0,0.1897864301586151,False,REGULAR,USD,2026-12-31,7406.47998046875,0.0362799978256225,call,1.0355796573036269,0.5643835616438356,310.45
SPXW261231C07675000,2026-06-04 19:48:39+00:00,7675.0,418.94,309.4,310.7,0.0,0.0,13.0,14.0,0.1905064470672607,False,REGULAR,USD,2026-12-31,7406.47998046875,0.0362799978256225,call,1.0362547418259889,0.5643835616438356,310.04999999999995
SPXW261231C07680000,2026-05-15 15:34:08+00:00,7680.0,351.59,305.8,307.4,0.0,0.0,5.0,118.0,0.1898531866931915,False,REGULAR,USD,2026-12-31,7406.47998046875,0.0362799978256225,call,1.036929826348351,0.5643835616438356,306.6
SPXW261231C07690000,2026-06-08 13:37:40+00:00,7690.0,315.83,301.5,302.6,11.189972,3.6731787,10.0,26.0,0.1893553736782073,False,REGULAR,USD,2026-12-31,7406.47998046875,0.0362799978256225,call,1.0382799953930757,0.5643835616438356,302.05
SPXW261231C07700000,2026-06-08 18:38:31+00:00,7700.0,304.09,296.7,297.7,3.6399841,1.2115108,50.0,1306.0,0.1887946187877655,False,REGULAR,USD,2026-12-31,7406.47998046875,0.0362799978256225,call,1.0396301644378,0.5643835616438356,297.2
SPXW261231C07710000,2026-06-08 13:37:40+00:00,7710.0,305.45,289.3,290.6,5.9400024,1.98324,10.0,197.0,0.1872048596000671,False,REGULAR,USD,2026-12-31,7406.47998046875,0.0362799978256225,call,1.0409803334825245,0.5643835616438356,289.95000000000005
SPXW261231C07720000,2026-05-18 13:05:49+00:00,7720.0,318.1,286.3,287.2,0.0,0.0,6.0,24.0,0.1872964114189148,False,REGULAR,USD,2026-12-31,7406.47998046875,0.0362799978256225,call,1.042330502527249,0.5643835616438356,286.75
SPXW261231C07725000,2026-06-08 14:06:17+00:00,7725.0,295.08,284.2,285.4,8.369995,2.9193246,13.0,81.0,0.1872897357654571,False,REGULAR,USD,2026-12-31,7406.47998046875,0.0362799978256225,call,1.043005587049611,0.5643835616438356,284.79999999999995
SPXW261231C07730000,2026-06-08 18:38:31+00:00,7730.0,288.84,281.7,282.6,3.4899902,1.223056,39.0,1036.0,0.1868186253643036,False,REGULAR,USD,2026-12-31,7406.47998046875,0.0362799978256225,call,1.0436806715719733,0.5643835616438356,282.15
SPXW261231C07740000,2026-06-05 18:44:15+00:00,7740.0,284.34,276.6,277.7,0.0,0.0,93.0,159.0,0.1861834846210479,False,REGULAR,USD,2026-12-31,7406.47998046875,0.0362799978256225,call,1.0450308406166977,0.5643835616438356,277.15
SPXW261231C07750000,2026-06-05 20:11:31+00:00,7750.0,254.0,271.4,272.3,0.0,0.0,33.0,194.0,0.1852984837055206,False,REGULAR,USD,2026-12-31,7406.47998046875,0.0362799978256225,call,1.046381009661422,0.5643835616438356,271.85
SPXW261231C07760000,2026-05-27 00:23:17+00:00,7760.0,280.58,266.6,267.8,-57.55002,-17.020086,12.0,60.0,0.1848111610031127,False,REGULAR,USD,2026-12-31,7406.47998046875,0.0362799978256225,call,1.0477311787061463,0.5643835616438356,267.20000000000005
SPXW261231C07770000,2026-05-12 19:48:19+00:00,7770.0,288.4,262.1,263.0,0.0,0.0,1.0,191.0,0.1841655299472809,False,REGULAR,USD,2026-12-31,7406.47998046875,0.0362799978256225,call,1.049081347750871,0.5643835616438356,262.55
SPXW261231C07775000,2026-05-27 13:45:26+00:00,7775.0,323.8,259.4,260.6,0.0,0.0,8.0,10.0,0.1838355619335174,False,REGULAR,USD,2026-12-31,7406.47998046875,0.0362799978256225,call,1.0497564322732331,0.5643835616438356,260.0
SPXW261231C07780000,2026-06-05 18:23:25+00:00,7780.0,273.51,257.0,258.2,0.0,0.0,14.0,118.0,0.1835008255958556,False,REGULAR,USD,2026-12-31,7406.47998046875,0.0362799978256225,call,1.050431516795595,0.5643835616438356,257.6
SPXW261231C07790000,2026-06-01 18:59:35+00:00,7790.0,362.79,251.1,252.1,0.0,0.0,1.0,64.0,0.1822047951602936,False,REGULAR,USD,2026-12-31,7406.47998046875,0.0362799978256225,call,1.0517816858403195,0.5643835616438356,251.6
SPXW261231C07800000,2026-06-08 15:44:38+00:00,7800.0,265.42,247.9,248.9,13.320007,5.2836204,39.0,1903.0,0.182251524734497,False,REGULAR,USD,2026-12-31,7406.47998046875,0.0362799978256225,call,1.053131854885044,0.5643835616438356,248.4
SPXW261231C07810000,2026-06-08 13:30:02+00:00,7810.0,262.33,243.4,244.2,-78.05002,-22.93026,1.0,89.0,0.1815744227409362,False,REGULAR,USD,2026-12-31,7406.47998046875,0.0362799978256225,call,1.0544820239297683,0.5643835616438356,243.8
SPXW261231C07820000,2026-06-01 18:59:14+00:00,7820.0,346.67,236.5,237.8,0.0,0.0,1.0,109.0,0.1800695397186279,False,REGULAR,USD,2026-12-31,7406.47998046875,0.0362799978256225,call,1.055832192974493,0.5643835616438356,237.15
SPXW261231C07825000,2026-06-08 15:48:07+00:00,7825.0,256.08,236.6,237.7,-42.04001,-14.101707,1.0,11.0,0.1807809736442565,False,REGULAR,USD,2026-12-31,7406.47998046875,0.0362799978256225,call,1.0565072774968551,0.5643835616438356,237.15
SPXW261231C07830000,2026-06-05 16:28:02+00:00,7830.0,266.83,232.1,233.0,0.0,0.0,4.0,34.0,0.1792999322414398,False,REGULAR,USD,2026-12-31,7406.47998046875,0.0362799978256225,call,1.0571823620192171,0.5643835616438356,232.55
SPXW261231C07840000,2026-06-01 18:40:06+00:00,7840.0,335.41,230.0,231.0,0.0,0.0,8.0,151.0,0.179848289489746,False,REGULAR,USD,2026-12-31,7406.47998046875,0.0362799978256225,call,1.0585325310639415,0.5643835616438356,230.5
SPXW261231C07850000,2026-06-01 16:32:17+00:00,7850.0,244.06,225.4,226.3,-72.92999,-23.007032,1.0,89.0,0.1790882186603546,False,REGULAR,USD,2026-12-31,7406.47998046875,0.0362799978256225,call,1.059882700108666,0.5643835616438356,225.85
SPXW261231C07860000,2026-06-05 18:16:14+00:00,7860.0,235.4,221.2,222.2,0.0,0.0,7.0,25.0,0.1785961276340484,False,REGULAR,USD,2026-12-31,7406.47998046875,0.0362799978256225,call,1.0612328691533903,0.5643835616438356,221.7
SPXW261231C07870000,2026-05-29 16:44:58+00:00,7870.0,308.62,217.0,217.9,0.0,0.0,5.0,5.0,0.1779876895046234,False,REGULAR,USD,2026-12-31,7406.47998046875,0.0362799978256225,call,1.062583038198115,0.5643835616438356,217.45
SPXW261231C07875000,2026-05-29 16:41:24+00:00,7875.0,307.53,214.6,215.6,0.0,0.0,1.0,4.0,0.1776024089336395,False,REGULAR,USD,2026-12-31,7406.47998046875,0.0362799978256225,call,1.0632581227204772,0.5643835616438356,215.1
SPXW261231C07890000,2026-03-06 17:22:13+00:00,7890.0,71.5,33.5,34.9,0.0,0.0,2.0,0.0,0.0798765643024444,False,REGULAR,USD,2026-12-31,7406.47998046875,0.0362799978256225,call,1.0652833762875638,0.5643835616438356,34.2
SPXW261231C07910000,2026-06-05 17:11:31+00:00,7910.0,222.8,200.2,201.4,0.0,0.0,2.0,16.0,0.1756836353969573,False,REGULAR,USD,2026-12-31,7406.47998046875,0.0362799978256225,call,1.0679837143770128,0.5643835616438356,200.8
SPXW261231C07920000,2026-05-29 13:48:37+00:00,7920.0,203.48,196.0,196.9,-85.53999,-29.596565,10.0,24.0,0.1748692056751251,False,REGULAR,USD,2026-12-31,7406.47998046875,0.0362799978256225,call,1.0693338834217372,0.5643835616438356,196.45
SPXW261231C07930000,2026-06-05 18:05:36+00:00,7930.0,211.7,190.2,191.3,0.0,0.0,8.0,56.0,0.1734816234207153,False,REGULAR,USD,2026-12-31,7406.47998046875,0.0362799978256225,call,1.0706840524664616,0.5643835616438356,190.75
SPXW261231C07940000,2026-06-05 18:16:00+00:00,7940.0,201.1,188.0,189.2,0.0,0.0,2.0,114.0,0.1738173134231567,False,REGULAR,USD,2026-12-31,7406.47998046875,0.0362799978256225,call,1.072034221511186,0.5643835616438356,188.6
SPXW261231C07950000,2026-06-05 17:52:33+00:00,7950.0,200.5,184.8,185.8,-5.5,-2.6699028,2.0,3486.0,0.1734863917446136,False,REGULAR,USD,2026-12-31,7406.47998046875,0.0362799978256225,call,1.0733843905559104,0.5643835616438356,185.3
SPXW261231C07960000,2026-06-05 15:47:37+00:00,7960.0,214.5,179.5,180.3,0.0,0.0,2.0,9.0,0.1720730605411529,False,REGULAR,USD,2026-12-31,7406.47998046875,0.0362799978256225,call,1.0747345596006348,0.5643835616438356,179.9
SPXW261231C07970000,2026-06-03 14:27:20+00:00,7970.0,253.7,177.6,178.5,0.0,0.0,1.0,22.0,0.1725107926750183,False,REGULAR,USD,2026-12-31,7406.47998046875,0.0362799978256225,call,1.0760847286453592,0.5643835616438356,178.05
SPXW261231C07975000,2026-05-29 14:12:52+00:00,7975.0,263.9,173.9,175.0,0.0,0.0,18.0,33.0,0.1713988195419311,False,REGULAR,USD,2026-12-31,7406.47998046875,0.0362799978256225,call,1.0767598131677214,0.5643835616438356,174.45
SPXW261231C07980000,2026-06-08 16:38:26+00:00,7980.0,181.1,173.9,174.6,-5.399994,-2.8954391,2.0,8209.0,0.1718632542896271,False,REGULAR,USD,2026-12-31,7406.47998046875,0.0362799978256225,call,1.0774348976900836,0.5643835616438356,174.25
SPXW261231C07985000,2026-05-08 16:06:14+00:00,7985.0,190.27,172.1,172.9,0.0,0.0,1.0,200.0,0.1716591700267792,False,REGULAR,USD,2026-12-31,7406.47998046875,0.0362799978256225,call,1.0781099822124458,0.5643835616438356,172.5
SPXW261231C07990000,2026-06-08 16:03:04+00:00,7990.0,181.7,170.4,171.1,-8.5,-4.4689803,2.0,9058.0,0.1713988195419311,False,REGULAR,USD,2026-12-31,7406.47998046875,0.0362799978256225,call,1.078785066734808,0.5643835616438356,170.75
SPXW261231C07995000,2026-05-29 15:41:15+00:00,7995.0,177.23,168.6,169.4,-72.07001,-28.908949,5.0,102.0,0.1711842449665069,False,REGULAR,USD,2026-12-31,7406.47998046875,0.0362799978256225,call,1.0794601512571702,0.5643835616438356,169.0
SPXW261231C08000000,2026-06-08 13:38:21+00:00,8000.0,178.32,166.8,167.7,13.320007,8.072732,4.0,14228.0,0.1709639484024048,False,REGULAR,USD,2026-12-31,7406.47998046875,0.0362799978256225,call,1.0801352357795324,0.5643835616438356,167.25
SPXW261231C08005000,2026-05-29 15:00:00+00:00,8005.0,241.03,165.0,165.8,0.0,0.0,10.0,89.0,0.170634934053421,False,REGULAR,USD,2026-12-31,7406.47998046875,0.0362799978256225,call,1.0808103203018946,0.5643835616438356,165.4
SPXW261231C08010000,2026-06-05 15:34:15+00:00,8010.0,171.2,163.2,164.1,-25.800003,-13.096448,3.0,11191.0,0.1704041471767425,False,REGULAR,USD,2026-12-31,7406.47998046875,0.0362799978256225,call,1.0814854048242568,0.5643835616438356,163.64999999999998
SPXW261231C08015000,2026-05-29 15:42:22+00:00,8015.0,239.3,160.9,161.7,0.0,0.0,2.0,14.0,0.1698014310359955,False,REGULAR,USD,2026-12-31,7406.47998046875,0.0362799978256225,call,1.082160489346619,0.5643835616438356,161.3
SPXW261231C08020000,2026-06-02 19:05:36+00:00,8020.0,168.31,159.3,160.0,-77.89,-31.63688,10.0,10247.0,0.1695582465171814,False,REGULAR,USD,2026-12-31,7406.47998046875,0.0362799978256225,call,1.0828355738689812,0.5643835616438356,159.65
SPXW261231C08025000,2026-06-08 14:44:15+00:00,8025.0,167.8,157.1,157.7,6.380005,3.9524252,1.0,102.0,0.1689936769676208,False,REGULAR,USD,2026-12-31,7406.47998046875,0.0362799978256225,call,1.0835106583913434,0.5643835616438356,157.39999999999998
SPXW261231C08030000,2026-06-01 17:44:02+00:00,8030.0,241.1,155.0,155.6,0.0,0.0,1.0,11759.0,0.1685273348903656,False,REGULAR,USD,2026-12-31,7406.47998046875,0.0362799978256225,call,1.0841857429137056,0.5643835616438356,155.3
SPXW261231C08035000,2026-04-30 15:51:24+00:00,8035.0,94.7,154.9,155.7,0.0,0.0,2.0,52.0,0.1692206491851806,False,REGULAR,USD,2026-12-31,7406.47998046875,0.0362799978256225,call,1.0848608274360678,0.5643835616438356,155.3
SPXW261231C08040000,2026-06-08 09:51:13+00:00,8040.0,158.8,153.2,154.0,6.2299957,4.083369,6.0,48925.0,0.168956484041214,False,REGULAR,USD,2026-12-31,7406.47998046875,0.0362799978256225,call,1.08553591195843,0.5643835616438356,153.6
SPXW261231C08045000,2026-06-08 19:02:57+00:00,8045.0,155.6,151.4,152.2,-24.399994,-13.5555525,13.0,59.0,0.1686341453456878,False,REGULAR,USD,2026-12-31,7406.47998046875,0.0362799978256225,call,1.0862109964807922,0.5643835616438356,151.8
SPXW261231C08050000,2026-06-08 17:27:40+00:00,8050.0,154.13,150.0,150.7,4.2100067,2.808169,4.0,32505.0,0.1684653466796875,False,REGULAR,USD,2026-12-31,7406.47998046875,0.0362799978256225,call,1.0868860810031544,0.5643835616438356,150.35
SPXW261231C08055000,2026-06-03 19:48:35+00:00,8055.0,161.48,147.3,148.3,-53.22,-24.788076,8.0,90.0,0.1678082716464997,False,REGULAR,USD,2026-12-31,7406.47998046875,0.0362799978256225,call,1.0875611655255166,0.5643835616438356,147.8
SPXW261231C08060000,2026-06-08 19:02:57+00:00,8060.0,150.7,146.5,147.1,4.529999,3.0991304,10.0,14809.0,0.1677901520156861,False,REGULAR,USD,2026-12-31,7406.47998046875,0.0362799978256225,call,1.0882362500478788,0.5643835616438356,146.8
SPXW261231C08065000,2026-06-08 19:02:57+00:00,8065.0,149.1,145.0,145.8,12.420013,9.086928,7.0,56.0,0.1677129051685333,False,REGULAR,USD,2026-12-31,7406.47998046875,0.0362799978256225,call,1.088911334570241,0.5643835616438356,145.4
SPXW261231C08070000,2026-06-08 16:01:32+00:00,8070.0,152.5,141.9,142.5,-78.03,-33.84809,11.0,28843.0,0.1665446658134461,False,REGULAR,USD,2026-12-31,7406.47998046875,0.0362799978256225,call,1.0895864190926032,0.5643835616438356,142.2
SPXW261231C08075000,2026-06-08 18:24:25+00:00,8075.0,147.72,141.8,142.5,-29.369995,-16.584785,3.0,47.0,0.1671645479202271,False,REGULAR,USD,2026-12-31,7406.47998046875,0.0362799978256225,call,1.0902615036149654,0.5643835616438356,142.15
SPXW261231C08080000,2026-06-08 09:53:06+00:00,8080.0,146.2,139.0,139.8,-46.33,-24.063782,6.0,12981.0,0.1663062496185303,False,REGULAR,USD,2026-12-31,7406.47998046875,0.0362799978256225,call,1.090936588137328,0.5643835616438356,139.4
SPXW261231C08085000,2026-05-19 14:03:57+00:00,8085.0,136.93,137.6,138.1,0.0,0.0,24.0,13.0,0.1659867719173431,False,REGULAR,USD,2026-12-31,7406.47998046875,0.0362799978256225,call,1.09161167265969,0.5643835616438356,137.85
SPXW261231C08090000,2026-06-04 15:38:46+00:00,8090.0,199.45,135.8,136.5,0.0,0.0,1.0,17813.0,0.1657168847846985,False,REGULAR,USD,2026-12-31,7406.47998046875,0.0362799978256225,call,1.0922867571820525,0.5643835616438356,136.15
SPXW261231C08095000,2026-06-05 18:26:07+00:00,8095.0,145.75,135.3,136.0,0.0,0.0,52.0,109.0,0.1660506674575806,False,REGULAR,USD,2026-12-31,7406.47998046875,0.0362799978256225,call,1.0929618417044145,0.5643835616438356,135.65
SPXW261231C08100000,2026-06-08 18:52:05+00:00,8100.0,138.7,134.4,135.2,2.800003,2.060341,12.0,41013.0,0.1662146977996826,False,REGULAR,USD,2026-12-31,7406.47998046875,0.0362799978256225,call,1.0936369262267769,0.5643835616438356,134.8
SPXW261231C08105000,2026-06-05 15:00:08+00:00,8105.0,168.9,132.8,133.5,0.0,0.0,1.0,31.0,0.1658751931381226,False,REGULAR,USD,2026-12-31,7406.47998046875,0.0362799978256225,call,1.0943120107491389,0.5643835616438356,133.15
SPXW261231C08110000,2026-05-19 19:45:51+00:00,8110.0,128.96,128.6,130.5,0.0,0.0,10.0,16000.0,0.1647994592666626,False,REGULAR,USD,2026-12-31,7406.47998046875,0.0362799978256225,call,1.094987095271501,0.5643835616438356,129.55
SPXW261231C08115000,2026-05-08 13:30:59+00:00,8115.0,135.3,129.7,130.6,0.0,0.0,2.0,2.0,0.1654565342998504,False,REGULAR,USD,2026-12-31,7406.47998046875,0.0362799978256225,call,1.0956621797938633,0.5643835616438356,130.14999999999998
SPXW261231C08120000,2026-05-29 15:49:10+00:00,8120.0,143.9,128.1,128.8,-51.700012,-26.431498,5.0,23777.0,0.165041690120697,False,REGULAR,USD,2026-12-31,7406.47998046875,0.0362799978256225,call,1.0963372643162257,0.5643835616438356,128.45
SPXW261231C08125000,2026-06-03 15:08:06+00:00,8125.0,189.31,125.5,126.3,0.0,0.0,13.0,68.0,0.1642215384101868,False,REGULAR,USD,2026-12-31,7406.47998046875,0.0362799978256225,call,1.0970123488385877,0.5643835616438356,125.9
SPXW261231C08130000,2026-06-05 15:38:21+00:00,8130.0,152.97,125.9,126.6,0.0,0.0,1.0,28459.0,0.1649854238986969,False,REGULAR,USD,2026-12-31,7406.47998046875,0.0362799978256225,call,1.09768743336095,0.5643835616438356,126.25
SPXW261231C08135000,2026-06-05 19:24:28+00:00,8135.0,122.31,124.2,125.1,0.0,0.0,1.0,17.0,0.1647231660842895,False,REGULAR,USD,2026-12-31,7406.47998046875,0.0362799978256225,call,1.098362517883312,0.5643835616438356,124.65
SPXW261231C08140000,2026-06-08 19:07:56+00:00,8140.0,126.13,122.9,123.6,-70.71,-35.922577,1.0,20362.0,0.1644542326164245,False,REGULAR,USD,2026-12-31,7406.47998046875,0.0362799978256225,call,1.0990376024056745,0.5643835616438356,123.25
SPXW261231C08150000,2026-06-08 17:27:40+00:00,8150.0,123.47,120.2,120.9,-3.869995,-3.0391042,2.0,41819.0,0.1640718130397797,False,REGULAR,USD,2026-12-31,7406.47998046875,0.0362799978256225,call,1.100387771450399,0.5643835616438356,120.55
SPXW261231C08160000,2026-06-05 17:47:08+00:00,8160.0,134.2,117.7,118.4,0.0,0.0,35005.0,45005.0,0.1637838062763214,False,REGULAR,USD,2026-12-31,7406.47998046875,0.0362799978256225,call,1.101737940495123,0.5643835616438356,118.05
SPXW261231C08170000,2026-06-05 16:22:16+00:00,8170.0,135.74,114.7,115.4,0.0,0.0,35000.0,22396.0,0.1631801364707947,False,REGULAR,USD,2026-12-31,7406.47998046875,0.0362799978256225,call,1.1030881095398477,0.5643835616438356,115.05
SPXW261231C08175000,2026-06-02 14:35:59+00:00,8175.0,181.88,113.3,114.1,0.0,0.0,1.0,27.0,0.1629874961853027,False,REGULAR,USD,2026-12-31,7406.47998046875,0.0362799978256225,call,1.1037631940622097,0.5643835616438356,113.7
SPXW261231C08180000,2026-06-05 17:40:52+00:00,8180.0,131.66,112.2,112.9,0.0,0.0,40003.0,57899.0,0.1628473074626922,False,REGULAR,USD,2026-12-31,7406.47998046875,0.0362799978256225,call,1.104438278584572,0.5643835616438356,112.55
SPXW261231C08190000,2026-06-05 16:22:16+00:00,8190.0,129.91,109.8,110.5,0.0,0.0,40004.0,42720.0,0.1625526250457763,False,REGULAR,USD,2026-12-31,7406.47998046875,0.0362799978256225,call,1.1057884476292963,0.5643835616438356,110.15
SPXW261231C08200000,2026-06-05 19:03:26+00:00,8200.0,110.72,107.1,107.9,0.0,0.0,12.0,29726.0,0.1621158465766906,False,REGULAR,USD,2026-12-31,7406.47998046875,0.0362799978256225,call,1.1071386166740207,0.5643835616438356,107.5
SPXW261231C08210000,2026-06-04 15:31:49+00:00,8210.0,157.6,104.6,105.4,0.0,0.0,19.0,107.0,0.1617172146987915,False,REGULAR,USD,2026-12-31,7406.47998046875,0.0362799978256225,call,1.108488785718745,0.5643835616438356,105.0
SPXW261231C08220000,2026-06-04 15:32:02+00:00,8220.0,154.7,102.5,103.2,0.0,0.0,9.0,98.0,0.1614787985038757,False,REGULAR,USD,2026-12-31,7406.47998046875,0.0362799978256225,call,1.1098389547634695,0.5643835616438356,102.85
SPXW261231C08230000,2026-06-04 15:20:57+00:00,8230.0,150.4,100.0,100.7,0.0,0.0,7.0,59.0,0.1610334370517731,False,REGULAR,USD,2026-12-31,7406.47998046875,0.0362799978256225,call,1.111189123808194,0.5643835616438356,100.35
SPXW261231C08240000,2026-06-04 16:31:14+00:00,8240.0,150.0,96.5,97.3,0.0,0.0,6.0,145.0,0.1599968034362793,False,REGULAR,USD,2026-12-31,7406.47998046875,0.0362799978256225,call,1.1125392928529183,0.5643835616438356,96.9
SPXW261231C08250000,2026-06-05 17:01:43+00:00,8250.0,111.83,95.4,96.2,0.0,0.0,20.0,190.0,0.1603868523311615,False,REGULAR,USD,2026-12-31,7406.47998046875,0.0362799978256225,call,1.1138894618976427,0.5643835616438356,95.8
SPXW261231C08260000,2026-06-02 18:21:22+00:00,8260.0,154.3,93.3,93.9,0.0,0.0,10.0,42.0,0.1599977571010589,False,REGULAR,USD,2026-12-31,7406.47998046875,0.0362799978256225,call,1.115239630942367,0.5643835616438356,93.6
SPXW261231C08270000,2026-06-05 19:29:13+00:00,8270.0,92.7,91.1,91.7,0.0,0.0,3.0,67.0,0.1596496694564819,False,REGULAR,USD,2026-12-31,7406.47998046875,0.0362799978256225,call,1.1165897999870915,0.5643835616438356,91.4
SPXW261231C08280000,2026-06-08 18:49:55+00:00,8280.0,92.1,88.7,89.3,-0.80000305,-0.8611443,1.0,116.0,0.1591480417823791,False,REGULAR,USD,2026-12-31,7406.47998046875,0.0362799978256225,call,1.117939969031816,0.5643835616438356,89.0
SPXW261231C08290000,2026-06-08 18:31:12+00:00,8290.0,92.3,86.9,87.5,2.5,2.7839642,3.0,142.0,0.1590164360427856,False,REGULAR,USD,2026-12-31,7406.47998046875,0.0362799978256225,call,1.1192901380765403,0.5643835616438356,87.2
SPXW261231C08300000,2026-06-08 17:27:40+00:00,8300.0,87.81,84.6,85.2,-13.090004,-12.973245,2.0,366.0,0.1585329279994964,False,REGULAR,USD,2026-12-31,7406.47998046875,0.0362799978256225,call,1.120640307121265,0.5643835616438356,84.9
SPXW261231C08350000,2026-06-08 19:10:23+00:00,8350.0,75.4,75.2,75.9,-5.169998,-6.416778,15.0,90.0,0.1572578781890869,False,REGULAR,USD,2026-12-31,7406.47998046875,0.0362799978256225,call,1.127391152344887,0.5643835616438356,75.55000000000001
SPXW261231C08400000,2026-06-08 12:21:04+00:00,8400.0,72.37,65.6,66.3,5.3700027,8.014929,3.0,2008.0,0.155188425617218,False,REGULAR,USD,2026-12-31,7406.47998046875,0.0362799978256225,call,1.134141997568509,0.5643835616438356,65.94999999999999
SPXW261231C08450000,2026-06-08 11:10:54+00:00,8450.0,63.5,58.8,59.5,-6.050003,-8.698782,2.0,63.0,0.1546772612953186,False,REGULAR,USD,2026-12-31,7406.47998046875,0.0362799978256225,call,1.1408928427921312,0.5643835616438356,59.15
SPXW261231C08500000,2026-06-08 19:06:57+00:00,8500.0,53.36,51.7,52.3,3.8600006,7.7979813,25.0,2119.0,0.1533383159446716,False,REGULAR,USD,2026-12-31,7406.47998046875,0.0362799978256225,call,1.1476436880157532,0.5643835616438356,52.0
SPXW261231C08550000,2026-06-05 19:08:53+00:00,8550.0,46.23,45.3,45.9,0.0,0.0,1.0,41.0,0.1521233470153808,False,REGULAR,USD,2026-12-31,7406.47998046875,0.0362799978256225,call,1.1543945332393752,0.5643835616438356,45.6
SPXW261231C08600000,2026-06-08 15:26:25+00:00,8600.0,46.1,39.4,40.1,8.75,23.427042,5.0,984.0,0.1508969341087341,False,REGULAR,USD,2026-12-31,7406.47998046875,0.0362799978256225,call,1.1611453784629973,0.5643835616438356,39.75
SPXW261231C08700000,2026-06-05 20:06:59+00:00,8700.0,28.65,30.4,31.0,0.0,0.0,4.0,108.0,0.1493825144386291,False,REGULAR,USD,2026-12-31,7406.47998046875,0.0362799978256225,call,1.1746470689102415,0.5643835616438356,30.7
SPXW261231C08800000,2026-06-08 18:45:40+00:00,8800.0,24.64,23.3,23.8,2.6899986,12.255119,10.0,2655.0,0.1480759936904907,False,REGULAR,USD,2026-12-31,7406.47998046875,0.0362799978256225,call,1.1881487593574858,0.5643835616438356,23.55
SPXW261231C08900000,2026-06-08 16:38:57+00:00,8900.0,19.34,17.7,18.1,-7.0599995,-26.742422,1.0,109.0,0.1468610247611999,False,REGULAR,USD,2026-12-31,7406.47998046875,0.0362799978256225,call,1.2016504498047298,0.5643835616438356,17.9
SPXW261231C09000000,2026-06-08 18:45:40+00:00,9000.0,14.39,13.5,13.8,1.4900007,11.550394,38.0,594.0,0.1460504096984863,False,REGULAR,USD,2026-12-31,7406.47998046875,0.0362799978256225,call,1.215152140251974,0.5643835616438356,13.65
SPX270115C07350000,2026-06-08 16:00:01+00:00,7350.0,552.21,530.9,532.4,-74.15997,-11.839643,11.0,1480.0,0.2193614823055267,True,REGULAR,USD,2027-01-15,7406.47998046875,0.0362799978256225,call,0.9923742478724454,0.6054794520547945,531.65
SPX270115C07375000,2026-05-28 15:06:14+00:00,7375.0,622.88,510.8,512.5,0.0,0.0,7.0,420.0,0.2159139841270446,True,REGULAR,USD,2027-01-15,7406.47998046875,0.0362799978256225,call,0.9957496704842564,0.6054794520547945,511.65
SPX270115C07400000,2026-06-08 17:10:33+00:00,7400.0,504.0,498.1,499.5,23.890015,4.9759464,131.0,5633.0,0.2154018661403656,True,REGULAR,USD,2027-01-15,7406.47998046875,0.0362799978256225,call,0.9991250930960676,0.6054794520547945,498.8
SPX270115C07425000,2026-06-05 20:08:48+00:00,7425.0,502.95,481.5,483.2,40.650024,8.792997,1.0,1004.0,0.2133676991653442,False,REGULAR,USD,2027-01-15,7406.47998046875,0.0362799978256225,call,1.0025005157078786,0.6054794520547945,482.35
SPX270115C07450000,2026-06-08 17:12:06+00:00,7450.0,472.0,465.5,467.1,24.799988,5.5456142,10.0,2541.0,0.2113402078437804,False,REGULAR,USD,2027-01-15,7406.47998046875,0.0362799978256225,call,1.0058759383196896,0.6054794520547945,466.3
SPX270115C07475000,2026-06-08 17:12:06+00:00,7475.0,453.8,449.4,451.1,8.159973,1.8310683,1.0,401.0,0.2092726626014709,False,REGULAR,USD,2027-01-15,7406.47998046875,0.0362799978256225,call,1.0092513609315006,0.6054794520547945,450.25
SPX270115C07500000,2026-06-08 17:12:07+00:00,7500.0,438.1,433.9,435.5,-3.3899841,-0.76785076,7.0,8120.0,0.2072928545188903,False,REGULAR,USD,2027-01-15,7406.47998046875,0.0362799978256225,call,1.0126267835433116,0.6054794520547945,434.7
SPX270115C07525000,2026-06-05 19:37:31+00:00,7525.0,420.21,415.4,417.1,0.0,0.0,44.0,361.0,0.20401034034729,False,REGULAR,USD,2027-01-15,7406.47998046875,0.0362799978256225,call,1.0160022061551226,0.6054794520547945,416.25
SPX270115C07550000,2026-06-08 18:59:45+00:00,7550.0,410.7,403.5,405.0,7.029999,1.7415211,18.0,1224.0,0.2033713849449157,False,REGULAR,USD,2027-01-15,7406.47998046875,0.0362799978256225,call,1.0193776287669338,0.6054794520547945,404.25
SPX270115C07575000,2026-06-08 17:12:08+00:00,7575.0,392.7,387.9,389.5,19.580017,5.2476463,2.0,1376.0,0.2011646046447753,False,REGULAR,USD,2027-01-15,7406.47998046875,0.0362799978256225,call,1.0227530513787448,0.6054794520547945,388.7
SPX270115C07600000,2026-06-08 19:10:11+00:00,7600.0,374.98,374.2,375.7,-0.019989014,-0.005330404,202.0,4856.0,0.1996034554004669,False,REGULAR,USD,2027-01-15,7406.47998046875,0.0362799978256225,call,1.0261284739905558,0.6054794520547945,374.95
SPX270115C07625000,2026-06-05 19:39:41+00:00,7625.0,365.2,357.3,359.0,0.0,0.0,15.0,561.0,0.1966795191860198,False,REGULAR,USD,2027-01-15,7406.47998046875,0.0362799978256225,call,1.0295038966023669,0.6054794520547945,358.15
SPX270115C07650000,2026-06-08 17:12:08+00:00,7650.0,349.9,346.0,347.6,0.6000061,0.17177387,3.0,2707.0,0.1959718999195099,False,REGULAR,USD,2027-01-15,7406.47998046875,0.0362799978256225,call,1.032879319214178,0.6054794520547945,346.8
SPX270115C07675000,2026-06-05 20:08:48+00:00,7675.0,336.2,329.8,331.5,18.450012,5.8064556,1.0,495.0,0.1931051835918426,False,REGULAR,USD,2027-01-15,7406.47998046875,0.0362799978256225,call,1.0362547418259889,0.6054794520547945,330.65
SPX270115C07700000,2026-06-08 16:03:14+00:00,7700.0,336.6,318.3,320.0,12.700012,3.920967,155.0,3745.0,0.1921562871360779,False,REGULAR,USD,2027-01-15,7406.47998046875,0.0362799978256225,call,1.0396301644378,0.6054794520547945,319.15
SPX270115C07725000,2026-06-08 16:02:30+00:00,7725.0,322.2,306.2,307.8,13.040009,4.2178836,1.0,957.0,0.1907982684898376,False,REGULAR,USD,2027-01-15,7406.47998046875,0.0362799978256225,call,1.043005587049611,0.6054794520547945,307.0
SPX270115C07750000,2026-06-08 14:04:08+00:00,7750.0,304.91,292.9,294.4,9.309998,3.1495254,2.0,440.0,0.1888012944412231,False,REGULAR,USD,2027-01-15,7406.47998046875,0.0362799978256225,call,1.046381009661422,0.6054794520547945,293.65
SPX270115C07775000,2026-06-08 16:15:32+00:00,7775.0,299.17,281.1,282.8,16.670013,5.90089,2.0,617.0,0.1874985883522033,False,REGULAR,USD,2027-01-15,7406.47998046875,0.0362799978256225,call,1.0497564322732331,0.6054794520547945,281.95000000000005
SPX270115C07800000,2026-06-08 17:12:18+00:00,7800.0,276.3,266.8,268.5,6.6999817,2.4851563,126.0,2728.0,0.1848683808898925,False,REGULAR,USD,2027-01-15,7406.47998046875,0.0362799978256225,call,1.053131854885044,0.6054794520547945,267.65
SPX270115C07825000,2026-06-08 16:31:31+00:00,7825.0,271.52,257.6,259.1,11.419983,4.390612,2.0,695.0,0.1843410042667388,False,REGULAR,USD,2027-01-15,7406.47998046875,0.0362799978256225,call,1.0565072774968551,0.6054794520547945,258.35
SPX270115C07850000,2026-06-08 17:47:13+00:00,7850.0,253.0,246.2,247.7,-4.279999,-1.6635567,6.0,1129.0,0.1827960673236847,False,REGULAR,USD,2027-01-15,7406.47998046875,0.0362799978256225,call,1.059882700108666,0.6054794520547945,246.95
SPX270115C07875000,2026-06-08 17:12:32+00:00,7875.0,238.57,233.0,234.5,-0.8299866,-0.34669447,47.0,1003.0,0.1802993729305267,False,REGULAR,USD,2027-01-15,7406.47998046875,0.0362799978256225,call,1.0632581227204772,0.6054794520547945,233.75
SPX270115C07900000,2026-06-08 17:12:19+00:00,7900.0,227.4,222.5,223.8,2.199997,0.9769081,2.0,1325.0,0.1788335901641845,False,REGULAR,USD,2027-01-15,7406.47998046875,0.0362799978256225,call,1.0666335453322884,0.6054794520547945,223.15
SPX270115C07925000,2026-06-05 19:50:46+00:00,7925.0,220.2,214.1,215.6,0.0,0.0,25.0,96.0,0.1784282826328277,False,REGULAR,USD,2027-01-15,7406.47998046875,0.0362799978256225,call,1.0700089679440994,0.6054794520547945,214.85
SPX270115C07950000,2026-06-08 14:10:35+00:00,7950.0,206.8,202.5,203.8,6.4799957,3.234822,3.0,1827.0,0.1762014753723144,False,REGULAR,USD,2027-01-15,7406.47998046875,0.0362799978256225,call,1.0733843905559104,0.6054794520547945,203.15
SPX270115C07975000,2026-06-08 18:34:51+00:00,7975.0,202.27,194.4,195.8,-78.12999,-27.863764,83.0,99.0,0.1756702840900421,False,REGULAR,USD,2027-01-15,7406.47998046875,0.0362799978256225,call,1.0767598131677214,0.6054794520547945,195.1
SPX270115C08000000,2026-06-08 19:09:59+00:00,8000.0,186.8,185.4,186.5,8.800003,4.943822,168.0,7184.0,0.1743971416091919,False,REGULAR,USD,2027-01-15,7406.47998046875,0.0362799978256225,call,1.0801352357795324,0.6054794520547945,185.95
SPX270115C08025000,2026-06-08 17:18:09+00:00,8025.0,180.3,174.9,176.2,-0.8799896,-0.48569912,189.0,970.0,0.1724993486976624,False,REGULAR,USD,2027-01-15,7406.47998046875,0.0362799978256225,call,1.0835106583913434,0.6054794520547945,175.55
SPX270115C08050000,2026-06-08 13:52:53+00:00,8050.0,180.85,167.4,168.7,-11.699997,-6.0763426,2.0,1244.0,0.1718708836078644,False,REGULAR,USD,2027-01-15,7406.47998046875,0.0362799978256225,call,1.0868860810031544,0.6054794520547945,168.05
SPX270115C08075000,2026-06-05 18:07:18+00:00,8075.0,176.65,159.0,160.3,0.0,0.0,7.0,91.0,0.1706692659854889,False,REGULAR,USD,2027-01-15,7406.47998046875,0.0362799978256225,call,1.0902615036149654,0.6054794520547945,159.65
SPX270115C08100000,2026-06-08 17:32:57+00:00,8100.0,157.47,151.0,152.2,-13.449997,-7.8691773,4.0,1780.0,0.1694933973121643,False,REGULAR,USD,2027-01-15,7406.47998046875,0.0362799978256225,call,1.0936369262267769,0.6054794520547945,151.6
SPX270115C08125000,2026-06-05 19:40:24+00:00,8125.0,146.94,143.3,144.6,0.0,0.0,401.0,279.0,0.1684529490375519,False,REGULAR,USD,2027-01-15,7406.47998046875,0.0362799978256225,call,1.0970123488385877,0.6054794520547945,143.95
SPX270115C08150000,2026-06-02 15:30:24+00:00,8150.0,216.98,134.8,136.1,0.0,0.0,2.0,508.0,0.1667945259857178,False,REGULAR,USD,2027-01-15,7406.47998046875,0.0362799978256225,call,1.100387771450399,0.6054794520547945,135.45
SPX270115C08175000,2026-06-08 13:51:53+00:00,8175.0,131.6,128.8,130.0,1.5100098,1.1607424,10.0,33.0,0.16630720328331,False,REGULAR,USD,2027-01-15,7406.47998046875,0.0362799978256225,call,1.1037631940622097,0.6054794520547945,129.4
SPX270115C08200000,2026-06-08 15:00:13+00:00,8200.0,136.62,122.0,123.2,13.119995,10.623478,76.0,2128.0,0.1653153919124603,False,REGULAR,USD,2027-01-15,7406.47998046875,0.0362799978256225,call,1.1071386166740207,0.6054794520547945,122.6
SPX270115C08225000,2026-06-05 13:52:10+00:00,8225.0,122.04,115.3,116.5,-27.909996,-18.612867,1.0,314.0,0.1642472873592376,False,REGULAR,USD,2027-01-15,7406.47998046875,0.0362799978256225,call,1.1105140392858317,0.6054794520547945,115.9
SPX270115C08250000,2026-06-08 17:12:19+00:00,8250.0,111.2,109.4,110.5,-59.40001,-34.818295,1.0,372.0,0.163453838262558,False,REGULAR,USD,2027-01-15,7406.47998046875,0.0362799978256225,call,1.1138894618976427,0.6054794520547945,109.95
SPX270115C08275000,2026-06-03 18:07:14+00:00,8275.0,155.63,103.4,104.5,0.0,0.0,40.0,85.0,0.1625325980854034,False,REGULAR,USD,2027-01-15,7406.47998046875,0.0362799978256225,call,1.117264884509454,0.6054794520547945,103.95
SPX270115C08300000,2026-06-08 16:48:11+00:00,8300.0,105.7,96.7,97.8,3.959999,3.8922737,10.0,2266.0,0.1610439273643493,False,REGULAR,USD,2027-01-15,7406.47998046875,0.0362799978256225,call,1.120640307121265,0.6054794520547945,97.25
SPX270115C08325000,2026-06-04 18:11:47+00:00,8325.0,147.4,92.1,93.1,0.0,0.0,3.0,278.0,0.1606567394638061,False,REGULAR,USD,2027-01-15,7406.47998046875,0.0362799978256225,call,1.124015729733076,0.6054794520547945,92.6
SPX270115C08350000,2026-06-08 15:21:18+00:00,8350.0,90.1,87.0,88.0,-1.7700043,-1.92664,5.0,242.0,0.1598976222991943,False,REGULAR,USD,2027-01-15,7406.47998046875,0.0362799978256225,call,1.127391152344887,0.6054794520547945,87.5
SPX270115C08375000,2026-06-05 16:44:04+00:00,8375.0,93.37,82.4,83.4,-2.5099945,-2.61785,1.0,13.0,0.1593406820678711,False,REGULAR,USD,2027-01-15,7406.47998046875,0.0362799978256225,call,1.130766574956698,0.6054794520547945,82.9
SPX270115C08400000,2026-06-08 17:39:32+00:00,8400.0,80.84,77.5,78.4,2.699997,3.4553328,5.0,2718.0,0.158387017288208,False,REGULAR,USD,2027-01-15,7406.47998046875,0.0362799978256225,call,1.134141997568509,0.6054794520547945,77.95
SPX270115C08425000,2026-06-08 17:39:32+00:00,8425.0,76.34,73.1,74.0,-43.260002,-36.17057,2.0,1000.0,0.1577118226242065,False,REGULAR,USD,2027-01-15,7406.47998046875,0.0362799978256225,call,1.13751742018032,0.6054794520547945,73.55
SPX270115C08475000,2026-06-02 17:38:45+00:00,8475.0,67.4,64.8,65.7,-45.86,-40.490906,1.0,3.0,0.1563328233528137,False,REGULAR,USD,2027-01-15,7406.47998046875,0.0362799978256225,call,1.1442682654039422,0.6054794520547945,65.25
SPX270115C08500000,2026-06-08 17:18:20+00:00,8500.0,63.3,61.3,62.1,1.5999985,2.5931904,4.0,2229.0,0.1558636202812195,False,REGULAR,USD,2027-01-15,7406.47998046875,0.0362799978256225,call,1.1476436880157532,0.6054794520547945,61.7
SPX270115C08550000,2026-06-05 19:18:51+00:00,8550.0,54.0,54.2,55.1,0.0,0.0,150.0,150.0,0.1547192225456237,False,REGULAR,USD,2027-01-15,7406.47998046875,0.0362799978256225,call,1.1543945332393752,0.6054794520547945,54.650000000000006
SPX270115C08600000,2026-06-08 15:22:17+00:00,8600.0,55.2,47.6,48.4,5.200001,10.400002,8.0,8330.0,0.1533039840126038,False,REGULAR,USD,2027-01-15,7406.47998046875,0.0362799978256225,call,1.1611453784629973,0.6054794520547945,48.0
SPX270115C08700000,2026-06-08 17:18:19+00:00,8700.0,38.9,36.9,37.7,-12.25,-23.94917,61.0,2150.0,0.1513566005325318,False,REGULAR,USD,2027-01-15,7406.47998046875,0.0362799978256225,call,1.1746470689102415,0.6054794520547945,37.3
SPX270115C08800000,2026-06-08 17:48:29+00:00,8800.0,30.4,28.5,29.3,-0.27000046,-0.8803406,8.0,1359.0,0.1498250148963928,False,REGULAR,USD,2027-01-15,7406.47998046875,0.0362799978256225,call,1.1881487593574858,0.6054794520547945,28.9
SPX270115C08900000,2026-06-08 17:18:07+00:00,8900.0,23.6,22.3,22.9,-8.699999,-26.934982,21.0,404.0,0.1488694427871704,False,REGULAR,USD,2027-01-15,7406.47998046875,0.0362799978256225,call,1.2016504498047298,0.6054794520547945,22.6
SPX270115C09000000,2026-06-08 17:17:20+00:00,9000.0,18.3,17.2,17.9,-0.30000114,-1.6129093,11.0,4343.0,0.1482018774414062,False,REGULAR,USD,2027-01-15,7406.47998046875,0.0362799978256225,call,1.215152140251974,0.6054794520547945,17.549999999999997
SPX270115C09100000,2026-06-08 17:48:29+00:00,9100.0,14.1,13.1,13.7,0.32000065,2.3222108,7.0,325.0,0.1471909927749634,False,REGULAR,USD,2027-01-15,7406.47998046875,0.0362799978256225,call,1.228653830699218,0.6054794520547945,13.4
SPX270115C09200000,2026-06-08 15:04:25+00:00,9200.0,12.3,10.2,10.6,-6.749999,-35.433067,4.0,831.0,0.1467065310668945,False,REGULAR,USD,2027-01-15,7406.47998046875,0.0362799978256225,call,1.2421555211464623,0.6054794520547945,10.4
SPX270115C09400000,2026-06-08 14:47:18+00:00,9400.0,7.6,6.2,6.7,0.7999997,11.764701,12.0,642.0,0.1474160576629638,False,REGULAR,USD,2027-01-15,7406.47998046875,0.0362799978256225,call,1.2691589020409506,0.6054794520547945,6.45
SPX270115C09600000,2026-06-05 18:14:19+00:00,9600.0,4.7,4.1,4.4,0.0,0.0,3.0,1262.0,0.1490945076751708,False,REGULAR,USD,2027-01-15,7406.47998046875,0.0362799978256225,call,1.296162282935439,0.6054794520547945,4.25
SPX270115C09800000,2026-06-08 14:52:21+00:00,9800.0,3.4,2.75,3.2,-0.29999995,-8.108107,3.0,514.0,0.1526879165649414,False,REGULAR,USD,2027-01-15,7406.47998046875,0.0362799978256225,call,1.3231656638299272,0.6054794520547945,2.975
SPX270115C10000000,2026-06-08 14:35:09+00:00,10000.0,2.29,2.05,2.3,0.13999987,6.5116215,202.0,1637.0,0.1558006784057617,False,REGULAR,USD,2027-01-15,7406.47998046875,0.0362799978256225,call,1.3501690447244157,0.6054794520547945,2.175
SPX270115C10200000,2026-06-08 18:53:26+00:00,10200.0,1.75,1.55,1.8,0.0,0.0,75.0,1209.0,0.1601951657104492,False,REGULAR,USD,2027-01-15,7406.47998046875,0.0362799978256225,call,1.3771724256189035,0.6054794520547945,1.675
SPX270115C10400000,2026-06-04 13:46:40+00:00,10400.0,1.65,1.25,1.5,0.0,0.0,1.0,328.0,0.1653831021118164,False,REGULAR,USD,2027-01-15,7406.47998046875,0.0362799978256225,call,1.4041758065133922,0.6054794520547945,1.375
SPX270115C10600000,2026-06-08 14:45:28+00:00,10600.0,1.25,0.95,1.25,-0.30999994,-19.871792,3.0,486.0,0.1702506071472168,False,REGULAR,USD,2027-01-15,7406.47998046875,0.0362799978256225,call,1.4311791874078803,0.6054794520547945,1.1
SPX270115C11400000,2026-06-08 16:33:56+00:00,11400.0,0.65,0.6,0.65,-0.050000012,-7.1428585,122.0,1806.0,0.1884236431884765,False,REGULAR,USD,2027-01-15,7406.47998046875,0.0362799978256225,call,1.5391927109858337,0.6054794520547945,0.625
SPX270219C07350000,2026-06-08 16:56:08+00:00,7350.0,597.68,578.4,580.0,-115.619995,-16.20917,52.0,553.0,0.2232319308137893,True,REGULAR,USD,2027-02-19,7406.47998046875,0.0362799978256225,call,0.9923742478724454,0.7013698630136986,579.2
SPX270219C07375000,2026-05-29 14:06:48+00:00,7375.0,697.27,563.9,565.4,0.0,0.0,1.0,212.0,0.2221328321552276,True,REGULAR,USD,2027-02-19,7406.47998046875,0.0362799978256225,call,0.9957496704842564,0.7013698630136986,564.65
SPX270219C07400000,2026-06-08 15:10:40+00:00,7400.0,582.65,543.7,545.5,-50.669983,-8.000691,2.0,2875.0,0.2188169397163391,True,REGULAR,USD,2027-02-19,7406.47998046875,0.0362799978256225,call,0.9991250930960676,0.7013698630136986,544.6
SPX270219C07425000,2026-06-03 14:08:32+00:00,7425.0,651.28,527.5,529.4,0.0,0.0,1.0,78.0,0.2169768435239791,False,REGULAR,USD,2027-02-19,7406.47998046875,0.0362799978256225,call,1.0025005157078786,0.7013698630136986,528.45
SPX270219C07450000,2026-06-05 18:46:10+00:00,7450.0,522.25,514.9,516.7,0.0,0.0,2.0,4024.0,0.2164413607501983,False,REGULAR,USD,2027-02-19,7406.47998046875,0.0362799978256225,call,1.0058759383196896,0.7013698630136986,515.8
SPX270219C07475000,2026-06-08 14:00:56+00:00,7475.0,509.95,499.2,500.6,-10.880005,-2.0889742,5.0,204.0,0.2144615526676178,False,REGULAR,USD,2027-02-19,7406.47998046875,0.0362799978256225,call,1.0092513609315006,0.7013698630136986,499.9
SPX270219C07500000,2026-06-08 15:10:40+00:00,7500.0,516.63,480.2,481.9,-93.16998,-15.278777,2.0,4233.0,0.2113621421337127,False,REGULAR,USD,2027-02-19,7406.47998046875,0.0362799978256225,call,1.0126267835433116,0.7013698630136986,481.05
SPX270219C07525000,2026-06-08 14:00:56+00:00,7525.0,478.79,467.8,469.5,-98.91,-17.121344,5.0,553.0,0.2107308160495758,False,REGULAR,USD,2027-02-19,7406.47998046875,0.0362799978256225,call,1.0160022061551226,0.7013698630136986,468.65
SPX270219C07550000,2026-06-08 04:19:54+00:00,7550.0,454.96,452.9,454.6,-92.120026,-16.838493,1.0,1477.0,0.2090161267757415,False,REGULAR,USD,2027-02-19,7406.47998046875,0.0362799978256225,call,1.0193776287669338,0.7013698630136986,453.75
SPX270219C07575000,2026-06-05 19:57:13+00:00,7575.0,442.1,437.7,439.3,0.0,0.0,1.0,150.0,0.2070649286365508,False,REGULAR,USD,2027-02-19,7406.47998046875,0.0362799978256225,call,1.0227530513787448,0.7013698630136986,438.5
SPX270219C07600000,2026-06-05 18:01:34+00:00,7600.0,458.8,422.4,424.0,0.0,0.0,5.0,985.0,0.2050355299854278,False,REGULAR,USD,2027-02-19,7406.47998046875,0.0362799978256225,call,1.0261284739905558,0.7013698630136986,423.2
SPX270219C07625000,2026-05-06 15:12:39+00:00,7625.0,387.65,406.1,407.8,0.0,0.0,1.0,101.0,0.2025607698822021,False,REGULAR,USD,2027-02-19,7406.47998046875,0.0362799978256225,call,1.0295038966023669,0.7013698630136986,406.9500000000001
SPX270219C07650000,2026-06-05 14:35:47+00:00,7650.0,462.9,393.6,395.3,0.0,0.0,7.0,235.0,0.2015031556415558,False,REGULAR,USD,2027-02-19,7406.47998046875,0.0362799978256225,call,1.032879319214178,0.7013698630136986,394.4500000000001
SPX270219C07675000,2026-05-21 19:33:35+00:00,7675.0,408.88,380.5,382.4,0.0,0.0,2.0,131.0,0.2002023568820953,False,REGULAR,USD,2027-02-19,7406.47998046875,0.0362799978256225,call,1.0362547418259889,0.7013698630136986,381.45
SPX270219C07700000,2026-06-08 17:10:14+00:00,7700.0,373.9,367.3,368.8,-0.20999146,-0.056130942,6.0,913.0,0.1985343971824645,False,REGULAR,USD,2027-02-19,7406.47998046875,0.0362799978256225,call,1.0396301644378,0.7013698630136986,368.05
SPX270219C07725000,2026-05-22 15:32:51+00:00,7725.0,412.4,353.5,355.2,0.0,0.0,1.0,207.0,0.1967796539878845,False,REGULAR,USD,2027-02-19,7406.47998046875,0.0362799978256225,call,1.043005587049611,0.7013698630136986,354.35
SPX270219C07750000,2026-06-08 15:41:17+00:00,7750.0,360.84,340.4,342.2,-89.56,-19.884548,2.0,348.0,0.1951836959791183,False,REGULAR,USD,2027-02-19,7406.47998046875,0.0362799978256225,call,1.046381009661422,0.7013698630136986,341.29999999999995
SPX270219C07775000,2026-06-04 15:36:03+00:00,7775.0,420.3,327.7,329.4,0.0,0.0,4.0,397.0,0.1935810623168945,False,REGULAR,USD,2027-02-19,7406.47998046875,0.0362799978256225,call,1.0497564322732331,0.7013698630136986,328.54999999999995
SPX270219C07800000,2026-06-08 16:56:08+00:00,7800.0,327.92,315.1,316.8,-85.28998,-20.640833,26.0,1822.0,0.1919693688392639,False,REGULAR,USD,2027-02-19,7406.47998046875,0.0362799978256225,call,1.053131854885044,0.7013698630136986,315.95000000000005
SPX270219C07825000,2026-06-08 16:31:31+00:00,7825.0,317.47,300.1,302.3,-89.42999,-21.97837,12.0,327.0,0.1894717207813263,False,REGULAR,USD,2027-02-19,7406.47998046875,0.0362799978256225,call,1.0565072774968551,0.7013698630136986,301.20000000000005
SPX270219C07850000,2026-06-08 14:09:57+00:00,7850.0,310.7,290.4,291.8,-91.29999,-22.711441,4.0,274.0,0.1885485732746124,False,REGULAR,USD,2027-02-19,7406.47998046875,0.0362799978256225,call,1.059882700108666,0.7013698630136986,291.1
SPX270219C07875000,2026-06-04 19:50:01+00:00,7875.0,379.7,279.5,280.9,0.0,0.0,1.0,113.0,0.1873679362773895,False,REGULAR,USD,2027-02-19,7406.47998046875,0.0362799978256225,call,1.0632581227204772,0.7013698630136986,280.2
SPX270219C07900000,2026-06-08 16:29:59+00:00,7900.0,280.18,266.5,267.7,7.880005,2.893869,2.0,255.0,0.1851125190734863,False,REGULAR,USD,2027-02-19,7406.47998046875,0.0362799978256225,call,1.0666335453322884,0.7013698630136986,267.1
SPX270219C07925000,2026-06-03 17:13:02+00:00,7925.0,336.69,257.4,258.8,0.0,0.0,2.0,454.0,0.1845956327629088,False,REGULAR,USD,2027-02-19,7406.47998046875,0.0362799978256225,call,1.0700089679440994,0.7013698630136986,258.1
SPX270219C07950000,2026-06-05 19:36:04+00:00,7950.0,248.4,246.3,247.8,0.0,0.0,8.0,293.0,0.1830821667575836,False,REGULAR,USD,2027-02-19,7406.47998046875,0.0362799978256225,call,1.0733843905559104,0.7013698630136986,247.05
SPX270219C07975000,2026-06-05 18:46:10+00:00,7975.0,242.68,235.9,237.4,0.0,0.0,2.0,259.0,0.1817270091056823,False,REGULAR,USD,2027-02-19,7406.47998046875,0.0362799978256225,call,1.0767598131677214,0.7013698630136986,236.65
SPX270219C08000000,2026-06-08 02:59:04+00:00,8000.0,230.03,225.9,227.3,-86.97,-27.435331,52.0,4424.0,0.1804028455591201,False,REGULAR,USD,2027-02-19,7406.47998046875,0.0362799978256225,call,1.0801352357795324,0.7013698630136986,226.6
SPX270219C08025000,2026-06-01 18:55:25+00:00,8025.0,312.87,216.2,217.5,0.0,0.0,50.0,116.0,0.1791082456207275,False,REGULAR,USD,2027-02-19,7406.47998046875,0.0362799978256225,call,1.0835106583913434,0.7013698630136986,216.85
SPX270219C08050000,2026-06-05 19:33:12+00:00,8050.0,206.87,206.9,208.2,0.0,0.0,2.0,332.0,0.1779352379417419,False,REGULAR,USD,2027-02-19,7406.47998046875,0.0362799978256225,call,1.0868860810031544,0.7013698630136986,207.55
SPX270219C08075000,2026-06-01 14:16:43+00:00,8075.0,272.7,197.4,198.7,0.0,0.0,1.0,30.0,0.1765667289829254,False,REGULAR,USD,2027-02-19,7406.47998046875,0.0362799978256225,call,1.0902615036149654,0.7013698630136986,198.05
SPX270219C08100000,2026-06-04 19:50:01+00:00,8100.0,270.5,188.5,189.8,0.0,0.0,5.0,682.0,0.1753651113605499,False,REGULAR,USD,2027-02-19,7406.47998046875,0.0362799978256225,call,1.0936369262267769,0.7013698630136986,189.15
SPX270219C08125000,2026-06-08 19:07:56+00:00,8125.0,183.93,179.7,181.1,11.689987,6.787034,1.0,18.0,0.1741501424312592,False,REGULAR,USD,2027-02-19,7406.47998046875,0.0362799978256225,call,1.0970123488385877,0.7013698630136986,180.4
SPX270219C08150000,2026-06-05 14:21:18+00:00,8150.0,216.99,171.7,173.0,0.0,0.0,5.0,297.0,0.1731106478214263,False,REGULAR,USD,2027-02-19,7406.47998046875,0.0362799978256225,call,1.100387771450399,0.7013698630136986,172.35
SPX270219C08175000,2026-06-08 15:14:51+00:00,8175.0,180.74,163.7,164.9,15.320007,9.261279,8.0,102.0,0.1719643427562714,False,REGULAR,USD,2027-02-19,7406.47998046875,0.0362799978256225,call,1.1037631940622097,0.7013698630136986,164.3
SPX270219C08200000,2026-06-08 17:32:48+00:00,8200.0,162.5,155.0,156.2,-28.339996,-14.850134,53.0,1513.0,0.1704098691654205,False,REGULAR,USD,2027-02-19,7406.47998046875,0.0362799978256225,call,1.1071386166740207,0.7013698630136986,155.6
SPX270219C08225000,2026-06-05 15:20:29+00:00,8225.0,181.75,147.4,148.5,0.0,0.0,4.0,78.0,0.1692292321681976,False,REGULAR,USD,2027-02-19,7406.47998046875,0.0362799978256225,call,1.1105140392858317,0.7013698630136986,147.95
SPX270219C08250000,2026-06-04 17:02:05+00:00,8250.0,205.47,140.2,141.3,0.0,0.0,3.0,498.0,0.1681868765640259,False,REGULAR,USD,2027-02-19,7406.47998046875,0.0362799978256225,call,1.1138894618976427,0.7013698630136986,140.75
SPX270219C08275000,2026-06-04 19:32:32+00:00,8275.0,204.0,134.7,135.9,0.0,0.0,1.0,94.0,0.1679694409942627,False,REGULAR,USD,2027-02-19,7406.47998046875,0.0362799978256225,call,1.117264884509454,0.7013698630136986,135.3
SPX270219C08300000,2026-06-08 15:52:52+00:00,8300.0,140.76,128.2,129.3,-44.28,-23.929962,16.0,1771.0,0.1670300811862946,False,REGULAR,USD,2027-02-19,7406.47998046875,0.0362799978256225,call,1.120640307121265,0.7013698630136986,128.75
SPX270219C08325000,2026-06-04 19:50:01+00:00,8325.0,185.0,121.8,123.0,0.0,0.0,99.0,254.0,0.1661403119468689,False,REGULAR,USD,2027-02-19,7406.47998046875,0.0362799978256225,call,1.124015729733076,0.7013698630136986,122.4
SPX270219C08350000,2026-06-08 16:02:16+00:00,8350.0,124.1,115.8,116.9,-43.04,-25.750868,1.0,143.0,0.1652495890426635,False,REGULAR,USD,2027-02-19,7406.47998046875,0.0362799978256225,call,1.127391152344887,0.7013698630136986,116.35
SPX270219C08375000,2026-06-08 16:22:38+00:00,8375.0,116.0,110.3,111.3,-58.300003,-33.448082,6.0,84.0,0.1645267111396789,False,REGULAR,USD,2027-02-19,7406.47998046875,0.0362799978256225,call,1.130766574956698,0.7013698630136986,110.8
SPX270219C08400000,2026-06-08 19:10:11+00:00,8400.0,105.2,104.4,105.6,-55.199997,-34.413963,8.0,1429.0,0.1636398028945923,False,REGULAR,USD,2027-02-19,7406.47998046875,0.0362799978256225,call,1.134141997568509,0.7013698630136986,105.0
SPX270219C08500000,2026-06-05 16:26:44+00:00,8500.0,101.78,84.8,85.8,0.0,0.0,24.0,1181.0,0.1607625962543488,False,REGULAR,USD,2027-02-19,7406.47998046875,0.0362799978256225,call,1.1476436880157532,0.7013698630136986,85.3
SPX270219C08550000,2026-06-01 20:03:39+00:00,8550.0,125.06,75.7,76.7,0.0,0.0,27.0,62.0,0.1591585320949554,False,REGULAR,USD,2027-02-19,7406.47998046875,0.0362799978256225,call,1.1543945332393752,0.7013698630136986,76.2
SPX270219C08600000,2026-06-08 13:58:05+00:00,8600.0,72.42,67.6,68.6,-11.9900055,-14.204483,17.0,773.0,0.1577709498405456,False,REGULAR,USD,2027-02-19,7406.47998046875,0.0362799978256225,call,1.1611453784629973,0.7013698630136986,68.1
SPX270219C08700000,2026-06-08 16:24:43+00:00,8700.0,60.0,54.5,55.5,-36.0,-37.5,1.0,616.0,0.155969477071762,False,REGULAR,USD,2027-02-19,7406.47998046875,0.0362799978256225,call,1.1746470689102415,0.7013698630136986,55.0
SPX270219C08800000,2026-06-08 13:58:05+00:00,8800.0,46.71,43.2,44.1,3.2799988,7.55238,50.0,2074.0,0.1538799975395202,False,REGULAR,USD,2027-02-19,7406.47998046875,0.0362799978256225,call,1.1881487593574858,0.7013698630136986,43.650000000000006
SPX270219C08900000,2026-06-08 13:30:12+00:00,8900.0,39.7,34.3,35.2,0.49000168,1.2496855,2.0,1031.0,0.1524189830970764,False,REGULAR,USD,2027-02-19,7406.47998046875,0.0362799978256225,call,1.2016504498047298,0.7013698630136986,34.75
SPX270219C09000000,2026-06-05 19:21:31+00:00,9000.0,27.33,27.0,27.8,0.0,0.0,20.0,513.0,0.1509465246772766,False,REGULAR,USD,2027-02-19,7406.47998046875,0.0362799978256225,call,1.215152140251974,0.7013698630136986,27.4
SPX270219C09100000,2026-06-04 15:26:59+00:00,9100.0,36.9,21.5,22.3,0.0,0.0,2.0,60.0,0.1502789593315124,False,REGULAR,USD,2027-02-19,7406.47998046875,0.0362799978256225,call,1.228653830699218,0.7013698630136986,21.9
SPX270219C09200000,2026-06-04 14:31:19+00:00,9200.0,27.33,16.9,17.5,0.0,0.0,2.0,337.0,0.1491822448348999,False,REGULAR,USD,2027-02-19,7406.47998046875,0.0362799978256225,call,1.2421555211464623,0.7013698630136986,17.2
SPX270219C09300000,2026-06-05 13:46:26+00:00,9300.0,19.55,13.3,13.8,0.0,0.0,22.0,12.0,0.1484574596023559,False,REGULAR,USD,2027-02-19,7406.47998046875,0.0362799978256225,call,1.2556572115937064,0.7013698630136986,13.55
SPX270219C09400000,2026-06-04 08:58:43+00:00,9400.0,17.2,10.7,11.2,0.0,0.0,31.0,566.0,0.1486253046035766,False,REGULAR,USD,2027-02-19,7406.47998046875,0.0362799978256225,call,1.2691589020409506,0.7013698630136986,10.95
SPX270219C09600000,2026-06-05 19:28:13+00:00,9600.0,7.1,6.8,7.4,0.0,0.0,2.0,141.0,0.1492165767669677,False,REGULAR,USD,2027-02-19,7406.47998046875,0.0362799978256225,call,1.296162282935439,0.7013698630136986,7.1
SPX270219C09800000,2026-06-05 13:41:21+00:00,9800.0,6.85,4.7,5.1,0.0,0.0,2.0,63.0,0.1508416215515137,False,REGULAR,USD,2027-02-19,7406.47998046875,0.0362799978256225,call,1.3231656638299272,0.7013698630136986,4.9
SPX270219C10000000,2026-06-08 14:22:07+00:00,10000.0,3.6,3.4,3.8,0.01999998,0.5586587,1.0,1154.0,0.1539391247558593,False,REGULAR,USD,2027-02-19,7406.47998046875,0.0362799978256225,call,1.3501690447244157,0.7013698630136986,3.6
SPX270219C10200000,2026-06-04 14:10:02+00:00,10200.0,3.58,2.5,2.9,0.0,0.0,2.0,268.0,0.1572655075073242,False,REGULAR,USD,2027-02-19,7406.47998046875,0.0362799978256225,call,1.3771724256189035,0.7013698630136986,2.7
SPX270219C10400000,2026-06-05 18:04:55+00:00,10400.0,2.3,1.9,2.25,0.0,0.0,86.0,394.0,0.1606834420776367,False,REGULAR,USD,2027-02-19,7406.47998046875,0.0362799978256225,call,1.4041758065133922,0.7013698630136986,2.075
SPX270219C10600000,2026-06-04 19:42:12+00:00,10600.0,2.38,1.5,1.85,0.0,0.0,2.0,34.0,0.1648795671081543,False,REGULAR,USD,2027-02-19,7406.47998046875,0.0362799978256225,call,1.4311791874078803,0.7013698630136986,1.675
SPX270219C10800000,2026-05-06 19:22:55+00:00,10800.0,1.4,1.15,1.5,0.0,0.0,1.0,139.0,0.1685874157714844,False,REGULAR,USD,2027-02-19,7406.47998046875,0.0362799978256225,call,1.4581825683023688,0.7013698630136986,1.325
SPX270219C12000000,2026-06-08 15:55:49+00:00,12000.0,0.65,0.5,0.65,0.029999971,4.838705,1.0,192.0,0.1936115795898437,False,REGULAR,USD,2027-02-19,7406.47998046875,0.0362799978256225,call,1.6202028536692987,0.7013698630136986,0.575
SPX270319C07350000,2026-06-08 15:33:09+00:00,7350.0,637.88,616.4,617.6,-52.859985,-7.6526604,80.0,1660.0,0.2265339951133728,True,REGULAR,USD,2027-03-19,7406.47998046875,0.0362799978256225,call,0.9923742478724454,0.7780821917808219,617.0
SPX270319C07375000,2026-06-08 16:30:48+00:00,7375.0,621.78,603.3,604.4,-81.79999,-11.626252,8.0,530.0,0.2259961281776428,True,REGULAR,USD,2027-03-19,7406.47998046875,0.0362799978256225,call,0.9957496704842564,0.7780821917808219,603.8499999999999
SPX270319C07400000,2026-06-08 15:47:44+00:00,7400.0,616.47,586.0,587.0,34.579956,5.942696,33.0,3341.0,0.2237788575649261,True,REGULAR,USD,2027-03-19,7406.47998046875,0.0362799978256225,call,0.9991250930960676,0.7780821917808219,586.5
SPX270319C07425000,2026-06-08 16:17:05+00:00,7425.0,595.59,570.4,571.8,-98.31995,-14.168977,4.0,931.0,0.2223502677249907,False,REGULAR,USD,2027-03-19,7406.47998046875,0.0362799978256225,call,1.0025005157078786,0.7780821917808219,571.0999999999999
SPX270319C07450000,2026-06-08 16:14:02+00:00,7450.0,575.64,551.3,552.4,8.640015,1.523812,4.0,631.0,0.2192479961967468,False,REGULAR,USD,2027-03-19,7406.47998046875,0.0362799978256225,call,1.0058759383196896,0.7780821917808219,551.8499999999999
SPX270319C07475000,2026-05-14 13:51:41+00:00,7475.0,614.4,535.4,536.7,0.0,0.0,1.0,5120.0,0.2175070811414718,False,REGULAR,USD,2027-03-19,7406.47998046875,0.0362799978256225,call,1.0092513609315006,0.7780821917808219,536.05
SPX270319C07500000,2026-06-08 17:45:57+00:00,7500.0,528.67,519.3,520.7,5.3099976,1.0145975,283.0,10498.0,0.2155878307723999,False,REGULAR,USD,2027-03-19,7406.47998046875,0.0362799978256225,call,1.0126267835433116,0.7780821917808219,520.0
SPX270319C07525000,2026-05-28 14:55:48+00:00,7525.0,598.25,507.6,509.0,0.0,0.0,64.0,373.0,0.2152521407699584,False,REGULAR,USD,2027-03-19,7406.47998046875,0.0362799978256225,call,1.0160022061551226,0.7780821917808219,508.3
SPX270319C07550000,2026-06-05 19:54:04+00:00,7550.0,497.0,491.2,492.4,0.0,0.0,320.0,2541.0,0.2129738356113434,False,REGULAR,USD,2027-03-19,7406.47998046875,0.0362799978256225,call,1.0193776287669338,0.7780821917808219,491.8
SPX270319C07575000,2026-05-29 15:29:35+00:00,7575.0,594.2,474.2,475.5,0.0,0.0,1.0,199.0,0.2105148109769821,False,REGULAR,USD,2027-03-19,7406.47998046875,0.0362799978256225,call,1.0227530513787448,0.7780821917808219,474.85
SPX270319C07600000,2026-06-08 17:31:29+00:00,7600.0,475.3,459.1,460.4,9.549988,2.0504537,155.0,6672.0,0.2086766221141814,False,REGULAR,USD,2027-03-19,7406.47998046875,0.0362799978256225,call,1.0261284739905558,0.7780821917808219,459.75
SPX270319C07625000,2026-06-08 17:21:38+00:00,7625.0,454.13,444.4,446.0,-107.71997,-19.172373,2.0,215.0,0.2070372723579406,False,REGULAR,USD,2027-03-19,7406.47998046875,0.0362799978256225,call,1.0295038966023669,0.7780821917808219,445.2
SPX270319C07650000,2026-06-08 15:10:33+00:00,7650.0,463.59,431.4,432.7,28.389984,6.523434,10.0,1417.0,0.2057498249053954,False,REGULAR,USD,2027-03-19,7406.47998046875,0.0362799978256225,call,1.032879319214178,0.7780821917808219,432.05
SPX270319C07675000,2026-06-08 17:26:48+00:00,7675.0,425.98,419.2,420.4,4.980011,1.1829004,26.0,971.0,0.2047770868301391,False,REGULAR,USD,2027-03-19,7406.47998046875,0.0362799978256225,call,1.0362547418259889,0.7780821917808219,419.8
SPX270319C07700000,2026-06-08 17:56:01+00:00,7700.0,413.8,405.2,406.6,-22.200012,-5.091746,221.0,3730.0,0.2031549030399322,False,REGULAR,USD,2027-03-19,7406.47998046875,0.0362799978256225,call,1.0396301644378,0.7780821917808219,405.9
SPX270319C07725000,2026-06-08 14:26:34+00:00,7725.0,408.0,392.1,393.4,-83.600006,-17.005697,35.0,747.0,0.2016900739383697,False,REGULAR,USD,2027-03-19,7406.47998046875,0.0362799978256225,call,1.043005587049611,0.7780821917808219,392.75
SPX270319C07750000,2026-06-08 15:48:38+00:00,7750.0,400.68,375.5,376.9,19.279999,5.05506,60.0,2956.0,0.1988686566877364,False,REGULAR,USD,2027-03-19,7406.47998046875,0.0362799978256225,call,1.046381009661422,0.7780821917808219,376.2
SPX270319C07775000,2026-06-02 17:28:21+00:00,7775.0,374.5,365.3,366.5,-108.84,-22.51831,1.0,147.0,0.1983388959026336,False,REGULAR,USD,2027-03-19,7406.47998046875,0.0362799978256225,call,1.0497564322732331,0.7780821917808219,365.9
SPX270319C07800000,2026-06-08 18:04:01+00:00,7800.0,362.1,352.3,353.6,4.5,1.2583892,204.0,6392.0,0.1967596270275115,False,REGULAR,USD,2027-03-19,7406.47998046875,0.0362799978256225,call,1.053131854885044,0.7780821917808219,352.95000000000005
SPX270319C07825000,2026-06-08 16:30:48+00:00,7825.0,354.52,340.1,341.3,11.419983,3.3284707,6.0,151.0,0.1953367591762542,False,REGULAR,USD,2027-03-19,7406.47998046875,0.0362799978256225,call,1.0565072774968551,0.7780821917808219,340.70000000000005
SPX270319C07850000,2026-06-08 15:47:44+00:00,7850.0,350.18,325.4,326.7,18.779999,5.6668677,4.0,2259.0,0.192923033618927,False,REGULAR,USD,2027-03-19,7406.47998046875,0.0362799978256225,call,1.059882700108666,0.7780821917808219,326.04999999999995
SPX270319C07875000,2026-06-08 16:17:57+00:00,7875.0,321.29,312.3,314.5,-65.70999,-16.979326,252.0,174.0,0.1913704673576355,False,REGULAR,USD,2027-03-19,7406.47998046875,0.0362799978256225,call,1.0632581227204772,0.7780821917808219,313.4
SPX270319C07900000,2026-06-08 19:13:37+00:00,7900.0,304.4,303.8,305.2,-2.399994,-0.7822666,19.0,3018.0,0.1908936349678039,False,REGULAR,USD,2027-03-19,7406.47998046875,0.0362799978256225,call,1.0666335453322884,0.7780821917808219,304.5
SPX270319C07925000,2026-06-08 16:42:54+00:00,7925.0,302.8,292.4,293.7,-58.400024,-16.168335,1.0,65.0,0.1894569389772415,False,REGULAR,USD,2027-03-19,7406.47998046875,0.0362799978256225,call,1.0700089679440994,0.7780821917808219,293.04999999999995
SPX270319C07950000,2026-06-08 16:14:02+00:00,7950.0,296.28,281.2,282.5,12.579987,4.4342566,3.0,1960.0,0.1880555285835266,False,REGULAR,USD,2027-03-19,7406.47998046875,0.0362799978256225,call,1.0733843905559104,0.7780821917808219,281.85
SPX270319C07975000,2026-06-08 17:21:38+00:00,7975.0,275.49,270.3,271.5,-95.81,-25.803932,2.0,26.0,0.1866479193687439,False,REGULAR,USD,2027-03-19,7406.47998046875,0.0362799978256225,call,1.0767598131677214,0.7780821917808219,270.9
SPX270319C08000000,2026-06-08 18:03:24+00:00,8000.0,268.12,257.5,258.9,4.419983,1.6761405,461.0,14741.0,0.1844897759723663,False,REGULAR,USD,2027-03-19,7406.47998046875,0.0362799978256225,call,1.0801352357795324,0.7780821917808219,258.2
SPX270319C08025000,2026-06-08 18:03:24+00:00,8025.0,257.62,249.2,250.5,4.220001,1.6653517,431.0,1086.0,0.1839767043209075,False,REGULAR,USD,2027-03-19,7406.47998046875,0.0362799978256225,call,1.0835106583913434,0.7780821917808219,249.85
SPX270319C08050000,2026-06-05 15:01:55+00:00,8050.0,287.36,239.4,240.5,0.0,0.0,50.0,1654.0,0.1827140521526336,False,REGULAR,USD,2027-03-19,7406.47998046875,0.0362799978256225,call,1.0868860810031544,0.7780821917808219,239.95
SPX270319C08075000,2026-06-05 15:16:03+00:00,8075.0,270.52,229.5,230.7,0.0,0.0,2.0,46.0,0.181444724330902,False,REGULAR,USD,2027-03-19,7406.47998046875,0.0362799978256225,call,1.0902615036149654,0.7780821917808219,230.1
SPX270319C08100000,2026-06-05 19:57:13+00:00,8100.0,224.6,218.4,219.7,0.0,0.0,2.0,2995.0,0.1795660047149658,False,REGULAR,USD,2027-03-19,7406.47998046875,0.0362799978256225,call,1.0936369262267769,0.7780821917808219,219.05
SPX270319C08125000,2026-06-08 17:21:38+00:00,8125.0,215.55,210.9,212.1,13.309998,6.5812883,40.0,41.0,0.1790567477226257,False,REGULAR,USD,2027-03-19,7406.47998046875,0.0362799978256225,call,1.0970123488385877,0.7780821917808219,211.5
SPX270319C08150000,2026-06-08 15:39:56+00:00,8150.0,217.4,201.9,203.0,-68.899994,-24.065664,1.0,378.0,0.1778084005260467,False,REGULAR,USD,2027-03-19,7406.47998046875,0.0362799978256225,call,1.100387771450399,0.7780821917808219,202.45
SPX270319C08175000,2026-06-05 19:08:55+00:00,8175.0,195.17,193.3,194.4,0.0,0.0,18.0,67.0,0.1766849834156036,False,REGULAR,USD,2027-03-19,7406.47998046875,0.0362799978256225,call,1.1037631940622097,0.7780821917808219,193.85
SPX270319C08200000,2026-06-08 18:46:16+00:00,8200.0,189.36,185.2,186.3,0.16000366,0.08456853,160.0,7346.0,0.1756922183799743,False,REGULAR,USD,2027-03-19,7406.47998046875,0.0362799978256225,call,1.1071386166740207,0.7780821917808219,185.75
SPX270319C08225000,2026-06-04 17:24:05+00:00,8225.0,247.33,177.0,178.2,0.0,0.0,3.0,33.0,0.1746050405311585,False,REGULAR,USD,2027-03-19,7406.47998046875,0.0362799978256225,call,1.1105140392858317,0.7780821917808219,177.6
SPX270319C08250000,2026-06-08 18:58:02+00:00,8250.0,173.93,168.9,170.0,-50.820007,-22.611795,11.0,367.0,0.1733729056358337,False,REGULAR,USD,2027-03-19,7406.47998046875,0.0362799978256225,call,1.1138894618976427,0.7780821917808219,169.45
SPX270319C08275000,2026-06-08 17:33:10+00:00,8275.0,167.9,162.1,163.4,-45.930008,-21.479685,90.0,191.0,0.1727940311145782,False,REGULAR,USD,2027-03-19,7406.47998046875,0.0362799978256225,call,1.117264884509454,0.7780821917808219,162.75
SPX270319C08300000,2026-06-08 19:12:23+00:00,8300.0,155.15,154.6,155.7,-3.2900085,-2.0765011,283.0,5192.0,0.1716019501399994,False,REGULAR,USD,2027-03-19,7406.47998046875,0.0362799978256225,call,1.120640307121265,0.7780821917808219,155.14999999999998
SPX270319C08325000,2026-06-01 17:53:44+00:00,8325.0,222.6,147.7,148.7,0.0,0.0,2.0,1457.0,0.1706454243659973,False,REGULAR,USD,2027-03-19,7406.47998046875,0.0362799978256225,call,1.124015729733076,0.7780821917808219,148.2
SPX270319C08350000,2026-06-08 17:21:38+00:00,8350.0,144.71,140.6,141.6,-56.299988,-28.008553,6.0,338.0,0.1695410805511475,False,REGULAR,USD,2027-03-19,7406.47998046875,0.0362799978256225,call,1.127391152344887,0.7780821917808219,141.1
SPX270319C08375000,2026-06-05 18:12:29+00:00,8375.0,142.87,134.6,135.5,-5.75,-3.8689275,2.0,24.0,0.1688372759437561,False,REGULAR,USD,2027-03-19,7406.47998046875,0.0362799978256225,call,1.130766574956698,0.7780821917808219,135.05
SPX270319C08400000,2026-06-08 17:24:52+00:00,8400.0,131.0,128.2,129.1,-6.5,-4.7272725,394.0,7011.0,0.1678855184936523,False,REGULAR,USD,2027-03-19,7406.47998046875,0.0362799978256225,call,1.134141997568509,0.7780821917808219,128.64999999999998
SPX270319C08425000,2026-06-08 16:04:35+00:00,8425.0,131.0,122.4,123.4,-53.020004,-28.812088,145.0,64.0,0.1671998335170745,False,REGULAR,USD,2027-03-19,7406.47998046875,0.0362799978256225,call,1.13751742018032,0.7780821917808219,122.9
SPX270319C08450000,2026-06-02 19:03:52+00:00,8450.0,180.68,115.9,116.9,0.0,0.0,6.0,19.0,0.1659915402412415,False,REGULAR,USD,2027-03-19,7406.47998046875,0.0362799978256225,call,1.1408928427921312,0.7780821917808219,116.4
SPX270319C08475000,2026-06-05 16:26:44+00:00,8475.0,131.23,111.1,112.1,0.0,0.0,3.0,20.0,0.1655986303520203,False,REGULAR,USD,2027-03-19,7406.47998046875,0.0362799978256225,call,1.1442682654039422,0.7780821917808219,111.6
SPX270319C08500000,2026-06-08 15:54:28+00:00,8500.0,115.62,105.9,106.8,-10.0,-7.9605155,1800.0,7547.0,0.1648442815113067,False,REGULAR,USD,2027-03-19,7406.47998046875,0.0362799978256225,call,1.1476436880157532,0.7780821917808219,106.35
SPX270319C08550000,2026-06-08 16:49:58+00:00,8550.0,101.7,95.9,96.9,-19.800003,-16.296299,10.0,14.0,0.1634414406204224,False,REGULAR,USD,2027-03-19,7406.47998046875,0.0362799978256225,call,1.1543945332393752,0.7780821917808219,96.4
SPX270319C08575000,2026-06-04 15:30:57+00:00,8575.0,134.5,91.4,92.2,0.0,0.0,65.0,107.0,0.1627414506721496,False,REGULAR,USD,2027-03-19,7406.47998046875,0.0362799978256225,call,1.1577699558511862,0.7780821917808219,91.8
SPX270319C08600000,2026-06-04 13:50:21+00:00,8600.0,119.5,86.9,87.9,0.0,0.0,3.0,2482.0,0.1621864177703857,False,REGULAR,USD,2027-03-19,7406.47998046875,0.0362799978256225,call,1.1611453784629973,0.7780821917808219,87.4
SPX270319C08700000,2026-06-05 19:22:52+00:00,8700.0,70.67,70.9,71.8,0.0,0.0,8.0,2064.0,0.1597335919570923,False,REGULAR,USD,2027-03-19,7406.47998046875,0.0362799978256225,call,1.1746470689102415,0.7780821917808219,71.35
SPX270319C08800000,2026-06-02 13:08:03+00:00,8800.0,91.56,57.3,58.1,0.0,0.0,5.0,5572.0,0.1573837619400024,False,REGULAR,USD,2027-03-19,7406.47998046875,0.0362799978256225,call,1.1881487593574858,0.7780821917808219,57.7
SPX270319C08900000,2026-06-03 17:24:55+00:00,8900.0,72.92,46.0,46.8,0.0,0.0,52.0,210.0,0.1553352899932861,False,REGULAR,USD,2027-03-19,7406.47998046875,0.0362799978256225,call,1.2016504498047298,0.7780821917808219,46.4
SPX270319C09000000,2026-06-05 16:05:09+00:00,9000.0,47.2,37.4,38.0,0.0,0.0,1.0,3873.0,0.1539982519721985,False,REGULAR,USD,2027-03-19,7406.47998046875,0.0362799978256225,call,1.215152140251974,0.7780821917808219,37.7
SPX270319C09100000,2026-06-04 19:06:57+00:00,9100.0,53.15,30.0,30.6,0.0,0.0,168.0,265.0,0.1526707505989075,False,REGULAR,USD,2027-03-19,7406.47998046875,0.0362799978256225,call,1.228653830699218,0.7780821917808219,30.3
SPX270319C09200000,2026-06-05 19:09:25+00:00,9200.0,25.3,24.1,24.7,0.0,0.0,151.0,4077.0,0.1516961051940918,False,REGULAR,USD,2027-03-19,7406.47998046875,0.0362799978256225,call,1.2421555211464623,0.7780821917808219,24.4
SPX270319C09400000,2026-06-08 15:39:56+00:00,9400.0,17.4,15.5,16.0,1.7599993,11.253192,1.0,1359.0,0.1501969441604614,False,REGULAR,USD,2027-03-19,7406.47998046875,0.0362799978256225,call,1.2691589020409506,0.7780821917808219,15.75
SPX270319C09600000,2026-06-05 14:38:56+00:00,9600.0,14.44,10.2,10.6,0.0,0.0,1.0,582.0,0.1498688834762573,False,REGULAR,USD,2027-03-19,7406.47998046875,0.0362799978256225,call,1.296162282935439,0.7780821917808219,10.4
SPX270319C09800000,2026-06-02 18:55:12+00:00,9800.0,13.45,7.0,7.3,0.0,0.0,31.0,316.0,0.1507119231414795,False,REGULAR,USD,2027-03-19,7406.47998046875,0.0362799978256225,call,1.3231656638299272,0.7780821917808219,7.15
SPX270319C10000000,2026-06-08 18:26:19+00:00,10000.0,5.4,4.9,5.3,0.3000002,5.8823566,7.0,863.0,0.1527260631561279,False,REGULAR,USD,2027-03-19,7406.47998046875,0.0362799978256225,call,1.3501690447244157,0.7780821917808219,5.1
SPX270319C10200000,2026-06-04 17:46:07+00:00,10200.0,6.09,3.6,4.0,0.0,0.0,163.0,516.0,0.1553886952209472,False,REGULAR,USD,2027-03-19,7406.47998046875,0.0362799978256225,call,1.3771724256189035,0.7780821917808219,3.8
SPX270319C10400000,2026-06-05 18:51:47+00:00,10400.0,3.05,2.75,3.1,0.0,0.0,3.0,268.0,0.1583793879699707,False,REGULAR,USD,2027-03-19,7406.47998046875,0.0362799978256225,call,1.4041758065133922,0.7780821917808219,2.925
SPX270319C10600000,2026-06-08 18:26:19+00:00,10600.0,2.4,2.2,2.5,-0.99,-29.203539,4.0,556.0,0.1619041329956054,False,REGULAR,USD,2027-03-19,7406.47998046875,0.0362799978256225,call,1.4311791874078803,0.7780821917808219,2.35
SPX270319C10800000,2026-06-05 15:45:54+00:00,10800.0,2.05,1.8,2.05,0.0,0.0,4.0,149.0,0.1655051712036133,False,REGULAR,USD,2027-03-19,7406.47998046875,0.0362799978256225,call,1.4581825683023688,0.7780821917808219,1.925
SPX270319C11000000,2026-06-05 19:19:56+00:00,11000.0,1.65,1.5,1.7,0.0,0.0,2.0,929.0,0.1691062094116211,False,REGULAR,USD,2027-03-19,7406.47998046875,0.0362799978256225,call,1.485185949196857,0.7780821917808219,1.6
SPX270319C11200000,2026-05-20 18:07:57+00:00,11200.0,1.65,1.1,1.45,0.0,0.0,22.0,97.0,0.1729819030761719,False,REGULAR,USD,2027-03-19,7406.47998046875,0.0362799978256225,call,1.5121893300913454,0.7780821917808219,1.275
SPXW270331C07335000,2026-05-06 13:56:53+00:00,7335.0,597.63,645.0,646.6,0.0,0.0,2.0,4.0,0.2301645969295501,True,REGULAR,USD,2027-03-31,7406.47998046875,0.0362799978256225,call,0.9903489943053588,0.810958904109589,645.8
SPXW270331C07340000,2026-06-05 17:04:36+00:00,7340.0,680.0,642.2,643.4,0.0,0.0,3.0,3.0,0.2298556095409393,True,REGULAR,USD,2027-03-31,7406.47998046875,0.0362799978256225,call,0.991024078827721,0.810958904109589,642.8
SPXW270331C07345000,2026-05-11 14:56:05+00:00,7345.0,664.6,638.6,639.9,0.0,0.0,1.0,5.0,0.2294302750492096,True,REGULAR,USD,2027-03-31,7406.47998046875,0.0362799978256225,call,0.9916991633500832,0.810958904109589,639.25
SPXW270331C07350000,2026-06-08 16:42:34+00:00,7350.0,651.54,635.1,636.5,-39.72003,-5.7460337,4.0,96.0,0.2290411798191071,True,REGULAR,USD,2027-03-31,7406.47998046875,0.0362799978256225,call,0.9923742478724454,0.810958904109589,635.8
SPXW270331C07355000,2026-05-14 14:49:55+00:00,7355.0,721.26,629.0,630.5,0.0,0.0,1.0,2.0,0.2276650415420532,True,REGULAR,USD,2027-03-31,7406.47998046875,0.0362799978256225,call,0.9930493323948076,0.810958904109589,629.75
SPXW270331C07360000,2026-05-06 19:13:31+00:00,7360.0,612.18,625.5,627.0,0.0,0.0,2.0,2.0,0.2272339850616454,True,REGULAR,USD,2027-03-31,7406.47998046875,0.0362799978256225,call,0.9937244169171698,0.810958904109589,626.25
SPXW270331C07365000,2026-05-14 14:49:55+00:00,7365.0,714.46,621.5,623.0,0.0,0.0,1.0,3.0,0.2266112419605254,True,REGULAR,USD,2027-03-31,7406.47998046875,0.0362799978256225,call,0.994399501439532,0.810958904109589,622.25
SPXW270331C07370000,2026-05-14 14:45:24+00:00,7370.0,710.46,618.0,619.5,0.0,0.0,1.0,5.0,0.2261763708209991,True,REGULAR,USD,2027-03-31,7406.47998046875,0.0362799978256225,call,0.9950745859618942,0.810958904109589,618.75
SPXW270331C07375000,2026-05-14 14:45:24+00:00,7375.0,707.06,617.5,619.4,0.0,0.0,1.0,4.0,0.2270246556425094,True,REGULAR,USD,2027-03-31,7406.47998046875,0.0362799978256225,call,0.9957496704842564,0.810958904109589,618.45
SPXW270331C07380000,2026-05-08 18:33:55+00:00,7380.0,627.12,615.0,616.2,0.0,0.0,2.0,3.0,0.2266980254554748,True,REGULAR,USD,2027-03-31,7406.47998046875,0.0362799978256225,call,0.9964247550066186,0.810958904109589,615.6
SPXW270331C07385000,2026-05-01 15:37:39+00:00,7385.0,522.26,612.0,613.0,0.0,0.0,2.0,2.0,0.2263690111064911,True,REGULAR,USD,2027-03-31,7406.47998046875,0.0362799978256225,call,0.9970998395289808,0.810958904109589,612.5
SPXW270331C07390000,2026-05-19 16:01:08+00:00,7390.0,583.66,606.0,607.5,0.0,0.0,1.0,2.0,0.2251697776460647,True,REGULAR,USD,2027-03-31,7406.47998046875,0.0362799978256225,call,0.997774924051343,0.810958904109589,606.75
SPXW270331C07400000,2026-05-13 14:21:23+00:00,7400.0,617.12,602.2,603.2,0.0,0.0,2.0,236.0,0.2252942308998107,True,REGULAR,USD,2027-03-31,7406.47998046875,0.0362799978256225,call,0.9991250930960676,0.810958904109589,602.7
SPXW270331C07405000,2026-04-14 14:14:27+00:00,7405.0,324.35,607.9,612.1,0.0,0.0,2.0,3.0,0.2295203963708877,True,REGULAR,USD,2027-03-31,7406.47998046875,0.0362799978256225,call,0.9998001776184297,0.810958904109589,610.0
SPXW270331C07420000,2026-05-11 16:54:38+00:00,7420.0,615.88,588.0,589.5,0.0,0.0,1.0,31.0,0.2235909856033325,False,REGULAR,USD,2027-03-31,7406.47998046875,0.0362799978256225,call,1.0018254311855164,0.810958904109589,588.75
SPXW270331C07425000,2026-06-05 18:45:46+00:00,7425.0,593.26,585.7,589.2,0.0,0.0,1.0,16.0,0.224336751461029,False,REGULAR,USD,2027-03-31,7406.47998046875,0.0362799978256225,call,1.0025005157078786,0.810958904109589,587.45
SPXW270331C07430000,2026-05-27 19:33:06+00:00,7430.0,665.98,582.9,584.0,0.0,0.0,1.0,55.0,0.2232343149757385,False,REGULAR,USD,2027-03-31,7406.47998046875,0.0362799978256225,call,1.0031756002302408,0.810958904109589,583.45
SPXW270331C07440000,2026-05-11 16:13:53+00:00,7440.0,606.85,576.5,577.8,0.0,0.0,1.0,3.0,0.2226048962211608,False,REGULAR,USD,2027-03-31,7406.47998046875,0.0362799978256225,call,1.0045257692749652,0.810958904109589,577.15
SPXW270331C07445000,2026-06-08 13:53:41+00:00,7445.0,597.2,573.5,575.0,431.40002,260.19305,1.0,0.0,0.2223989046287536,False,REGULAR,USD,2027-03-31,7406.47998046875,0.0362799978256225,call,1.0052008537973274,0.810958904109589,574.25
SPXW270331C07450000,2026-06-05 18:45:46+00:00,7450.0,577.16,566.5,567.8,0.0,0.0,1.0,26.0,0.2205363973140716,False,REGULAR,USD,2027-03-31,7406.47998046875,0.0362799978256225,call,1.0058759383196896,0.810958904109589,567.15
SPXW270331C07460000,2026-05-14 14:48:06+00:00,7460.0,651.56,563.3,564.5,0.0,0.0,2.0,5.0,0.2209788977718353,False,REGULAR,USD,2027-03-31,7406.47998046875,0.0362799978256225,call,1.007226107364414,0.810958904109589,563.9
SPXW270331C07480000,2026-06-08 15:16:32+00:00,7480.0,583.35,550.5,552.0,-46.950012,-7.4488354,104.0,7.0,0.2196170644664764,False,REGULAR,USD,2027-03-31,7406.47998046875,0.0362799978256225,call,1.0099264454538628,0.810958904109589,551.25
SPXW270331C07485000,2026-06-08 15:17:35+00:00,7485.0,579.2,548.3,549.4,397.90002,219.47052,4.0,0.0,0.219468292760849,False,REGULAR,USD,2027-03-31,7406.47998046875,0.0362799978256225,call,1.010601529976225,0.810958904109589,548.8499999999999
SPXW270331C07490000,2026-04-02 14:25:43+00:00,7490.0,166.4,531.8,537.8,0.0,0.0,2.0,0.0,0.2159368720817565,False,REGULAR,USD,2027-03-31,7406.47998046875,0.0362799978256225,call,1.0112766144985872,0.810958904109589,534.8
SPXW270331C07495000,2026-05-22 15:34:26+00:00,7495.0,604.59,541.0,542.5,0.0,0.0,1.0,6.0,0.2185241646289825,False,REGULAR,USD,2027-03-31,7406.47998046875,0.0362799978256225,call,1.0119516990209494,0.810958904109589,541.75
SPXW270331C07500000,2026-06-08 15:19:04+00:00,7500.0,569.72,537.6,539.8,-78.640015,-12.129066,4.0,47.0,0.2183296170139312,False,REGULAR,USD,2027-03-31,7406.47998046875,0.0362799978256225,call,1.0126267835433116,0.810958904109589,538.7
SPXW270331C07505000,2026-05-26 16:46:08+00:00,7505.0,607.2,535.5,536.7,0.0,0.0,9.0,7.0,0.2179834366989135,False,REGULAR,USD,2027-03-31,7406.47998046875,0.0362799978256225,call,1.0133018680656738,0.810958904109589,536.1
SPXW270331C07510000,2026-06-01 15:17:45+00:00,7510.0,642.25,532.0,533.3,0.0,0.0,4.0,8.0,0.2175218629455566,False,REGULAR,USD,2027-03-31,7406.47998046875,0.0362799978256225,call,1.013976952588036,0.810958904109589,532.65
SPXW270331C07515000,2026-04-02 14:25:25+00:00,7515.0,158.5,516.4,522.5,0.0,0.0,2.0,0.0,0.2142803563594817,False,REGULAR,USD,2027-03-31,7406.47998046875,0.0362799978256225,call,1.0146520371103982,0.810958904109589,519.45
SPXW270331C07520000,2026-05-28 13:39:04+00:00,7520.0,596.5,526.0,527.0,0.0,0.0,1.0,7.0,0.216778958082199,False,REGULAR,USD,2027-03-31,7406.47998046875,0.0362799978256225,call,1.0153271216327604,0.810958904109589,526.5
SPXW270331C07525000,2026-05-27 14:23:39+00:00,7525.0,603.3,519.5,521.0,0.0,0.0,2.0,9.0,0.2153341559410095,False,REGULAR,USD,2027-03-31,7406.47998046875,0.0362799978256225,call,1.0160022061551226,0.810958904109589,520.25
SPXW270331C07530000,2026-05-26 16:45:21+00:00,7530.0,590.43,519.9,521.2,0.0,0.0,2.0,9.0,0.2162134348678588,False,REGULAR,USD,2027-03-31,7406.47998046875,0.0362799978256225,call,1.0166772906774848,0.810958904109589,520.55
SPXW270331C07535000,2026-05-29 17:48:44+00:00,7535.0,625.56,516.5,517.7,0.0,0.0,1.0,9.0,0.2157022705459594,False,REGULAR,USD,2027-03-31,7406.47998046875,0.0362799978256225,call,1.017352375199847,0.810958904109589,517.1
SPXW270331C07540000,2026-04-02 14:25:47+00:00,7540.0,150.6,502.0,507.6,0.0,0.0,2.0,0.0,0.2127125314617157,False,REGULAR,USD,2027-03-31,7406.47998046875,0.0362799978256225,call,1.0180274597222092,0.810958904109589,504.8
SPXW270331C07545000,2026-04-02 14:25:32+00:00,7545.0,149.5,498.9,504.5,0.0,0.0,1.0,0.0,0.212346324186325,False,REGULAR,USD,2027-03-31,7406.47998046875,0.0362799978256225,call,1.0187025442445716,0.810958904109589,501.7
SPXW270331C07550000,2026-04-02 14:25:47+00:00,7550.0,147.7,495.9,501.5,0.0,0.0,1.0,0.0,0.2120144488430023,False,REGULAR,USD,2027-03-31,7406.47998046875,0.0362799978256225,call,1.0193776287669338,0.810958904109589,498.7
SPXW270331C07555000,2026-04-02 14:25:26+00:00,7555.0,146.3,492.4,498.6,0.0,0.0,1.0,0.0,0.2117188127613067,False,REGULAR,USD,2027-03-31,7406.47998046875,0.0362799978256225,call,1.020052713289296,0.810958904109589,495.5
SPXW270331C07560000,2026-05-19 13:55:52+00:00,7560.0,491.8,498.7,500.0,0.0,0.0,1.0,16.0,0.2130329628276824,False,REGULAR,USD,2027-03-31,7406.47998046875,0.0362799978256225,call,1.0207277978116582,0.810958904109589,499.35
SPXW270331C07565000,2026-04-14 14:14:27+00:00,7565.0,248.74,509.0,513.2,0.0,0.0,2.0,7.0,0.2187711638069152,False,REGULAR,USD,2027-03-31,7406.47998046875,0.0362799978256225,call,1.0214028823340204,0.810958904109589,511.1
SPXW270331C07570000,2026-06-01 19:34:03+00:00,7570.0,627.62,495.5,496.9,0.0,0.0,10.0,17.0,0.2134401776885986,False,REGULAR,USD,2027-03-31,7406.47998046875,0.0362799978256225,call,1.0220779668563826,0.810958904109589,496.2
SPXW270331C07575000,2026-05-22 17:54:29+00:00,7575.0,548.58,487.3,490.5,0.0,0.0,6.0,8.0,0.2118208548927306,False,REGULAR,USD,2027-03-31,7406.47998046875,0.0362799978256225,call,1.0227530513787448,0.810958904109589,488.9
SPXW270331C07580000,2026-05-22 17:54:29+00:00,7580.0,545.67,489.6,490.8,0.0,0.0,6.0,13.0,0.2127125314617157,False,REGULAR,USD,2027-03-31,7406.47998046875,0.0362799978256225,call,1.023428135901107,0.810958904109589,490.2000000000001
SPXW270331C07585000,2026-06-01 19:34:03+00:00,7585.0,617.87,483.2,484.6,0.0,0.0,10.0,17.0,0.2111628261947631,False,REGULAR,USD,2027-03-31,7406.47998046875,0.0362799978256225,call,1.0241032204234692,0.810958904109589,483.9
SPXW270331C07590000,2026-04-02 14:25:44+00:00,7590.0,136.4,472.6,478.2,0.0,0.0,1.0,0.0,0.2095349204158783,False,REGULAR,USD,2027-03-31,7406.47998046875,0.0362799978256225,call,1.0247783049458314,0.810958904109589,475.4
SPXW270331C07595000,2026-04-08 15:25:37+00:00,7595.0,182.08,491.2,495.0,0.0,0.0,2.0,7.0,0.216612066745758,False,REGULAR,USD,2027-03-31,7406.47998046875,0.0362799978256225,call,1.0254533894681936,0.810958904109589,493.1
SPXW270331C07600000,2026-06-02 17:00:52+00:00,7600.0,612.7,474.5,476.0,0.0,0.0,6.0,133.0,0.2102492153358459,False,REGULAR,USD,2027-03-31,7406.47998046875,0.0362799978256225,call,1.0261284739905558,0.810958904109589,475.25
SPXW270331C07605000,2026-04-02 14:25:26+00:00,7605.0,132.2,463.9,469.6,0.0,0.0,1.0,0.0,0.208612726573944,False,REGULAR,USD,2027-03-31,7406.47998046875,0.0362799978256225,call,1.026803558512918,0.810958904109589,466.75
SPXW270331C07610000,2026-06-02 18:56:07+00:00,7610.0,599.2,472.0,473.0,0.0,0.0,5.0,13.0,0.2106545228672027,False,REGULAR,USD,2027-03-31,7406.47998046875,0.0362799978256225,call,1.0274786430352802,0.810958904109589,472.5
SPXW270331C07615000,2026-04-20 14:17:40+00:00,7615.0,323.94,466.5,467.8,0.0,0.0,2.0,7.0,0.2094633955574035,False,REGULAR,USD,2027-03-31,7406.47998046875,0.0362799978256225,call,1.0281537275576424,0.810958904109589,467.15
SPXW270331C07620000,2026-06-03 19:59:14+00:00,7620.0,564.21,463.0,464.3,0.0,0.0,1.0,11.0,0.2089074089908599,False,REGULAR,USD,2027-03-31,7406.47998046875,0.0362799978256225,call,1.0288288120800049,0.810958904109589,463.65
SPXW270331C07625000,2026-06-02 18:56:07+00:00,7625.0,589.65,463.2,464.2,0.0,0.0,1.0,8.0,0.2096274258995055,False,REGULAR,USD,2027-03-31,7406.47998046875,0.0362799978256225,call,1.0295038966023669,0.810958904109589,463.7
SPXW270331C07630000,2026-04-02 14:25:26+00:00,7630.0,125.5,449.5,455.2,0.0,0.0,2.0,0.0,0.2069991257667541,False,REGULAR,USD,2027-03-31,7406.47998046875,0.0362799978256225,call,1.030178981124729,0.810958904109589,452.35
SPXW270331C07635000,2026-06-03 19:59:14+00:00,7635.0,555.25,457.0,458.1,0.0,0.0,2.0,7.0,0.2088416061210632,False,REGULAR,USD,2027-03-31,7406.47998046875,0.0362799978256225,call,1.0308540656470913,0.810958904109589,457.55
SPXW270331C07640000,2026-05-19 13:55:48+00:00,7640.0,445.7,454.0,455.3,0.0,0.0,4.0,9.0,0.2085383407211303,False,REGULAR,USD,2027-03-31,7406.47998046875,0.0362799978256225,call,1.0315291501694537,0.810958904109589,454.65
SPXW270331C07645000,2026-04-02 14:25:26+00:00,7645.0,121.7,441.2,446.8,0.0,0.0,2.0,0.0,0.2060883759021758,False,REGULAR,USD,2027-03-31,7406.47998046875,0.0362799978256225,call,1.0322042346918157,0.810958904109589,444.0
SPXW270331C07650000,2026-06-03 15:12:14+00:00,7650.0,557.26,448.5,449.5,0.0,0.0,1.0,291.0,0.2078488410854339,False,REGULAR,USD,2027-03-31,7406.47998046875,0.0362799978256225,call,1.032879319214178,0.810958904109589,449.0
SPXW270331C07655000,2026-04-02 14:25:26+00:00,7655.0,119.1,435.6,441.3,0.0,0.0,2.0,0.0,0.2055056867218017,False,REGULAR,USD,2027-03-31,7406.47998046875,0.0362799978256225,call,1.03355440373654,0.810958904109589,438.4500000000001
SPXW270331C07660000,2026-04-08 15:33:00+00:00,7660.0,161.31,454.0,457.7,0.0,0.0,2.0,6.0,0.2124188027095794,False,REGULAR,USD,2027-03-31,7406.47998046875,0.0362799978256225,call,1.0342294882589025,0.810958904109589,455.85
SPXW270331C07665000,2026-04-02 14:27:14+00:00,7665.0,116.7,430.1,435.8,0.0,0.0,2.0,0.0,0.2049115535640716,False,REGULAR,USD,2027-03-31,7406.47998046875,0.0362799978256225,call,1.0349045727812645,0.810958904109589,432.9500000000001
SPXW270331C07670000,2026-04-02 14:24:22+00:00,7670.0,115.5,427.3,433.0,0.0,0.0,2.0,0.0,0.2045911221981048,False,REGULAR,USD,2027-03-31,7406.47998046875,0.0362799978256225,call,1.0355796573036269,0.810958904109589,430.15
SPXW270331C07675000,2026-04-02 14:25:24+00:00,7675.0,114.3,424.6,429.9,0.0,0.0,2.0,0.0,0.2041552973937987,False,REGULAR,USD,2027-03-31,7406.47998046875,0.0362799978256225,call,1.0362547418259889,0.810958904109589,427.25
SPXW270331C07680000,2026-04-02 14:26:02+00:00,7680.0,113.1,421.8,427.5,0.0,0.0,2.0,0.0,0.2039807767391204,False,REGULAR,USD,2027-03-31,7406.47998046875,0.0362799978256225,call,1.036929826348351,0.810958904109589,424.65
SPXW270331C07685000,2026-04-14 16:27:05+00:00,7685.0,213.27,440.4,444.0,0.0,0.0,20.0,12.0,0.210931085653305,False,REGULAR,USD,2027-03-31,7406.47998046875,0.0362799978256225,call,1.0376049108707133,0.810958904109589,442.2
SPXW270331C07690000,2026-04-02 14:29:50+00:00,7690.0,110.8,416.4,422.0,0.0,0.0,2.0,0.0,0.2033589873027801,False,REGULAR,USD,2027-03-31,7406.47998046875,0.0362799978256225,call,1.0382799953930757,0.810958904109589,419.2
SPXW270331C07695000,2026-04-20 14:17:40+00:00,7695.0,286.35,423.6,424.6,0.0,0.0,2.0,2.0,0.2050641399288177,False,REGULAR,USD,2027-03-31,7406.47998046875,0.0362799978256225,call,1.0389550799154377,0.810958904109589,424.1
SPXW270331C07700000,2026-06-04 20:13:10+00:00,7700.0,527.75,417.5,418.9,0.0,0.0,25.0,57.0,0.2036326890945434,False,REGULAR,USD,2027-03-31,7406.47998046875,0.0362799978256225,call,1.0396301644378,0.810958904109589,418.2
SPXW270331C07705000,2026-06-01 14:22:16+00:00,7705.0,520.38,415.0,416.3,0.0,0.0,1.0,3.0,0.2033694776153564,False,REGULAR,USD,2027-03-31,7406.47998046875,0.0362799978256225,call,1.040305248960162,0.810958904109589,415.65
SPXW270331C07710000,2026-06-04 20:13:10+00:00,7710.0,521.7,414.7,415.7,0.0,0.0,25.0,27.0,0.2038587076473236,False,REGULAR,USD,2027-03-31,7406.47998046875,0.0362799978256225,call,1.0409803334825245,0.810958904109589,415.2
SPXW270331C07715000,2026-04-14 14:22:30+00:00,7715.0,189.13,424.9,428.4,0.0,0.0,2.0,3.0,0.2093747047328948,False,REGULAR,USD,2027-03-31,7406.47998046875,0.0362799978256225,call,1.0416554180048865,0.810958904109589,426.65
SPXW270331C07720000,2026-06-01 17:59:03+00:00,7720.0,531.1,409.5,410.5,0.0,0.0,1.0,12.0,0.2033189333820342,False,REGULAR,USD,2027-03-31,7406.47998046875,0.0362799978256225,call,1.042330502527249,0.810958904109589,410.0
SPXW270331C07725000,2026-06-01 17:59:03+00:00,7725.0,528.1,406.3,407.3,0.0,0.0,1.0,9.0,0.2028168288755416,False,REGULAR,USD,2027-03-31,7406.47998046875,0.0362799978256225,call,1.043005587049611,0.810958904109589,406.8
SPXW270331C07730000,2026-05-20 12:55:57+00:00,7730.0,401.7,401.0,402.3,0.0,0.0,10.0,21.0,0.2016299930572509,False,REGULAR,USD,2027-03-31,7406.47998046875,0.0362799978256225,call,1.0436806715719733,0.810958904109589,401.65
SPXW270331C07735000,2026-05-08 15:58:48+00:00,7735.0,410.15,401.0,402.0,0.0,0.0,1.0,3.0,0.202221265220642,False,REGULAR,USD,2027-03-31,7406.47998046875,0.0362799978256225,call,1.0443557560943355,0.810958904109589,401.5
SPXW270331C07750000,2026-05-26 14:04:00+00:00,7750.0,466.71,391.5,392.6,0.0,0.0,2.0,34.0,0.2007554824542999,False,REGULAR,USD,2027-03-31,7406.47998046875,0.0362799978256225,call,1.046381009661422,0.810958904109589,392.05
SPXW270331C07775000,2026-04-13 01:20:28+00:00,7775.0,127.07,392.8,396.6,0.0,0.0,1.0,1.0,0.205739811425209,False,REGULAR,USD,2027-03-31,7406.47998046875,0.0362799978256225,call,1.0497564322732331,0.810958904109589,394.7000000000001
SPXW270331C07780000,2026-06-08 16:27:42+00:00,7780.0,395.02,375.6,376.7,227.23,135.42523,38.0,5.0,0.1988443382358551,False,REGULAR,USD,2027-03-31,7406.47998046875,0.0362799978256225,call,1.050431516795595,0.810958904109589,376.15
SPXW270331C07785000,2026-06-05 18:41:27+00:00,7785.0,386.33,372.0,373.2,0.0,0.0,1.0,3.0,0.1981910778617858,False,REGULAR,USD,2027-03-31,7406.47998046875,0.0362799978256225,call,1.0511066013179575,0.810958904109589,372.6
SPXW270331C07790000,2026-05-07 14:28:17+00:00,7790.0,365.08,372.3,373.4,0.0,0.0,1.0,3.0,0.1989473340320587,False,REGULAR,USD,2027-03-31,7406.47998046875,0.0362799978256225,call,1.0517816858403195,0.810958904109589,372.85
SPXW270331C07795000,2026-05-14 14:45:28+00:00,7795.0,450.23,368.0,369.1,0.0,0.0,6.0,7.0,0.1979822252750396,False,REGULAR,USD,2027-03-31,7406.47998046875,0.0362799978256225,call,1.052456770362682,0.810958904109589,368.55
SPXW270331C07800000,2026-06-08 16:42:34+00:00,7800.0,379.75,364.5,365.6,-80.57999,-17.504831,2.0,21.0,0.1973184745883942,False,REGULAR,USD,2027-03-31,7406.47998046875,0.0362799978256225,call,1.053131854885044,0.810958904109589,365.05
SPXW270331C07810000,2026-04-17 13:37:35+00:00,7810.0,226.77,362.0,363.3,0.0,0.0,1.0,8.0,0.1977829093360901,False,REGULAR,USD,2027-03-31,7406.47998046875,0.0362799978256225,call,1.0544820239297683,0.810958904109589,362.65
SPXW270331C07815000,2026-05-29 20:00:56+00:00,7815.0,456.6,358.5,359.9,0.0,0.0,2.0,2.0,0.1971487222576141,False,REGULAR,USD,2027-03-31,7406.47998046875,0.0362799978256225,call,1.0551571084521307,0.810958904109589,359.2
SPXW270331C07820000,2026-05-01 13:55:25+00:00,7820.0,283.04,356.8,357.9,0.0,0.0,2.0,3.0,0.1970481106233596,False,REGULAR,USD,2027-03-31,7406.47998046875,0.0362799978256225,call,1.055832192974493,0.810958904109589,357.35
SPXW270331C07825000,2026-05-29 18:35:58+00:00,7825.0,451.68,354.4,355.5,0.0,0.0,1.0,7.0,0.1967910979652404,False,REGULAR,USD,2027-03-31,7406.47998046875,0.0362799978256225,call,1.0565072774968551,0.810958904109589,354.95
SPXW270331C07830000,2026-04-10 17:21:24+00:00,7830.0,123.8,364.8,368.1,0.0,0.0,6.0,22.0,0.2022937437438964,False,REGULAR,USD,2027-03-31,7406.47998046875,0.0362799978256225,call,1.0571823620192171,0.810958904109589,366.4500000000001
SPXW270331C07835000,2026-06-05 18:41:27+00:00,7835.0,360.68,349.5,350.7,0.0,0.0,1.0,9.0,0.1962684896659851,False,REGULAR,USD,2027-03-31,7406.47998046875,0.0362799978256225,call,1.0578574465415795,0.810958904109589,350.1
SPXW270331C07840000,2026-04-14 14:35:56+00:00,7840.0,148.34,360.0,363.2,0.0,0.0,10.0,10.0,0.201737280344963,False,REGULAR,USD,2027-03-31,7406.47998046875,0.0362799978256225,call,1.0585325310639415,0.810958904109589,361.6
SPXW270331C07845000,2026-05-28 14:09:04+00:00,7845.0,410.9,344.5,345.7,0.0,0.0,3.0,14.0,0.1956562368774414,False,REGULAR,USD,2027-03-31,7406.47998046875,0.0362799978256225,call,1.059207615586304,0.810958904109589,345.1
SPXW270331C07850000,2026-06-01 18:37:40+00:00,7850.0,457.9,342.0,343.0,0.0,0.0,4.0,118.0,0.1952690489768981,False,REGULAR,USD,2027-03-31,7406.47998046875,0.0362799978256225,call,1.059882700108666,0.810958904109589,342.5
SPXW270331C07855000,2026-05-19 13:41:53+00:00,7855.0,326.39,340.1,341.0,0.0,0.0,1.0,21.0,0.195147933549881,False,REGULAR,USD,2027-03-31,7406.47998046875,0.0362799978256225,call,1.0605577846310283,0.810958904109589,340.55
SPXW270331C07860000,2026-04-14 17:22:58+00:00,7860.0,153.7,350.3,353.7,0.0,0.0,4.0,22.0,0.2007039845561981,False,REGULAR,USD,2027-03-31,7406.47998046875,0.0362799978256225,call,1.0612328691533903,0.810958904109589,352.0
SPXW270331C07870000,2026-04-14 17:53:23+00:00,7870.0,151.6,345.7,348.9,0.0,0.0,4.0,62.0,0.2001508589839935,False,REGULAR,USD,2027-03-31,7406.47998046875,0.0362799978256225,call,1.062583038198115,0.810958904109589,347.29999999999995
SPXW270331C07880000,2026-04-28 14:42:18+00:00,7880.0,214.49,325.0,326.5,0.0,0.0,1.0,75.0,0.1927542349529266,False,REGULAR,USD,2027-03-31,7406.47998046875,0.0362799978256225,call,1.0639332072428394,0.810958904109589,325.75
SPXW270331C07890000,2026-05-14 14:45:28+00:00,7890.0,400.43,320.0,321.3,0.0,0.0,6.0,108.0,0.1920056081008911,False,REGULAR,USD,2027-03-31,7406.47998046875,0.0362799978256225,call,1.0652833762875638,0.810958904109589,320.65
SPXW270331C07900000,2026-05-29 18:40:16+00:00,7900.0,410.33,317.5,318.9,0.0,0.0,3.0,96.0,0.1923365297794342,False,REGULAR,USD,2027-03-31,7406.47998046875,0.0362799978256225,call,1.0666335453322884,0.810958904109589,318.2
SPXW270331C07910000,2026-05-14 14:49:40+00:00,7910.0,390.64,313.1,314.5,0.0,0.0,2.0,89.0,0.1918759096908569,False,REGULAR,USD,2027-03-31,7406.47998046875,0.0362799978256225,call,1.0679837143770128,0.810958904109589,313.8
SPXW270331C07920000,2026-06-05 17:29:09+00:00,7920.0,335.0,308.6,310.0,0.0,0.0,210.0,253.0,0.1913637917041778,False,REGULAR,USD,2027-03-31,7406.47998046875,0.0362799978256225,call,1.0693338834217372,0.810958904109589,309.3
SPXW270331C07930000,2026-04-15 17:21:03+00:00,7930.0,152.0,317.6,320.7,0.0,0.0,6.0,19.0,0.1968073102664947,False,REGULAR,USD,2027-03-31,7406.47998046875,0.0362799978256225,call,1.0706840524664616,0.810958904109589,319.15
SPXW270331C07940000,2026-05-29 18:43:35+00:00,7940.0,388.98,299.7,300.6,0.0,0.0,2.0,19.0,0.1901431007862091,False,REGULAR,USD,2027-03-31,7406.47998046875,0.0362799978256225,call,1.072034221511186,0.810958904109589,300.15
SPXW270331C07950000,2026-06-01 18:37:40+00:00,7950.0,403.27,295.0,296.1,0.0,0.0,4.0,37.0,0.1895918825435638,False,REGULAR,USD,2027-03-31,7406.47998046875,0.0362799978256225,call,1.0733843905559104,0.810958904109589,295.55
SPXW270331C07960000,2026-05-29 18:43:35+00:00,7960.0,378.73,290.6,291.8,0.0,0.0,2.0,13.0,0.1891074208354949,False,REGULAR,USD,2027-03-31,7406.47998046875,0.0362799978256225,call,1.0747345596006348,0.810958904109589,291.20000000000005
SPXW270331C07970000,2026-06-01 18:37:40+00:00,7970.0,392.87,286.5,287.5,0.0,0.0,2.0,11.0,0.188609130988121,False,REGULAR,USD,2027-03-31,7406.47998046875,0.0362799978256225,call,1.0760847286453592,0.810958904109589,287.0
SPXW270331C07975000,2026-05-22 19:17:52+00:00,7975.0,324.63,284.1,285.1,0.0,0.0,2.0,0.0,0.1882557981872558,False,REGULAR,USD,2027-03-31,7406.47998046875,0.0362799978256225,call,1.0767598131677214,0.810958904109589,284.6
SPXW270331C07980000,2026-05-07 15:01:00+00:00,7980.0,283.69,281.7,282.7,0.0,0.0,6.0,15.0,0.1878981738948821,False,REGULAR,USD,2027-03-31,7406.47998046875,0.0362799978256225,call,1.0774348976900836,0.810958904109589,282.2
SPXW270331C07990000,2026-06-08 15:16:32+00:00,7990.0,300.25,277.5,278.4,163.55,119.641556,52.0,14.0,0.1873736582660675,False,REGULAR,USD,2027-03-31,7406.47998046875,0.0362799978256225,call,1.078785066734808,0.810958904109589,277.95
SPXW270331C08000000,2026-06-08 15:41:42+00:00,8000.0,290.22,273.4,274.4,10.26001,3.6648128,21.0,660.0,0.186955953092575,False,REGULAR,USD,2027-03-31,7406.47998046875,0.0362799978256225,call,1.0801352357795324,0.810958904109589,273.9
SPXW270331C08010000,2026-05-11 13:33:53+00:00,8010.0,280.36,268.8,269.8,0.0,0.0,5.0,15.0,0.1862836194229126,False,REGULAR,USD,2027-03-31,7406.47998046875,0.0362799978256225,call,1.0814854048242568,0.810958904109589,269.3
SPXW270331C08020000,2026-04-15 17:58:46+00:00,8020.0,128.7,278.8,281.8,0.0,0.0,5.0,13.0,0.19229170753479,False,REGULAR,USD,2027-03-31,7406.47998046875,0.0362799978256225,call,1.0828355738689812,0.810958904109589,280.3
SPXW270331C08025000,2026-06-08 15:41:42+00:00,8025.0,279.2,262.6,263.6,10.0,3.71471,17.0,100.0,0.1855311779117583,False,REGULAR,USD,2027-03-31,7406.47998046875,0.0362799978256225,call,1.0835106583913434,0.810958904109589,263.1
SPXW270331C08030000,2026-06-01 18:23:52+00:00,8030.0,362.2,260.7,261.6,0.0,0.0,2.0,17.0,0.1853003910350799,False,REGULAR,USD,2027-03-31,7406.47998046875,0.0362799978256225,call,1.0841857429137056,0.810958904109589,261.15
SPXW270331C08040000,2026-06-01 15:17:45+00:00,8040.0,337.05,256.2,257.4,0.0,0.0,2.0,7.0,0.184748219127655,False,REGULAR,USD,2027-03-31,7406.47998046875,0.0362799978256225,call,1.08553591195843,0.810958904109589,256.79999999999995
SPXW270331C08050000,2026-06-05 18:14:40+00:00,8050.0,270.0,251.8,252.9,0.0,0.0,1.0,12.0,0.1840587194919586,False,REGULAR,USD,2027-03-31,7406.47998046875,0.0362799978256225,call,1.0868860810031544,0.810958904109589,252.35
SPXW270331C08060000,2026-05-29 18:43:35+00:00,8060.0,330.23,248.6,249.7,0.0,0.0,2.0,9.0,0.1838880134963989,False,REGULAR,USD,2027-03-31,7406.47998046875,0.0362799978256225,call,1.0882362500478788,0.810958904109589,249.15
SPXW270331C08070000,2026-05-11 18:38:25+00:00,8070.0,275.06,244.6,245.7,0.0,0.0,4.0,40.0,0.1833758955097198,False,REGULAR,USD,2027-03-31,7406.47998046875,0.0362799978256225,call,1.0895864190926032,0.810958904109589,245.15
SPXW270331C08080000,2026-05-11 15:31:29+00:00,8080.0,265.58,240.6,241.6,0.0,0.0,2.0,30.0,0.1828089417982101,False,REGULAR,USD,2027-03-31,7406.47998046875,0.0362799978256225,call,1.090936588137328,0.810958904109589,241.1
SPXW270331C08090000,2026-05-26 13:32:01+00:00,8090.0,287.8,234.5,235.5,0.0,0.0,3.0,38.0,0.1813951337623596,False,REGULAR,USD,2027-03-31,7406.47998046875,0.0362799978256225,call,1.0922867571820525,0.810958904109589,235.0
SPXW270331C08100000,2026-05-29 16:44:58+00:00,8100.0,318.17,231.0,232.2,0.0,0.0,5.0,149.0,0.1811290612888336,False,REGULAR,USD,2027-03-31,7406.47998046875,0.0362799978256225,call,1.0936369262267769,0.810958904109589,231.6
SPXW270331C08125000,2026-06-08 13:47:03+00:00,8125.0,237.96,223.6,224.5,-63.319992,-21.01699,2.0,5.0,0.1806417385864258,False,REGULAR,USD,2027-03-31,7406.47998046875,0.0362799978256225,call,1.0970123488385877,0.810958904109589,224.05
SPXW270331C08150000,2026-06-08 13:47:03+00:00,8150.0,228.46,214.1,215.0,-63.83998,-21.840569,2.0,7.0,0.1793118530511856,False,REGULAR,USD,2027-03-31,7406.47998046875,0.0362799978256225,call,1.100387771450399,0.810958904109589,214.55
SPXW270331C08200000,2026-06-08 11:59:31+00:00,8200.0,207.3,197.0,197.9,6.3200073,3.1445951,1.0,484.0,0.177196147737503,False,REGULAR,USD,2027-03-31,7406.47998046875,0.0362799978256225,call,1.1071386166740207,0.810958904109589,197.45
SPXW270331C08250000,2026-06-01 18:42:31+00:00,8250.0,263.7,180.0,180.9,0.0,0.0,3.0,3.0,0.1747576268959045,False,REGULAR,USD,2027-03-31,7406.47998046875,0.0362799978256225,call,1.1138894618976427,0.810958904109589,180.45
SPXW270331C08300000,2026-06-08 18:58:28+00:00,8300.0,170.0,165.4,166.3,-10.5,-5.8171744,2.0,1208.0,0.1730334009742737,False,REGULAR,USD,2027-03-31,7406.47998046875,0.0362799978256225,call,1.120640307121265,0.810958904109589,165.85000000000002
SPXW270331C08350000,2026-06-05 18:14:41+00:00,8350.0,164.5,151.1,152.0,0.0,0.0,4.0,1215.0,0.1710888784885406,False,REGULAR,USD,2027-03-31,7406.47998046875,0.0362799978256225,call,1.127391152344887,0.810958904109589,151.55
SPXW270331C08400000,2026-06-08 16:09:23+00:00,8400.0,146.4,137.7,138.5,4.48999,3.1639702,4.0,2469.0,0.1691510316562652,False,REGULAR,USD,2027-03-31,7406.47998046875,0.0362799978256225,call,1.134141997568509,0.810958904109589,138.1
SPXW270331C08500000,2026-06-08 16:50:06+00:00,8500.0,121.2,114.8,115.6,-47.690002,-28.237314,18.0,109.0,0.1662290027713776,False,REGULAR,USD,2027-03-31,7406.47998046875,0.0362799978256225,call,1.1476436880157532,0.810958904109589,115.2
SPXW270331C08600000,2026-06-08 18:58:28+00:00,8600.0,97.75,94.3,95.1,-3.449997,-3.409088,18.0,82.0,0.1631229165840149,False,REGULAR,USD,2027-03-31,7406.47998046875,0.0362799978256225,call,1.1611453784629973,0.810958904109589,94.7
SPXW270331C08700000,2026-06-05 15:02:00+00:00,8700.0,99.9,77.4,78.2,0.0,0.0,16.0,75.0,0.1606376661682129,False,REGULAR,USD,2027-03-31,7406.47998046875,0.0362799978256225,call,1.1746470689102415,0.810958904109589,77.80000000000001
SPXW270331C08800000,2026-06-08 18:58:28+00:00,8800.0,65.8,63.2,64.0,1.800003,2.8125048,3.0,32.0,0.1584499591636657,False,REGULAR,USD,2027-03-31,7406.47998046875,0.0362799978256225,call,1.1881487593574858,0.810958904109589,63.6
SPXW270331C08900000,2026-06-01 16:22:50+00:00,8900.0,82.48,51.4,52.1,0.0,0.0,4.0,10.0,0.1564873170471191,False,REGULAR,USD,2027-03-31,7406.47998046875,0.0362799978256225,call,1.2016504498047298,0.810958904109589,51.75
SPXW270331C09000000,2026-06-08 18:58:28+00:00,9000.0,43.5,41.8,42.4,-21.800003,-33.38438,2.0,43.0,0.1549080481719971,False,REGULAR,USD,2027-03-31,7406.47998046875,0.0362799978256225,call,1.215152140251974,0.810958904109589,42.1
SPX270416C07350000,2026-06-08 15:35:30+00:00,7350.0,677.26,659.1,660.7,-108.130005,-13.767682,100.0,1166.0,0.2320385482215881,True,REGULAR,USD,2027-04-16,7406.47998046875,0.0362799978256225,call,0.9923742478724454,0.8547945205479452,659.9000000000001
SPX270416C07375000,2026-05-26 17:09:48+00:00,7375.0,716.12,639.5,641.1,0.0,0.0,12.0,262.0,0.2291327316379547,True,REGULAR,USD,2027-04-16,7406.47998046875,0.0362799978256225,call,0.9957496704842564,0.8547945205479452,640.3
SPX270416C07400000,2026-06-05 16:49:26+00:00,7400.0,660.97,623.3,624.9,0.0,0.0,2.0,357.0,0.2274313936710357,True,REGULAR,USD,2027-04-16,7406.47998046875,0.0362799978256225,call,0.9991250930960676,0.8547945205479452,624.0999999999999
SPX270416C07425000,2026-05-27 19:51:42+00:00,7425.0,692.5,610.2,612.0,0.0,0.0,7.0,79.0,0.2268887584114074,False,REGULAR,USD,2027-04-16,7406.47998046875,0.0362799978256225,call,1.0025005157078786,0.8547945205479452,611.1
SPX270416C07450000,2026-06-08 17:37:10+00:00,7450.0,602.28,594.2,595.4,-119.00995,-16.4996,83.0,715.0,0.2249337456130981,False,REGULAR,USD,2027-04-16,7406.47998046875,0.0362799978256225,call,1.0058759383196896,0.8547945205479452,594.8
SPX270416C07475000,2026-05-29 16:50:25+00:00,7475.0,697.04,578.3,579.5,0.0,0.0,8.0,843.0,0.223181863412857,False,REGULAR,USD,2027-04-16,7406.47998046875,0.0362799978256225,call,1.0092513609315006,0.8547945205479452,578.9
SPX270416C07500000,2026-06-04 17:19:03+00:00,7500.0,588.52,558.9,560.9,-92.06,-13.526697,33.0,1242.0,0.2203876256084441,False,REGULAR,USD,2027-04-16,7406.47998046875,0.0362799978256225,call,1.0126267835433116,0.8547945205479452,559.9
SPX270416C07525000,2026-06-05 18:38:26+00:00,7525.0,559.69,543.4,545.2,0.0,0.0,2.0,424.0,0.2185985504817962,False,REGULAR,USD,2027-04-16,7406.47998046875,0.0362799978256225,call,1.0160022061551226,0.8547945205479452,544.3
SPX270416C07550000,2026-06-01 17:29:54+00:00,7550.0,655.0,531.5,533.6,0.0,0.0,9.0,1044.0,0.2182499860048293,False,REGULAR,USD,2027-04-16,7406.47998046875,0.0362799978256225,call,1.0193776287669338,0.8547945205479452,532.55
SPX270416C07575000,2026-06-01 15:28:27+00:00,7575.0,624.7,512.6,514.8,0.0,0.0,4.0,96.0,0.2152120868492126,False,REGULAR,USD,2027-04-16,7406.47998046875,0.0362799978256225,call,1.0227530513787448,0.8547945205479452,513.7
SPX270416C07600000,2026-06-05 15:45:25+00:00,7600.0,549.8,501.4,502.9,0.0,0.0,6.0,1360.0,0.2146360733222961,False,REGULAR,USD,2027-04-16,7406.47998046875,0.0362799978256225,call,1.0261284739905558,0.8547945205479452,502.15
SPX270416C07625000,2026-06-05 14:02:22+00:00,7625.0,548.7,483.6,485.3,0.0,0.0,7.0,263.0,0.2119152677059173,False,REGULAR,USD,2027-04-16,7406.47998046875,0.0362799978256225,call,1.0295038966023669,0.8547945205479452,484.4500000000001
SPX270416C07650000,2026-06-01 16:40:59+00:00,7650.0,584.76,472.1,474.1,0.0,0.0,60.0,574.0,0.211474674577713,False,REGULAR,USD,2027-04-16,7406.47998046875,0.0362799978256225,call,1.032879319214178,0.8547945205479452,473.1
SPX270416C07675000,2026-05-27 16:13:54+00:00,7675.0,526.76,457.8,459.6,0.0,0.0,200.0,206.0,0.2097642767953872,False,REGULAR,USD,2027-04-16,7406.47998046875,0.0362799978256225,call,1.0362547418259889,0.8547945205479452,458.7000000000001
SPX270416C07700000,2026-06-04 16:56:12+00:00,7700.0,552.41,443.7,445.4,0.0,0.0,500.0,2404.0,0.2080996549224853,False,REGULAR,USD,2027-04-16,7406.47998046875,0.0362799978256225,call,1.0396301644378,0.8547945205479452,444.55
SPX270416C07725000,2026-06-08 14:18:34+00:00,7725.0,440.19,428.0,429.6,8.119995,1.879324,2.0,803.0,0.2057798653459548,False,REGULAR,USD,2027-04-16,7406.47998046875,0.0362799978256225,call,1.043005587049611,0.8547945205479452,428.8
SPX270416C07750000,2026-06-08 15:35:30+00:00,7750.0,431.14,416.0,417.8,8.560028,2.0256586,50.0,603.0,0.2048667313194274,False,REGULAR,USD,2027-04-16,7406.47998046875,0.0362799978256225,call,1.046381009661422,0.8547945205479452,416.9
SPX270416C07775000,2026-06-05 15:40:36+00:00,7775.0,412.2,402.6,404.3,-36.70999,-8.177584,1.0,172.0,0.203260282998085,False,REGULAR,USD,2027-04-16,7406.47998046875,0.0362799978256225,call,1.0497564322732331,0.8547945205479452,403.4500000000001
SPX270416C07800000,2026-06-08 14:03:38+00:00,7800.0,402.01,389.5,391.3,-33.099976,-7.6072664,200.0,507.0,0.2017701817798614,False,REGULAR,USD,2027-04-16,7406.47998046875,0.0362799978256225,call,1.053131854885044,0.8547945205479452,390.4
SPX270416C07825000,2026-05-26 17:09:48+00:00,7825.0,439.08,372.5,376.0,0.0,0.0,6.0,458.0,0.1993526415634155,False,REGULAR,USD,2027-04-16,7406.47998046875,0.0362799978256225,call,1.0565072774968551,0.8547945205479452,374.25
SPX270416C07850000,2026-06-08 15:47:16+00:00,7850.0,387.67,364.4,365.9,-48.119995,-11.042014,2.0,257.0,0.1988042843151092,False,REGULAR,USD,2027-04-16,7406.47998046875,0.0362799978256225,call,1.059882700108666,0.8547945205479452,365.15
SPX270416C07875000,2026-06-04 18:58:07+00:00,7875.0,456.8,349.4,351.2,0.0,0.0,1.0,63.0,0.1964601762866974,False,REGULAR,USD,2027-04-16,7406.47998046875,0.0362799978256225,call,1.0632581227204772,0.8547945205479452,350.29999999999995
SPX270416C07900000,2026-06-04 18:58:09+00:00,7900.0,443.2,339.4,341.3,0.0,0.0,1.0,1025.0,0.195849830827713,False,REGULAR,USD,2027-04-16,7406.47998046875,0.0362799978256225,call,1.0666335453322884,0.8547945205479452,340.35
SPX270416C07925000,2026-06-08 17:20:29+00:00,7925.0,332.25,327.6,329.5,-62.97,-15.9328985,22.0,216.0,0.1944517582607269,False,REGULAR,USD,2027-04-16,7406.47998046875,0.0362799978256225,call,1.0700089679440994,0.8547945205479452,328.55
SPX270416C07950000,2026-06-08 17:19:28+00:00,7950.0,320.06,316.3,318.0,-95.41,-22.964354,40.0,54.0,0.1930918322849273,False,REGULAR,USD,2027-04-16,7406.47998046875,0.0362799978256225,call,1.0733843905559104,0.8547945205479452,317.15
SPX270416C07975000,2026-06-08 18:49:38+00:00,7975.0,310.99,302.6,304.4,-81.34,-20.732546,34.0,8.0,0.1908469053936004,False,REGULAR,USD,2027-04-16,7406.47998046875,0.0362799978256225,call,1.0767598131677214,0.8547945205479452,303.5
SPX270416C08000000,2026-06-08 18:05:14+00:00,8000.0,301.0,291.5,293.3,-58.700012,-16.319157,268.0,2182.0,0.1894822110939026,False,REGULAR,USD,2027-04-16,7406.47998046875,0.0362799978256225,call,1.0801352357795324,0.8547945205479452,292.4
SPX270416C08025000,2026-06-04 13:53:13+00:00,8025.0,350.52,283.0,284.5,0.0,0.0,10.0,67.0,0.1889381453371048,False,REGULAR,USD,2027-04-16,7406.47998046875,0.0362799978256225,call,1.0835106583913434,0.8547945205479452,283.75
SPX270416C08050000,2026-06-08 18:50:17+00:00,8050.0,278.55,270.4,272.1,-82.79001,-22.911942,6.0,144.0,0.1869063625240326,False,REGULAR,USD,2027-04-16,7406.47998046875,0.0362799978256225,call,1.0868860810031544,0.8547945205479452,271.25
SPX270416C08075000,2026-06-01 18:37:03+00:00,8075.0,362.3,260.0,261.7,0.0,0.0,4.0,8.0,0.1855764769887924,False,REGULAR,USD,2027-04-16,7406.47998046875,0.0362799978256225,call,1.0902615036149654,0.8547945205479452,260.85
SPX270416C08100000,2026-06-05 14:57:06+00:00,8100.0,300.7,251.5,253.1,0.0,0.0,1.0,1490.0,0.1848874541854858,False,REGULAR,USD,2027-04-16,7406.47998046875,0.0362799978256225,call,1.0936369262267769,0.8547945205479452,252.3
SPX270416C08125000,2026-06-08 16:15:35+00:00,8125.0,257.79,242.2,243.7,-80.91,-23.888397,38.0,15.0,0.1838012300014495,False,REGULAR,USD,2027-04-16,7406.47998046875,0.0362799978256225,call,1.0970123488385877,0.8547945205479452,242.95
SPX270416C08150000,2026-06-04 16:47:20+00:00,8150.0,312.0,232.8,234.3,0.0,0.0,100.0,157.0,0.1826348979759216,False,REGULAR,USD,2027-04-16,7406.47998046875,0.0362799978256225,call,1.100387771450399,0.8547945205479452,233.55
SPX270416C08175000,2026-06-08 17:16:34+00:00,8175.0,229.2,223.6,225.0,-29.340012,-11.348345,4.0,7.0,0.1814256510353088,False,REGULAR,USD,2027-04-16,7406.47998046875,0.0362799978256225,call,1.1037631940622097,0.8547945205479452,224.3
SPX270416C08200000,2026-06-08 17:19:28+00:00,8200.0,218.02,214.7,216.1,-19.75,-8.306346,240.0,3211.0,0.1802988960981369,False,REGULAR,USD,2027-04-16,7406.47998046875,0.0362799978256225,call,1.1071386166740207,0.8547945205479452,215.4
SPX270416C08225000,2026-06-08 18:58:02+00:00,8225.0,211.43,206.1,207.5,-51.570007,-19.608368,6.0,43.0,0.1792141024112701,False,REGULAR,USD,2027-04-16,7406.47998046875,0.0362799978256225,call,1.1105140392858317,0.8547945205479452,206.8
SPX270416C08250000,2026-06-08 17:20:29+00:00,8250.0,201.4,197.7,199.1,-61.690002,-23.44825,35.0,42.0,0.1781297855567932,False,REGULAR,USD,2027-04-16,7406.47998046875,0.0362799978256225,call,1.1138894618976427,0.8547945205479452,198.4
SPX270416C08275000,2026-06-08 18:49:38+00:00,8275.0,194.43,188.2,189.6,0.30999756,0.15969378,257.0,274.0,0.1764789918231964,False,REGULAR,USD,2027-04-16,7406.47998046875,0.0362799978256225,call,1.117264884509454,0.8547945205479452,188.9
SPX270416C08300000,2026-06-08 17:16:34+00:00,8300.0,186.7,180.2,181.7,0.8600006,0.462764,10.0,1148.0,0.1754309142303466,False,REGULAR,USD,2027-04-16,7406.47998046875,0.0362799978256225,call,1.120640307121265,0.8547945205479452,180.95
SPX270416C08325000,2026-06-08 17:19:28+00:00,8325.0,177.22,173.8,175.2,-69.81,-28.259726,42.0,17.0,0.1749235645675659,False,REGULAR,USD,2027-04-16,7406.47998046875,0.0362799978256225,call,1.124015729733076,0.8547945205479452,174.5
SPX270416C08350000,2026-06-08 18:50:17+00:00,8350.0,171.43,167.0,168.3,-55.660004,-24.510109,4.0,77.0,0.1741596790790558,False,REGULAR,USD,2027-04-16,7406.47998046875,0.0362799978256225,call,1.127391152344887,0.8547945205479452,167.65
SPX270416C08375000,2026-06-08 17:20:29+00:00,8375.0,163.0,159.4,160.7,-59.809998,-26.8435,20.0,12.0,0.1729904860591888,False,REGULAR,USD,2027-04-16,7406.47998046875,0.0362799978256225,call,1.130766574956698,0.8547945205479452,160.05
SPX270416C08400000,2026-06-08 18:49:38+00:00,8400.0,157.23,153.0,154.3,0.3600006,0.22948979,200.0,2405.0,0.1722895424461364,False,REGULAR,USD,2027-04-16,7406.47998046875,0.0362799978256225,call,1.134141997568509,0.8547945205479452,153.65
SPX270416C08425000,2026-06-04 19:39:03+00:00,8425.0,213.47,145.0,146.4,0.0,0.0,6.0,8.0,0.1707903814125061,False,REGULAR,USD,2027-04-16,7406.47998046875,0.0362799978256225,call,1.13751742018032,0.8547945205479452,145.7
SPX270416C08450000,2026-06-08 17:20:15+00:00,8450.0,142.88,140.5,141.7,-66.59,-31.789753,6.0,11.0,0.1707360225200653,False,REGULAR,USD,2027-04-16,7406.47998046875,0.0362799978256225,call,1.1408928427921312,0.8547945205479452,141.1
SPX270416C08475000,2026-06-08 18:50:17+00:00,8475.0,137.98,133.2,134.4,-66.29001,-32.452152,2.0,6.0,0.1693360426235198,False,REGULAR,USD,2027-04-16,7406.47998046875,0.0362799978256225,call,1.1442682654039422,0.8547945205479452,133.8
SPX270416C08500000,2026-06-04 16:29:42+00:00,8500.0,182.45,128.1,129.4,0.0,0.0,4.0,782.0,0.1689850939846038,False,REGULAR,USD,2027-04-16,7406.47998046875,0.0362799978256225,call,1.1476436880157532,0.8547945205479452,128.75
SPX270416C08525000,2026-06-08 17:19:28+00:00,8525.0,124.83,122.5,123.8,-57.67,-31.6,42.0,8.0,0.168254586763382,False,REGULAR,USD,2027-04-16,7406.47998046875,0.0362799978256225,call,1.1510191106275642,0.8547945205479452,123.15
SPX270416C08575000,2026-06-08 18:49:38+00:00,8575.0,115.27,111.0,112.3,-43.129997,-27.228533,30.0,1.0,0.1663691914939881,False,REGULAR,USD,2027-04-16,7406.47998046875,0.0362799978256225,call,1.1577699558511862,0.8547945205479452,111.65
SPX270416C08600000,2026-06-08 18:48:25+00:00,8600.0,110.92,106.7,108.0,-49.92,-31.037056,118.0,473.0,0.1660716480827332,False,REGULAR,USD,2027-04-16,7406.47998046875,0.0362799978256225,call,1.1611453784629973,0.8547945205479452,107.35
SPX270416C08650000,2026-06-08 17:18:17+00:00,8650.0,99.8,96.0,97.3,-49.45999,-33.136803,168.0,37.0,0.1640641837215423,False,REGULAR,USD,2027-04-16,7406.47998046875,0.0362799978256225,call,1.1678962236866195,0.8547945205479452,96.65
SPX270416C08700000,2026-06-08 17:20:15+00:00,8700.0,90.58,87.7,88.9,-3.869995,-4.097401,4.0,649.0,0.1630065694808959,False,REGULAR,USD,2027-04-16,7406.47998046875,0.0362799978256225,call,1.1746470689102415,0.8547945205479452,88.30000000000001
SPX270416C08800000,2026-06-08 14:09:06+00:00,8800.0,77.78,72.5,73.7,-37.97,-32.803455,202.0,422.0,0.1608856190109253,False,REGULAR,USD,2027-04-16,7406.47998046875,0.0362799978256225,call,1.1881487593574858,0.8547945205479452,73.1
SPX270416C08900000,2026-06-08 16:46:56+00:00,8900.0,64.13,59.8,60.9,-28.380005,-30.677769,4.0,141.0,0.1590421849918365,False,REGULAR,USD,2027-04-16,7406.47998046875,0.0362799978256225,call,1.2016504498047298,0.8547945205479452,60.35
SPX270416C09000000,2026-06-08 18:54:12+00:00,9000.0,51.2,48.6,49.5,0.20000076,0.39215836,234.0,490.0,0.1568945319080353,False,REGULAR,USD,2027-04-16,7406.47998046875,0.0362799978256225,call,1.215152140251974,0.8547945205479452,49.05
SPX270416C09100000,2026-06-08 16:22:10+00:00,9100.0,44.79,39.9,40.7,-25.760002,-36.513115,4.0,84.0,0.1555765671825409,False,REGULAR,USD,2027-04-16,7406.47998046875,0.0362799978256225,call,1.228653830699218,0.8547945205479452,40.3
SPX270416C09200000,2026-06-04 19:32:41+00:00,9200.0,56.53,32.6,33.2,0.0,0.0,8.0,363.0,0.1542481121444702,False,REGULAR,USD,2027-04-16,7406.47998046875,0.0362799978256225,call,1.2421555211464623,0.8547945205479452,32.900000000000006
SPX270416C09300000,2026-06-08 14:11:33+00:00,9300.0,28.75,26.3,27.0,-8.490002,-22.79807,6.0,43.0,0.1530751044654846,False,REGULAR,USD,2027-04-16,7406.47998046875,0.0362799978256225,call,1.2556572115937064,0.8547945205479452,26.65
SPX270416C09400000,2026-06-08 16:46:56+00:00,9400.0,23.44,21.4,22.1,0.6700001,2.9424684,16.0,1083.0,0.1523178946304321,False,REGULAR,USD,2027-04-16,7406.47998046875,0.0362799978256225,call,1.2691589020409506,0.8547945205479452,21.75
SPX270416C09600000,2026-06-08 14:06:32+00:00,9600.0,15.66,14.3,14.9,-8.74,-35.81967,28.0,110.0,0.1514271717262268,False,REGULAR,USD,2027-04-16,7406.47998046875,0.0362799978256225,call,1.296162282935439,0.8547945205479452,14.6
SPX270416C09800000,2026-06-08 14:11:33+00:00,9800.0,10.7,9.7,10.3,-3.0700006,-22.294847,4.0,26.0,0.151551148147583,False,REGULAR,USD,2027-04-16,7406.47998046875,0.0362799978256225,call,1.3231656638299272,0.8547945205479452,10.0
SPX270416C10000000,2026-06-05 18:37:27+00:00,10000.0,7.44,6.8,7.3,0.0,0.0,18.0,123.0,0.1524094464492798,False,REGULAR,USD,2027-04-16,7406.47998046875,0.0362799978256225,call,1.3501690447244157,0.8547945205479452,7.05
SPX270521C07350000,2026-05-28 14:02:54+00:00,7350.0,786.46,706.5,708.3,0.0,0.0,69.0,702.0,0.2367239032840728,True,REGULAR,USD,2027-05-21,7406.47998046875,0.0362799978256225,call,0.9923742478724454,0.9506849315068492,707.4
SPX270521C07375000,2026-05-19 16:02:24+00:00,7375.0,659.38,690.2,692.1,0.0,0.0,500.0,788.0,0.2351198391246795,True,REGULAR,USD,2027-05-21,7406.47998046875,0.0362799978256225,call,0.9957496704842564,0.9506849315068492,691.1500000000001
SPX270521C07400000,2026-06-08 16:33:59+00:00,7400.0,690.9,670.4,672.3,1.8200073,0.26412132,4.0,4482.0,0.2322149762058258,True,REGULAR,USD,2027-05-21,7406.47998046875,0.0362799978256225,call,0.9991250930960676,0.9506849315068492,671.3499999999999
SPX270521C07425000,2026-06-08 17:57:05+00:00,7425.0,667.08,657.9,659.6,-24.599976,-3.5565546,4.0,769.0,0.2317429121398925,False,REGULAR,USD,2027-05-21,7406.47998046875,0.0362799978256225,call,1.0025005157078786,0.9506849315068492,658.75
SPX270521C07450000,2026-06-08 15:33:54+00:00,7450.0,657.83,641.8,643.5,-17.549988,-2.5985353,96.0,2748.0,0.2300377595138549,False,REGULAR,USD,2027-05-21,7406.47998046875,0.0362799978256225,call,1.0058759383196896,0.9506849315068492,642.65
SPX270521C07475000,2026-06-03 18:33:46+00:00,7475.0,635.05,625.6,627.6,-106.95001,-14.413748,4.0,1104.0,0.2283559716749191,False,REGULAR,USD,2027-05-21,7406.47998046875,0.0362799978256225,call,1.0092513609315006,0.9506849315068492,626.6
SPX270521C07500000,2026-06-05 13:52:45+00:00,7500.0,682.17,609.6,611.3,0.0,0.0,50.0,4178.0,0.2264872655391693,False,REGULAR,USD,2027-05-21,7406.47998046875,0.0362799978256225,call,1.0126267835433116,0.9506849315068492,610.45
SPX270521C07525000,2026-05-28 14:49:23+00:00,7525.0,683.7,594.1,595.8,0.0,0.0,2.0,28.0,0.2248483926153182,False,REGULAR,USD,2027-05-21,7406.47998046875,0.0362799978256225,call,1.0160022061551226,0.9506849315068492,594.95
SPX270521C07550000,2026-06-05 17:17:42+00:00,7550.0,611.6,575.1,578.5,0.0,0.0,5.0,368.0,0.2225357555246352,False,REGULAR,USD,2027-05-21,7406.47998046875,0.0362799978256225,call,1.0193776287669338,0.9506849315068492,576.8
SPX270521C07575000,2026-06-05 14:17:17+00:00,7575.0,638.9,563.8,565.8,0.0,0.0,2.0,1195.0,0.2217675785446166,False,REGULAR,USD,2027-05-21,7406.47998046875,0.0362799978256225,call,1.0227530513787448,0.9506849315068492,564.8
SPX270521C07600000,2026-06-03 14:15:29+00:00,7600.0,566.5,545.0,547.3,-99.0,-14.876033,1.0,844.0,0.2189371014785766,False,REGULAR,USD,2027-05-21,7406.47998046875,0.0362799978256225,call,1.0261284739905558,0.9506849315068492,546.15
SPX270521C07625000,2026-05-20 19:54:10+00:00,7625.0,553.5,533.7,535.7,0.0,0.0,1.0,3.0,0.2184464409494399,False,REGULAR,USD,2027-05-21,7406.47998046875,0.0362799978256225,call,1.0295038966023669,0.9506849315068492,534.7
SPX270521C07650000,2026-06-08 14:53:16+00:00,7650.0,545.36,519.3,521.2,-76.28003,-12.270772,4.0,236.0,0.2168972125148773,False,REGULAR,USD,2027-05-21,7406.47998046875,0.0362799978256225,call,1.032879319214178,0.9506849315068492,520.25
SPX270521C07675000,2026-05-26 18:16:58+00:00,7675.0,573.1,504.6,506.7,0.0,0.0,5.0,7.0,0.2152945788526535,False,REGULAR,USD,2027-05-21,7406.47998046875,0.0362799978256225,call,1.0362547418259889,0.9506849315068492,505.65
SPX270521C07700000,2026-06-05 15:22:45+00:00,7700.0,544.6,490.4,492.4,0.0,0.0,4.0,257.0,0.2137062501621246,False,REGULAR,USD,2027-05-21,7406.47998046875,0.0362799978256225,call,1.0396301644378,0.9506849315068492,491.4
SPX270521C07725000,2026-06-05 18:28:45+00:00,7725.0,492.88,476.6,478.6,0.0,0.0,1.0,16.0,0.2122356990718841,False,REGULAR,USD,2027-05-21,7406.47998046875,0.0362799978256225,call,1.043005587049611,0.9506849315068492,477.6
SPX270521C07750000,2026-05-29 17:32:04+00:00,7750.0,566.65,462.8,464.7,0.0,0.0,2.0,111.0,0.2106731193304061,False,REGULAR,USD,2027-05-21,7406.47998046875,0.0362799978256225,call,1.046381009661422,0.9506849315068492,463.75
SPX270521C07775000,2026-06-01 15:09:05+00:00,7775.0,548.95,448.9,450.8,0.0,0.0,50.0,55.0,0.2090528428697586,False,REGULAR,USD,2027-05-21,7406.47998046875,0.0362799978256225,call,1.0497564322732331,0.9506849315068492,449.85
SPX270521C07800000,2026-06-03 14:43:13+00:00,7800.0,541.4,432.9,434.9,0.0,0.0,4.0,1264.0,0.2066720187473296,False,REGULAR,USD,2027-05-21,7406.47998046875,0.0362799978256225,call,1.053131854885044,0.9506849315068492,433.9
SPX270521C07825000,2026-06-03 19:49:59+00:00,7825.0,520.4,422.3,424.3,0.0,0.0,1.0,136.0,0.2060893295669555,False,REGULAR,USD,2027-05-21,7406.47998046875,0.0362799978256225,call,1.0565072774968551,0.9506849315068492,423.3
SPX270521C07850000,2026-06-08 14:15:11+00:00,7850.0,421.0,408.1,410.1,7.299988,1.7645607,165.0,318.0,0.2041820000076293,False,REGULAR,USD,2027-05-21,7406.47998046875,0.0362799978256225,call,1.059882700108666,0.9506849315068492,409.1
SPX270521C07875000,2026-06-08 14:15:11+00:00,7875.0,408.0,394.4,396.3,-105.76001,-20.58549,164.0,301.0,0.2023500099658965,False,REGULAR,USD,2027-05-21,7406.47998046875,0.0362799978256225,call,1.0632581227204772,0.9506849315068492,395.35
SPX270521C07900000,2026-06-01 17:49:58+00:00,7900.0,499.84,384.5,386.3,0.0,0.0,1.0,254.0,0.2018045137119293,False,REGULAR,USD,2027-05-21,7406.47998046875,0.0362799978256225,call,1.0666335453322884,0.9506849315068492,385.4
SPX270521C07925000,2026-05-28 18:31:08+00:00,7925.0,462.22,371.8,373.8,0.0,0.0,8.0,209.0,0.2003091673374176,False,REGULAR,USD,2027-05-21,7406.47998046875,0.0362799978256225,call,1.0700089679440994,0.9506849315068492,372.8
SPX270521C07950000,2026-06-08 16:33:59+00:00,7950.0,373.28,358.2,360.1,-80.640015,-17.765247,2.0,1393.0,0.1983174384450912,False,REGULAR,USD,2027-05-21,7406.47998046875,0.0362799978256225,call,1.0733843905559104,0.9506849315068492,359.15
SPX270521C07975000,2026-05-22 18:35:51+00:00,7975.0,393.62,345.7,347.7,0.0,0.0,85.0,112.0,0.1967224341011047,False,REGULAR,USD,2027-05-21,7406.47998046875,0.0362799978256225,call,1.0767598131677214,0.9506849315068492,346.7
SPX270521C08000000,2026-06-08 15:33:54+00:00,8000.0,349.18,336.5,338.4,-90.09,-20.509027,48.0,3550.0,0.1961845671653747,False,REGULAR,USD,2027-05-21,7406.47998046875,0.0362799978256225,call,1.0801352357795324,0.9506849315068492,337.45
SPX270521C08025000,2026-06-04 13:52:14+00:00,8025.0,397.45,325.3,327.2,0.0,0.0,1.0,18.0,0.1948942587184906,False,REGULAR,USD,2027-05-21,7406.47998046875,0.0362799978256225,call,1.0835106583913434,0.9506849315068492,326.25
SPX270521C08050000,2026-06-08 14:54:36+00:00,8050.0,334.34,314.8,316.5,-68.80002,-17.066036,13.0,250.0,0.1937202973747253,False,REGULAR,USD,2027-05-21,7406.47998046875,0.0362799978256225,call,1.0868860810031544,0.9506849315068492,315.65
SPX270521C08075000,2026-05-15 20:11:59+00:00,8075.0,314.5,302.8,304.8,0.0,0.0,4.0,4.0,0.1921081270647049,False,REGULAR,USD,2027-05-21,7406.47998046875,0.0362799978256225,call,1.0902615036149654,0.9506849315068492,303.8
SPX270521C08100000,2026-06-02 19:43:31+00:00,8100.0,395.72,291.1,292.9,0.0,0.0,285.0,3516.0,0.1903462313842773,False,REGULAR,USD,2027-05-21,7406.47998046875,0.0362799978256225,call,1.0936369262267769,0.9506849315068492,292.0
SPX270521C08125000,2026-05-22 18:36:34+00:00,8125.0,324.22,280.5,282.4,0.0,0.0,35.0,291.0,0.1890330349826813,False,REGULAR,USD,2027-05-21,7406.47998046875,0.0362799978256225,call,1.0970123488385877,0.9506849315068492,281.45
SPX270521C08150000,2026-06-08 18:56:01+00:00,8150.0,278.98,272.2,274.1,-61.429993,-18.045883,252.0,108.0,0.1884813399076461,False,REGULAR,USD,2027-05-21,7406.47998046875,0.0362799978256225,call,1.100387771450399,0.9506849315068492,273.15
SPX270521C08200000,2026-06-08 14:05:47+00:00,8200.0,261.08,253.2,255.0,2.0799866,0.8030836,36.0,935.0,0.1862283068656921,False,REGULAR,USD,2027-05-21,7406.47998046875,0.0362799978256225,call,1.1071386166740207,0.9506849315068492,254.1
SPX270521C08225000,2026-06-08 14:04:54+00:00,8225.0,252.17,242.3,244.0,-65.37001,-20.586386,138.0,14.0,0.1844258804321288,False,REGULAR,USD,2027-05-21,7406.47998046875,0.0362799978256225,call,1.1105140392858317,0.9506849315068492,243.15
SPX270521C08250000,2026-06-01 14:18:55+00:00,8250.0,306.7,233.2,234.8,0.0,0.0,16.0,657.0,0.1832461970996856,False,REGULAR,USD,2027-05-21,7406.47998046875,0.0362799978256225,call,1.1138894618976427,0.9506849315068492,234.0
SPX270521C08275000,2026-06-08 04:19:54+00:00,8275.0,228.41,225.7,227.3,-86.899994,-27.560177,1.0,45.0,0.1826687530755996,False,REGULAR,USD,2027-05-21,7406.47998046875,0.0362799978256225,call,1.117264884509454,0.9506849315068492,226.5
SPX270521C08300000,2026-06-08 04:19:54+00:00,8300.0,219.92,216.0,217.6,-2.0800018,-0.93693775,1.0,517.0,0.18113907476902,False,REGULAR,USD,2027-05-21,7406.47998046875,0.0362799978256225,call,1.120640307121265,0.9506849315068492,216.8
SPX270521C08325000,2026-06-01 15:40:46+00:00,8325.0,216.47,209.4,211.0,-66.32999,-23.454735,2.0,320.0,0.1807895566272735,False,REGULAR,USD,2027-05-21,7406.47998046875,0.0362799978256225,call,1.124015729733076,0.9506849315068492,210.2
SPX270521C08350000,2026-06-03 16:05:25+00:00,8350.0,268.21,201.2,202.9,0.0,0.0,2.0,1124.0,0.1797595986652374,False,REGULAR,USD,2027-05-21,7406.47998046875,0.0362799978256225,call,1.127391152344887,0.9506849315068492,202.05
SPX270521C08375000,2026-06-08 19:13:37+00:00,8375.0,194.4,193.6,195.2,-21.200012,-9.83303,22.0,6.0,0.1788211925220489,False,REGULAR,USD,2027-05-21,7406.47998046875,0.0362799978256225,call,1.130766574956698,0.9506849315068492,194.4
SPX270521C08400000,2026-06-03 14:08:06+00:00,8400.0,253.61,186.0,187.6,0.0,0.0,2.0,433.0,0.1778494081115723,False,REGULAR,USD,2027-05-21,7406.47998046875,0.0362799978256225,call,1.134141997568509,0.9506849315068492,186.8
SPX270521C08425000,2026-06-05 14:24:33+00:00,8425.0,219.41,177.7,179.3,0.0,0.0,2.0,6.0,0.1764985419511795,False,REGULAR,USD,2027-05-21,7406.47998046875,0.0362799978256225,call,1.13751742018032,0.9506849315068492,178.5
SPX270521C08450000,2026-06-01 19:59:26+00:00,8450.0,243.2,171.7,173.2,0.0,0.0,10.0,177.0,0.1760202790641784,False,REGULAR,USD,2027-05-21,7406.47998046875,0.0362799978256225,call,1.1408928427921312,0.9506849315068492,172.45
SPX270521C08500000,2026-06-05 20:04:09+00:00,8500.0,170.59,158.4,159.8,18.589996,12.230261,70.0,2062.0,0.174326093583107,False,REGULAR,USD,2027-05-21,7406.47998046875,0.0362799978256225,call,1.1476436880157532,0.9506849315068492,159.10000000000002
SPX270521C08525000,2026-06-01 20:07:32+00:00,8525.0,218.0,150.6,152.1,0.0,0.0,7.0,7.0,0.1729056098937988,False,REGULAR,USD,2027-05-21,7406.47998046875,0.0362799978256225,call,1.1510191106275642,0.9506849315068492,151.35
SPX270521C08550000,2026-06-05 18:38:43+00:00,8550.0,152.54,144.9,146.2,0.0,0.0,250.0,326.0,0.1722256469058991,False,REGULAR,USD,2027-05-21,7406.47998046875,0.0362799978256225,call,1.1543945332393752,0.9506849315068492,145.55
SPX270521C08600000,2026-06-03 12:55:50+00:00,8600.0,194.2,133.8,135.4,0.0,0.0,100.0,962.0,0.1711241640853881,False,REGULAR,USD,2027-05-21,7406.47998046875,0.0362799978256225,call,1.1611453784629973,0.9506849315068492,134.60000000000002
SPX270521C08650000,2026-06-05 18:32:48+00:00,8650.0,132.12,122.7,124.0,0.0,0.0,18.0,436.0,0.1694380847549438,False,REGULAR,USD,2027-05-21,7406.47998046875,0.0362799978256225,call,1.1678962236866195,0.9506849315068492,123.35
SPX270521C08700000,2026-06-04 15:34:53+00:00,8700.0,159.13,112.0,113.4,0.0,0.0,500.0,1219.0,0.1678330669307709,False,REGULAR,USD,2027-05-21,7406.47998046875,0.0362799978256225,call,1.1746470689102415,0.9506849315068492,112.7
SPX270521C08750000,2026-06-03 18:39:39+00:00,8750.0,149.23,103.6,104.9,0.0,0.0,135.0,140.0,0.1670262665271759,False,REGULAR,USD,2027-05-21,7406.47998046875,0.0362799978256225,call,1.1813979141338635,0.9506849315068492,104.25
SPX270521C08800000,2026-06-01 14:18:55+00:00,8800.0,136.0,94.0,95.4,0.0,0.0,1.0,33.0,0.1653850094413757,False,REGULAR,USD,2027-05-21,7406.47998046875,0.0362799978256225,call,1.1881487593574858,0.9506849315068492,94.7
SPX270521C08900000,2026-06-04 18:00:52+00:00,8900.0,124.47,79.2,80.5,0.0,0.0,1.0,92.0,0.1635348997688293,False,REGULAR,USD,2027-05-21,7406.47998046875,0.0362799978256225,call,1.2016504498047298,0.9506849315068492,79.85
SPX270521C09000000,2026-06-03 18:58:31+00:00,9000.0,99.81,65.3,66.5,0.0,0.0,70.0,447.0,0.1610649079895019,False,REGULAR,USD,2027-05-21,7406.47998046875,0.0362799978256225,call,1.215152140251974,0.9506849315068492,65.9
SPX270521C09100000,2026-06-01 17:37:39+00:00,9100.0,87.92,54.7,55.8,0.0,0.0,1.0,84.0,0.1596744647407531,False,REGULAR,USD,2027-05-21,7406.47998046875,0.0362799978256225,call,1.228653830699218,0.9506849315068492,55.25
SPX270521C09200000,2026-06-04 15:07:56+00:00,9200.0,68.23,45.3,46.3,0.0,0.0,5.0,156.0,0.158106639842987,False,REGULAR,USD,2027-05-21,7406.47998046875,0.0362799978256225,call,1.2421555211464623,0.9506849315068492,45.8
SPX270521C09300000,2026-06-03 16:39:59+00:00,9300.0,57.0,37.5,38.3,0.0,0.0,1.0,365.0,0.156702845287323,False,REGULAR,USD,2027-05-21,7406.47998046875,0.0362799978256225,call,1.2556572115937064,0.9506849315068492,37.9
SPX270521C09400000,2026-06-01 20:07:58+00:00,9400.0,52.6,31.0,31.7,0.0,0.0,13.0,75.0,0.1555584475517273,False,REGULAR,USD,2027-05-21,7406.47998046875,0.0362799978256225,call,1.2691589020409506,0.9506849315068492,31.35
SPX270521C09500000,2026-06-08 18:54:18+00:00,9500.0,27.0,25.6,26.3,-13.290001,-32.985855,10.0,61.0,0.1546887052726745,False,REGULAR,USD,2027-05-21,7406.47998046875,0.0362799978256225,call,1.2826605924881949,0.9506849315068492,25.950000000000003
SPX270521C09600000,2026-06-04 13:37:41+00:00,9600.0,22.2,21.2,21.8,-10.099998,-31.269346,19.0,956.0,0.1539505687332153,False,REGULAR,USD,2027-05-21,7406.47998046875,0.0362799978256225,call,1.296162282935439,0.9506849315068492,21.5
SPX270521C09800000,2026-06-03 18:31:01+00:00,9800.0,24.37,14.7,15.3,0.0,0.0,24.0,214.0,0.1534241457748413,False,REGULAR,USD,2027-05-21,7406.47998046875,0.0362799978256225,call,1.3231656638299272,0.9506849315068492,15.0
SPX270521C10000000,2026-06-05 19:13:19+00:00,10000.0,10.6,10.4,10.9,0.0,0.0,376.0,1339.0,0.1535462148666381,False,REGULAR,USD,2027-05-21,7406.47998046875,0.0362799978256225,call,1.3501690447244157,0.9506849315068492,10.65
SPX270521C10200000,2026-06-08 13:44:49+00:00,10200.0,8.51,7.7,8.0,0.5800004,7.3140025,2.0,181.0,0.154480806350708,False,REGULAR,USD,2027-05-21,7406.47998046875,0.0362799978256225,call,1.3771724256189035,0.9506849315068492,7.85
SPX270521C10400000,2026-06-05 18:52:21+00:00,10400.0,6.0,5.7,6.2,0.0,0.0,18.0,201.0,0.1565788688659668,False,REGULAR,USD,2027-05-21,7406.47998046875,0.0362799978256225,call,1.4041758065133922,0.9506849315068492,5.95
SPX270521C10600000,2026-06-05 18:59:47+00:00,10600.0,4.56,4.4,4.9,0.0,0.0,16.0,227.0,0.1589515868377685,False,REGULAR,USD,2027-05-21,7406.47998046875,0.0362799978256225,call,1.4311791874078803,0.9506849315068492,4.65
SPX270521C10800000,2026-06-05 20:14:15+00:00,10800.0,3.8,3.5,3.9,0.0,0.0,25.0,165.0,0.1613090461730957,False,REGULAR,USD,2027-05-21,7406.47998046875,0.0362799978256225,call,1.4581825683023688,0.9506849315068492,3.7
SPX270521C11000000,2026-06-05 18:38:48+00:00,11000.0,3.04,2.85,3.2,0.0,0.0,1.0,20.0,0.1641090059661865,False,REGULAR,USD,2027-05-21,7406.47998046875,0.0362799978256225,call,1.485185949196857,0.9506849315068492,3.0250000000000004
SPX270521C11200000,2026-06-08 13:44:49+00:00,11200.0,2.63,2.25,2.65,-0.80999994,-23.546509,4.0,98.0,0.1669089657592773,False,REGULAR,USD,2027-05-21,7406.47998046875,0.0362799978256225,call,1.5121893300913454,0.9506849315068492,2.45
SPX270521C11400000,2026-06-03 16:34:46+00:00,11400.0,2.72,1.85,2.25,0.0,0.0,8.0,150.0,0.1700064689636231,False,REGULAR,USD,2027-05-21,7406.47998046875,0.0362799978256225,call,1.5391927109858337,0.9506849315068492,2.05
SPX270521C11600000,2026-06-05 18:38:48+00:00,11600.0,1.69,1.6,1.95,0.0,0.0,4.0,140.0,0.1733023344421386,False,REGULAR,USD,2027-05-21,7406.47998046875,0.0362799978256225,call,1.566196091880322,0.9506849315068492,1.775
SPX270521C11800000,2026-06-01 17:43:27+00:00,11800.0,6.48,1.3,1.7,0.0,0.0,1.0,6.0,0.1765524240112305,False,REGULAR,USD,2027-05-21,7406.47998046875,0.0362799978256225,call,1.5931994727748102,0.9506849315068492,1.5
SPX270521C12000000,2026-06-08 17:06:46+00:00,12000.0,1.5,1.15,1.5,-0.049999952,-3.2258034,1.0,42.0,0.179848289489746,False,REGULAR,USD,2027-05-21,7406.47998046875,0.0362799978256225,call,1.6202028536692987,0.9506849315068492,1.325
SPX270617C07350000,2026-06-08 17:50:02+00:00,7350.0,752.19,740.6,742.3,-131.13,-14.84513,168.0,951.0,0.2395167105913161,True,REGULAR,USD,2027-06-17,7406.47998046875,0.0362799978256225,call,0.9923742478724454,1.0246575342465754,741.45
SPX270617C07375000,2026-06-08 18:01:13+00:00,7375.0,736.33,720.5,722.3,-3.669983,-0.49594364,10.0,187.0,0.2366657297325134,True,REGULAR,USD,2027-06-17,7406.47998046875,0.0362799978256225,call,0.9957496704842564,1.0246575342465754,721.4
SPX270617C07400000,2026-06-08 18:17:23+00:00,7400.0,719.56,708.3,709.7,-37.869995,-4.999801,22.0,3500.0,0.2362690051841735,True,REGULAR,USD,2027-06-17,7406.47998046875,0.0362799978256225,call,0.9991250930960676,1.0246575342465754,709.0
SPX270617C07425000,2026-06-05 18:12:25+00:00,7425.0,720.28,691.7,693.5,0.0,0.0,50.0,77.0,0.2346177346181869,False,REGULAR,USD,2027-06-17,7406.47998046875,0.0362799978256225,call,1.0025005157078786,1.0246575342465754,692.6
SPX270617C07450000,2026-06-08 17:45:41+00:00,7450.0,683.45,675.4,677.1,-30.75,-4.3055167,200.0,1383.0,0.2328577462673187,False,REGULAR,USD,2027-06-17,7406.47998046875,0.0362799978256225,call,1.0058759383196896,1.0246575342465754,676.25
SPX270617C07475000,2026-06-08 16:53:38+00:00,7475.0,677.96,660.1,661.9,-88.17999,-11.5096445,14.0,51.0,0.2314568127059936,False,REGULAR,USD,2027-06-17,7406.47998046875,0.0362799978256225,call,1.0092513609315006,1.0246575342465754,661.0
SPX270617C07500000,2026-06-08 17:17:12+00:00,7500.0,653.77,641.2,642.9,-3.630005,-0.55217594,21.0,6122.0,0.2287417290782928,False,REGULAR,USD,2027-06-17,7406.47998046875,0.0362799978256225,call,1.0126267835433116,1.0246575342465754,642.05
SPX270617C07525000,2026-06-08 16:57:35+00:00,7525.0,644.73,627.4,629.0,5.1499634,0.8052102,4.0,386.0,0.2276888831615447,False,REGULAR,USD,2027-06-17,7406.47998046875,0.0362799978256225,call,1.0160022061551226,1.0246575342465754,628.2
SPX270617C07550000,2026-06-04 17:59:03+00:00,7550.0,736.05,610.2,612.0,0.0,0.0,152.0,342.0,0.2255545813846587,False,REGULAR,USD,2027-06-17,7406.47998046875,0.0362799978256225,call,1.0193776287669338,1.0246575342465754,611.1
SPX270617C07575000,2026-06-08 18:17:23+00:00,7575.0,609.21,595.2,596.8,-81.359985,-11.7815695,9.0,52.0,0.2239767430067062,False,REGULAR,USD,2027-06-17,7406.47998046875,0.0362799978256225,call,1.0227530513787448,1.0246575342465754,596.0
SPX270617C07600000,2026-06-05 17:31:41+00:00,7600.0,589.42,583.0,584.7,-31.78003,-5.115909,125.0,4926.0,0.2233869013404846,False,REGULAR,USD,2027-06-17,7406.47998046875,0.0362799978256225,call,1.0261284739905558,1.0246575342465754,583.85
SPX270617C07625000,2026-06-05 19:52:57+00:00,7625.0,573.6,568.4,570.1,0.0,0.0,3.0,591.0,0.2219153965854644,False,REGULAR,USD,2027-06-17,7406.47998046875,0.0362799978256225,call,1.0295038966023669,1.0246575342465754,569.25
SPX270617C07650000,2026-06-05 17:15:56+00:00,7650.0,587.0,553.5,555.0,0.0,0.0,8.0,611.0,0.2202288404226302,False,REGULAR,USD,2027-06-17,7406.47998046875,0.0362799978256225,call,1.032879319214178,1.0246575342465754,554.25
SPX270617C07675000,2026-06-05 17:25:50+00:00,7675.0,573.9,538.8,540.5,0.0,0.0,5.0,404.0,0.2186939169597625,False,REGULAR,USD,2027-06-17,7406.47998046875,0.0362799978256225,call,1.0362547418259889,1.0246575342465754,539.65
SPX270617C07700000,2026-06-08 19:03:16+00:00,7700.0,531.4,524.7,526.3,-31.799988,-5.6463046,293.0,2189.0,0.2172095377302169,False,REGULAR,USD,2027-06-17,7406.47998046875,0.0362799978256225,call,1.0396301644378,1.0246575342465754,525.5
SPX270617C07725000,2026-06-05 14:27:15+00:00,7725.0,574.2,507.2,508.4,0.0,0.0,1.0,186.0,0.214435326886177,False,REGULAR,USD,2027-06-17,7406.47998046875,0.0362799978256225,call,1.043005587049611,1.0246575342465754,507.8
SPX270617C07750000,2026-06-05 19:33:14+00:00,7750.0,495.42,496.5,498.3,0.0,0.0,56.0,2692.0,0.214223136472702,False,REGULAR,USD,2027-06-17,7406.47998046875,0.0362799978256225,call,1.046381009661422,1.0246575342465754,497.4
SPX270617C07775000,2026-06-08 15:17:52+00:00,7775.0,495.8,483.2,484.6,-49.600037,-9.09425,49.0,335.0,0.2127525853824615,False,REGULAR,USD,2027-06-17,7406.47998046875,0.0362799978256225,call,1.0497564322732331,1.0246575342465754,483.9
SPX270617C07800000,2026-06-08 18:21:07+00:00,7800.0,478.49,469.3,471.0,15.690002,3.390234,45.0,4370.0,0.2112634378290176,False,REGULAR,USD,2027-06-17,7406.47998046875,0.0362799978256225,call,1.053131854885044,1.0246575342465754,470.15
SPX270617C07825000,2026-06-08 18:44:48+00:00,7825.0,462.4,456.1,457.8,-25.200012,-5.168173,18.0,204.0,0.209855351781845,False,REGULAR,USD,2027-06-17,7406.47998046875,0.0362799978256225,call,1.0565072774968551,1.0246575342465754,456.9500000000001
SPX270617C07850000,2026-06-08 18:50:08+00:00,7850.0,450.3,442.9,444.6,21.049988,4.903899,94.0,910.0,0.2083924300098418,False,REGULAR,USD,2027-06-17,7406.47998046875,0.0362799978256225,call,1.059882700108666,1.0246575342465754,443.75
SPX270617C07875000,2026-06-08 18:48:01+00:00,7875.0,438.7,430.1,431.6,14.400024,3.393831,7.0,196.0,0.2069423827123641,False,REGULAR,USD,2027-06-17,7406.47998046875,0.0362799978256225,call,1.0632581227204772,1.0246575342465754,430.85
SPX270617C07900000,2026-06-08 19:02:54+00:00,7900.0,425.7,417.8,419.0,-50.399994,-10.58601,367.0,1336.0,0.2055714895915985,False,REGULAR,USD,2027-06-17,7406.47998046875,0.0362799978256225,call,1.0666335453322884,1.0246575342465754,418.4
SPX270617C07925000,2026-06-08 19:02:33+00:00,7925.0,411.1,405.2,406.7,4.899994,1.2063007,40.0,522.0,0.2042468492126464,False,REGULAR,USD,2027-06-17,7406.47998046875,0.0362799978256225,call,1.0700089679440994,1.0246575342465754,405.95
SPX270617C07950000,2026-06-08 18:51:17+00:00,7950.0,399.3,392.5,394.0,9.649994,2.47658,12.0,1025.0,0.2027271843862533,False,REGULAR,USD,2027-06-17,7406.47998046875,0.0362799978256225,call,1.0733843905559104,1.0246575342465754,393.25
SPX270617C07975000,2026-06-08 14:51:26+00:00,7975.0,400.35,380.6,382.3,-8.049988,-1.9711038,1.0,149.0,0.2014926653289795,False,REGULAR,USD,2027-06-17,7406.47998046875,0.0362799978256225,call,1.0767598131677214,1.0246575342465754,381.4500000000001
SPX270617C08000000,2026-06-08 18:58:16+00:00,8000.0,376.2,368.5,370.2,5.100006,1.3742943,89.0,9527.0,0.2000607376623153,False,REGULAR,USD,2027-06-17,7406.47998046875,0.0362799978256225,call,1.0801352357795324,1.0246575342465754,369.35
SPX270617C08025000,2026-06-05 19:22:07+00:00,8025.0,352.4,357.2,359.0,0.0,0.0,7.0,220.0,0.1988815311622619,False,REGULAR,USD,2027-06-17,7406.47998046875,0.0362799978256225,call,1.0835106583913434,1.0246575342465754,358.1
SPX270617C08050000,2026-06-08 18:46:32+00:00,8050.0,352.1,346.2,347.8,11.0,3.2248607,178.0,464.0,0.1976427206134796,False,REGULAR,USD,2027-06-17,7406.47998046875,0.0362799978256225,call,1.0868860810031544,1.0246575342465754,347.0
SPX270617C08075000,2026-06-08 18:46:35+00:00,8075.0,340.6,334.7,336.5,-22.100006,-6.093191,2.0,30.0,0.1963066362571716,False,REGULAR,USD,2027-06-17,7406.47998046875,0.0362799978256225,call,1.0902615036149654,1.0246575342465754,335.6
SPX270617C08100000,2026-06-05 19:05:44+00:00,8100.0,328.45,323.2,324.9,0.0,0.0,609.0,5247.0,0.1948012764024734,False,REGULAR,USD,2027-06-17,7406.47998046875,0.0362799978256225,call,1.0936369262267769,1.0246575342465754,324.04999999999995
SPX270617C08125000,2026-06-08 18:46:44+00:00,8125.0,319.1,311.4,312.8,-30.5,-8.7242565,6.0,138.0,0.1930498710346221,False,REGULAR,USD,2027-06-17,7406.47998046875,0.0362799978256225,call,1.0970123488385877,1.0246575342465754,312.1
SPX270617C08150000,2026-06-08 17:03:42+00:00,8150.0,307.5,302.7,304.5,11.700012,3.9553795,103.0,1620.0,0.1925968802642822,False,REGULAR,USD,2027-06-17,7406.47998046875,0.0362799978256225,call,1.100387771450399,1.0246575342465754,303.6
SPX270617C08175000,2026-06-08 18:46:40+00:00,8175.0,298.2,290.5,292.3,-22.5,-7.0159025,3.0,142.0,0.1906733384037017,False,REGULAR,USD,2027-06-17,7406.47998046875,0.0362799978256225,call,1.1037631940622097,1.0246575342465754,291.4
SPX270617C08200000,2026-06-08 14:49:17+00:00,8200.0,300.3,283.1,284.7,13.799988,4.8167496,170.0,3915.0,0.1903576753616333,False,REGULAR,USD,2027-06-17,7406.47998046875,0.0362799978256225,call,1.1071386166740207,1.0246575342465754,283.9
SPX270617C08225000,2026-06-08 17:03:45+00:00,8225.0,277.2,271.2,272.7,-22.099976,-7.383888,143.0,87.0,0.1883645159721374,False,REGULAR,USD,2027-06-17,7406.47998046875,0.0362799978256225,call,1.1105140392858317,1.0246575342465754,271.95
SPX270617C08250000,2026-06-08 18:46:36+00:00,8250.0,268.8,262.0,263.4,11.799988,4.591435,205.0,109.0,0.1872964114189148,False,REGULAR,USD,2027-06-17,7406.47998046875,0.0362799978256225,call,1.1138894618976427,1.0246575342465754,262.7
SPX270617C08275000,2026-06-05 20:09:06+00:00,8275.0,251.1,254.7,256.2,0.0,0.0,1006.0,1080.0,0.1869521384334564,False,REGULAR,USD,2027-06-17,7406.47998046875,0.0362799978256225,call,1.117264884509454,1.0246575342465754,255.45
SPX270617C08300000,2026-06-05 15:28:43+00:00,8300.0,256.6,245.4,247.0,-27.799988,-9.7749605,250.0,2340.0,0.1857953430557251,False,REGULAR,USD,2027-06-17,7406.47998046875,0.0362799978256225,call,1.120640307121265,1.0246575342465754,246.2
SPX270617C08325000,2026-06-05 18:44:22+00:00,8325.0,243.87,236.3,237.7,-1.2799988,-0.5221288,2.0,38.0,0.1845307835578918,False,REGULAR,USD,2027-06-17,7406.47998046875,0.0362799978256225,call,1.124015729733076,1.0246575342465754,237.0
SPX270617C08350000,2026-06-08 14:11:09+00:00,8350.0,237.87,228.6,230.0,-26.730011,-10.102044,2.0,29.0,0.1838136276435852,False,REGULAR,USD,2027-06-17,7406.47998046875,0.0362799978256225,call,1.127391152344887,1.0246575342465754,229.3
SPX270617C08375000,2026-06-05 17:33:06+00:00,8375.0,242.4,219.5,220.9,0.0,0.0,7.0,7.0,0.1824851726055145,False,REGULAR,USD,2027-06-17,7406.47998046875,0.0362799978256225,call,1.130766574956698,1.0246575342465754,220.2
SPX270617C08400000,2026-06-05 17:31:43+00:00,8400.0,235.6,211.4,212.9,0.0,0.0,1505.0,4048.0,0.1815172028541564,False,REGULAR,USD,2027-06-17,7406.47998046875,0.0362799978256225,call,1.134141997568509,1.0246575342465754,212.15
SPX270617C08425000,2026-06-08 18:46:29+00:00,8425.0,208.9,202.8,204.0,-19.600006,-8.577683,1.0,80.0,0.1801181766223907,False,REGULAR,USD,2027-06-17,7406.47998046875,0.0362799978256225,call,1.13751742018032,1.0246575342465754,203.4
SPX270617C08450000,2026-06-08 18:46:35+00:00,8450.0,200.9,196.2,197.5,-17.100006,-7.8440394,2.0,16.0,0.1796155952835083,False,REGULAR,USD,2027-06-17,7406.47998046875,0.0362799978256225,call,1.1408928427921312,1.0246575342465754,196.85
SPX270617C08475000,2026-06-05 18:42:24+00:00,8475.0,197.52,188.8,190.2,0.0,0.0,49.0,602.0,0.1787248723793029,False,REGULAR,USD,2027-06-17,7406.47998046875,0.0362799978256225,call,1.1442682654039422,1.0246575342465754,189.5
SPX270617C08500000,2026-06-08 18:09:58+00:00,8500.0,188.9,181.1,182.4,-1.800003,-0.94389254,2002.0,4136.0,0.1775537720298767,False,REGULAR,USD,2027-06-17,7406.47998046875,0.0362799978256225,call,1.1476436880157532,1.0246575342465754,181.75
SPX270617C08525000,2026-06-05 17:18:43+00:00,8525.0,195.0,174.2,175.6,0.0,0.0,9.0,10.0,0.1767298056602478,False,REGULAR,USD,2027-06-17,7406.47998046875,0.0362799978256225,call,1.1510191106275642,1.0246575342465754,174.89999999999998
SPX270617C08550000,2026-06-08 14:55:33+00:00,8550.0,180.86,168.7,169.9,-7.4400024,-3.951143,247.0,148.0,0.176310193157196,False,REGULAR,USD,2027-06-17,7406.47998046875,0.0362799978256225,call,1.1543945332393752,1.0246575342465754,169.3
SPX270617C08575000,2026-06-05 19:05:44+00:00,8575.0,165.78,162.3,163.7,0.0,0.0,6.0,11.0,0.175614017868042,False,REGULAR,USD,2027-06-17,7406.47998046875,0.0362799978256225,call,1.1577699558511862,1.0246575342465754,163.0
SPX270617C08600000,2026-06-08 14:21:08+00:00,8600.0,161.07,156.0,157.1,-3.4299927,-2.0851018,1.0,2945.0,0.1746737043952942,False,REGULAR,USD,2027-06-17,7406.47998046875,0.0362799978256225,call,1.1611453784629973,1.0246575342465754,156.55
SPX270617C08625000,2026-06-05 17:31:02+00:00,8625.0,168.7,149.4,150.8,0.0,0.0,3.0,3.0,0.1737934718036651,False,REGULAR,USD,2027-06-17,7406.47998046875,0.0362799978256225,call,1.1645208010748085,1.0246575342465754,150.10000000000002
SPX270617C08650000,2026-06-08 14:17:12+00:00,8650.0,147.98,143.1,144.4,-0.33000183,-0.22250815,1.0,1586.0,0.1727930774497986,False,REGULAR,USD,2027-06-17,7406.47998046875,0.0362799978256225,call,1.1678962236866195,1.0246575342465754,143.75
SPX270617C08675000,2026-06-05 17:32:22+00:00,8675.0,155.6,137.7,139.0,0.0,0.0,5.0,5.0,0.1721808246612549,False,REGULAR,USD,2027-06-17,7406.47998046875,0.0362799978256225,call,1.1712716462984305,1.0246575342465754,138.35
SPX270617C08700000,2026-06-08 15:13:57+00:00,8700.0,145.59,132.7,133.9,-3.2100067,-2.1572626,4.0,2662.0,0.1716439113903045,False,REGULAR,USD,2027-06-17,7406.47998046875,0.0362799978256225,call,1.1746470689102415,1.0246575342465754,133.3
SPX270617C08750000,2026-06-05 20:01:02+00:00,8750.0,121.6,122.5,123.6,0.0,0.0,14.0,1591.0,0.1703259466648102,False,REGULAR,USD,2027-06-17,7406.47998046875,0.0362799978256225,call,1.1813979141338635,1.0246575342465754,123.05
SPX270617C08800000,2026-06-08 16:12:11+00:00,8800.0,120.27,113.0,114.1,7.869995,7.001775,12.0,5679.0,0.1691329120254516,False,REGULAR,USD,2027-06-17,7406.47998046875,0.0362799978256225,call,1.1881487593574858,1.0246575342465754,113.55
SPX270617C08850000,2026-06-05 17:16:33+00:00,8850.0,117.4,102.3,104.0,0.0,0.0,4.0,293.0,0.1673438368988037,False,REGULAR,USD,2027-06-17,7406.47998046875,0.0362799978256225,call,1.1948996045811078,1.0246575342465754,103.15
SPX270617C08900000,2026-06-08 14:11:09+00:00,8900.0,100.71,95.3,96.3,-9.590004,-8.694472,4.0,2437.0,0.1665484804725647,False,REGULAR,USD,2027-06-17,7406.47998046875,0.0362799978256225,call,1.2016504498047298,1.0246575342465754,95.8
SPX270617C08950000,2026-06-08 15:16:55+00:00,8950.0,97.3,87.1,88.2,-29.799995,-23.446102,429.0,2.0,0.1652705696678161,False,REGULAR,USD,2027-06-17,7406.47998046875,0.0362799978256225,call,1.2084012950283518,1.0246575342465754,87.65
SPX270617C09000000,2026-06-08 13:30:02+00:00,9000.0,88.6,80.0,81.2,7.7999954,9.653459,1.0,5083.0,0.1643569588088989,False,REGULAR,USD,2027-06-17,7406.47998046875,0.0362799978256225,call,1.215152140251974,1.0246575342465754,80.6
SPX270617C09050000,2026-06-08 17:41:37+00:00,9050.0,76.0,73.6,74.6,-0.45999908,-0.60162055,512.0,14.0,0.1634280893135071,False,REGULAR,USD,2027-06-17,7406.47998046875,0.0362799978256225,call,1.221902985475596,1.0246575342465754,74.1
SPX270617C09100000,2026-06-08 16:37:10+00:00,9100.0,71.5,66.9,67.9,-22.5,-23.93617,5.0,61.0,0.1621606688213348,False,REGULAR,USD,2027-06-17,7406.47998046875,0.0362799978256225,call,1.228653830699218,1.0246575342465754,67.4
SPX270617C09200000,2026-06-08 19:03:16+00:00,9200.0,58.21,56.1,57.0,-4.380001,-6.997925,890.0,4423.0,0.1604869871330261,False,REGULAR,USD,2027-06-17,7406.47998046875,0.0362799978256225,call,1.2421555211464623,1.0246575342465754,56.55
SPX270617C09300000,2026-06-08 17:09:44+00:00,9300.0,49.0,46.7,47.6,-17.5,-26.31579,1709.0,537.0,0.1588886449623108,False,REGULAR,USD,2027-06-17,7406.47998046875,0.0362799978256225,call,1.2556572115937064,1.0246575342465754,47.150000000000006
SPX270617C09400000,2026-06-08 18:35:09+00:00,9400.0,42.05,39.5,40.1,-4.2400017,-9.15965,1060.0,4022.0,0.1578644089889526,False,REGULAR,USD,2027-06-17,7406.47998046875,0.0362799978256225,call,1.2691589020409506,1.0246575342465754,39.8
SPX270617C09500000,2026-06-08 14:52:13+00:00,9500.0,36.7,32.7,33.3,-9.299999,-20.21739,10.0,4692.0,0.1565311856269836,False,REGULAR,USD,2027-06-17,7406.47998046875,0.0362799978256225,call,1.2826605924881949,1.0246575342465754,33.0
SPX270617C09600000,2026-06-08 16:47:37+00:00,9600.0,29.81,27.5,28.1,0.6499996,2.2290797,6.0,5280.0,0.1559151181793212,False,REGULAR,USD,2027-06-17,7406.47998046875,0.0362799978256225,call,1.296162282935439,1.0246575342465754,27.8
SPX270617C09800000,2026-06-08 17:02:44+00:00,9800.0,20.1,19.3,19.8,0.0,0.0,30.0,2187.0,0.1547192225456237,False,REGULAR,USD,2027-06-17,7406.47998046875,0.0362799978256225,call,1.3231656638299272,1.0246575342465754,19.55
SPX270617C10000000,2026-06-08 18:45:16+00:00,10000.0,14.49,13.8,14.2,-0.40999985,-2.7516768,91.0,7674.0,0.1543778105545044,False,REGULAR,USD,2027-06-17,7406.47998046875,0.0362799978256225,call,1.3501690447244157,1.0246575342465754,14.0
SPX270617C10200000,2026-06-08 18:45:16+00:00,10200.0,10.58,10.0,10.5,-5.5200005,-34.285717,87.0,1518.0,0.1549805266952514,False,REGULAR,USD,2027-06-17,7406.47998046875,0.0362799978256225,call,1.3771724256189035,1.0246575342465754,10.25
SPX270617C10400000,2026-06-08 18:30:18+00:00,10400.0,8.07,7.5,7.9,-0.13000011,-1.5853673,28.0,2909.0,0.1560181139755249,False,REGULAR,USD,2027-06-17,7406.47998046875,0.0362799978256225,call,1.4041758065133922,1.0246575342465754,7.7
SPX270617C10600000,2026-06-03 18:44:02+00:00,10600.0,9.03,5.8,6.2,0.0,0.0,12.0,1018.0,0.1579292581939697,False,REGULAR,USD,2027-06-17,7406.47998046875,0.0362799978256225,call,1.4311791874078803,1.0246575342465754,6.0
SPX270617C10800000,2026-06-08 18:45:29+00:00,10800.0,4.93,4.5,5.0,0.07999992,1.649483,17.0,1240.0,0.1602867175292968,False,REGULAR,USD,2027-06-17,7406.47998046875,0.0362799978256225,call,1.4581825683023688,1.0246575342465754,4.75
SPX270617C11000000,2026-06-08 19:14:13+00:00,11000.0,3.9,3.7,4.1,-0.55999994,-12.017166,159.0,176.0,0.1628349098205566,False,REGULAR,USD,2027-06-17,7406.47998046875,0.0362799978256225,call,1.485185949196857,1.0246575342465754,3.9
SPX270617C11200000,2026-06-08 15:09:40+00:00,11200.0,3.46,2.95,3.3,0.36000013,11.612908,4.0,162.0,0.1648643084716797,False,REGULAR,USD,2027-06-17,7406.47998046875,0.0362799978256225,call,1.5121893300913454,1.0246575342465754,3.125
SPX270617C11400000,2026-06-03 16:33:55+00:00,11400.0,3.48,2.45,2.75,0.0,0.0,8.0,222.0,0.1674125007629394,False,REGULAR,USD,2027-06-17,7406.47998046875,0.0362799978256225,call,1.5391927109858337,1.0246575342465754,2.6
SPX270917C07350000,2026-06-02 19:29:33+00:00,7350.0,992.7,849.7,851.8,0.0,0.0,2.0,13.0,0.2477921367168426,True,REGULAR,USD,2027-09-17,7406.47998046875,0.0362799978256225,call,0.9923742478724454,1.2767123287671234,850.75
SPX270917C07400000,2026-05-22 16:34:19+00:00,7400.0,870.63,817.4,819.4,0.0,0.0,41.0,26.0,0.2448081196212768,True,REGULAR,USD,2027-09-17,7406.47998046875,0.0362799978256225,call,0.9991250930960676,1.2767123287671234,818.4
SPX270917C07425000,2026-06-05 19:10:30+00:00,7425.0,800.06,800.9,803.0,0.0,0.0,1.0,3.0,0.2432097774505615,False,REGULAR,USD,2027-09-17,7406.47998046875,0.0362799978256225,call,1.0025005157078786,1.2767123287671234,801.95
SPX270917C07450000,2026-06-04 14:42:12+00:00,7450.0,886.0,784.5,786.8,0.0,0.0,1.0,52.0,0.2416405220556259,False,REGULAR,USD,2027-09-17,7406.47998046875,0.0362799978256225,call,1.0058759383196896,1.2767123287671234,785.65
SPX270917C07500000,2026-06-08 18:07:30+00:00,7500.0,770.65,754.1,756.4,-81.00995,-9.512007,2.0,328.0,0.2390069767665862,False,REGULAR,USD,2027-09-17,7406.47998046875,0.0362799978256225,call,1.0126267835433116,1.2767123287671234,755.25
SPX270917C07525000,2026-06-08 13:44:28+00:00,7525.0,757.39,735.2,737.8,-119.609985,-13.638538,1.0,5.0,0.2366209074878692,False,REGULAR,USD,2027-09-17,7406.47998046875,0.0362799978256225,call,1.0160022061551226,1.2767123287671234,736.5
SPX270917C07550000,2026-05-26 17:04:16+00:00,7550.0,787.55,723.0,724.9,0.0,0.0,2.0,4006.0,0.23591090405941,False,REGULAR,USD,2027-09-17,7406.47998046875,0.0362799978256225,call,1.0193776287669338,1.2767123287671234,723.95
SPX270917C07600000,2026-06-01 11:16:15+00:00,7600.0,815.07,692.7,694.7,0.0,0.0,1.0,17.0,0.2330689830160141,False,REGULAR,USD,2027-09-17,7406.47998046875,0.0362799978256225,call,1.0261284739905558,1.2767123287671234,693.7
SPX270917C07650000,2026-05-01 19:53:11+00:00,7650.0,548.9,663.0,665.0,0.0,0.0,2.0,4000.0,0.2302370754528045,False,REGULAR,USD,2027-09-17,7406.47998046875,0.0362799978256225,call,1.032879319214178,1.2767123287671234,664.0
SPX270917C07700000,2026-05-01 19:54:13+00:00,7700.0,522.7,634.3,636.3,0.0,0.0,3.0,3.0,0.2275601384162902,False,REGULAR,USD,2027-09-17,7406.47998046875,0.0362799978256225,call,1.0396301644378,1.2767123287671234,635.3
SPX270917C07725000,2026-05-18 16:11:09+00:00,7725.0,606.8,619.6,621.9,0.0,0.0,1.0,6.0,0.2261515755367279,False,REGULAR,USD,2027-09-17,7406.47998046875,0.0362799978256225,call,1.043005587049611,1.2767123287671234,620.75
SPX270917C07750000,2026-05-22 17:25:55+00:00,7750.0,655.75,604.9,607.1,0.0,0.0,2.0,24.0,0.2245856579685211,False,REGULAR,USD,2027-09-17,7406.47998046875,0.0362799978256225,call,1.046381009661422,1.2767123287671234,606.0
SPX270917C07775000,2026-05-11 17:07:06+00:00,7775.0,603.5,589.8,592.0,0.0,0.0,8.0,11.0,0.2228909956550598,False,REGULAR,USD,2027-09-17,7406.47998046875,0.0362799978256225,call,1.0497564322732331,1.2767123287671234,590.9
SPX270917C07800000,2026-06-04 19:15:10+00:00,7800.0,694.23,577.6,579.9,0.0,0.0,52.0,127.0,0.2220574926376342,False,REGULAR,USD,2027-09-17,7406.47998046875,0.0362799978256225,call,1.053131854885044,1.2767123287671234,578.75
SPX270917C07825000,2026-05-18 16:11:09+00:00,7825.0,552.0,563.9,566.2,0.0,0.0,1.0,11.0,0.220705195980072,False,REGULAR,USD,2027-09-17,7406.47998046875,0.0362799978256225,call,1.0565072774968551,1.2767123287671234,565.05
SPX270917C07850000,2026-06-01 14:39:03+00:00,7850.0,645.07,548.9,551.1,0.0,0.0,1.0,51.0,0.2188918024015426,False,REGULAR,USD,2027-09-17,7406.47998046875,0.0362799978256225,call,1.059882700108666,1.2767123287671234,550.0
SPX270917C07875000,2026-05-13 15:02:19+00:00,7875.0,551.5,537.3,539.5,0.0,0.0,1.0,6.0,0.2180916776514053,False,REGULAR,USD,2027-09-17,7406.47998046875,0.0362799978256225,call,1.0632581227204772,1.2767123287671234,538.4
SPX270917C07900000,2026-06-05 17:34:12+00:00,7900.0,556.89,524.3,526.7,0.0,0.0,36.0,70.0,0.2168900600290298,False,REGULAR,USD,2027-09-17,7406.47998046875,0.0362799978256225,call,1.0666335453322884,1.2767123287671234,525.5
SPX270917C07925000,2026-05-11 17:07:00+00:00,7925.0,523.1,510.9,513.3,0.0,0.0,2.0,5.0,0.2154662385129928,False,REGULAR,USD,2027-09-17,7406.47998046875,0.0362799978256225,call,1.0700089679440994,1.2767123287671234,512.0999999999999
SPX270917C07950000,2026-06-05 17:34:12+00:00,7950.0,530.43,498.4,500.5,0.0,0.0,36.0,54.0,0.2141821288871765,False,REGULAR,USD,2027-09-17,7406.47998046875,0.0362799978256225,call,1.0733843905559104,1.2767123287671234,499.45
SPX270917C08000000,2026-06-08 18:08:10+00:00,8000.0,484.26,473.5,475.4,-19.619995,-3.8937833,44.0,334.0,0.2116377512550353,False,REGULAR,USD,2027-09-17,7406.47998046875,0.0362799978256225,call,1.0801352357795324,1.2767123287671234,474.45
SPX270917C08025000,2026-06-01 19:31:27+00:00,8025.0,574.9,460.9,463.1,0.0,0.0,60.0,101.0,0.2103770064163208,False,REGULAR,USD,2027-09-17,7406.47998046875,0.0362799978256225,call,1.0835106583913434,1.2767123287671234,462.0
SPX270917C08050000,2026-06-01 19:31:42+00:00,8050.0,561.2,448.8,451.0,0.0,0.0,21.0,64.0,0.2091339043760299,False,REGULAR,USD,2027-09-17,7406.47998046875,0.0362799978256225,call,1.0868860810031544,1.2767123287671234,449.9
SPX270917C08075000,2026-06-08 18:46:29+00:00,8075.0,444.1,437.0,439.1,-91.899994,-17.145521,1.0,1.0,0.2079074914693832,False,REGULAR,USD,2027-09-17,7406.47998046875,0.0362799978256225,call,1.0902615036149654,1.2767123287671234,438.05
SPX270917C08100000,2026-06-01 19:48:59+00:00,8100.0,530.65,422.9,425.2,0.0,0.0,1.0,39.0,0.2060163742113113,False,REGULAR,USD,2027-09-17,7406.47998046875,0.0362799978256225,call,1.0936369262267769,1.2767123287671234,424.05
SPX270917C08150000,2026-06-01 19:31:55+00:00,8150.0,509.1,402.2,404.5,0.0,0.0,2.0,5.0,0.2042978702783584,False,REGULAR,USD,2027-09-17,7406.47998046875,0.0362799978256225,call,1.100387771450399,1.2767123287671234,403.35
SPX270917C08175000,2026-06-08 18:46:35+00:00,8175.0,397.5,391.1,393.4,-99.5,-20.02012,4.0,16.0,0.2031377370738983,False,REGULAR,USD,2027-09-17,7406.47998046875,0.0362799978256225,call,1.1037631940622097,1.2767123287671234,392.25
SPX270917C08200000,2026-05-01 15:14:03+00:00,8200.0,294.02,380.7,382.8,0.0,0.0,1.0,2.0,0.2020887058162689,False,REGULAR,USD,2027-09-17,7406.47998046875,0.0362799978256225,call,1.1071386166740207,1.2767123287671234,381.75
SPX270917C08225000,2026-05-15 19:26:53+00:00,8225.0,390.05,369.4,371.7,0.0,0.0,1.0,1.0,0.200834159798622,False,REGULAR,USD,2027-09-17,7406.47998046875,0.0362799978256225,call,1.1105140392858317,1.2767123287671234,370.55
SPX270917C08250000,2026-06-05 19:17:51+00:00,8250.0,351.7,358.8,361.1,0.0,0.0,3.0,8.0,0.1996902388954162,False,REGULAR,USD,2027-09-17,7406.47998046875,0.0362799978256225,call,1.1138894618976427,1.2767123287671234,359.95000000000005
SPX270917C08275000,2026-06-02 18:54:27+00:00,8275.0,446.5,348.9,350.8,0.0,0.0,1.0,6.0,0.1985935243988037,False,REGULAR,USD,2027-09-17,7406.47998046875,0.0362799978256225,call,1.117264884509454,1.2767123287671234,349.85
SPX270917C08300000,2026-06-08 18:46:33+00:00,8300.0,344.4,337.9,339.9,-70.100006,-16.911943,3.0,902.0,0.1972541022157669,False,REGULAR,USD,2027-09-17,7406.47998046875,0.0362799978256225,call,1.120640307121265,1.2767123287671234,338.9
SPX270917C08350000,2026-06-05 19:17:58+00:00,8350.0,312.2,318.8,320.9,0.0,0.0,7.0,9.0,0.1953343750143051,False,REGULAR,USD,2027-09-17,7406.47998046875,0.0362799978256225,call,1.127391152344887,1.2767123287671234,319.85
SPX270917C08400000,2026-06-05 18:38:06+00:00,8400.0,311.5,300.0,302.0,0.0,0.0,1.0,2.0,0.1932510943031311,False,REGULAR,USD,2027-09-17,7406.47998046875,0.0362799978256225,call,1.134141997568509,1.2767123287671234,301.0
SPX270917C08450000,2026-06-05 19:55:55+00:00,8450.0,285.16,282.3,284.3,0.0,0.0,1.0,1.0,0.1913680831956863,False,REGULAR,USD,2027-09-17,7406.47998046875,0.0362799978256225,call,1.1408928427921312,1.2767123287671234,283.3
SPX270917C08500000,2026-06-08 18:08:10+00:00,8500.0,272.66,264.6,266.5,-61.04001,-18.291882,42.0,35.0,0.1892457022285461,False,REGULAR,USD,2027-09-17,7406.47998046875,0.0362799978256225,call,1.1476436880157532,1.2767123287671234,265.55
SPX270917C08550000,2026-06-08 17:03:55+00:00,8550.0,251.8,248.2,250.1,-59.270004,-19.05359,10.0,2.0,0.1873974998855591,False,REGULAR,USD,2027-09-17,7406.47998046875,0.0362799978256225,call,1.1543945332393752,1.2767123287671234,249.15
SPX270917C08600000,2026-06-08 18:46:28+00:00,8600.0,237.6,232.9,234.8,8.5,3.71017,1.0,2.0,0.1857314475154876,False,REGULAR,USD,2027-09-17,7406.47998046875,0.0362799978256225,call,1.1611453784629973,1.2767123287671234,233.85
SPX270917C08700000,2026-05-08 18:47:43+00:00,8700.0,200.6,203.0,204.7,0.0,0.0,1.0,2.0,0.1819415836811065,False,REGULAR,USD,2027-09-17,7406.47998046875,0.0362799978256225,call,1.1746470689102415,1.2767123287671234,203.85
SPX270917C08750000,2026-06-04 18:22:14+00:00,8750.0,257.3,189.9,191.7,0.0,0.0,4.0,6.0,0.1804920132160186,False,REGULAR,USD,2027-09-17,7406.47998046875,0.0362799978256225,call,1.1813979141338635,1.2767123287671234,190.8
SPX270917C08800000,2026-06-04 19:27:09+00:00,8800.0,243.4,177.8,179.6,0.0,0.0,46.0,53.0,0.1791854924678802,False,REGULAR,USD,2027-09-17,7406.47998046875,0.0362799978256225,call,1.1881487593574858,1.2767123287671234,178.7
SPX270917C08900000,2026-06-02 15:03:16+00:00,8900.0,218.71,155.1,156.7,0.0,0.0,2.0,44.0,0.1764789918231964,False,REGULAR,USD,2027-09-17,7406.47998046875,0.0362799978256225,call,1.2016504498047298,1.2767123287671234,155.89999999999998
SPX270917C09000000,2026-06-08 14:50:06+00:00,9000.0,143.9,134.5,136.2,4.519989,3.242925,2.0,1044.0,0.1739431971740723,False,REGULAR,USD,2027-09-17,7406.47998046875,0.0362799978256225,call,1.215152140251974,1.2767123287671234,135.35
SPX270917C09100000,2026-06-02 09:45:17+00:00,9100.0,163.07,116.7,118.2,0.0,0.0,1.0,9.0,0.1716925482940674,False,REGULAR,USD,2027-09-17,7406.47998046875,0.0362799978256225,call,1.228653830699218,1.2767123287671234,117.45
SPX270917C09200000,2026-06-05 19:55:34+00:00,9200.0,104.1,100.1,101.6,0.0,0.0,1.0,10.0,0.1692673787593842,False,REGULAR,USD,2027-09-17,7406.47998046875,0.0362799978256225,call,1.2421555211464623,1.2767123287671234,100.85
SPX270917C09400000,2026-06-05 15:59:39+00:00,9400.0,89.67,75.0,76.4,0.0,0.0,5.0,22.0,0.1661927635097503,False,REGULAR,USD,2027-09-17,7406.47998046875,0.0362799978256225,call,1.2691589020409506,1.2767123287671234,75.7
SPX270917C09500000,2026-06-02 15:03:16+00:00,9500.0,98.58,64.4,65.7,0.0,0.0,4.0,81.0,0.1646173092937469,False,REGULAR,USD,2027-09-17,7406.47998046875,0.0362799978256225,call,1.2826605924881949,1.2767123287671234,65.05000000000001
SPX270917C09550000,2026-05-11 17:06:16+00:00,9550.0,67.76,60.0,61.2,0.0,0.0,1.0,25.0,0.1640975619888305,False,REGULAR,USD,2027-09-17,7406.47998046875,0.0362799978256225,call,1.2894114377118169,1.2767123287671234,60.6
SPX270917C09600000,2026-06-08 14:15:46+00:00,9600.0,58.0,55.4,56.4,-28.629997,-33.048595,1.0,96.0,0.1631868121242523,False,REGULAR,USD,2027-09-17,7406.47998046875,0.0362799978256225,call,1.296162282935439,1.2767123287671234,55.9
SPX270917C09800000,2026-06-04 18:21:42+00:00,9800.0,62.95,41.0,42.2,0.0,0.0,1.0,10.0,0.1614139492988586,False,REGULAR,USD,2027-09-17,7406.47998046875,0.0362799978256225,call,1.3231656638299272,1.2767123287671234,41.6
SPX270917C10000000,2026-06-08 11:10:42+00:00,10000.0,33.0,30.6,31.7,-0.65999985,-1.9607838,1.0,524.0,0.1602333123016357,False,REGULAR,USD,2027-09-17,7406.47998046875,0.0362799978256225,call,1.3501690447244157,1.2767123287671234,31.15
SPX270917C10200000,2026-06-03 18:26:19+00:00,10200.0,34.84,23.2,24.3,0.0,0.0,106.0,54.0,0.159977730140686,False,REGULAR,USD,2027-09-17,7406.47998046875,0.0362799978256225,call,1.3771724256189035,1.2767123287671234,23.75
SPX270917C10400000,2026-06-03 18:23:33+00:00,10400.0,26.49,17.9,18.8,0.0,0.0,102.0,137.0,0.1601341311645507,False,REGULAR,USD,2027-09-17,7406.47998046875,0.0362799978256225,call,1.4041758065133922,1.2767123287671234,18.35
SPX270917C10600000,2026-05-21 13:54:31+00:00,10600.0,15.67,14.1,14.8,0.0,0.0,10.0,66.0,0.1608169551467895,False,REGULAR,USD,2027-09-17,7406.47998046875,0.0362799978256225,call,1.4311791874078803,1.2767123287671234,14.45
SPX270917C10800000,2026-05-28 15:38:01+00:00,10800.0,16.37,11.2,11.9,0.0,0.0,1.0,95.0,0.1620262020874023,False,REGULAR,USD,2027-09-17,7406.47998046875,0.0362799978256225,call,1.4581825683023688,1.2767123287671234,11.55
SPX270917C11000000,2026-06-05 18:27:18+00:00,11000.0,10.16,9.1,9.7,0.0,0.0,1.0,337.0,0.1635024751663208,False,REGULAR,USD,2027-09-17,7406.47998046875,0.0362799978256225,call,1.485185949196857,1.2767123287671234,9.4
SPX270917C11200000,2026-06-08 19:14:13+00:00,11200.0,8.0,7.5,8.0,-2.6899996,-20.104633,19.0,227.0,0.1651618518829345,False,REGULAR,USD,2027-09-17,7406.47998046875,0.0362799978256225,call,1.5121893300913454,1.2767123287671234,7.75
SPX270917C11400000,2026-06-05 19:46:11+00:00,11400.0,6.9,6.2,6.7,0.0,0.0,4.0,81.0,0.1670653667831421,False,REGULAR,USD,2027-09-17,7406.47998046875,0.0362799978256225,call,1.5391927109858337,1.2767123287671234,6.45
SPX270917C12000000,2026-06-05 18:55:15+00:00,12000.0,4.08,3.9,4.2,0.0,0.0,4.0,203.0,0.173462550125122,False,REGULAR,USD,2027-09-17,7406.47998046875,0.0362799978256225,call,1.6202028536692987,1.2767123287671234,4.05
SPX271217C07350000,2026-06-04 16:33:22+00:00,7350.0,1071.45,948.0,952.1,0.0,0.0,2.0,583.0,0.2545416991949082,True,REGULAR,USD,2027-12-17,7406.47998046875,0.0362799978256225,call,0.9923742478724454,1.526027397260274,950.05
SPX271217C07400000,2026-06-08 18:00:24+00:00,7400.0,931.17,919.3,922.7,7.169983,0.7759722,1.0,3434.0,0.2525328043365479,True,REGULAR,USD,2027-12-17,7406.47998046875,0.0362799978256225,call,0.9991250930960676,1.526027397260274,921.0
SPX271217C07450000,2026-06-05 17:08:21+00:00,7450.0,923.08,883.3,887.4,0.0,0.0,14.0,659.0,0.2487911005735397,False,REGULAR,USD,2027-12-17,7406.47998046875,0.0362799978256225,call,1.0058759383196896,1.526027397260274,885.3499999999999
SPX271217C07500000,2026-06-05 19:16:00+00:00,7500.0,846.53,856.5,859.6,0.0,0.0,25.0,3938.0,0.2470196682453155,False,REGULAR,USD,2027-12-17,7406.47998046875,0.0362799978256225,call,1.0126267835433116,1.526027397260274,858.05
SPX271217C07550000,2026-06-02 18:18:47+00:00,7550.0,958.53,822.5,825.6,0.0,0.0,25.0,805.0,0.2434367496681213,False,REGULAR,USD,2027-12-17,7406.47998046875,0.0362799978256225,call,1.0193776287669338,1.526027397260274,824.05
SPX271217C07600000,2026-06-05 19:45:58+00:00,7600.0,796.09,795.1,798.6,0.0,0.0,22.0,5386.0,0.2416700856637954,False,REGULAR,USD,2027-12-17,7406.47998046875,0.0362799978256225,call,1.0261284739905558,1.526027397260274,796.85
SPX271217C07650000,2026-06-08 15:53:42+00:00,7650.0,794.42,765.9,769.5,-3.5,-0.43864048,1.0,356.0,0.2392167830181121,False,REGULAR,USD,2027-12-17,7406.47998046875,0.0362799978256225,call,1.032879319214178,1.526027397260274,767.7
SPX271217C07700000,2026-06-08 18:33:43+00:00,7700.0,752.82,736.3,739.9,-42.330017,-5.3235264,2.0,614.0,0.2365140970325469,False,REGULAR,USD,2027-12-17,7406.47998046875,0.0362799978256225,call,1.0396301644378,1.526027397260274,738.0999999999999
SPX271217C07750000,2026-06-08 17:07:25+00:00,7750.0,719.37,708.0,711.5,-58.809998,-7.5573773,4.0,480.0,0.2340255087900161,False,REGULAR,USD,2027-12-17,7406.47998046875,0.0362799978256225,call,1.046381009661422,1.526027397260274,709.75
SPX271217C07800000,2026-06-08 16:58:54+00:00,7800.0,694.65,679.7,683.2,12.890015,1.8906968,2.0,3682.0,0.2314463223934173,False,REGULAR,USD,2027-12-17,7406.47998046875,0.0362799978256225,call,1.053131854885044,1.526027397260274,681.45
SPX271217C07850000,2026-06-04 17:52:43+00:00,7850.0,765.6,652.1,655.4,0.0,0.0,300.0,674.0,0.2288833482980728,False,REGULAR,USD,2027-12-17,7406.47998046875,0.0362799978256225,call,1.059882700108666,1.526027397260274,653.75
SPX271217C07900000,2026-06-05 17:14:36+00:00,7900.0,658.35,625.2,628.7,0.0,0.0,44.0,324.0,0.2264987095165252,False,REGULAR,USD,2027-12-17,7406.47998046875,0.0362799978256225,call,1.0666335453322884,1.526027397260274,626.95
SPX271217C07950000,2026-06-08 16:59:28+00:00,7950.0,612.46,598.4,601.9,-80.44,-11.609179,28.0,738.0,0.2239595770406722,False,REGULAR,USD,2027-12-17,7406.47998046875,0.0362799978256225,call,1.0733843905559104,1.526027397260274,600.15
SPX271217C08000000,2026-06-08 17:16:01+00:00,8000.0,580.58,572.4,576.0,8.460022,1.4787146,188.0,13511.0,0.2215386989974975,False,REGULAR,USD,2027-12-17,7406.47998046875,0.0362799978256225,call,1.0801352357795324,1.526027397260274,574.2
SPX271217C08050000,2026-06-08 17:01:06+00:00,8050.0,557.65,547.8,551.1,-111.849976,-16.706495,20.0,191.0,0.2192623011684417,False,REGULAR,USD,2027-12-17,7406.47998046875,0.0362799978256225,call,1.0868860810031544,1.526027397260274,549.45
SPX271217C08100000,2026-06-08 16:58:13+00:00,8100.0,537.01,523.1,526.6,11.570007,2.2019656,2.0,1107.0,0.2169625385522842,False,REGULAR,USD,2027-12-17,7406.47998046875,0.0362799978256225,call,1.0936369262267769,1.526027397260274,524.85
SPX271217C08150000,2026-06-05 19:08:50+00:00,8150.0,500.76,496.3,499.2,0.0,0.0,1.0,618.0,0.2137086343240737,False,REGULAR,USD,2027-12-17,7406.47998046875,0.0362799978256225,call,1.100387771450399,1.526027397260274,497.75
SPX271217C08200000,2026-06-05 20:06:51+00:00,8200.0,460.0,473.7,476.8,0.0,0.0,76.0,4112.0,0.2117135676050185,False,REGULAR,USD,2027-12-17,7406.47998046875,0.0362799978256225,call,1.1071386166740207,1.526027397260274,475.25
SPX271217C08250000,2026-06-08 17:06:48+00:00,8250.0,460.9,452.0,454.8,15.299988,3.43357,2.0,16.0,0.2096898909425735,False,REGULAR,USD,2027-12-17,7406.47998046875,0.0362799978256225,call,1.1138894618976427,1.526027397260274,453.4
SPX271217C08300000,2026-06-08 19:09:59+00:00,8300.0,434.3,428.7,431.9,10.299988,2.4292424,9.0,1528.0,0.2072613835811614,False,REGULAR,USD,2027-12-17,7406.47998046875,0.0362799978256225,call,1.120640307121265,1.526027397260274,430.3
SPX271217C08350000,2026-06-08 17:07:25+00:00,8350.0,418.45,407.5,410.0,-8.859985,-2.0734327,6.0,31.0,0.2049663892889022,False,REGULAR,USD,2027-12-17,7406.47998046875,0.0362799978256225,call,1.127391152344887,1.526027397260274,408.75
SPX271217C08400000,2026-06-08 14:11:17+00:00,8400.0,400.9,388.5,391.3,-86.399994,-17.730349,2.0,4478.0,0.2034524464511871,False,REGULAR,USD,2027-12-17,7406.47998046875,0.0362799978256225,call,1.134141997568509,1.526027397260274,389.9
SPX271217C08450000,2026-06-03 17:29:39+00:00,8450.0,445.5,367.2,369.9,0.0,0.0,7.0,13.0,0.2009910376548767,False,REGULAR,USD,2027-12-17,7406.47998046875,0.0362799978256225,call,1.1408928427921312,1.526027397260274,368.55
SPX271217C08500000,2026-06-08 17:16:01+00:00,8500.0,355.65,349.3,352.1,9.350006,2.6999729,222.0,2387.0,0.1994422860527038,False,REGULAR,USD,2027-12-17,7406.47998046875,0.0362799978256225,call,1.1476436880157532,1.526027397260274,350.70000000000005
SPX271217C08550000,2026-06-08 17:16:01+00:00,8550.0,337.07,331.4,334.5,2.350006,0.70208114,222.0,8.0,0.197802936296463,False,REGULAR,USD,2027-12-17,7406.47998046875,0.0362799978256225,call,1.1543945332393752,1.526027397260274,332.95
SPX271217C08600000,2026-06-08 16:58:13+00:00,8600.0,324.2,313.7,316.2,-83.599976,-20.50024,2.0,1305.0,0.1957907036113739,False,REGULAR,USD,2027-12-17,7406.47998046875,0.0362799978256225,call,1.1611453784629973,1.526027397260274,314.95
SPX271217C08650000,2026-05-29 19:30:10+00:00,8650.0,367.2,295.7,298.4,0.0,0.0,583.0,980.0,0.1937651196193694,False,REGULAR,USD,2027-12-17,7406.47998046875,0.0362799978256225,call,1.1678962236866195,1.526027397260274,297.04999999999995
SPX271217C08700000,2026-06-08 17:06:48+00:00,8700.0,286.42,279.6,282.4,-67.859985,-19.154337,2.0,1320.0,0.1921391211700439,False,REGULAR,USD,2027-12-17,7406.47998046875,0.0362799978256225,call,1.1746470689102415,1.526027397260274,281.0
SPX271217C08750000,2026-06-08 17:06:48+00:00,8750.0,270.62,265.0,267.4,-59.98001,-18.142773,2.0,61.0,0.1906733384037017,False,REGULAR,USD,2027-12-17,7406.47998046875,0.0362799978256225,call,1.1813979141338635,1.526027397260274,266.2
SPX271217C08800000,2026-06-04 13:58:55+00:00,8800.0,303.3,250.1,252.5,0.0,0.0,41.0,1654.0,0.1890788108921051,False,REGULAR,USD,2027-12-17,7406.47998046875,0.0362799978256225,call,1.1881487593574858,1.526027397260274,251.3
SPX271217C08900000,2026-05-29 19:54:49+00:00,8900.0,280.05,221.4,223.6,0.0,0.0,2.0,311.0,0.1856789959526061,False,REGULAR,USD,2027-12-17,7406.47998046875,0.0362799978256225,call,1.2016504498047298,1.526027397260274,222.5
SPX271217C09000000,2026-06-08 17:35:40+00:00,9000.0,202.4,196.5,198.9,4.399994,2.2222192,5.0,4909.0,0.183055464143753,False,REGULAR,USD,2027-12-17,7406.47998046875,0.0362799978256225,call,1.215152140251974,1.526027397260274,197.7
SPX271217C09100000,2026-06-08 16:58:54+00:00,9100.0,180.58,173.7,176.1,-57.72,-24.22157,2.0,142.0,0.1804600654459,False,REGULAR,USD,2027-12-17,7406.47998046875,0.0362799978256225,call,1.228653830699218,1.526027397260274,174.89999999999998
SPX271217C09200000,2026-06-05 19:09:17+00:00,9200.0,154.8,153.1,155.7,0.0,0.0,7.0,2014.0,0.1781135732555389,False,REGULAR,USD,2027-12-17,7406.47998046875,0.0362799978256225,call,1.2421555211464623,1.526027397260274,154.39999999999998
SPX271217C09300000,2026-06-08 17:16:01+00:00,9300.0,138.14,134.7,137.2,-44.089996,-24.194696,180.0,2.0,0.175868646364212,False,REGULAR,USD,2027-12-17,7406.47998046875,0.0362799978256225,call,1.2556572115937064,1.526027397260274,135.95
SPX271217C09400000,2026-06-08 17:01:06+00:00,9400.0,122.69,118.4,120.9,4.8899994,4.151103,42.0,1328.0,0.1739060042476654,False,REGULAR,USD,2027-12-17,7406.47998046875,0.0362799978256225,call,1.2691589020409506,1.526027397260274,119.65
SPX271217C09500000,2026-06-05 19:07:16+00:00,9500.0,106.9,103.6,106.1,0.0,0.0,5.0,2490.0,0.1719757867336273,False,REGULAR,USD,2027-12-17,7406.47998046875,0.0362799978256225,call,1.2826605924881949,1.526027397260274,104.85
SPX271217C09550000,2026-06-08 17:06:48+00:00,9550.0,100.59,97.1,99.5,3.4899979,3.5942307,2.0,84.0,0.171152774028778,False,REGULAR,USD,2027-12-17,7406.47998046875,0.0362799978256225,call,1.2894114377118169,1.526027397260274,98.3
SPX271217C09600000,2026-06-05 18:10:43+00:00,9600.0,102.16,91.1,92.9,0.0,0.0,3.0,431.0,0.1701695456409454,False,REGULAR,USD,2027-12-17,7406.47998046875,0.0362799978256225,call,1.296162282935439,1.526027397260274,92.0
SPX271217C09800000,2026-06-08 17:27:16+00:00,9800.0,72.8,70.4,72.0,2.600006,3.7037125,32.0,3185.0,0.1676394729804992,False,REGULAR,USD,2027-12-17,7406.47998046875,0.0362799978256225,call,1.3231656638299272,1.526027397260274,71.2
SPX271217C10000000,2026-06-08 18:36:56+00:00,10000.0,56.5,54.2,55.8,1.5,2.7272727,92.0,5746.0,0.165670155210495,False,REGULAR,USD,2027-12-17,7406.47998046875,0.0362799978256225,call,1.3501690447244157,1.526027397260274,55.0
SPX271217C10200000,2026-06-05 19:22:31+00:00,10200.0,42.2,41.9,43.3,0.0,0.0,4.0,514.0,0.1641767161655426,False,REGULAR,USD,2027-12-17,7406.47998046875,0.0362799978256225,call,1.3771724256189035,1.526027397260274,42.6
SPX271217C10400000,2026-06-05 18:10:43+00:00,10400.0,37.43,32.8,34.2,0.0,0.0,3.0,360.0,0.1635825830078125,False,REGULAR,USD,2027-12-17,7406.47998046875,0.0362799978256225,call,1.4041758065133922,1.526027397260274,33.5
SPX271217C10600000,2026-06-05 19:54:12+00:00,10600.0,27.34,25.9,27.4,0.0,0.0,10.0,1021.0,0.1635863976669311,False,REGULAR,USD,2027-12-17,7406.47998046875,0.0362799978256225,call,1.4311791874078803,1.526027397260274,26.65
SPX271217C10800000,2026-06-08 18:52:57+00:00,10800.0,22.03,21.0,22.2,1.1300011,5.406704,3.0,1050.0,0.163988844203949,False,REGULAR,USD,2027-12-17,7406.47998046875,0.0362799978256225,call,1.4581825683023688,1.526027397260274,21.6
SPX271217C11000000,2026-06-08 17:35:40+00:00,11000.0,18.48,17.1,18.3,0.84000015,4.7619057,4.0,5992.0,0.1648795671081543,False,REGULAR,USD,2027-12-17,7406.47998046875,0.0362799978256225,call,1.485185949196857,1.526027397260274,17.700000000000003
SPX271217C11200000,2026-06-08 13:43:54+00:00,11200.0,15.51,14.2,15.3,-0.28999996,-1.8354428,1.0,336.0,0.1661002580261231,False,REGULAR,USD,2027-12-17,7406.47998046875,0.0362799978256225,call,1.5121893300913454,1.526027397260274,14.75
SPX271217C11400000,2026-06-08 18:53:48+00:00,11400.0,12.54,12.0,12.9,-4.339999,-25.710896,2.0,719.0,0.1674735353088379,False,REGULAR,USD,2027-12-17,7406.47998046875,0.0362799978256225,call,1.5391927109858337,1.526027397260274,12.45
SPX271217C12000000,2026-06-08 18:52:57+00:00,12000.0,8.01,7.4,8.2,0.36000013,4.7058845,13.0,9839.0,0.1724859973907471,False,REGULAR,USD,2027-12-17,7406.47998046875,0.0362799978256225,call,1.6202028536692987,1.526027397260274,7.8
SPX281215C07400000,2026-06-05 17:26:18+00:00,7400.0,1314.1,1269.1,1278.3,0.0,0.0,2.0,1277.0,0.2734922104477882,True,REGULAR,USD,2028-12-15,7406.47998046875,0.0362799978256225,call,0.9991250930960676,2.5232876712328767,1273.6999999999998
SPX281215C07450000,2026-06-05 15:29:36+00:00,7450.0,1310.84,1239.5,1250.0,0.0,0.0,2.0,10.0,0.2718178135108948,False,REGULAR,USD,2028-12-15,7406.47998046875,0.0362799978256225,call,1.0058759383196896,2.5232876712328767,1244.75
SPX281215C07500000,2026-06-08 18:00:24+00:00,7500.0,1225.17,1208.0,1217.8,-21.829956,-1.750598,1.0,403.0,0.2692443491029739,False,REGULAR,USD,2028-12-15,7406.47998046875,0.0362799978256225,call,1.0126267835433116,2.5232876712328767,1212.9
SPX281215C07550000,2026-06-02 14:10:09+00:00,7550.0,1302.5,1178.7,1188.7,0.0,0.0,1.0,11.0,0.2672912436342239,False,REGULAR,USD,2028-12-15,7406.47998046875,0.0362799978256225,call,1.0193776287669338,2.5232876712328767,1183.7
SPX281215C07600000,2026-06-05 19:36:48+00:00,7600.0,1153.98,1149.5,1159.2,0.0,0.0,17.0,623.0,0.2651977110266685,False,REGULAR,USD,2028-12-15,7406.47998046875,0.0362799978256225,call,1.0261284739905558,2.5232876712328767,1154.35
SPX281215C07650000,2026-06-01 18:51:43+00:00,7650.0,1254.5,1119.7,1131.0,0.0,0.0,1.0,3.0,0.2633297201395035,False,REGULAR,USD,2028-12-15,7406.47998046875,0.0362799978256225,call,1.032879319214178,2.5232876712328767,1125.35
SPX281215C07700000,2026-06-04 17:05:58+00:00,7700.0,1211.53,1091.4,1101.7,0.0,0.0,16.0,568.0,0.2611696694135665,False,REGULAR,USD,2028-12-15,7406.47998046875,0.0362799978256225,call,1.0396301644378,2.5232876712328767,1096.5500000000002
SPX281215C07750000,2026-06-05 13:55:40+00:00,7750.0,1141.28,1061.5,1073.4,0.0,0.0,2.0,199.0,0.2591684038734436,False,REGULAR,USD,2028-12-15,7406.47998046875,0.0362799978256225,call,1.046381009661422,2.5232876712328767,1067.45
SPX281215C07800000,2026-06-05 17:26:18+00:00,7800.0,1077.1,1033.4,1043.9,0.0,0.0,6.0,567.0,0.2568540978693961,False,REGULAR,USD,2028-12-15,7406.47998046875,0.0362799978256225,call,1.053131854885044,2.5232876712328767,1038.65
SPX281215C07850000,2026-06-05 19:36:48+00:00,7850.0,1011.28,1004.7,1014.9,0.0,0.0,1.0,1.0,0.2545893824338914,False,REGULAR,USD,2028-12-15,7406.47998046875,0.0362799978256225,call,1.059882700108666,2.5232876712328767,1009.8
SPX281215C07900000,2026-06-04 19:59:24+00:00,7900.0,1102.76,978.0,988.6,0.0,0.0,176.0,495.0,0.2528413148927688,False,REGULAR,USD,2028-12-15,7406.47998046875,0.0362799978256225,call,1.0666335453322884,2.5232876712328767,983.3
SPX281215C07950000,2026-06-05 15:29:36+00:00,7950.0,1017.44,950.9,961.3,0.0,0.0,2.0,0.0,0.2508200223922728,False,REGULAR,USD,2028-12-15,7406.47998046875,0.0362799978256225,call,1.0733843905559104,2.5232876712328767,956.1
SPX281215C08000000,2026-06-05 16:32:44+00:00,8000.0,966.47,923.8,934.3,0.0,0.0,62.0,4789.0,0.2488020677185058,False,REGULAR,USD,2028-12-15,7406.47998046875,0.0362799978256225,call,1.0801352357795324,2.5232876712328767,929.05
SPX281215C08050000,2026-05-15 14:07:07+00:00,8050.0,905.61,895.1,905.4,0.0,0.0,4.0,15.0,0.2463177709674835,False,REGULAR,USD,2028-12-15,7406.47998046875,0.0362799978256225,call,1.0868860810031544,2.5232876712328767,900.25
SPX281215C08100000,2026-06-05 17:09:21+00:00,8100.0,908.56,868.8,879.4,0.0,0.0,18.0,150.0,0.2443875534534454,False,REGULAR,USD,2028-12-15,7406.47998046875,0.0362799978256225,call,1.0936369262267769,2.5232876712328767,874.0999999999999
SPX281215C08200000,2026-06-04 15:03:18+00:00,8200.0,913.54,819.1,829.9,0.0,0.0,1.0,751.0,0.2408670999193191,False,REGULAR,USD,2028-12-15,7406.47998046875,0.0362799978256225,call,1.1071386166740207,2.5232876712328767,824.5
SPX281215C08300000,2026-06-04 16:24:46+00:00,8300.0,873.0,769.2,781.4,0.0,0.0,80.0,634.0,0.2372975326490402,False,REGULAR,USD,2028-12-15,7406.47998046875,0.0362799978256225,call,1.120640307121265,2.5232876712328767,775.3
SPX281215C08350000,2026-06-05 15:15:40+00:00,8350.0,807.45,743.6,754.8,0.0,0.0,1.0,4.0,0.234906218214035,False,REGULAR,USD,2028-12-15,7406.47998046875,0.0362799978256225,call,1.127391152344887,2.5232876712328767,749.2
SPX281215C08400000,2026-06-03 17:08:32+00:00,8400.0,815.1,717.7,728.9,0.0,0.0,6.0,1269.0,0.232593581123352,False,REGULAR,USD,2028-12-15,7406.47998046875,0.0362799978256225,call,1.134141997568509,2.5232876712328767,723.3
SPX281215C08450000,2026-06-05 15:53:21+00:00,8450.0,749.67,697.6,708.5,0.0,0.0,1.0,1.0,0.2313960165762901,False,REGULAR,USD,2028-12-15,7406.47998046875,0.0362799978256225,call,1.1408928427921312,2.5232876712328767,703.05
SPX281215C08500000,2026-06-05 15:53:21+00:00,8500.0,725.82,674.5,685.2,0.0,0.0,1.0,298.0,0.2295017999076843,False,REGULAR,USD,2028-12-15,7406.47998046875,0.0362799978256225,call,1.1476436880157532,2.5232876712328767,679.85
SPX281215C08550000,2026-05-11 17:10:41+00:00,8550.0,637.82,649.4,660.2,0.0,0.0,2.0,2.0,0.2271638907003402,False,REGULAR,USD,2028-12-15,7406.47998046875,0.0362799978256225,call,1.1543945332393752,2.5232876712328767,654.8
SPX281215C08600000,2026-06-08 15:51:06+00:00,8600.0,655.44,628.5,639.4,-80.33002,-10.917816,30.0,3235.0,0.2256661601638794,False,REGULAR,USD,2028-12-15,7406.47998046875,0.0362799978256225,call,1.1611453784629973,2.5232876712328767,633.95
SPX281215C08700000,2026-06-04 13:45:08+00:00,8700.0,655.27,587.3,598.1,0.0,0.0,2.0,33.0,0.2225176358938217,False,REGULAR,USD,2028-12-15,7406.47998046875,0.0362799978256225,call,1.1746470689102415,2.5232876712328767,592.7
SPX281215C08750000,2026-06-08 12:58:11+00:00,8750.0,591.0,565.1,575.1,-16.53003,-2.720858,25.0,26.0,0.2203075177669525,False,REGULAR,USD,2028-12-15,7406.47998046875,0.0362799978256225,call,1.1813979141338635,2.5232876712328767,570.1
SPX281215C08800000,2026-06-03 17:08:21+00:00,8800.0,629.7,546.2,556.6,0.0,0.0,5.0,644.0,0.219021023979187,False,REGULAR,USD,2028-12-15,7406.47998046875,0.0362799978256225,call,1.1881487593574858,2.5232876712328767,551.4000000000001
SPX281215C09000000,2026-06-04 19:41:51+00:00,9000.0,560.4,468.7,477.7,0.0,0.0,1.0,2030.0,0.211983931570053,False,REGULAR,USD,2028-12-15,7406.47998046875,0.0362799978256225,call,1.215152140251974,2.5232876712328767,473.2
SPX281215C09100000,2026-06-03 15:18:36+00:00,9100.0,517.29,434.5,444.0,0.0,0.0,25.0,38.0,0.2093007957124709,False,REGULAR,USD,2028-12-15,7406.47998046875,0.0362799978256225,call,1.228653830699218,2.5232876712328767,439.25
SPX281215C09200000,2026-06-05 19:23:42+00:00,9200.0,401.0,401.4,410.2,0.0,0.0,1.0,539.0,0.2062657575511931,False,REGULAR,USD,2028-12-15,7406.47998046875,0.0362799978256225,call,1.2421555211464623,2.5232876712328767,405.8
SPX281215C09300000,2026-06-02 16:17:36+00:00,9300.0,458.3,370.0,378.3,0.0,0.0,1.0,200.0,0.2033465896606445,False,REGULAR,USD,2028-12-15,7406.47998046875,0.0362799978256225,call,1.2556572115937064,2.5232876712328767,374.15
SPX281215C09400000,2026-06-03 17:09:26+00:00,9400.0,406.5,340.4,348.1,0.0,0.0,3.0,581.0,0.2004984697961807,False,REGULAR,USD,2028-12-15,7406.47998046875,0.0362799978256225,call,1.2691589020409506,2.5232876712328767,344.25
SPX281215C09500000,2026-06-03 17:08:23+00:00,9500.0,375.4,312.7,320.4,0.0,0.0,2.0,480.0,0.1979335883712768,False,REGULAR,USD,2028-12-15,7406.47998046875,0.0362799978256225,call,1.2826605924881949,2.5232876712328767,316.54999999999995
SPX281215C09550000,2026-05-14 15:58:26+00:00,9550.0,345.0,299.5,307.2,0.0,0.0,100.0,185.0,0.1966895326662063,False,REGULAR,USD,2028-12-15,7406.47998046875,0.0362799978256225,call,1.2894114377118169,2.5232876712328767,303.35
SPX281215C09600000,2026-06-05 16:08:33+00:00,9600.0,316.3,286.8,296.3,0.0,0.0,1.0,514.0,0.1959728535842895,False,REGULAR,USD,2028-12-15,7406.47998046875,0.0362799978256225,call,1.296162282935439,2.5232876712328767,291.55
SPX281215C09800000,2026-06-04 15:35:01+00:00,9800.0,295.52,240.4,248.2,0.0,0.0,100.0,1294.0,0.1910571884775161,False,REGULAR,USD,2028-12-15,7406.47998046875,0.0362799978256225,call,1.3231656638299272,2.5232876712328767,244.3
SPX281215C10000000,2026-06-08 18:12:57+00:00,10000.0,206.77,181.6,223.1,-14.330002,-6.481231,75.0,2461.0,0.1915902870893478,False,REGULAR,USD,2028-12-15,7406.47998046875,0.0362799978256225,call,1.3501690447244157,2.5232876712328767,202.35
SPX281215C10200000,2026-06-08 13:48:27+00:00,10200.0,177.0,166.2,174.0,5.2400055,3.0507717,24.0,71.0,0.1834741229820251,False,REGULAR,USD,2028-12-15,7406.47998046875,0.0362799978256225,call,1.3771724256189035,2.5232876712328767,170.1
SPX281215C10400000,2026-06-03 17:08:39+00:00,10400.0,176.0,137.6,144.9,0.0,0.0,4.0,314.0,0.1802650409984589,False,REGULAR,USD,2028-12-15,7406.47998046875,0.0362799978256225,call,1.4041758065133922,2.5232876712328767,141.25
SPX281215C10600000,2026-06-04 14:19:06+00:00,10600.0,142.5,114.4,122.4,0.0,0.0,25.0,172.0,0.1782375496768951,False,REGULAR,USD,2028-12-15,7406.47998046875,0.0362799978256225,call,1.4311791874078803,2.5232876712328767,118.4
SPX281215C10800000,2026-06-04 15:35:01+00:00,10800.0,124.0,95.8,101.8,0.0,0.0,100.0,403.0,0.1757999825000763,False,REGULAR,USD,2028-12-15,7406.47998046875,0.0362799978256225,call,1.4581825683023688,2.5232876712328767,98.8
SPX281215C11000000,2026-06-05 20:01:51+00:00,11000.0,82.3,80.1,85.8,0.0,0.0,3.0,3784.0,0.1742626748752594,False,REGULAR,USD,2028-12-15,7406.47998046875,0.0362799978256225,call,1.485185949196857,2.5232876712328767,82.94999999999999
SPX281215C11200000,2026-06-05 19:15:14+00:00,11200.0,70.26,67.3,73.0,0.0,0.0,1.0,385.0,0.1733042417716979,False,REGULAR,USD,2028-12-15,7406.47998046875,0.0362799978256225,call,1.5121893300913454,2.5232876712328767,70.15
SPX281215C11400000,2026-06-03 17:27:26+00:00,11400.0,73.7,56.9,62.0,0.0,0.0,6.0,1009.0,0.1724116115379333,False,REGULAR,USD,2028-12-15,7406.47998046875,0.0362799978256225,call,1.5391927109858337,2.5232876712328767,59.45
SPX281215C12000000,2026-06-08 18:28:07+00:00,12000.0,38.4,35.8,40.3,2.4000015,6.666671,33.0,1982.0,0.1722494885253906,False,REGULAR,USD,2028-12-15,7406.47998046875,0.0362799978256225,call,1.6202028536692987,2.5232876712328767,38.05
SPX281215C13000000,2026-06-08 17:24:38+00:00,13000.0,20.86,19.3,22.4,1.3199997,6.7553716,3.0,171.0,0.1758543413925171,False,REGULAR,USD,2028-12-15,7406.47998046875,0.0362799978256225,call,1.75521975814174,2.5232876712328767,20.85
SPX281215C14000000,2026-06-08 18:00:47+00:00,14000.0,13.16,12.8,14.4,0.5199995,4.11392,97.0,939.0,0.1822133781433105,False,REGULAR,USD,2028-12-15,7406.47998046875,0.0362799978256225,call,1.8902366626141816,2.5232876712328767,13.6
SPX291221C07400000,2026-06-05 19:53:20+00:00,7400.0,1583.58,1559.9,1615.6,0.0,0.0,404.0,204.0,0.2934583746910094,True,REGULAR,USD,2029-12-21,7406.47998046875,0.0362799978256225,call,0.9991250930960676,3.5397260273972604,1587.75
SPX291221C07500000,2026-06-05 19:44:49+00:00,7500.0,1521.94,1502.4,1553.7,0.0,0.0,114.0,626.0,0.2891587770318984,False,REGULAR,USD,2029-12-21,7406.47998046875,0.0362799978256225,call,1.0126267835433116,3.5397260273972604,1528.0500000000002
SPX291221C07600000,2026-06-08 16:32:09+00:00,7600.0,1491.89,1445.0,1497.4,17.800049,1.207528,10.0,376.0,0.2857756512260436,False,REGULAR,USD,2029-12-21,7406.47998046875,0.0362799978256225,call,1.0261284739905558,3.5397260273972604,1471.2
SPX291221C07700000,2026-06-05 19:34:13+00:00,7700.0,1409.72,1388.0,1439.7,0.0,0.0,284.0,506.0,0.2820050991034507,False,REGULAR,USD,2029-12-21,7406.47998046875,0.0362799978256225,call,1.0396301644378,3.5397260273972604,1413.85
SPX291221C07800000,2026-06-05 19:53:20+00:00,7800.0,1359.08,1332.3,1385.1,0.0,0.0,404.0,463.0,0.2786703717851638,False,REGULAR,USD,2029-12-21,7406.47998046875,0.0362799978256225,call,1.053131854885044,3.5397260273972604,1358.6999999999998
SPX291221C07900000,2026-06-05 19:44:49+00:00,7900.0,1300.79,1277.5,1330.7,0.0,0.0,112.0,58.0,0.2752352712488174,False,REGULAR,USD,2029-12-21,7406.47998046875,0.0362799978256225,call,1.0666335453322884,3.5397260273972604,1304.1
SPX291221C08000000,2026-06-05 18:18:17+00:00,8000.0,1277.11,1223.7,1278.6,0.0,0.0,18.0,340.0,0.2720769719147682,False,REGULAR,USD,2029-12-21,7406.47998046875,0.0362799978256225,call,1.0801352357795324,3.5397260273972604,1251.15
SPX291221C08100000,2026-06-04 19:25:54+00:00,8100.0,1320.71,1171.0,1227.0,0.0,0.0,4.0,7.0,0.2688652673530578,False,REGULAR,USD,2029-12-21,7406.47998046875,0.0362799978256225,call,1.0936369262267769,3.5397260273972604,1199.0
SPX291221C08200000,2026-05-06 19:31:53+00:00,8200.0,1063.43,1116.6,1173.2,0.0,0.0,1.0,162.0,0.2651111659479141,False,REGULAR,USD,2029-12-21,7406.47998046875,0.0362799978256225,call,1.1071386166740207,3.5397260273972604,1144.9
SPX291221C08300000,2026-05-18 13:55:57+00:00,8300.0,1094.96,1068.0,1125.1,0.0,0.0,4.0,279.0,0.2622332440590859,False,REGULAR,USD,2029-12-21,7406.47998046875,0.0362799978256225,call,1.120640307121265,3.5397260273972604,1096.55
SPX291221C08400000,2026-06-01 19:45:36+00:00,8400.0,1160.2,1018.2,1074.3,0.0,0.0,1.0,2527.0,0.2587163667678833,False,REGULAR,USD,2029-12-21,7406.47998046875,0.0362799978256225,call,1.134141997568509,3.5397260273972604,1046.25
SPX291221C08600000,2026-06-03 17:43:47+00:00,8600.0,1049.67,922.3,980.2,0.0,0.0,2.0,669.0,0.2525568843722343,False,REGULAR,USD,2029-12-21,7406.47998046875,0.0362799978256225,call,1.1611453784629973,3.5397260273972604,951.25
SPX291221C08800000,2026-04-10 19:51:40+00:00,8800.0,490.0,809.7,882.9,0.0,0.0,6.0,116.0,0.2451552536010742,False,REGULAR,USD,2029-12-21,7406.47998046875,0.0362799978256225,call,1.1881487593574858,3.5397260273972604,846.3
SPX291221C09000000,2026-06-05 15:37:47+00:00,9000.0,824.63,744.2,801.6,0.0,0.0,1.0,1288.0,0.2399670787835121,False,REGULAR,USD,2029-12-21,7406.47998046875,0.0362799978256225,call,1.215152140251974,3.5397260273972604,772.9000000000001
SPX291221C09200000,2026-06-03 17:59:00+00:00,9200.0,781.7,661.0,723.0,0.0,0.0,1.0,201.0,0.2345710050439834,False,REGULAR,USD,2029-12-21,7406.47998046875,0.0362799978256225,call,1.2421555211464623,3.5397260273972604,692.0
SPX291221C09400000,2026-04-28 13:41:51+00:00,9400.0,450.0,589.8,652.7,0.0,0.0,7.0,176.0,0.2300034275817871,False,REGULAR,USD,2029-12-21,7406.47998046875,0.0362799978256225,call,1.2691589020409506,3.5397260273972604,621.25
SPX291221C09500000,2026-05-26 17:12:18+00:00,9500.0,616.56,556.3,613.5,0.0,0.0,1.0,123.0,0.2266644087719917,False,REGULAR,USD,2029-12-21,7406.47998046875,0.0362799978256225,call,1.2826605924881949,3.5397260273972604,584.9
SPX291221C09800000,2026-05-26 15:29:27+00:00,9800.0,519.02,458.3,517.6,0.0,0.0,1.0,17.0,0.2196587873005867,False,REGULAR,USD,2029-12-21,7406.47998046875,0.0362799978256225,call,1.3231656638299272,3.5397260273972604,487.9500000000001
SPX291221C10000000,2026-06-08 14:36:31+00:00,10000.0,442.0,413.5,444.1,-20.0,-4.3290043,190.0,6251.0,0.21196438144207,False,REGULAR,USD,2029-12-21,7406.47998046875,0.0362799978256225,call,1.3501690447244157,3.5397260273972604,428.8
SPX291221C10200000,2026-05-06 17:32:44+00:00,10200.0,314.3,350.6,402.9,0.0,0.0,1.0,111.0,0.2101743526506423,False,REGULAR,USD,2029-12-21,7406.47998046875,0.0362799978256225,call,1.3771724256189035,3.5397260273972604,376.75
SPX291221C10400000,2026-05-08 19:53:09+00:00,10400.0,298.21,300.9,354.5,0.0,0.0,3.0,214.0,0.2060993430471419,False,REGULAR,USD,2029-12-21,7406.47998046875,0.0362799978256225,call,1.4041758065133922,3.5397260273972604,327.7
SPX291221C10600000,2026-05-08 19:53:09+00:00,10600.0,258.76,259.6,312.7,0.0,0.0,3.0,62.0,0.2027133562469482,False,REGULAR,USD,2029-12-21,7406.47998046875,0.0362799978256225,call,1.4311791874078803,3.5397260273972604,286.15
SPX291221C10800000,2026-04-22 15:02:15+00:00,10800.0,151.0,223.1,274.7,0.0,0.0,99.0,9.0,0.1994427628850936,False,REGULAR,USD,2029-12-21,7406.47998046875,0.0362799978256225,call,1.4581825683023688,3.5397260273972604,248.9
SPX291221C11000000,2026-06-08 13:34:57+00:00,11000.0,221.0,206.5,228.3,-37.339996,-14.453819,1.0,1919.0,0.1930603613471984,False,REGULAR,USD,2029-12-21,7406.47998046875,0.0362799978256225,call,1.485185949196857,3.5397260273972604,217.4
SPX291221C11200000,2026-05-29 17:55:03+00:00,11200.0,230.38,165.5,212.4,0.0,0.0,1.0,5.0,0.1940989022922516,False,REGULAR,USD,2029-12-21,7406.47998046875,0.0362799978256225,call,1.5121893300913454,3.5397260273972604,188.95
SPX291221C11400000,2026-05-19 14:48:51+00:00,11400.0,149.88,141.2,187.0,0.0,0.0,1.0,247.0,0.1919245465946197,False,REGULAR,USD,2029-12-21,7406.47998046875,0.0362799978256225,call,1.5391927109858337,3.5397260273972604,164.1
SPX291221C12000000,2026-06-08 14:01:54+00:00,12000.0,112.0,100.0,125.5,-10.43,-8.519154,390.0,2724.0,0.1858563776016235,False,REGULAR,USD,2029-12-21,7406.47998046875,0.0362799978256225,call,1.6202028536692987,3.5397260273972604,112.75
SPX301220C07400000,2026-06-03 16:17:23+00:00,7400.0,1984.29,1814.6,1919.7,0.0,0.0,1.0,10.0,0.3097917913722992,True,REGULAR,USD,2030-12-20,7406.47998046875,0.0362799978256225,call,0.9991250930960676,4.536986301369863,1867.15
SPX301220C07500000,2026-06-08 15:08:11+00:00,7500.0,1852.71,1761.6,1865.8,-11.600098,-0.6222193,1.0,132.0,0.3069336580276489,False,REGULAR,USD,2030-12-20,7406.47998046875,0.0362799978256225,call,1.0126267835433116,4.536986301369863,1813.7
SPX301220C07600000,2026-06-08 15:08:11+00:00,7600.0,1796.54,1706.9,1813.2,-31.640015,-1.7306837,1.0,30.0,0.3042026005148888,False,REGULAR,USD,2030-12-20,7406.47998046875,0.0362799978256225,call,1.0261284739905558,4.536986301369863,1760.0500000000002
SPX301220C07700000,2026-05-06 19:48:58+00:00,7700.0,1608.69,1639.0,1755.4,0.0,0.0,3.0,24.0,0.3005264612054825,False,REGULAR,USD,2030-12-20,7406.47998046875,0.0362799978256225,call,1.0396301644378,4.536986301369863,1697.2
SPX301220C07800000,2026-05-29 16:12:32+00:00,7800.0,1749.9,1586.4,1704.7,0.0,0.0,4.0,39.0,0.2979296320104598,False,REGULAR,USD,2030-12-20,7406.47998046875,0.0362799978256225,call,1.053131854885044,4.536986301369863,1645.5500000000002
SPX301220C07900000,2026-05-21 16:15:33+00:00,7900.0,1577.98,1543.3,1652.1,0.0,0.0,1.0,2.0,0.2949303562784194,False,REGULAR,USD,2030-12-20,7406.47998046875,0.0362799978256225,call,1.0666335453322884,4.536986301369863,1597.6999999999998
SPX301220C08000000,2026-06-03 19:29:58+00:00,8000.0,1652.1,1489.8,1601.5,0.0,0.0,1025.0,4259.0,0.292163297920227,False,REGULAR,USD,2030-12-20,7406.47998046875,0.0362799978256225,call,1.0801352357795324,4.536986301369863,1545.65
SPX301220C08200000,2026-06-05 15:13:25+00:00,8200.0,1511.54,1373.4,1499.0,0.0,0.0,1.0,459.0,0.2861375670099258,False,REGULAR,USD,2030-12-20,7406.47998046875,0.0362799978256225,call,1.1071386166740207,4.536986301369863,1436.2
SPX301220C08300000,2026-06-05 15:13:25+00:00,8300.0,1460.54,1332.9,1448.6,0.0,0.0,1.0,101.0,0.2831185027337074,False,REGULAR,USD,2030-12-20,7406.47998046875,0.0362799978256225,call,1.120640307121265,4.536986301369863,1390.75
SPX301220C08400000,2026-05-01 15:30:09+00:00,8400.0,1172.8,1276.1,1398.9,0.0,0.0,2.0,104.0,0.2801137434291838,False,REGULAR,USD,2030-12-20,7406.47998046875,0.0362799978256225,call,1.134141997568509,4.536986301369863,1337.5
SPX301220C08600000,2026-05-29 17:35:03+00:00,8600.0,1350.0,1183.0,1301.4,0.0,0.0,3.0,183.0,0.274107085814476,False,REGULAR,USD,2030-12-20,7406.47998046875,0.0362799978256225,call,1.1611453784629973,4.536986301369863,1242.2
SPX301220C08700000,2026-06-03 13:59:33+00:00,8700.0,1298.56,1135.0,1254.3,0.0,0.0,18.0,19.0,0.2712117595434188,False,REGULAR,USD,2030-12-20,7406.47998046875,0.0362799978256225,call,1.1746470689102415,4.536986301369863,1194.65
SPX301220C08800000,2026-05-29 17:38:50+00:00,8800.0,1243.0,1085.4,1217.7,0.0,0.0,1.0,63.0,0.2698782977652549,False,REGULAR,USD,2030-12-20,7406.47998046875,0.0362799978256225,call,1.1881487593574858,4.536986301369863,1151.5500000000002
SPX301220C09000000,2026-05-13 19:43:23+00:00,9000.0,1060.31,993.5,1116.4,0.0,0.0,1.0,864.0,0.2624218312692643,False,REGULAR,USD,2030-12-20,7406.47998046875,0.0362799978256225,call,1.215152140251974,4.536986301369863,1054.95
SPX301220C09400000,2025-12-17 16:44:20+00:00,9400.0,506.8,613.3,657.2,0.0,0.0,1.0,0.0,0.2038959005737304,False,REGULAR,USD,2030-12-20,7406.47998046875,0.0362799978256225,call,1.2691589020409506,4.536986301369863,635.25
SPX301220C09600000,2025-10-10 15:28:15+00:00,9600.0,465.0,385.3,448.8,0.0,0.0,1.0,17.0,0.1749309554696083,False,REGULAR,USD,2030-12-20,7406.47998046875,0.0362799978256225,call,1.296162282935439,4.536986301369863,417.05
SPX301220C10000000,2026-06-04 19:23:02+00:00,10000.0,759.12,609.0,740.6,0.0,0.0,1.0,1399.0,0.2390789784574508,False,REGULAR,USD,2030-12-20,7406.47998046875,0.0362799978256225,call,1.3501690447244157,4.536986301369863,674.8
SPX301220C10200000,2026-05-18 14:14:39+00:00,10200.0,606.43,547.9,666.0,0.0,0.0,1.0,21.0,0.2329636030578613,False,REGULAR,USD,2030-12-20,7406.47998046875,0.0362799978256225,call,1.3771724256189035,4.536986301369863,606.95
SPX301220C10400000,2026-06-08 18:53:48+00:00,10400.0,559.37,490.3,606.4,10.779968,1.9650317,4.0,191.0,0.2288633213376999,False,REGULAR,USD,2030-12-20,7406.47998046875,0.0362799978256225,call,1.4041758065133922,4.536986301369863,548.35
SPX301220C10600000,2026-05-18 14:14:39+00:00,10600.0,495.75,435.8,550.2,0.0,0.0,1.0,75.0,0.2248302729845046,False,REGULAR,USD,2030-12-20,7406.47998046875,0.0362799978256225,call,1.4311791874078803,4.536986301369863,493.0
SPX301220C10800000,2026-06-08 14:22:33+00:00,10800.0,451.82,388.7,500.2,6.8200073,1.5325859,1.0,104.0,0.2213882583785056,False,REGULAR,USD,2030-12-20,7406.47998046875,0.0362799978256225,call,1.4581825683023688,4.536986301369863,444.45
SPX301220C11000000,2026-06-08 14:46:58+00:00,11000.0,411.05,344.1,452.4,1.7799988,0.43492043,2.0,816.0,0.2178275125074386,False,REGULAR,USD,2030-12-20,7406.47998046875,0.0362799978256225,call,1.485185949196857,4.536986301369863,398.25
SPX301220C12000000,2026-06-08 14:22:33+00:00,12000.0,230.0,213.0,236.4,-1.4199982,-0.61360216,201.0,7279.0,0.1953667996168136,False,REGULAR,USD,2030-12-20,7406.47998046875,0.0362799978256225,call,1.6202028536692987,4.536986301369863,224.7
SPX311219C07600000,2026-06-08 15:17:38+00:00,7600.0,2080.09,1968.3,2108.6,-84.23999,-3.892197,75.0,221.0,0.3200241376256942,False,REGULAR,USD,2031-12-19,7406.47998046875,0.0362799978256225,call,1.0261284739905558,5.534246575342466,2038.45
SPX311219C08000000,2026-06-02 18:41:23+00:00,8000.0,1960.62,1763.1,1906.4,0.0,0.0,1.0,97.0,0.3094608696937561,False,REGULAR,USD,2031-12-19,7406.47998046875,0.0362799978256225,call,1.0801352357795324,5.534246575342466,1834.75
SPX311219C08400000,2026-06-08 16:11:59+00:00,8400.0,1649.72,1559.6,1695.0,-33.52002,-1.9913987,6.0,11.0,0.2965341820216178,False,REGULAR,USD,2031-12-19,7406.47998046875,0.0362799978256225,call,1.134141997568509,5.534246575342466,1627.3
SPX311219C08800000,2026-06-03 17:57:14+00:00,8800.0,1540.08,1368.2,1519.4,0.0,0.0,2.0,14.0,0.2877509294009208,False,REGULAR,USD,2031-12-19,7406.47998046875,0.0362799978256225,call,1.1881487593574858,5.534246575342466,1443.8000000000002
SPX311219C09200000,2026-06-08 15:17:38+00:00,9200.0,1285.89,1185.5,1331.4,-14.109985,-1.0853835,75.0,181.0,0.2760051171422004,False,REGULAR,USD,2031-12-19,7406.47998046875,0.0362799978256225,call,1.2421555211464623,5.534246575342466,1258.45
SPX311219C09600000,2026-06-08 17:30:43+00:00,9600.0,1104.4,1016.1,1164.1,-100.599976,-8.348546,1.0,237.0,0.265991875371933,False,REGULAR,USD,2031-12-19,7406.47998046875,0.0362799978256225,call,1.296162282935439,5.534246575342466,1090.1
SPX311219C10000000,2026-06-03 18:48:14+00:00,10000.0,1024.37,900.0,1008.8,0.0,0.0,4.0,563.0,0.2563779807281494,False,REGULAR,USD,2031-12-19,7406.47998046875,0.0362799978256225,call,1.3501690447244157,5.534246575342466,954.4
SPX311219C10400000,2026-05-07 17:26:43+00:00,10400.0,706.45,725.4,873.6,0.0,0.0,6.0,10.0,0.2483133145189285,False,REGULAR,USD,2031-12-19,7406.47998046875,0.0362799978256225,call,1.4041758065133922,5.534246575342466,799.5
SPX311219C10800000,2026-06-05 17:01:52+00:00,10800.0,704.98,604.1,749.9,0.0,0.0,1.0,7.0,0.2405347477436065,False,REGULAR,USD,2031-12-19,7406.47998046875,0.0362799978256225,call,1.4581825683023688,5.534246575342466,677.0
SPX311219C11200000,2026-06-02 15:46:23+00:00,11200.0,645.84,499.7,648.9,0.0,0.0,1.0,9.0,0.2348394616794586,False,REGULAR,USD,2031-12-19,7406.47998046875,0.0362799978256225,call,1.5121893300913454,5.534246575342466,574.3
SPX311219C11600000,2026-06-03 13:32:07+00:00,11600.0,551.0,410.6,546.5,0.0,0.0,1.0,38.0,0.227444744977951,False,REGULAR,USD,2031-12-19,7406.47998046875,0.0362799978256225,call,1.566196091880322,5.534246575342466,478.55
SPX311219C12000000,2026-05-29 16:17:33+00:00,12000.0,441.59,350.0,463.0,0.0,0.0,5.0,875.0,0.2217058287501334,False,REGULAR,USD,2031-12-19,7406.47998046875,0.0362799978256225,call,1.6202028536692987,5.534246575342466,406.5
SPX311219C20000000,2026-06-08 19:07:36+00:00,20000.0,28.0,27.0,28.0,-2.8099995,-9.168024,138.0,2032.0,0.1934475492477417,False,REGULAR,USD,2031-12-19,7406.47998046875,0.0362799978256225,call,2.700338089448831,5.534246575342466,27.5
