contractSymbol,lastTradeDate,strike,lastPrice,bid,ask,change,percentChange,volume,openInterest,impliedVolatility,inTheMoney,contractSize,currency,expiry,spot,rfr,optionType,moneyness,ttm_years,mid
SPXW260608C07380000,2026-06-08 15:22:23+00:00,7380.0,77.29,68.9,72.0,46.79,153.40984,1038.0,333.0,0.0832611206054687,True,REGULAR,USD,2026-06-08,7451.7001953125,0.03625,call,0.9903780085841882,0.0,70.45
SPXW260608C07385000,2026-06-08 15:29:19+00:00,7385.0,66.14,59.6,62.5,38.37,138.17068,2016.0,344.0,1.0000000000000004e-05,True,REGULAR,USD,2026-06-08,7451.7001953125,0.03625,call,0.991048996394882,0.0,61.05
SPXW260608C07395000,2026-06-08 15:29:16+00:00,7395.0,58.8,53.7,54.4,35.379997,151.06744,1496.0,209.0,1.0000000000000004e-05,True,REGULAR,USD,2026-06-08,7451.7001953125,0.03625,call,0.99239097201627,0.0,54.05
SPXW260608C07400000,2026-06-08 15:29:33+00:00,7400.0,49.86,49.6,49.7,28.32,131.47632,5782.0,2081.0,1.0000000000000004e-05,True,REGULAR,USD,2026-06-08,7451.7001953125,0.03625,call,0.9930619598269638,0.0,49.650000000000006
SPXW260608C07405000,2026-06-08 15:29:18+00:00,7405.0,48.95,45.9,46.2,29.45,151.02563,1828.0,281.0,1.0000000000000004e-05,True,REGULAR,USD,2026-06-08,7451.7001953125,0.03625,call,0.9937329476376576,0.0,46.05
SPXW260608C07415000,2026-06-08 15:29:54+00:00,7415.0,36.2,36.0,36.3,20.25,126.95924,2797.0,387.0,1.0000000000000004e-05,True,REGULAR,USD,2026-06-08,7451.7001953125,0.03625,call,0.9950749232590456,0.0,36.15
SPXW260608C07420000,2026-06-08 15:29:58+00:00,7420.0,32.65,31.7,31.9,18.300001,127.52614,4840.0,759.0,0.0354100366210937,True,REGULAR,USD,2026-06-08,7451.7001953125,0.03625,call,0.9957459110697392,0.0,31.8
SPXW260608C07430000,2026-06-08 15:29:59+00:00,7430.0,25.3,25.2,25.4,13.699999,118.10343,11124.0,1011.0,0.0724580059814453,True,REGULAR,USD,2026-06-08,7451.7001953125,0.03625,call,0.9970878866911272,0.0,25.3
SPXW260608C07435000,2026-06-08 15:29:53+00:00,7435.0,22.25,21.9,22.0,11.75,111.90476,11828.0,306.0,0.0752350778198242,True,REGULAR,USD,2026-06-08,7451.7001953125,0.03625,call,0.997758874501821,0.0,21.95
SPXW260608C07440000,2026-06-08 15:30:02+00:00,7440.0,19.2,19.2,19.3,9.900001,106.451614,17976.0,819.0,0.0803314624023437,True,REGULAR,USD,2026-06-08,7451.7001953125,0.03625,call,0.998429862312515,0.0,19.25
SPXW260608C07445000,2026-06-08 15:30:08+00:00,7445.0,15.1,15.0,15.3,6.84,82.808716,17495.0,750.0,0.0742737837219238,True,REGULAR,USD,2026-06-08,7451.7001953125,0.03625,call,0.9991008501232088,0.0,15.15
SPXW260608C07450000,2026-06-08 15:30:07+00:00,7450.0,12.73,12.7,12.8,5.4299994,73.18057,37756.0,2581.0,0.0761658546447754,True,REGULAR,USD,2026-06-08,7451.7001953125,0.03625,call,0.9997718379339028,0.0,12.75
SPXW260608C07455000,2026-06-08 15:30:02+00:00,7455.0,11.07,10.9,11.1,4.5699997,70.307686,18173.0,519.0,0.0810333596801757,False,REGULAR,USD,2026-06-08,7451.7001953125,0.03625,call,1.0004428257445963,0.0,11.0
SPXW260608C07460000,2026-06-08 15:30:09+00:00,7460.0,8.5,8.5,8.6,2.6999998,45.762703,32607.0,2664.0,0.0786530123901367,False,REGULAR,USD,2026-06-08,7451.7001953125,0.03625,call,1.0011138135552906,0.0,8.55
SPXW260608C07465000,2026-06-08 15:30:06+00:00,7465.0,6.95,6.9,7.0,1.8899999,35.593216,22712.0,530.0,0.0801788760375976,False,REGULAR,USD,2026-06-08,7451.7001953125,0.03625,call,1.0017848013659845,0.0,6.95
SPXW260608C07470000,2026-06-08 15:30:02+00:00,7470.0,5.74,5.6,5.8,1.3299999,30.158731,30110.0,854.0,0.0827575856018066,False,REGULAR,USD,2026-06-08,7451.7001953125,0.03625,call,1.0024557891766783,0.0,5.699999999999999
SPXW260608C07475000,2026-06-08 15:30:08+00:00,7475.0,4.24,4.2,4.4,0.13999987,3.414631,26370.0,1205.0,0.0819641365051269,False,REGULAR,USD,2026-06-08,7451.7001953125,0.03625,call,1.0031267769873722,0.0,4.300000000000001
SPXW260608C07480000,2026-06-08 15:30:09+00:00,7480.0,3.34,3.3,3.4,-0.06000018,-1.7341092,35520.0,2363.0,0.0824981887817382,False,REGULAR,USD,2026-06-08,7451.7001953125,0.03625,call,1.003797764798066,0.0,3.35
SPXW260608C07485000,2026-06-08 15:30:08+00:00,7485.0,2.5,2.5,2.55,-0.70000005,-21.67183,21624.0,1419.0,0.0825287060546875,False,REGULAR,USD,2026-06-08,7451.7001953125,0.03625,call,1.00446875260876,0.0,2.525
SPXW260608C07490000,2026-06-08 15:30:08+00:00,7490.0,1.9,1.9,2.0,-0.84000003,-30.656935,29302.0,1541.0,0.0840850869750976,False,REGULAR,USD,2026-06-08,7451.7001953125,0.03625,call,1.005139740419454,0.0,1.95
SPXW260608C07495000,2026-06-08 15:30:04+00:00,7495.0,1.53,1.5,1.55,-0.86000013,-35.98327,26084.0,793.0,0.0854278469848633,False,REGULAR,USD,2026-06-08,7451.7001953125,0.03625,call,1.0058107282301478,0.0,1.525
SPXW260608C07500000,2026-06-08 15:30:05+00:00,7500.0,1.15,1.1,1.15,-0.85,-42.5,56623.0,4150.0,0.085946640625,False,REGULAR,USD,2026-06-08,7451.7001953125,0.03625,call,1.0064817160408417,0.0,1.125
SPXW260608C07505000,2026-06-08 15:30:07+00:00,7505.0,0.85,0.85,0.9,-0.85,-50.0,17743.0,837.0,0.0876861251831054,False,REGULAR,USD,2026-06-08,7451.7001953125,0.03625,call,1.0071527038515355,0.0,0.875
SPXW260608C07510000,2026-06-08 15:30:01+00:00,7510.0,0.7,0.65,0.7,-0.84999996,-55.555557,20473.0,1231.0,0.089303540649414,False,REGULAR,USD,2026-06-08,7451.7001953125,0.03625,call,1.0078236916622294,0.0,0.675
SPXW260608C07515000,2026-06-08 15:29:54+00:00,7515.0,0.5,0.5,0.55,-0.94000006,-64.38357,17155.0,1010.0,0.0911345770263672,False,REGULAR,USD,2026-06-08,7451.7001953125,0.03625,call,1.0084946794729233,0.0,0.525
SPXW260608C07520000,2026-06-08 15:29:58+00:00,7520.0,0.42,0.4,0.45,-0.7800001,-66.1017,11367.0,1346.0,0.0935149243164062,False,REGULAR,USD,2026-06-08,7451.7001953125,0.03625,call,1.0091656672836171,0.0,0.425
SPXW260608C07525000,2026-06-08 15:29:42+00:00,7525.0,0.3,0.3,0.35,-0.74999994,-70.09345,11725.0,3506.0,0.0951018225097656,False,REGULAR,USD,2026-06-08,7451.7001953125,0.03625,call,1.0098366550943112,0.0,0.3249999999999999
SPXW260608C07530000,2026-06-08 15:29:37+00:00,7530.0,0.25,0.25,0.3,-0.65,-71.42857,8658.0,1278.0,0.0981535498046875,False,REGULAR,USD,2026-06-08,7451.7001953125,0.03625,call,1.010507642905005,0.0,0.275
SPXW260608C07535000,2026-06-08 15:29:58+00:00,7535.0,0.25,0.2,0.25,-0.55,-68.75,6821.0,894.0,0.100594931640625,False,REGULAR,USD,2026-06-08,7451.7001953125,0.03625,call,1.011178630715699,0.0,0.225
SPXW260608C07540000,2026-06-08 15:30:01+00:00,7540.0,0.22,0.2,0.25,-0.47,-70.149254,6151.0,5573.0,0.1057218334960937,False,REGULAR,USD,2026-06-08,7451.7001953125,0.03625,call,1.0118496185263928,0.0,0.225
SPXW260608C07545000,2026-06-08 15:30:05+00:00,7545.0,0.2,0.15,0.2,-0.44,-74.57626,3079.0,617.0,0.10743080078125,False,REGULAR,USD,2026-06-08,7451.7001953125,0.03625,call,1.0125206063370866,0.0,0.175
SPXW260608C07550000,2026-06-08 15:29:19+00:00,7550.0,0.17,0.15,0.2,-0.32999998,-68.75,5485.0,3334.0,0.1123135644531249,False,REGULAR,USD,2026-06-08,7451.7001953125,0.03625,call,1.0131915941477807,0.0,0.175
SPXW260609C07380000,2026-06-08 15:11:26+00:00,7380.0,92.0,75.8,77.1,50.5,121.686745,51.0,82.0,0.1251918536376953,True,REGULAR,USD,2026-06-09,7451.7001953125,0.03625,call,0.9903780085841882,0.0027397260273972,76.44999999999999
SPXW260609C07385000,2026-06-08 14:47:13+00:00,7385.0,80.05,72.8,74.2,38.620003,93.21748,10.0,37.0,0.1344843632507324,True,REGULAR,USD,2026-06-09,7451.7001953125,0.03625,call,0.991048996394882,0.0027397260273972,73.5
SPXW260609C07390000,2026-06-08 14:47:13+00:00,7390.0,75.85,66.9,67.4,39.25,107.24044,60.0,146.0,0.1155178781127929,True,REGULAR,USD,2026-06-09,7451.7001953125,0.03625,call,0.991719984205576,0.0027397260273972,67.15
SPXW260609C07395000,2026-06-08 14:47:13+00:00,7395.0,71.7,66.5,67.5,36.85,105.73888,134.0,62.0,0.1421594573974609,True,REGULAR,USD,2026-06-09,7451.7001953125,0.03625,call,0.99239097201627,0.0027397260273972,67.0
SPXW260609C07400000,2026-06-08 15:29:19+00:00,7400.0,64.0,61.5,61.9,31.349998,96.018364,771.0,706.0,0.1316081102752685,True,REGULAR,USD,2026-06-09,7451.7001953125,0.03625,call,0.9930619598269638,0.0027397260273972,61.7
SPXW260609C07405000,2026-06-08 15:13:40+00:00,7405.0,69.53,57.2,57.5,39.03,127.96722,153.0,72.0,0.1279536668395995,True,REGULAR,USD,2026-06-09,7451.7001953125,0.03625,call,0.9937329476376576,0.0027397260273972,57.35
SPXW260609C07410000,2026-06-08 15:15:46+00:00,7410.0,65.48,56.9,57.3,36.740005,127.83579,276.0,123.0,0.1464166169738769,True,REGULAR,USD,2026-06-09,7451.7001953125,0.03625,call,0.9944039354483516,0.0027397260273972,57.1
SPXW260609C07415000,2026-06-08 15:29:21+00:00,7415.0,52.3,49.8,50.1,24.92,91.01534,294.0,164.0,0.1270228900146484,True,REGULAR,USD,2026-06-09,7451.7001953125,0.03625,call,0.9950749232590456,0.0027397260273972,49.95
SPXW260609C07420000,2026-06-08 15:28:54+00:00,7420.0,50.0,48.0,48.2,24.47,95.84802,757.0,147.0,0.1347285014343262,True,REGULAR,USD,2026-06-09,7451.7001953125,0.03625,call,0.9957459110697392,0.0027397260273972,48.1
SPXW260609C07425000,2026-06-08 15:29:17+00:00,7425.0,46.06,44.9,45.2,20.900002,83.068375,531.0,204.0,0.1359949682617187,True,REGULAR,USD,2026-06-09,7451.7001953125,0.03625,call,0.9964168988804332,0.0027397260273972,45.05
SPXW260609C07430000,2026-06-08 15:29:21+00:00,7430.0,41.9,40.9,41.3,20.000002,91.32421,636.0,212.0,0.1323176368713379,True,REGULAR,USD,2026-06-09,7451.7001953125,0.03625,call,0.9970878866911272,0.0027397260273972,41.1
SPXW260609C07435000,2026-06-08 15:18:42+00:00,7435.0,44.8,38.0,38.2,25.32,129.97946,542.0,41.0,0.131920912322998,True,REGULAR,USD,2026-06-09,7451.7001953125,0.03625,call,0.997758874501821,0.0027397260273972,38.1
SPXW260609C07440000,2026-06-08 15:27:10+00:00,7440.0,37.4,35.5,35.7,18.600002,98.93619,882.0,98.0,0.1336756555175781,True,REGULAR,USD,2026-06-09,7451.7001953125,0.03625,call,0.998429862312515,0.0027397260273972,35.6
SPXW260609C07445000,2026-06-08 15:28:59+00:00,7445.0,33.6,33.4,33.6,16.399998,95.348816,655.0,120.0,0.1366129430389404,True,REGULAR,USD,2026-06-09,7451.7001953125,0.03625,call,0.9991008501232088,0.0027397260273972,33.5
SPXW260609C07450000,2026-06-08 15:29:37+00:00,7450.0,28.1,28.3,28.5,12.6,81.29032,3448.0,1768.0,0.1252681468200683,True,REGULAR,USD,2026-06-09,7451.7001953125,0.03625,call,0.9997718379339028,0.0027397260273972,28.4
SPXW260609C07455000,2026-06-08 15:29:37+00:00,7455.0,25.6,25.5,25.6,10.05,58.944283,702.0,119.0,0.1233226706695556,False,REGULAR,USD,2026-06-09,7451.7001953125,0.03625,call,1.0004428257445963,0.0027397260273972,25.55
SPXW260609C07460000,2026-06-08 15:29:18+00:00,7460.0,25.0,23.9,24.1,11.55,85.873604,1153.0,394.0,0.1270991831970214,False,REGULAR,USD,2026-06-09,7451.7001953125,0.03625,call,1.0011138135552906,0.0027397260273972,24.0
SPXW260609C07465000,2026-06-08 15:29:39+00:00,7465.0,20.8,20.7,20.9,8.4,68.85245,766.0,133.0,0.1224224111175537,False,REGULAR,USD,2026-06-09,7451.7001953125,0.03625,call,1.0017848013659845,0.0027397260273972,20.8
SPXW260609C07470000,2026-06-08 15:29:35+00:00,7470.0,18.5,18.6,18.9,6.83,58.526134,920.0,160.0,0.1225826268005371,False,REGULAR,USD,2026-06-09,7451.7001953125,0.03625,call,1.0024557891766783,0.0027397260273972,18.75
SPXW260609C07475000,2026-06-08 15:29:49+00:00,7475.0,17.0,16.9,17.1,6.74,57.410564,906.0,1157.0,0.1230251272583007,False,REGULAR,USD,2026-06-09,7451.7001953125,0.03625,call,1.0031267769873722,0.0027397260273972,17.0
SPXW260609C07480000,2026-06-08 15:29:35+00:00,7480.0,14.6,14.8,15.0,4.950001,51.295345,949.0,325.0,0.1213314186096191,False,REGULAR,USD,2026-06-09,7451.7001953125,0.03625,call,1.003797764798066,0.0027397260273972,14.9
SPXW260609C07485000,2026-06-08 15:29:49+00:00,7485.0,13.3,12.8,13.1,4.26,47.123898,647.0,131.0,0.119851330871582,False,REGULAR,USD,2026-06-09,7451.7001953125,0.03625,call,1.00446875260876,0.0027397260273972,12.95
SPXW260609C07490000,2026-06-08 15:29:19+00:00,7490.0,12.5,11.6,11.8,4.5,56.25,807.0,304.0,0.120751590423584,False,REGULAR,USD,2026-06-09,7451.7001953125,0.03625,call,1.005139740419454,0.0027397260273972,11.7
SPXW260609C07495000,2026-06-08 15:29:40+00:00,7495.0,10.3,10.2,10.4,2.8000002,37.333336,573.0,128.0,0.120476934967041,False,REGULAR,USD,2026-06-09,7451.7001953125,0.03625,call,1.0058107282301478,0.0027397260273972,10.3
SPXW260609C07500000,2026-06-08 15:29:48+00:00,7500.0,9.1,8.7,8.9,2.4400005,36.636646,4486.0,3356.0,0.1188595195007324,False,REGULAR,USD,2026-06-09,7451.7001953125,0.03625,call,1.0064817160408417,0.0027397260273972,8.8
SPXW260609C07505000,2026-06-08 15:29:35+00:00,7505.0,7.7,7.6,7.8,1.1999998,18.461536,809.0,381.0,0.1188442608642578,False,REGULAR,USD,2026-06-09,7451.7001953125,0.03625,call,1.0071527038515355,0.0027397260273972,7.699999999999999
SPXW260609C07510000,2026-06-08 15:28:55+00:00,7510.0,7.52,7.4,7.6,2.02,36.727272,897.0,202.0,0.124032197265625,False,REGULAR,USD,2026-06-09,7451.7001953125,0.03625,call,1.0078236916622294,0.0027397260273972,7.5
SPXW260609C07515000,2026-06-08 15:28:10+00:00,7515.0,6.82,6.0,6.2,1.9200001,39.183674,853.0,242.0,0.1207973663330078,False,REGULAR,USD,2026-06-09,7451.7001953125,0.03625,call,1.0084946794729233,0.0027397260273972,6.1
SPXW260609C07520000,2026-06-08 15:29:18+00:00,7520.0,5.5,5.0,5.2,1.0799999,24.434387,1073.0,394.0,0.1193630545043945,False,REGULAR,USD,2026-06-09,7451.7001953125,0.03625,call,1.0091656672836171,0.0027397260273972,5.1
SPXW260609C07525000,2026-06-08 15:29:14+00:00,7525.0,4.8,4.6,4.8,0.6000004,14.285724,1742.0,1801.0,0.1219112467956543,False,REGULAR,USD,2026-06-09,7451.7001953125,0.03625,call,1.0098366550943112,0.0027397260273972,4.699999999999999
SPXW260609C07530000,2026-06-08 15:29:26+00:00,7530.0,3.8,3.5,3.7,-0.1500001,-3.7974708,1450.0,559.0,0.1178677081298828,False,REGULAR,USD,2026-06-09,7451.7001953125,0.03625,call,1.010507642905005,0.0027397260273972,3.6
SPXW260609C07535000,2026-06-08 15:28:11+00:00,7535.0,3.7,3.5,3.6,0.29999995,8.823528,1098.0,708.0,0.1222011608886718,False,REGULAR,USD,2026-06-09,7451.7001953125,0.03625,call,1.011178630715699,0.0027397260273972,3.55
SPXW260609C07540000,2026-06-08 15:29:26+00:00,7540.0,2.7,2.55,2.65,-0.29999995,-9.999999,1309.0,311.0,0.1174404663085937,False,REGULAR,USD,2026-06-09,7451.7001953125,0.03625,call,1.0118496185263928,0.0027397260273972,2.6
SPXW260609C07545000,2026-06-08 15:29:32+00:00,7545.0,2.2,2.15,2.2,-0.47000003,-17.602997,779.0,180.0,0.116921672668457,False,REGULAR,USD,2026-06-09,7451.7001953125,0.03625,call,1.0125206063370866,0.0027397260273972,2.175
SPXW260609C07550000,2026-06-08 15:29:34+00:00,7550.0,1.8,1.8,1.9,-0.60000014,-25.000006,2299.0,2216.0,0.1175930526733398,False,REGULAR,USD,2026-06-09,7451.7001953125,0.03625,call,1.0131915941477807,0.0027397260273972,1.85
SPXW260609C07555000,2026-06-08 15:29:26+00:00,7555.0,1.6,1.45,1.55,-0.49999988,-23.809519,867.0,303.0,0.1168911553955078,False,REGULAR,USD,2026-06-09,7451.7001953125,0.03625,call,1.0138625819584746,0.0027397260273972,1.5
SPXW260609C07560000,2026-06-08 15:29:01+00:00,7560.0,1.45,1.35,1.45,-0.5,-25.641026,850.0,772.0,0.1196377099609374,False,REGULAR,USD,2026-06-09,7451.7001953125,0.03625,call,1.0145335697691684,0.0027397260273972,1.4
SPXW260609C07565000,2026-06-08 15:26:42+00:00,7565.0,1.25,1.2,1.25,-0.5,-28.571428,776.0,263.0,0.1203701245117187,False,REGULAR,USD,2026-06-09,7451.7001953125,0.03625,call,1.0152045575798625,0.0027397260273972,1.225
SPXW260609C07570000,2026-06-08 15:29:35+00:00,7570.0,0.87,0.85,0.95,-0.63,-42.0,452.0,454.0,0.1183559844970703,False,REGULAR,USD,2026-06-09,7451.7001953125,0.03625,call,1.015875545390556,0.0027397260273972,0.8999999999999999
SPXW260609C07575000,2026-06-08 15:29:26+00:00,7575.0,0.8,0.7,0.8,-0.55,-40.74074,1744.0,1170.0,0.1187527090454101,False,REGULAR,USD,2026-06-09,7451.7001953125,0.03625,call,1.01654653320125,0.0027397260273972,0.75
SPXW260609C07580000,2026-06-08 15:20:47+00:00,7580.0,0.9,0.55,0.65,-0.25,-21.73913,341.0,388.0,0.1184780535888671,False,REGULAR,USD,2026-06-09,7451.7001953125,0.03625,call,1.017217521011944,0.0027397260273972,0.6000000000000001
SPXW260609C07585000,2026-06-08 15:28:44+00:00,7585.0,0.6,0.55,0.65,-0.39999998,-39.999996,389.0,616.0,0.1223232299804687,False,REGULAR,USD,2026-06-09,7451.7001953125,0.03625,call,1.017888508822638,0.0027397260273972,0.6000000000000001
SPXW260609C07590000,2026-06-08 15:24:55+00:00,7590.0,0.62,0.4,0.45,-0.32999998,-34.736843,334.0,626.0,0.1191494335937499,False,REGULAR,USD,2026-06-09,7451.7001953125,0.03625,call,1.0185594966333318,0.0027397260273972,0.425
SPXW260609C07595000,2026-06-08 15:27:31+00:00,7595.0,0.4,0.35,0.45,-0.4,-50.0,189.0,230.0,0.1227504718017578,False,REGULAR,USD,2026-06-09,7451.7001953125,0.03625,call,1.0192304844440256,0.0027397260273972,0.4
SPXW260609C07605000,2026-06-08 15:23:56+00:00,7605.0,0.35,0.25,0.3,-0.27,-43.54839,188.0,269.0,0.1228115063476562,False,REGULAR,USD,2026-06-09,7451.7001953125,0.03625,call,1.0205724600654134,0.0027397260273972,0.275
SPXW260609C07610000,2026-06-08 15:16:12+00:00,7610.0,0.4,0.25,0.3,-0.18999997,-32.203384,401.0,939.0,0.1262294409179687,False,REGULAR,USD,2026-06-09,7451.7001953125,0.03625,call,1.0212434478761074,0.0027397260273972,0.275
SPXW260609C07615000,2026-06-08 15:25:27+00:00,7615.0,0.2,0.2,0.25,-0.26999998,-57.446808,3433.0,428.0,0.1265956481933593,False,REGULAR,USD,2026-06-09,7451.7001953125,0.03625,call,1.0219144356868013,0.0027397260273972,0.225
SPXW260609C07625000,2026-06-08 15:16:16+00:00,7625.0,0.22,0.15,0.2,-0.13,-37.142857,7985.0,842.0,0.1296473754882812,False,REGULAR,USD,2026-06-09,7451.7001953125,0.03625,call,1.023256411308189,0.0027397260273972,0.175
SPXW260610C07380000,2026-06-08 15:25:06+00:00,7380.0,97.33,86.5,86.9,42.33,76.96364,120.0,73.0,0.1544731770324707,True,REGULAR,USD,2026-06-10,7451.7001953125,0.03625,call,0.9903780085841882,0.0054794520547945,86.7
SPXW260610C07385000,2026-06-08 15:27:55+00:00,7385.0,87.6,81.1,81.4,37.399998,74.50198,20.0,21.0,0.1462564012908935,True,REGULAR,USD,2026-06-10,7451.7001953125,0.03625,call,0.991048996394882,0.0054794520547945,81.25
SPXW260610C07390000,2026-06-08 14:52:18+00:00,7390.0,84.3,78.7,79.1,37.500004,80.12822,31.0,110.0,0.1525887354278564,True,REGULAR,USD,2026-06-10,7451.7001953125,0.03625,call,0.991719984205576,0.0054794520547945,78.9
SPXW260610C07395000,2026-06-08 14:48:48+00:00,7395.0,77.88,72.2,72.6,33.479996,75.405396,30.0,30.0,0.139733334197998,True,REGULAR,USD,2026-06-10,7451.7001953125,0.03625,call,0.99239097201627,0.0054794520547945,72.4
SPXW260610C07400000,2026-06-08 15:25:56+00:00,7400.0,78.44,69.2,69.5,36.49,86.98451,221.0,335.0,0.1418085087585449,True,REGULAR,USD,2026-06-10,7451.7001953125,0.03625,call,0.9930619598269638,0.0054794520547945,69.35
SPXW260610C07405000,2026-06-08 14:53:26+00:00,7405.0,72.1,67.3,67.7,30.5,73.317314,45.0,127.0,0.1488045935821533,True,REGULAR,USD,2026-06-10,7451.7001953125,0.03625,call,0.9937329476376576,0.0054794520547945,67.5
SPXW260610C07410000,2026-06-08 15:22:30+00:00,7410.0,69.78,64.0,64.3,17.07,32.384747,173.0,147.0,0.1485757140350342,True,REGULAR,USD,2026-06-10,7451.7001953125,0.03625,call,0.9944039354483516,0.0054794520547945,64.15
SPXW260610C07415000,2026-06-08 15:26:41+00:00,7415.0,64.9,60.1,60.4,28.220001,76.93566,93.0,162.0,0.1459893751525878,True,REGULAR,USD,2026-06-10,7451.7001953125,0.03625,call,0.9950749232590456,0.0054794520547945,60.25
SPXW260610C07420000,2026-06-08 15:19:34+00:00,7420.0,67.2,56.9,57.4,32.619995,94.33196,212.0,143.0,0.1466607551574706,True,REGULAR,USD,2026-06-10,7451.7001953125,0.03625,call,0.9957459110697392,0.0054794520547945,57.15
SPXW260610C07425000,2026-06-08 15:26:21+00:00,7425.0,59.3,52.1,52.3,27.3,85.3125,226.0,130.0,0.1388178160095214,True,REGULAR,USD,2026-06-10,7451.7001953125,0.03625,call,0.9964168988804332,0.0054794520547945,52.2
SPXW260610C07430000,2026-06-08 15:26:29+00:00,7430.0,55.65,50.6,50.9,12.850002,30.02337,211.0,53.0,0.1449212705993652,True,REGULAR,USD,2026-06-10,7451.7001953125,0.03625,call,0.9970878866911272,0.0054794520547945,50.75
SPXW260610C07435000,2026-06-08 15:25:09+00:00,7435.0,55.3,50.4,50.6,25.9,88.09524,138.0,21.0,0.1546333927154541,True,REGULAR,USD,2026-06-10,7451.7001953125,0.03625,call,0.997758874501821,0.0054794520547945,50.5
SPXW260610C07440000,2026-06-08 15:27:29+00:00,7440.0,47.4,47.4,47.7,20.400002,75.55556,252.0,108.0,0.1541145990753174,True,REGULAR,USD,2026-06-10,7451.7001953125,0.03625,call,0.998429862312515,0.0054794520547945,47.55
SPXW260610C07445000,2026-06-08 15:22:30+00:00,7445.0,46.09,41.3,41.6,10.389999,29.103642,553.0,545.0,0.1413316763687134,True,REGULAR,USD,2026-06-10,7451.7001953125,0.03625,call,0.9991008501232088,0.0054794520547945,41.45
SPXW260610C07450000,2026-06-08 15:22:19+00:00,7450.0,43.97,39.7,39.9,20.77,89.525856,854.0,876.0,0.1445932099151611,True,REGULAR,USD,2026-06-10,7451.7001953125,0.03625,call,0.9997718379339028,0.0054794520547945,39.8
SPXW260610C07455000,2026-06-08 15:29:07+00:00,7455.0,38.4,36.8,37.1,6.950001,22.09857,456.0,602.0,0.1433801483154297,False,REGULAR,USD,2026-06-10,7451.7001953125,0.03625,call,1.0004428257445963,0.0054794520547945,36.95
SPXW260610C07460000,2026-06-08 15:29:41+00:00,7460.0,33.6,32.2,32.5,5.3399982,18.89596,1504.0,1644.0,0.1350870793914795,False,REGULAR,USD,2026-06-10,7451.7001953125,0.03625,call,1.0011138135552906,0.0054794520547945,32.35
SPXW260610C07465000,2026-06-08 15:26:29+00:00,7465.0,34.65,30.3,30.6,12.650002,57.500004,537.0,434.0,0.1364145807647705,False,REGULAR,USD,2026-06-10,7451.7001953125,0.03625,call,1.0017848013659845,0.0054794520547945,30.450000000000003
SPXW260610C07470000,2026-06-08 15:25:02+00:00,7470.0,34.7,29.8,30.1,16.800001,93.85476,422.0,591.0,0.1426477337646484,False,REGULAR,USD,2026-06-10,7451.7001953125,0.03625,call,1.0024557891766783,0.0054794520547945,29.950000000000003
SPXW260610C07475000,2026-06-08 15:21:51+00:00,7475.0,30.2,26.1,26.5,13.300001,78.698235,414.0,725.0,0.1367884173583984,False,REGULAR,USD,2026-06-10,7451.7001953125,0.03625,call,1.0031267769873722,0.0054794520547945,26.3
SPXW260610C07480000,2026-06-08 15:28:53+00:00,7480.0,26.0,25.2,25.5,10.5,67.741936,626.0,1149.0,0.1404352314758301,False,REGULAR,USD,2026-06-10,7451.7001953125,0.03625,call,1.003797764798066,0.0054794520547945,25.35
SPXW260610C07485000,2026-06-08 15:29:03+00:00,7485.0,24.04,23.8,24.0,2.8400002,13.396226,428.0,490.0,0.1418390260314941,False,REGULAR,USD,2026-06-10,7451.7001953125,0.03625,call,1.00446875260876,0.0054794520547945,23.9
SPXW260610C07490000,2026-06-08 15:26:48+00:00,7490.0,22.14,20.8,21.1,1.9399986,9.603953,1081.0,1209.0,0.1372766937255859,False,REGULAR,USD,2026-06-10,7451.7001953125,0.03625,call,1.005139740419454,0.0054794520547945,20.950000000000003
SPXW260610C07495000,2026-06-08 15:29:17+00:00,7495.0,19.8,18.5,18.7,1.1999989,6.4516068,330.0,415.0,0.1341563025665283,False,REGULAR,USD,2026-06-10,7451.7001953125,0.03625,call,1.0058107282301478,0.0054794520547945,18.6
SPXW260610C07500000,2026-06-08 15:29:39+00:00,7500.0,16.7,15.9,16.1,4.9300003,41.88615,1488.0,3603.0,0.1295710823059082,False,REGULAR,USD,2026-06-10,7451.7001953125,0.03625,call,1.0064817160408417,0.0054794520547945,16.0
SPXW260610C07505000,2026-06-08 15:26:48+00:00,7505.0,16.67,15.7,15.9,5.4700003,48.839287,1935.0,3507.0,0.1348658291625977,False,REGULAR,USD,2026-06-10,7451.7001953125,0.03625,call,1.0071527038515355,0.0054794520547945,15.8
SPXW260610C07510000,2026-06-08 15:18:37+00:00,7510.0,17.1,14.1,14.4,7.0,69.30693,1182.0,2806.0,0.1341791905212402,False,REGULAR,USD,2026-06-10,7451.7001953125,0.03625,call,1.0078236916622294,0.0054794520547945,14.25
SPXW260610C07515000,2026-06-08 15:24:46+00:00,7515.0,15.79,12.3,12.6,6.3900003,67.97873,230.0,244.0,0.1315928516387939,False,REGULAR,USD,2026-06-10,7451.7001953125,0.03625,call,1.0084946794729233,0.0054794520547945,12.45
SPXW260610C07520000,2026-06-08 15:25:56+00:00,7520.0,13.1,10.8,11.0,4.0,43.956043,1080.0,489.0,0.129342202758789,False,REGULAR,USD,2026-06-10,7451.7001953125,0.03625,call,1.0091656672836171,0.0054794520547945,10.9
SPXW260610C07525000,2026-06-08 15:23:12+00:00,7525.0,11.5,9.8,10.0,3.6,45.56962,3182.0,5120.0,0.1295710823059082,False,REGULAR,USD,2026-06-10,7451.7001953125,0.03625,call,1.0098366550943112,0.0054794520547945,9.9
SPXW260610C07530000,2026-06-08 15:24:55+00:00,7530.0,11.6,8.6,8.8,4.2500005,57.82314,334.0,325.0,0.128289356842041,False,REGULAR,USD,2026-06-10,7451.7001953125,0.03625,call,1.010507642905005,0.0054794520547945,8.7
SPXW260610C07535000,2026-06-08 15:18:27+00:00,7535.0,9.9,7.5,7.7,3.0999994,45.588226,165.0,229.0,0.1270076313781738,False,REGULAR,USD,2026-06-10,7451.7001953125,0.03625,call,1.011178630715699,0.0054794520547945,7.6
SPXW260610C07540000,2026-06-08 15:23:33+00:00,7540.0,8.4,6.8,7.0,1.8699994,28.637049,465.0,416.0,0.1276027182006835,False,REGULAR,USD,2026-06-10,7451.7001953125,0.03625,call,1.0118496185263928,0.0054794520547945,6.9
SPXW260610C07545000,2026-06-08 15:24:08+00:00,7545.0,8.0,6.3,6.4,1.8000002,29.03226,547.0,233.0,0.1284724604797363,False,REGULAR,USD,2026-06-10,7451.7001953125,0.03625,call,1.0125206063370866,0.0054794520547945,6.35
SPXW260610C07550000,2026-06-08 15:25:56+00:00,7550.0,6.6,6.0,6.2,1.3499999,25.714283,2264.0,4141.0,0.1317225500488281,False,REGULAR,USD,2026-06-10,7451.7001953125,0.03625,call,1.0131915941477807,0.0054794520547945,6.1
SPXW260610C07555000,2026-06-08 15:07:10+00:00,7555.0,6.71,4.7,4.9,-0.19000006,-2.753624,395.0,304.0,0.1269465968322753,False,REGULAR,USD,2026-06-10,7451.7001953125,0.03625,call,1.0138625819584746,0.0054794520547945,4.800000000000001
SPXW260610C07560000,2026-06-08 15:09:46+00:00,7560.0,5.75,4.2,4.4,1.5500002,36.904766,376.0,3313.0,0.1273280627441406,False,REGULAR,USD,2026-06-10,7451.7001953125,0.03625,call,1.0145335697691684,0.0054794520547945,4.300000000000001
SPXW260610C07565000,2026-06-08 15:27:21+00:00,7565.0,4.1,3.5,3.7,-0.25,-5.7471266,185.0,283.0,0.1255733195495605,False,REGULAR,USD,2026-06-10,7451.7001953125,0.03625,call,1.0152045575798625,0.0054794520547945,3.6
SPXW260610C07570000,2026-06-08 15:29:29+00:00,7570.0,3.41,3.2,3.3,-0.17999983,-5.0139227,466.0,446.0,0.1259242681884765,False,REGULAR,USD,2026-06-10,7451.7001953125,0.03625,call,1.015875545390556,0.0054794520547945,3.25
SPXW260610C07575000,2026-06-08 15:22:54+00:00,7575.0,3.42,2.75,2.9,-0.17999983,-4.999995,1753.0,807.0,0.1258632336425781,False,REGULAR,USD,2026-06-10,7451.7001953125,0.03625,call,1.01654653320125,0.0054794520547945,2.825
SPXW260610C07580000,2026-06-08 15:29:29+00:00,7580.0,2.57,2.45,2.55,-0.35000014,-11.986306,328.0,669.0,0.1258937509155273,False,REGULAR,USD,2026-06-10,7451.7001953125,0.03625,call,1.017217521011944,0.0054794520547945,2.5
SPXW260610C07585000,2026-06-08 15:27:54+00:00,7585.0,2.5,2.1,2.2,-1.3,-34.210526,192.0,221.0,0.1254970263671875,False,REGULAR,USD,2026-06-10,7451.7001953125,0.03625,call,1.017888508822638,0.0054794520547945,2.1500000000000004
SPXW260610C07590000,2026-06-08 15:27:03+00:00,7590.0,2.15,1.8,1.9,-0.19999981,-8.510631,169.0,232.0,0.1251918536376953,False,REGULAR,USD,2026-06-10,7451.7001953125,0.03625,call,1.0185594966333318,0.0054794520547945,1.85
SPXW260610C07595000,2026-06-08 15:11:07+00:00,7595.0,2.52,1.55,1.7,0.26999998,11.999999,47.0,139.0,0.1258937509155273,False,REGULAR,USD,2026-06-10,7451.7001953125,0.03625,call,1.0192304844440256,0.0054794520547945,1.625
SPXW260610C07600000,2026-06-08 15:29:19+00:00,7600.0,1.55,1.35,1.45,-0.25,-13.888889,513.0,1940.0,0.125435991821289,False,REGULAR,USD,2026-06-10,7451.7001953125,0.03625,call,1.0199014722547195,0.0054794520547945,1.4
SPXW260610C07605000,2026-06-08 15:27:56+00:00,7605.0,1.4,1.35,1.5,-0.5,-26.31579,91.0,326.0,0.1296473754882812,False,REGULAR,USD,2026-06-10,7451.7001953125,0.03625,call,1.0205724600654134,0.0054794520547945,1.425
SPXW260610C07610000,2026-06-08 15:22:49+00:00,7610.0,1.25,1.05,1.1,-0.67999995,-35.23316,174.0,328.0,0.125710647277832,False,REGULAR,USD,2026-06-10,7451.7001953125,0.03625,call,1.0212434478761074,0.0054794520547945,1.0750000000000002
SPXW260610C07615000,2026-06-08 15:08:33+00:00,7615.0,1.45,1.05,1.15,0.100000024,7.4074087,94.0,270.0,0.1299525482177734,False,REGULAR,USD,2026-06-10,7451.7001953125,0.03625,call,1.0219144356868013,0.0054794520547945,1.1
SPXW260610C07620000,2026-06-08 15:16:57+00:00,7620.0,1.13,0.9,0.95,-0.01999998,-1.7391288,161.0,499.0,0.1289149609375,False,REGULAR,USD,2026-06-10,7451.7001953125,0.03625,call,1.0225854234974951,0.0054794520547945,0.925
SPXW260610C07625000,2026-06-08 15:22:38+00:00,7625.0,0.8,0.75,0.8,-0.24999994,-23.809519,304.0,873.0,0.1283961672973632,False,REGULAR,USD,2026-06-10,7451.7001953125,0.03625,call,1.023256411308189,0.0054794520547945,0.775
SPXW260610C07630000,2026-06-08 15:07:06+00:00,7630.0,0.95,0.65,0.7,0.0,0.0,62.0,316.0,0.1287318572998047,False,REGULAR,USD,2026-06-10,7451.7001953125,0.03625,call,1.0239273991188829,0.0054794520547945,0.675
SPXW260610C07635000,2026-06-08 15:24:25+00:00,7635.0,0.7,0.5,0.55,-0.15000004,-17.647062,55.0,285.0,0.1270839245605468,False,REGULAR,USD,2026-06-10,7451.7001953125,0.03625,call,1.0245983869295767,0.0054794520547945,0.525
SPXW260610C07640000,2026-06-08 15:22:31+00:00,7640.0,0.55,0.45,0.55,-0.19999999,-26.666664,198.0,1055.0,0.1299525482177734,False,REGULAR,USD,2026-06-10,7451.7001953125,0.03625,call,1.0252693747402708,0.0054794520547945,0.5
SPXW260610C07645000,2026-06-08 15:15:27+00:00,7645.0,0.6,0.4,0.45,-0.19999999,-24.999998,49.0,246.0,0.1291590991210937,False,REGULAR,USD,2026-06-10,7451.7001953125,0.03625,call,1.0259403625509649,0.0054794520547945,0.425
SPXW260610C07650000,2026-06-08 15:28:13+00:00,7650.0,0.4,0.35,0.4,-0.15,-25.0,515.0,1139.0,0.129891513671875,False,REGULAR,USD,2026-06-10,7451.7001953125,0.03625,call,1.0266113503616583,0.0054794520547945,0.375
SPXW260610C07655000,2026-06-08 14:41:46+00:00,7655.0,0.35,0.35,0.4,-0.099999994,-22.222221,27.0,650.0,0.1326991027832031,False,REGULAR,USD,2026-06-10,7451.7001953125,0.03625,call,1.0272823381723524,0.0054794520547945,0.375
SPXW260610C07670000,2026-06-08 14:02:00+00:00,7670.0,0.35,0.25,0.3,-0.099999994,-22.222221,52.0,735.0,0.1358728991699219,False,REGULAR,USD,2026-06-10,7451.7001953125,0.03625,call,1.0292953016044342,0.0054794520547945,0.275
SPXW260610C07675000,2026-06-08 14:48:59+00:00,7675.0,0.25,0.2,0.25,-0.099999994,-28.571426,76.0,668.0,0.1353846228027344,False,REGULAR,USD,2026-06-10,7451.7001953125,0.03625,call,1.029966289415128,0.0054794520547945,0.225
SPXW260610C07680000,2026-06-08 13:57:31+00:00,7680.0,0.25,0.2,0.25,0.0,0.0,8.0,825.0,0.1380701428222656,False,REGULAR,USD,2026-06-10,7451.7001953125,0.03625,call,1.030637277225822,0.0054794520547945,0.225
SPXW260610C07695000,2026-06-08 14:58:45+00:00,7695.0,0.15,0.15,0.2,-0.049999997,-24.999998,308.0,417.0,0.1420984228515625,False,REGULAR,USD,2026-06-10,7451.7001953125,0.03625,call,1.0326502406579037,0.0054794520547945,0.175
SPXW260610C07700000,2026-06-08 15:11:24+00:00,7700.0,0.2,0.15,0.2,0.0,0.0,121.0,2538.0,0.1445398046875,False,REGULAR,USD,2026-06-10,7451.7001953125,0.03625,call,1.0333212284685975,0.0054794520547945,0.175
SPXW260611C07380000,2026-06-08 15:16:27+00:00,7380.0,105.42,93.9,94.5,40.14,61.48897,1.0,23.0,0.1636131002807617,True,REGULAR,USD,2026-06-11,7451.7001953125,0.03625,call,0.9903780085841882,0.0082191780821917,94.2
SPXW260611C07385000,2026-06-08 15:16:27+00:00,7385.0,101.32,93.4,94.0,41.47,69.289894,3.0,114.0,0.17471375831604,True,REGULAR,USD,2026-06-11,7451.7001953125,0.03625,call,0.991048996394882,0.0082191780821917,93.7
SPXW260611C07390000,2026-06-05 20:06:05+00:00,7390.0,74.02,88.6,89.8,16.669998,29.067127,1.0,135.0,0.1718298760223388,True,REGULAR,USD,2026-06-11,7451.7001953125,0.03625,call,0.991719984205576,0.0082191780821917,89.19999999999999
SPXW260611C07395000,2026-06-08 14:59:12+00:00,7395.0,91.82,86.2,86.5,37.07,67.70776,5.0,23.0,0.171982462387085,True,REGULAR,USD,2026-06-11,7451.7001953125,0.03625,call,0.99239097201627,0.0082191780821917,86.35
SPXW260611C07400000,2026-06-08 14:59:12+00:00,7400.0,88.07,80.4,80.9,37.93,75.648186,24.0,660.0,0.1638572384643555,True,REGULAR,USD,2026-06-11,7451.7001953125,0.03625,call,0.9930619598269638,0.0082191780821917,80.65
SPXW260611C07405000,2026-06-08 14:22:50+00:00,7405.0,84.4,78.8,79.1,20.5,32.081375,6.0,5.0,0.1688086660003662,True,REGULAR,USD,2026-06-11,7451.7001953125,0.03625,call,0.9937329476376576,0.0082191780821917,78.94999999999999
SPXW260611C07410000,2026-06-08 15:17:56+00:00,7410.0,80.08,72.3,72.6,19.280003,31.710531,34.0,147.0,0.1573875765991211,True,REGULAR,USD,2026-06-11,7451.7001953125,0.03625,call,0.9944039354483516,0.0082191780821917,72.44999999999999
SPXW260611C07415000,2026-06-08 15:26:36+00:00,7415.0,73.9,68.9,69.2,15.700001,26.975946,6.0,27.0,0.1564262825012207,True,REGULAR,USD,2026-06-11,7451.7001953125,0.03625,call,0.9950749232590456,0.0082191780821917,69.05000000000001
SPXW260611C07420000,2026-06-08 14:04:37+00:00,7420.0,58.0,65.6,66.2,5.700001,10.898663,60.0,59.0,0.1565636102294922,True,REGULAR,USD,2026-06-11,7451.7001953125,0.03625,call,0.9957459110697392,0.0082191780821917,65.9
SPXW260611C07425000,2026-06-08 14:23:58+00:00,7425.0,57.0,62.1,63.1,15.860001,38.55129,11.0,71.0,0.1560982218170166,True,REGULAR,USD,2026-06-11,7451.7001953125,0.03625,call,0.9964168988804332,0.0082191780821917,62.6
SPXW260611C07430000,2026-06-08 14:23:16+00:00,7430.0,51.8,58.8,59.2,4.5699997,9.676053,114.0,94.0,0.1527642097473144,True,REGULAR,USD,2026-06-11,7451.7001953125,0.03625,call,0.9970878866911272,0.0082191780821917,59.0
SPXW260611C07435000,2026-06-08 14:44:00+00:00,7435.0,50.15,55.8,56.1,6.59,15.128558,43.0,48.0,0.15181435962677,True,REGULAR,USD,2026-06-11,7451.7001953125,0.03625,call,0.997758874501821,0.0082191780821917,55.95
SPXW260611C07440000,2026-06-08 14:59:07+00:00,7440.0,59.7,52.1,52.6,14.299999,31.497793,40.0,102.0,0.1493081285858154,True,REGULAR,USD,2026-06-11,7451.7001953125,0.03625,call,0.998429862312515,0.0082191780821917,52.35
SPXW260611C07445000,2026-06-08 14:32:46+00:00,7445.0,48.5,49.5,49.9,5.4000015,12.529006,199.0,35.0,0.1491326542663574,True,REGULAR,USD,2026-06-11,7451.7001953125,0.03625,call,0.9991008501232088,0.0082191780821917,49.7
SPXW260611C07450000,2026-06-08 15:24:10+00:00,7450.0,54.51,48.5,48.8,25.339998,86.87006,488.0,678.0,0.1538246849822998,True,REGULAR,USD,2026-06-11,7451.7001953125,0.03625,call,0.9997718379339028,0.0082191780821917,48.65
SPXW260611C07455000,2026-06-08 15:29:16+00:00,7455.0,46.6,43.8,44.2,8.5,22.309711,57.0,101.0,0.1469888158416748,False,REGULAR,USD,2026-06-11,7451.7001953125,0.03625,call,1.0004428257445963,0.0082191780821917,44.0
SPXW260611C07460000,2026-06-08 15:22:34+00:00,7460.0,45.33,41.0,43.3,17.480001,62.764816,113.0,74.0,0.1517723983764648,False,REGULAR,USD,2026-06-11,7451.7001953125,0.03625,call,1.0011138135552906,0.0082191780821917,42.15
SPXW260611C07465000,2026-06-08 15:24:58+00:00,7465.0,45.8,39.6,39.9,21.099998,85.42509,167.0,76.0,0.1482400240325928,False,REGULAR,USD,2026-06-11,7451.7001953125,0.03625,call,1.0017848013659845,0.0082191780821917,39.75
SPXW260611C07470000,2026-06-08 15:24:36+00:00,7470.0,43.05,36.9,37.1,20.57,91.50356,105.0,62.0,0.1463403237915039,False,REGULAR,USD,2026-06-11,7451.7001953125,0.03625,call,1.0024557891766783,0.0082191780821917,37.0
SPXW260611C07475000,2026-06-08 15:15:06+00:00,7475.0,39.9,34.0,34.4,16.820002,72.87695,207.0,137.0,0.1444635115051269,False,REGULAR,USD,2026-06-11,7451.7001953125,0.03625,call,1.0031267769873722,0.0082191780821917,34.2
SPXW260611C07480000,2026-06-08 15:16:27+00:00,7480.0,38.05,32.3,32.6,18.25,92.17172,63.0,108.0,0.145241701965332,False,REGULAR,USD,2026-06-11,7451.7001953125,0.03625,call,1.003797764798066,0.0082191780821917,32.45
SPXW260611C07485000,2026-06-08 14:51:54+00:00,7485.0,31.8,29.4,29.8,11.299999,55.121944,16.0,97.0,0.142411224899292,False,REGULAR,USD,2026-06-11,7451.7001953125,0.03625,call,1.00446875260876,0.0082191780821917,29.6
SPXW260611C07490000,2026-06-08 15:26:44+00:00,7490.0,29.27,27.0,27.4,4.5600014,18.454073,75.0,78.0,0.1405649298858642,False,REGULAR,USD,2026-06-11,7451.7001953125,0.03625,call,1.005139740419454,0.0082191780821917,27.2
SPXW260611C07495000,2026-06-08 15:23:41+00:00,7495.0,29.16,25.0,25.3,7.6100006,35.31323,26.0,86.0,0.1394052735137939,False,REGULAR,USD,2026-06-11,7451.7001953125,0.03625,call,1.0058107282301478,0.0082191780821917,25.15
SPXW260611C07500000,2026-06-08 15:20:47+00:00,7500.0,28.1,23.5,23.7,12.870001,84.50428,233.0,1871.0,0.1396722996520996,False,REGULAR,USD,2026-06-11,7451.7001953125,0.03625,call,1.0064817160408417,0.0082191780821917,23.6
SPXW260611C07505000,2026-06-08 15:07:41+00:00,7505.0,27.11,21.2,21.5,7.3600006,37.265827,74.0,69.0,0.1374903146362305,False,REGULAR,USD,2026-06-11,7451.7001953125,0.03625,call,1.0071527038515355,0.0082191780821917,21.35
SPXW260611C07510000,2026-06-08 15:26:39+00:00,7510.0,21.73,20.3,20.6,1.6199989,8.055688,45.0,132.0,0.1397104462432861,False,REGULAR,USD,2026-06-11,7451.7001953125,0.03625,call,1.0078236916622294,0.0082191780821917,20.450000000000003
SPXW260611C07515000,2026-06-08 15:17:00+00:00,7515.0,22.4,18.2,18.5,7.299999,48.344364,128.0,126.0,0.1371927712249756,False,REGULAR,USD,2026-06-11,7451.7001953125,0.03625,call,1.0084946794729233,0.0082191780821917,18.35
SPXW260611C07520000,2026-06-08 15:03:49+00:00,7520.0,20.78,18.0,18.2,7.9800005,62.343754,138.0,299.0,0.1412439392089844,False,REGULAR,USD,2026-06-11,7451.7001953125,0.03625,call,1.0091656672836171,0.0082191780821917,18.1
SPXW260611C07525000,2026-06-08 15:26:39+00:00,7525.0,16.78,15.0,15.2,6.000001,55.658638,81.0,1776.0,0.1343928114318848,False,REGULAR,USD,2026-06-11,7451.7001953125,0.03625,call,1.0098366550943112,0.0082191780821917,15.1
SPXW260611C07530000,2026-06-08 15:23:31+00:00,7530.0,16.0,13.9,14.2,6.2,63.265305,79.0,260.0,0.1351175966644287,False,REGULAR,USD,2026-06-11,7451.7001953125,0.03625,call,1.010507642905005,0.0082191780821917,14.05
SPXW260611C07535000,2026-06-08 15:19:07+00:00,7535.0,15.55,12.7,12.9,3.1500006,25.40323,65.0,111.0,0.1342707423400879,False,REGULAR,USD,2026-06-11,7451.7001953125,0.03625,call,1.011178630715699,0.0082191780821917,12.8
SPXW260611C07540000,2026-06-08 15:13:22+00:00,7540.0,14.5,11.5,11.8,6.04,71.3948,58.0,119.0,0.1339579402923583,False,REGULAR,USD,2026-06-11,7451.7001953125,0.03625,call,1.0118496185263928,0.0082191780821917,11.65
SPXW260611C07545000,2026-06-08 15:08:04+00:00,7545.0,13.3,10.3,10.5,5.3,66.25,53.0,116.0,0.1323481541442871,False,REGULAR,USD,2026-06-11,7451.7001953125,0.03625,call,1.0125206063370866,0.0082191780821917,10.4
SPXW260611C07550000,2026-06-08 15:22:18+00:00,7550.0,11.2,9.3,9.5,0.14999962,1.3574626,141.0,535.0,0.1317759552764892,False,REGULAR,USD,2026-06-11,7451.7001953125,0.03625,call,1.0131915941477807,0.0082191780821917,9.4
SPXW260611C07555000,2026-06-08 15:07:28+00:00,7555.0,11.3,8.0,8.3,2.9700003,35.654266,82.0,217.0,0.1297541859436035,False,REGULAR,USD,2026-06-11,7451.7001953125,0.03625,call,1.0138625819584746,0.0082191780821917,8.15
SPXW260611C07560000,2026-06-08 15:10:39+00:00,7560.0,10.2,8.3,8.5,3.1999998,45.714283,60.0,461.0,0.1349268637084961,False,REGULAR,USD,2026-06-11,7451.7001953125,0.03625,call,1.0145335697691684,0.0082191780821917,8.4
SPXW260611C07565000,2026-06-08 14:16:24+00:00,7565.0,6.8,6.6,6.7,1.1000004,19.298252,29.0,78.0,0.1287471159362793,False,REGULAR,USD,2026-06-11,7451.7001953125,0.03625,call,1.0152045575798625,0.0082191780821917,6.65
SPXW260611C07570000,2026-06-08 15:19:17+00:00,7570.0,7.9,6.1,6.3,2.7800002,54.296883,77.0,246.0,0.1301661691284179,False,REGULAR,USD,2026-06-11,7451.7001953125,0.03625,call,1.015875545390556,0.0082191780821917,6.199999999999999
SPXW260611C07575000,2026-06-08 15:25:11+00:00,7575.0,6.77,5.4,5.6,2.17,47.173916,124.0,341.0,0.1294337545776367,False,REGULAR,USD,2026-06-11,7451.7001953125,0.03625,call,1.01654653320125,0.0082191780821917,5.5
SPXW260611C07580000,2026-06-08 15:25:11+00:00,7580.0,6.12,4.9,5.1,1.8199997,42.325573,90.0,138.0,0.1296931513977051,False,REGULAR,USD,2026-06-11,7451.7001953125,0.03625,call,1.017217521011944,0.0082191780821917,5.0
SPXW260611C07585000,2026-06-08 15:29:32+00:00,7585.0,4.4,4.3,4.4,0.3000002,7.317078,139.0,148.0,0.1281520291137695,False,REGULAR,USD,2026-06-11,7451.7001953125,0.03625,call,1.017888508822638,0.0082191780821917,4.35
SPXW260611C07590000,2026-06-08 15:29:32+00:00,7590.0,3.9,3.6,3.9,-0.4000001,-9.302327,81.0,194.0,0.1276790113830566,False,REGULAR,USD,2026-06-11,7451.7001953125,0.03625,call,1.0185594966333318,0.0082191780821917,3.75
SPXW260611C07595000,2026-06-08 15:24:35+00:00,7595.0,4.5,3.3,3.5,0.0,0.0,31.0,109.0,0.1276790113830566,False,REGULAR,USD,2026-06-11,7451.7001953125,0.03625,call,1.0192304844440256,0.0082191780821917,3.4
SPXW260611C07600000,2026-06-08 15:24:11+00:00,7600.0,3.92,2.95,3.1,1.1700001,42.545456,275.0,714.0,0.1273433213806152,False,REGULAR,USD,2026-06-11,7451.7001953125,0.03625,call,1.0199014722547195,0.0082191780821917,3.0250000000000004
SPXW260611C07605000,2026-06-08 14:41:47+00:00,7605.0,2.75,2.6,2.75,-0.3499999,-11.29032,55.0,249.0,0.1271297004699706,False,REGULAR,USD,2026-06-11,7451.7001953125,0.03625,call,1.0205724600654134,0.0082191780821917,2.675
SPXW260611C07610000,2026-06-08 14:44:05+00:00,7610.0,2.17,2.6,2.7,-0.40999985,-15.891467,36.0,173.0,0.1297847032165527,False,REGULAR,USD,2026-06-11,7451.7001953125,0.03625,call,1.0212434478761074,0.0082191780821917,2.6500000000000004
SPXW260611C07615000,2026-06-08 14:42:50+00:00,7615.0,1.96,2.1,2.2,-0.03999996,-1.9999981,16.0,186.0,0.1273280627441406,False,REGULAR,USD,2026-06-11,7451.7001953125,0.03625,call,1.0219144356868013,0.0082191780821917,2.1500000000000004
SPXW260611C07620000,2026-06-08 15:29:22+00:00,7620.0,2.0,1.75,1.9,-0.8499999,-29.82456,89.0,391.0,0.1265956481933593,False,REGULAR,USD,2026-06-11,7451.7001953125,0.03625,call,1.0225854234974951,0.0082191780821917,1.825
SPXW260611C07625000,2026-06-08 15:29:46+00:00,7625.0,1.65,1.6,1.75,-0.20000005,-10.810813,196.0,1862.0,0.1275111663818359,False,REGULAR,USD,2026-06-11,7451.7001953125,0.03625,call,1.023256411308189,0.0082191780821917,1.675
SPXW260611C07630000,2026-06-08 15:22:06+00:00,7630.0,1.75,1.4,1.55,0.100000024,6.0606074,180.0,2287.0,0.1275111663818359,False,REGULAR,USD,2026-06-11,7451.7001953125,0.03625,call,1.0239273991188829,0.0082191780821917,1.475
SPXW260611C07635000,2026-06-08 14:00:10+00:00,7635.0,1.35,1.35,1.45,-0.6999999,-34.14634,89.0,83.0,0.1288234091186523,False,REGULAR,USD,2026-06-11,7451.7001953125,0.03625,call,1.0245983869295767,0.0082191780821917,1.4
SPXW260611C07640000,2026-06-08 14:10:02+00:00,7640.0,1.3,1.2,1.3,0.099999905,8.333325,14.0,283.0,0.1291285818481445,False,REGULAR,USD,2026-06-11,7451.7001953125,0.03625,call,1.0252693747402708,0.0082191780821917,1.25
SPXW260611C07645000,2026-06-08 14:43:44+00:00,7645.0,1.05,0.95,1.05,-0.35000002,-25.000004,13.0,120.0,0.1272059936523437,False,REGULAR,USD,2026-06-11,7451.7001953125,0.03625,call,1.0259403625509649,0.0082191780821917,1.0
SPXW260611C07650000,2026-06-08 15:22:46+00:00,7650.0,1.0,0.9,1.05,-0.25,-20.0,135.0,1152.0,0.129891513671875,False,REGULAR,USD,2026-06-11,7451.7001953125,0.03625,call,1.0266113503616583,0.0082191780821917,0.975
SPXW260611C07655000,2026-06-08 15:17:56+00:00,7655.0,1.0,0.75,0.9,0.14999998,17.647057,12.0,218.0,0.129342202758789,False,REGULAR,USD,2026-06-11,7451.7001953125,0.03625,call,1.0272823381723524,0.0082191780821917,0.825
SPXW260611C07660000,2026-06-08 14:38:16+00:00,7660.0,0.75,0.7,0.85,-0.100000024,-11.764708,17.0,264.0,0.1307765145874023,False,REGULAR,USD,2026-06-11,7451.7001953125,0.03625,call,1.0279533259830462,0.0082191780821917,0.7749999999999999
SPXW260611C07665000,2026-06-08 14:45:12+00:00,7665.0,0.6,0.6,0.7,-0.14999998,-19.999998,67.0,153.0,0.1295253063964843,False,REGULAR,USD,2026-06-11,7451.7001953125,0.03625,call,1.02862431379374,0.0082191780821917,0.6499999999999999
SPXW260611C07670000,2026-06-08 14:21:56+00:00,7670.0,0.6,0.5,0.6,0.0,0.0,37.0,221.0,0.1290980645751953,False,REGULAR,USD,2026-06-11,7451.7001953125,0.03625,call,1.0292953016044342,0.0082191780821917,0.55
SPXW260611C07675000,2026-06-08 14:53:26+00:00,7675.0,0.56,0.5,0.55,-0.04000002,-6.6666694,263.0,1019.0,0.1299525482177734,False,REGULAR,USD,2026-06-11,7451.7001953125,0.03625,call,1.029966289415128,0.0082191780821917,0.525
SPXW260611C07680000,2026-06-08 14:56:43+00:00,7680.0,0.5,0.45,0.5,0.0,0.0,54.0,429.0,0.1306849627685546,False,REGULAR,USD,2026-06-11,7451.7001953125,0.03625,call,1.030637277225822,0.0082191780821917,0.475
SPXW260611C07685000,2026-06-08 15:24:59+00:00,7685.0,0.5,0.4,0.5,0.050000012,11.111114,242.0,200.0,0.1331263446044921,False,REGULAR,USD,2026-06-11,7451.7001953125,0.03625,call,1.0313082650365155,0.0082191780821917,0.45
SPXW260611C07690000,2026-06-08 15:24:59+00:00,7690.0,0.45,0.35,0.4,0.0,0.0,56.0,352.0,0.1316004809570312,False,REGULAR,USD,2026-06-11,7451.7001953125,0.03625,call,1.0319792528472096,0.0082191780821917,0.375
SPXW260611C07695000,2026-06-08 15:00:11+00:00,7695.0,0.42,0.35,0.4,0.06999999,19.999998,155.0,215.0,0.1339197937011718,False,REGULAR,USD,2026-06-11,7451.7001953125,0.03625,call,1.0326502406579037,0.0082191780821917,0.375
SPXW260611C07700000,2026-06-08 15:23:04+00:00,7700.0,0.35,0.3,0.35,-0.050000012,-12.500002,121.0,1292.0,0.1339197937011718,False,REGULAR,USD,2026-06-11,7451.7001953125,0.03625,call,1.0333212284685975,0.0082191780821917,0.3249999999999999
SPXW260611C07720000,2026-06-08 15:21:04+00:00,7720.0,0.25,0.2,0.25,0.0,0.0,51.0,486.0,0.1374597973632813,False,REGULAR,USD,2026-06-11,7451.7001953125,0.03625,call,1.036005179711373,0.0082191780821917,0.225
SPXW260611C07725000,2026-06-05 20:03:28+00:00,7725.0,0.25,0.2,0.25,0.049999997,24.999998,13.0,520.0,0.139657041015625,False,REGULAR,USD,2026-06-11,7451.7001953125,0.03625,call,1.0366761675220668,0.0082191780821917,0.225
SPXW260611C07740000,2026-06-08 15:06:08+00:00,7740.0,0.22,0.15,0.2,0.019999996,9.999997,5.0,434.0,0.14258669921875,False,REGULAR,USD,2026-06-11,7451.7001953125,0.03625,call,1.0386891309541486,0.0082191780821917,0.175
SPXW260611C07745000,2026-06-08 13:40:09+00:00,7745.0,0.17,0.15,0.2,0.019999996,13.333329,2.0,540.0,0.1447839428710937,False,REGULAR,USD,2026-06-11,7451.7001953125,0.03625,call,1.0393601187648425,0.0082191780821917,0.175
SPXW260611C07750000,2026-06-08 15:17:26+00:00,7750.0,0.2,0.15,0.2,0.049999997,33.33333,45.0,771.0,0.1469811865234375,False,REGULAR,USD,2026-06-11,7451.7001953125,0.03625,call,1.0400311065755363,0.0082191780821917,0.175
SPXW260611C07755000,2026-06-05 20:02:52+00:00,7755.0,0.2,0.15,0.2,0.049999997,49.999992,75.0,373.0,0.1490563610839843,False,REGULAR,USD,2026-06-11,7451.7001953125,0.03625,call,1.0407020943862302,0.0082191780821917,0.175
SPXW260612C07380000,2026-06-08 15:02:33+00:00,7380.0,114.0,103.6,103.9,45.83,67.22899,58.0,158.0,0.177643416519165,True,REGULAR,USD,2026-06-12,7451.7001953125,0.03625,call,0.9903780085841882,0.010958904109589,103.75
SPXW260612C07385000,2026-06-08 15:05:27+00:00,7385.0,107.3,97.0,97.3,41.130005,62.15809,103.0,115.0,0.1672675437164306,True,REGULAR,USD,2026-06-12,7451.7001953125,0.03625,call,0.991048996394882,0.010958904109589,97.15
SPXW260612C07390000,2026-06-08 14:57:50+00:00,7390.0,101.8,94.7,95.1,35.93,54.546833,34.0,274.0,0.1708533232879639,True,REGULAR,USD,2026-06-12,7451.7001953125,0.03625,call,0.991719984205576,0.010958904109589,94.9
SPXW260612C07395000,2026-06-08 15:01:04+00:00,7395.0,101.18,90.8,91.2,41.38,69.19733,44.0,910.0,0.16885444190979,True,REGULAR,USD,2026-06-12,7451.7001953125,0.03625,call,0.99239097201627,0.010958904109589,91.0
SPXW260612C07400000,2026-06-08 15:25:16+00:00,7400.0,96.1,87.6,88.0,38.1,65.68965,235.0,1259.0,0.1688582565689087,True,REGULAR,USD,2026-06-12,7451.7001953125,0.03625,call,0.9930619598269638,0.010958904109589,87.8
SPXW260612C07405000,2026-06-08 14:57:49+00:00,7405.0,94.01,85.2,85.6,24.71,35.656563,36.0,196.0,0.1710974614715576,True,REGULAR,USD,2026-06-12,7451.7001953125,0.03625,call,0.9937329476376576,0.010958904109589,85.4
SPXW260612C07410000,2026-06-08 14:57:49+00:00,7410.0,90.25,80.6,81.0,35.38,64.47968,68.0,379.0,0.1664893532562256,True,REGULAR,USD,2026-06-12,7451.7001953125,0.03625,call,0.9944039354483516,0.010958904109589,80.8
SPXW260612C07415000,2026-06-08 15:05:35+00:00,7415.0,85.85,77.7,78.1,35.649998,71.01593,181.0,313.0,0.1668288579177856,True,REGULAR,USD,2026-06-12,7451.7001953125,0.03625,call,0.9950749232590456,0.010958904109589,77.9
SPXW260612C07420000,2026-06-08 14:46:22+00:00,7420.0,83.75,77.1,77.5,32.52,63.47843,202.0,465.0,0.1737448348999023,True,REGULAR,USD,2026-06-12,7451.7001953125,0.03625,call,0.9957459110697392,0.010958904109589,77.3
SPXW260612C07425000,2026-06-08 15:29:17+00:00,7425.0,73.2,70.6,70.9,27.479996,60.104973,71.0,257.0,0.1628043925476074,True,REGULAR,USD,2026-06-12,7451.7001953125,0.03625,call,0.9964168988804332,0.010958904109589,70.75
SPXW260612C07430000,2026-06-08 15:21:04+00:00,7430.0,74.7,69.2,69.5,31.449997,72.71676,112.0,316.0,0.1669394830322266,True,REGULAR,USD,2026-06-12,7451.7001953125,0.03625,call,0.9970878866911272,0.010958904109589,69.35
SPXW260612C07435000,2026-06-08 14:54:06+00:00,7435.0,69.7,64.3,64.6,28.479996,69.09266,124.0,120.0,0.160691071395874,True,REGULAR,USD,2026-06-12,7451.7001953125,0.03625,call,0.997758874501821,0.010958904109589,64.44999999999999
SPXW260612C07440000,2026-06-08 14:58:38+00:00,7440.0,68.63,62.8,63.0,29.429996,75.07652,218.0,142.0,0.1638190918731689,True,REGULAR,USD,2026-06-12,7451.7001953125,0.03625,call,0.998429862312515,0.010958904109589,62.9
SPXW260612C07445000,2026-06-08 15:21:56+00:00,7445.0,63.4,58.1,58.4,25.400002,66.84211,97.0,213.0,0.1580894738769531,True,REGULAR,USD,2026-06-12,7451.7001953125,0.03625,call,0.9991008501232088,0.010958904109589,58.25
SPXW260612C07450000,2026-06-08 15:21:05+00:00,7450.0,61.61,57.4,57.7,26.21,74.03954,2455.0,2216.0,0.1633842207336426,True,REGULAR,USD,2026-06-12,7451.7001953125,0.03625,call,0.9997718379339028,0.010958904109589,57.55
SPXW260612C07455000,2026-06-08 15:27:42+00:00,7455.0,55.32,53.3,53.7,21.11,61.707104,293.0,318.0,0.1589859187698364,False,REGULAR,USD,2026-06-12,7451.7001953125,0.03625,call,1.0004428257445963,0.010958904109589,53.5
SPXW260612C07460000,2026-06-08 15:26:55+00:00,7460.0,52.3,51.8,52.1,17.899998,52.034874,237.0,204.0,0.1612861582183838,False,REGULAR,USD,2026-06-12,7451.7001953125,0.03625,call,1.0011138135552906,0.010958904109589,51.95
SPXW260612C07465000,2026-06-08 15:23:50+00:00,7465.0,52.52,47.1,47.5,22.220001,73.333336,316.0,421.0,0.154732573852539,False,REGULAR,USD,2026-06-12,7451.7001953125,0.03625,call,1.0017848013659845,0.010958904109589,47.3
SPXW260612C07470000,2026-06-08 15:24:36+00:00,7470.0,51.15,45.0,45.3,22.95,81.38297,227.0,240.0,0.1548737162399292,False,REGULAR,USD,2026-06-12,7451.7001953125,0.03625,call,1.0024557891766783,0.010958904109589,45.15
SPXW260612C07475000,2026-06-08 15:29:35+00:00,7475.0,41.3,41.2,41.4,14.23,52.567417,194.0,1105.0,0.1498536248397827,False,REGULAR,USD,2026-06-12,7451.7001953125,0.03625,call,1.0031267769873722,0.010958904109589,41.3
SPXW260612C07480000,2026-06-08 15:29:22+00:00,7480.0,40.64,39.0,39.3,6.4399986,18.830406,139.0,508.0,0.1498307368850708,False,REGULAR,USD,2026-06-12,7451.7001953125,0.03625,call,1.003797764798066,0.010958904109589,39.15
SPXW260612C07485000,2026-06-08 15:19:38+00:00,7485.0,43.18,37.7,38.0,19.89,85.40146,78.0,207.0,0.1519555020141602,False,REGULAR,USD,2026-06-12,7451.7001953125,0.03625,call,1.00446875260876,0.010958904109589,37.85
SPXW260612C07490000,2026-06-08 15:28:48+00:00,7490.0,37.3,36.2,36.5,15.139999,68.3213,229.0,301.0,0.1533058913421631,False,REGULAR,USD,2026-06-12,7451.7001953125,0.03625,call,1.005139740419454,0.010958904109589,36.35
SPXW260612C07495000,2026-06-08 15:23:41+00:00,7495.0,36.63,32.0,32.4,14.030001,62.07965,81.0,297.0,0.1466073499298095,False,REGULAR,USD,2026-06-12,7451.7001953125,0.03625,call,1.0058107282301478,0.010958904109589,32.2
SPXW260612C07500000,2026-06-08 15:29:21+00:00,7500.0,31.5,29.3,29.8,12.209999,63.297035,1134.0,2594.0,0.1441011188888549,False,REGULAR,USD,2026-06-12,7451.7001953125,0.03625,call,1.0064817160408417,0.010958904109589,29.55
SPXW260612C07505000,2026-06-08 15:20:47+00:00,7505.0,33.24,28.4,28.7,15.250002,84.76933,129.0,464.0,0.1459817458343505,False,REGULAR,USD,2026-06-12,7451.7001953125,0.03625,call,1.0071527038515355,0.010958904109589,28.55
SPXW260612C07510000,2026-06-08 15:25:00+00:00,7510.0,31.1,26.5,26.7,13.700001,78.73564,211.0,606.0,0.1448449774169922,False,REGULAR,USD,2026-06-12,7451.7001953125,0.03625,call,1.0078236916622294,0.010958904109589,26.6
SPXW260612C07515000,2026-06-08 15:28:40+00:00,7515.0,26.8,25.5,25.8,10.799999,67.49999,92.0,912.0,0.1469888158416748,False,REGULAR,USD,2026-06-12,7451.7001953125,0.03625,call,1.0084946794729233,0.010958904109589,25.65
SPXW260612C07520000,2026-06-08 15:26:45+00:00,7520.0,24.3,24.0,24.3,9.119999,60.07904,833.0,497.0,0.147019333114624,False,REGULAR,USD,2026-06-12,7451.7001953125,0.03625,call,1.0091656672836171,0.010958904109589,24.15
SPXW260612C07525000,2026-06-08 15:28:59+00:00,7525.0,22.63,22.0,22.2,8.709999,62.57183,769.0,1737.0,0.1447992015075683,False,REGULAR,USD,2026-06-12,7451.7001953125,0.03625,call,1.0098366550943112,0.010958904109589,22.1
SPXW260612C07530000,2026-06-08 15:26:40+00:00,7530.0,21.2,19.6,19.9,7.9900007,60.484486,176.0,423.0,0.1415414826202392,False,REGULAR,USD,2026-06-12,7451.7001953125,0.03625,call,1.010507642905005,0.010958904109589,19.75
SPXW260612C07535000,2026-06-08 15:21:15+00:00,7535.0,21.1,18.0,18.2,9.1,75.833336,130.0,336.0,0.1400156189727783,False,REGULAR,USD,2026-06-12,7451.7001953125,0.03625,call,1.011178630715699,0.010958904109589,18.1
SPXW260612C07540000,2026-06-08 15:18:09+00:00,7540.0,19.03,16.7,17.0,7.4300003,64.05172,214.0,857.0,0.1400156189727783,False,REGULAR,USD,2026-06-12,7451.7001953125,0.03625,call,1.0118496185263928,0.010958904109589,16.85
SPXW260612C07545000,2026-06-08 15:20:48+00:00,7545.0,17.71,14.9,15.2,6.3199987,55.48726,259.0,336.0,0.1374750559997559,False,REGULAR,USD,2026-06-12,7451.7001953125,0.03625,call,1.0125206063370866,0.010958904109589,15.05
SPXW260612C07550000,2026-06-08 15:29:30+00:00,7550.0,14.4,14.0,14.3,4.67,47.99589,734.0,2761.0,0.1381006600952148,False,REGULAR,USD,2026-06-12,7451.7001953125,0.03625,call,1.0131915941477807,0.010958904109589,14.15
SPXW260612C07555000,2026-06-08 15:10:37+00:00,7555.0,15.76,12.7,12.8,5.66,56.0396,225.0,559.0,0.1360560028076172,False,REGULAR,USD,2026-06-12,7451.7001953125,0.03625,call,1.0138625819584746,0.010958904109589,12.75
SPXW260612C07560000,2026-06-08 15:28:06+00:00,7560.0,13.01,11.7,11.9,4.6100006,54.880962,356.0,1737.0,0.136178071899414,False,REGULAR,USD,2026-06-12,7451.7001953125,0.03625,call,1.0145335697691684,0.010958904109589,11.8
SPXW260612C07565000,2026-06-08 15:14:44+00:00,7565.0,12.9,11.6,11.8,5.1899996,67.31517,175.0,429.0,0.1396036357879639,False,REGULAR,USD,2026-06-12,7451.7001953125,0.03625,call,1.0152045575798625,0.010958904109589,11.7
SPXW260612C07570000,2026-06-08 15:18:29+00:00,7570.0,11.86,9.6,9.8,4.7099996,65.87412,281.0,900.0,0.1343012596130371,False,REGULAR,USD,2026-06-12,7451.7001953125,0.03625,call,1.015875545390556,0.010958904109589,9.7
SPXW260612C07575000,2026-06-08 15:28:39+00:00,7575.0,9.9,8.6,8.8,3.3699994,51.607952,587.0,1530.0,0.1331034566497802,False,REGULAR,USD,2026-06-12,7451.7001953125,0.03625,call,1.01654653320125,0.010958904109589,8.7
SPXW260612C07580000,2026-06-08 15:25:58+00:00,7580.0,9.3,7.9,8.2,3.5,60.344826,321.0,1029.0,0.1336146209716797,False,REGULAR,USD,2026-06-12,7451.7001953125,0.03625,call,1.017217521011944,0.010958904109589,8.05
SPXW260612C07585000,2026-06-08 15:21:45+00:00,7585.0,8.53,7.9,8.1,3.0299997,55.090904,184.0,281.0,0.1365824257659912,False,REGULAR,USD,2026-06-12,7451.7001953125,0.03625,call,1.017888508822638,0.010958904109589,8.0
SPXW260612C07590000,2026-06-08 15:27:47+00:00,7590.0,7.3,6.6,6.8,1.52,26.297577,279.0,1108.0,0.1328669477844238,False,REGULAR,USD,2026-06-12,7451.7001953125,0.03625,call,1.0185594966333318,0.010958904109589,6.699999999999999
SPXW260612C07595000,2026-06-08 15:25:58+00:00,7595.0,6.9,5.8,6.0,2.1399999,44.957977,83.0,367.0,0.1314326359558105,False,REGULAR,USD,2026-06-12,7451.7001953125,0.03625,call,1.0192304844440256,0.010958904109589,5.9
SPXW260612C07600000,2026-06-08 15:29:39+00:00,7600.0,5.33,5.2,5.4,1.1300001,26.904766,956.0,6096.0,0.1308680664062499,False,REGULAR,USD,2026-06-12,7451.7001953125,0.03625,call,1.0199014722547195,0.010958904109589,5.300000000000001
SPXW260612C07605000,2026-06-08 15:28:23+00:00,7605.0,5.47,4.9,5.1,1.6699998,43.947365,171.0,394.0,0.1320277227783203,False,REGULAR,USD,2026-06-12,7451.7001953125,0.03625,call,1.0205724600654134,0.010958904109589,5.0
SPXW260612C07610000,2026-06-08 15:21:59+00:00,7610.0,5.0,4.2,4.4,1.04,26.262627,456.0,1038.0,0.1301814277648925,False,REGULAR,USD,2026-06-12,7451.7001953125,0.03625,call,1.0212434478761074,0.010958904109589,4.300000000000001
SPXW260612C07615000,2026-06-08 15:28:01+00:00,7615.0,4.28,3.8,4.0,1.0000002,30.487812,115.0,1493.0,0.1301661691284179,False,REGULAR,USD,2026-06-12,7451.7001953125,0.03625,call,1.0219144356868013,0.010958904109589,3.9
SPXW260612C07620000,2026-06-08 15:28:32+00:00,7620.0,3.9,3.4,3.5,1.1000001,39.28572,614.0,1084.0,0.1290370300292968,False,REGULAR,USD,2026-06-12,7451.7001953125,0.03625,call,1.0225854234974951,0.010958904109589,3.45
SPXW260612C07625000,2026-06-08 15:28:08+00:00,7625.0,3.5,3.0,3.2,0.9000001,34.615387,1963.0,915.0,0.1292964268493652,False,REGULAR,USD,2026-06-12,7451.7001953125,0.03625,call,1.023256411308189,0.010958904109589,3.1
SPXW260612C07630000,2026-06-08 15:28:02+00:00,7630.0,3.05,2.95,3.1,0.75,32.608696,1005.0,1155.0,0.131219015045166,False,REGULAR,USD,2026-06-12,7451.7001953125,0.03625,call,1.0239273991188829,0.010958904109589,3.0250000000000004
SPXW260612C07635000,2026-06-08 15:27:51+00:00,7635.0,2.75,2.6,2.7,0.23000002,9.126985,261.0,1801.0,0.1301356518554687,False,REGULAR,USD,2026-06-12,7451.7001953125,0.03625,call,1.0245983869295767,0.010958904109589,2.6500000000000004
SPXW260612C07640000,2026-06-08 15:29:22+00:00,7640.0,2.35,2.15,2.3,0.14999986,6.8181753,1023.0,3067.0,0.1286097882080077,False,REGULAR,USD,2026-06-12,7451.7001953125,0.03625,call,1.0252693747402708,0.010958904109589,2.225
SPXW260612C07645000,2026-06-08 15:27:51+00:00,7645.0,2.2,2.05,2.15,0.25,12.820513,217.0,255.0,0.1295558236694335,False,REGULAR,USD,2026-06-12,7451.7001953125,0.03625,call,1.0259403625509649,0.010958904109589,2.1
SPXW260612C07650000,2026-06-08 15:29:31+00:00,7650.0,1.79,1.65,1.75,0.28999996,19.33333,1349.0,3755.0,0.127114441833496,False,REGULAR,USD,2026-06-12,7451.7001953125,0.03625,call,1.0266113503616583,0.010958904109589,1.7
SPXW260612C07655000,2026-06-08 15:28:01+00:00,7655.0,1.72,1.65,1.75,0.17000008,10.967747,140.0,481.0,0.1296778927612304,False,REGULAR,USD,2026-06-12,7451.7001953125,0.03625,call,1.0272823381723524,0.010958904109589,1.7
SPXW260612C07660000,2026-06-08 15:22:03+00:00,7660.0,1.65,1.45,1.55,0.20999992,14.583327,457.0,1012.0,0.1293727200317382,False,REGULAR,USD,2026-06-12,7451.7001953125,0.03625,call,1.0279533259830462,0.010958904109589,1.5
SPXW260612C07665000,2026-06-08 15:18:29+00:00,7665.0,1.6,1.35,1.4,0.46000004,40.35088,99.0,449.0,0.1295558236694335,False,REGULAR,USD,2026-06-12,7451.7001953125,0.03625,call,1.02862431379374,0.010958904109589,1.375
SPXW260612C07670000,2026-06-08 15:23:54+00:00,7670.0,1.35,1.1,1.2,0.30000007,28.571438,321.0,1549.0,0.1286097882080077,False,REGULAR,USD,2026-06-12,7451.7001953125,0.03625,call,1.0292953016044342,0.010958904109589,1.15
SPXW260612C07675000,2026-06-08 15:24:33+00:00,7675.0,1.25,1.05,1.15,0.27999997,28.865974,1728.0,2115.0,0.1301051345825195,False,REGULAR,USD,2026-06-12,7451.7001953125,0.03625,call,1.029966289415128,0.010958904109589,1.1
SPXW260612C07680000,2026-06-08 15:24:09+00:00,7680.0,1.1,0.9,1.0,0.20000005,22.222227,195.0,1049.0,0.1295558236694335,False,REGULAR,USD,2026-06-12,7451.7001953125,0.03625,call,1.030637277225822,0.010958904109589,0.95
SPXW260612C07685000,2026-06-08 15:04:30+00:00,7685.0,1.01,0.75,0.85,0.060000002,6.3157897,52.0,355.0,0.1286097882080077,False,REGULAR,USD,2026-06-12,7451.7001953125,0.03625,call,1.0313082650365155,0.010958904109589,0.8
SPXW260612C07690000,2026-06-08 14:43:01+00:00,7690.0,0.7,0.75,0.85,-0.050000012,-6.666668,56.0,560.0,0.1309291009521484,False,REGULAR,USD,2026-06-12,7451.7001953125,0.03625,call,1.0319792528472096,0.010958904109589,0.8
SPXW260612C07695000,2026-06-08 15:04:16+00:00,7695.0,0.82,0.65,0.8,0.20999998,34.426224,60.0,429.0,0.1319666882324218,False,REGULAR,USD,2026-06-12,7451.7001953125,0.03625,call,1.0326502406579037,0.010958904109589,0.7250000000000001
SPXW260612C07700000,2026-06-08 15:24:07+00:00,7700.0,0.7,0.6,0.7,0.14999998,27.272724,1257.0,3375.0,0.1316615155029297,False,REGULAR,USD,2026-06-12,7451.7001953125,0.03625,call,1.0333212284685975,0.010958904109589,0.6499999999999999
SPXW260612C07705000,2026-06-08 15:23:54+00:00,7705.0,0.64,0.5,0.6,0.050000012,8.474578,89.0,309.0,0.1309901354980468,False,REGULAR,USD,2026-06-12,7451.7001953125,0.03625,call,1.0339922162792914,0.010958904109589,0.55
SPXW260612C07710000,2026-06-08 15:18:48+00:00,7710.0,0.6,0.5,0.6,0.08000004,15.384624,219.0,781.0,0.1331263446044921,False,REGULAR,USD,2026-06-12,7451.7001953125,0.03625,call,1.0346632040899852,0.010958904109589,0.55
SPXW260612C07715000,2026-06-08 14:29:00+00:00,7715.0,0.5,0.45,0.55,0.099999994,24.999998,67.0,377.0,0.1337366900634765,False,REGULAR,USD,2026-06-12,7451.7001953125,0.03625,call,1.035334191900679,0.010958904109589,0.5
SPXW260612C07720000,2026-06-08 15:15:00+00:00,7720.0,0.5,0.45,0.5,0.15,42.857147,116.0,1957.0,0.1341639318847656,False,REGULAR,USD,2026-06-12,7451.7001953125,0.03625,call,1.036005179711373,0.010958904109589,0.475
SPXW260612C07725000,2026-06-08 14:54:36+00:00,7725.0,0.45,0.35,0.45,0.099999994,28.571426,142.0,1752.0,0.1344080700683594,False,REGULAR,USD,2026-06-12,7451.7001953125,0.03625,call,1.0366761675220668,0.010958904109589,0.4
SPXW260612C07730000,2026-06-08 14:22:45+00:00,7730.0,0.35,0.35,0.45,0.0,0.0,10.0,950.0,0.1364832446289062,False,REGULAR,USD,2026-06-12,7451.7001953125,0.03625,call,1.037347155332761,0.010958904109589,0.4
SPXW260612C07735000,2026-06-08 14:17:42+00:00,7735.0,0.35,0.3,0.4,0.099999994,39.999996,52.0,435.0,0.1364832446289062,False,REGULAR,USD,2026-06-12,7451.7001953125,0.03625,call,1.0380181431434548,0.010958904109589,0.35
SPXW260612C07740000,2026-06-08 15:25:03+00:00,7740.0,0.4,0.3,0.4,0.15,60.000004,31.0,1114.0,0.1385584191894531,False,REGULAR,USD,2026-06-12,7451.7001953125,0.03625,call,1.0386891309541486,0.010958904109589,0.35
SPXW260612C07745000,2026-06-08 13:35:05+00:00,7745.0,0.4,0.3,0.35,0.15,60.000004,3.0,229.0,0.1383142810058593,False,REGULAR,USD,2026-06-12,7451.7001953125,0.03625,call,1.0393601187648425,0.010958904109589,0.3249999999999999
SPXW260612C07755000,2026-06-08 14:54:41+00:00,7755.0,0.3,0.25,0.3,0.10000001,50.000004,18.0,436.0,0.1397180755615234,False,REGULAR,USD,2026-06-12,7451.7001953125,0.03625,call,1.0407020943862302,0.010958904109589,0.275
SPXW260612C07760000,2026-06-08 15:09:55+00:00,7760.0,0.32,0.25,0.3,0.16999999,113.33331,97.0,655.0,0.1417322155761718,False,REGULAR,USD,2026-06-12,7451.7001953125,0.03625,call,1.0413730821969245,0.010958904109589,0.275
SPXW260612C07780000,2026-06-08 14:10:15+00:00,7780.0,0.23,0.2,0.25,0.08,53.333332,11.0,659.0,0.14649291015625,False,REGULAR,USD,2026-06-12,7451.7001953125,0.03625,call,1.0440570334396997,0.010958904109589,0.225
SPXW260612C07790000,2026-06-08 14:16:53+00:00,7790.0,0.19,0.2,0.25,0.089999996,90.0,7.0,655.0,0.15039912109375,False,REGULAR,USD,2026-06-12,7451.7001953125,0.03625,call,1.0453990090610876,0.010958904109589,0.225
SPXW260612C07820000,2026-06-08 14:21:50+00:00,7820.0,0.2,0.15,0.2,0.049999997,33.33333,44.0,603.0,0.1579674047851562,False,REGULAR,USD,2026-06-12,7451.7001953125,0.03625,call,1.049424935925251,0.010958904109589,0.175
SPXW260612C07825000,2026-06-08 15:15:23+00:00,7825.0,0.2,0.15,0.2,0.049999997,33.33333,12.0,1267.0,0.1597984411621093,False,REGULAR,USD,2026-06-12,7451.7001953125,0.03625,call,1.0500959237359448,0.010958904109589,0.175
SPXW260612C07830000,2026-06-08 14:05:22+00:00,7830.0,0.17,0.15,0.2,0.019999996,13.333329,6.0,690.0,0.1616294775390624,False,REGULAR,USD,2026-06-12,7451.7001953125,0.03625,call,1.0507669115466387,0.010958904109589,0.175
SPXW260612C07840000,2026-06-05 20:03:28+00:00,7840.0,0.15,0.15,0.2,0.0,0.0,181.0,408.0,0.1652915502929687,False,REGULAR,USD,2026-06-12,7451.7001953125,0.03625,call,1.0521088871680264,0.010958904109589,0.175
SPXW260612C07850000,2026-06-08 13:47:51+00:00,7850.0,0.2,0.15,0.2,0.1,100.0,6.0,2373.0,0.168953623046875,False,REGULAR,USD,2026-06-12,7451.7001953125,0.03625,call,1.0534508627894144,0.010958904109589,0.175
SPXW260612C07925000,2026-06-08 15:27:13+00:00,7925.0,0.15,0.15,0.2,0.050000004,50.000004,23.0,99.0,0.196297099609375,False,REGULAR,USD,2026-06-12,7451.7001953125,0.03625,call,1.0635156799498229,0.010958904109589,0.175
SPXW260615C07380000,2026-06-08 14:01:03+00:00,7380.0,119.19,112.0,112.3,6.720001,5.974928,33.0,22.0,0.1609886148071289,True,REGULAR,USD,2026-06-15,7451.7001953125,0.03625,call,0.9903780085841882,0.0191780821917808,112.15
SPXW260615C07385000,2026-06-08 15:13:37+00:00,7385.0,115.32,108.3,108.7,31.32,37.285713,40.0,52.0,0.1601112432098388,True,REGULAR,USD,2026-06-15,7451.7001953125,0.03625,call,0.991048996394882,0.0191780821917808,108.5
SPXW260615C07390000,2026-06-08 14:14:49+00:00,7390.0,110.78,101.0,101.4,41.78,60.550724,13.0,56.0,0.1501015776824951,True,REGULAR,USD,2026-06-15,7451.7001953125,0.03625,call,0.991719984205576,0.0191780821917808,101.2
SPXW260615C07395000,2026-06-08 15:26:40+00:00,7395.0,102.6,101.2,101.5,23.199997,29.21914,13.0,17.0,0.1580284393310547,True,REGULAR,USD,2026-06-15,7451.7001953125,0.03625,call,0.99239097201627,0.0191780821917808,101.35
SPXW260615C07400000,2026-06-08 15:25:42+00:00,7400.0,101.5,93.4,93.8,26.25,34.88372,31.0,651.0,0.1470078891372681,True,REGULAR,USD,2026-06-15,7451.7001953125,0.03625,call,0.9930619598269638,0.0191780821917808,93.6
SPXW260615C07405000,2026-06-08 14:51:03+00:00,7405.0,91.35,93.1,93.5,20.409996,28.770786,4.0,60.0,0.1536072494125366,True,REGULAR,USD,2026-06-15,7451.7001953125,0.03625,call,0.9937329476376576,0.0191780821917808,93.3
SPXW260615C07410000,2026-06-08 14:51:03+00:00,7410.0,87.9,88.8,89.1,26.880001,44.051132,26.0,104.0,0.1503075692749023,True,REGULAR,USD,2026-06-15,7451.7001953125,0.03625,call,0.9944039354483516,0.0191780821917808,88.94999999999999
SPXW260615C07415000,2026-06-08 15:02:49+00:00,7415.0,94.4,84.3,84.6,17.18,22.248121,14.0,6.0,0.1466874577713012,True,REGULAR,USD,2026-06-15,7451.7001953125,0.03625,call,0.9950749232590456,0.0191780821917808,84.44999999999999
SPXW260615C07420000,2026-06-08 13:50:10+00:00,7420.0,78.92,83.8,84.2,25.719997,48.34586,15.0,117.0,0.1524971836090088,True,REGULAR,USD,2026-06-15,7451.7001953125,0.03625,call,0.9957459110697392,0.0191780821917808,84.0
SPXW260615C07425000,2026-06-08 15:24:25+00:00,7425.0,86.37,78.6,79.1,33.590004,63.64154,35.0,504.0,0.1472520273208618,True,REGULAR,USD,2026-06-15,7451.7001953125,0.03625,call,0.9964168988804332,0.0191780821917808,78.85
SPXW260615C07430000,2026-06-08 14:58:27+00:00,7430.0,80.59,74.1,74.7,27.259995,51.115685,50.0,87.0,0.1435251053619385,True,REGULAR,USD,2026-06-15,7451.7001953125,0.03625,call,0.9970878866911272,0.0191780821917808,74.4
SPXW260615C07435000,2026-06-08 15:24:13+00:00,7435.0,79.77,70.6,71.1,32.779995,69.759514,23.0,16.0,0.141522409324646,True,REGULAR,USD,2026-06-15,7451.7001953125,0.03625,call,0.997758874501821,0.0191780821917808,70.85
SPXW260615C07440000,2026-06-08 15:19:42+00:00,7440.0,76.65,67.4,67.8,15.950001,26.276773,142.0,163.0,0.1400766535186767,True,REGULAR,USD,2026-06-15,7451.7001953125,0.03625,call,0.998429862312515,0.0191780821917808,67.6
SPXW260615C07445000,2026-06-08 15:26:40+00:00,7445.0,68.7,68.0,68.3,13.089996,23.538925,47.0,13.0,0.1471337728881835,True,REGULAR,USD,2026-06-15,7451.7001953125,0.03625,call,0.9991008501232088,0.0191780821917808,68.15
SPXW260615C07450000,2026-06-08 15:25:42+00:00,7450.0,67.7,63.4,63.7,23.749996,54.03867,126.0,630.0,0.1424379275131225,True,REGULAR,USD,2026-06-15,7451.7001953125,0.03625,call,0.9997718379339028,0.0191780821917808,63.55
SPXW260615C07455000,2026-06-08 15:27:03+00:00,7455.0,62.4,59.5,59.9,13.100002,26.572014,50.0,62.0,0.1394205321502686,False,REGULAR,USD,2026-06-15,7451.7001953125,0.03625,call,1.0004428257445963,0.0191780821917808,59.7
SPXW260615C07460000,2026-06-08 14:58:52+00:00,7460.0,61.61,56.9,57.2,10.920002,21.542715,42.0,165.0,0.1387605961227417,False,REGULAR,USD,2026-06-15,7451.7001953125,0.03625,call,1.0011138135552906,0.0191780821917808,57.05
SPXW260615C07465000,2026-06-08 15:11:04+00:00,7465.0,61.6,54.8,55.2,14.799999,31.62393,53.0,60.0,0.1395426012420654,False,REGULAR,USD,2026-06-15,7451.7001953125,0.03625,call,1.0017848013659845,0.0191780821917808,55.0
SPXW260615C07470000,2026-06-08 15:27:47+00:00,7470.0,54.33,50.7,51.2,9.68,21.679731,37.0,133.0,0.1356096876907349,False,REGULAR,USD,2026-06-15,7451.7001953125,0.03625,call,1.0024557891766783,0.0191780821917808,50.95
SPXW260615C07475000,2026-06-08 15:28:48+00:00,7475.0,51.82,48.6,48.9,18.05,53.449802,68.0,288.0,0.135399881439209,False,REGULAR,USD,2026-06-15,7451.7001953125,0.03625,call,1.0031267769873722,0.0191780821917808,48.75
SPXW260615C07480000,2026-06-08 15:07:23+00:00,7480.0,52.82,45.9,46.2,20.75,64.70222,57.0,54.0,0.1341143413162231,False,REGULAR,USD,2026-06-15,7451.7001953125,0.03625,call,1.003797764798066,0.0191780821917808,46.05
SPXW260615C07485000,2026-06-08 14:42:13+00:00,7485.0,49.7,43.9,44.2,15.869999,46.91102,39.0,11.0,0.1342860009765625,False,REGULAR,USD,2026-06-15,7451.7001953125,0.03625,call,1.00446875260876,0.0191780821917808,44.05
SPXW260615C07490000,2026-06-08 15:28:48+00:00,7490.0,44.35,42.9,43.1,16.609999,59.87743,74.0,182.0,0.1364107661056518,False,REGULAR,USD,2026-06-15,7451.7001953125,0.03625,call,1.005139740419454,0.0191780821917808,43.0
SPXW260615C07495000,2026-06-08 14:56:17+00:00,7495.0,43.58,38.4,38.9,17.390001,66.39939,20.0,35.0,0.1310969459533691,False,REGULAR,USD,2026-06-15,7451.7001953125,0.03625,call,1.0058107282301478,0.0191780821917808,38.65
SPXW260615C07500000,2026-06-08 15:21:20+00:00,7500.0,41.15,37.1,37.6,17.350002,72.89917,199.0,1763.0,0.1324511499404907,False,REGULAR,USD,2026-06-15,7451.7001953125,0.03625,call,1.0064817160408417,0.0191780821917808,37.35
SPXW260615C07505000,2026-06-08 15:21:20+00:00,7505.0,38.85,34.4,34.7,16.679998,75.2368,36.0,206.0,0.1298114058303833,False,REGULAR,USD,2026-06-15,7451.7001953125,0.03625,call,1.0071527038515355,0.0191780821917808,34.55
SPXW260615C07510000,2026-06-08 14:46:39+00:00,7510.0,37.54,32.7,33.2,14.110001,60.221935,81.0,198.0,0.1303797900390624,False,REGULAR,USD,2026-06-15,7451.7001953125,0.03625,call,1.0078236916622294,0.0191780821917808,32.95
SPXW260615C07515000,2026-06-08 14:30:44+00:00,7515.0,35.48,30.7,31.9,9.629999,37.253384,15.0,52.0,0.1312991228866576,False,REGULAR,USD,2026-06-15,7451.7001953125,0.03625,call,1.0084946794729233,0.0191780821917808,31.3
SPXW260615C07520000,2026-06-08 15:28:03+00:00,7520.0,30.9,29.8,30.1,11.0,55.276382,120.0,215.0,0.1308299198150634,False,REGULAR,USD,2026-06-15,7451.7001953125,0.03625,call,1.0091656672836171,0.0191780821917808,29.950000000000003
SPXW260615C07525000,2026-06-08 15:24:06+00:00,7525.0,31.1,27.2,27.5,11.35,57.468353,386.0,1430.0,0.1281291411590576,False,REGULAR,USD,2026-06-15,7451.7001953125,0.03625,call,1.0098366550943112,0.0191780821917808,27.35
SPXW260615C07530000,2026-06-08 15:19:54+00:00,7530.0,29.9,25.9,26.2,6.5,27.777779,106.0,187.0,0.1285830855941772,False,REGULAR,USD,2026-06-15,7451.7001953125,0.03625,call,1.010507642905005,0.0191780821917808,26.05
SPXW260615C07535000,2026-06-08 15:28:03+00:00,7535.0,25.4,23.4,23.6,4.1800003,19.6984,50.0,68.0,0.1253978452301025,False,REGULAR,USD,2026-06-15,7451.7001953125,0.03625,call,1.011178630715699,0.0191780821917808,23.5
SPXW260615C07540000,2026-06-08 15:23:17+00:00,7540.0,24.0,23.3,23.6,4.8999996,25.654448,65.0,198.0,0.1290522886657714,False,REGULAR,USD,2026-06-15,7451.7001953125,0.03625,call,1.0118496185263928,0.0191780821917808,23.450000000000003
SPXW260615C07545000,2026-06-08 15:20:48+00:00,7545.0,24.15,21.3,21.6,7.949999,49.074062,20.0,106.0,0.1271068125152587,False,REGULAR,USD,2026-06-15,7451.7001953125,0.03625,call,1.0125206063370866,0.0191780821917808,21.450000000000003
SPXW260615C07550000,2026-06-08 15:22:44+00:00,7550.0,20.9,20.2,20.5,2.6999989,14.835157,1304.0,1904.0,0.1274844637680053,False,REGULAR,USD,2026-06-15,7451.7001953125,0.03625,call,1.0131915941477807,0.0191780821917808,20.35
SPXW260615C07555000,2026-06-08 14:58:41+00:00,7555.0,19.94,17.5,17.7,7.4400005,59.520004,95.0,51.0,0.1226741786193847,False,REGULAR,USD,2026-06-15,7451.7001953125,0.03625,call,1.0138625819584746,0.0191780821917808,17.6
SPXW260615C07560000,2026-06-08 14:57:03+00:00,7560.0,17.82,16.5,16.8,2.7199993,18.01324,74.0,212.0,0.1232387481689453,False,REGULAR,USD,2026-06-15,7451.7001953125,0.03625,call,1.0145335697691684,0.0191780821917808,16.65
SPXW260615C07565000,2026-06-08 15:01:17+00:00,7565.0,18.03,15.2,15.4,4.130001,29.71224,36.0,150.0,0.1220867211151123,False,REGULAR,USD,2026-06-15,7451.7001953125,0.03625,call,1.0152045575798625,0.0191780821917808,15.3
SPXW260615C07570000,2026-06-08 15:21:55+00:00,7570.0,15.87,14.0,14.3,2.8199997,21.609192,1361.0,219.0,0.1216747379302978,False,REGULAR,USD,2026-06-15,7451.7001953125,0.03625,call,1.015875545390556,0.0191780821917808,14.15
SPXW260615C07575000,2026-06-08 15:07:54+00:00,7575.0,15.62,13.2,13.4,5.88,60.36961,529.0,675.0,0.1217472164535522,False,REGULAR,USD,2026-06-15,7451.7001953125,0.03625,call,1.01654653320125,0.0191780821917808,13.3
SPXW260615C07580000,2026-06-08 15:18:17+00:00,7580.0,13.74,12.7,13.0,4.91,55.60589,913.0,383.0,0.123406593170166,False,REGULAR,USD,2026-06-15,7451.7001953125,0.03625,call,1.017217521011944,0.0191780821917808,12.85
SPXW260615C07585000,2026-06-08 15:15:30+00:00,7585.0,13.5,12.0,12.2,1.8999996,16.379307,53.0,182.0,0.1235668088531494,False,REGULAR,USD,2026-06-15,7451.7001953125,0.03625,call,1.017888508822638,0.0191780821917808,12.1
SPXW260615C07590000,2026-06-08 15:21:55+00:00,7590.0,11.47,10.7,10.9,-0.43999958,-3.694371,125.0,136.0,0.1216899965667724,False,REGULAR,USD,2026-06-15,7451.7001953125,0.03625,call,1.0185594966333318,0.0191780821917808,10.8
SPXW260615C07595000,2026-06-08 15:11:20+00:00,7595.0,11.5,9.2,9.4,4.45,63.12056,41.0,247.0,0.1186611572265625,False,REGULAR,USD,2026-06-15,7451.7001953125,0.03625,call,1.0192304844440256,0.0191780821917808,9.3
SPXW260615C07600000,2026-06-08 15:24:52+00:00,7600.0,10.28,8.2,8.4,4.4799995,77.24136,794.0,1492.0,0.1172573626708984,False,REGULAR,USD,2026-06-15,7451.7001953125,0.03625,call,1.0199014722547195,0.0191780821917808,8.3
SPXW260615C07605000,2026-06-08 15:06:16+00:00,7605.0,9.6,7.5,7.7,2.1000004,28.000004,116.0,266.0,0.1168758967590332,False,REGULAR,USD,2026-06-15,7451.7001953125,0.03625,call,1.0205724600654134,0.0191780821917808,7.6
SPXW260615C07610000,2026-06-08 15:15:30+00:00,7610.0,8.55,6.8,7.0,1.8200002,27.043093,125.0,135.0,0.1162808099365234,False,REGULAR,USD,2026-06-15,7451.7001953125,0.03625,call,1.0212434478761074,0.0191780821917808,6.9
SPXW260615C07615000,2026-06-08 15:23:35+00:00,7615.0,7.21,6.6,6.8,2.1399999,42.20907,129.0,159.0,0.117898225402832,False,REGULAR,USD,2026-06-15,7451.7001953125,0.03625,call,1.0219144356868013,0.0191780821917808,6.699999999999999
SPXW260615C07620000,2026-06-08 15:26:04+00:00,7620.0,6.57,5.6,5.8,1.6700001,34.08163,150.0,152.0,0.1153805503845215,False,REGULAR,USD,2026-06-15,7451.7001953125,0.03625,call,1.0225854234974951,0.0191780821917808,5.699999999999999
SPXW260615C07625000,2026-06-08 15:26:04+00:00,7625.0,6.02,5.5,5.7,2.42,67.22222,71.0,591.0,0.1173336558532714,False,REGULAR,USD,2026-06-15,7451.7001953125,0.03625,call,1.023256411308189,0.0191780821917808,5.6
SPXW260615C07630000,2026-06-08 15:27:29+00:00,7630.0,5.09,5.1,5.3,0.17000008,3.455286,56.0,197.0,0.1175777940368652,False,REGULAR,USD,2026-06-15,7451.7001953125,0.03625,call,1.0239273991188829,0.0191780821917808,5.199999999999999
SPXW260615C07635000,2026-06-08 14:40:09+00:00,7635.0,4.35,4.6,4.8,-0.099999905,-2.247189,16.0,89.0,0.1170818883514404,False,REGULAR,USD,2026-06-15,7451.7001953125,0.03625,call,1.0245983869295767,0.0191780821917808,4.699999999999999
SPXW260615C07640000,2026-06-08 14:28:54+00:00,7640.0,4.86,3.7,4.0,1.7400002,55.76924,24.0,160.0,0.1143887390136718,False,REGULAR,USD,2026-06-15,7451.7001953125,0.03625,call,1.0252693747402708,0.0191780821917808,3.85
SPXW260615C07645000,2026-06-08 14:02:21+00:00,7645.0,3.51,3.7,3.9,0.69000006,24.468088,4.0,67.0,0.116021413116455,False,REGULAR,USD,2026-06-15,7451.7001953125,0.03625,call,1.0259403625509649,0.0191780821917808,3.8
SPXW260615C07650000,2026-06-08 15:23:46+00:00,7650.0,3.7,3.4,3.6,0.31999993,9.467453,271.0,789.0,0.1161892581176757,False,REGULAR,USD,2026-06-15,7451.7001953125,0.03625,call,1.0266113503616583,0.0191780821917808,3.5
SPXW260615C07655000,2026-06-08 14:34:38+00:00,7655.0,2.66,3.0,3.2,-1.04,-28.108109,53.0,61.0,0.1154263262939453,False,REGULAR,USD,2026-06-15,7451.7001953125,0.03625,call,1.0272823381723524,0.0191780821917808,3.1
SPXW260615C07660000,2026-06-08 15:21:30+00:00,7660.0,3.0,2.45,2.65,0.71000004,31.004368,12.0,113.0,0.1131070135498047,False,REGULAR,USD,2026-06-15,7451.7001953125,0.03625,call,1.0279533259830462,0.0191780821917808,2.55
SPXW260615C07665000,2026-06-08 14:57:45+00:00,7665.0,2.54,2.2,2.35,0.53999996,26.999998,25.0,88.0,0.1125271853637695,False,REGULAR,USD,2026-06-15,7451.7001953125,0.03625,call,1.02862431379374,0.0191780821917808,2.2750000000000004
SPXW260615C07670000,2026-06-08 15:14:36+00:00,7670.0,2.59,1.95,2.1,0.53999996,26.341463,36.0,200.0,0.1121609780883788,False,REGULAR,USD,2026-06-15,7451.7001953125,0.03625,call,1.0292953016044342,0.0191780821917808,2.025
SPXW260615C07675000,2026-06-08 14:55:01+00:00,7675.0,1.99,1.75,1.95,0.22000003,12.42938,220.0,424.0,0.1126339958190917,False,REGULAR,USD,2026-06-15,7451.7001953125,0.03625,call,1.029966289415128,0.0191780821917808,1.85
SPXW260615C07680000,2026-06-08 15:27:29+00:00,7680.0,1.77,1.65,1.8,0.22000003,14.193551,90.0,149.0,0.1129849444580078,False,REGULAR,USD,2026-06-15,7451.7001953125,0.03625,call,1.030637277225822,0.0191780821917808,1.725
SPXW260615C07685000,2026-06-08 15:16:00+00:00,7685.0,1.9,1.55,1.65,0.14999998,8.571427,14.0,32.0,0.1132138240051269,False,REGULAR,USD,2026-06-15,7451.7001953125,0.03625,call,1.0313082650365155,0.0191780821917808,1.6
SPXW260615C07690000,2026-06-08 15:21:04+00:00,7690.0,1.61,1.25,1.35,-0.059999943,-3.592811,34.0,98.0,0.1112759771728515,False,REGULAR,USD,2026-06-15,7451.7001953125,0.03625,call,1.0319792528472096,0.0191780821917808,1.3
SPXW260615C07695000,2026-06-08 14:55:10+00:00,7695.0,1.27,1.25,1.4,-0.31000006,-19.620256,23.0,88.0,0.1138699453735351,False,REGULAR,USD,2026-06-15,7451.7001953125,0.03625,call,1.0326502406579037,0.0191780821917808,1.325
SPXW260615C07700000,2026-06-08 15:27:55+00:00,7700.0,1.17,1.05,1.2,0.26999998,29.999998,456.0,494.0,0.1128933926391601,False,REGULAR,USD,2026-06-15,7451.7001953125,0.03625,call,1.0333212284685975,0.0191780821917808,1.125
SPXW260615C07705000,2026-06-08 13:32:24+00:00,7705.0,1.65,1.0,1.1,0.61,58.653847,4.0,88.0,0.1131680480957031,False,REGULAR,USD,2026-06-15,7451.7001953125,0.03625,call,1.0339922162792914,0.0191780821917808,1.05
SPXW260615C07710000,2026-06-08 15:27:55+00:00,7710.0,0.97,0.9,1.0,-0.100000024,-9.345796,126.0,228.0,0.1133206344604492,False,REGULAR,USD,2026-06-15,7451.7001953125,0.03625,call,1.0346632040899852,0.0191780821917808,0.95
SPXW260615C07715000,2026-06-05 19:32:50+00:00,7715.0,0.8,0.8,0.9,-0.099999964,-11.111107,2.0,118.0,0.1133206344604492,False,REGULAR,USD,2026-06-15,7451.7001953125,0.03625,call,1.035334191900679,0.0191780821917808,0.8500000000000001
SPXW260615C07720000,2026-06-08 15:23:11+00:00,7720.0,0.8,0.7,0.8,-0.060000002,-6.976744,78.0,509.0,0.1131070135498047,False,REGULAR,USD,2026-06-15,7451.7001953125,0.03625,call,1.036005179711373,0.0191780821917808,0.75
SPXW260615C07725000,2026-06-08 15:23:20+00:00,7725.0,0.75,0.65,0.75,0.13999999,22.950815,38.0,320.0,0.1138089108276367,False,REGULAR,USD,2026-06-15,7451.7001953125,0.03625,call,1.0366761675220668,0.0191780821917808,0.7
SPXW260615C07730000,2026-06-08 15:18:30+00:00,7730.0,0.65,0.55,0.7,-0.100000024,-13.333336,15.0,123.0,0.1144497735595703,False,REGULAR,USD,2026-06-15,7451.7001953125,0.03625,call,1.037347155332761,0.0191780821917808,0.625
SPXW260615C07735000,2026-06-08 14:32:25+00:00,7735.0,0.65,0.55,0.65,0.01999998,3.1746001,24.0,72.0,0.1149380499267578,False,REGULAR,USD,2026-06-15,7451.7001953125,0.03625,call,1.0380181431434548,0.0191780821917808,0.6000000000000001
SPXW260615C07740000,2026-06-08 15:22:38+00:00,7740.0,0.55,0.5,0.6,0.02000004,3.7735927,32.0,108.0,0.1153958090209961,False,REGULAR,USD,2026-06-15,7451.7001953125,0.03625,call,1.0386891309541486,0.0191780821917808,0.55
SPXW260615C07745000,2026-06-08 15:13:54+00:00,7745.0,0.5,0.45,0.5,-0.00999999,-1.9607825,11.0,65.0,0.114266669921875,False,REGULAR,USD,2026-06-15,7451.7001953125,0.03625,call,1.0393601187648425,0.0191780821917808,0.475
SPXW260615C07750000,2026-06-08 15:27:49+00:00,7750.0,0.45,0.4,0.5,0.07999998,21.621616,126.0,317.0,0.1159146026611328,False,REGULAR,USD,2026-06-15,7451.7001953125,0.03625,call,1.0400311065755363,0.0191780821917808,0.45
SPXW260615C07755000,2026-06-08 14:53:47+00:00,7755.0,0.4,0.35,0.45,0.060000002,17.647058,12.0,96.0,0.1159756372070312,False,REGULAR,USD,2026-06-15,7451.7001953125,0.03625,call,1.0407020943862302,0.0191780821917808,0.4
SPXW260615C07770000,2026-06-08 15:24:17+00:00,7770.0,0.35,0.3,0.4,0.049999982,16.66666,26.0,94.0,0.1191494335937499,False,REGULAR,USD,2026-06-15,7451.7001953125,0.03625,call,1.042715057818312,0.0191780821917808,0.35
SPXW260615C07775000,2026-06-08 15:05:46+00:00,7775.0,0.35,0.3,0.4,0.07999998,29.629622,17.0,137.0,0.1207363317871093,False,REGULAR,USD,2026-06-15,7451.7001953125,0.03625,call,1.0433860456290058,0.0191780821917808,0.35
SPXW260615C07790000,2026-06-08 15:06:46+00:00,7790.0,0.3,0.25,0.3,0.15,100.0,34.0,69.0,0.1212246081542968,False,REGULAR,USD,2026-06-15,7451.7001953125,0.03625,call,1.0453990090610876,0.0191780821917808,0.275
SPXW260616C07380000,2026-06-08 12:02:24+00:00,7380.0,114.53,113.8,115.8,-111.729996,-49.381245,2.0,102.0,0.1599319542312622,True,REGULAR,USD,2026-06-16,7451.7001953125,0.03625,call,0.9903780085841882,0.021917808219178,114.8
SPXW260616C07385000,2026-06-05 19:15:36+00:00,7385.0,87.1,110.6,111.2,0.0,0.0,4.0,2.0,0.1567238259124756,True,REGULAR,USD,2026-06-16,7451.7001953125,0.03625,call,0.991048996394882,0.021917808219178,110.9
SPXW260616C07390000,2026-06-05 19:33:13+00:00,7390.0,89.0,106.8,107.4,0.0,0.0,11.0,69.0,0.155281884765625,True,REGULAR,USD,2026-06-16,7451.7001953125,0.03625,call,0.991719984205576,0.021917808219178,107.1
SPXW260616C07395000,2026-06-05 19:52:26+00:00,7395.0,90.47,103.2,104.1,0.0,0.0,15.0,25.0,0.1548775308990479,True,REGULAR,USD,2026-06-16,7451.7001953125,0.03625,call,0.99239097201627,0.021917808219178,103.65
SPXW260616C07400000,2026-06-08 15:28:44+00:00,7400.0,104.4,100.9,101.5,17.020004,19.478148,25.0,287.0,0.1559303768157958,True,REGULAR,USD,2026-06-16,7451.7001953125,0.03625,call,0.9930619598269638,0.021917808219178,101.2
SPXW260616C07405000,2026-06-08 15:28:44+00:00,7405.0,100.87,96.1,98.0,-114.829994,-53.235973,3.0,1.0,0.1548470136260986,True,REGULAR,USD,2026-06-16,7451.7001953125,0.03625,call,0.9937329476376576,0.021917808219178,97.05
SPXW260616C07410000,2026-06-08 15:13:37+00:00,7410.0,102.2,92.5,93.0,34.799995,51.63204,13.0,95.0,0.1503495305252075,True,REGULAR,USD,2026-06-16,7451.7001953125,0.03625,call,0.9944039354483516,0.021917808219178,92.75
SPXW260616C07415000,2026-06-05 19:07:30+00:00,7415.0,77.1,89.4,91.2,0.0,0.0,1.0,6.0,0.1528138003158569,True,REGULAR,USD,2026-06-16,7451.7001953125,0.03625,call,0.9950749232590456,0.021917808219178,90.3
SPXW260616C07420000,2026-06-05 19:35:16+00:00,7420.0,73.8,86.0,87.2,0.0,0.0,46.0,126.0,0.1503228279113769,True,REGULAR,USD,2026-06-16,7451.7001953125,0.03625,call,0.9957459110697392,0.021917808219178,86.6
SPXW260616C07425000,2026-06-08 14:13:05+00:00,7425.0,75.66,82.7,83.3,11.200005,17.375124,20.0,69.0,0.1479577392578125,True,REGULAR,USD,2026-06-16,7451.7001953125,0.03625,call,0.9964168988804332,0.021917808219178,83.0
SPXW260616C07430000,2026-06-08 13:38:16+00:00,7430.0,77.37,81.7,82.3,7.100006,10.103894,10.0,90.0,0.1517647690582275,True,REGULAR,USD,2026-06-16,7451.7001953125,0.03625,call,0.9970878866911272,0.021917808219178,82.0
SPXW260616C07435000,2026-06-08 14:09:35+00:00,7435.0,72.76,75.9,76.5,17.400002,31.430637,11.0,5.0,0.1450738569641113,True,REGULAR,USD,2026-06-16,7451.7001953125,0.03625,call,0.997758874501821,0.021917808219178,76.2
SPXW260616C07440000,2026-06-08 14:58:24+00:00,7440.0,79.0,73.7,74.2,30.5,62.886597,13.0,47.0,0.1458215301513671,True,REGULAR,USD,2026-06-16,7451.7001953125,0.03625,call,0.998429862312515,0.021917808219178,73.95
SPXW260616C07445000,2026-06-08 13:47:11+00:00,7445.0,70.9,70.6,71.2,20.11,39.594406,3.0,6.0,0.1449365292358398,True,REGULAR,USD,2026-06-16,7451.7001953125,0.03625,call,0.9991008501232088,0.021917808219178,70.9
SPXW260616C07450000,2026-06-08 15:25:55+00:00,7450.0,72.84,71.0,71.5,15.439995,26.898945,115.0,491.0,0.1510018372344971,True,REGULAR,USD,2026-06-16,7451.7001953125,0.03625,call,0.9997718379339028,0.021917808219178,71.25
SPXW260616C07455000,2026-06-08 15:28:48+00:00,7455.0,68.4,63.0,63.6,-8.199997,-10.704957,3.0,11.0,0.139370941581726,False,REGULAR,USD,2026-06-16,7451.7001953125,0.03625,call,1.0004428257445963,0.021917808219178,63.3
SPXW260616C07460000,2026-06-08 14:46:45+00:00,7460.0,63.0,64.2,64.8,10.200001,19.318184,14.0,69.0,0.1471146995925903,False,REGULAR,USD,2026-06-16,7451.7001953125,0.03625,call,1.0011138135552906,0.021917808219178,64.5
SPXW260616C07465000,2026-06-05 16:20:04+00:00,7465.0,75.1,59.0,59.6,0.0,0.0,5.0,8.0,0.1410074303436279,False,REGULAR,USD,2026-06-16,7451.7001953125,0.03625,call,1.0017848013659845,0.021917808219178,59.3
SPXW260616C07470000,2026-06-05 16:09:17+00:00,7470.0,51.52,59.6,60.0,-22.829998,-30.706118,2.0,34.0,0.1467980828857422,False,REGULAR,USD,2026-06-16,7451.7001953125,0.03625,call,1.0024557891766783,0.021917808219178,59.8
SPXW260616C07475000,2026-06-08 14:08:02+00:00,7475.0,49.02,53.6,54.2,2.0200005,4.2978735,39.0,53.0,0.1391153594207763,False,REGULAR,USD,2026-06-16,7451.7001953125,0.03625,call,1.0031267769873722,0.021917808219178,53.900000000000006
SPXW260616C07480000,2026-06-08 14:10:49+00:00,7480.0,46.99,53.4,54.0,0.94000244,2.0412648,31.0,20.0,0.1433839629745483,False,REGULAR,USD,2026-06-16,7451.7001953125,0.03625,call,1.003797764798066,0.021917808219178,53.7
SPXW260616C07485000,2026-06-05 16:04:35+00:00,7485.0,46.6,50.9,51.4,-20.400002,-30.447763,1.0,3.0,0.1423349317169189,False,REGULAR,USD,2026-06-16,7451.7001953125,0.03625,call,1.00446875260876,0.021917808219178,51.15
SPXW260616C07490000,2026-06-08 13:56:21+00:00,7490.0,40.25,46.2,46.6,0.45000076,1.1306552,4.0,26.0,0.1363153996276855,False,REGULAR,USD,2026-06-16,7451.7001953125,0.03625,call,1.005139740419454,0.021917808219178,46.400000000000006
SPXW260616C07495000,2026-06-05 19:34:01+00:00,7495.0,35.95,45.1,45.7,0.0,0.0,3.0,3.0,0.1387033762359619,False,REGULAR,USD,2026-06-16,7451.7001953125,0.03625,call,1.0058107282301478,0.021917808219178,45.400000000000006
SPXW260616C07500000,2026-06-08 15:17:06+00:00,7500.0,47.0,43.5,43.9,19.44,70.53701,78.0,448.0,0.1389932903289795,False,REGULAR,USD,2026-06-16,7451.7001953125,0.03625,call,1.0064817160408417,0.021917808219178,43.7
SPXW260616C07505000,2026-06-08 14:40:23+00:00,7505.0,37.8,39.3,39.8,2.2599983,6.3590274,1.0,16.0,0.1339693842697143,False,REGULAR,USD,2026-06-16,7451.7001953125,0.03625,call,1.0071527038515355,0.021917808219178,39.55
SPXW260616C07510000,2026-06-08 15:00:02+00:00,7510.0,42.0,37.0,37.4,9.810001,30.475307,27.0,127.0,0.1325770336914062,False,REGULAR,USD,2026-06-16,7451.7001953125,0.03625,call,1.0078236916622294,0.021917808219178,37.2
SPXW260616C07515000,2026-06-05 18:49:19+00:00,7515.0,34.43,34.4,35.1,1.6199989,4.9375157,1.0,55.0,0.1312457176589965,False,REGULAR,USD,2026-06-16,7451.7001953125,0.03625,call,1.0084946794729233,0.021917808219178,34.75
SPXW260616C07520000,2026-06-08 14:51:20+00:00,7520.0,33.67,32.1,32.6,4.869999,16.909718,11.0,97.0,0.129265909576416,False,REGULAR,USD,2026-06-16,7451.7001953125,0.03625,call,1.0091656672836171,0.021917808219178,32.35
SPXW260616C07525000,2026-06-08 14:54:08+00:00,7525.0,33.05,31.4,31.8,6.33,23.69012,9.0,145.0,0.1311503511810302,False,REGULAR,USD,2026-06-16,7451.7001953125,0.03625,call,1.0098366550943112,0.021917808219178,31.6
SPXW260616C07530000,2026-06-08 15:18:15+00:00,7530.0,34.66,30.0,30.5,13.66,65.04762,58.0,77.0,0.1317416233444213,False,REGULAR,USD,2026-06-16,7451.7001953125,0.03625,call,1.010507642905005,0.021917808219178,30.25
SPXW260616C07535000,2026-06-05 18:05:00+00:00,7535.0,29.86,29.6,30.1,-2.9399986,-8.963411,5.0,11.0,0.1344156993865967,False,REGULAR,USD,2026-06-16,7451.7001953125,0.03625,call,1.011178630715699,0.021917808219178,29.85
SPXW260616C07540000,2026-06-08 14:59:47+00:00,7540.0,29.59,25.9,26.4,6.2299995,26.669518,2.0,116.0,0.1287967065048217,False,REGULAR,USD,2026-06-16,7451.7001953125,0.03625,call,1.0118496185263928,0.021917808219178,26.15
SPXW260616C07545000,2026-06-08 13:33:47+00:00,7545.0,27.4,24.4,24.8,4.0,17.094017,1.0,24.0,0.1281787317276,False,REGULAR,USD,2026-06-16,7451.7001953125,0.03625,call,1.0125206063370866,0.021917808219178,24.6
SPXW260616C07550000,2026-06-08 14:45:47+00:00,7550.0,26.25,22.2,22.7,10.94,71.456566,48.0,248.0,0.1260768545532226,False,REGULAR,USD,2026-06-16,7451.7001953125,0.03625,call,1.0131915941477807,0.021917808219178,22.45
SPXW260616C07555000,2026-06-05 19:21:08+00:00,7555.0,23.62,20.9,21.4,6.25,35.981575,1.0,107.0,0.12588612159729,False,REGULAR,USD,2026-06-16,7451.7001953125,0.03625,call,1.0138625819584746,0.021917808219178,21.15
SPXW260616C07560000,2026-06-08 15:18:15+00:00,7560.0,24.01,19.8,20.2,5.7299995,31.345728,33.0,167.0,0.1258250870513916,False,REGULAR,USD,2026-06-16,7451.7001953125,0.03625,call,1.0145335697691684,0.021917808219178,20.0
SPXW260616C07565000,2026-06-08 14:45:47+00:00,7565.0,22.11,18.5,18.6,7.51,51.438354,10.0,41.0,0.1244746977233886,False,REGULAR,USD,2026-06-16,7451.7001953125,0.03625,call,1.0152045575798625,0.021917808219178,18.55
SPXW260616C07570000,2026-06-08 15:28:39+00:00,7570.0,18.76,18.6,18.9,4.0600004,26.692966,31.0,99.0,0.1284419432067871,False,REGULAR,USD,2026-06-16,7451.7001953125,0.03625,call,1.015875545390556,0.021917808219178,18.75
SPXW260616C07575000,2026-06-08 15:24:12+00:00,7575.0,18.87,16.0,16.1,4.3100004,29.60165,8.0,157.0,0.1232082308959961,False,REGULAR,USD,2026-06-16,7451.7001953125,0.03625,call,1.01654653320125,0.021917808219178,16.05
SPXW260616C07580000,2026-06-08 15:17:33+00:00,7580.0,17.35,15.0,15.2,7.6800003,79.42089,37.0,97.0,0.1233837052154541,False,REGULAR,USD,2026-06-16,7451.7001953125,0.03625,call,1.017217521011944,0.021917808219178,15.1
SPXW260616C07585000,2026-06-08 15:21:45+00:00,7585.0,15.5,12.7,13.6,5.3,51.960785,7.0,52.0,0.1211559442901611,False,REGULAR,USD,2026-06-16,7451.7001953125,0.03625,call,1.017888508822638,0.021917808219178,13.15
SPXW260616C07590000,2026-06-08 15:04:39+00:00,7590.0,14.5,12.6,12.9,1.9499998,15.5378475,56.0,208.0,0.1216518499755859,False,REGULAR,USD,2026-06-16,7451.7001953125,0.03625,call,1.0185594966333318,0.021917808219178,12.75
SPXW260616C07595000,2026-06-08 15:01:01+00:00,7595.0,13.65,11.8,12.0,2.7999992,25.806444,2.0,80.0,0.1213314186096191,False,REGULAR,USD,2026-06-16,7451.7001953125,0.03625,call,1.0192304844440256,0.021917808219178,11.9
SPXW260616C07600000,2026-06-08 15:25:59+00:00,7600.0,12.2,10.8,11.4,3.8000002,45.238102,44.0,431.0,0.1219265054321289,False,REGULAR,USD,2026-06-16,7451.7001953125,0.03625,call,1.0199014722547195,0.021917808219178,11.1
SPXW260616C07605000,2026-06-08 15:19:00+00:00,7605.0,11.8,10.0,10.2,4.52,62.08791,10.0,122.0,0.1201641329193115,False,REGULAR,USD,2026-06-16,7451.7001953125,0.03625,call,1.0205724600654134,0.021917808219178,10.1
SPXW260616C07610000,2026-06-08 15:18:15+00:00,7610.0,11.86,9.0,9.2,5.7599998,94.42623,12.0,85.0,0.118874778137207,False,REGULAR,USD,2026-06-16,7451.7001953125,0.03625,call,1.0212434478761074,0.021917808219178,9.1
SPXW260616C07615000,2026-06-08 14:41:42+00:00,7615.0,7.75,9.0,9.2,2.08,36.684303,82.0,163.0,0.1214229704284667,False,REGULAR,USD,2026-06-16,7451.7001953125,0.03625,call,1.0219144356868013,0.021917808219178,9.1
SPXW260616C07620000,2026-06-08 14:59:58+00:00,7620.0,9.12,7.7,7.9,1.5099998,19.842308,9.0,138.0,0.1185009415435791,False,REGULAR,USD,2026-06-16,7451.7001953125,0.03625,call,1.0225854234974951,0.021917808219178,7.800000000000001
SPXW260616C07625000,2026-06-08 13:56:17+00:00,7625.0,6.94,7.0,7.3,1.3899999,25.045042,8.0,186.0,0.1182796913146972,False,REGULAR,USD,2026-06-16,7451.7001953125,0.03625,call,1.023256411308189,0.021917808219178,7.15
SPXW260616C07630000,2026-06-08 15:01:30+00:00,7630.0,8.24,6.4,6.6,1.5499997,23.168903,8.0,47.0,0.1174099490356445,False,REGULAR,USD,2026-06-16,7451.7001953125,0.03625,call,1.0239273991188829,0.021917808219178,6.5
SPXW260616C07635000,2026-06-08 15:01:48+00:00,7635.0,7.2,6.0,6.3,0.9899998,15.942025,33.0,92.0,0.1182949499511718,False,REGULAR,USD,2026-06-16,7451.7001953125,0.03625,call,1.0245983869295767,0.021917808219178,6.15
SPXW260616C07640000,2026-06-08 15:25:37+00:00,7640.0,6.3,5.2,5.5,2.7000003,75.00001,256.0,249.0,0.1164791722106933,False,REGULAR,USD,2026-06-16,7451.7001953125,0.03625,call,1.0252693747402708,0.021917808219178,5.35
SPXW260616C07645000,2026-06-08 14:34:44+00:00,7645.0,4.55,4.9,5.2,-2.7799997,-37.926327,1.0,41.0,0.1171124056243896,False,REGULAR,USD,2026-06-16,7451.7001953125,0.03625,call,1.0259403625509649,0.021917808219178,5.050000000000001
SPXW260616C07650000,2026-06-08 15:08:36+00:00,7650.0,5.3,4.6,4.8,0.5700002,12.050743,147.0,799.0,0.1170590003967285,False,REGULAR,USD,2026-06-16,7451.7001953125,0.03625,call,1.0266113503616583,0.021917808219178,4.699999999999999
SPXW260616C07655000,2026-06-08 15:01:01+00:00,7655.0,4.75,3.9,4.2,0.79999995,20.253162,4.0,98.0,0.115594171295166,False,REGULAR,USD,2026-06-16,7451.7001953125,0.03625,call,1.0272823381723524,0.021917808219178,4.05
SPXW260616C07660000,2026-06-08 15:21:45+00:00,7660.0,4.26,3.9,4.2,0.7100003,20.00001,50.0,116.0,0.1177456390380859,False,REGULAR,USD,2026-06-16,7451.7001953125,0.03625,call,1.0279533259830462,0.021917808219178,4.05
SPXW260616C07665000,2026-06-08 14:58:25+00:00,7665.0,3.67,3.3,3.6,0.70000005,23.569025,3.0,47.0,0.1158535681152343,False,REGULAR,USD,2026-06-16,7451.7001953125,0.03625,call,1.02862431379374,0.021917808219178,3.45
SPXW260616C07670000,2026-06-08 14:39:34+00:00,7670.0,2.9,2.9,3.1,0.4000001,16.000004,90.0,194.0,0.1142514112854004,False,REGULAR,USD,2026-06-16,7451.7001953125,0.03625,call,1.0292953016044342,0.021917808219178,3.0
SPXW260616C07675000,2026-06-08 14:07:47+00:00,7675.0,2.42,2.9,3.2,0.0,0.0,41.0,320.0,0.1170437417602539,False,REGULAR,USD,2026-06-16,7451.7001953125,0.03625,call,1.029966289415128,0.021917808219178,3.05
SPXW260616C07680000,2026-06-05 19:54:16+00:00,7680.0,2.2,2.65,2.85,-0.53999996,-19.708027,4.0,87.0,0.116296068572998,False,REGULAR,USD,2026-06-16,7451.7001953125,0.03625,call,1.030637277225822,0.021917808219178,2.75
SPXW260616C07685000,2026-06-08 14:53:04+00:00,7685.0,2.3,2.1,2.3,0.049999952,2.2222202,12.0,27.0,0.1134274449157714,False,REGULAR,USD,2026-06-16,7451.7001953125,0.03625,call,1.0313082650365155,0.021917808219178,2.2
SPXW260616C07690000,2026-06-08 05:25:20+00:00,7690.0,1.75,1.95,2.15,-0.25,-12.5,3.0,72.0,0.1139004626464843,False,REGULAR,USD,2026-06-16,7451.7001953125,0.03625,call,1.0319792528472096,0.021917808219178,2.05
SPXW260616C07695000,2026-06-05 18:59:47+00:00,7695.0,1.75,1.8,1.95,0.0,0.0,9.0,9.0,0.1137631349182128,False,REGULAR,USD,2026-06-16,7451.7001953125,0.03625,call,1.0326502406579037,0.021917808219178,1.875
SPXW260616C07700000,2026-06-08 15:17:59+00:00,7700.0,1.97,1.7,1.85,0.57000005,40.71429,24.0,585.0,0.1145413253784179,False,REGULAR,USD,2026-06-16,7451.7001953125,0.03625,call,1.0333212284685975,0.021917808219178,1.775
SPXW260616C07705000,2026-06-08 15:22:46+00:00,7705.0,1.7,1.45,1.65,0.1500001,9.677425,2.0,23.0,0.1140988249206542,False,REGULAR,USD,2026-06-16,7451.7001953125,0.03625,call,1.0339922162792914,0.021917808219178,1.5499999999999998
SPXW260616C07710000,2026-06-08 15:18:48+00:00,7710.0,1.65,1.25,1.45,0.39999998,31.999996,4.0,76.0,0.1134121862792968,False,REGULAR,USD,2026-06-16,7451.7001953125,0.03625,call,1.0346632040899852,0.021917808219178,1.35
SPXW260616C07715000,2026-06-05 19:38:54+00:00,7715.0,1.35,1.15,1.3,0.0,0.0,13.0,12.0,0.1131375308227539,False,REGULAR,USD,2026-06-16,7451.7001953125,0.03625,call,1.035334191900679,0.021917808219178,1.225
SPXW260616C07720000,2026-06-08 13:51:04+00:00,7720.0,0.99,1.05,1.25,-0.00999999,-0.99999905,4.0,80.0,0.1141751181030273,False,REGULAR,USD,2026-06-16,7451.7001953125,0.03625,call,1.036005179711373,0.021917808219178,1.15
SPXW260616C07725000,2026-06-08 13:30:03+00:00,7725.0,0.92,0.95,1.1,-0.37999994,-29.230764,3.0,486.0,0.1136258071899413,False,REGULAR,USD,2026-06-16,7451.7001953125,0.03625,call,1.0366761675220668,0.021917808219178,1.025
SPXW260616C07730000,2026-06-05 19:12:54+00:00,7730.0,0.82,0.9,1.0,0.0,0.0,37.0,53.0,0.1136563244628906,False,REGULAR,USD,2026-06-16,7451.7001953125,0.03625,call,1.037347155332761,0.021917808219178,0.95
SPXW260616C07735000,2026-06-08 11:53:28+00:00,7735.0,1.35,0.75,0.95,0.85,170.0,1.0,105.0,0.1144802908325195,False,REGULAR,USD,2026-06-16,7451.7001953125,0.03625,call,1.0380181431434548,0.021917808219178,0.85
SPXW260616C07740000,2026-06-08 14:16:39+00:00,7740.0,0.69,0.8,0.9,0.04000002,6.153849,10.0,96.0,0.11524322265625,False,REGULAR,USD,2026-06-16,7451.7001953125,0.03625,call,1.0386891309541486,0.021917808219178,0.8500000000000001
SPXW260616C07745000,2026-06-05 19:34:01+00:00,7745.0,0.72,0.75,0.9,0.0,0.0,15.0,58.0,0.1168911553955078,False,REGULAR,USD,2026-06-16,7451.7001953125,0.03625,call,1.0393601187648425,0.021917808219178,0.825
SPXW260616C07750000,2026-06-08 15:09:07+00:00,7750.0,0.77,0.65,0.8,0.099999964,14.925367,24.0,238.0,0.1165554653930664,False,REGULAR,USD,2026-06-16,7451.7001953125,0.03625,call,1.0400311065755363,0.021917808219178,0.7250000000000001
SPXW260616C07755000,2026-06-05 18:59:44+00:00,7755.0,0.45,0.55,0.7,0.0,0.0,11.0,45.0,0.1159756372070312,False,REGULAR,USD,2026-06-16,7451.7001953125,0.03625,call,1.0407020943862302,0.021917808219178,0.625
SPXW260616C07760000,2026-06-05 20:01:58+00:00,7760.0,0.5,0.55,0.7,0.0,0.0,29.0,250.0,0.1175930526733398,False,REGULAR,USD,2026-06-16,7451.7001953125,0.03625,call,1.0413730821969245,0.021917808219178,0.625
SPXW260616C07770000,2026-06-05 18:59:40+00:00,7770.0,0.83,0.45,0.6,0.53,176.66664,17.0,96.0,0.1182949499511718,False,REGULAR,USD,2026-06-16,7451.7001953125,0.03625,call,1.042715057818312,0.021917808219178,0.525
SPXW260616C07775000,2026-06-08 15:09:07+00:00,7775.0,0.55,0.45,0.6,0.28,103.7037,2.0,336.0,0.1198818481445312,False,REGULAR,USD,2026-06-16,7451.7001953125,0.03625,call,1.0433860456290058,0.021917808219178,0.525
SPXW260617C07380000,2026-06-08 15:24:35+00:00,7380.0,133.0,122.6,123.2,46.9,54.471546,11.0,41.0,0.1678931478118896,True,REGULAR,USD,2026-06-17,7451.7001953125,0.03625,call,0.9903780085841882,0.0246575342465753,122.9
SPXW260617C07385000,2026-06-05 20:12:07+00:00,7385.0,128.55,117.8,118.4,44.25,52.4911,2.0,24.0,0.1642997389221191,True,REGULAR,USD,2026-06-17,7451.7001953125,0.03625,call,0.991048996394882,0.0246575342465753,118.1
SPXW260617C07390000,2026-06-08 15:00:52+00:00,7390.0,124.46,118.6,119.2,25.14,25.312122,2.0,71.0,0.1726309544372559,True,REGULAR,USD,2026-06-17,7451.7001953125,0.03625,call,0.991719984205576,0.0246575342465753,118.9
SPXW260617C07395000,2026-06-08 01:08:44+00:00,7395.0,98.0,111.6,112.0,6.6299973,7.256208,2.0,8.0,0.1637809452819824,True,REGULAR,USD,2026-06-17,7451.7001953125,0.03625,call,0.99239097201627,0.0246575342465753,111.8
SPXW260617C07400000,2026-06-08 15:07:51+00:00,7400.0,118.08,108.2,108.8,42.18,55.57312,59.0,455.0,0.1633765914154053,True,REGULAR,USD,2026-06-17,7451.7001953125,0.03625,call,0.9930619598269638,0.0246575342465753,108.5
SPXW260617C07405000,2026-06-05 19:58:55+00:00,7405.0,88.19,106.5,107.6,0.0,0.0,18.0,26.0,0.1670615521240234,True,REGULAR,USD,2026-06-17,7451.7001953125,0.03625,call,0.9937329476376576,0.0246575342465753,107.05
SPXW260617C07410000,2026-06-05 19:57:54+00:00,7410.0,84.8,101.2,101.6,0.0,0.0,87.0,99.0,0.1606109635543823,True,REGULAR,USD,2026-06-17,7451.7001953125,0.03625,call,0.9944039354483516,0.0246575342465753,101.4
SPXW260617C07415000,2026-06-05 16:05:10+00:00,7415.0,119.89,98.4,99.0,0.0,0.0,9.0,8.0,0.1611717184448242,True,REGULAR,USD,2026-06-17,7451.7001953125,0.03625,call,0.9950749232590456,0.0246575342465753,98.7
SPXW260617C07420000,2026-06-08 05:38:00+00:00,7420.0,71.5,92.3,94.0,-12.199997,-14.575864,2.0,19.0,0.1566704206848144,True,REGULAR,USD,2026-06-17,7451.7001953125,0.03625,call,0.9957459110697392,0.0246575342465753,93.15
SPXW260617C07425000,2026-06-08 13:48:02+00:00,7425.0,93.9,91.6,92.1,13.389999,16.631474,29.0,478.0,0.158474754447937,True,REGULAR,USD,2026-06-17,7451.7001953125,0.03625,call,0.9964168988804332,0.0246575342465753,91.85
SPXW260617C07430000,2026-06-08 15:28:44+00:00,7430.0,92.87,89.9,91.0,20.04,27.516134,4.0,110.0,0.1618011371994018,True,REGULAR,USD,2026-06-17,7451.7001953125,0.03625,call,0.9970878866911272,0.0246575342465753,90.45
SPXW260617C07435000,2026-06-08 15:28:44+00:00,7435.0,89.74,86.5,87.9,6.209999,7.4344535,3.0,4.0,0.1609199509429932,True,REGULAR,USD,2026-06-17,7451.7001953125,0.03625,call,0.997758874501821,0.0246575342465753,87.2
SPXW260617C07440000,2026-06-08 01:21:35+00:00,7440.0,80.84,82.6,83.2,8.039993,11.043946,2.0,38.0,0.1566818646621704,True,REGULAR,USD,2026-06-17,7451.7001953125,0.03625,call,0.998429862312515,0.0246575342465753,82.9
SPXW260617C07445000,2026-06-05 17:50:44+00:00,7445.0,87.96,80.1,81.0,-1.0400009,-1.1685404,2.0,2.0,0.1574371671676635,True,REGULAR,USD,2026-06-17,7451.7001953125,0.03625,call,0.9991008501232088,0.0246575342465753,80.55
SPXW260617C07450000,2026-06-08 13:55:50+00:00,7450.0,75.37,78.8,79.4,12.840004,20.53415,13.0,134.0,0.1593101647949218,True,REGULAR,USD,2026-06-17,7451.7001953125,0.03625,call,0.9997718379339028,0.0246575342465753,79.1
SPXW260617C07455000,2026-06-08 15:05:35+00:00,7455.0,80.5,73.3,73.9,-19.589996,-19.572382,5.0,12.0,0.1531494903182984,False,REGULAR,USD,2026-06-17,7451.7001953125,0.03625,call,1.0004428257445963,0.0246575342465753,73.6
SPXW260617C07460000,2026-06-08 14:56:22+00:00,7460.0,71.5,71.0,71.5,11.240002,18.652508,2.0,77.0,0.1531838222503662,False,REGULAR,USD,2026-06-17,7451.7001953125,0.03625,call,1.0011138135552906,0.0246575342465753,71.25
SPXW260617C07465000,2026-06-08 15:08:08+00:00,7465.0,75.05,70.4,71.0,8.520004,12.806259,2.0,14.0,0.1569794080734253,False,REGULAR,USD,2026-06-17,7451.7001953125,0.03625,call,1.0017848013659845,0.0246575342465753,70.7
SPXW260617C07470000,2026-06-05 19:58:29+00:00,7470.0,68.4,65.0,65.6,13.75,25.160109,2.0,110.0,0.1506890351867676,False,REGULAR,USD,2026-06-17,7451.7001953125,0.03625,call,1.0024557891766783,0.0246575342465753,65.3
SPXW260617C07475000,2026-06-08 15:00:52+00:00,7475.0,68.62,62.4,62.9,16.750004,32.29228,12.0,114.0,0.1497811463165283,False,REGULAR,USD,2026-06-17,7451.7001953125,0.03625,call,1.0031267769873722,0.0246575342465753,62.65
SPXW260617C07480000,2026-06-08 14:03:51+00:00,7480.0,56.03,61.8,62.4,-11.639999,-17.201124,35.0,109.0,0.1532753740692139,False,REGULAR,USD,2026-06-17,7451.7001953125,0.03625,call,1.003797764798066,0.0246575342465753,62.1
SPXW260617C07485000,2026-06-08 14:35:45+00:00,7485.0,56.2,58.4,59.4,-19.399998,-25.661373,5.0,3.0,0.1515358895111084,False,REGULAR,USD,2026-06-17,7451.7001953125,0.03625,call,1.00446875260876,0.0246575342465753,58.9
SPXW260617C07490000,2026-06-08 15:00:40+00:00,7490.0,59.9,55.1,55.7,14.43,31.735209,5.0,56.0,0.1482247653961182,False,REGULAR,USD,2026-06-17,7451.7001953125,0.03625,call,1.005139740419454,0.0246575342465753,55.400000000000006
SPXW260617C07495000,2026-06-05 19:53:54+00:00,7495.0,50.82,52.6,53.1,6.0200005,13.437502,2.0,13.0,0.1470536650466919,False,REGULAR,USD,2026-06-17,7451.7001953125,0.03625,call,1.0058107282301478,0.0246575342465753,52.85
SPXW260617C07500000,2026-06-08 15:00:17+00:00,7500.0,54.9,49.3,50.2,22.740002,70.70896,30.0,721.0,0.1451310768508911,False,REGULAR,USD,2026-06-17,7451.7001953125,0.03625,call,1.0064817160408417,0.0246575342465753,49.75
SPXW260617C07505000,2026-06-08 14:52:54+00:00,7505.0,53.83,49.8,50.2,4.970001,10.171922,82.0,116.0,0.1491936888122558,False,REGULAR,USD,2026-06-17,7451.7001953125,0.03625,call,1.0071527038515355,0.0246575342465753,50.0
SPXW260617C07510000,2026-06-08 14:21:57+00:00,7510.0,40.13,47.4,47.8,-12.709999,-24.053745,4.0,72.0,0.1481026963043213,False,REGULAR,USD,2026-06-17,7451.7001953125,0.03625,call,1.0078236916622294,0.0246575342465753,47.6
SPXW260617C07515000,2026-06-08 13:53:57+00:00,7515.0,48.92,43.2,43.7,11.169998,29.589397,29.0,26.0,0.1432199326324462,False,REGULAR,USD,2026-06-17,7451.7001953125,0.03625,call,1.0084946794729233,0.0246575342465753,43.45
SPXW260617C07520000,2026-06-08 14:45:01+00:00,7520.0,38.2,43.0,43.6,1.9500008,5.3793125,10.0,108.0,0.1468247854995727,False,REGULAR,USD,2026-06-17,7451.7001953125,0.03625,call,1.0091656672836171,0.0246575342465753,43.3
SPXW260617C07525000,2026-06-08 15:00:17+00:00,7525.0,43.1,39.2,39.7,18.599998,75.918365,29.0,241.0,0.1420450176239013,False,REGULAR,USD,2026-06-17,7451.7001953125,0.03625,call,1.0098366550943112,0.0246575342465753,39.45
SPXW260617C07530000,2026-06-08 13:51:08+00:00,7530.0,33.25,37.2,37.7,9.950001,42.703865,3.0,63.0,0.1412591978454589,False,REGULAR,USD,2026-06-17,7451.7001953125,0.03625,call,1.010507642905005,0.0246575342465753,37.45
SPXW260617C07540000,2026-06-08 14:42:07+00:00,7540.0,30.85,33.2,33.7,0.6800003,2.2538955,8.0,56.0,0.1392832044219971,False,REGULAR,USD,2026-06-17,7451.7001953125,0.03625,call,1.0118496185263928,0.0246575342465753,33.45
SPXW260617C07545000,2026-06-05 19:16:13+00:00,7545.0,24.55,31.5,31.8,0.0,0.0,8.0,140.0,0.1383028370285034,False,REGULAR,USD,2026-06-17,7451.7001953125,0.03625,call,1.0125206063370866,0.0246575342465753,31.65
SPXW260617C07550000,2026-06-08 14:06:38+00:00,7550.0,34.68,30.0,30.4,16.02,85.85209,538.0,199.0,0.1383676862335205,False,REGULAR,USD,2026-06-17,7451.7001953125,0.03625,call,1.0131915941477807,0.0246575342465753,30.2
SPXW260617C07555000,2026-06-08 14:39:06+00:00,7555.0,32.83,28.3,28.7,9.220001,39.051254,10.0,275.0,0.1375856811141967,False,REGULAR,USD,2026-06-17,7451.7001953125,0.03625,call,1.0138625819584746,0.0246575342465753,28.5
SPXW260617C07560000,2026-06-08 15:28:51+00:00,7560.0,28.3,26.5,26.8,10.139999,55.837,17.0,306.0,0.1361628132629394,False,REGULAR,USD,2026-06-17,7451.7001953125,0.03625,call,1.0145335697691684,0.0246575342465753,26.65
SPXW260617C07565000,2026-06-08 14:13:08+00:00,7565.0,21.83,25.6,26.3,0.6000004,2.8261912,17.0,56.0,0.1380930307769775,False,REGULAR,USD,2026-06-17,7451.7001953125,0.03625,call,1.0152045575798625,0.0246575342465753,25.950000000000003
SPXW260617C07570000,2026-06-08 14:52:54+00:00,7570.0,24.65,23.6,23.9,4.6399994,23.188402,73.0,254.0,0.1351023380279541,False,REGULAR,USD,2026-06-17,7451.7001953125,0.03625,call,1.015875545390556,0.0246575342465753,23.75
SPXW260617C07575000,2026-06-08 14:52:02+00:00,7575.0,22.76,22.0,22.4,5.09,28.805885,572.0,113.0,0.1342173371124267,False,REGULAR,USD,2026-06-17,7451.7001953125,0.03625,call,1.01654653320125,0.0246575342465753,22.2
SPXW260617C07580000,2026-06-08 14:32:04+00:00,7580.0,19.05,21.0,21.3,0.75,4.098361,42.0,42.0,0.1342554837036133,False,REGULAR,USD,2026-06-17,7451.7001953125,0.03625,call,1.017217521011944,0.0246575342465753,21.15
SPXW260617C07585000,2026-06-08 13:55:15+00:00,7585.0,16.83,19.6,19.9,-12.969999,-43.523487,5.0,55.0,0.133347594833374,False,REGULAR,USD,2026-06-17,7451.7001953125,0.03625,call,1.017888508822638,0.0246575342465753,19.75
SPXW260617C07590000,2026-06-08 14:41:55+00:00,7590.0,16.91,19.4,19.7,0.7099991,4.38271,16.0,72.0,0.1356669075775146,False,REGULAR,USD,2026-06-17,7451.7001953125,0.03625,call,1.0185594966333318,0.0246575342465753,19.55
SPXW260617C07595000,2026-06-08 14:06:14+00:00,7595.0,15.0,18.5,18.8,-3.1200008,-17.218548,4.0,137.0,0.1359491923522949,False,REGULAR,USD,2026-06-17,7451.7001953125,0.03625,call,1.0192304844440256,0.0246575342465753,18.65
SPXW260617C07600000,2026-06-08 15:05:36+00:00,7600.0,18.2,16.1,16.4,3.7000008,25.517246,63.0,371.0,0.1316500715255737,False,REGULAR,USD,2026-06-17,7451.7001953125,0.03625,call,1.0199014722547195,0.0246575342465753,16.25
SPXW260617C07605000,2026-06-08 15:05:36+00:00,7605.0,17.0,14.1,14.8,3.5,25.925926,12.0,604.0,0.1294032373046875,False,REGULAR,USD,2026-06-17,7451.7001953125,0.03625,call,1.0205724600654134,0.0246575342465753,14.45
SPXW260617C07610000,2026-06-05 20:11:25+00:00,7610.0,12.87,14.0,14.3,3.7699995,41.428562,4.0,657.0,0.1304560832214355,False,REGULAR,USD,2026-06-17,7451.7001953125,0.03625,call,1.0212434478761074,0.0246575342465753,14.15
SPXW260617C07615000,2026-06-08 15:05:36+00:00,7615.0,14.9,13.0,13.4,0.6199999,4.341736,37.0,56.0,0.1301127639007568,False,REGULAR,USD,2026-06-17,7451.7001953125,0.03625,call,1.0219144356868013,0.0246575342465753,13.2
SPXW260617C07620000,2026-06-08 14:38:35+00:00,7620.0,11.41,13.2,13.5,1.1099997,10.776696,6.0,55.0,0.1330195341491699,False,REGULAR,USD,2026-06-17,7451.7001953125,0.03625,call,1.0225854234974951,0.0246575342465753,13.35
SPXW260617C07625000,2026-06-08 15:08:23+00:00,7625.0,13.1,11.3,11.7,5.04,62.531013,57.0,574.0,0.1293269441223144,False,REGULAR,USD,2026-06-17,7451.7001953125,0.03625,call,1.023256411308189,0.0246575342465753,11.5
SPXW260617C07630000,2026-06-08 15:05:36+00:00,7630.0,12.0,11.1,11.4,3.6999998,44.57831,9.0,146.0,0.1307154800415039,False,REGULAR,USD,2026-06-17,7451.7001953125,0.03625,call,1.0239273991188829,0.0246575342465753,11.25
SPXW260617C07635000,2026-06-08 15:08:10+00:00,7635.0,11.4,9.5,10.0,1.8999996,19.999996,15.0,31.0,0.1278926322937011,False,REGULAR,USD,2026-06-17,7451.7001953125,0.03625,call,1.0245983869295767,0.0246575342465753,9.75
SPXW260617C07640000,2026-06-08 15:02:32+00:00,7640.0,10.4,8.9,9.3,1.6799994,19.266047,28.0,46.0,0.1275035370635986,False,REGULAR,USD,2026-06-17,7451.7001953125,0.03625,call,1.0252693747402708,0.0246575342465753,9.1
SPXW260617C07645000,2026-06-08 15:00:51+00:00,7645.0,9.5,8.7,9.0,-4.3,-31.159422,17.0,14.0,0.1286250468444824,False,REGULAR,USD,2026-06-17,7451.7001953125,0.03625,call,1.0259403625509649,0.0246575342465753,8.85
SPXW260617C07650000,2026-06-08 15:17:27+00:00,7650.0,9.0,8.3,8.6,4.2,87.49999,36.0,294.0,0.129265909576416,False,REGULAR,USD,2026-06-17,7451.7001953125,0.03625,call,1.0266113503616583,0.0246575342465753,8.45
SPXW260617C07655000,2026-06-05 19:18:04+00:00,7655.0,6.0,7.5,7.8,0.3000002,5.263161,9.0,19.0,0.1280452186584472,False,REGULAR,USD,2026-06-17,7451.7001953125,0.03625,call,1.0272823381723524,0.0246575342465753,7.65
SPXW260617C07660000,2026-06-08 14:46:35+00:00,7660.0,6.3,6.9,7.2,0.42000008,7.1428585,9.0,94.0,0.1275340543365478,False,REGULAR,USD,2026-06-17,7451.7001953125,0.03625,call,1.0279533259830462,0.0246575342465753,7.050000000000001
SPXW260617C07665000,2026-06-08 14:46:35+00:00,7665.0,5.8,6.4,6.8,0.17000008,3.0195396,3.0,33.0,0.1278163391113281,False,REGULAR,USD,2026-06-17,7451.7001953125,0.03625,call,1.02862431379374,0.0246575342465753,6.6
SPXW260617C07670000,2026-06-08 15:09:47+00:00,7670.0,6.52,5.2,5.6,0.52,8.666667,8.0,52.0,0.123833834991455,False,REGULAR,USD,2026-06-17,7451.7001953125,0.03625,call,1.0292953016044342,0.0246575342465753,5.4
SPXW260617C07675000,2026-06-08 14:42:21+00:00,7675.0,4.31,5.4,5.8,0.54999995,14.627659,57.0,261.0,0.1270152606964111,False,REGULAR,USD,2026-06-17,7451.7001953125,0.03625,call,1.029966289415128,0.0246575342465753,5.6
SPXW260617C07680000,2026-06-08 15:09:47+00:00,7680.0,5.58,4.6,4.9,2.08,59.42857,14.0,216.0,0.1240474559020996,False,REGULAR,USD,2026-06-17,7451.7001953125,0.03625,call,1.030637277225822,0.0246575342465753,4.75
SPXW260617C07685000,2026-06-05 19:42:40+00:00,7685.0,3.89,4.2,4.5,0.0,0.0,44.0,76.0,0.1236659899902343,False,REGULAR,USD,2026-06-17,7451.7001953125,0.03625,call,1.0313082650365155,0.0246575342465753,4.35
SPXW260617C07690000,2026-06-08 14:15:18+00:00,7690.0,3.43,4.1,4.4,-0.54999995,-13.819095,6.0,94.0,0.1250545259094238,False,REGULAR,USD,2026-06-17,7451.7001953125,0.03625,call,1.0319792528472096,0.0246575342465753,4.25
SPXW260617C07695000,2026-06-05 14:01:43+00:00,7695.0,8.1,3.7,3.9,0.0,0.0,6.0,7.0,0.1237422831726074,False,REGULAR,USD,2026-06-17,7451.7001953125,0.03625,call,1.0326502406579037,0.0246575342465753,3.8
SPXW260617C07700000,2026-06-08 15:27:00+00:00,7700.0,3.56,3.1,3.4,1.1099999,45.306118,22.0,512.0,0.1221248677062988,False,REGULAR,USD,2026-06-17,7451.7001953125,0.03625,call,1.0333212284685975,0.0246575342465753,3.25
SPXW260617C07705000,2026-06-08 15:24:47+00:00,7705.0,3.65,3.1,3.3,1.6200001,79.80296,2.0,59.0,0.1232845240783691,False,REGULAR,USD,2026-06-17,7451.7001953125,0.03625,call,1.0339922162792914,0.0246575342465753,3.2
SPXW260617C07710000,2026-06-05 18:33:27+00:00,7710.0,2.56,2.9,3.1,-0.25,-8.896797,12.0,1509.0,0.1236202140808105,False,REGULAR,USD,2026-06-17,7451.7001953125,0.03625,call,1.0346632040899852,0.0246575342465753,3.0
SPXW260617C07715000,2026-06-08 14:58:21+00:00,7715.0,2.65,2.45,2.65,-4.22,-61.426487,1.0,1.0,0.1217128845214843,False,REGULAR,USD,2026-06-17,7451.7001953125,0.03625,call,1.035334191900679,0.0246575342465753,2.55
SPXW260617C07720000,2026-06-05 19:24:15+00:00,7720.0,2.29,2.2,2.4,0.3399999,17.435894,1.0,282.0,0.121255125427246,False,REGULAR,USD,2026-06-17,7451.7001953125,0.03625,call,1.036005179711373,0.0246575342465753,2.3
SPXW260617C07725000,2026-06-08 14:57:24+00:00,7725.0,2.17,2.05,2.2,0.7400001,51.748264,12.0,266.0,0.1211025390625,False,REGULAR,USD,2026-06-17,7451.7001953125,0.03625,call,1.0366761675220668,0.0246575342465753,2.125
SPXW260617C07730000,2026-06-05 18:11:29+00:00,7730.0,2.3,1.85,2.05,0.0,0.0,13.0,45.0,0.1213314186096191,False,REGULAR,USD,2026-06-17,7451.7001953125,0.03625,call,1.037347155332761,0.0246575342465753,1.95
SPXW260617C07735000,2026-06-05 18:15:34+00:00,7735.0,1.85,1.85,2.0,0.0,0.0,6.0,5.0,0.1225368508911133,False,REGULAR,USD,2026-06-17,7451.7001953125,0.03625,call,1.0380181431434548,0.0246575342465753,1.925
SPXW260617C07740000,2026-06-08 13:30:04+00:00,7740.0,1.74,1.55,1.75,0.24000001,16.0,17.0,90.0,0.121453487701416,False,REGULAR,USD,2026-06-17,7451.7001953125,0.03625,call,1.0386891309541486,0.0246575342465753,1.65
SPXW260617C07750000,2026-06-08 14:57:24+00:00,7750.0,1.37,1.3,1.45,0.39999998,41.23711,12.0,749.0,0.1210415045166015,False,REGULAR,USD,2026-06-17,7451.7001953125,0.03625,call,1.0400311065755363,0.0246575342465753,1.375
SPXW260617C07760000,2026-06-08 13:30:04+00:00,7760.0,1.77,1.15,1.3,-1.25,-41.390728,18.0,70.0,0.1222316781616211,False,REGULAR,USD,2026-06-17,7451.7001953125,0.03625,call,1.0413730821969245,0.0246575342465753,1.225
SPXW260617C07770000,2026-06-08 13:30:03+00:00,7770.0,1.2,0.95,1.1,0.37000006,44.578323,2.0,37.0,0.1222927127075195,False,REGULAR,USD,2026-06-17,7451.7001953125,0.03625,call,1.042715057818312,0.0246575342465753,1.025
SPXW260617C07775000,2026-06-08 13:37:58+00:00,7775.0,1.0,0.9,1.05,0.27999997,38.88888,4.0,351.0,0.12305564453125,False,REGULAR,USD,2026-06-17,7451.7001953125,0.03625,call,1.0433860456290058,0.0246575342465753,0.975
SPXW260617C07780000,2026-06-05 17:11:00+00:00,7780.0,0.82,0.85,0.95,-0.32,-28.070175,12.0,50.0,0.1228115063476562,False,REGULAR,USD,2026-06-17,7451.7001953125,0.03625,call,1.0440570334396997,0.0246575342465753,0.8999999999999999
SPXW260617C07790000,2026-06-05 19:52:49+00:00,7790.0,0.72,0.75,0.9,0.0,0.0,11.0,88.0,0.1249477154541015,False,REGULAR,USD,2026-06-17,7451.7001953125,0.03625,call,1.0453990090610876,0.0246575342465753,0.825
SPXW260617C07800000,2026-06-08 15:09:47+00:00,7800.0,0.72,0.65,0.75,0.25000003,53.191498,92.0,513.0,0.1248256463623046,False,REGULAR,USD,2026-06-17,7451.7001953125,0.03625,call,1.0467409846824751,0.0246575342465753,0.7
SPXW260617C07810000,2026-06-05 17:59:28+00:00,7810.0,0.75,0.6,0.7,0.0,0.0,1.0,1.0,0.1266261654663085,False,REGULAR,USD,2026-06-17,7451.7001953125,0.03625,call,1.048082960303863,0.0246575342465753,0.6499999999999999
SPXW260617C07825000,2026-06-08 14:09:54+00:00,7825.0,0.49,0.45,0.6,0.04000002,8.888893,42.0,196.0,0.1284572018432617,False,REGULAR,USD,2026-06-17,7451.7001953125,0.03625,call,1.0500959237359448,0.0246575342465753,0.525
SPX260618C07380000,2026-06-08 15:14:37+00:00,7380.0,137.47,130.8,132.6,45.550003,49.553967,6.0,4297.0,0.1794057890319824,True,REGULAR,USD,2026-06-18,7451.7001953125,0.03625,call,0.9903780085841882,0.0273972602739726,131.7
SPX260618C07385000,2026-06-05 20:07:46+00:00,7385.0,92.0,121.7,122.9,0.0,0.0,535.0,3693.0,0.1658790077972412,True,REGULAR,USD,2026-06-18,7451.7001953125,0.03625,call,0.991048996394882,0.0273972602739726,122.3
SPX260618C07390000,2026-06-08 07:44:39+00:00,7390.0,105.21,120.5,121.7,15.209999,16.899998,36.0,6041.0,0.1696631496429443,True,REGULAR,USD,2026-06-18,7451.7001953125,0.03625,call,0.991719984205576,0.0273972602739726,121.1
SPXW260618C07395000,2026-06-08 14:33:15+00:00,7395.0,130.03,119.8,120.9,28.029999,27.480392,2.0,42.0,0.1741034128570557,True,REGULAR,USD,2026-06-18,7451.7001953125,0.03625,call,0.99239097201627,0.0273972602739726,120.35
SPX260618C07400000,2026-06-08 15:13:54+00:00,7400.0,122.2,112.4,113.7,41.699997,51.801235,1050.0,61097.0,0.1656043523406982,True,REGULAR,USD,2026-06-18,7451.7001953125,0.03625,call,0.9930619598269638,0.0273972602739726,113.05
SPXW260618C07405000,2026-06-08 13:42:40+00:00,7405.0,111.72,112.8,113.6,17.669998,18.787876,2.0,299.0,0.1712386038589478,True,REGULAR,USD,2026-06-18,7451.7001953125,0.03625,call,0.9937329476376576,0.0273972602739726,113.2
SPXW260618C07410000,2026-06-08 13:32:06+00:00,7410.0,116.6,108.7,109.2,38.559998,49.410557,2.0,421.0,0.1682097645187378,True,REGULAR,USD,2026-06-18,7451.7001953125,0.03625,call,0.9944039354483516,0.0273972602739726,108.95
SPXW260618C07415000,2026-06-05 19:58:49+00:00,7415.0,102.68,106.0,106.6,12.739998,14.164996,4.0,162.0,0.1686675236129761,True,REGULAR,USD,2026-06-18,7451.7001953125,0.03625,call,0.9950749232590456,0.0273972602739726,106.3
SPXW260618C07420000,2026-06-08 14:47:12+00:00,7420.0,111.26,101.8,102.2,36.130005,48.089985,24.0,179.0,0.1655013565444946,True,REGULAR,USD,2026-06-18,7451.7001953125,0.03625,call,0.9957459110697392,0.0273972602739726,102.0
SPX260618C07425000,2026-06-08 15:14:12+00:00,7425.0,105.2,96.4,97.2,23.489998,28.748009,21.0,7483.0,0.1610877959442138,True,REGULAR,USD,2026-06-18,7451.7001953125,0.03625,call,0.9964168988804332,0.0273972602739726,96.8
SPXW260618C07430000,2026-06-08 14:17:29+00:00,7430.0,86.3,97.8,98.2,17.200005,24.89147,14.0,249.0,0.1683203896331787,True,REGULAR,USD,2026-06-18,7451.7001953125,0.03625,call,0.9970878866911272,0.0273972602739726,98.0
SPXW260618C07435000,2026-06-08 14:28:31+00:00,7435.0,87.95,95.7,96.4,3.949997,4.7023773,31.0,141.0,0.1699759516906738,True,REGULAR,USD,2026-06-18,7451.7001953125,0.03625,call,0.997758874501821,0.0273972602739726,96.05
SPXW260618C07440000,2026-06-08 15:09:05+00:00,7440.0,98.34,92.2,93.0,34.159996,53.225296,83.0,199.0,0.168427200088501,True,REGULAR,USD,2026-06-18,7451.7001953125,0.03625,call,0.998429862312515,0.0273972602739726,92.6
SPX260618C07445000,2026-06-08 15:02:37+00:00,7445.0,92.6,84.6,85.3,31.039997,50.422348,1419.0,4873.0,0.1584518664932251,True,REGULAR,USD,2026-06-18,7451.7001953125,0.03625,call,0.9991008501232088,0.0273972602739726,84.94999999999999
SPXW260618C07450000,2026-06-08 15:09:05+00:00,7450.0,91.92,84.0,84.6,33.39,57.04767,143.0,951.0,0.1619727968597412,True,REGULAR,USD,2026-06-18,7451.7001953125,0.03625,call,0.9997718379339028,0.0273972602739726,84.3
SPXW260618C07455000,2026-06-08 15:06:46+00:00,7455.0,90.49,83.7,84.2,27.409996,43.45275,7.0,187.0,0.1659781889343262,False,REGULAR,USD,2026-06-18,7451.7001953125,0.03625,call,1.0004428257445963,0.0273972602739726,83.95
SPXW260618C07460000,2026-06-08 15:23:09+00:00,7460.0,83.0,78.8,79.4,15.75,23.420074,26.0,573.0,0.1613662660598754,False,REGULAR,USD,2026-06-18,7451.7001953125,0.03625,call,1.0011138135552906,0.0273972602739726,79.1
SPX260618C07465000,2026-06-08 15:08:06+00:00,7465.0,79.96,72.5,73.1,15.659996,24.354582,57.0,2732.0,0.1537483917999267,False,REGULAR,USD,2026-06-18,7451.7001953125,0.03625,call,1.0017848013659845,0.0273972602739726,72.8
SPX260618C07470000,2026-06-08 15:27:57+00:00,7470.0,76.5,70.2,70.9,23.740002,44.996216,744.0,3328.0,0.1539772713470459,False,REGULAR,USD,2026-06-18,7451.7001953125,0.03625,call,1.0024557891766783,0.0273972602739726,70.55000000000001
SPXW260618C07475000,2026-06-08 15:25:21+00:00,7475.0,75.8,72.0,72.5,28.800003,61.2766,155.0,458.0,0.1615112231063842,False,REGULAR,USD,2026-06-18,7451.7001953125,0.03625,call,1.0031267769873722,0.0273972602739726,72.25
SPXW260618C07480000,2026-06-08 15:06:46+00:00,7480.0,75.51,67.6,68.0,18.560001,32.589993,68.0,211.0,0.1570824038696289,False,REGULAR,USD,2026-06-18,7451.7001953125,0.03625,call,1.003797764798066,0.0273972602739726,67.8
SPX260618C07485000,2026-06-08 15:03:54+00:00,7485.0,68.27,61.6,62.4,15.569996,29.544584,10.0,1426.0,0.1503686038208008,False,REGULAR,USD,2026-06-18,7451.7001953125,0.03625,call,1.00446875260876,0.0273972602739726,62.0
SPX260618C07490000,2026-06-08 13:30:14+00:00,7490.0,60.8,59.6,60.4,12.799999,26.666664,14.0,4370.0,0.1505936687088013,False,REGULAR,USD,2026-06-18,7451.7001953125,0.03625,call,1.005139740419454,0.0273972602739726,60.0
SPXW260618C07495000,2026-06-08 15:08:03+00:00,7495.0,65.86,59.7,60.2,18.46,38.945145,31.0,204.0,0.1542824440765381,False,REGULAR,USD,2026-06-18,7451.7001953125,0.03625,call,1.0058107282301478,0.0273972602739726,59.95
SPXW260618C07500000,2026-06-08 15:21:17+00:00,7500.0,61.99,56.4,57.0,24.61,65.83734,287.0,3370.0,0.1519440580368042,False,REGULAR,USD,2026-06-18,7451.7001953125,0.03625,call,1.0064817160408417,0.0273972602739726,56.7
SPX260618C07505000,2026-06-08 14:49:57+00:00,7505.0,52.6,53.5,54.2,7.6299973,16.966862,36.0,4080.0,0.1502808666610718,False,REGULAR,USD,2026-06-18,7451.7001953125,0.03625,call,1.0071527038515355,0.0273972602739726,53.85
SPX260618C07510000,2026-06-08 15:15:55+00:00,7510.0,55.85,50.0,50.7,14.219997,34.15805,97.0,4061.0,0.1470803676605225,False,REGULAR,USD,2026-06-18,7451.7001953125,0.03625,call,1.0078236916622294,0.0273972602739726,50.35
SPX260618C07515000,2026-06-08 15:02:17+00:00,7515.0,53.14,47.1,47.8,13.34,33.51759,9.0,4993.0,0.1449517878723144,False,REGULAR,USD,2026-06-18,7451.7001953125,0.03625,call,1.0084946794729233,0.0273972602739726,47.45
SPXW260618C07520000,2026-06-08 15:19:50+00:00,7520.0,53.6,49.1,49.7,12.539997,30.540665,64.0,386.0,0.1525353302001953,False,REGULAR,USD,2026-06-18,7451.7001953125,0.03625,call,1.0091656672836171,0.0273972602739726,49.400000000000006
SPXW260618C07525000,2026-06-08 15:28:17+00:00,7525.0,48.79,44.5,45.1,16.510002,51.14623,58.0,450.0,0.1467027164077758,False,REGULAR,USD,2026-06-18,7451.7001953125,0.03625,call,1.0098366550943112,0.0273972602739726,44.8
SPXW260618C07530000,2026-06-08 15:15:02+00:00,7530.0,48.0,43.8,44.2,17.29,56.300884,52.0,1050.0,0.1483926103973389,False,REGULAR,USD,2026-06-18,7451.7001953125,0.03625,call,1.010507642905005,0.0273972602739726,44.0
SPX260618C07535000,2026-06-08 14:47:47+00:00,7535.0,42.0,39.9,40.5,10.76,34.443024,3.0,5062.0,0.144089674911499,False,REGULAR,USD,2026-06-18,7451.7001953125,0.03625,call,1.011178630715699,0.0273972602739726,40.2
SPX260618C07540000,2026-06-08 15:27:58+00:00,7540.0,39.57,36.5,37.2,7.169998,22.129623,37.0,4600.0,0.1404199728393554,False,REGULAR,USD,2026-06-18,7451.7001953125,0.03625,call,1.0118496185263928,0.0273972602739726,36.85
SPXW260618C07545000,2026-06-08 15:14:44+00:00,7545.0,41.65,37.8,38.2,18.000002,76.10995,40.0,262.0,0.1459359699249267,False,REGULAR,USD,2026-06-18,7451.7001953125,0.03625,call,1.0125206063370866,0.0273972602739726,38.0
SPX260618C07550000,2026-06-08 15:16:15+00:00,7550.0,37.27,33.6,34.3,16.07,75.80189,364.0,22658.0,0.1406717403411865,False,REGULAR,USD,2026-06-18,7451.7001953125,0.03625,call,1.0131915941477807,0.0273972602739726,33.95
SPX260618C07555000,2026-06-08 15:16:57+00:00,7555.0,35.82,31.8,32.5,10.52,41.581028,54.0,2106.0,0.1398515886306762,False,REGULAR,USD,2026-06-18,7451.7001953125,0.03625,call,1.0138625819584746,0.0273972602739726,32.15
SPXW260618C07560000,2026-06-08 15:15:17+00:00,7560.0,36.38,32.2,32.5,10.690001,41.611523,22.0,390.0,0.1430177556991577,False,REGULAR,USD,2026-06-18,7451.7001953125,0.03625,call,1.0145335697691684,0.0273972602739726,32.35
SPXW260618C07565000,2026-06-08 15:18:48+00:00,7565.0,34.46,30.4,30.8,15.609999,82.81166,37.0,615.0,0.1422395652389526,False,REGULAR,USD,2026-06-18,7451.7001953125,0.03625,call,1.0152045575798625,0.0273972602739726,30.6
SPXW260618C07570000,2026-06-08 13:54:18+00:00,7570.0,29.88,28.4,28.8,11.809999,65.35695,17.0,768.0,0.1406183351135254,False,REGULAR,USD,2026-06-18,7451.7001953125,0.03625,call,1.015875545390556,0.0273972602739726,28.6
SPX260618C07575000,2026-06-08 14:46:23+00:00,7575.0,29.02,25.3,25.9,13.320001,84.840775,1658.0,11315.0,0.1366434603118896,False,REGULAR,USD,2026-06-18,7451.7001953125,0.03625,call,1.01654653320125,0.0273972602739726,25.6
SPX260618C07580000,2026-06-08 15:27:44+00:00,7580.0,25.52,25.1,25.6,4.550001,21.69767,64.0,5077.0,0.1388368893051147,False,REGULAR,USD,2026-06-18,7451.7001953125,0.03625,call,1.017217521011944,0.0273972602739726,25.35
SPXW260618C07585000,2026-06-08 15:19:18+00:00,7585.0,27.88,24.2,24.6,7.0599995,33.9097,16.0,546.0,0.1392374285125732,False,REGULAR,USD,2026-06-18,7451.7001953125,0.03625,call,1.017888508822638,0.0273972602739726,24.4
SPXW260618C07590000,2026-06-08 15:29:52+00:00,7590.0,23.38,23.2,23.6,2.5899982,10.955998,14.0,468.0,0.1395502305603027,False,REGULAR,USD,2026-06-18,7451.7001953125,0.03625,call,1.0185594966333318,0.0273972602739726,23.4
SPX260618C07595000,2026-06-08 15:27:27+00:00,7595.0,21.2,20.3,20.9,0.29000092,1.3869007,5.0,6061.0,0.1352930709838867,False,REGULAR,USD,2026-06-18,7451.7001953125,0.03625,call,1.0192304844440256,0.0273972602739726,20.6
SPX260618C07600000,2026-06-08 15:27:24+00:00,7600.0,20.0,19.1,19.6,7.1000004,55.038765,2489.0,49189.0,0.134499621887207,False,REGULAR,USD,2026-06-18,7451.7001953125,0.03625,call,1.0199014722547195,0.0273972602739726,19.35
SPX260618C07605000,2026-06-08 14:36:34+00:00,7605.0,20.55,17.7,18.2,8.849999,75.64102,9.0,3803.0,0.1332713016510009,False,REGULAR,USD,2026-06-18,7451.7001953125,0.03625,call,1.0205724600654134,0.0273972602739726,17.95
SPXW260618C07610000,2026-06-08 15:15:02+00:00,7610.0,20.35,18.2,18.6,4.55,28.79747,109.0,932.0,0.1370325555419922,False,REGULAR,USD,2026-06-18,7451.7001953125,0.03625,call,1.0212434478761074,0.0273972602739726,18.4
SPX260618C07615000,2026-06-08 14:26:19+00:00,7615.0,14.05,15.3,15.7,4.29,43.954918,4.0,1824.0,0.1311579804992675,False,REGULAR,USD,2026-06-18,7451.7001953125,0.03625,call,1.0219144356868013,0.0273972602739726,15.5
SPXW260618C07620000,2026-06-08 15:21:54+00:00,7620.0,17.67,16.9,17.2,7.9700003,82.16495,52.0,614.0,0.1381731386184692,False,REGULAR,USD,2026-06-18,7451.7001953125,0.03625,call,1.0225854234974951,0.0273972602739726,17.049999999999997
SPX260618C07625000,2026-06-08 15:01:17+00:00,7625.0,15.5,14.0,14.4,6.3,68.478264,389.0,6930.0,0.1321421625518799,False,REGULAR,USD,2026-06-18,7451.7001953125,0.03625,call,1.023256411308189,0.0273972602739726,14.2
SPXW260618C07630000,2026-06-08 15:23:31+00:00,7630.0,15.5,13.6,13.9,3.1899996,25.913887,34.0,1497.0,0.1329928315353393,False,REGULAR,USD,2026-06-18,7451.7001953125,0.03625,call,1.0239273991188829,0.0273972602739726,13.75
SPXW260618C07635000,2026-06-08 14:24:15+00:00,7635.0,11.37,14.1,14.3,0.05000019,0.4416978,5.0,240.0,0.136715938835144,False,REGULAR,USD,2026-06-18,7451.7001953125,0.03625,call,1.0245983869295767,0.0273972602739726,14.2
SPXW260618C07640000,2026-06-08 15:22:04+00:00,7640.0,13.6,11.8,12.2,5.17,61.328587,88.0,539.0,0.1321040159606933,False,REGULAR,USD,2026-06-18,7451.7001953125,0.03625,call,1.0252693747402708,0.0273972602739726,12.0
SPX260618C07645000,2026-06-08 15:16:37+00:00,7645.0,11.8,9.7,10.3,2.8000002,31.111115,9.0,195.0,0.1276103475189209,False,REGULAR,USD,2026-06-18,7451.7001953125,0.03625,call,1.0259403625509649,0.0273972602739726,10.0
SPX260618C07650000,2026-06-08 15:10:38+00:00,7650.0,11.06,9.4,9.8,5.26,90.68965,33.0,12712.0,0.1279765547943115,False,REGULAR,USD,2026-06-18,7451.7001953125,0.03625,call,1.0266113503616583,0.0273972602739726,9.6
SPX260618C07655000,2026-06-05 18:33:25+00:00,7655.0,8.6,8.8,9.1,0.0,0.0,99.0,573.0,0.1274577611541748,False,REGULAR,USD,2026-06-18,7451.7001953125,0.03625,call,1.0272823381723524,0.0273972602739726,8.95
SPXW260618C07660000,2026-06-08 15:24:26+00:00,7660.0,10.8,9.2,9.4,4.5,71.428566,137.0,886.0,0.1308528077697753,False,REGULAR,USD,2026-06-18,7451.7001953125,0.03625,call,1.0279533259830462,0.0273972602739726,9.3
SPX260618C07665000,2026-06-05 20:01:26+00:00,7665.0,5.85,8.1,8.4,0.0,0.0,40.0,605.0,0.1289378488922119,False,REGULAR,USD,2026-06-18,7451.7001953125,0.03625,call,1.02862431379374,0.0273972602739726,8.25
SPX260618C07670000,2026-06-05 20:11:22+00:00,7670.0,7.35,6.9,7.1,2.5499997,53.124992,1.0,1158.0,0.1253368106842041,False,REGULAR,USD,2026-06-18,7451.7001953125,0.03625,call,1.0292953016044342,0.0273972602739726,7.0
SPXW260618C07675000,2026-06-08 15:26:04+00:00,7675.0,8.3,7.7,7.9,3.4,69.38776,119.0,948.0,0.1310435407257079,False,REGULAR,USD,2026-06-18,7451.7001953125,0.03625,call,1.029966289415128,0.0273972602739726,7.800000000000001
SPXW260618C07680000,2026-06-08 15:27:40+00:00,7680.0,7.33,6.7,7.0,0.8800001,13.643414,642.0,1546.0,0.1290217713928222,False,REGULAR,USD,2026-06-18,7451.7001953125,0.03625,call,1.030637277225822,0.0273972602739726,6.85
SPXW260618C07685000,2026-06-08 14:44:39+00:00,7685.0,5.4,6.7,7.0,0.9300003,20.805376,62.0,490.0,0.1310816873168945,False,REGULAR,USD,2026-06-18,7451.7001953125,0.03625,call,1.0313082650365155,0.0273972602739726,6.85
SPX260618C07690000,2026-06-08 14:53:57+00:00,7690.0,5.4,5.0,5.3,0.32999992,6.508874,254.0,696.0,0.1244136631774902,False,REGULAR,USD,2026-06-18,7451.7001953125,0.03625,call,1.0319792528472096,0.0273972602739726,5.15
SPXW260618C07695000,2026-06-08 14:56:38+00:00,7695.0,5.21,5.3,5.6,1.3400002,34.625328,40.0,245.0,0.128014701385498,False,REGULAR,USD,2026-06-18,7451.7001953125,0.03625,call,1.0326502406579037,0.0273972602739726,5.449999999999999
SPXW260618C07700000,2026-06-08 15:22:13+00:00,7700.0,5.6,5.2,5.4,2.3,69.69697,1529.0,2939.0,0.1288768143463134,False,REGULAR,USD,2026-06-18,7451.7001953125,0.03625,call,1.0333212284685975,0.0273972602739726,5.300000000000001
SPXW260618C07705000,2026-06-08 15:26:07+00:00,7705.0,5.19,4.9,5.2,1.8400002,54.92538,66.0,233.0,0.1296931513977051,False,REGULAR,USD,2026-06-18,7451.7001953125,0.03625,call,1.0339922162792914,0.0273972602739726,5.050000000000001
SPX260618C07710000,2026-06-08 15:18:11+00:00,7710.0,4.15,3.4,3.7,0.5500002,15.277783,7.0,1979.0,0.1222011608886718,False,REGULAR,USD,2026-06-18,7451.7001953125,0.03625,call,1.0346632040899852,0.0273972602739726,3.55
SPX260618C07715000,2026-06-05 17:03:59+00:00,7715.0,5.1,3.5,3.7,0.0,0.0,56.0,434.0,0.124032197265625,False,REGULAR,USD,2026-06-18,7451.7001953125,0.03625,call,1.035334191900679,0.0273972602739726,3.6
SPXW260618C07720000,2026-06-08 14:57:01+00:00,7720.0,3.56,3.5,3.7,0.26,7.878788,617.0,1526.0,0.1258479750061035,False,REGULAR,USD,2026-06-18,7451.7001953125,0.03625,call,1.036005179711373,0.0273972602739726,3.6
SPXW260618C07725000,2026-06-08 15:13:54+00:00,7725.0,3.9,3.5,3.7,1.9000001,95.00001,12.0,736.0,0.1276713820648193,False,REGULAR,USD,2026-06-18,7451.7001953125,0.03625,call,1.0366761675220668,0.0273972602739726,3.6
SPXW260618C07730000,2026-06-08 15:19:34+00:00,7730.0,3.7,3.1,3.3,1.4000001,60.86957,17.0,197.0,0.1265193550109863,False,REGULAR,USD,2026-06-18,7451.7001953125,0.03625,call,1.037347155332761,0.0273972602739726,3.2
SPX260618C07735000,2026-06-05 19:32:38+00:00,7735.0,2.3,2.5,2.7,0.0,0.0,2.0,330.0,0.1234218518066406,False,REGULAR,USD,2026-06-18,7451.7001953125,0.03625,call,1.0380181431434548,0.0273972602739726,2.6
SPXW260618C07740000,2026-06-08 15:11:19+00:00,7740.0,3.15,2.75,2.9,1.1200001,55.17242,27.0,966.0,0.1268550450134277,False,REGULAR,USD,2026-06-18,7451.7001953125,0.03625,call,1.0386891309541486,0.0273972602739726,2.825
SPXW260618C07745000,2026-06-08 15:02:35+00:00,7745.0,2.75,2.25,2.45,0.54999995,24.999998,12.0,247.0,0.1245967668151855,False,REGULAR,USD,2026-06-18,7451.7001953125,0.03625,call,1.0393601187648425,0.0273972602739726,2.35
SPXW260618C07750000,2026-06-08 15:28:48+00:00,7750.0,2.45,2.15,2.35,0.95000005,63.33334,67.0,1109.0,0.1253444400024414,False,REGULAR,USD,2026-06-18,7451.7001953125,0.03625,call,1.0400311065755363,0.0273972602739726,2.25
SPX260618C07755000,2026-06-05 18:05:51+00:00,7755.0,2.02,1.75,1.95,0.0,0.0,11.0,2583.0,0.1229183168029785,False,REGULAR,USD,2026-06-18,7451.7001953125,0.03625,call,1.0407020943862302,0.0273972602739726,1.85
SPX260618C07760000,2026-06-08 13:50:21+00:00,7760.0,1.65,1.55,1.8,0.14999998,9.999999,6.0,477.0,0.1228725408935546,False,REGULAR,USD,2026-06-18,7451.7001953125,0.03625,call,1.0413730821969245,0.0273972602739726,1.675
SPX260618C07765000,2026-06-05 20:00:09+00:00,7765.0,1.4,1.35,1.6,0.100000024,7.6923094,1.0,309.0,0.122079091796875,False,REGULAR,USD,2026-06-18,7451.7001953125,0.03625,call,1.042044070007618,0.0273972602739726,1.475
SPXW260618C07770000,2026-06-08 15:17:44+00:00,7770.0,1.85,1.7,1.85,0.58000004,45.669296,10.0,360.0,0.126687200012207,False,REGULAR,USD,2026-06-18,7451.7001953125,0.03625,call,1.042715057818312,0.0273972602739726,1.775
SPX260618C07775000,2026-06-08 14:25:21+00:00,7775.0,1.05,1.25,1.45,-0.1400001,-11.764714,10.0,3470.0,0.1232845240783691,False,REGULAR,USD,2026-06-18,7451.7001953125,0.03625,call,1.0433860456290058,0.0273972602739726,1.35
SPX260618C07780000,2026-06-08 14:52:48+00:00,7780.0,1.15,1.2,1.35,0.14999998,14.999998,13.0,1506.0,0.1234523690795898,False,REGULAR,USD,2026-06-18,7451.7001953125,0.03625,call,1.0440570334396997,0.0273972602739726,1.275
SPX260618C07785000,2026-06-05 17:18:55+00:00,7785.0,1.45,1.05,1.25,0.0,0.0,20.0,199.0,0.1235134036254883,False,REGULAR,USD,2026-06-18,7451.7001953125,0.03625,call,1.0447280212503935,0.0273972602739726,1.15
SPXW260618C07790000,2026-06-08 15:06:36+00:00,7790.0,1.37,1.2,1.35,0.32000005,30.476196,5.0,215.0,0.1265346136474609,False,REGULAR,USD,2026-06-18,7451.7001953125,0.03625,call,1.0453990090610876,0.0273972602739726,1.275
SPXW260618C07795000,2026-06-08 15:06:36+00:00,7795.0,1.27,1.1,1.25,0.19999993,18.69158,16.0,140.0,0.1265651309204101,False,REGULAR,USD,2026-06-18,7451.7001953125,0.03625,call,1.0460699968717817,0.0273972602739726,1.175
SPX260618C07800000,2026-06-08 15:26:04+00:00,7800.0,0.91,0.85,1.05,0.16000003,21.333336,183.0,15020.0,0.1248256463623046,False,REGULAR,USD,2026-06-18,7451.7001953125,0.03625,call,1.0467409846824751,0.0273972602739726,0.95
SPXW260618C07805000,2026-06-05 19:23:53+00:00,7805.0,0.76,1.0,1.1,0.0,0.0,42.0,388.0,0.1271754763793945,False,REGULAR,USD,2026-06-18,7451.7001953125,0.03625,call,1.0474119724931692,0.0273972602739726,1.05
SPX260618C07810000,2026-06-05 19:37:27+00:00,7810.0,0.67,0.7,0.85,0.0,0.0,17.0,232.0,0.1240016799926757,False,REGULAR,USD,2026-06-18,7451.7001953125,0.03625,call,1.048082960303863,0.0273972602739726,0.7749999999999999
SPXW260618C07815000,2026-06-08 13:49:01+00:00,7815.0,0.95,0.85,1.0,0.22999996,31.944437,1.0,150.0,0.128365650024414,False,REGULAR,USD,2026-06-18,7451.7001953125,0.03625,call,1.048753948114557,0.0273972602739726,0.925
SPX260618C07820000,2026-06-08 10:42:27+00:00,7820.0,1.25,0.65,0.85,0.6,92.3077,2.0,210.0,0.1269008209228515,False,REGULAR,USD,2026-06-18,7451.7001953125,0.03625,call,1.049424935925251,0.0273972602739726,0.75
SPX260618C07825000,2026-06-05 19:43:30+00:00,7825.0,0.59,0.6,0.8,0.0,0.0,113.0,1690.0,0.1272670281982422,False,REGULAR,USD,2026-06-18,7451.7001953125,0.03625,call,1.0500959237359448,0.0273972602739726,0.7
SPXW260618C07830000,2026-06-05 18:02:12+00:00,7830.0,0.82,0.7,0.8,0.0,0.0,293.0,192.0,0.1286708227539062,False,REGULAR,USD,2026-06-18,7451.7001953125,0.03625,call,1.0507669115466387,0.0273972602739726,0.75
SPXW260618C07835000,2026-06-05 18:19:53+00:00,7835.0,0.57,0.65,0.75,0.0,0.0,2.0,47.0,0.1289759954833984,False,REGULAR,USD,2026-06-18,7451.7001953125,0.03625,call,1.0514378993573326,0.0273972602739726,0.7
SPXW260618C07840000,2026-06-08 13:53:24+00:00,7840.0,0.7,0.6,0.75,0.25,55.555557,15.0,199.0,0.1304103073120117,False,REGULAR,USD,2026-06-18,7451.7001953125,0.03625,call,1.0521088871680264,0.0273972602739726,0.675
SPXW260618C07850000,2026-06-08 15:16:59+00:00,7850.0,0.65,0.5,0.65,0.24999997,62.49999,57.0,944.0,0.1307459973144531,False,REGULAR,USD,2026-06-18,7451.7001953125,0.03625,call,1.0534508627894144,0.0273972602739726,0.575
SPXW260618C07855000,2026-06-05 19:00:01+00:00,7855.0,0.34,0.55,0.65,0.0,0.0,8.0,88.0,0.1321497918701172,False,REGULAR,USD,2026-06-18,7451.7001953125,0.03625,call,1.0541218506001082,0.0273972602739726,0.6000000000000001
SPXW260618C07860000,2026-06-08 14:31:18+00:00,7860.0,0.45,0.55,0.65,0.13,40.625,5.0,195.0,0.1334925518798828,False,REGULAR,USD,2026-06-18,7451.7001953125,0.03625,call,1.054792838410802,0.0273972602739726,0.6000000000000001
SPXW260618C07880000,2026-06-05 17:47:24+00:00,7880.0,0.47,0.45,0.5,0.0,0.0,85.0,297.0,0.1345301391601562,False,REGULAR,USD,2026-06-18,7451.7001953125,0.03625,call,1.0574767896535775,0.0273972602739726,0.475
SPXW260618C07885000,2026-06-05 18:53:06+00:00,7885.0,0.35,0.4,0.5,0.0,0.0,1.0,22.0,0.1358728991699219,False,REGULAR,USD,2026-06-18,7451.7001953125,0.03625,call,1.0581477774642716,0.0273972602739726,0.45
SPXW260618C07890000,2026-06-05 19:40:52+00:00,7890.0,0.3,0.4,0.5,0.0,0.0,704.0,408.0,0.1372156591796875,False,REGULAR,USD,2026-06-18,7451.7001953125,0.03625,call,1.0588187652749654,0.0273972602739726,0.45
SPXW260618C07905000,2026-06-05 13:47:06+00:00,7905.0,0.55,0.35,0.45,0.0,0.0,1.0,121.0,0.1394129028320312,False,REGULAR,USD,2026-06-18,7451.7001953125,0.03625,call,1.060831728707047,0.0273972602739726,0.4
SPXW260618C07910000,2026-06-05 19:59:15+00:00,7910.0,0.23,0.35,0.45,0.0,0.0,18.0,266.0,0.1407556628417968,False,REGULAR,USD,2026-06-18,7451.7001953125,0.03625,call,1.061502716517741,0.0273972602739726,0.4
SPXW260618C07925000,2026-06-08 13:53:55+00:00,7925.0,0.3,0.3,0.4,-0.01999998,-6.2499943,13.0,486.0,0.1426477337646484,False,REGULAR,USD,2026-06-18,7451.7001953125,0.03625,call,1.0635156799498229,0.0273972602739726,0.35
SPXW260618C07930000,2026-06-05 19:28:28+00:00,7930.0,0.22,0.3,0.4,0.0,0.0,13.0,76.0,0.1439294592285156,False,REGULAR,USD,2026-06-18,7451.7001953125,0.03625,call,1.0641866677605163,0.0273972602739726,0.35
SPXW260622C07380000,2026-06-05 19:54:12+00:00,7380.0,121.08,137.4,138.0,0.0,0.0,19.0,72.0,0.1630523453903198,True,REGULAR,USD,2026-06-22,7451.7001953125,0.03625,call,0.9903780085841882,0.0383561643835616,137.7
SPXW260622C07390000,2026-06-08 13:39:33+00:00,7390.0,126.27,130.2,131.1,11.549995,10.067987,6.0,27.0,0.1615264817428588,True,REGULAR,USD,2026-06-22,7451.7001953125,0.03625,call,0.991719984205576,0.0383561643835616,130.64999999999998
SPXW260622C07400000,2026-06-08 15:05:26+00:00,7400.0,130.67,121.8,122.5,40.339996,44.658466,40.0,718.0,0.1568611536407471,True,REGULAR,USD,2026-06-22,7451.7001953125,0.03625,call,0.9930619598269638,0.0383561643835616,122.15
SPXW260622C07410000,2026-06-08 14:30:52+00:00,7410.0,113.0,116.2,116.8,29.0,34.52381,38.0,98.0,0.1569069295501709,True,REGULAR,USD,2026-06-22,7451.7001953125,0.03625,call,0.9944039354483516,0.0383561643835616,116.5
SPXW260622C07415000,2026-06-05 19:40:52+00:00,7415.0,98.82,113.6,114.0,0.0,0.0,10.0,5.0,0.1569069295501709,True,REGULAR,USD,2026-06-22,7451.7001953125,0.03625,call,0.9950749232590456,0.0383561643835616,113.8
SPXW260622C07420000,2026-06-08 14:04:04+00:00,7420.0,103.0,110.4,111.0,5.5699997,5.716925,13.0,74.0,0.1565025756835937,True,REGULAR,USD,2026-06-22,7451.7001953125,0.03625,call,0.9957459110697392,0.0383561643835616,110.7
SPXW260622C07425000,2026-06-08 14:39:47+00:00,7425.0,103.63,109.9,110.4,6.669998,6.8791237,47.0,139.0,0.1600463940048218,True,REGULAR,USD,2026-06-22,7451.7001953125,0.03625,call,0.9964168988804332,0.0383561643835616,110.15
SPXW260622C07430000,2026-06-08 15:06:46+00:00,7430.0,113.72,103.6,104.3,25.730003,29.241962,13.0,12.0,0.1543205906677246,True,REGULAR,USD,2026-06-22,7451.7001953125,0.03625,call,0.9970878866911272,0.0383561643835616,103.95
SPXW260622C07435000,2026-06-08 15:05:27+00:00,7435.0,107.15,100.9,101.4,25.919998,31.90939,4.0,24.0,0.1538819048690796,True,REGULAR,USD,2026-06-22,7451.7001953125,0.03625,call,0.997758874501821,0.0383561643835616,101.15
SPXW260622C07440000,2026-06-08 15:11:10+00:00,7440.0,103.82,100.3,100.8,18.39,21.526396,19.0,95.0,0.1571968436431885,True,REGULAR,USD,2026-06-22,7451.7001953125,0.03625,call,0.998429862312515,0.0383561643835616,100.55
SPXW260622C07445000,2026-06-08 13:40:13+00:00,7445.0,95.28,94.2,94.7,27.779999,41.155556,4.0,4.0,0.1512955659866333,True,REGULAR,USD,2026-06-22,7451.7001953125,0.03625,call,0.9991008501232088,0.0383561643835616,94.45
SPXW260622C07450000,2026-06-08 14:39:06+00:00,7450.0,89.3,93.5,94.4,12.270004,15.928865,15.0,360.0,0.1549633607292175,True,REGULAR,USD,2026-06-22,7451.7001953125,0.03625,call,0.9997718379339028,0.0383561643835616,93.95
SPXW260622C07455000,2026-06-08 14:42:08+00:00,7455.0,84.12,91.1,91.6,8.920006,11.861711,1.0,13.0,0.1544083278274536,False,REGULAR,USD,2026-06-22,7451.7001953125,0.03625,call,1.0004428257445963,0.0383561643835616,91.35
SPXW260622C07460000,2026-06-08 15:04:10+00:00,7460.0,91.8,88.2,88.7,16.970001,22.678072,11.0,60.0,0.1536148787307739,False,REGULAR,USD,2026-06-22,7451.7001953125,0.03625,call,1.0011138135552906,0.0383561643835616,88.45
SPXW260622C07465000,2026-06-08 15:11:10+00:00,7465.0,90.48,82.4,82.9,21.54,31.24456,7.0,26.0,0.1479348513031006,False,REGULAR,USD,2026-06-22,7451.7001953125,0.03625,call,1.0017848013659845,0.0383561643835616,82.65
SPXW260622C07470000,2026-06-08 15:09:46+00:00,7470.0,86.4,81.4,82.0,31.09,56.21045,6.0,57.0,0.1503151985931396,False,REGULAR,USD,2026-06-22,7451.7001953125,0.03625,call,1.0024557891766783,0.0383561643835616,81.7
SPXW260622C07475000,2026-06-08 15:13:27+00:00,7475.0,83.63,78.0,78.8,18.199997,27.815983,20.0,103.0,0.1488007789230346,False,REGULAR,USD,2026-06-22,7451.7001953125,0.03625,call,1.0031267769873722,0.0383561643835616,78.4
SPXW260622C07480000,2026-06-08 15:24:47+00:00,7480.0,81.2,76.7,77.2,19.389996,31.37032,62.0,62.0,0.1498765127944946,False,REGULAR,USD,2026-06-22,7451.7001953125,0.03625,call,1.003797764798066,0.0383561643835616,76.95
SPXW260622C07485000,2026-06-08 15:01:24+00:00,7485.0,78.35,71.3,72.4,7.220001,10.150431,11.0,20.0,0.1455316160583495,False,REGULAR,USD,2026-06-22,7451.7001953125,0.03625,call,1.00446875260876,0.0383561643835616,71.85
SPXW260622C07490000,2026-06-08 15:11:10+00:00,7490.0,76.03,70.1,70.9,19.279999,33.973568,60.0,54.0,0.1466264232254028,False,REGULAR,USD,2026-06-22,7451.7001953125,0.03625,call,1.005139740419454,0.0383561643835616,70.5
SPXW260622C07495000,2026-06-08 15:11:31+00:00,7495.0,73.48,68.5,69.0,21.050003,40.148773,36.0,10.0,0.1469773718643188,False,REGULAR,USD,2026-06-22,7451.7001953125,0.03625,call,1.0058107282301478,0.0383561643835616,68.75
SPXW260622C07500000,2026-06-08 15:28:17+00:00,7500.0,67.42,65.6,66.1,14.029999,26.278328,55.0,222.0,0.1455659479904174,False,REGULAR,USD,2026-06-22,7451.7001953125,0.03625,call,1.0064817160408417,0.0383561643835616,65.85
SPXW260622C07505000,2026-06-05 19:19:44+00:00,7505.0,56.4,62.3,62.7,7.800003,16.049389,4.0,13.0,0.1432161179733276,False,REGULAR,USD,2026-06-22,7451.7001953125,0.03625,call,1.0071527038515355,0.0383561643835616,62.5
SPXW260622C07510000,2026-06-08 14:51:12+00:00,7510.0,58.76,57.1,60.1,5.779999,10.909775,28.0,92.0,0.1421327547836303,False,REGULAR,USD,2026-06-22,7451.7001953125,0.03625,call,1.0078236916622294,0.0383561643835616,58.6
SPXW260622C07515000,2026-06-05 19:19:44+00:00,7515.0,53.73,58.6,59.2,9.029999,20.20134,1.0,15.0,0.1438913126373291,False,REGULAR,USD,2026-06-22,7451.7001953125,0.03625,call,1.0084946794729233,0.0383561643835616,58.900000000000006
SPXW260622C07520000,2026-06-08 14:54:01+00:00,7520.0,56.43,53.9,54.4,8.459999,17.636019,7.0,50.0,0.1388254453277587,False,REGULAR,USD,2026-06-22,7451.7001953125,0.03625,call,1.0091656672836171,0.0383561643835616,54.15
SPXW260622C07525000,2026-06-08 15:25:02+00:00,7525.0,57.5,51.8,52.4,14.110001,32.519012,42.0,119.0,0.138505013961792,False,REGULAR,USD,2026-06-22,7451.7001953125,0.03625,call,1.0098366550943112,0.0383561643835616,52.1
SPXW260622C07530000,2026-06-08 15:29:14+00:00,7530.0,51.9,49.9,50.4,7.3500023,16.498322,28.0,49.0,0.1381044747543334,False,REGULAR,USD,2026-06-22,7451.7001953125,0.03625,call,1.010507642905005,0.0383561643835616,50.15
SPXW260622C07535000,2026-06-08 14:46:13+00:00,7535.0,47.1,49.2,49.6,-14.620003,-23.687626,2.0,3.0,0.1397600368118286,False,REGULAR,USD,2026-06-22,7451.7001953125,0.03625,call,1.011178630715699,0.0383561643835616,49.400000000000006
SPXW260622C07540000,2026-06-08 14:14:19+00:00,7540.0,42.6,43.9,45.4,6.799999,18.994411,5.0,244.0,0.1352396657562256,False,REGULAR,USD,2026-06-22,7451.7001953125,0.03625,call,1.0118496185263928,0.0383561643835616,44.65
SPXW260622C07545000,2026-06-05 18:33:22+00:00,7545.0,41.29,45.9,46.3,0.0,0.0,31.0,38.0,0.1398363299942016,False,REGULAR,USD,2026-06-22,7451.7001953125,0.03625,call,1.0125206063370866,0.0383561643835616,46.1
SPXW260622C07550000,2026-06-08 15:27:31+00:00,7550.0,43.35,41.7,42.2,8.899998,25.834536,45.0,554.0,0.1352511097335815,False,REGULAR,USD,2026-06-22,7451.7001953125,0.03625,call,1.0131915941477807,0.0383561643835616,41.95
SPXW260622C07555000,2026-06-05 19:43:43+00:00,7555.0,43.57,40.4,41.1,10.470001,31.631426,1.0,22.0,0.1360712614440918,False,REGULAR,USD,2026-06-22,7451.7001953125,0.03625,call,1.0138625819584746,0.0383561643835616,40.75
SPXW260622C07560000,2026-06-08 15:09:43+00:00,7560.0,41.85,37.8,38.4,10.359999,32.89933,19.0,84.0,0.1338053539276123,False,REGULAR,USD,2026-06-22,7451.7001953125,0.03625,call,1.0145335697691684,0.0383561643835616,38.1
SPXW260622C07565000,2026-06-08 15:18:48+00:00,7565.0,39.87,35.4,36.0,-19.84,-33.227264,7.0,29.0,0.1319666882324218,False,REGULAR,USD,2026-06-22,7451.7001953125,0.03625,call,1.0152045575798625,0.0383561643835616,35.7
SPXW260622C07570000,2026-06-08 15:13:21+00:00,7570.0,38.2,34.2,34.6,11.130001,41.11563,13.0,71.0,0.1319476149368286,False,REGULAR,USD,2026-06-22,7451.7001953125,0.03625,call,1.015875545390556,0.0383561643835616,34.400000000000006
SPXW260622C07575000,2026-06-08 15:11:42+00:00,7575.0,36.7,32.0,32.5,10.6,40.613026,7.0,240.0,0.1304560832214355,False,REGULAR,USD,2026-06-22,7451.7001953125,0.03625,call,1.01654653320125,0.0383561643835616,32.25
SPXW260622C07580000,2026-06-08 15:15:17+00:00,7580.0,34.63,32.7,33.2,9.110001,35.697495,31.0,90.0,0.1344767339324951,False,REGULAR,USD,2026-06-22,7451.7001953125,0.03625,call,1.017217521011944,0.0383561643835616,32.95
SPXW260622C07585000,2026-06-08 13:33:02+00:00,7585.0,32.3,29.4,30.0,-0.10000229,-0.30864903,2.0,23.0,0.1305743376541137,False,REGULAR,USD,2026-06-22,7451.7001953125,0.03625,call,1.017888508822638,0.0383561643835616,29.7
SPXW260622C07590000,2026-06-08 15:18:41+00:00,7590.0,30.94,28.4,28.8,5.960001,23.859093,37.0,105.0,0.1306124842453002,False,REGULAR,USD,2026-06-22,7451.7001953125,0.03625,call,1.0185594966333318,0.0383561643835616,28.6
SPXW260622C07595000,2026-06-08 14:36:27+00:00,7595.0,25.77,26.5,27.0,4.16,19.250347,52.0,94.0,0.1292964268493652,False,REGULAR,USD,2026-06-22,7451.7001953125,0.03625,call,1.0192304844440256,0.0383561643835616,26.75
SPXW260622C07600000,2026-06-08 15:00:25+00:00,7600.0,28.35,24.6,25.0,7.550001,36.298084,73.0,875.0,0.1273967266082763,False,REGULAR,USD,2026-06-22,7451.7001953125,0.03625,call,1.0199014722547195,0.0383561643835616,24.8
SPXW260622C07605000,2026-06-08 14:31:49+00:00,7605.0,22.23,23.6,24.2,1.3400002,6.414553,50.0,35.0,0.1280185160446166,False,REGULAR,USD,2026-06-22,7451.7001953125,0.03625,call,1.0205724600654134,0.0383561643835616,23.9
SPXW260622C07610000,2026-06-08 14:45:46+00:00,7610.0,21.19,21.2,22.8,1.1900005,5.9500027,46.0,108.0,0.127213622970581,False,REGULAR,USD,2026-06-22,7451.7001953125,0.03625,call,1.0212434478761074,0.0383561643835616,22.0
SPXW260622C07615000,2026-06-08 14:37:16+00:00,7615.0,20.33,20.9,21.3,4.129999,25.49382,83.0,142.0,0.1260539665985107,False,REGULAR,USD,2026-06-22,7451.7001953125,0.03625,call,1.0219144356868013,0.0383561643835616,21.1
SPXW260622C07620000,2026-06-08 14:50:06+00:00,7620.0,20.95,21.0,21.4,3.0500011,17.039114,25.0,214.0,0.1285716416168212,False,REGULAR,USD,2026-06-22,7451.7001953125,0.03625,call,1.0225854234974951,0.0383561643835616,21.2
SPXW260622C07625000,2026-06-08 15:06:36+00:00,7625.0,21.4,18.8,19.2,9.9,86.08695,113.0,777.0,0.1255122850036621,False,REGULAR,USD,2026-06-22,7451.7001953125,0.03625,call,1.023256411308189,0.0383561643835616,19.0
SPXW260622C07630000,2026-06-08 15:03:02+00:00,7630.0,19.8,17.5,17.9,3.8199997,23.90488,30.0,56.0,0.1244632537460327,False,REGULAR,USD,2026-06-22,7451.7001953125,0.03625,call,1.0239273991188829,0.0383561643835616,17.7
SPXW260622C07635000,2026-06-08 14:36:02+00:00,7635.0,15.81,17.5,17.9,0.22000027,1.4111627,12.0,22.0,0.1266337947845458,False,REGULAR,USD,2026-06-22,7451.7001953125,0.03625,call,1.0245983869295767,0.0383561643835616,17.7
SPXW260622C07640000,2026-06-08 15:01:25+00:00,7640.0,17.54,15.4,15.7,3.6400013,26.18706,46.0,68.0,0.1229869806671142,False,REGULAR,USD,2026-06-22,7451.7001953125,0.03625,call,1.0252693747402708,0.0383561643835616,15.55
SPXW260622C07645000,2026-06-05 15:54:37+00:00,7645.0,21.9,14.6,15.1,0.0,0.0,173.0,182.0,0.1234409251022339,False,REGULAR,USD,2026-06-22,7451.7001953125,0.03625,call,1.0259403625509649,0.0383561643835616,14.85
SPXW260622C07650000,2026-06-08 15:20:37+00:00,7650.0,15.87,13.6,14.0,4.5599995,40.318295,11.0,607.0,0.1224071524810791,False,REGULAR,USD,2026-06-22,7451.7001953125,0.03625,call,1.0266113503616583,0.0383561643835616,13.8
SPXW260622C07655000,2026-06-08 15:27:31+00:00,7655.0,13.53,13.6,13.9,1.21,9.821429,15.0,25.0,0.1241542663574218,False,REGULAR,USD,2026-06-22,7451.7001953125,0.03625,call,1.0272823381723524,0.0383561643835616,13.75
SPXW260622C07660000,2026-06-08 15:01:52+00:00,7660.0,13.54,11.7,12.0,2.3599997,21.10912,15.0,97.0,0.120476934967041,False,REGULAR,USD,2026-06-22,7451.7001953125,0.03625,call,1.0279533259830462,0.0383561643835616,11.85
SPXW260622C07665000,2026-06-08 15:01:25+00:00,7665.0,12.76,11.3,11.6,2.96,30.20408,4.0,34.0,0.121178832244873,False,REGULAR,USD,2026-06-22,7451.7001953125,0.03625,call,1.02862431379374,0.0383561643835616,11.45
SPXW260622C07670000,2026-06-08 15:27:41+00:00,7670.0,11.3,11.3,11.6,1.8400002,19.45032,6.0,194.0,0.1231243083953857,False,REGULAR,USD,2026-06-22,7451.7001953125,0.03625,call,1.0292953016044342,0.0383561643835616,11.45
SPXW260622C07675000,2026-06-08 15:24:00+00:00,7675.0,11.14,10.4,10.7,2.4000006,27.459963,31.0,392.0,0.1221096090698242,False,REGULAR,USD,2026-06-22,7451.7001953125,0.03625,call,1.029966289415128,0.0383561643835616,10.55
SPXW260622C07680000,2026-06-08 15:01:04+00:00,7680.0,10.22,8.9,9.3,1.5600004,18.013863,10.0,141.0,0.1191799508666992,False,REGULAR,USD,2026-06-22,7451.7001953125,0.03625,call,1.030637277225822,0.0383561643835616,9.1
SPXW260622C07685000,2026-06-05 19:46:55+00:00,7685.0,8.39,8.8,9.2,0.86000013,11.420984,1.0,17.0,0.1206600386047363,False,REGULAR,USD,2026-06-22,7451.7001953125,0.03625,call,1.0313082650365155,0.0383561643835616,9.0
SPXW260622C07690000,2026-06-08 15:01:04+00:00,7690.0,8.92,7.9,8.1,1.9700003,28.34533,11.0,279.0,0.1183788724517822,False,REGULAR,USD,2026-06-22,7451.7001953125,0.03625,call,1.0319792528472096,0.0383561643835616,8.0
SPXW260622C07700000,2026-06-08 15:27:40+00:00,7700.0,7.38,6.8,7.1,3.2800002,80.00001,56.0,885.0,0.1179134840393066,False,REGULAR,USD,2026-06-22,7451.7001953125,0.03625,call,1.0333212284685975,0.0383561643835616,6.949999999999999
SPXW260622C07710000,2026-06-08 14:31:49+00:00,7710.0,5.25,6.1,6.3,1.25,31.25,46.0,108.0,0.1178905960845947,False,REGULAR,USD,2026-06-22,7451.7001953125,0.03625,call,1.0346632040899852,0.0383561643835616,6.199999999999999
SPXW260622C07720000,2026-06-08 15:14:49+00:00,7720.0,5.8,5.0,5.4,0.86000013,17.408909,29.0,33.0,0.11699796585083,False,REGULAR,USD,2026-06-22,7451.7001953125,0.03625,call,1.036005179711373,0.0383561643835616,5.2
SPXW260622C07725000,2026-06-08 14:25:37+00:00,7725.0,5.5,5.0,5.3,1.29,30.64133,16.0,225.0,0.1181423635864257,False,REGULAR,USD,2026-06-22,7451.7001953125,0.03625,call,1.0366761675220668,0.0383561643835616,5.15
SPXW260622C07730000,2026-06-05 19:42:20+00:00,7730.0,3.9,4.4,4.6,0.05000019,1.2987063,3.0,191.0,0.1160824476623535,False,REGULAR,USD,2026-06-22,7451.7001953125,0.03625,call,1.037347155332761,0.0383561643835616,4.5
SPXW260622C07740000,2026-06-08 14:57:47+00:00,7740.0,3.92,3.6,3.8,0.21000004,5.6603785,2.0,63.0,0.1145871012878418,False,REGULAR,USD,2026-06-22,7451.7001953125,0.03625,call,1.0386891309541486,0.0383561643835616,3.7
SPXW260622C07750000,2026-06-08 14:57:47+00:00,7750.0,3.37,3.2,3.4,0.80999994,31.640623,4.0,678.0,0.1150906362915039,False,REGULAR,USD,2026-06-22,7451.7001953125,0.03625,call,1.0400311065755363,0.0383561643835616,3.3
SPXW260622C07760000,2026-06-08 15:26:07+00:00,7760.0,3.11,2.65,2.85,0.8499999,37.610615,5.0,75.0,0.1141751181030273,False,REGULAR,USD,2026-06-22,7451.7001953125,0.03625,call,1.0413730821969245,0.0383561643835616,2.75
SPXW260622C07770000,2026-06-08 11:27:28+00:00,7770.0,3.3,2.3,2.55,1.2,57.142864,3.0,18.0,0.1147396876525879,False,REGULAR,USD,2026-06-22,7451.7001953125,0.03625,call,1.042715057818312,0.0383561643835616,2.425
SPXW260622C07775000,2026-06-08 15:01:25+00:00,7775.0,2.5,2.1,2.3,0.45000005,21.951221,17.0,154.0,0.1140530490112304,False,REGULAR,USD,2026-06-22,7451.7001953125,0.03625,call,1.0433860456290058,0.0383561643835616,2.2
SPXW260622C07780000,2026-06-08 06:56:56+00:00,7780.0,1.8,2.15,2.35,0.0,0.0,1.0,67.0,0.1159146026611328,False,REGULAR,USD,2026-06-22,7451.7001953125,0.03625,call,1.0440570334396997,0.0383561643835616,2.25
SPXW260622C07790000,2026-06-08 03:18:39+00:00,7790.0,1.7,1.85,2.0,0.1500001,9.677425,1.0,108.0,0.1154873608398437,False,REGULAR,USD,2026-06-22,7451.7001953125,0.03625,call,1.0453990090610876,0.0383561643835616,1.925
SPXW260622C07800000,2026-06-08 15:01:46+00:00,7800.0,1.71,1.6,1.75,0.4100001,31.53847,32.0,553.0,0.1156552058410644,False,REGULAR,USD,2026-06-22,7451.7001953125,0.03625,call,1.0467409846824751,0.0383561643835616,1.675
SPXW260622C07825000,2026-06-08 15:01:46+00:00,7825.0,1.2,1.15,1.25,0.18000007,17.647066,18.0,201.0,0.1161587408447265,False,REGULAR,USD,2026-06-22,7451.7001953125,0.03625,call,1.0500959237359448,0.0383561643835616,1.2
SPXW260622C07850000,2026-06-08 13:49:31+00:00,7850.0,0.93,0.85,0.95,0.23000002,32.857147,6.0,108.0,0.1178371908569335,False,REGULAR,USD,2026-06-22,7451.7001953125,0.03625,call,1.0534508627894144,0.0383561643835616,0.8999999999999999
SPXW260622C07875000,2026-06-08 13:49:31+00:00,7875.0,0.65,0.6,0.75,0.14999998,29.999996,5.0,289.0,0.1200649517822265,False,REGULAR,USD,2026-06-22,7451.7001953125,0.03625,call,1.0568058018428836,0.0383561643835616,0.675
SPXW260623C07380000,2026-06-04 14:06:02+00:00,7380.0,210.08,140.8,141.6,0.0,0.0,1.0,61.0,0.1639316243171692,True,REGULAR,USD,2026-06-23,7451.7001953125,0.03625,call,0.9903780085841882,0.0410958904109589,141.2
SPXW260623C07390000,2026-06-08 14:59:31+00:00,7390.0,141.95,134.6,135.2,-122.55,-46.332703,1.0,7.0,0.1632201903915405,True,REGULAR,USD,2026-06-23,7451.7001953125,0.03625,call,0.991719984205576,0.0410958904109589,134.89999999999998
SPXW260623C07400000,2026-06-08 15:14:17+00:00,7400.0,136.43,130.7,131.2,40.429993,42.114574,1.0,1278.0,0.1662223271179199,True,REGULAR,USD,2026-06-23,7451.7001953125,0.03625,call,0.9930619598269638,0.0410958904109589,130.95
SPXW260623C07410000,2026-06-05 19:02:27+00:00,7410.0,107.2,120.6,121.2,0.0,0.0,4.0,23.0,0.1591194318389892,True,REGULAR,USD,2026-06-23,7451.7001953125,0.03625,call,0.9944039354483516,0.0410958904109589,120.9
SPXW260623C07420000,2026-06-08 14:04:04+00:00,7420.0,107.1,113.9,114.6,-90.810005,-45.8845,2.0,2.0,0.1573799472808838,True,REGULAR,USD,2026-06-23,7451.7001953125,0.03625,call,0.9957459110697392,0.0410958904109589,114.25
SPXW260623C07425000,2026-06-03 14:48:47+00:00,7425.0,204.99,110.8,112.7,0.0,0.0,45.0,721.0,0.1586883753585815,True,REGULAR,USD,2026-06-23,7451.7001953125,0.03625,call,0.9964168988804332,0.0410958904109589,111.75
SPXW260623C07430000,2026-06-08 14:39:46+00:00,7430.0,104.78,109.0,109.6,-91.22,-46.540817,3.0,8.0,0.1579826634216308,True,REGULAR,USD,2026-06-23,7451.7001953125,0.03625,call,0.9970878866911272,0.0410958904109589,109.3
SPXW260623C07435000,2026-06-08 12:11:32+00:00,7435.0,105.4,106.1,107.2,-20.699997,-16.41554,4.0,1.0,0.1583469633674621,True,REGULAR,USD,2026-06-23,7451.7001953125,0.03625,call,0.997758874501821,0.0410958904109589,106.65
SPXW260623C07445000,2026-06-08 14:32:19+00:00,7445.0,95.9,97.8,98.6,10.669998,12.519063,5.0,12.0,0.1527642097473144,True,REGULAR,USD,2026-06-23,7451.7001953125,0.03625,call,0.9991008501232088,0.0410958904109589,98.2
SPXW260623C07450000,2026-06-08 14:45:44+00:00,7450.0,94.2,93.6,94.2,27.14,40.471222,7.0,27.0,0.1497201117706299,True,REGULAR,USD,2026-06-23,7451.7001953125,0.03625,call,0.9997718379339028,0.0410958904109589,93.9
SPXW260623C07455000,2026-06-08 13:39:26+00:00,7455.0,89.46,91.8,92.5,-14.040001,-13.565219,1.0,3.0,0.150948432006836,False,REGULAR,USD,2026-06-23,7451.7001953125,0.03625,call,1.0004428257445963,0.0410958904109589,92.15
SPXW260623C07460000,2026-06-08 14:42:08+00:00,7460.0,85.27,89.6,90.2,-94.18,-52.482586,1.0,14.0,0.1511448869514466,False,REGULAR,USD,2026-06-23,7451.7001953125,0.03625,call,1.0011138135552906,0.0410958904109589,89.9
SPXW260623C07465000,2026-06-08 15:27:29+00:00,7465.0,89.4,86.3,86.8,-16.199997,-15.340907,7.0,2.0,0.1495064908599853,False,REGULAR,USD,2026-06-23,7451.7001953125,0.03625,call,1.0017848013659845,0.0410958904109589,86.55
SPXW260623C07470000,2026-06-08 14:59:31+00:00,7470.0,89.25,86.3,87.0,0.069999695,0.0784926,3.0,76.0,0.1535881761169433,False,REGULAR,USD,2026-06-23,7451.7001953125,0.03625,call,1.0024557891766783,0.0410958904109589,86.65
SPXW260623C07475000,2026-06-08 15:24:25+00:00,7475.0,88.27,80.8,81.9,18.689995,26.861158,7.0,59.0,0.1490716197204589,False,REGULAR,USD,2026-06-23,7451.7001953125,0.03625,call,1.0031267769873722,0.0410958904109589,81.35
SPXW260623C07480000,2026-06-08 14:28:04+00:00,7480.0,75.04,80.8,81.3,8.110001,12.117138,2.0,6.0,0.1517418811035156,False,REGULAR,USD,2026-06-23,7451.7001953125,0.03625,call,1.003797764798066,0.0410958904109589,81.05
SPXW260623C07485000,2026-06-05 16:05:20+00:00,7485.0,91.7,76.8,77.4,0.0,0.0,1.0,1.0,0.1490105851745605,False,REGULAR,USD,2026-06-23,7451.7001953125,0.03625,call,1.00446875260876,0.0410958904109589,77.1
SPXW260623C07490000,2026-06-08 14:45:57+00:00,7490.0,72.01,73.7,74.4,-19.32,-21.154057,5.0,10.0,0.1476563811874389,False,REGULAR,USD,2026-06-23,7451.7001953125,0.03625,call,1.005139740419454,0.0410958904109589,74.05000000000001
SPXW260623C07495000,2026-06-05 15:51:29+00:00,7495.0,88.43,70.8,71.4,0.0,0.0,3.0,10.0,0.1462258840179443,False,REGULAR,USD,2026-06-23,7451.7001953125,0.03625,call,1.0058107282301478,0.0410958904109589,71.1
SPXW260623C07500000,2026-06-08 15:07:39+00:00,7500.0,74.6,67.4,68.2,17.379997,30.373991,4.0,225.0,0.1443853109931946,False,REGULAR,USD,2026-06-23,7451.7001953125,0.03625,call,1.0064817160408417,0.0410958904109589,67.80000000000001
SPXW260623C07510000,2026-06-08 14:58:33+00:00,7510.0,66.88,62.5,63.1,12.6799965,23.394827,2.0,17.0,0.1425905138778686,False,REGULAR,USD,2026-06-23,7451.7001953125,0.03625,call,1.0078236916622294,0.0410958904109589,62.8
SPXW260623C07515000,2026-06-05 16:04:33+00:00,7515.0,77.2,62.2,62.8,0.0,0.0,7.0,6.0,0.1453141804885864,False,REGULAR,USD,2026-06-23,7451.7001953125,0.03625,call,1.0084946794729233,0.0410958904109589,62.5
SPXW260623C07520000,2026-06-05 15:39:11+00:00,7520.0,74.8,58.1,58.6,0.0,0.0,12.0,12.0,0.1414728187561035,False,REGULAR,USD,2026-06-23,7451.7001953125,0.03625,call,1.0091656672836171,0.0410958904109589,58.35
SPXW260623C07525000,2026-06-08 15:28:01+00:00,7525.0,58.2,55.8,56.4,11.280003,24.040926,9.0,102.0,0.1408815465927124,False,REGULAR,USD,2026-06-23,7451.7001953125,0.03625,call,1.0098366550943112,0.0410958904109589,56.1
SPXW260623C07530000,2026-06-08 14:59:34+00:00,7530.0,57.47,53.6,54.1,-10.93,-15.979532,4.0,11.0,0.1400346922683715,False,REGULAR,USD,2026-06-23,7451.7001953125,0.03625,call,1.010507642905005,0.0410958904109589,53.85
SPXW260623C07535000,2026-06-05 14:15:55+00:00,7535.0,83.03,51.4,52.0,0.0,0.0,5.0,5.0,0.1394510494232178,False,REGULAR,USD,2026-06-23,7451.7001953125,0.03625,call,1.011178630715699,0.0410958904109589,51.7
SPXW260623C07540000,2026-06-08 14:59:31+00:00,7540.0,52.7,49.0,49.6,17.470001,49.588425,11.0,17.0,0.1382608757781982,False,REGULAR,USD,2026-06-23,7451.7001953125,0.03625,call,1.0118496185263928,0.0410958904109589,49.3
SPXW260623C07545000,2026-06-08 15:08:50+00:00,7545.0,51.96,46.8,47.5,-9.639999,-15.64935,2.0,3.0,0.1374979439544678,False,REGULAR,USD,2026-06-23,7451.7001953125,0.03625,call,1.0125206063370866,0.0410958904109589,47.15
SPXW260623C07550000,2026-06-08 15:10:49+00:00,7550.0,50.27,45.2,45.8,21.29,73.46446,17.0,109.0,0.1373568015670776,False,REGULAR,USD,2026-06-23,7451.7001953125,0.03625,call,1.0131915941477807,0.0410958904109589,45.5
SPXW260623C07555000,2026-06-08 15:08:50+00:00,7555.0,47.68,42.9,43.4,8.84,22.76004,19.0,2.0,0.1358843431472778,False,REGULAR,USD,2026-06-23,7451.7001953125,0.03625,call,1.0138625819584746,0.0410958904109589,43.15
SPXW260623C07560000,2026-06-08 14:15:52+00:00,7560.0,34.84,41.0,41.6,0.18999863,0.54833657,2.0,42.0,0.1353922521209717,False,REGULAR,USD,2026-06-23,7451.7001953125,0.03625,call,1.0145335697691684,0.0410958904109589,41.3
SPXW260623C07565000,2026-06-08 13:52:33+00:00,7565.0,38.44,38.8,39.4,-56.38,-59.46003,15.0,9.0,0.1340800093841553,False,REGULAR,USD,2026-06-23,7451.7001953125,0.03625,call,1.0152045575798625,0.0410958904109589,39.1
SPXW260623C07570000,2026-06-05 19:57:05+00:00,7570.0,37.72,37.8,38.3,6.170002,19.556267,15.0,69.0,0.1347056134796142,False,REGULAR,USD,2026-06-23,7451.7001953125,0.03625,call,1.015875545390556,0.0410958904109589,38.05
SPXW260623C07575000,2026-06-08 15:10:49+00:00,7575.0,40.17,35.8,36.2,-1.3500023,-3.2514505,5.0,181.0,0.1333819267654419,False,REGULAR,USD,2026-06-23,7451.7001953125,0.03625,call,1.01654653320125,0.0410958904109589,36.0
SPXW260623C07580000,2026-06-05 19:47:54+00:00,7580.0,29.21,33.8,34.5,0.0,0.0,8.0,33.0,0.1327143614196777,False,REGULAR,USD,2026-06-23,7451.7001953125,0.03625,call,1.017217521011944,0.0410958904109589,34.15
SPXW260623C07585000,2026-06-05 15:57:19+00:00,7585.0,44.49,32.1,32.5,0.0,0.0,1.0,3.0,0.1313601574325561,False,REGULAR,USD,2026-06-23,7451.7001953125,0.03625,call,1.017888508822638,0.0410958904109589,32.3
SPXW260623C07590000,2026-06-08 15:24:25+00:00,7590.0,34.65,30.8,31.4,-4.1899986,-10.787845,3.0,21.0,0.1316767741394043,False,REGULAR,USD,2026-06-23,7451.7001953125,0.03625,call,1.0185594966333318,0.0410958904109589,31.1
SPXW260623C07595000,2026-06-08 14:01:40+00:00,7595.0,26.44,28.7,29.1,3.4700012,15.106667,1.0,4.0,0.1294986037826538,False,REGULAR,USD,2026-06-23,7451.7001953125,0.03625,call,1.0192304844440256,0.0410958904109589,28.9
SPXW260623C07600000,2026-06-08 15:15:13+00:00,7600.0,31.0,27.7,28.3,6.2199993,25.100885,9.0,95.0,0.1302577209472656,False,REGULAR,USD,2026-06-23,7451.7001953125,0.03625,call,1.0199014722547195,0.0410958904109589,28.0
SPXW260623C07605000,2026-06-08 15:07:34+00:00,7605.0,29.9,26.2,26.6,-3.2399998,-9.776704,3.0,4.0,0.1290751766204833,False,REGULAR,USD,2026-06-23,7451.7001953125,0.03625,call,1.0205724600654134,0.0410958904109589,26.4
SPXW260623C07610000,2026-06-08 15:14:41+00:00,7610.0,27.61,23.8,25.6,4.8600006,21.36264,4.0,17.0,0.1292735388946533,False,REGULAR,USD,2026-06-23,7451.7001953125,0.03625,call,1.0212434478761074,0.0410958904109589,24.700000000000003
SPXW260623C07615000,2026-06-08 15:17:05+00:00,7615.0,26.49,25.0,25.5,-6.8099995,-20.450449,6.0,11.0,0.1313601574325561,False,REGULAR,USD,2026-06-23,7451.7001953125,0.03625,call,1.0219144356868013,0.0410958904109589,25.25
SPXW260623C07620000,2026-06-08 14:58:48+00:00,7620.0,24.02,22.4,22.8,3.710001,18.266869,7.0,34.0,0.1276675674057006,False,REGULAR,USD,2026-06-23,7451.7001953125,0.03625,call,1.0225854234974951,0.0410958904109589,22.6
SPXW260623C07625000,2026-06-08 15:04:17+00:00,7625.0,23.04,22.2,22.6,2.8400002,14.059405,12.0,612.0,0.1294375692367553,False,REGULAR,USD,2026-06-23,7451.7001953125,0.03625,call,1.023256411308189,0.0410958904109589,22.4
SPXW260623C07630000,2026-06-08 14:50:06+00:00,7630.0,19.75,20.0,20.4,-16.3,-45.214977,23.0,55.0,0.1265307989883423,False,REGULAR,USD,2026-06-23,7451.7001953125,0.03625,call,1.0239273991188829,0.0410958904109589,20.2
SPXW260623C07635000,2026-06-08 15:00:53+00:00,7635.0,20.86,19.8,20.2,3.7200012,21.703625,7.0,13.0,0.1282054343414306,False,REGULAR,USD,2026-06-23,7451.7001953125,0.03625,call,1.0245983869295767,0.0410958904109589,20.0
SPXW260623C07640000,2026-06-05 19:54:33+00:00,7640.0,15.48,17.7,18.1,-0.17000008,-1.0862625,2.0,45.0,0.1252032976150512,False,REGULAR,USD,2026-06-23,7451.7001953125,0.03625,call,1.0252693747402708,0.0410958904109589,17.9
SPXW260623C07650000,2026-06-08 15:08:36+00:00,7650.0,18.11,15.4,15.8,3.710001,25.763895,30.0,1692.0,0.1233989638519287,False,REGULAR,USD,2026-06-23,7451.7001953125,0.03625,call,1.0266113503616583,0.0410958904109589,15.6
SPXW260623C07660000,2026-06-05 17:54:52+00:00,7660.0,13.95,14.6,15.0,-2.88,-17.112299,1.0,7.0,0.1252376295471191,False,REGULAR,USD,2026-06-23,7451.7001953125,0.03625,call,1.0279533259830462,0.0410958904109589,14.8
SPXW260623C07665000,2026-06-08 14:44:37+00:00,7665.0,11.6,13.1,13.6,-24.999998,-68.30601,2.0,5.0,0.1232578214645385,False,REGULAR,USD,2026-06-23,7451.7001953125,0.03625,call,1.02862431379374,0.0410958904109589,13.35
SPXW260623C07670000,2026-06-08 15:11:38+00:00,7670.0,14.24,12.5,12.9,3.8400002,36.923077,24.0,140.0,0.1231395670318603,False,REGULAR,USD,2026-06-23,7451.7001953125,0.03625,call,1.0292953016044342,0.0410958904109589,12.7
SPXW260623C07675000,2026-06-08 14:59:19+00:00,7675.0,12.41,11.5,11.9,2.3400002,23.23734,28.0,52.0,0.1220104279327392,False,REGULAR,USD,2026-06-23,7451.7001953125,0.03625,call,1.029966289415128,0.0410958904109589,11.7
SPXW260623C07680000,2026-06-08 14:42:19+00:00,7680.0,9.29,10.3,10.8,0.119999886,1.3086138,8.0,34.0,0.1203930124664306,False,REGULAR,USD,2026-06-23,7451.7001953125,0.03625,call,1.030637277225822,0.0410958904109589,10.55
SPXW260623C07685000,2026-06-05 19:37:08+00:00,7685.0,8.92,9.7,10.2,0.0,0.0,3.0,3.0,0.1202480554199218,False,REGULAR,USD,2026-06-23,7451.7001953125,0.03625,call,1.0313082650365155,0.0410958904109589,9.95
SPXW260623C07690000,2026-06-08 01:14:21+00:00,7690.0,7.8,9.9,10.3,-0.19999981,-2.4999976,5.0,22.0,0.1223880791854858,False,REGULAR,USD,2026-06-23,7451.7001953125,0.03625,call,1.0319792528472096,0.0410958904109589,10.1
SPXW260623C07700000,2026-06-08 14:15:52+00:00,7700.0,6.65,8.7,9.0,-0.3499999,-4.999999,36.0,186.0,0.1214153411102294,False,REGULAR,USD,2026-06-23,7451.7001953125,0.03625,call,1.0333212284685975,0.0410958904109589,8.85
SPXW260623C07710000,2026-06-08 14:34:55+00:00,7710.0,6.6,7.4,7.7,0.13000011,2.0092754,26.0,39.0,0.1199505120086669,False,REGULAR,USD,2026-06-23,7451.7001953125,0.03625,call,1.0346632040899852,0.0410958904109589,7.550000000000001
SPXW260623C07720000,2026-06-08 15:11:38+00:00,7720.0,7.34,6.4,6.7,1.6200004,28.321684,4.0,17.0,0.1191646922302246,False,REGULAR,USD,2026-06-23,7451.7001953125,0.03625,call,1.036005179711373,0.0410958904109589,6.550000000000001
SPXW260623C07725000,2026-06-08 14:15:52+00:00,7725.0,5.78,6.3,6.5,0.5600004,10.727978,3.0,77.0,0.1199428826904296,False,REGULAR,USD,2026-06-23,7451.7001953125,0.03625,call,1.0366761675220668,0.0410958904109589,6.4
SPXW260623C07730000,2026-06-05 14:02:32+00:00,7730.0,11.85,5.3,5.5,0.0,0.0,1.0,8.0,0.1169445606231689,False,REGULAR,USD,2026-06-23,7451.7001953125,0.03625,call,1.037347155332761,0.0410958904109589,5.4
SPXW260623C07750000,2026-06-08 13:57:27+00:00,7750.0,3.95,4.1,4.4,1.0800002,37.63067,26.0,260.0,0.1174404663085937,False,REGULAR,USD,2026-06-23,7451.7001953125,0.03625,call,1.0400311065755363,0.0410958904109589,4.25
SPXW260623C07760000,2026-06-05 14:28:37+00:00,7760.0,6.95,3.4,3.6,0.0,0.0,11.0,11.0,0.1156399472045898,False,REGULAR,USD,2026-06-23,7451.7001953125,0.03625,call,1.0413730821969245,0.0410958904109589,3.5
SPXW260623C07775000,2026-06-08 14:59:19+00:00,7775.0,3.01,2.75,2.95,0.46000004,18.039217,10.0,403.0,0.1155331367492676,False,REGULAR,USD,2026-06-23,7451.7001953125,0.03625,call,1.0433860456290058,0.0410958904109589,2.85
SPXW260623C07780000,2026-06-05 15:44:40+00:00,7780.0,3.95,2.55,2.75,0.0,0.0,5.0,6.0,0.1154415849304199,False,REGULAR,USD,2026-06-23,7451.7001953125,0.03625,call,1.0440570334396997,0.0410958904109589,2.65
SPXW260623C07790000,2026-06-05 16:13:02+00:00,7790.0,3.71,2.15,2.45,0.0,0.0,5.0,55.0,0.1158077922058105,False,REGULAR,USD,2026-06-23,7451.7001953125,0.03625,call,1.0453990090610876,0.0410958904109589,2.3
SPXW260623C07800000,2026-06-08 15:03:44+00:00,7800.0,2.17,1.85,2.05,0.37000012,20.555563,24.0,119.0,0.114968567199707,False,REGULAR,USD,2026-06-23,7451.7001953125,0.03625,call,1.0467409846824751,0.0410958904109589,1.95
SPXW260623C07825000,2026-06-08 14:51:28+00:00,7825.0,1.3,1.4,1.6,0.2299999,21.495317,8.0,114.0,0.1168301208496093,False,REGULAR,USD,2026-06-23,7451.7001953125,0.03625,call,1.0500959237359448,0.0410958904109589,1.5
SPXW260623C07850000,2026-06-08 08:53:01+00:00,7850.0,0.92,1.0,1.15,0.120000005,15.0,5.0,80.0,0.1172268453979492,False,REGULAR,USD,2026-06-23,7451.7001953125,0.03625,call,1.0534508627894144,0.0410958904109589,1.075
SPXW260623C07875000,2026-06-08 12:57:52+00:00,7875.0,1.16,0.8,0.9,0.61999995,114.814804,10.0,101.0,0.1191494335937499,False,REGULAR,USD,2026-06-23,7451.7001953125,0.03625,call,1.0568058018428836,0.0410958904109589,0.8500000000000001
SPXW260623C07925000,2026-06-04 19:51:55+00:00,7925.0,1.75,0.5,0.65,0.0,0.0,4.0,58.0,0.125435991821289,False,REGULAR,USD,2026-06-23,7451.7001953125,0.03625,call,1.0635156799498229,0.0410958904109589,0.575
SPXW260624C07380000,2026-06-08 15:14:41+00:00,7380.0,153.95,145.6,146.2,30.289993,24.494576,4.0,95.0,0.1665217778587341,True,REGULAR,USD,2026-06-24,7451.7001953125,0.03625,call,0.9903780085841882,0.0438356164383561,145.89999999999998
SPXW260624C07390000,2026-06-05 19:46:04+00:00,7390.0,120.1,141.6,142.4,0.0,0.0,1.0,2.0,0.1699339904403686,True,REGULAR,USD,2026-06-24,7451.7001953125,0.03625,call,0.991719984205576,0.0438356164383561,142.0
SPXW260624C07400000,2026-06-08 00:15:45+00:00,7400.0,111.3,131.3,132.0,-2.5,-2.1968365,1.0,64.0,0.162533551750183,True,REGULAR,USD,2026-06-24,7451.7001953125,0.03625,call,0.9930619598269638,0.0438356164383561,131.65
SPXW260624C07410000,2026-06-05 19:46:04+00:00,7410.0,118.8,125.0,125.8,11.100006,10.306413,1.0,24.0,0.1616580874824524,True,REGULAR,USD,2026-06-24,7451.7001953125,0.03625,call,0.9944039354483516,0.0438356164383561,125.4
SPXW260624C07415000,2026-06-05 18:44:22+00:00,7415.0,113.2,121.6,122.4,0.0,0.0,32.0,9.0,0.1606605541229248,True,REGULAR,USD,2026-06-24,7451.7001953125,0.03625,call,0.9950749232590456,0.0438356164383561,122.0
SPXW260624C07420000,2026-06-05 18:42:05+00:00,7420.0,110.8,118.4,119.2,0.0,0.0,25.0,106.0,0.1599243249130248,True,REGULAR,USD,2026-06-24,7451.7001953125,0.03625,call,0.9957459110697392,0.0438356164383561,118.8
SPXW260624C07425000,2026-06-08 15:29:27+00:00,7425.0,116.5,113.1,114.2,6.0999985,5.525361,7.0,29.0,0.1563042134094238,True,REGULAR,USD,2026-06-24,7451.7001953125,0.03625,call,0.9964168988804332,0.0438356164383561,113.65
SPXW260624C07430000,2026-06-05 18:46:38+00:00,7430.0,102.3,111.8,113.4,0.0,0.0,38.0,29.0,0.1592205203056335,True,REGULAR,USD,2026-06-24,7451.7001953125,0.03625,call,0.9970878866911272,0.0438356164383561,112.6
SPXW260624C07435000,2026-06-08 13:58:54+00:00,7435.0,100.0,112.5,113.1,4.4000015,4.6025124,1.0,13.0,0.1628463537979126,True,REGULAR,USD,2026-06-24,7451.7001953125,0.03625,call,0.997758874501821,0.0438356164383561,112.8
SPXW260624C07440000,2026-06-05 18:45:51+00:00,7440.0,107.63,106.6,107.2,11.029999,11.418219,60.0,6.0,0.1576546027374267,True,REGULAR,USD,2026-06-24,7451.7001953125,0.03625,call,0.998429862312515,0.0438356164383561,106.9
SPXW260624C07445000,2026-06-05 17:21:26+00:00,7445.0,110.5,100.7,101.4,0.0,0.0,58.0,13.0,0.1525696621322632,True,REGULAR,USD,2026-06-24,7451.7001953125,0.03625,call,0.9991008501232088,0.0438356164383561,101.05
SPXW260624C07450000,2026-06-08 14:40:45+00:00,7450.0,103.0,101.5,102.2,-2.4000015,-2.2770412,3.0,50.0,0.1577194519424438,True,REGULAR,USD,2026-06-24,7451.7001953125,0.03625,call,0.9997718379339028,0.0438356164383561,101.85
SPXW260624C07455000,2026-06-08 14:51:56+00:00,7455.0,102.8,97.6,98.2,-2.399994,-2.281363,2.0,28.0,0.1553238460159302,False,REGULAR,USD,2026-06-24,7451.7001953125,0.03625,call,1.0004428257445963,0.0438356164383561,97.9
SPXW260624C07460000,2026-06-05 18:02:20+00:00,7460.0,90.16,95.1,96.0,-14.439995,-13.804967,1.0,46.0,0.1556709799957275,False,REGULAR,USD,2026-06-24,7451.7001953125,0.03625,call,1.0011138135552906,0.0438356164383561,95.55
SPXW260624C07465000,2026-06-08 14:35:11+00:00,7465.0,87.7,88.7,90.2,11.699997,15.394733,1.0,9.0,0.1503438085365295,False,REGULAR,USD,2026-06-24,7451.7001953125,0.03625,call,1.0017848013659845,0.0438356164383561,89.45
SPXW260624C07470000,2026-06-08 15:14:53+00:00,7470.0,93.6,88.0,88.6,-4.9000015,-4.974621,8.0,2.0,0.1514996502494812,False,REGULAR,USD,2026-06-24,7451.7001953125,0.03625,call,1.0024557891766783,0.0438356164383561,88.3
SPXW260624C07475000,2026-06-05 19:58:09+00:00,7475.0,70.7,85.2,85.8,0.0,0.0,6.0,24.0,0.1507195524597168,False,REGULAR,USD,2026-06-24,7451.7001953125,0.03625,call,1.0031267769873722,0.0438356164383561,85.5
SPXW260624C07480000,2026-06-08 14:52:15+00:00,7480.0,84.62,84.6,85.2,12.480003,17.2997,5.0,12.0,0.153317335319519,False,REGULAR,USD,2026-06-24,7451.7001953125,0.03625,call,1.003797764798066,0.0438356164383561,84.9
SPXW260624C07485000,2026-06-05 15:54:36+00:00,7485.0,98.4,80.3,80.9,0.0,0.0,1.0,1.0,0.1500558017730713,False,REGULAR,USD,2026-06-24,7451.7001953125,0.03625,call,1.00446875260876,0.0438356164383561,80.6
SPXW260624C07490000,2026-06-05 19:55:16+00:00,7490.0,66.6,76.4,77.2,0.0,0.0,14.0,10.0,0.1476563811874389,False,REGULAR,USD,2026-06-24,7451.7001953125,0.03625,call,1.005139740419454,0.0438356164383561,76.80000000000001
SPXW260624C07495000,2026-06-05 15:19:25+00:00,7495.0,101.08,74.1,74.9,0.0,0.0,2.0,2.0,0.1473912623786926,False,REGULAR,USD,2026-06-24,7451.7001953125,0.03625,call,1.0058107282301478,0.0438356164383561,74.5
SPXW260624C07500000,2026-06-08 15:07:04+00:00,7500.0,77.85,71.4,72.0,15.519997,24.899721,5.0,87.0,0.1461076295852661,False,REGULAR,USD,2026-06-24,7451.7001953125,0.03625,call,1.0064817160408417,0.0438356164383561,71.7
SPXW260624C07505000,2026-06-08 14:37:39+00:00,7505.0,67.56,68.2,68.8,6.579998,10.790421,5.0,6.0,0.144265149230957,False,REGULAR,USD,2026-06-24,7451.7001953125,0.03625,call,1.0071527038515355,0.0438356164383561,68.5
SPXW260624C07510000,2026-06-08 14:18:07+00:00,7510.0,60.57,67.3,67.9,-23.529999,-27.978598,1.0,59.0,0.1460275217437744,False,REGULAR,USD,2026-06-24,7451.7001953125,0.03625,call,1.0078236916622294,0.0438356164383561,67.6
SPXW260624C07515000,2026-06-05 16:04:31+00:00,7515.0,81.0,63.4,64.0,0.0,0.0,44.0,10.0,0.1429109452438354,False,REGULAR,USD,2026-06-24,7451.7001953125,0.03625,call,1.0084946794729233,0.0438356164383561,63.7
SPXW260624C07520000,2026-06-08 14:37:39+00:00,7520.0,60.3,63.8,64.3,-9.399998,-13.486367,82.0,22.0,0.1464910028266906,False,REGULAR,USD,2026-06-24,7451.7001953125,0.03625,call,1.0091656672836171,0.0438356164383561,64.05
SPXW260624C07525000,2026-06-05 19:56:54+00:00,7525.0,64.9,62.0,62.5,13.170002,25.45912,2.0,67.0,0.1466302378845214,False,REGULAR,USD,2026-06-24,7451.7001953125,0.03625,call,1.0098366550943112,0.0438356164383561,62.25
SPXW260624C07530000,2026-06-08 14:30:17+00:00,7530.0,54.07,57.0,57.7,-14.760002,-21.444141,20.0,34.0,0.1417837134742736,False,REGULAR,USD,2026-06-24,7451.7001953125,0.03625,call,1.010507642905005,0.0438356164383561,57.35
SPXW260624C07535000,2026-06-08 14:33:33+00:00,7535.0,52.5,54.8,55.8,-29.449997,-35.936546,2.0,8.0,0.1415948878479004,False,REGULAR,USD,2026-06-24,7451.7001953125,0.03625,call,1.011178630715699,0.0438356164383561,55.3
SPXW260624C07540000,2026-06-08 14:30:17+00:00,7540.0,53.49,52.2,52.8,5.420002,11.275228,10.0,18.0,0.1394968253326416,False,REGULAR,USD,2026-06-24,7451.7001953125,0.03625,call,1.0118496185263928,0.0438356164383561,52.5
SPXW260624C07550000,2026-06-08 15:09:38+00:00,7550.0,53.18,48.3,48.7,15.060001,39.506824,8.0,118.0,0.1382150998687744,False,REGULAR,USD,2026-06-24,7451.7001953125,0.03625,call,1.0131915941477807,0.0438356164383561,48.5
SPXW260624C07555000,2026-06-05 16:52:15+00:00,7555.0,55.34,46.4,47.2,0.0,0.0,1.0,13.0,0.1383982035064697,False,REGULAR,USD,2026-06-24,7451.7001953125,0.03625,call,1.0138625819584746,0.0438356164383561,46.8
SPXW260624C07560000,2026-06-08 14:06:54+00:00,7560.0,42.2,44.2,44.9,-72.100006,-63.079617,15.0,25.0,0.1371279220199585,False,REGULAR,USD,2026-06-24,7451.7001953125,0.03625,call,1.0145335697691684,0.0438356164383561,44.55
SPXW260624C07570000,2026-06-08 13:44:39+00:00,7570.0,38.17,40.6,41.2,-2.5300026,-6.2162223,3.0,58.0,0.1358881578063965,False,REGULAR,USD,2026-06-24,7451.7001953125,0.03625,call,1.015875545390556,0.0438356164383561,40.900000000000006
SPXW260624C07575000,2026-06-08 15:09:38+00:00,7575.0,42.88,39.0,39.6,-9.119999,-17.53846,16.0,94.0,0.1355906143951416,False,REGULAR,USD,2026-06-24,7451.7001953125,0.03625,call,1.01654653320125,0.0438356164383561,39.3
SPXW260624C07580000,2026-06-05 17:29:28+00:00,7580.0,35.43,36.3,36.8,-7.5699997,-17.60465,2.0,51.0,0.1330119048309326,False,REGULAR,USD,2026-06-24,7451.7001953125,0.03625,call,1.017217521011944,0.0438356164383561,36.55
SPXW260624C07585000,2026-06-05 19:57:42+00:00,7585.0,29.0,35.2,35.6,0.0,0.0,2.0,10.0,0.1332751163101196,False,REGULAR,USD,2026-06-24,7451.7001953125,0.03625,call,1.017888508822638,0.0438356164383561,35.400000000000006
SPXW260624C07590000,2026-06-05 17:37:47+00:00,7590.0,32.7,33.6,34.0,-8.5,-20.631067,1.0,27.0,0.1327143614196777,False,REGULAR,USD,2026-06-24,7451.7001953125,0.03625,call,1.0185594966333318,0.0438356164383561,33.8
SPXW260624C07595000,2026-06-08 14:56:24+00:00,7595.0,32.21,32.0,32.4,-9.690002,-23.126497,1.0,3.0,0.1320658693695068,False,REGULAR,USD,2026-06-24,7451.7001953125,0.03625,call,1.0192304844440256,0.0438356164383561,32.2
SPXW260624C07600000,2026-06-08 14:56:24+00:00,7600.0,30.78,29.7,30.3,3.710001,13.705213,756.0,1660.0,0.1303416434478759,False,REGULAR,USD,2026-06-24,7451.7001953125,0.03625,call,1.0199014722547195,0.0438356164383561,30.0
SPXW260624C07605000,2026-06-05 16:05:26+00:00,7605.0,38.2,29.2,29.6,0.0,0.0,1.0,0.0,0.131283864250183,False,REGULAR,USD,2026-06-24,7451.7001953125,0.03625,call,1.0205724600654134,0.0438356164383561,29.4
SPXW260624C07610000,2026-06-05 19:38:08+00:00,7610.0,24.49,27.5,28.0,0.0,0.0,16.0,27.0,0.1303569020843505,False,REGULAR,USD,2026-06-24,7451.7001953125,0.03625,call,1.0212434478761074,0.0438356164383561,27.75
SPXW260624C07615000,2026-06-08 15:07:34+00:00,7615.0,29.65,26.3,26.9,-5.1499996,-14.798849,1.0,2.0,0.1303569020843505,False,REGULAR,USD,2026-06-24,7451.7001953125,0.03625,call,1.0219144356868013,0.0438356164383561,26.6
SPXW260624C07620000,2026-06-08 15:14:41+00:00,7620.0,27.5,24.8,25.5,-4.8899994,-15.097251,4.0,13.0,0.1296550048065185,False,REGULAR,USD,2026-06-24,7451.7001953125,0.03625,call,1.0225854234974951,0.0438356164383561,25.15
SPXW260624C07625000,2026-06-08 15:17:05+00:00,7625.0,26.22,22.8,23.4,7.66,41.271553,5.0,549.0,0.1273280627441406,False,REGULAR,USD,2026-06-24,7451.7001953125,0.03625,call,1.023256411308189,0.0438356164383561,23.1
SPXW260624C07630000,2026-06-05 16:59:42+00:00,7630.0,29.37,23.0,23.5,0.0,0.0,3.0,7.0,0.129704595375061,False,REGULAR,USD,2026-06-24,7451.7001953125,0.03625,call,1.0239273991188829,0.0438356164383561,23.25
SPXW260624C07635000,2026-06-05 16:05:26+00:00,7635.0,28.6,22.2,22.6,0.0,0.0,2.0,2.0,0.1298419231033325,False,REGULAR,USD,2026-06-24,7451.7001953125,0.03625,call,1.0245983869295767,0.0438356164383561,22.4
SPXW260624C07640000,2026-06-08 14:53:33+00:00,7640.0,20.3,19.9,20.4,1.8599987,10.0867605,10.0,7.0,0.1269198942184448,False,REGULAR,USD,2026-06-24,7451.7001953125,0.03625,call,1.0252693747402708,0.0438356164383561,20.15
SPXW260624C07645000,2026-06-05 15:54:30+00:00,7645.0,20.87,18.8,19.4,-5.7299995,-21.541351,2.0,1.0,0.1266185361480712,False,REGULAR,USD,2026-06-24,7451.7001953125,0.03625,call,1.0259403625509649,0.0438356164383561,19.1
SPXW260624C07650000,2026-06-08 14:35:40+00:00,7650.0,17.0,19.0,19.4,1.46,9.395109,5.0,362.0,0.1286555641174316,False,REGULAR,USD,2026-06-24,7451.7001953125,0.03625,call,1.0266113503616583,0.0438356164383561,19.2
SPXW260624C07655000,2026-06-05 16:23:35+00:00,7655.0,23.6,15.5,17.0,0.0,0.0,2.0,,0.1247417238616943,False,REGULAR,USD,2026-06-24,7451.7001953125,0.03625,call,1.0272823381723524,0.0438356164383561,16.25
SPXW260624C07660000,2026-06-08 05:32:17+00:00,7660.0,11.9,15.6,16.4,-3.9400005,-24.873741,3.0,26.0,0.1251689656829833,False,REGULAR,USD,2026-06-24,7451.7001953125,0.03625,call,1.0279533259830462,0.0438356164383561,16.0
SPXW260624C07670000,2026-06-08 01:42:42+00:00,7670.0,11.57,14.1,14.6,-1.6700001,-12.613294,1.0,113.0,0.1242229302215576,False,REGULAR,USD,2026-06-24,7451.7001953125,0.03625,call,1.0292953016044342,0.0438356164383561,14.35
SPXW260624C07675000,2026-06-08 14:33:53+00:00,7675.0,12.1,13.0,13.7,-0.6899996,-5.394836,3.0,90.0,0.1235973261260986,False,REGULAR,USD,2026-06-24,7451.7001953125,0.03625,call,1.029966289415128,0.0438356164383561,13.35
SPXW260624C07680000,2026-06-05 15:40:20+00:00,7680.0,15.05,13.2,13.6,-2.4499998,-13.999999,1.0,84.0,0.1251689656829833,False,REGULAR,USD,2026-06-24,7451.7001953125,0.03625,call,1.030637277225822,0.0438356164383561,13.4
SPXW260624C07690000,2026-06-05 18:00:07+00:00,7690.0,13.62,10.7,11.1,0.0,0.0,5.0,18.0,0.1212970866775512,False,REGULAR,USD,2026-06-24,7451.7001953125,0.03625,call,1.0319792528472096,0.0438356164383561,10.9
SPXW260624C07700000,2026-06-08 15:27:00+00:00,7700.0,10.16,9.5,9.9,3.46,51.641792,14.0,157.0,0.1208889181518554,False,REGULAR,USD,2026-06-24,7451.7001953125,0.03625,call,1.0333212284685975,0.0438356164383561,9.7
SPXW260624C07710000,2026-06-08 13:30:03+00:00,7710.0,10.52,8.2,8.6,3.4200006,48.16902,1.0,45.0,0.1197292617797851,False,REGULAR,USD,2026-06-24,7451.7001953125,0.03625,call,1.0346632040899852,0.0438356164383561,8.399999999999999
SPXW260624C07720000,2026-06-05 17:40:36+00:00,7720.0,10.1,7.7,8.1,0.0,0.0,7.0,11.0,0.1211864615631103,False,REGULAR,USD,2026-06-24,7451.7001953125,0.03625,call,1.036005179711373,0.0438356164383561,7.9
SPXW260624C07725000,2026-06-08 14:33:53+00:00,7725.0,6.2,6.8,7.1,-0.03999996,-0.64102507,2.0,107.0,0.1188671488189697,False,REGULAR,USD,2026-06-24,7451.7001953125,0.03625,call,1.0366761675220668,0.0438356164383561,6.949999999999999
SPXW260624C07730000,2026-06-05 18:31:52+00:00,7730.0,6.43,6.4,6.7,0.0,0.0,8.0,18.0,0.1187984849548339,False,REGULAR,USD,2026-06-24,7451.7001953125,0.03625,call,1.037347155332761,0.0438356164383561,6.550000000000001
SPXW260624C07740000,2026-06-08 01:34:42+00:00,7740.0,4.5,5.9,6.2,-8.1,-64.28572,18.0,7.0,0.1197597790527343,False,REGULAR,USD,2026-06-24,7451.7001953125,0.03625,call,1.0386891309541486,0.0438356164383561,6.050000000000001
SPXW260624C07750000,2026-06-08 13:50:51+00:00,7750.0,4.75,4.9,5.2,0.8900001,23.056997,50.0,670.0,0.1180965876770019,False,REGULAR,USD,2026-06-24,7451.7001953125,0.03625,call,1.0400311065755363,0.0438356164383561,5.050000000000001
SPXW260624C07760000,2026-06-05 18:26:02+00:00,7760.0,5.9,4.1,4.4,1.5999999,37.209297,4.0,7.0,0.1168682674407959,False,REGULAR,USD,2026-06-24,7451.7001953125,0.03625,call,1.0413730821969245,0.0438356164383561,4.25
SPXW260624C07775000,2026-06-08 15:10:21+00:00,7775.0,3.95,3.6,3.8,0.77,24.213837,2.0,202.0,0.1176998631286621,False,REGULAR,USD,2026-06-24,7451.7001953125,0.03625,call,1.0433860456290058,0.0438356164383561,3.7
SPXW260624C07800000,2026-06-08 15:10:21+00:00,7800.0,2.8,2.4,2.6,0.52,22.807018,78.0,127.0,0.1162350340270996,False,REGULAR,USD,2026-06-24,7451.7001953125,0.03625,call,1.0467409846824751,0.0438356164383561,2.5
SPXW260624C07825000,2026-06-08 14:07:48+00:00,7825.0,1.87,1.65,1.85,-0.2700001,-12.616826,130.0,146.0,0.1160061544799804,False,REGULAR,USD,2026-06-24,7451.7001953125,0.03625,call,1.0500959237359448,0.0438356164383561,1.75
SPXW260624C07850000,2026-06-05 18:02:13+00:00,7850.0,1.8,1.15,1.35,0.29999995,19.999998,10.0,48.0,0.1164639135742187,False,REGULAR,USD,2026-06-24,7451.7001953125,0.03625,call,1.0534508627894144,0.0438356164383561,1.25
SPXW260624C07875000,2026-06-05 18:02:03+00:00,7875.0,1.07,0.95,1.1,0.0,0.0,27.0,249.0,0.118874778137207,False,REGULAR,USD,2026-06-24,7451.7001953125,0.03625,call,1.0568058018428836,0.0438356164383561,1.025
SPXW260624C07900000,2026-06-08 15:22:22+00:00,7900.0,0.82,0.75,0.9,0.26999998,49.090904,17.0,68.0,0.1212856427001953,False,REGULAR,USD,2026-06-24,7451.7001953125,0.03625,call,1.0601607408963531,0.0438356164383561,0.825
SPXW260624C07925000,2026-06-08 15:22:22+00:00,7925.0,0.67,0.55,0.7,0.22000003,48.888897,2.0,46.0,0.1228115063476562,False,REGULAR,USD,2026-06-24,7451.7001953125,0.03625,call,1.0635156799498229,0.0438356164383561,0.625
SPXW260625C07380000,2026-06-05 16:05:29+00:00,7380.0,170.01,150.0,150.6,0.0,0.0,1.0,90.0,0.168766704750061,True,REGULAR,USD,2026-06-25,7451.7001953125,0.03625,call,0.9903780085841882,0.0465753424657534,150.3
SPXW260625C07390000,2026-06-05 19:58:49+00:00,7390.0,150.69,141.8,142.4,27.490005,22.313316,1.0,61.0,0.1651446859169006,True,REGULAR,USD,2026-06-25,7451.7001953125,0.03625,call,0.991719984205576,0.0465753424657534,142.10000000000002
SPXW260625C07400000,2026-06-08 03:59:57+00:00,7400.0,137.12,136.1,136.6,14.469994,11.797793,82.0,119.0,0.1650798367118835,True,REGULAR,USD,2026-06-25,7451.7001953125,0.03625,call,0.9930619598269638,0.0465753424657534,136.35
SPXW260625C07420000,2026-06-08 14:29:25+00:00,7420.0,118.86,123.1,123.8,23.989998,25.287231,62.0,142.0,0.1624534439086914,True,REGULAR,USD,2026-06-25,7451.7001953125,0.03625,call,0.9957459110697392,0.0465753424657534,123.45
SPXW260625C07425000,2026-06-08 13:32:43+00:00,7425.0,113.52,119.1,120.0,21.399994,23.230562,2.0,29.0,0.1607482912826538,True,REGULAR,USD,2026-06-25,7451.7001953125,0.03625,call,0.9964168988804332,0.0465753424657534,119.55
SPXW260625C07430000,2026-06-08 14:47:48+00:00,7430.0,120.0,118.6,119.4,-18.919998,-13.619348,14.0,65.0,0.1638686824417115,True,REGULAR,USD,2026-06-25,7451.7001953125,0.03625,call,0.9970878866911272,0.0465753424657534,119.0
SPXW260625C07440000,2026-06-08 03:50:22+00:00,7440.0,103.11,109.9,110.6,-30.39,-22.764046,11.0,62.0,0.1583717586517334,True,REGULAR,USD,2026-06-25,7451.7001953125,0.03625,call,0.998429862312515,0.0465753424657534,110.25
SPXW260625C07445000,2026-06-05 19:48:32+00:00,7445.0,114.24,106.8,108.6,19.71,20.850523,1.0,1.0,0.1591861883735656,True,REGULAR,USD,2026-06-25,7451.7001953125,0.03625,call,0.9991008501232088,0.0465753424657534,107.7
SPXW260625C07450000,2026-06-08 14:23:11+00:00,7450.0,95.68,103.3,103.9,7.029999,7.9300604,5.0,54.0,0.1558502689743042,True,REGULAR,USD,2026-06-25,7451.7001953125,0.03625,call,0.9997718379339028,0.0465753424657534,103.6
SPXW260625C07455000,2026-06-08 13:59:27+00:00,7455.0,93.58,100.4,101.0,6.560005,7.5385027,10.0,5.0,0.1551865182876587,False,REGULAR,USD,2026-06-25,7451.7001953125,0.03625,call,1.0004428257445963,0.0465753424657534,100.7
SPXW260625C07460000,2026-06-08 14:26:08+00:00,7460.0,93.65,99.1,99.6,-13.979996,-12.988939,3.0,8.0,0.1567390845489502,False,REGULAR,USD,2026-06-25,7451.7001953125,0.03625,call,1.0011138135552906,0.0465753424657534,99.35
SPXW260625C07470000,2026-06-08 12:53:26+00:00,7470.0,96.3,92.3,92.8,-12.909996,-11.821259,2.0,3.0,0.1536015274238586,False,REGULAR,USD,2026-06-25,7451.7001953125,0.03625,call,1.0024557891766783,0.0465753424657534,92.55
SPXW260625C07475000,2026-06-08 15:28:48+00:00,7475.0,92.97,88.8,90.2,16.21,21.117767,1.0,86.0,0.153153304977417,False,REGULAR,USD,2026-06-25,7451.7001953125,0.03625,call,1.0031267769873722,0.0465753424657534,89.5
SPXW260625C07480000,2026-06-05 19:57:13+00:00,7480.0,74.26,86.4,87.2,0.0,0.0,6.0,16.0,0.1520394245147705,False,REGULAR,USD,2026-06-25,7451.7001953125,0.03625,call,1.003797764798066,0.0465753424657534,86.80000000000001
SPXW260625C07485000,2026-06-08 15:10:26+00:00,7485.0,90.5,83.9,84.4,-13.32,-12.829898,2.0,9.0,0.1511658675765991,False,REGULAR,USD,2026-06-25,7451.7001953125,0.03625,call,1.00446875260876,0.0465753424657534,84.15
SPXW260625C07490000,2026-06-08 15:10:26+00:00,7490.0,87.7,81.0,81.9,-14.0,-13.765979,12.0,79.0,0.150685220527649,False,REGULAR,USD,2026-06-25,7451.7001953125,0.03625,call,1.005139740419454,0.0465753424657534,81.45
SPXW260625C07495000,2026-06-05 17:36:02+00:00,7495.0,88.6,78.7,79.2,0.0,0.0,7.0,4.0,0.1498345515441894,False,REGULAR,USD,2026-06-25,7451.7001953125,0.03625,call,1.0058107282301478,0.0465753424657534,78.95
SPXW260625C07500000,2026-06-08 15:10:10+00:00,7500.0,82.42,76.0,76.5,17.619995,27.191349,18.0,1036.0,0.1489190333557128,False,REGULAR,USD,2026-06-25,7451.7001953125,0.03625,call,1.0064817160408417,0.0465753424657534,76.25
SPXW260625C07505000,2026-06-08 15:13:40+00:00,7505.0,79.51,73.3,73.8,23.780003,42.67002,5.0,10.0,0.1479348513031006,False,REGULAR,USD,2026-06-25,7451.7001953125,0.03625,call,1.0071527038515355,0.0465753424657534,73.55
SPXW260625C07510000,2026-06-08 14:42:50+00:00,7510.0,65.55,70.9,71.4,11.840004,22.04432,7.0,19.0,0.1473473937988281,False,REGULAR,USD,2026-06-25,7451.7001953125,0.03625,call,1.0078236916622294,0.0465753424657534,71.15
SPXW260625C07515000,2026-06-05 15:54:25+00:00,7515.0,65.56,68.5,69.3,-21.440002,-24.64368,1.0,12.0,0.1471642901611328,False,REGULAR,USD,2026-06-25,7451.7001953125,0.03625,call,1.0084946794729233,0.0465753424657534,68.9
SPXW260625C07520000,2026-06-08 15:13:40+00:00,7520.0,71.69,65.8,66.4,11.220001,18.554657,71.0,107.0,0.1456594071388244,False,REGULAR,USD,2026-06-25,7451.7001953125,0.03625,call,1.0091656672836171,0.0465753424657534,66.1
SPXW260625C07525000,2026-06-08 15:10:10+00:00,7525.0,69.32,65.8,66.4,21.560001,45.142384,1.0,52.0,0.1486481925582885,False,REGULAR,USD,2026-06-25,7451.7001953125,0.03625,call,1.0098366550943112,0.0465753424657534,66.1
SPXW260625C07530000,2026-06-05 20:01:40+00:00,7530.0,45.89,61.3,61.8,0.0,0.0,12.0,40.0,0.1443185544586181,False,REGULAR,USD,2026-06-25,7451.7001953125,0.03625,call,1.010507642905005,0.0465753424657534,61.55
SPXW260625C07535000,2026-06-05 13:31:20+00:00,7535.0,97.8,61.4,62.0,0.0,0.0,1.0,1.0,0.1475343120956421,False,REGULAR,USD,2026-06-25,7451.7001953125,0.03625,call,1.011178630715699,0.0465753424657534,61.7
SPXW260625C07540000,2026-06-08 14:30:22+00:00,7540.0,53.7,56.1,56.6,-15.619999,-22.533178,4.0,21.0,0.1417207715988159,False,REGULAR,USD,2026-06-25,7451.7001953125,0.03625,call,1.0118496185263928,0.0465753424657534,56.35
SPXW260625C07550000,2026-06-08 15:08:37+00:00,7550.0,57.85,52.3,53.6,13.399998,30.146225,2.0,185.0,0.1423921516036987,False,REGULAR,USD,2026-06-25,7451.7001953125,0.03625,call,1.0131915941477807,0.0465753424657534,52.95
SPXW260625C07555000,2026-06-08 14:37:03+00:00,7555.0,49.6,49.9,50.4,7.1299973,16.788315,3.0,6.0,0.1398287006759643,False,REGULAR,USD,2026-06-25,7451.7001953125,0.03625,call,1.0138625819584746,0.0465753424657534,50.15
SPXW260625C07560000,2026-06-05 17:27:04+00:00,7560.0,43.13,48.1,48.6,-11.619999,-21.223742,1.0,22.0,0.1394930106735229,False,REGULAR,USD,2026-06-25,7451.7001953125,0.03625,call,1.0145335697691684,0.0465753424657534,48.35
SPXW260625C07565000,2026-06-05 19:42:35+00:00,7565.0,37.98,46.4,47.0,0.0,0.0,24.0,24.0,0.1394243468093872,False,REGULAR,USD,2026-06-25,7451.7001953125,0.03625,call,1.0152045575798625,0.0465753424657534,46.7
SPXW260625C07570000,2026-06-05 17:27:04+00:00,7570.0,46.46,44.2,44.6,-4.09,-8.091,2.0,19.0,0.1379213711166381,False,REGULAR,USD,2026-06-25,7451.7001953125,0.03625,call,1.015875545390556,0.0465753424657534,44.400000000000006
SPXW260625C07575000,2026-06-08 15:28:45+00:00,7575.0,44.79,42.5,43.0,6.1399994,15.886156,3.0,171.0,0.137703935546875,False,REGULAR,USD,2026-06-25,7451.7001953125,0.03625,call,1.01654653320125,0.0465753424657534,42.75
SPXW260625C07580000,2026-06-04 19:45:53+00:00,7580.0,104.78,40.8,41.5,0.0,0.0,11.0,59.0,0.1375933104324341,False,REGULAR,USD,2026-06-25,7451.7001953125,0.03625,call,1.017217521011944,0.0465753424657534,41.15
SPXW260625C07585000,2026-06-05 16:46:25+00:00,7585.0,45.95,40.8,41.3,0.0,0.0,3.0,2.0,0.1397142609024048,False,REGULAR,USD,2026-06-25,7451.7001953125,0.03625,call,1.017888508822638,0.0465753424657534,41.05
SPXW260625C07590000,2026-06-05 19:36:10+00:00,7590.0,31.9,39.0,39.6,0.0,0.0,34.0,51.0,0.1391382473754883,False,REGULAR,USD,2026-06-25,7451.7001953125,0.03625,call,1.0185594966333318,0.0465753424657534,39.3
SPXW260625C07600000,2026-06-08 11:22:40+00:00,7600.0,34.56,34.0,34.6,6.0600014,21.263163,16.0,188.0,0.1347819066619873,False,REGULAR,USD,2026-06-25,7451.7001953125,0.03625,call,1.0199014722547195,0.0465753424657534,34.3
SPXW260625C07605000,2026-06-05 13:47:49+00:00,7605.0,53.4,32.4,32.9,0.0,0.0,10.0,10.0,0.1339045350646973,False,REGULAR,USD,2026-06-25,7451.7001953125,0.03625,call,1.0205724600654134,0.0465753424657534,32.65
SPXW260625C07610000,2026-06-05 14:10:53+00:00,7610.0,52.28,31.0,31.4,0.0,0.0,11.0,18.0,0.1333208922195434,False,REGULAR,USD,2026-06-25,7451.7001953125,0.03625,call,1.0212434478761074,0.0465753424657534,31.2
SPXW260625C07615000,2026-06-05 19:15:30+00:00,7615.0,23.11,29.1,29.9,0.0,0.0,4.0,2.0,0.132645697555542,False,REGULAR,USD,2026-06-25,7451.7001953125,0.03625,call,1.0219144356868013,0.0465753424657534,29.5
SPXW260625C07620000,2026-06-08 02:55:24+00:00,7620.0,24.1,26.9,28.0,-2.3999996,-9.0566025,6.0,61.0,0.1310816873168945,False,REGULAR,USD,2026-06-25,7451.7001953125,0.03625,call,1.0225854234974951,0.0465753424657534,27.45
SPXW260625C07625000,2026-06-05 18:44:03+00:00,7625.0,29.44,26.6,27.2,4.540001,18.232935,1.0,203.0,0.1316348128890991,False,REGULAR,USD,2026-06-25,7451.7001953125,0.03625,call,1.023256411308189,0.0465753424657534,26.9
SPXW260625C07630000,2026-06-05 18:33:16+00:00,7630.0,23.98,25.2,25.8,0.0,0.0,10.0,51.0,0.1308947690200805,False,REGULAR,USD,2026-06-25,7451.7001953125,0.03625,call,1.0239273991188829,0.0465753424657534,25.5
SPXW260625C07635000,2026-06-08 08:56:11+00:00,7635.0,21.69,24.1,24.6,-2.8099995,-11.469385,53.0,13.0,0.1304827858352661,False,REGULAR,USD,2026-06-25,7451.7001953125,0.03625,call,1.0245983869295767,0.0465753424657534,24.35
SPXW260625C07640000,2026-06-08 14:30:22+00:00,7640.0,20.95,22.8,23.3,-16.25,-43.682796,4.0,10.0,0.1297694445800781,False,REGULAR,USD,2026-06-25,7451.7001953125,0.03625,call,1.0252693747402708,0.0465753424657534,23.05
SPXW260625C07645000,2026-06-05 18:47:04+00:00,7645.0,19.3,21.4,21.8,0.0,0.0,48.0,46.0,0.1285106070709228,False,REGULAR,USD,2026-06-25,7451.7001953125,0.03625,call,1.0259403625509649,0.0465753424657534,21.6
SPXW260625C07650000,2026-06-08 13:44:36+00:00,7650.0,17.71,20.5,21.0,0.79999924,4.730924,4.0,141.0,0.12871659866333,False,REGULAR,USD,2026-06-25,7451.7001953125,0.03625,call,1.0266113503616583,0.0465753424657534,20.75
SPXW260625C07655000,2026-06-08 14:26:12+00:00,7655.0,17.65,19.4,19.8,0.29999924,1.7291021,90.0,2.0,0.1279345935440063,False,REGULAR,USD,2026-06-25,7451.7001953125,0.03625,call,1.0272823381723524,0.0465753424657534,19.6
SPXW260625C07660000,2026-06-08 02:57:38+00:00,7660.0,16.56,19.1,19.6,-6.3600006,-27.748693,19.0,84.0,0.1294299399185181,False,REGULAR,USD,2026-06-25,7451.7001953125,0.03625,call,1.0279533259830462,0.0465753424657534,19.35
SPXW260625C07670000,2026-06-08 15:17:10+00:00,7670.0,18.4,16.8,17.3,5.58,43.52574,11.0,36.0,0.1276866407012939,False,REGULAR,USD,2026-06-25,7451.7001953125,0.03625,call,1.0292953016044342,0.0465753424657534,17.05
SPXW260625C07675000,2026-06-08 08:42:07+00:00,7675.0,12.67,16.4,16.8,-2.5100002,-16.534916,80.0,177.0,0.1283084301376342,False,REGULAR,USD,2026-06-25,7451.7001953125,0.03625,call,1.029966289415128,0.0465753424657534,16.6
SPXW260625C07680000,2026-06-05 19:53:17+00:00,7680.0,13.95,14.3,14.7,1.3800001,10.978521,1.0,31.0,0.1246539867019653,False,REGULAR,USD,2026-06-25,7451.7001953125,0.03625,call,1.030637277225822,0.0465753424657534,14.5
SPXW260625C07690000,2026-06-08 08:42:07+00:00,7690.0,12.64,13.2,13.8,0.97000027,8.3119135,45.0,53.0,0.1257869404602051,False,REGULAR,USD,2026-06-25,7451.7001953125,0.03625,call,1.0319792528472096,0.0465753424657534,13.5
SPXW260625C07700000,2026-06-08 15:16:59+00:00,7700.0,13.03,12.1,12.4,3.42,35.58793,23.0,138.0,0.1252681468200683,False,REGULAR,USD,2026-06-25,7451.7001953125,0.03625,call,1.0333212284685975,0.0465753424657534,12.25
SPXW260625C07710000,2026-06-08 13:54:32+00:00,7710.0,10.93,10.1,10.6,2.4099998,28.28638,42.0,399.0,0.1231166790771484,False,REGULAR,USD,2026-06-25,7451.7001953125,0.03625,call,1.0346632040899852,0.0465753424657534,10.35
SPXW260625C07720000,2026-06-08 15:17:10+00:00,7720.0,10.2,9.0,9.6,2.6299996,34.7424,2.0,48.0,0.1231128644180298,False,REGULAR,USD,2026-06-25,7451.7001953125,0.03625,call,1.036005179711373,0.0465753424657534,9.3
SPXW260625C07725000,2026-06-08 15:20:17+00:00,7725.0,9.7,8.4,8.7,1.96,25.322998,59.0,124.0,0.1215755567932128,False,REGULAR,USD,2026-06-25,7451.7001953125,0.03625,call,1.0366761675220668,0.0465753424657534,8.55
SPXW260625C07730000,2026-06-08 08:19:37+00:00,7730.0,6.9,8.3,8.7,-6.1,-46.923077,1.0,23.0,0.1231777136230468,False,REGULAR,USD,2026-06-25,7451.7001953125,0.03625,call,1.037347155332761,0.0465753424657534,8.5
SPXW260625C07740000,2026-06-08 13:54:32+00:00,7740.0,7.5,7.4,7.7,1.46,24.172186,1.0,20.0,0.1225749974822998,False,REGULAR,USD,2026-06-25,7451.7001953125,0.03625,call,1.0386891309541486,0.0465753424657534,7.550000000000001
SPXW260625C07750000,2026-06-08 15:04:54+00:00,7750.0,6.5,6.4,6.7,0.98,17.753624,53.0,269.0,0.1215755567932128,False,REGULAR,USD,2026-06-25,7451.7001953125,0.03625,call,1.0400311065755363,0.0465753424657534,6.550000000000001
SPXW260625C07760000,2026-06-08 08:19:37+00:00,7760.0,4.64,5.2,5.5,-1.4500003,-23.809528,2.0,8.0,0.1191494335937499,False,REGULAR,USD,2026-06-25,7451.7001953125,0.03625,call,1.0413730821969245,0.0465753424657534,5.35
SPXW260625C07770000,2026-06-05 13:41:14+00:00,7770.0,4.7,4.8,5.1,-6.3,-57.272728,1.0,5.0,0.1200954690551757,False,REGULAR,USD,2026-06-25,7451.7001953125,0.03625,call,1.042715057818312,0.0465753424657534,4.949999999999999
SPXW260625C07775000,2026-06-05 19:29:04+00:00,7775.0,3.93,4.2,4.6,0.0,0.0,20.0,44.0,0.1189205540466308,False,REGULAR,USD,2026-06-25,7451.7001953125,0.03625,call,1.0433860456290058,0.0465753424657534,4.4
SPXW260625C07800000,2026-06-08 14:29:52+00:00,7800.0,2.65,2.95,3.2,0.51,23.831774,46.0,471.0,0.1173183972167968,False,REGULAR,USD,2026-06-25,7451.7001953125,0.03625,call,1.0467409846824751,0.0465753424657534,3.075
SPXW260625C07825000,2026-06-08 15:20:17+00:00,7825.0,2.56,2.1,2.3,0.53,26.108374,90.0,205.0,0.1168911553955078,False,REGULAR,USD,2026-06-25,7451.7001953125,0.03625,call,1.0500959237359448,0.0465753424657534,2.2
SPXW260625C07850000,2026-06-08 15:25:37+00:00,7850.0,1.77,1.6,1.8,0.63,55.263157,22.0,111.0,0.1183254672241211,False,REGULAR,USD,2026-06-25,7451.7001953125,0.03625,call,1.0534508627894144,0.0465753424657534,1.7000000000000002
SPXW260625C07875000,2026-06-08 15:25:37+00:00,7875.0,1.32,1.2,1.35,-0.79999983,-37.735844,18.0,95.0,0.1189968472290038,False,REGULAR,USD,2026-06-25,7451.7001953125,0.03625,call,1.0568058018428836,0.0465753424657534,1.275
SPXW260625C07900000,2026-06-08 14:30:16+00:00,7900.0,0.82,0.9,1.05,0.110000014,15.492961,7.0,124.0,0.1203701245117187,False,REGULAR,USD,2026-06-25,7451.7001953125,0.03625,call,1.0601607408963531,0.0465753424657534,0.975
SPXW260625C07925000,2026-06-08 15:20:17+00:00,7925.0,0.82,0.7,0.9,0.120000005,17.142857,7.0,103.0,0.1233302999877929,False,REGULAR,USD,2026-06-25,7451.7001953125,0.03625,call,1.0635156799498229,0.0465753424657534,0.8
SPXW260625C07975000,2026-06-05 15:53:54+00:00,7975.0,0.59,0.45,0.6,0.0,0.0,40.0,42.0,0.1274501318359375,False,REGULAR,USD,2026-06-25,7451.7001953125,0.03625,call,1.0702255580567617,0.0465753424657534,0.525
SPXW260626C07380000,2026-06-08 13:31:40+00:00,7380.0,163.0,154.6,155.2,46.0,39.31624,3.0,167.0,0.1713015457344055,True,REGULAR,USD,2026-06-26,7451.7001953125,0.03625,call,0.9903780085841882,0.0493150684931506,154.89999999999998
SPXW260626C07385000,2026-06-05 19:37:36+00:00,7385.0,134.31,154.6,155.2,0.0,0.0,182.0,67.0,0.1757666042327881,True,REGULAR,USD,2026-06-26,7451.7001953125,0.03625,call,0.991048996394882,0.0493150684931506,154.89999999999998
SPXW260626C07390000,2026-06-05 19:45:54+00:00,7390.0,149.28,147.6,148.4,19.679993,15.185179,2.0,277.0,0.1698443459510803,True,REGULAR,USD,2026-06-26,7451.7001953125,0.03625,call,0.991719984205576,0.0493150684931506,148.0
SPXW260626C07395000,2026-06-08 05:34:32+00:00,7395.0,119.12,143.4,144.0,-6.1800003,-4.932163,1.0,11.0,0.167538384513855,True,REGULAR,USD,2026-06-26,7451.7001953125,0.03625,call,0.99239097201627,0.0493150684931506,143.7
SPXW260626C07400000,2026-06-08 15:09:35+00:00,7400.0,149.7,140.4,141.6,32.299995,27.512772,38.0,220.0,0.1682040425300598,True,REGULAR,USD,2026-06-26,7451.7001953125,0.03625,call,0.9930619598269638,0.0493150684931506,141.0
SPXW260626C07405000,2026-06-08 15:08:20+00:00,7405.0,146.66,137.0,137.9,43.020004,41.509075,6.0,12.0,0.1668670045089721,True,REGULAR,USD,2026-06-26,7451.7001953125,0.03625,call,0.9937329476376576,0.0493150684931506,137.45
SPXW260626C07410000,2026-06-08 15:23:20+00:00,7410.0,139.77,134.5,135.1,18.170006,14.942439,11.0,113.0,0.1668288579177856,True,REGULAR,USD,2026-06-26,7451.7001953125,0.03625,call,0.9944039354483516,0.0493150684931506,134.8
SPXW260626C07415000,2026-06-05 16:17:30+00:00,7415.0,146.67,130.8,132.7,0.0,0.0,10.0,10.0,0.1673362075805664,True,REGULAR,USD,2026-06-26,7451.7001953125,0.03625,call,0.9950749232590456,0.0493150684931506,131.75
SPXW260626C07420000,2026-06-08 14:07:02+00:00,7420.0,123.11,131.3,131.8,9.610001,8.466961,2.0,196.0,0.170017912940979,True,REGULAR,USD,2026-06-26,7451.7001953125,0.03625,call,0.9957459110697392,0.0493150684931506,131.55
SPXW260626C07425000,2026-06-08 14:52:53+00:00,7425.0,128.22,123.4,124.1,13.870003,12.12943,27.0,1534.0,0.1625488103866577,True,REGULAR,USD,2026-06-26,7451.7001953125,0.03625,call,0.9964168988804332,0.0493150684931506,123.75
SPXW260626C07430000,2026-06-08 14:21:37+00:00,7430.0,113.2,120.8,121.2,10.699997,10.439022,35.0,103.0,0.1621635298156738,True,REGULAR,USD,2026-06-26,7451.7001953125,0.03625,call,0.9970878866911272,0.0493150684931506,121.0
SPXW260626C07435000,2026-06-08 14:24:46+00:00,7435.0,119.73,118.0,118.6,17.380005,16.980953,65.0,6.0,0.1621692518043518,True,REGULAR,USD,2026-06-26,7451.7001953125,0.03625,call,0.997758874501821,0.0493150684931506,118.3
SPXW260626C07440000,2026-06-08 15:14:30+00:00,7440.0,122.91,115.6,116.4,23.310005,23.40362,160.0,34.0,0.1627128407287598,True,REGULAR,USD,2026-06-26,7451.7001953125,0.03625,call,0.998429862312515,0.0493150684931506,116.0
SPXW260626C07445000,2026-06-08 14:49:31+00:00,7445.0,113.0,114.8,115.3,1.8199997,1.6369848,48.0,12.0,0.1648261618804931,True,REGULAR,USD,2026-06-26,7451.7001953125,0.03625,call,0.9991008501232088,0.0493150684931506,115.05
SPXW260626C07450000,2026-06-08 15:21:36+00:00,7450.0,115.2,111.6,112.2,35.469994,44.487637,65.0,1529.0,0.1639335316467285,True,REGULAR,USD,2026-06-26,7451.7001953125,0.03625,call,0.9997718379339028,0.0493150684931506,111.9
SPXW260626C07455000,2026-06-08 15:06:10+00:00,7455.0,113.54,108.0,108.6,25.059998,28.32278,12.0,29.0,0.1622512669754028,False,REGULAR,USD,2026-06-26,7451.7001953125,0.03625,call,1.0004428257445963,0.0493150684931506,108.3
SPXW260626C07460000,2026-06-08 15:06:33+00:00,7460.0,111.28,103.7,104.6,21.25,23.603243,3.0,154.0,0.1599281395721435,False,REGULAR,USD,2026-06-26,7451.7001953125,0.03625,call,1.0011138135552906,0.0493150684931506,104.15
SPXW260626C07465000,2026-06-08 15:23:32+00:00,7465.0,105.2,100.0,100.6,11.82,12.657957,6.0,12.0,0.1575477922821045,False,REGULAR,USD,2026-06-26,7451.7001953125,0.03625,call,1.0017848013659845,0.0493150684931506,100.3
SPXW260626C07470000,2026-06-08 15:05:17+00:00,7470.0,101.9,96.8,98.5,20.099998,24.572124,29.0,74.0,0.1579178142166137,False,REGULAR,USD,2026-06-26,7451.7001953125,0.03625,call,1.0024557891766783,0.0493150684931506,97.65
SPXW260626C07475000,2026-06-08 14:42:13+00:00,7475.0,89.66,93.0,94.6,19.980003,28.673943,9.0,156.0,0.1555717988586425,False,REGULAR,USD,2026-06-26,7451.7001953125,0.03625,call,1.0031267769873722,0.0493150684931506,93.8
SPXW260626C07480000,2026-06-08 15:14:21+00:00,7480.0,97.6,91.2,93.0,16.099998,19.7546,6.0,51.0,0.1565674248886108,False,REGULAR,USD,2026-06-26,7451.7001953125,0.03625,call,1.003797764798066,0.0493150684931506,92.1
SPXW260626C07485000,2026-06-08 14:25:08+00:00,7485.0,83.74,87.6,88.2,17.869995,27.129185,4.0,19.0,0.1527680244064331,False,REGULAR,USD,2026-06-26,7451.7001953125,0.03625,call,1.00446875260876,0.0493150684931506,87.9
SPXW260626C07490000,2026-06-08 14:22:33+00:00,7490.0,77.2,85.0,85.6,13.579998,21.345486,3.0,320.0,0.152165308265686,False,REGULAR,USD,2026-06-26,7451.7001953125,0.03625,call,1.005139740419454,0.0493150684931506,85.3
SPXW260626C07495000,2026-06-05 20:12:04+00:00,7495.0,58.29,86.2,86.7,0.0,0.0,34.0,25.0,0.1570175546646118,False,REGULAR,USD,2026-06-26,7451.7001953125,0.03625,call,1.0058107282301478,0.0493150684931506,86.45
SPXW260626C07500000,2026-06-08 15:10:18+00:00,7500.0,87.15,81.3,81.8,29.93,52.306885,37.0,674.0,0.1528748348617554,False,REGULAR,USD,2026-06-26,7451.7001953125,0.03625,call,1.0064817160408417,0.0493150684931506,81.55
SPXW260626C07505000,2026-06-08 14:57:34+00:00,7505.0,81.0,79.8,80.4,12.879997,18.907804,1.0,56.0,0.1538990708351135,False,REGULAR,USD,2026-06-26,7451.7001953125,0.03625,call,1.0071527038515355,0.0493150684931506,80.1
SPXW260626C07510000,2026-06-08 15:14:30+00:00,7510.0,81.11,78.4,79.0,29.5,57.159466,9.0,187.0,0.1548737162399292,False,REGULAR,USD,2026-06-26,7451.7001953125,0.03625,call,1.0078236916622294,0.0493150684931506,78.7
SPXW260626C07515000,2026-06-05 20:12:48+00:00,7515.0,49.66,73.0,73.8,0.0,0.0,200.0,82.0,0.1500558017730713,False,REGULAR,USD,2026-06-26,7451.7001953125,0.03625,call,1.0084946794729233,0.0493150684931506,73.4
SPXW260626C07520000,2026-06-08 14:55:00+00:00,7520.0,72.05,69.9,70.5,14.990002,26.270594,8.0,295.0,0.1480225884628296,False,REGULAR,USD,2026-06-26,7451.7001953125,0.03625,call,1.0091656672836171,0.0493150684931506,70.2
SPXW260626C07525000,2026-06-08 15:29:18+00:00,7525.0,69.95,67.3,67.8,8.129997,13.15108,13.0,250.0,0.1468286001586914,False,REGULAR,USD,2026-06-26,7451.7001953125,0.03625,call,1.0098366550943112,0.0493150684931506,67.55
SPXW260626C07530000,2026-06-08 15:10:27+00:00,7530.0,71.07,63.8,64.8,15.849998,28.703365,4.0,186.0,0.1450967449188232,False,REGULAR,USD,2026-06-26,7451.7001953125,0.03625,call,1.010507642905005,0.0493150684931506,64.3
SPXW260626C07535000,2026-06-08 14:56:58+00:00,7535.0,64.46,63.3,63.8,-41.270004,-39.03339,13.0,51.0,0.1463899143600463,False,REGULAR,USD,2026-06-26,7451.7001953125,0.03625,call,1.011178630715699,0.0493150684931506,63.55
SPXW260626C07540000,2026-06-08 15:26:04+00:00,7540.0,64.93,60.4,61.0,14.68,29.21393,7.0,377.0,0.1448297187805176,False,REGULAR,USD,2026-06-26,7451.7001953125,0.03625,call,1.0118496185263928,0.0493150684931506,60.7
SPXW260626C07545000,2026-06-08 15:14:44+00:00,7545.0,63.27,58.2,58.8,17.46,38.113945,2.0,57.0,0.1441316361618042,False,REGULAR,USD,2026-06-26,7451.7001953125,0.03625,call,1.0125206063370866,0.0493150684931506,58.5
SPXW260626C07550000,2026-06-08 15:28:27+00:00,7550.0,59.38,56.8,57.4,12.360001,26.286686,62.0,956.0,0.1446351711654663,False,REGULAR,USD,2026-06-26,7451.7001953125,0.03625,call,1.0131915941477807,0.0493150684931506,57.1
SPXW260626C07555000,2026-06-08 14:34:42+00:00,7555.0,52.42,53.0,55.7,-15.220001,-22.50148,7.0,44.0,0.1446046538925171,False,REGULAR,USD,2026-06-26,7451.7001953125,0.03625,call,1.0138625819584746,0.0493150684931506,54.35
SPXW260626C07560000,2026-06-08 15:28:51+00:00,7560.0,54.5,51.2,51.8,12.040001,28.356104,6.0,140.0,0.1409673764228821,False,REGULAR,USD,2026-06-26,7451.7001953125,0.03625,call,1.0145335697691684,0.0493150684931506,51.5
SPXW260626C07565000,2026-06-05 19:54:35+00:00,7565.0,43.55,46.3,49.8,0.0,0.0,25.0,58.0,0.1402979037475585,False,REGULAR,USD,2026-06-26,7451.7001953125,0.03625,call,1.0152045575798625,0.0493150684931506,48.05
SPXW260626C07570000,2026-06-05 19:35:23+00:00,7570.0,41.8,48.0,48.6,0.0,0.0,24.0,118.0,0.1408739172744751,False,REGULAR,USD,2026-06-26,7451.7001953125,0.03625,call,1.015875545390556,0.0493150684931506,48.3
SPXW260626C07575000,2026-06-08 15:22:39+00:00,7575.0,48.76,46.3,46.8,10.289997,26.748108,29.0,216.0,0.1404008995437622,False,REGULAR,USD,2026-06-26,7451.7001953125,0.03625,call,1.01654653320125,0.0493150684931506,46.55
SPXW260626C07580000,2026-06-08 14:55:00+00:00,7580.0,48.7,44.4,44.9,12.119999,33.132854,29.0,169.0,0.1396894656181335,False,REGULAR,USD,2026-06-26,7451.7001953125,0.03625,call,1.017217521011944,0.0493150684931506,44.65
SPXW260626C07585000,2026-06-05 19:25:18+00:00,7585.0,40.5,42.8,43.5,4.299999,11.878451,5.0,89.0,0.1397543148231506,False,REGULAR,USD,2026-06-26,7451.7001953125,0.03625,call,1.017888508822638,0.0493150684931506,43.15
SPXW260626C07590000,2026-06-08 14:34:42+00:00,7590.0,39.08,41.0,41.4,5.5300026,16.482868,48.0,887.0,0.1385507898712158,False,REGULAR,USD,2026-06-26,7451.7001953125,0.03625,call,1.0185594966333318,0.0493150684931506,41.2
SPXW260626C07595000,2026-06-08 15:09:18+00:00,7595.0,43.07,39.1,39.5,9.57,28.567163,3.0,51.0,0.13760475440979,False,REGULAR,USD,2026-06-26,7451.7001953125,0.03625,call,1.0192304844440256,0.0493150684931506,39.3
SPXW260626C07600000,2026-06-08 15:23:55+00:00,7600.0,40.73,37.7,38.2,16.01,64.76537,146.0,3192.0,0.1376409936714172,False,REGULAR,USD,2026-06-26,7451.7001953125,0.03625,call,1.0199014722547195,0.0493150684931506,37.95
SPXW260626C07605000,2026-06-08 15:06:23+00:00,7605.0,39.84,36.0,36.6,10.24,34.594593,13.0,127.0,0.1370745167922974,False,REGULAR,USD,2026-06-26,7451.7001953125,0.03625,call,1.0205724600654134,0.0493150684931506,36.3
SPXW260626C07610000,2026-06-08 15:09:18+00:00,7610.0,37.79,34.4,35.0,14.17,59.99153,25.0,376.0,0.1364298394012451,False,REGULAR,USD,2026-06-26,7451.7001953125,0.03625,call,1.0212434478761074,0.0493150684931506,34.7
SPXW260626C07615000,2026-06-05 19:41:28+00:00,7615.0,27.55,32.8,33.2,0.0,0.0,61.0,72.0,0.1353350322341919,False,REGULAR,USD,2026-06-26,7451.7001953125,0.03625,call,1.0219144356868013,0.0493150684931506,33.0
SPXW260626C07620000,2026-06-08 13:56:47+00:00,7620.0,27.31,31.3,31.8,7.8099995,40.051277,17.0,196.0,0.1348963464355469,False,REGULAR,USD,2026-06-26,7451.7001953125,0.03625,call,1.0225854234974951,0.0493150684931506,31.55
SPXW260626C07625000,2026-06-08 15:09:18+00:00,7625.0,32.89,29.4,29.9,12.049999,57.82149,19.0,558.0,0.1334124440383911,False,REGULAR,USD,2026-06-26,7451.7001953125,0.03625,call,1.023256411308189,0.0493150684931506,29.65
SPXW260626C07630000,2026-06-08 15:12:26+00:00,7630.0,31.42,27.9,28.5,6.49,26.032892,16.0,118.0,0.1328020985794067,False,REGULAR,USD,2026-06-26,7451.7001953125,0.03625,call,1.0239273991188829,0.0493150684931506,28.2
SPXW260626C07635000,2026-06-08 13:38:13+00:00,7635.0,28.73,26.8,27.2,5.33,22.777779,2.0,26.0,0.1323023782348633,False,REGULAR,USD,2026-06-26,7451.7001953125,0.03625,call,1.0245983869295767,0.0493150684931506,27.0
SPXW260626C07640000,2026-06-08 15:09:18+00:00,7640.0,28.56,25.8,26.2,7.1000004,33.084812,14.0,424.0,0.1323405248260498,False,REGULAR,USD,2026-06-26,7451.7001953125,0.03625,call,1.0252693747402708,0.0493150684931506,26.0
SPXW260626C07645000,2026-06-08 15:12:26+00:00,7645.0,27.24,24.4,24.8,4.1399994,17.922075,6.0,19.0,0.1314784118652343,False,REGULAR,USD,2026-06-26,7451.7001953125,0.03625,call,1.0259403625509649,0.0493150684931506,24.6
SPXW260626C07650000,2026-06-08 15:12:26+00:00,7650.0,25.89,23.3,23.6,6.49,33.45361,76.0,911.0,0.130944359588623,False,REGULAR,USD,2026-06-26,7451.7001953125,0.03625,call,1.0266113503616583,0.0493150684931506,23.450000000000003
SPXW260626C07655000,2026-06-08 13:33:33+00:00,7655.0,24.25,22.2,22.6,4.3500004,21.859299,5.0,26.0,0.130757441291809,False,REGULAR,USD,2026-06-26,7451.7001953125,0.03625,call,1.0272823381723524,0.0493150684931506,22.4
SPXW260626C07660000,2026-06-08 15:11:24+00:00,7660.0,23.67,20.8,21.5,5.4300003,29.769737,7.0,184.0,0.1302806089019774,False,REGULAR,USD,2026-06-26,7451.7001953125,0.03625,call,1.0279533259830462,0.0493150684931506,21.15
SPXW260626C07665000,2026-06-08 15:12:26+00:00,7665.0,22.26,19.9,20.4,6.6400003,42.509605,2.0,36.0,0.129716039352417,False,REGULAR,USD,2026-06-26,7451.7001953125,0.03625,call,1.02862431379374,0.0493150684931506,20.15
SPXW260626C07670000,2026-06-08 13:52:43+00:00,7670.0,16.26,18.3,19.0,0.90999985,5.9283376,20.0,189.0,0.1283580207061767,False,REGULAR,USD,2026-06-26,7451.7001953125,0.03625,call,1.0292953016044342,0.0493150684931506,18.65
SPXW260626C07675000,2026-06-08 14:56:55+00:00,7675.0,17.88,16.5,18.4,3.5199995,24.512531,150.0,492.0,0.1287928918457031,False,REGULAR,USD,2026-06-26,7451.7001953125,0.03625,call,1.029966289415128,0.0493150684931506,17.45
SPXW260626C07680000,2026-06-08 14:38:41+00:00,7680.0,15.8,16.3,16.8,1.5700006,11.033033,13.0,762.0,0.1267062733078002,False,REGULAR,USD,2026-06-26,7451.7001953125,0.03625,call,1.030637277225822,0.0493150684931506,16.55
SPXW260626C07685000,2026-06-08 14:01:53+00:00,7685.0,15.97,14.5,16.5,2.3200006,16.996342,45.0,24.0,0.127762933883667,False,REGULAR,USD,2026-06-26,7451.7001953125,0.03625,call,1.0313082650365155,0.0493150684931506,15.5
SPXW260626C07690000,2026-06-08 13:34:20+00:00,7690.0,12.49,14.6,15.1,-0.28999996,-2.2691703,26.0,144.0,0.1259242681884765,False,REGULAR,USD,2026-06-26,7451.7001953125,0.03625,call,1.0319792528472096,0.0493150684931506,14.85
SPXW260626C07700000,2026-06-08 15:27:16+00:00,7700.0,14.08,13.5,13.8,5.4799995,63.72092,131.0,2218.0,0.125897565574646,False,REGULAR,USD,2026-06-26,7451.7001953125,0.03625,call,1.0333212284685975,0.0493150684931506,13.65
SPXW260626C07710000,2026-06-08 13:49:20+00:00,7710.0,11.7,12.6,12.9,1.3699999,13.2623415,19.0,1458.0,0.12676349319458,False,REGULAR,USD,2026-06-26,7451.7001953125,0.03625,call,1.0346632040899852,0.0493150684931506,12.75
SPXW260626C07720000,2026-06-08 15:11:42+00:00,7720.0,12.12,11.0,11.3,4.92,68.333336,39.0,252.0,0.1252986640930176,False,REGULAR,USD,2026-06-26,7451.7001953125,0.03625,call,1.036005179711373,0.0493150684931506,11.15
SPXW260626C07725000,2026-06-08 15:27:16+00:00,7725.0,10.43,10.5,10.8,1.8299999,21.279068,1000.0,812.0,0.125359698638916,False,REGULAR,USD,2026-06-26,7451.7001953125,0.03625,call,1.0366761675220668,0.0493150684931506,10.65
SPXW260626C07730000,2026-06-08 15:11:42+00:00,7730.0,10.77,9.2,9.5,2.4100008,28.82776,219.0,898.0,0.1226741786193847,False,REGULAR,USD,2026-06-26,7451.7001953125,0.03625,call,1.037347155332761,0.0493150684931506,9.35
SPXW260626C07740000,2026-06-08 14:47:10+00:00,7740.0,8.35,8.3,8.6,1.8300004,28.067492,4.0,214.0,0.1226512906646728,False,REGULAR,USD,2026-06-26,7451.7001953125,0.03625,call,1.0386891309541486,0.0493150684931506,8.45
SPXW260626C07750000,2026-06-08 15:15:17+00:00,7750.0,8.4,7.3,7.6,3.5199995,72.131134,80.0,1586.0,0.1219493933868408,False,REGULAR,USD,2026-06-26,7451.7001953125,0.03625,call,1.0400311065755363,0.0493150684931506,7.449999999999999
SPXW260626C07760000,2026-06-08 15:25:58+00:00,7760.0,7.09,6.3,6.6,1.06,17.578772,87.0,128.0,0.1208584008789062,False,REGULAR,USD,2026-06-26,7451.7001953125,0.03625,call,1.0413730821969245,0.0493150684931506,6.449999999999999
SPXW260626C07770000,2026-06-08 15:25:58+00:00,7770.0,6.25,5.6,6.0,0.9200001,17.26079,14.0,404.0,0.1211330563354492,False,REGULAR,USD,2026-06-26,7451.7001953125,0.03625,call,1.042715057818312,0.0493150684931506,5.8
SPXW260626C07775000,2026-06-08 15:10:37+00:00,7775.0,6.09,5.4,5.7,1.25,25.826445,188.0,683.0,0.1211864615631103,False,REGULAR,USD,2026-06-26,7451.7001953125,0.03625,call,1.0433860456290058,0.0493150684931506,5.550000000000001
SPXW260626C07780000,2026-06-08 13:35:38+00:00,7780.0,5.24,4.9,5.1,0.72999954,16.186241,4.0,412.0,0.1196911151885986,False,REGULAR,USD,2026-06-26,7451.7001953125,0.03625,call,1.0440570334396997,0.0493150684931506,5.0
SPXW260626C07790000,2026-06-08 14:06:06+00:00,7790.0,3.83,4.3,4.6,1.06,38.267147,85.0,46.0,0.1198665895080566,False,REGULAR,USD,2026-06-26,7451.7001953125,0.03625,call,1.0453990090610876,0.0493150684931506,4.449999999999999
SPXW260626C07800000,2026-06-08 15:23:40+00:00,7800.0,4.25,3.8,4.0,1.6199999,61.59695,81.0,969.0,0.1192028388214111,False,REGULAR,USD,2026-06-26,7451.7001953125,0.03625,call,1.0467409846824751,0.0493150684931506,3.9
SPXW260626C07810000,2026-06-05 19:20:34+00:00,7810.0,3.56,3.3,3.5,0.94000006,35.87787,2.0,192.0,0.1187679676818847,False,REGULAR,USD,2026-06-26,7451.7001953125,0.03625,call,1.048082960303863,0.0493150684931506,3.4
SPXW260626C07820000,2026-06-08 15:08:08+00:00,7820.0,3.38,3.0,3.3,0.98,40.833332,1.0,104.0,0.1200344345092773,False,REGULAR,USD,2026-06-26,7451.7001953125,0.03625,call,1.049424935925251,0.0493150684931506,3.15
SPXW260626C07825000,2026-06-08 15:08:35+00:00,7825.0,3.2,2.75,2.95,1.4300001,80.79096,65.0,492.0,0.1188595195007324,False,REGULAR,USD,2026-06-26,7451.7001953125,0.03625,call,1.0500959237359448,0.0493150684931506,2.85
SPXW260626C07830000,2026-06-05 18:57:17+00:00,7830.0,2.36,2.7,2.9,0.0,0.0,13.0,57.0,0.1197597790527343,False,REGULAR,USD,2026-06-26,7451.7001953125,0.03625,call,1.0507669115466387,0.0493150684931506,2.8
SPXW260626C07840000,2026-06-05 17:37:41+00:00,7840.0,2.82,2.25,2.45,0.0,0.0,31.0,51.0,0.1187221917724609,False,REGULAR,USD,2026-06-26,7451.7001953125,0.03625,call,1.0521088871680264,0.0493150684931506,2.35
SPXW260626C07850000,2026-06-08 15:18:13+00:00,7850.0,2.25,2.05,2.2,0.70000005,45.161297,62.0,383.0,0.1189968472290038,False,REGULAR,USD,2026-06-26,7451.7001953125,0.03625,call,1.0534508627894144,0.0493150684931506,2.125
SPXW260626C07860000,2026-06-05 19:41:30+00:00,7860.0,1.5,1.8,2.0,0.0,0.0,8.0,63.0,0.1195156408691406,False,REGULAR,USD,2026-06-26,7451.7001953125,0.03625,call,1.054792838410802,0.0493150684931506,1.9
SPXW260626C07870000,2026-06-05 13:49:44+00:00,7870.0,2.94,1.5,1.7,0.0,0.0,2.0,56.0,0.1187832263183593,False,REGULAR,USD,2026-06-26,7451.7001953125,0.03625,call,1.0561348140321898,0.0493150684931506,1.6
SPXW260626C07875000,2026-06-08 15:20:55+00:00,7875.0,1.67,1.45,1.65,0.41999996,33.6,57.0,564.0,0.1193935717773437,False,REGULAR,USD,2026-06-26,7451.7001953125,0.03625,call,1.0568058018428836,0.0493150684931506,1.5499999999999998
SPXW260626C07880000,2026-06-05 14:40:26+00:00,7880.0,1.33,1.35,1.5,-1.32,-49.811317,1.0,25.0,0.1188137435913085,False,REGULAR,USD,2026-06-26,7451.7001953125,0.03625,call,1.0574767896535775,0.0493150684931506,1.425
SPXW260626C07890000,2026-06-08 05:45:42+00:00,7890.0,1.2,1.2,1.4,0.25000006,26.315796,3.0,48.0,0.119851330871582,False,REGULAR,USD,2026-06-26,7451.7001953125,0.03625,call,1.0588187652749654,0.0493150684931506,1.2999999999999998
SPXW260626C07900000,2026-06-08 15:23:19+00:00,7900.0,1.22,1.05,1.25,0.42000002,52.5,76.0,1508.0,0.1200954690551757,False,REGULAR,USD,2026-06-26,7451.7001953125,0.03625,call,1.0601607408963531,0.0493150684931506,1.15
SPXW260626C07910000,2026-06-05 19:00:38+00:00,7910.0,0.75,0.95,1.25,0.0,0.0,5.0,42.0,0.1223232299804687,False,REGULAR,USD,2026-06-26,7451.7001953125,0.03625,call,1.061502716517741,0.0493150684931506,1.1
SPXW260626C07925000,2026-06-08 14:58:38+00:00,7925.0,0.9,0.85,1.0,0.14999998,19.999998,31.0,1098.0,0.1217739190673828,False,REGULAR,USD,2026-06-26,7451.7001953125,0.03625,call,1.0635156799498229,0.0493150684931506,0.925
SPXW260626C07950000,2026-06-08 14:41:03+00:00,7950.0,0.67,0.7,0.9,0.17000002,34.000004,7.0,1338.0,0.1253139227294922,False,REGULAR,USD,2026-06-26,7451.7001953125,0.03625,call,1.0668706190032922,0.0493150684931506,0.8
SPXW260626C08075000,2026-06-05 14:52:37+00:00,8075.0,0.42,0.35,0.45,0.0,0.0,4.0,258.0,0.139107730102539,False,REGULAR,USD,2026-06-26,7451.7001953125,0.03625,call,1.0836453142706397,0.0493150684931506,0.4
SPXW260629C07380000,2026-06-05 19:31:24+00:00,7380.0,138.36,159.2,160.8,0.0,0.0,2.0,2.0,0.1671149573516846,True,REGULAR,USD,2026-06-29,7451.7001953125,0.03625,call,0.9903780085841882,0.0575342465753424,160.0
SPXW260629C07400000,2026-06-05 19:50:18+00:00,7400.0,131.12,145.7,146.4,0.0,0.0,2.0,1166.0,0.1630027548217773,True,REGULAR,USD,2026-06-29,7451.7001953125,0.03625,call,0.9930619598269638,0.0575342465753424,146.05
SPXW260629C07410000,2026-06-08 14:08:33+00:00,7410.0,132.37,138.8,139.6,-30.230011,-18.59164,9.0,4.0,0.1612670849227905,True,REGULAR,USD,2026-06-29,7451.7001953125,0.03625,call,0.9944039354483516,0.0575342465753424,139.2
SPXW260629C07420000,2026-06-08 14:07:02+00:00,7420.0,128.01,130.5,131.2,9.859993,8.345318,2.0,5.0,0.1571529750633239,True,REGULAR,USD,2026-06-29,7451.7001953125,0.03625,call,0.9957459110697392,0.0575342465753424,130.85
SPXW260629C07425000,2026-06-08 14:08:44+00:00,7425.0,121.99,129.2,129.8,-39.08001,-24.262749,3.0,1196.0,0.1589000889396667,True,REGULAR,USD,2026-06-29,7451.7001953125,0.03625,call,0.9964168988804332,0.0575342465753424,129.5
SPXW260629C07430000,2026-06-08 14:05:33+00:00,7430.0,116.28,128.0,128.8,12.279999,11.807692,1.0,8.0,0.1611431085014343,True,REGULAR,USD,2026-06-29,7451.7001953125,0.03625,call,0.9970878866911272,0.0575342465753424,128.4
SPXW260629C07440000,2026-06-08 15:08:13+00:00,7440.0,127.96,119.2,119.7,-10.280006,-7.4363465,7.0,9.0,0.1557243852233886,True,REGULAR,USD,2026-06-29,7451.7001953125,0.03625,call,0.998429862312515,0.0575342465753424,119.45
SPXW260629C07450000,2026-06-08 15:29:39+00:00,7450.0,113.7,113.0,113.6,17.079994,17.677492,9.0,67.0,0.1542481121444702,True,REGULAR,USD,2026-06-29,7451.7001953125,0.03625,call,0.9997718379339028,0.0575342465753424,113.3
SPXW260629C07460000,2026-06-08 15:24:12+00:00,7460.0,115.3,107.9,108.6,27.100006,30.72563,110.0,25.0,0.1540878964614868,False,REGULAR,USD,2026-06-29,7451.7001953125,0.03625,call,1.0011138135552906,0.0575342465753424,108.25
SPXW260629C07470000,2026-06-08 15:19:36+00:00,7470.0,109.9,103.4,104.2,-6.0,-5.1768765,53.0,10.0,0.154557099533081,False,REGULAR,USD,2026-06-29,7451.7001953125,0.03625,call,1.0024557891766783,0.0575342465753424,103.8
SPXW260629C07475000,2026-06-08 14:54:13+00:00,7475.0,101.61,99.2,99.8,21.010002,26.067001,20.0,59.0,0.1516999198532104,False,REGULAR,USD,2026-06-29,7451.7001953125,0.03625,call,1.0031267769873722,0.0575342465753424,99.5
SPXW260629C07480000,2026-06-08 15:26:23+00:00,7480.0,100.3,97.4,98.5,-6.5999985,-6.173993,5.0,18.0,0.1530464945220947,False,REGULAR,USD,2026-06-29,7451.7001953125,0.03625,call,1.003797764798066,0.0575342465753424,97.95
SPXW260629C07490000,2026-06-05 19:49:07+00:00,7490.0,78.7,88.6,90.2,0.0,0.0,59.0,64.0,0.1477479330062866,False,REGULAR,USD,2026-06-29,7451.7001953125,0.03625,call,1.005139740419454,0.0575342465753424,89.4
SPXW260629C07500000,2026-06-08 15:11:06+00:00,7500.0,92.1,87.5,88.1,31.98,53.193615,12.0,146.0,0.1507996603012085,False,REGULAR,USD,2026-06-29,7451.7001953125,0.03625,call,1.0064817160408417,0.0575342465753424,87.8
SPXW260629C07510000,2026-06-08 14:28:57+00:00,7510.0,80.29,80.1,80.8,-16.620003,-17.149935,100.0,43.0,0.1464280609512329,False,REGULAR,USD,2026-06-29,7451.7001953125,0.03625,call,1.0078236916622294,0.0575342465753424,80.44999999999999
SPXW260629C07520000,2026-06-08 13:57:20+00:00,7520.0,71.23,76.3,77.0,-0.9699936,-1.3434815,5.0,111.0,0.1467179750442505,False,REGULAR,USD,2026-06-29,7451.7001953125,0.03625,call,1.0091656672836171,0.0575342465753424,76.65
SPXW260629C07525000,2026-06-08 15:22:39+00:00,7525.0,75.57,74.3,74.9,13.079998,20.931345,9.0,161.0,0.1465062614631652,False,REGULAR,USD,2026-06-29,7451.7001953125,0.03625,call,1.0098366550943112,0.0575342465753424,74.6
SPXW260629C07530000,2026-06-05 19:41:02+00:00,7530.0,76.15,69.9,70.6,15.640003,25.846973,1.0,151.0,0.1431112148475647,False,REGULAR,USD,2026-06-29,7451.7001953125,0.03625,call,1.010507642905005,0.0575342465753424,70.25
SPXW260629C07540000,2026-06-08 13:55:15+00:00,7540.0,65.04,65.0,65.9,10.010002,18.190083,1.0,149.0,0.1416673663711548,False,REGULAR,USD,2026-06-29,7451.7001953125,0.03625,call,1.0118496185263928,0.0575342465753424,65.45
SPXW260629C07550000,2026-06-08 15:27:16+00:00,7550.0,63.3,61.1,61.6,9.829998,18.384136,47.0,187.0,0.1405611152267455,False,REGULAR,USD,2026-06-29,7451.7001953125,0.03625,call,1.0131915941477807,0.0575342465753424,61.35
SPXW260629C07560000,2026-06-08 14:50:26+00:00,7560.0,55.51,56.4,57.0,8.109997,17.109697,6.0,57.0,0.1387644107818604,False,REGULAR,USD,2026-06-29,7451.7001953125,0.03625,call,1.0145335697691684,0.0575342465753424,56.7
SPXW260629C07570000,2026-06-08 13:44:04+00:00,7570.0,51.27,52.3,52.8,6.830002,15.369041,31.0,41.0,0.1373014890098572,False,REGULAR,USD,2026-06-29,7451.7001953125,0.03625,call,1.015875545390556,0.0575342465753424,52.55
SPXW260629C07575000,2026-06-08 15:10:42+00:00,7575.0,55.28,50.4,50.9,19.71,55.41186,17.0,151.0,0.1367769733810425,False,REGULAR,USD,2026-06-29,7451.7001953125,0.03625,call,1.01654653320125,0.0575342465753424,50.65
SPXW260629C07580000,2026-06-08 14:38:52+00:00,7580.0,48.38,48.9,49.4,14.310001,42.001766,65.0,66.0,0.1368036759948731,False,REGULAR,USD,2026-06-29,7451.7001953125,0.03625,call,1.017217521011944,0.0575342465753424,49.15
SPXW260629C07590000,2026-06-08 14:43:34+00:00,7590.0,40.87,45.4,46.6,1.7700005,4.5268555,17.0,120.0,0.1370172969055176,False,REGULAR,USD,2026-06-29,7451.7001953125,0.03625,call,1.0185594966333318,0.0575342465753424,46.0
SPXW260629C07600000,2026-06-08 15:15:55+00:00,7600.0,45.08,41.2,42.4,12.050003,36.481995,17.0,808.0,0.134762833366394,False,REGULAR,USD,2026-06-29,7451.7001953125,0.03625,call,1.0199014722547195,0.0575342465753424,41.8
SPXW260629C07610000,2026-06-08 15:06:23+00:00,7610.0,41.84,38.1,38.6,10.07,31.69657,9.0,46.0,0.1328402451705932,False,REGULAR,USD,2026-06-29,7451.7001953125,0.03625,call,1.0212434478761074,0.0575342465753424,38.35
SPXW260629C07620000,2026-06-08 14:55:49+00:00,7620.0,34.76,34.9,35.3,5.5999985,19.204386,3.0,37.0,0.1314402652740478,False,REGULAR,USD,2026-06-29,7451.7001953125,0.03625,call,1.0225854234974951,0.0575342465753424,35.099999999999994
SPXW260629C07625000,2026-06-08 15:09:32+00:00,7625.0,36.45,33.1,33.6,7.950001,27.89474,2.0,157.0,0.1305361910629272,False,REGULAR,USD,2026-06-29,7451.7001953125,0.03625,call,1.023256411308189,0.0575342465753424,33.35
SPXW260629C07630000,2026-06-05 19:18:24+00:00,7630.0,32.17,32.0,33.2,7.2599983,29.144915,2.0,85.0,0.1318560631179809,False,REGULAR,USD,2026-06-29,7451.7001953125,0.03625,call,1.0239273991188829,0.0575342465753424,32.6
SPXW260629C07640000,2026-06-08 15:07:50+00:00,7640.0,31.8,29.2,29.7,10.84,51.71756,4.0,25.0,0.129517677078247,False,REGULAR,USD,2026-06-29,7451.7001953125,0.03625,call,1.0252693747402708,0.0575342465753424,29.45
SPXW260629C07650000,2026-06-08 14:41:34+00:00,7650.0,29.39,26.3,26.9,10.43,55.01055,37.0,208.0,0.1281100678634643,False,REGULAR,USD,2026-06-29,7451.7001953125,0.03625,call,1.0266113503616583,0.0575342465753424,26.6
SPXW260629C07660000,2026-06-05 19:40:00+00:00,7660.0,21.2,23.8,24.4,0.0,0.0,8.0,25.0,0.12696185546875,False,REGULAR,USD,2026-06-29,7451.7001953125,0.03625,call,1.0279533259830462,0.0575342465753424,24.1
SPXW260629C07670000,2026-06-08 15:03:02+00:00,7670.0,23.75,21.6,22.2,8.6,56.765682,1.0,15.0,0.1261073718261718,False,REGULAR,USD,2026-06-29,7451.7001953125,0.03625,call,1.0292953016044342,0.0575342465753424,21.9
SPXW260629C07675000,2026-06-08 13:58:08+00:00,7675.0,22.55,20.6,21.0,8.199999,57.14285,114.0,692.0,0.1253558839797974,False,REGULAR,USD,2026-06-29,7451.7001953125,0.03625,call,1.029966289415128,0.0575342465753424,20.8
SPXW260629C07680000,2026-06-08 01:25:35+00:00,7680.0,14.57,20.6,21.1,-2.5500011,-14.894866,2.0,12.0,0.1273280627441406,False,REGULAR,USD,2026-06-29,7451.7001953125,0.03625,call,1.030637277225822,0.0575342465753424,20.85
SPXW260629C07690000,2026-06-08 01:25:35+00:00,7690.0,13.06,17.1,17.8,-1.6899996,-11.457624,2.0,3.0,0.1234371104431152,False,REGULAR,USD,2026-06-29,7451.7001953125,0.03625,call,1.0319792528472096,0.0575342465753424,17.450000000000003
SPXW260629C07700000,2026-06-08 14:50:29+00:00,7700.0,14.9,16.6,17.0,4.1099997,38.09082,16.0,431.0,0.1249133835220337,False,REGULAR,USD,2026-06-29,7451.7001953125,0.03625,call,1.0333212284685975,0.0575342465753424,16.8
SPXW260629C07710000,2026-06-08 14:26:45+00:00,7710.0,12.78,14.7,15.2,1.1799994,10.172408,7.0,16.0,0.1237804297637939,False,REGULAR,USD,2026-06-29,7451.7001953125,0.03625,call,1.0346632040899852,0.0575342465753424,14.95
SPXW260629C07720000,2026-06-05 16:42:22+00:00,7720.0,16.07,13.2,13.6,0.0,0.0,6.0,7.0,0.1228191356658935,False,REGULAR,USD,2026-06-29,7451.7001953125,0.03625,call,1.036005179711373,0.0575342465753424,13.4
SPXW260629C07725000,2026-06-08 15:25:59+00:00,7725.0,12.97,12.5,12.9,3.04,30.6143,4.0,773.0,0.1224834456634521,False,REGULAR,USD,2026-06-29,7451.7001953125,0.03625,call,1.0366761675220668,0.0575342465753424,12.7
SPXW260629C07730000,2026-06-08 05:32:17+00:00,7730.0,8.4,11.6,12.1,-4.950001,-37.078655,1.0,21.0,0.1217891777038574,False,REGULAR,USD,2026-06-29,7451.7001953125,0.03625,call,1.037347155332761,0.0575342465753424,11.85
SPXW260629C07740000,2026-06-05 18:49:39+00:00,7740.0,9.5,10.1,10.6,0.0,0.0,2.0,27.0,0.120377753829956,False,REGULAR,USD,2026-06-29,7451.7001953125,0.03625,call,1.0386891309541486,0.0575342465753424,10.35
SPXW260629C07750000,2026-06-08 14:34:30+00:00,7750.0,8.09,9.5,9.8,2.0,32.84072,29.0,274.0,0.1208202542877197,False,REGULAR,USD,2026-06-29,7451.7001953125,0.03625,call,1.0400311065755363,0.0575342465753424,9.65
SPXW260629C07760000,2026-06-05 18:39:55+00:00,7760.0,6.83,7.7,8.1,-0.78999996,-10.367455,2.0,7.0,0.1179287426757812,False,REGULAR,USD,2026-06-29,7451.7001953125,0.03625,call,1.0413730821969245,0.0575342465753424,7.9
SPXW260629C07775000,2026-06-08 15:25:59+00:00,7775.0,7.15,6.6,6.9,1.8299999,34.398495,6.0,68.0,0.1175854233551025,False,REGULAR,USD,2026-06-29,7451.7001953125,0.03625,call,1.0433860456290058,0.0575342465753424,6.75
SPXW260629C07800000,2026-06-08 15:17:00+00:00,7800.0,5.51,4.8,5.1,1.44,35.380833,16.0,975.0,0.1163876203918457,False,REGULAR,USD,2026-06-29,7451.7001953125,0.03625,call,1.0467409846824751,0.0575342465753424,4.949999999999999
SPXW260629C07825000,2026-06-08 14:26:13+00:00,7825.0,3.1,3.4,3.8,0.099999905,3.3333302,2.0,51.0,0.1157849042510986,False,REGULAR,USD,2026-06-29,7451.7001953125,0.03625,call,1.0500959237359448,0.0575342465753424,3.6
SPXW260629C07850000,2026-06-08 14:51:42+00:00,7850.0,2.47,2.55,2.8,0.3800001,18.181824,7.0,240.0,0.11524322265625,False,REGULAR,USD,2026-06-29,7451.7001953125,0.03625,call,1.0534508627894144,0.0575342465753424,2.675
SPXW260629C07875000,2026-06-08 15:19:41+00:00,7875.0,2.16,1.8,2.05,0.6200001,40.25975,47.0,279.0,0.1148312394714355,False,REGULAR,USD,2026-06-29,7451.7001953125,0.03625,call,1.0568058018428836,0.0575342465753424,1.925
SPXW260629C07900000,2026-06-08 15:19:41+00:00,7900.0,1.57,1.4,1.55,0.62000006,65.26317,35.0,108.0,0.1151974467468261,False,REGULAR,USD,2026-06-29,7451.7001953125,0.03625,call,1.0601607408963531,0.0575342465753424,1.475
SPXW260629C07925000,2026-06-08 13:52:50+00:00,7925.0,1.2,1.1,1.25,0.05000007,4.347832,10.0,62.0,0.1167385690307617,False,REGULAR,USD,2026-06-29,7451.7001953125,0.03625,call,1.0635156799498229,0.0575342465753424,1.175
SPXW260629C07950000,2026-06-05 13:48:18+00:00,7950.0,0.87,0.8,1.0,-0.55999994,-39.160835,1.0,87.0,0.1181118463134765,False,REGULAR,USD,2026-06-29,7451.7001953125,0.03625,call,1.0668706190032922,0.0575342465753424,0.9
SPXW260629C07975000,2026-06-08 13:38:44+00:00,7975.0,0.85,0.65,0.85,0.100000024,13.333336,21.0,33.0,0.1204311590576171,False,REGULAR,USD,2026-06-29,7451.7001953125,0.03625,call,1.0702255580567617,0.0575342465753424,0.75
SPXW260630C07380000,2026-06-08 13:35:03+00:00,7380.0,158.01,163.6,164.4,16.439987,11.61262,2.0,89.0,0.168421478099823,True,REGULAR,USD,2026-06-30,7451.7001953125,0.03625,call,0.9903780085841882,0.0602739726027397,164.0
SPXW260630C07385000,2026-06-08 15:23:57+00:00,7385.0,167.5,159.8,160.2,29.080002,21.008528,12.0,44.0,0.1666266809844971,True,REGULAR,USD,2026-06-30,7451.7001953125,0.03625,call,0.991048996394882,0.0602739726027397,160.0
SPXW260630C07390000,2026-06-08 14:35:56+00:00,7390.0,155.45,155.4,156.0,-23.550003,-13.156425,1.0,143.0,0.1648013665962219,True,REGULAR,USD,2026-06-30,7451.7001953125,0.03625,call,0.991719984205576,0.0602739726027397,155.7
SPXW260630C07395000,2026-06-04 16:41:40+00:00,7395.0,248.63,153.2,153.8,0.0,0.0,2.0,50.0,0.1656844601821899,True,REGULAR,USD,2026-06-30,7451.7001953125,0.03625,call,0.99239097201627,0.0602739726027397,153.5
SPXW260630C07400000,2026-06-08 14:25:47+00:00,7400.0,153.15,149.6,150.5,39.249992,34.460045,32.0,3365.0,0.1650130801773071,True,REGULAR,USD,2026-06-30,7451.7001953125,0.03625,call,0.9930619598269638,0.0602739726027397,150.05
SPXW260630C07405000,2026-06-08 07:30:22+00:00,7405.0,131.38,146.3,146.8,7.580002,6.12278,70.0,74.0,0.1637618719863892,True,REGULAR,USD,2026-06-30,7451.7001953125,0.03625,call,0.9937329476376576,0.0602739726027397,146.55
SPXW260630C07410000,2026-06-08 14:15:17+00:00,7410.0,133.37,144.8,145.6,-21.230011,-13.732218,2.0,95.0,0.1658637491607666,True,REGULAR,USD,2026-06-30,7451.7001953125,0.03625,call,0.9944039354483516,0.0602739726027397,145.2
SPXW260630C07415000,2026-06-08 13:57:33+00:00,7415.0,131.8,142.7,143.2,21.82,19.83997,150.0,64.0,0.166287176322937,True,REGULAR,USD,2026-06-30,7451.7001953125,0.03625,call,0.9950749232590456,0.0602739726027397,142.95
SPXW260630C07420000,2026-06-08 13:57:33+00:00,7420.0,128.59,135.6,136.1,14.389999,12.600701,151.0,141.0,0.160317234802246,True,REGULAR,USD,2026-06-30,7451.7001953125,0.03625,call,0.9957459110697392,0.0602739726027397,135.85
SPXW260630C07425000,2026-06-08 14:46:06+00:00,7425.0,132.28,132.3,133.0,23.739998,21.872118,9.0,1158.0,0.159720240650177,True,REGULAR,USD,2026-06-30,7451.7001953125,0.03625,call,0.9964168988804332,0.0602739726027397,132.65
SPXW260630C07430000,2026-06-08 14:16:56+00:00,7430.0,118.6,129.3,129.8,19.599998,19.79798,4.0,9677.0,0.1589458648490906,True,REGULAR,USD,2026-06-30,7451.7001953125,0.03625,call,0.9970878866911272,0.0602739726027397,129.55
SPXW260630C07435000,2026-06-08 13:42:39+00:00,7435.0,123.82,126.2,126.8,18.080002,17.098547,1.0,20.0,0.1583965539360046,True,REGULAR,USD,2026-06-30,7451.7001953125,0.03625,call,0.997758874501821,0.0602739726027397,126.5
SPXW260630C07440000,2026-06-08 14:41:34+00:00,7440.0,119.1,123.2,123.9,26.099998,28.064514,15.0,156.0,0.157936887512207,True,REGULAR,USD,2026-06-30,7451.7001953125,0.03625,call,0.998429862312515,0.0602739726027397,123.55
SPXW260630C07445000,2026-06-05 19:26:15+00:00,7445.0,103.8,121.7,122.6,0.0,0.0,12.0,50.0,0.1595810055923461,True,REGULAR,USD,2026-06-30,7451.7001953125,0.03625,call,0.9991008501232088,0.0602739726027397,122.15
SPXW260630C07450000,2026-06-08 15:02:15+00:00,7450.0,125.0,119.6,120.0,28.309998,29.279137,56.0,10704.0,0.159434141216278,True,REGULAR,USD,2026-06-30,7451.7001953125,0.03625,call,0.9997718379339028,0.0602739726027397,119.8
SPXW260630C07455000,2026-06-05 19:53:08+00:00,7455.0,100.35,116.9,117.4,0.0,0.0,26.0,340.0,0.1592434082603454,False,REGULAR,USD,2026-06-30,7451.7001953125,0.03625,call,1.0004428257445963,0.0602739726027397,117.15
SPXW260630C07460000,2026-06-05 19:42:22+00:00,7460.0,102.99,110.8,111.2,8.669998,9.19211,4.0,56.0,0.1541832629394531,False,REGULAR,USD,2026-06-30,7451.7001953125,0.03625,call,1.0011138135552906,0.0602739726027397,111.0
SPXW260630C07465000,2026-06-08 15:24:02+00:00,7465.0,114.9,106.6,107.1,23.130005,25.20432,28.0,18.0,0.1518906528091431,False,REGULAR,USD,2026-06-30,7451.7001953125,0.03625,call,1.0017848013659845,0.0602739726027397,106.85
SPXW260630C07470000,2026-06-05 17:49:34+00:00,7470.0,113.9,107.6,108.4,0.0,0.0,3.0,144.0,0.1567924897766113,False,REGULAR,USD,2026-06-30,7451.7001953125,0.03625,call,1.0024557891766783,0.0602739726027397,108.0
SPXW260630C07475000,2026-06-08 14:44:15+00:00,7475.0,97.0,105.1,105.6,19.339996,24.90342,1140.0,2317.0,0.1561497197151184,False,REGULAR,USD,2026-06-30,7451.7001953125,0.03625,call,1.0031267769873722,0.0602739726027397,105.35
SPXW260630C07480000,2026-06-08 14:36:33+00:00,7480.0,100.0,100.1,100.6,-5.0,-4.7619047,10.0,331.0,0.1525048129272461,False,REGULAR,USD,2026-06-30,7451.7001953125,0.03625,call,1.003797764798066,0.0602739726027397,100.35
SPXW260630C07485000,2026-06-05 13:45:55+00:00,7485.0,133.0,99.5,100.0,0.0,0.0,2.0,17.0,0.1547268518638611,False,REGULAR,USD,2026-06-30,7451.7001953125,0.03625,call,1.00446875260876,0.0602739726027397,99.75
SPXW260630C07490000,2026-06-05 18:48:12+00:00,7490.0,85.88,96.7,97.2,1.3299942,1.5730268,2.0,95.0,0.153942939414978,False,REGULAR,USD,2026-06-30,7451.7001953125,0.03625,call,1.005139740419454,0.0602739726027397,96.95
SPXW260630C07495000,2026-06-05 19:42:35+00:00,7495.0,76.4,91.7,92.3,0.0,0.0,23.0,37.0,0.1502713300132751,False,REGULAR,USD,2026-06-30,7451.7001953125,0.03625,call,1.0058107282301478,0.0602739726027397,92.0
SPXW260630C07500000,2026-06-08 15:28:41+00:00,7500.0,92.17,88.6,89.2,28.769997,45.378544,115.0,9434.0,0.1489743459129333,False,REGULAR,USD,2026-06-30,7451.7001953125,0.03625,call,1.0064817160408417,0.0602739726027397,88.9
SPXW260630C07505000,2026-06-08 14:34:03+00:00,7505.0,92.62,85.8,86.6,20.82,28.997213,5.0,476.0,0.1483010585784912,False,REGULAR,USD,2026-06-30,7451.7001953125,0.03625,call,1.0071527038515355,0.0602739726027397,86.19999999999999
SPXW260630C07510000,2026-06-08 14:41:34+00:00,7510.0,79.6,85.0,85.8,6.659996,9.130787,17.0,128.0,0.1500329138183594,False,REGULAR,USD,2026-06-30,7451.7001953125,0.03625,call,1.0078236916622294,0.0602739726027397,85.4
SPXW260630C07515000,2026-06-05 19:11:35+00:00,7515.0,87.16,82.0,82.7,18.580002,27.09245,2.0,48.0,0.1485795286941528,False,REGULAR,USD,2026-06-30,7451.7001953125,0.03625,call,1.0084946794729233,0.0602739726027397,82.35
SPXW260630C07520000,2026-06-05 19:12:12+00:00,7520.0,83.04,78.6,79.6,17.010002,25.761023,3.0,264.0,0.1470689236831665,False,REGULAR,USD,2026-06-30,7451.7001953125,0.03625,call,1.0091656672836171,0.0602739726027397,79.1
SPXW260630C07525000,2026-06-08 15:19:03+00:00,7525.0,81.39,78.0,78.4,25.380001,45.31334,173.0,2110.0,0.1481217695999145,False,REGULAR,USD,2026-06-30,7451.7001953125,0.03625,call,1.0098366550943112,0.0602739726027397,78.2
SPXW260630C07530000,2026-06-08 15:29:19+00:00,7530.0,75.35,73.5,74.0,11.579998,18.159004,61.0,90.0,0.1446942983818054,False,REGULAR,USD,2026-06-30,7451.7001953125,0.03625,call,1.010507642905005,0.0602739726027397,73.75
SPXW260630C07535000,2026-06-08 15:19:03+00:00,7535.0,76.39,71.0,71.6,14.5,23.428663,13.0,25.0,0.1439752351379394,False,REGULAR,USD,2026-06-30,7451.7001953125,0.03625,call,1.011178630715699,0.0602739726027397,71.3
SPXW260630C07540000,2026-06-08 09:09:05+00:00,7540.0,74.66,68.9,69.4,23.930004,47.17131,16.0,324.0,0.1434793294525146,False,REGULAR,USD,2026-06-30,7451.7001953125,0.03625,call,1.0118496185263928,0.0602739726027397,69.15
SPXW260630C07545000,2026-06-05 15:45:03+00:00,7545.0,81.03,68.1,68.6,0.0,0.0,6.0,45.0,0.1449060119628906,False,REGULAR,USD,2026-06-30,7451.7001953125,0.03625,call,1.0125206063370866,0.0602739726027397,68.35
SPXW260630C07550000,2026-06-08 15:07:45+00:00,7550.0,69.84,66.2,66.6,22.669998,48.060204,144.0,2384.0,0.1445970245742798,False,REGULAR,USD,2026-06-30,7451.7001953125,0.03625,call,1.0131915941477807,0.0602739726027397,66.4
SPXW260630C07555000,2026-06-05 19:29:36+00:00,7555.0,53.4,60.5,62.0,0.0,0.0,14.0,27.0,0.1405077099990844,False,REGULAR,USD,2026-06-30,7451.7001953125,0.03625,call,1.0138625819584746,0.0602739726027397,61.25
SPXW260630C07560000,2026-06-08 15:05:38+00:00,7560.0,64.1,61.0,61.7,20.379997,46.614815,23.0,4629.0,0.1425218500137329,False,REGULAR,USD,2026-06-30,7451.7001953125,0.03625,call,1.0145335697691684,0.0602739726027397,61.35
SPXW260630C07565000,2026-06-08 13:34:03+00:00,7565.0,58.3,57.7,58.1,16.23,38.57856,14.0,727.0,0.1397104462432861,False,REGULAR,USD,2026-06-30,7451.7001953125,0.03625,call,1.0152045575798625,0.0602739726027397,57.900000000000006
SPXW260630C07570000,2026-06-08 15:00:39+00:00,7570.0,59.13,54.7,55.4,6.7299995,12.84351,16.0,175.0,0.1381235480499267,False,REGULAR,USD,2026-06-30,7451.7001953125,0.03625,call,1.015875545390556,0.0602739726027397,55.05
SPXW260630C07575000,2026-06-08 15:03:18+00:00,7575.0,56.47,53.6,54.1,10.810001,23.674992,77.0,2782.0,0.1385393458938599,False,REGULAR,USD,2026-06-30,7451.7001953125,0.03625,call,1.01654653320125,0.0602739726027397,53.85
SPXW260630C07580000,2026-06-08 15:23:17+00:00,7580.0,54.4,52.8,53.3,12.200001,28.909954,5.0,118.0,0.139657041015625,False,REGULAR,USD,2026-06-30,7451.7001953125,0.03625,call,1.017217521011944,0.0602739726027397,53.05
SPXW260630C07585000,2026-06-08 15:23:17+00:00,7585.0,52.4,49.7,50.1,8.390003,19.063856,32.0,277.0,0.1371164780426025,False,REGULAR,USD,2026-06-30,7451.7001953125,0.03625,call,1.017888508822638,0.0602739726027397,49.900000000000006
SPXW260630C07590000,2026-06-08 15:23:17+00:00,7590.0,50.4,48.1,48.6,8.600002,20.57417,6.0,221.0,0.1370745167922974,False,REGULAR,USD,2026-06-30,7451.7001953125,0.03625,call,1.0185594966333318,0.0602739726027397,48.35
SPXW260630C07595000,2026-06-08 13:30:03+00:00,7595.0,49.19,46.2,46.6,15.889999,47.71772,3.0,229.0,0.1362085891723632,False,REGULAR,USD,2026-06-30,7451.7001953125,0.03625,call,1.0192304844440256,0.0602739726027397,46.400000000000006
SPXW260630C07600000,2026-06-08 15:16:47+00:00,7600.0,48.3,44.4,44.9,17.3,55.806446,653.0,7457.0,0.135739386100769,False,REGULAR,USD,2026-06-30,7451.7001953125,0.03625,call,1.0199014722547195,0.0602739726027397,44.65
SPXW260630C07605000,2026-06-08 14:17:10+00:00,7605.0,36.76,43.1,43.6,6.159998,20.130713,12.0,72.0,0.1358423818969726,False,REGULAR,USD,2026-06-30,7451.7001953125,0.03625,call,1.0205724600654134,0.0602739726027397,43.35
SPXW260630C07610000,2026-06-08 14:07:36+00:00,7610.0,37.85,40.9,41.4,11.439999,43.31692,6.0,92.0,0.1344538459777832,False,REGULAR,USD,2026-06-30,7451.7001953125,0.03625,call,1.0212434478761074,0.0602739726027397,41.15
SPXW260630C07615000,2026-06-05 19:41:28+00:00,7615.0,32.86,39.3,39.8,0.0,0.0,7.0,82.0,0.133950310974121,False,REGULAR,USD,2026-06-30,7451.7001953125,0.03625,call,1.0219144356868013,0.0602739726027397,39.55
SPXW260630C07620000,2026-06-08 15:00:39+00:00,7620.0,39.97,36.7,37.3,8.000002,25.023466,4.0,131.0,0.1318942097091675,False,REGULAR,USD,2026-06-30,7451.7001953125,0.03625,call,1.0225854234974951,0.0602739726027397,37.0
SPXW260630C07625000,2026-06-08 15:06:45+00:00,7625.0,40.0,35.9,36.3,9.379999,30.63357,225.0,2522.0,0.1322489730072021,False,REGULAR,USD,2026-06-30,7451.7001953125,0.03625,call,1.023256411308189,0.0602739726027397,36.1
SPXW260630C07630000,2026-06-08 14:28:04+00:00,7630.0,32.22,36.0,36.4,1.9100018,6.3015566,4.0,209.0,0.1344271433639526,False,REGULAR,USD,2026-06-30,7451.7001953125,0.03625,call,1.0239273991188829,0.0602739726027397,36.2
SPXW260630C07635000,2026-06-08 15:23:12+00:00,7635.0,34.8,32.8,33.2,7.1499996,25.85895,5.0,28.0,0.1309214716339111,False,REGULAR,USD,2026-06-30,7451.7001953125,0.03625,call,1.0245983869295767,0.0602739726027397,33.0
SPXW260630C07640000,2026-06-08 15:23:17+00:00,7640.0,33.4,33.2,33.5,8.580002,34.568905,8.0,117.0,0.1334010000610351,False,REGULAR,USD,2026-06-30,7451.7001953125,0.03625,call,1.0252693747402708,0.0602739726027397,33.35
SPXW260630C07645000,2026-06-08 14:16:23+00:00,7645.0,29.03,31.4,31.7,-0.789999,-2.6492255,4.0,310.0,0.1321612358474732,False,REGULAR,USD,2026-06-30,7451.7001953125,0.03625,call,1.0259403625509649,0.0602739726027397,31.55
SPXW260630C07650000,2026-06-08 15:23:12+00:00,7650.0,30.4,29.0,29.4,11.65,62.133335,2254.0,3800.0,0.1299144016265868,False,REGULAR,USD,2026-06-30,7451.7001953125,0.03625,call,1.0266113503616583,0.0602739726027397,29.2
SPXW260630C07655000,2026-06-08 15:23:10+00:00,7655.0,29.3,28.0,28.4,-3.4000015,-10.397558,124.0,30.0,0.1299449188995361,False,REGULAR,USD,2026-06-30,7451.7001953125,0.03625,call,1.0272823381723524,0.0602739726027397,28.2
SPXW260630C07660000,2026-06-08 13:39:22+00:00,7660.0,25.55,26.2,26.6,1.5599995,6.502707,8.0,98.0,0.1284076112747192,False,REGULAR,USD,2026-06-30,7451.7001953125,0.03625,call,1.0279533259830462,0.0602739726027397,26.4
SPXW260630C07665000,2026-06-05 13:42:11+00:00,7665.0,43.6,24.9,25.5,0.0,0.0,5.0,355.0,0.1281100678634643,False,REGULAR,USD,2026-06-30,7451.7001953125,0.03625,call,1.02862431379374,0.0602739726027397,25.2
SPXW260630C07670000,2026-06-08 15:16:10+00:00,7670.0,26.3,23.6,24.2,7.5099983,39.968056,65.0,63.0,0.1273547653579712,False,REGULAR,USD,2026-06-30,7451.7001953125,0.03625,call,1.0292953016044342,0.0602739726027397,23.9
SPXW260630C07675000,2026-06-08 15:03:18+00:00,7675.0,24.72,22.1,22.8,4.5199986,22.376228,32.0,4645.0,0.1263095487594604,False,REGULAR,USD,2026-06-30,7451.7001953125,0.03625,call,1.029966289415128,0.0602739726027397,22.450000000000003
SPXW260630C07680000,2026-06-08 14:03:19+00:00,7680.0,19.8,21.8,22.2,1.3999996,7.608694,6.0,100.0,0.1268207130813599,False,REGULAR,USD,2026-06-30,7451.7001953125,0.03625,call,1.030637277225822,0.0602739726027397,22.0
SPXW260630C07685000,2026-06-08 14:03:20+00:00,7685.0,18.8,20.5,21.0,-0.13000107,-0.68674624,6.0,74.0,0.1260348933029174,False,REGULAR,USD,2026-06-30,7451.7001953125,0.03625,call,1.0313082650365155,0.0602739726027397,20.75
SPXW260630C07690000,2026-06-05 20:11:33+00:00,7690.0,11.77,19.3,19.7,0.0,0.0,139.0,159.0,0.1249362714767456,False,REGULAR,USD,2026-06-30,7451.7001953125,0.03625,call,1.0319792528472096,0.0602739726027397,19.5
SPXW260630C07695000,2026-06-08 14:03:20+00:00,7695.0,16.27,18.7,19.2,-0.32999992,-1.9879513,26.0,46.0,0.1255122850036621,False,REGULAR,USD,2026-06-30,7451.7001953125,0.03625,call,1.0326502406579037,0.0602739726027397,18.95
SPXW260630C07700000,2026-06-08 15:02:57+00:00,7700.0,19.55,17.8,18.2,8.849999,82.71027,840.0,7617.0,0.1249248274993896,False,REGULAR,USD,2026-06-30,7451.7001953125,0.03625,call,1.0333212284685975,0.0602739726027397,18.0
SPXW260630C07705000,2026-06-05 20:10:45+00:00,7705.0,10.6,17.6,18.0,0.0,0.0,32.0,69.0,0.1261073718261718,False,REGULAR,USD,2026-06-30,7451.7001953125,0.03625,call,1.0339922162792914,0.0602739726027397,17.8
SPXW260630C07710000,2026-06-08 11:14:58+00:00,7710.0,14.6,15.9,16.4,4.4000006,43.13726,10.0,177.0,0.1239749773788452,False,REGULAR,USD,2026-06-30,7451.7001953125,0.03625,call,1.0346632040899852,0.0602739726027397,16.15
SPXW260630C07715000,2026-06-05 19:42:22+00:00,7715.0,12.3,15.8,16.2,0.0,0.0,20.0,103.0,0.1250888578414917,False,REGULAR,USD,2026-06-30,7451.7001953125,0.03625,call,1.035334191900679,0.0602739726027397,16.0
SPXW260630C07720000,2026-06-08 14:34:03+00:00,7720.0,13.01,15.1,15.5,2.3500004,22.04503,6.0,118.0,0.1249553447723388,False,REGULAR,USD,2026-06-30,7451.7001953125,0.03625,call,1.036005179711373,0.0602739726027397,15.3
SPXW260630C07725000,2026-06-08 15:02:57+00:00,7725.0,15.05,13.6,13.9,6.8500004,83.5366,8.0,2654.0,0.1224414844131469,False,REGULAR,USD,2026-06-30,7451.7001953125,0.03625,call,1.0366761675220668,0.0602739726027397,13.75
SPXW260630C07730000,2026-06-08 11:14:58+00:00,7730.0,14.47,12.8,13.2,4.87,50.729164,2.0,925.0,0.1221172383880615,False,REGULAR,USD,2026-06-30,7451.7001953125,0.03625,call,1.037347155332761,0.0602739726027397,13.0
SPXW260630C07735000,2026-06-05 19:31:23+00:00,7735.0,10.0,12.1,12.6,0.0,0.0,6.0,75.0,0.1219951692962646,False,REGULAR,USD,2026-06-30,7451.7001953125,0.03625,call,1.0380181431434548,0.0602739726027397,12.35
SPXW260630C07740000,2026-06-08 13:38:36+00:00,7740.0,11.83,12.1,12.5,4.5299997,62.05479,7.0,339.0,0.1232158602142334,False,REGULAR,USD,2026-06-30,7451.7001953125,0.03625,call,1.0386891309541486,0.0602739726027397,12.3
SPXW260630C07745000,2026-06-08 14:01:56+00:00,7745.0,10.12,11.3,11.7,-1.5200005,-13.058423,1.0,45.0,0.122430040435791,False,REGULAR,USD,2026-06-30,7451.7001953125,0.03625,call,1.0393601187648425,0.0602739726027397,11.5
SPXW260630C07750000,2026-06-08 14:46:06+00:00,7750.0,9.7,10.4,10.7,3.58,58.496735,417.0,1031.0,0.1209385087203979,False,REGULAR,USD,2026-06-30,7451.7001953125,0.03625,call,1.0400311065755363,0.0602739726027397,10.55
SPXW260630C07755000,2026-06-08 14:15:51+00:00,7755.0,8.9,10.0,10.4,2.6999998,43.54838,17.0,84.0,0.1214611170196533,False,REGULAR,USD,2026-06-30,7451.7001953125,0.03625,call,1.0407020943862302,0.0602739726027397,10.2
SPXW260630C07760000,2026-06-08 13:38:37+00:00,7760.0,9.5,9.4,9.7,1.6300001,20.711565,4.0,364.0,0.1206867412185668,False,REGULAR,USD,2026-06-30,7451.7001953125,0.03625,call,1.0413730821969245,0.0602739726027397,9.55
SPXW260630C07765000,2026-06-08 14:13:16+00:00,7765.0,7.35,9.1,9.3,-2.8600001,-28.011753,179.0,316.0,0.1207973663330078,False,REGULAR,USD,2026-06-30,7451.7001953125,0.03625,call,1.042044070007618,0.0602739726027397,9.2
SPXW260630C07770000,2026-06-08 14:31:57+00:00,7770.0,7.39,8.6,8.9,2.62,54.926624,11.0,170.0,0.1208507715606689,False,REGULAR,USD,2026-06-30,7451.7001953125,0.03625,call,1.042715057818312,0.0602739726027397,8.75
SPXW260630C07775000,2026-06-08 14:53:50+00:00,7775.0,7.78,7.6,7.9,3.2800002,72.88889,56.0,1715.0,0.1187298210906982,False,REGULAR,USD,2026-06-30,7451.7001953125,0.03625,call,1.0433860456290058,0.0602739726027397,7.75
SPXW260630C07780000,2026-06-08 12:20:24+00:00,7780.0,6.45,7.6,7.9,1.1199999,21.01313,23.0,125.0,0.1200878397369384,False,REGULAR,USD,2026-06-30,7451.7001953125,0.03625,call,1.0440570334396997,0.0602739726027397,7.75
SPXW260630C07785000,2026-06-08 14:01:36+00:00,7785.0,6.2,7.2,7.5,0.099999905,1.6393427,13.0,793.0,0.1199505120086669,False,REGULAR,USD,2026-06-30,7451.7001953125,0.03625,call,1.0447280212503935,0.0602739726027397,7.35
SPXW260630C07790000,2026-06-08 13:55:31+00:00,7790.0,6.75,6.4,6.7,0.8000002,13.445381,46.0,784.0,0.118172880859375,False,REGULAR,USD,2026-06-30,7451.7001953125,0.03625,call,1.0453990090610876,0.0602739726027397,6.550000000000001
SPXW260630C07795000,2026-06-08 13:42:54+00:00,7795.0,6.1,5.9,6.2,0.9499998,18.446598,1.0,40.0,0.1174252076721191,False,REGULAR,USD,2026-06-30,7451.7001953125,0.03625,call,1.0460699968717817,0.0602739726027397,6.050000000000001
SPXW260630C07800000,2026-06-08 15:06:23+00:00,7800.0,6.5,5.8,6.0,3.2,96.969696,407.0,5508.0,0.1178677081298828,False,REGULAR,USD,2026-06-30,7451.7001953125,0.03625,call,1.0467409846824751,0.0602739726027397,5.9
SPXW260630C07805000,2026-06-05 20:00:20+00:00,7805.0,4.26,5.6,5.9,0.0,0.0,50.0,72.0,0.1187145624542236,False,REGULAR,USD,2026-06-30,7451.7001953125,0.03625,call,1.0474119724931692,0.0602739726027397,5.75
SPXW260630C07810000,2026-06-08 14:46:37+00:00,7810.0,5.4,5.3,5.6,1.3499999,33.33333,12.0,161.0,0.1186535279083252,False,REGULAR,USD,2026-06-30,7451.7001953125,0.03625,call,1.048082960303863,0.0602739726027397,5.449999999999999
SPXW260630C07815000,2026-06-05 20:11:13+00:00,7815.0,5.1,4.6,4.9,2.1299999,71.71716,10.0,85.0,0.1166164999389648,False,REGULAR,USD,2026-06-30,7451.7001953125,0.03625,call,1.048753948114557,0.0602739726027397,4.75
SPXW260630C07820000,2026-06-08 14:31:57+00:00,7820.0,4.0,4.7,4.9,0.099999905,2.5641,6.0,2681.0,0.1178524494934082,False,REGULAR,USD,2026-06-30,7451.7001953125,0.03625,call,1.049424935925251,0.0602739726027397,4.800000000000001
SPXW260630C07825000,2026-06-08 14:53:50+00:00,7825.0,4.5,4.2,4.4,0.5999999,15.384613,17.0,1067.0,0.1165249481201172,False,REGULAR,USD,2026-06-30,7451.7001953125,0.03625,call,1.0500959237359448,0.0602739726027397,4.300000000000001
SPXW260630C07830000,2026-06-08 14:53:50+00:00,7830.0,3.99,3.8,4.1,1.52,61.53846,44.0,3239.0,0.11612059425354,False,REGULAR,USD,2026-06-30,7451.7001953125,0.03625,call,1.0507669115466387,0.0602739726027397,3.95
SPXW260630C07835000,2026-06-05 18:14:09+00:00,7835.0,3.9,3.8,4.1,-0.049999952,-1.2658216,1.0,72.0,0.1173183972167968,False,REGULAR,USD,2026-06-30,7451.7001953125,0.03625,call,1.0514378993573326,0.0602739726027397,3.95
SPXW260630C07840000,2026-06-05 19:54:05+00:00,7840.0,3.15,3.7,3.9,0.0,0.0,15.0,213.0,0.1173794317626953,False,REGULAR,USD,2026-06-30,7451.7001953125,0.03625,call,1.0521088871680264,0.0602739726027397,3.8
SPXW260630C07845000,2026-06-05 15:15:09+00:00,7845.0,5.3,3.5,3.7,0.0,0.0,11.0,21.0,0.1173794317626953,False,REGULAR,USD,2026-06-30,7451.7001953125,0.03625,call,1.0527798749787205,0.0602739726027397,3.6
SPXW260630C07850000,2026-06-08 15:25:31+00:00,7850.0,3.46,3.0,3.3,0.6700001,24.01434,62.0,5574.0,0.1160671890258789,False,REGULAR,USD,2026-06-30,7451.7001953125,0.03625,call,1.0534508627894144,0.0602739726027397,3.15
SPXW260630C07855000,2026-06-05 14:54:23+00:00,7855.0,2.87,2.95,3.2,-2.4300003,-45.84906,1.0,142.0,0.116570724029541,False,REGULAR,USD,2026-06-30,7451.7001953125,0.03625,call,1.0541218506001082,0.0602739726027397,3.075
SPXW260630C07860000,2026-06-05 18:27:02+00:00,7860.0,3.13,2.65,2.85,0.45000005,16.791046,1.0,157.0,0.115319515838623,False,REGULAR,USD,2026-06-30,7451.7001953125,0.03625,call,1.054792838410802,0.0602739726027397,2.75
SPXW260630C07865000,2026-06-05 20:01:18+00:00,7865.0,2.0,2.6,2.8,0.0,0.0,17.0,39.0,0.1160824476623535,False,REGULAR,USD,2026-06-30,7451.7001953125,0.03625,call,1.055463826221496,0.0602739726027397,2.7
SPXW260630C07870000,2026-06-08 00:30:33+00:00,7870.0,2.25,2.55,2.75,-0.06999993,-3.0172386,1.0,171.0,0.1168453794860839,False,REGULAR,USD,2026-06-30,7451.7001953125,0.03625,call,1.0561348140321898,0.0602739726027397,2.65
SPXW260630C07875000,2026-06-08 14:53:50+00:00,7875.0,2.63,2.35,2.55,0.72000015,37.696342,34.0,1277.0,0.1164486549377441,False,REGULAR,USD,2026-06-30,7451.7001953125,0.03625,call,1.0568058018428836,0.0602739726027397,2.45
SPXW260630C07880000,2026-06-05 17:16:19+00:00,7880.0,2.58,2.2,2.4,0.0,0.0,6.0,525.0,0.1163571031188965,False,REGULAR,USD,2026-06-30,7451.7001953125,0.03625,call,1.0574767896535775,0.0602739726027397,2.3
SPXW260630C07885000,2026-06-05 18:14:40+00:00,7885.0,2.07,2.15,2.3,0.0,0.0,4.0,13.0,0.1166164999389648,False,REGULAR,USD,2026-06-30,7451.7001953125,0.03625,call,1.0581477774642716,0.0602739726027397,2.225
SPXW260630C07890000,2026-06-05 18:04:21+00:00,7890.0,2.15,1.9,2.1,0.0,0.0,14.0,719.0,0.1159756372070312,False,REGULAR,USD,2026-06-30,7451.7001953125,0.03625,call,1.0588187652749654,0.0602739726027397,2.0
SPXW260630C07895000,2026-06-08 13:43:32+00:00,7895.0,2.05,1.9,2.05,0.29999995,17.142855,4.0,75.0,0.1165859826660156,False,REGULAR,USD,2026-06-30,7451.7001953125,0.03625,call,1.0594897530856593,0.0602739726027397,1.975
SPXW260630C07900000,2026-06-08 15:25:31+00:00,7900.0,1.92,1.75,1.95,0.62,47.69231,246.0,5305.0,0.1167233103942871,False,REGULAR,USD,2026-06-30,7451.7001953125,0.03625,call,1.0601607408963531,0.0602739726027397,1.85
SPXW260630C07905000,2026-06-05 15:22:53+00:00,7905.0,2.45,1.75,1.85,0.0,0.0,1.0,175.0,0.1168148622131347,False,REGULAR,USD,2026-06-30,7451.7001953125,0.03625,call,1.060831728707047,0.0602739726027397,1.8
SPXW260630C07910000,2026-06-08 15:03:08+00:00,7910.0,1.69,1.55,1.7,0.24000001,16.551723,9.0,2076.0,0.1163418444824218,False,REGULAR,USD,2026-06-30,7451.7001953125,0.03625,call,1.061502716517741,0.0602739726027397,1.625
SPXW260630C07915000,2026-06-05 15:23:08+00:00,7915.0,2.15,1.55,1.65,0.0,0.0,10.0,17.0,0.1168453794860839,False,REGULAR,USD,2026-06-30,7451.7001953125,0.03625,call,1.062173704328435,0.0602739726027397,1.6
SPXW260630C07920000,2026-06-08 13:30:54+00:00,7920.0,1.92,1.4,1.55,-0.72000015,-27.272732,1.0,334.0,0.1167690863037109,False,REGULAR,USD,2026-06-30,7451.7001953125,0.03625,call,1.0628446921391288,0.0602739726027397,1.475
SPXW260630C07925000,2026-06-08 14:04:35+00:00,7925.0,1.27,1.35,1.5,0.14999998,13.392856,22.0,782.0,0.1172268453979492,False,REGULAR,USD,2026-06-30,7451.7001953125,0.03625,call,1.0635156799498229,0.0602739726027397,1.425
SPXW260630C07930000,2026-06-08 03:16:58+00:00,7930.0,1.5,1.3,1.45,0.35000002,30.434786,1.0,209.0,0.1176540872192382,False,REGULAR,USD,2026-06-30,7451.7001953125,0.03625,call,1.0641866677605163,0.0602739726027397,1.375
SPXW260630C07935000,2026-06-05 16:35:11+00:00,7935.0,1.5,1.25,1.35,0.0,0.0,3.0,36.0,0.1174404663085937,False,REGULAR,USD,2026-06-30,7451.7001953125,0.03625,call,1.0648576555712104,0.0602739726027397,1.3
SPXW260630C07940000,2026-06-05 15:22:53+00:00,7940.0,1.6,1.15,1.3,0.0,0.0,6.0,57.0,0.1178066735839843,False,REGULAR,USD,2026-06-30,7451.7001953125,0.03625,call,1.0655286433819045,0.0602739726027397,1.225
SPXW260630C07950000,2026-06-08 15:02:11+00:00,7950.0,1.12,1.05,1.2,0.19,20.430107,64.0,2450.0,0.1184475363159179,False,REGULAR,USD,2026-06-30,7451.7001953125,0.03625,call,1.0668706190032922,0.0602739726027397,1.125
SPXW260630C07960000,2026-06-08 00:15:01+00:00,7960.0,1.02,0.95,1.1,0.19,22.891567,3.0,89.0,0.1189968472290038,False,REGULAR,USD,2026-06-30,7451.7001953125,0.03625,call,1.06821259462468,0.0602739726027397,1.025
SPXW260630C07970000,2026-06-05 18:40:53+00:00,7970.0,0.85,0.85,1.0,0.0,0.0,9.0,74.0,0.1193630545043945,False,REGULAR,USD,2026-06-30,7451.7001953125,0.03625,call,1.0695545702460678,0.0602739726027397,0.925
SPXW260630C07975000,2026-06-08 14:04:35+00:00,7975.0,0.82,0.8,1.0,0.14999998,22.388056,7.0,629.0,0.1203396072387695,False,REGULAR,USD,2026-06-30,7451.7001953125,0.03625,call,1.0702255580567617,0.0602739726027397,0.9
SPXW260630C07980000,2026-06-08 14:32:48+00:00,7980.0,0.77,0.75,0.9,-2.43,-75.9375,4.0,31.0,0.1196071926879882,False,REGULAR,USD,2026-06-30,7451.7001953125,0.03625,call,1.0708965458674555,0.0602739726027397,0.825
SPXW260630C07990000,2026-06-05 14:11:48+00:00,7990.0,1.21,0.7,0.85,0.0,0.0,6.0,82.0,0.1206142626953125,False,REGULAR,USD,2026-06-30,7451.7001953125,0.03625,call,1.0722385214888432,0.0602739726027397,0.7749999999999999
SPXW260630C08000000,2026-06-08 15:27:00+00:00,8000.0,0.7,0.65,0.75,0.13,22.807018,31.0,5313.0,0.120553228149414,False,REGULAR,USD,2026-06-30,7451.7001953125,0.03625,call,1.0735804971102312,0.0602739726027397,0.7
SPXW260630C08010000,2026-06-05 19:45:00+00:00,8010.0,0.62,0.65,0.75,0.0,0.0,3.0,17.0,0.1223842645263672,False,REGULAR,USD,2026-06-30,7451.7001953125,0.03625,call,1.074922472731619,0.0602739726027397,0.7
SPXW260630C08020000,2026-06-05 19:54:05+00:00,8020.0,0.6,0.6,0.7,0.0,0.0,4.0,33.0,0.1231777136230468,False,REGULAR,USD,2026-06-30,7451.7001953125,0.03625,call,1.0762644483530066,0.0602739726027397,0.6499999999999999
SPXW260630C08025000,2026-06-08 14:46:36+00:00,8025.0,0.58,0.55,0.65,-0.22000003,-27.500004,12.0,463.0,0.1229640927124023,False,REGULAR,USD,2026-06-30,7451.7001953125,0.03625,call,1.076935436163701,0.0602739726027397,0.6000000000000001
SPXW260630C08030000,2026-06-03 19:17:30+00:00,8030.0,1.65,0.55,0.65,0.0,0.0,8.0,128.0,0.1238490936279296,False,REGULAR,USD,2026-06-30,7451.7001953125,0.03625,call,1.0776064239743943,0.0602739726027397,0.6000000000000001
SPXW260630C08040000,2026-06-08 05:24:33+00:00,8040.0,0.5,0.5,0.65,-1.23,-71.09827,1.0,120.0,0.1256801300048828,False,REGULAR,USD,2026-06-30,7451.7001953125,0.03625,call,1.0789483995957825,0.0602739726027397,0.575
SPXW260630C08050000,2026-06-08 14:46:36+00:00,8050.0,0.5,0.45,0.6,0.050000012,11.111114,14.0,1169.0,0.1262294409179687,False,REGULAR,USD,2026-06-30,7451.7001953125,0.03625,call,1.08029037521717,0.0602739726027397,0.525
SPXW260630C08060000,2026-06-05 18:41:14+00:00,8060.0,0.45,0.45,0.55,0.0,0.0,8.0,35.0,0.1267177172851562,False,REGULAR,USD,2026-06-30,7451.7001953125,0.03625,call,1.081632350838558,0.0602739726027397,0.5
SPXW260630C08070000,2026-06-04 17:25:55+00:00,8070.0,1.14,0.4,0.5,0.0,0.0,5.0,60.0,0.1270839245605468,False,REGULAR,USD,2026-06-30,7451.7001953125,0.03625,call,1.0829743264599456,0.0602739726027397,0.45
SPXW260630C08080000,2026-05-29 13:38:51+00:00,8080.0,4.15,0.4,0.5,0.0,0.0,1.0,1.0,0.1287928918457031,False,REGULAR,USD,2026-06-30,7451.7001953125,0.03625,call,1.0843163020813331,0.0602739726027397,0.45
SPXW260630C08100000,2026-06-08 12:25:51+00:00,8100.0,0.53,0.35,0.45,0.17999998,51.428566,150.0,677.0,0.1307459973144531,False,REGULAR,USD,2026-06-30,7451.7001953125,0.03625,call,1.087000253324109,0.0602739726027397,0.4
SPXW260630C08125000,2026-06-05 18:57:37+00:00,8125.0,0.27,0.3,0.4,0.0,0.0,1.0,89.0,0.133248413696289,False,REGULAR,USD,2026-06-30,7451.7001953125,0.03625,call,1.0903551923775785,0.0602739726027397,0.35
SPXW260630C08130000,2026-06-05 14:02:29+00:00,8130.0,0.4,0.3,0.4,0.0,0.0,3.0,70.0,0.1341028973388672,False,REGULAR,USD,2026-06-30,7451.7001953125,0.03625,call,1.0910261801882724,0.0602739726027397,0.35
SPXW260630C08200000,2026-06-08 12:25:51+00:00,8200.0,0.33,0.25,0.3,0.110000014,50.000008,150.0,736.0,0.1414270428466797,False,REGULAR,USD,2026-06-30,7451.7001953125,0.03625,call,1.1004200095379868,0.0602739726027397,0.275
SPXW260630C08300000,2026-06-05 19:58:54+00:00,8300.0,0.25,0.2,0.25,0.0,0.0,2.0,208.0,0.1545494702148437,False,REGULAR,USD,2026-06-30,7451.7001953125,0.03625,call,1.1138397657518648,0.0602739726027397,0.225
SPXW260701C07390000,2026-06-05 18:29:59+00:00,7390.0,154.6,160.6,161.4,0.0,0.0,7.0,9.0,0.1685855084419251,True,REGULAR,USD,2026-07-01,7451.7001953125,0.03625,call,0.991719984205576,0.0630136986301369,161.0
SPXW260701C07400000,2026-06-05 19:57:30+00:00,7400.0,135.67,153.4,155.3,0.0,0.0,16.0,39.0,0.1679465530395508,True,REGULAR,USD,2026-07-01,7451.7001953125,0.03625,call,0.9930619598269638,0.0630136986301369,154.35000000000002
SPXW260701C07410000,2026-06-08 14:39:32+00:00,7410.0,145.54,150.3,150.8,15.639999,12.040031,5.0,17.0,0.1692740544128418,True,REGULAR,USD,2026-07-01,7451.7001953125,0.03625,call,0.9944039354483516,0.0630136986301369,150.55
SPXW260701C07420000,2026-06-08 12:54:45+00:00,7420.0,145.5,140.4,141.0,10.429993,7.721916,1.0,17.0,0.1634204599952698,True,REGULAR,USD,2026-07-01,7451.7001953125,0.03625,call,0.9957459110697392,0.0630136986301369,140.7
SPXW260701C07425000,2026-06-05 18:29:59+00:00,7425.0,131.94,140.2,140.8,0.0,0.0,6.0,14.0,0.166649568939209,True,REGULAR,USD,2026-07-01,7451.7001953125,0.03625,call,0.9964168988804332,0.0630136986301369,140.5
SPXW260701C07430000,2026-06-08 14:02:04+00:00,7430.0,129.6,134.8,136.0,-10.699997,-7.6265125,8.0,7.0,0.1637656866455078,True,REGULAR,USD,2026-07-01,7451.7001953125,0.03625,call,0.9970878866911272,0.0630136986301369,135.4
SPXW260701C07440000,2026-06-08 14:02:25+00:00,7440.0,122.4,127.7,128.6,-0.7200012,-0.5847963,12.0,5.0,0.1607883452033996,True,REGULAR,USD,2026-07-01,7451.7001953125,0.03625,call,0.998429862312515,0.0630136986301369,128.15
SPXW260701C07450000,2026-06-08 14:29:15+00:00,7450.0,130.0,124.5,125.1,28.199997,27.701372,212.0,309.0,0.1627681532859802,True,REGULAR,USD,2026-07-01,7451.7001953125,0.03625,call,0.9997718379339028,0.0630136986301369,124.8
SPXW260701C07460000,2026-06-08 14:58:10+00:00,7460.0,120.1,116.6,117.2,-8.349998,-6.500583,4.0,7.0,0.1588066297912598,False,REGULAR,USD,2026-07-01,7451.7001953125,0.03625,call,1.0011138135552906,0.0630136986301369,116.9
SPXW260701C07470000,2026-06-08 14:46:17+00:00,7470.0,109.3,109.5,111.5,4.4900055,4.283948,12.0,13.0,0.1575592362594604,False,REGULAR,USD,2026-07-01,7451.7001953125,0.03625,call,1.0024557891766783,0.0630136986301369,110.5
SPXW260701C07475000,2026-06-05 18:27:02+00:00,7475.0,101.98,106.6,107.2,0.0,0.0,14.0,13.0,0.1549633607292175,False,REGULAR,USD,2026-07-01,7451.7001953125,0.03625,call,1.0031267769873722,0.0630136986301369,106.9
SPXW260701C07480000,2026-06-05 17:51:17+00:00,7480.0,111.76,103.7,104.8,0.0,0.0,5.0,5.0,0.1548184036827087,False,REGULAR,USD,2026-07-01,7451.7001953125,0.03625,call,1.003797764798066,0.0630136986301369,104.25
SPXW260701C07490000,2026-06-05 16:05:23+00:00,7490.0,113.8,98.5,100.6,0.0,0.0,3.0,4.0,0.1551865182876587,False,REGULAR,USD,2026-07-01,7451.7001953125,0.03625,call,1.005139740419454,0.0630136986301369,99.55
SPXW260701C07500000,2026-06-05 19:49:16+00:00,7500.0,90.78,94.2,95.0,9.779999,12.074073,1.0,350.0,0.1535271415710449,False,REGULAR,USD,2026-07-01,7451.7001953125,0.03625,call,1.0064817160408417,0.0630136986301369,94.6
SPXW260701C07510000,2026-06-08 14:20:20+00:00,7510.0,81.61,87.4,88.0,7.6900024,10.403142,6.0,4.0,0.1498078489303588,False,REGULAR,USD,2026-07-01,7451.7001953125,0.03625,call,1.0078236916622294,0.0630136986301369,87.7
SPXW260701C07520000,2026-06-05 19:21:38+00:00,7520.0,67.77,82.2,82.8,0.0,0.0,10.0,33.0,0.1482743559646606,False,REGULAR,USD,2026-07-01,7451.7001953125,0.03625,call,1.0091656672836171,0.0630136986301369,82.5
SPXW260701C07525000,2026-06-05 16:05:27+00:00,7525.0,93.9,79.6,80.4,0.0,0.0,26.0,42.0,0.1477021570968628,False,REGULAR,USD,2026-07-01,7451.7001953125,0.03625,call,1.0098366550943112,0.0630136986301369,80.0
SPXW260701C07530000,2026-06-05 16:03:13+00:00,7530.0,94.2,77.1,78.0,0.0,0.0,1.0,2.0,0.1470765530014038,False,REGULAR,USD,2026-07-01,7451.7001953125,0.03625,call,1.010507642905005,0.0630136986301369,77.55
SPXW260701C07540000,2026-06-05 19:25:32+00:00,7540.0,61.5,72.4,73.2,0.0,0.0,33.0,50.0,0.1456727584457397,False,REGULAR,USD,2026-07-01,7451.7001953125,0.03625,call,1.0118496185263928,0.0630136986301369,72.80000000000001
SPXW260701C07550000,2026-06-08 15:19:18+00:00,7550.0,73.15,67.7,69.1,18.050003,32.758625,10.0,19.0,0.1450204517364502,False,REGULAR,USD,2026-07-01,7451.7001953125,0.03625,call,1.0131915941477807,0.0630136986301369,68.4
SPXW260701C07560000,2026-06-08 14:58:10+00:00,7560.0,66.2,63.4,64.0,-6.0,-8.310249,6.0,36.0,0.142762173538208,False,REGULAR,USD,2026-07-01,7451.7001953125,0.03625,call,1.0145335697691684,0.0630136986301369,63.7
SPXW260701C07570000,2026-06-08 14:46:57+00:00,7570.0,60.0,59.7,60.6,19.7,48.883377,29.0,92.0,0.142674436378479,False,REGULAR,USD,2026-07-01,7451.7001953125,0.03625,call,1.015875545390556,0.0630136986301369,60.150000000000006
SPXW260701C07575000,2026-06-05 13:59:58+00:00,7575.0,50.5,57.0,57.7,-28.580002,-36.14062,3.0,41.0,0.1408319560241699,False,REGULAR,USD,2026-07-01,7451.7001953125,0.03625,call,1.01654653320125,0.0630136986301369,57.35
SPXW260701C07580000,2026-06-08 13:32:06+00:00,7580.0,59.33,55.2,56.5,-55.949997,-48.534,1.0,34.0,0.1413812669372559,False,REGULAR,USD,2026-07-01,7451.7001953125,0.03625,call,1.017217521011944,0.0630136986301369,55.85
SPXW260701C07590000,2026-06-08 14:40:10+00:00,7590.0,50.25,50.7,51.5,-23.86,-32.195385,2.0,60.0,0.1385145506095886,False,REGULAR,USD,2026-07-01,7451.7001953125,0.03625,call,1.0185594966333318,0.0630136986301369,51.1
SPXW260701C07600000,2026-06-08 15:19:18+00:00,7600.0,51.55,49.1,49.6,12.369999,31.572227,1.0,291.0,0.1400308776092529,False,REGULAR,USD,2026-07-01,7451.7001953125,0.03625,call,1.0199014722547195,0.0630136986301369,49.35
SPXW260701C07610000,2026-06-05 16:03:12+00:00,7610.0,56.0,44.2,44.8,0.0,0.0,10.0,19.0,0.1369333744049072,False,REGULAR,USD,2026-07-01,7451.7001953125,0.03625,call,1.0212434478761074,0.0630136986301369,44.5
SPXW260701C07620000,2026-06-05 20:04:46+00:00,7620.0,28.64,40.5,41.3,0.0,0.0,5.0,46.0,0.1355562824630737,False,REGULAR,USD,2026-07-01,7451.7001953125,0.03625,call,1.0225854234974951,0.0630136986301369,40.9
SPXW260701C07625000,2026-06-08 15:16:27+00:00,7625.0,42.45,39.1,39.8,11.730001,38.183598,2.0,96.0,0.1351671872329712,False,REGULAR,USD,2026-07-01,7451.7001953125,0.03625,call,1.023256411308189,0.0630136986301369,39.45
SPXW260701C07630000,2026-06-05 16:03:12+00:00,7630.0,48.3,37.4,37.8,0.0,0.0,2.0,6.0,0.1339045350646973,False,REGULAR,USD,2026-07-01,7451.7001953125,0.03625,call,1.0239273991188829,0.0630136986301369,37.6
SPXW260701C07640000,2026-06-08 14:35:05+00:00,7640.0,32.64,35.2,35.7,3.6399994,12.551722,4.0,29.0,0.1343203329086303,False,REGULAR,USD,2026-07-01,7451.7001953125,0.03625,call,1.0252693747402708,0.0630136986301369,35.45
SPXW260701C07650000,2026-06-08 14:08:42+00:00,7650.0,28.63,31.7,32.1,2.3499985,8.942155,2.0,62.0,0.1319514295959473,False,REGULAR,USD,2026-07-01,7451.7001953125,0.03625,call,1.0266113503616583,0.0630136986301369,31.9
SPXW260701C07660000,2026-06-08 14:58:10+00:00,7660.0,30.05,28.6,29.1,-14.150002,-32.013577,3.0,13.0,0.1302996821975707,False,REGULAR,USD,2026-07-01,7451.7001953125,0.03625,call,1.0279533259830462,0.0630136986301369,28.85
SPXW260701C07670000,2026-06-05 19:22:01+00:00,7670.0,26.23,27.7,28.1,5.1000004,24.136301,1.0,11.0,0.1320734986877441,False,REGULAR,USD,2026-07-01,7451.7001953125,0.03625,call,1.0292953016044342,0.0630136986301369,27.9
SPXW260701C07675000,2026-06-08 14:08:42+00:00,7675.0,22.69,24.7,25.2,1.9700012,9.507729,2.0,47.0,0.128354206047058,False,REGULAR,USD,2026-07-01,7451.7001953125,0.03625,call,1.029966289415128,0.0630136986301369,24.95
SPXW260701C07680000,2026-06-05 14:34:55+00:00,7680.0,40.0,23.2,24.0,0.0,0.0,1.0,459.0,0.1277438605880737,False,REGULAR,USD,2026-07-01,7451.7001953125,0.03625,call,1.030637277225822,0.0630136986301369,23.6
SPXW260701C07690000,2026-06-08 13:47:13+00:00,7690.0,22.1,22.9,23.3,9.06,69.47853,5.0,1500.0,0.1297694445800781,False,REGULAR,USD,2026-07-01,7451.7001953125,0.03625,call,1.0319792528472096,0.0630136986301369,23.1
SPXW260701C07700000,2026-06-05 19:45:51+00:00,7700.0,19.98,20.6,21.0,3.6599998,22.426472,1.0,2218.0,0.128365650024414,False,REGULAR,USD,2026-07-01,7451.7001953125,0.03625,call,1.0333212284685975,0.0630136986301369,20.8
SPXW260701C07710000,2026-06-05 18:12:00+00:00,7710.0,19.1,18.7,19.2,0.0,0.0,7.0,7.0,0.1277362312698364,False,REGULAR,USD,2026-07-01,7451.7001953125,0.03625,call,1.0346632040899852,0.0630136986301369,18.95
SPXW260701C07720000,2026-06-05 15:56:14+00:00,7720.0,22.15,16.2,16.6,0.0,0.0,5.0,5.0,0.1249629740905761,False,REGULAR,USD,2026-07-01,7451.7001953125,0.03625,call,1.036005179711373,0.0630136986301369,16.4
SPXW260701C07725000,2026-06-08 13:38:05+00:00,7725.0,15.36,15.4,16.0,2.75,21.80809,2.0,125.0,0.1250774138641357,False,REGULAR,USD,2026-07-01,7451.7001953125,0.03625,call,1.0366761675220668,0.0630136986301369,15.7
SPXW260701C07750000,2026-06-08 15:05:44+00:00,7750.0,12.9,12.4,12.8,3.5,37.234043,1.0,140.0,0.1243640726089477,False,REGULAR,USD,2026-07-01,7451.7001953125,0.03625,call,1.0400311065755363,0.0630136986301369,12.6
SPXW260701C07775000,2026-06-08 15:19:22+00:00,7775.0,9.97,9.4,9.7,-0.13000011,-1.2871298,6.0,337.0,0.1222812687301635,False,REGULAR,USD,2026-07-01,7451.7001953125,0.03625,call,1.0433860456290058,0.0630136986301369,9.55
SPXW260701C07800000,2026-06-08 15:19:22+00:00,7800.0,7.56,6.6,7.0,2.96,64.347824,16.0,122.0,0.1194317183685302,False,REGULAR,USD,2026-07-01,7451.7001953125,0.03625,call,1.0467409846824751,0.0630136986301369,6.8
SPXW260701C07825000,2026-06-08 13:46:55+00:00,7825.0,5.38,4.9,5.2,2.2800002,73.54839,39.0,59.0,0.1180126651763915,False,REGULAR,USD,2026-07-01,7451.7001953125,0.03625,call,1.0500959237359448,0.0630136986301369,5.050000000000001
SPXW260701C07850000,2026-06-08 15:21:49+00:00,7850.0,4.05,3.6,4.0,0.85000014,26.562504,7.0,165.0,0.1177914149475097,False,REGULAR,USD,2026-07-01,7451.7001953125,0.03625,call,1.0534508627894144,0.0630136986301369,3.8
SPXW260701C07875000,2026-06-08 15:21:49+00:00,7875.0,3.03,2.75,3.0,0.55999994,22.672062,9.0,172.0,0.1172421040344238,False,REGULAR,USD,2026-07-01,7451.7001953125,0.03625,call,1.0568058018428836,0.0630136986301369,2.875
SPXW260701C07900000,2026-06-08 15:19:22+00:00,7900.0,2.34,2.1,2.35,0.51999986,28.571419,12.0,365.0,0.1177608976745605,False,REGULAR,USD,2026-07-01,7451.7001953125,0.03625,call,1.0601607408963531,0.0630136986301369,2.225
SPXW260701C07925000,2026-06-05 15:22:52+00:00,7925.0,2.32,1.65,1.85,0.0,0.0,18.0,39.0,0.1184627949523925,False,REGULAR,USD,2026-07-01,7451.7001953125,0.03625,call,1.0635156799498229,0.0630136986301369,1.75
SPXW260701C07950000,2026-06-05 19:57:31+00:00,7950.0,1.15,1.25,1.45,0.0,0.0,10.0,56.0,0.1191341749572753,False,REGULAR,USD,2026-07-01,7451.7001953125,0.03625,call,1.0668706190032922,0.0630136986301369,1.35
SPXW260701C07975000,2026-06-05 15:22:52+00:00,7975.0,1.32,1.0,1.15,0.0,0.0,10.0,43.0,0.1200649517822265,False,REGULAR,USD,2026-07-01,7451.7001953125,0.03625,call,1.0702255580567617,0.0630136986301369,1.075
SPXW260701C08000000,2026-06-08 15:14:52+00:00,8000.0,0.9,0.75,0.95,0.14999998,19.999998,9.0,344.0,0.1216518499755859,False,REGULAR,USD,2026-07-01,7451.7001953125,0.03625,call,1.0735804971102312,0.0630136986301369,0.85
SPXW260701C08025000,2026-06-05 19:22:50+00:00,8025.0,0.6,0.6,0.8,0.0,0.0,5.0,49.0,0.1235134036254883,False,REGULAR,USD,2026-07-01,7451.7001953125,0.03625,call,1.076935436163701,0.0630136986301369,0.7
SPXW260702C07380000,2026-06-05 17:45:05+00:00,7380.0,182.53,173.8,174.6,0.0,0.0,1.0,3.0,0.1750418190002441,True,REGULAR,USD,2026-07-02,7451.7001953125,0.03625,call,0.9903780085841882,0.0657534246575342,174.2
SPXW260702C07390000,2026-06-05 19:47:11+00:00,7390.0,147.9,165.7,167.2,0.0,0.0,9.0,8.0,0.1728007067680359,True,REGULAR,USD,2026-07-02,7451.7001953125,0.03625,call,0.991719984205576,0.0657534246575342,166.45
SPXW260702C07400000,2026-06-08 13:50:35+00:00,7400.0,155.8,159.2,160.0,16.229996,11.62857,3.0,183.0,0.1706931076049805,True,REGULAR,USD,2026-07-02,7451.7001953125,0.03625,call,0.9930619598269638,0.0657534246575342,159.6
SPXW260702C07410000,2026-06-08 14:42:21+00:00,7410.0,146.24,152.8,153.6,7.4400024,5.3602324,3.0,11.0,0.169491489982605,True,REGULAR,USD,2026-07-02,7451.7001953125,0.03625,call,0.9944039354483516,0.0657534246575342,153.2
SPXW260702C07420000,2026-06-08 14:50:37+00:00,7420.0,145.41,146.9,147.6,-42.789993,-22.736448,3.0,4.0,0.1686637089538574,True,REGULAR,USD,2026-07-02,7451.7001953125,0.03625,call,0.9957459110697392,0.0657534246575342,147.25
SPXW260702C07425000,2026-06-08 14:22:57+00:00,7425.0,132.75,144.5,145.2,0.75,0.5681818,23.0,23.0,0.1689669743537903,True,REGULAR,USD,2026-07-02,7451.7001953125,0.03625,call,0.9964168988804332,0.0657534246575342,144.85
SPXW260702C07430000,2026-06-08 14:25:49+00:00,7430.0,134.9,140.6,141.4,7.899994,6.2204676,61.0,11.0,0.1674239447402954,True,REGULAR,USD,2026-07-02,7451.7001953125,0.03625,call,0.9970878866911272,0.0657534246575342,141.0
SPXW260702C07440000,2026-06-08 14:50:37+00:00,7440.0,132.58,133.7,134.4,-118.09999,-47.111855,156.0,2.0,0.1650054508590698,True,REGULAR,USD,2026-07-02,7451.7001953125,0.03625,call,0.998429862312515,0.0657534246575342,134.05
SPXW260702C07450000,2026-06-08 15:05:19+00:00,7450.0,132.98,129.2,130.0,20.979996,18.732138,108.0,499.0,0.1657798266601562,True,REGULAR,USD,2026-07-02,7451.7001953125,0.03625,call,0.9997718379339028,0.0657534246575342,129.6
SPXW260702C07460000,2026-06-08 15:24:09+00:00,7460.0,128.8,121.3,123.4,24.420006,23.395292,24.0,15.0,0.1635654170417786,False,REGULAR,USD,2026-07-02,7451.7001953125,0.03625,call,1.0011138135552906,0.0657534246575342,122.35
SPXW260702C07470000,2026-06-08 15:08:59+00:00,7470.0,122.9,115.6,116.4,28.130005,29.682396,29.0,20.0,0.1606758127593994,False,REGULAR,USD,2026-07-02,7451.7001953125,0.03625,call,1.0024557891766783,0.0657534246575342,116.0
SPXW260702C07475000,2026-06-08 14:42:13+00:00,7475.0,107.76,110.8,111.6,10.459999,10.750256,6.0,80.0,0.1574943870544433,False,REGULAR,USD,2026-07-02,7451.7001953125,0.03625,call,1.0031267769873722,0.0657534246575342,111.2
SPXW260702C07480000,2026-06-08 15:20:13+00:00,7480.0,117.0,109.4,110.2,35.67,43.858353,3.0,17.0,0.1586483214378357,False,REGULAR,USD,2026-07-02,7451.7001953125,0.03625,call,1.003797764798066,0.0657534246575342,109.8
SPXW260702C07490000,2026-06-08 14:39:47+00:00,7490.0,100.97,103.9,104.6,-13.5,-11.793483,5.0,21.0,0.1572197315979004,False,REGULAR,USD,2026-07-02,7451.7001953125,0.03625,call,1.005139740419454,0.0657534246575342,104.25
SPXW260702C07500000,2026-06-08 15:03:33+00:00,7500.0,105.87,98.1,98.9,19.670006,22.819033,38.0,498.0,0.1554878763580322,False,REGULAR,USD,2026-07-02,7451.7001953125,0.03625,call,1.0064817160408417,0.0657534246575342,98.5
SPXW260702C07510000,2026-06-08 14:05:05+00:00,7510.0,85.06,92.8,93.7,5.8799973,7.4261146,10.0,292.0,0.1542214095306396,False,REGULAR,USD,2026-07-02,7451.7001953125,0.03625,call,1.0078236916622294,0.0657534246575342,93.25
SPXW260702C07520000,2026-06-08 14:39:25+00:00,7520.0,85.6,89.4,90.2,3.1699982,3.845685,8.0,36.0,0.1550034146499634,False,REGULAR,USD,2026-07-02,7451.7001953125,0.03625,call,1.0091656672836171,0.0657534246575342,89.80000000000001
SPXW260702C07525000,2026-06-08 14:21:53+00:00,7525.0,78.64,85.2,86.0,17.989998,29.661991,2.0,83.0,0.1521080883789062,False,REGULAR,USD,2026-07-02,7451.7001953125,0.03625,call,1.0098366550943112,0.0657534246575342,85.6
SPXW260702C07530000,2026-06-08 14:42:21+00:00,7530.0,77.42,84.2,84.8,6.75,9.551436,5.0,31.0,0.1531189730453491,False,REGULAR,USD,2026-07-02,7451.7001953125,0.03625,call,1.010507642905005,0.0657534246575342,84.5
SPXW260702C07540000,2026-06-08 15:26:46+00:00,7540.0,80.26,78.6,79.4,18.160004,29.243162,32.0,921.0,0.1510285398483276,False,REGULAR,USD,2026-07-02,7451.7001953125,0.03625,call,1.0118496185263928,0.0657534246575342,79.0
SPXW260702C07550000,2026-06-08 15:07:01+00:00,7550.0,79.3,73.1,73.7,27.510002,53.118366,36.0,1287.0,0.1483220392036438,False,REGULAR,USD,2026-07-02,7451.7001953125,0.03625,call,1.0131915941477807,0.0657534246575342,73.4
SPXW260702C07560000,2026-06-08 14:13:38+00:00,7560.0,63.44,68.6,69.1,3.8400002,6.442953,1.0,285.0,0.1468820053863525,False,REGULAR,USD,2026-07-02,7451.7001953125,0.03625,call,1.0145335697691684,0.0657534246575342,68.85
SPXW260702C07570000,2026-06-08 14:52:38+00:00,7570.0,65.93,65.7,66.4,14.93,29.27451,7.0,510.0,0.1478623727798462,False,REGULAR,USD,2026-07-02,7451.7001953125,0.03625,call,1.015875545390556,0.0657534246575342,66.05000000000001
SPXW260702C07575000,2026-06-05 20:14:09+00:00,7575.0,66.76,63.6,64.2,24.210003,56.897774,3.0,164.0,0.1471108849334717,False,REGULAR,USD,2026-07-02,7451.7001953125,0.03625,call,1.01654653320125,0.0657534246575342,63.900000000000006
SPXW260702C07580000,2026-06-08 14:21:53+00:00,7580.0,54.54,60.1,60.8,2.7400017,5.289579,1.0,1238.0,0.1446141905403137,False,REGULAR,USD,2026-07-02,7451.7001953125,0.03625,call,1.017217521011944,0.0657534246575342,60.45
SPXW260702C07590000,2026-06-05 19:58:50+00:00,7590.0,52.53,56.0,56.6,6.1100006,13.162432,1.0,70.0,0.1430864195632935,False,REGULAR,USD,2026-07-02,7451.7001953125,0.03625,call,1.0185594966333318,0.0657534246575342,56.3
SPXW260702C07600000,2026-06-08 15:12:35+00:00,7600.0,56.8,51.9,52.4,13.049999,29.82857,158.0,874.0,0.1413221397209167,False,REGULAR,USD,2026-07-02,7451.7001953125,0.03625,call,1.0199014722547195,0.0657534246575342,52.15
SPXW260702C07610000,2026-06-08 14:46:47+00:00,7610.0,49.8,48.7,49.2,6.66,15.438108,5.0,102.0,0.1408014387512207,False,REGULAR,USD,2026-07-02,7451.7001953125,0.03625,call,1.0212434478761074,0.0657534246575342,48.95
SPXW260702C07620000,2026-06-08 15:00:22+00:00,7620.0,47.85,45.0,46.3,9.049999,23.324741,15.0,572.0,0.140534412612915,False,REGULAR,USD,2026-07-02,7451.7001953125,0.03625,call,1.0225854234974951,0.0657534246575342,45.65
SPXW260702C07625000,2026-06-05 19:44:30+00:00,7625.0,46.97,44.8,45.3,11.889999,33.893955,4.0,1026.0,0.1410226889801025,False,REGULAR,USD,2026-07-02,7451.7001953125,0.03625,call,1.023256411308189,0.0657534246575342,45.05
SPXW260702C07630000,2026-06-08 09:16:55+00:00,7630.0,41.82,41.6,42.0,5.8499985,16.26355,6.0,140.0,0.1378755952072143,False,REGULAR,USD,2026-07-02,7451.7001953125,0.03625,call,1.0239273991188829,0.0657534246575342,41.8
SPXW260702C07640000,2026-06-08 01:12:02+00:00,7640.0,31.2,39.9,40.4,3.7800007,13.785561,2.0,97.0,0.1392450578308106,False,REGULAR,USD,2026-07-02,7451.7001953125,0.03625,call,1.0252693747402708,0.0657534246575342,40.15
SPXW260702C07650000,2026-06-08 15:05:18+00:00,7650.0,37.32,35.7,36.2,5.220001,16.261686,11.0,488.0,0.1362009598541259,False,REGULAR,USD,2026-07-02,7451.7001953125,0.03625,call,1.0266113503616583,0.0657534246575342,35.95
SPXW260702C07660000,2026-06-08 13:40:51+00:00,7660.0,33.21,32.6,32.9,10.189999,44.26585,24.0,26.0,0.134318425579071,False,REGULAR,USD,2026-07-02,7451.7001953125,0.03625,call,1.0279533259830462,0.0657534246575342,32.75
SPXW260702C07670000,2026-06-08 00:38:45+00:00,7670.0,26.19,30.1,30.7,0.069999695,0.2679927,1.0,450.0,0.1340761947250366,False,REGULAR,USD,2026-07-02,7451.7001953125,0.03625,call,1.0292953016044342,0.0657534246575342,30.4
SPXW260702C07675000,2026-06-08 15:10:13+00:00,7675.0,31.1,29.6,30.2,6.130001,24.549465,411.0,215.0,0.1349611956405639,False,REGULAR,USD,2026-07-02,7451.7001953125,0.03625,call,1.029966289415128,0.0657534246575342,29.9
SPXW260702C07680000,2026-06-08 15:04:15+00:00,7680.0,29.22,27.6,28.2,7.619999,35.27777,7.0,200.0,0.1330767540359497,False,REGULAR,USD,2026-07-02,7451.7001953125,0.03625,call,1.030637277225822,0.0657534246575342,27.9
SPXW260702C07690000,2026-06-05 19:23:52+00:00,7690.0,24.52,25.3,25.8,4.950001,25.293821,1.0,68.0,0.1320048348236084,False,REGULAR,USD,2026-07-02,7451.7001953125,0.03625,call,1.0319792528472096,0.0657534246575342,25.55
SPXW260702C07700000,2026-06-08 15:28:47+00:00,7700.0,24.33,23.0,23.5,9.0199995,58.915737,79.0,2179.0,0.130856622428894,False,REGULAR,USD,2026-07-02,7451.7001953125,0.03625,call,1.0333212284685975,0.0657534246575342,23.25
SPXW260702C07710000,2026-06-08 15:04:15+00:00,7710.0,22.28,21.1,21.6,4.130001,22.754827,7.0,134.0,0.1302462769699096,False,REGULAR,USD,2026-07-02,7451.7001953125,0.03625,call,1.0346632040899852,0.0657534246575342,21.35
SPXW260702C07720000,2026-06-08 14:37:25+00:00,7720.0,18.24,19.8,20.3,1.7099991,10.344822,30.0,73.0,0.1306887774276733,False,REGULAR,USD,2026-07-02,7451.7001953125,0.03625,call,1.036005179711373,0.0657534246575342,20.05
SPXW260702C07725000,2026-06-08 15:28:47+00:00,7725.0,19.33,17.5,18.2,6.88,55.261044,35.0,242.0,0.1276294208145141,False,REGULAR,USD,2026-07-02,7451.7001953125,0.03625,call,1.0366761675220668,0.0657534246575342,17.85
SPXW260702C07730000,2026-06-08 07:48:04+00:00,7730.0,16.74,18.1,18.6,2.6399994,18.7234,5.0,131.0,0.1300746173095703,False,REGULAR,USD,2026-07-02,7451.7001953125,0.03625,call,1.037347155332761,0.0657534246575342,18.35
SPXW260702C07740000,2026-06-05 19:55:37+00:00,7740.0,13.95,15.7,16.2,0.9399996,7.225208,3.0,626.0,0.1275416836547852,False,REGULAR,USD,2026-07-02,7451.7001953125,0.03625,call,1.0386891309541486,0.0657534246575342,15.95
SPXW260702C07750000,2026-06-08 15:10:13+00:00,7750.0,15.4,13.8,14.3,4.24,37.99283,40.0,1110.0,0.1257793111419678,False,REGULAR,USD,2026-07-02,7451.7001953125,0.03625,call,1.0400311065755363,0.0657534246575342,14.05
SPXW260702C07760000,2026-06-05 19:49:59+00:00,7760.0,10.99,13.3,13.7,0.0,0.0,26.0,47.0,0.1271106271743774,False,REGULAR,USD,2026-07-02,7451.7001953125,0.03625,call,1.0413730821969245,0.0657534246575342,13.5
SPXW260702C07770000,2026-06-08 14:48:02+00:00,7770.0,11.41,11.2,11.8,2.42,26.918798,1.0,232.0,0.124722650566101,False,REGULAR,USD,2026-07-02,7451.7001953125,0.03625,call,1.042715057818312,0.0657534246575342,11.5
SPXW260702C07775000,2026-06-08 15:13:54+00:00,7775.0,12.09,10.8,11.4,4.6400003,62.281883,21.0,924.0,0.1249553447723388,False,REGULAR,USD,2026-07-02,7451.7001953125,0.03625,call,1.0433860456290058,0.0657534246575342,11.1
SPXW260702C07780000,2026-06-05 19:54:13+00:00,7780.0,8.87,10.3,10.7,0.0,0.0,23.0,36.0,0.1242458181762695,False,REGULAR,USD,2026-07-02,7451.7001953125,0.03625,call,1.0440570334396997,0.0657534246575342,10.5
SPXW260702C07790000,2026-06-08 00:30:05+00:00,7790.0,7.3,9.4,9.8,1.0300002,16.427437,1.0,36.0,0.1241466370391845,False,REGULAR,USD,2026-07-02,7451.7001953125,0.03625,call,1.0453990090610876,0.0657534246575342,9.6
SPXW260702C07800000,2026-06-08 15:23:23+00:00,7800.0,9.0,8.8,9.1,3.19,54.905334,68.0,628.0,0.1245052149963379,False,REGULAR,USD,2026-07-02,7451.7001953125,0.03625,call,1.0467409846824751,0.0657534246575342,8.95
SPXW260702C07810000,2026-06-05 20:03:31+00:00,7810.0,6.78,7.3,7.7,1.5800004,30.384624,1.0,27.0,0.1221706436157226,False,REGULAR,USD,2026-07-02,7451.7001953125,0.03625,call,1.048082960303863,0.0657534246575342,7.5
SPXW260702C07820000,2026-06-08 15:14:54+00:00,7820.0,7.35,6.9,7.2,2.13,40.804604,3.0,36.0,0.1228115063476562,False,REGULAR,USD,2026-07-02,7451.7001953125,0.03625,call,1.049424935925251,0.0657534246575342,7.050000000000001
SPXW260702C07825000,2026-06-08 15:14:54+00:00,7825.0,6.95,6.3,6.6,2.0699997,42.418026,11.0,328.0,0.1216747379302978,False,REGULAR,USD,2026-07-02,7451.7001953125,0.03625,call,1.0500959237359448,0.0657534246575342,6.449999999999999
SPXW260702C07830000,2026-06-08 15:00:59+00:00,7830.0,6.53,5.9,6.4,2.44,59.6577,23.0,114.0,0.122079091796875,False,REGULAR,USD,2026-07-02,7451.7001953125,0.03625,call,1.0507669115466387,0.0657534246575342,6.15
SPXW260702C07850000,2026-06-08 15:00:59+00:00,7850.0,5.2,5.0,5.3,1.4999998,40.54053,9.0,519.0,0.1220180572509765,False,REGULAR,USD,2026-07-02,7451.7001953125,0.03625,call,1.0534508627894144,0.0657534246575342,5.15
SPXW260702C07875000,2026-06-08 15:00:59+00:00,7875.0,3.98,3.6,3.9,1.3399999,50.75757,15.0,143.0,0.120476934967041,False,REGULAR,USD,2026-07-02,7451.7001953125,0.03625,call,1.0568058018428836,0.0657534246575342,3.75
SPXW260702C07900000,2026-06-08 14:39:37+00:00,7900.0,2.58,2.8,3.1,0.5799999,28.999996,20.0,672.0,0.1209423233795166,False,REGULAR,USD,2026-07-02,7451.7001953125,0.03625,call,1.0601607408963531,0.0657534246575342,2.95
SPXW260702C07925000,2026-06-08 14:18:42+00:00,7925.0,1.75,2.15,2.35,0.21000004,13.636367,1.0,171.0,0.120553228149414,False,REGULAR,USD,2026-07-02,7451.7001953125,0.03625,call,1.0635156799498229,0.0657534246575342,2.25
SPXW260702C07950000,2026-06-08 14:42:17+00:00,7950.0,1.49,1.65,1.85,0.44000006,41.90477,23.0,223.0,0.1210415045166015,False,REGULAR,USD,2026-07-02,7451.7001953125,0.03625,call,1.0668706190032922,0.0657534246575342,1.75
SPXW260702C07975000,2026-06-05 19:48:29+00:00,7975.0,1.19,1.3,1.45,0.0,0.0,509.0,539.0,0.121529780883789,False,REGULAR,USD,2026-07-02,7451.7001953125,0.03625,call,1.0702255580567617,0.0657534246575342,1.375
SPXW260702C08000000,2026-06-08 14:39:37+00:00,8000.0,0.97,1.05,1.2,0.02000004,2.1052675,4.0,279.0,0.1229946099853515,False,REGULAR,USD,2026-07-02,7451.7001953125,0.03625,call,1.0735804971102312,0.0657534246575342,1.125
SPXW260702C08025000,2026-06-05 19:46:25+00:00,8025.0,0.78,0.85,1.05,0.0,0.0,6.0,56.0,0.1253444400024414,False,REGULAR,USD,2026-07-02,7451.7001953125,0.03625,call,1.076935436163701,0.0657534246575342,0.95
SPXW260702C08050000,2026-06-05 19:58:03+00:00,8050.0,0.6,0.7,0.85,0.0,0.0,1558.0,1061.0,0.1263820272827148,False,REGULAR,USD,2026-07-02,7451.7001953125,0.03625,call,1.08029037521717,0.0657534246575342,0.7749999999999999
SPXW260706C07400000,2026-06-08 14:52:25+00:00,7400.0,168.03,164.6,165.4,42.739998,34.112858,3.0,38.0,0.1650245241546631,True,REGULAR,USD,2026-07-06,7451.7001953125,0.03625,call,0.9930619598269638,0.0767123287671232,165.0
SPXW260706C07410000,2026-06-08 08:22:42+00:00,7410.0,138.89,160.4,161.2,-9.410004,-6.3452487,2.0,2.0,0.1665313145065308,True,REGULAR,USD,2026-07-06,7451.7001953125,0.03625,call,0.9944039354483516,0.0767123287671232,160.8
SPXW260706C07420000,2026-06-08 14:45:43+00:00,7420.0,149.18,150.2,151.2,-101.3,-40.442352,1.0,2.0,0.1609199509429932,True,REGULAR,USD,2026-07-06,7451.7001953125,0.03625,call,0.9957459110697392,0.0767123287671232,150.7
SPXW260706C07425000,2026-06-08 14:42:21+00:00,7425.0,140.8,150.6,151.2,9.610001,7.325254,3.0,2.0,0.1640746740341186,True,REGULAR,USD,2026-07-06,7451.7001953125,0.03625,call,0.9964168988804332,0.0767123287671232,150.89999999999998
SPXW260706C07430000,2026-06-08 13:42:13+00:00,7430.0,136.02,144.2,146.0,-6.7099915,-4.701178,10.0,1.0,0.1609561902046203,True,REGULAR,USD,2026-07-06,7451.7001953125,0.03625,call,0.9970878866911272,0.0767123287671232,145.1
SPXW260706C07440000,2026-06-08 14:35:38+00:00,7440.0,135.9,136.4,137.6,9.799995,7.771606,6.0,1.0,0.1570251839828491,True,REGULAR,USD,2026-07-06,7451.7001953125,0.03625,call,0.998429862312515,0.0767123287671232,137.0
SPXW260706C07450000,2026-06-08 15:05:19+00:00,7450.0,137.33,130.6,131.9,39.35,40.161255,21.0,51.0,0.1561859589767456,True,REGULAR,USD,2026-07-06,7451.7001953125,0.03625,call,0.9997718379339028,0.0767123287671232,131.25
SPXW260706C07460000,2026-06-08 14:36:34+00:00,7460.0,126.07,125.2,126.2,-8.129997,-6.0581207,40.0,3.0,0.1552036842536926,False,REGULAR,USD,2026-07-06,7451.7001953125,0.03625,call,1.0011138135552906,0.0767123287671232,125.7
SPXW260706C07470000,2026-06-05 18:30:03+00:00,7470.0,128.07,120.6,121.5,13.000008,11.297478,1.0,7.0,0.1552685334587097,False,REGULAR,USD,2026-07-06,7451.7001953125,0.03625,call,1.0024557891766783,0.0767123287671232,121.05
SPXW260706C07475000,2026-06-08 15:29:41+00:00,7475.0,117.0,117.0,117.6,27.099998,29.171148,28.0,1627.0,0.1533955358314514,False,REGULAR,USD,2026-07-06,7451.7001953125,0.03625,call,1.0031267769873722,0.0767123287671232,117.3
SPXW260706C07480000,2026-06-08 15:06:36+00:00,7480.0,122.2,116.1,116.9,-0.7700043,-0.6261724,30.0,7.0,0.1553085873794555,False,REGULAR,USD,2026-07-06,7451.7001953125,0.03625,call,1.003797764798066,0.0767123287671232,116.5
SPXW260706C07490000,2026-06-08 03:43:37+00:00,7490.0,96.0,106.9,107.6,-3.699997,-3.7111304,1.0,11.0,0.1495694327354431,False,REGULAR,USD,2026-07-06,7451.7001953125,0.03625,call,1.005139740419454,0.0767123287671232,107.25
SPXW260706C07500000,2026-06-08 14:47:12+00:00,7500.0,104.91,102.4,104.5,30.18,40.385387,5.0,1623.0,0.1511048330307007,False,REGULAR,USD,2026-07-06,7451.7001953125,0.03625,call,1.0064817160408417,0.0767123287671232,103.45
SPXW260706C07510000,2026-06-08 14:59:04+00:00,7510.0,102.45,98.8,99.7,-5.9100037,-5.4540453,43.0,18.0,0.1504468043327332,False,REGULAR,USD,2026-07-06,7451.7001953125,0.03625,call,1.0078236916622294,0.0767123287671232,99.25
SPXW260706C07520000,2026-06-08 14:47:07+00:00,7520.0,93.32,92.2,92.8,27.75,42.321182,42.0,7.0,0.1470803676605225,False,REGULAR,USD,2026-07-06,7451.7001953125,0.03625,call,1.0091656672836171,0.0767123287671232,92.5
SPXW260706C07525000,2026-06-08 14:42:21+00:00,7525.0,83.98,89.6,90.2,20.380005,32.044033,5.0,84.0,0.1463613044166564,False,REGULAR,USD,2026-07-06,7451.7001953125,0.03625,call,1.0098366550943112,0.0767123287671232,89.9
SPXW260706C07530000,2026-06-05 20:12:41+00:00,7530.0,61.6,86.6,87.2,0.0,0.0,12.0,90.0,0.1451081888961792,False,REGULAR,USD,2026-07-06,7451.7001953125,0.03625,call,1.010507642905005,0.0767123287671232,86.9
SPXW260706C07540000,2026-06-08 14:57:37+00:00,7540.0,85.0,81.9,82.6,17.099998,25.184092,20.0,98.0,0.1441869487190246,False,REGULAR,USD,2026-07-06,7451.7001953125,0.03625,call,1.0118496185263928,0.0767123287671232,82.25
SPXW260706C07550000,2026-06-08 14:46:47+00:00,7550.0,83.0,77.2,77.8,16.629997,25.056498,464.0,135.0,0.142844188709259,False,REGULAR,USD,2026-07-06,7451.7001953125,0.03625,call,1.0131915941477807,0.0767123287671232,77.5
SPXW260706C07560000,2026-06-08 14:36:11+00:00,7560.0,71.29,72.5,73.3,20.89,41.44841,2.0,34.0,0.1416959763145446,False,REGULAR,USD,2026-07-06,7451.7001953125,0.03625,call,1.0145335697691684,0.0767123287671232,72.9
SPXW260706C07570000,2026-06-05 20:12:41+00:00,7570.0,47.0,67.6,68.2,0.0,0.0,5.0,22.0,0.1395940991401672,False,REGULAR,USD,2026-07-06,7451.7001953125,0.03625,call,1.015875545390556,0.0767123287671232,67.9
SPXW260706C07575000,2026-06-08 15:10:13+00:00,7575.0,70.83,65.6,66.3,25.530003,56.357624,297.0,179.0,0.1393022777175903,False,REGULAR,USD,2026-07-06,7451.7001953125,0.03625,call,1.01654653320125,0.0767123287671232,65.94999999999999
SPXW260706C07580000,2026-06-08 14:26:46+00:00,7580.0,61.08,64.2,64.8,-8.900002,-12.71792,3.0,17.0,0.1394853813552856,False,REGULAR,USD,2026-07-06,7451.7001953125,0.03625,call,1.017217521011944,0.0767123287671232,64.5
SPXW260706C07590000,2026-06-05 17:30:26+00:00,7590.0,57.0,60.2,60.8,-9.57,-14.375845,1.0,25.0,0.1384210914611816,False,REGULAR,USD,2026-07-06,7451.7001953125,0.03625,call,1.0185594966333318,0.0767123287671232,60.5
SPXW260706C07600000,2026-06-05 20:01:47+00:00,7600.0,41.64,55.8,56.6,0.0,0.0,90.0,222.0,0.1368952278137207,False,REGULAR,USD,2026-07-06,7451.7001953125,0.03625,call,1.0199014722547195,0.0767123287671232,56.2
SPXW260706C07610000,2026-06-08 14:45:46+00:00,7610.0,50.74,51.9,52.4,1.4099998,2.858301,8.0,11.0,0.1351481139373779,False,REGULAR,USD,2026-07-06,7451.7001953125,0.03625,call,1.0212434478761074,0.0767123287671232,52.15
SPXW260706C07620000,2026-06-08 14:47:23+00:00,7620.0,49.55,48.6,49.2,8.759998,21.475847,10.0,7.0,0.1345682857513428,False,REGULAR,USD,2026-07-06,7451.7001953125,0.03625,call,1.0225854234974951,0.0767123287671232,48.900000000000006
SPXW260706C07625000,2026-06-08 14:50:57+00:00,7625.0,45.79,46.3,47.3,11.330002,32.878708,66.0,74.0,0.1337824659729004,False,REGULAR,USD,2026-07-06,7451.7001953125,0.03625,call,1.023256411308189,0.0767123287671232,46.8
SPXW260706C07630000,2026-06-08 15:03:02+00:00,7630.0,48.8,45.4,46.0,11.0,29.10053,5.0,79.0,0.1338015392684936,False,REGULAR,USD,2026-07-06,7451.7001953125,0.03625,call,1.0239273991188829,0.0767123287671232,45.7
SPXW260706C07640000,2026-06-05 17:25:05+00:00,7640.0,46.95,41.8,42.2,0.0,0.0,11.0,14.0,0.1319476149368286,False,REGULAR,USD,2026-07-06,7451.7001953125,0.03625,call,1.0252693747402708,0.0767123287671232,42.0
SPXW260706C07650000,2026-06-08 14:46:19+00:00,7650.0,38.18,39.0,40.2,4.9799995,14.999998,14.0,174.0,0.1325541457366943,False,REGULAR,USD,2026-07-06,7451.7001953125,0.03625,call,1.0266113503616583,0.0767123287671232,39.6
SPXW260706C07660000,2026-06-05 19:58:31+00:00,7660.0,29.6,35.8,36.3,0.0,0.0,18.0,23.0,0.1300784319686889,False,REGULAR,USD,2026-07-06,7451.7001953125,0.03625,call,1.0279533259830462,0.0767123287671232,36.05
SPXW260706C07670000,2026-06-08 15:03:02+00:00,7670.0,35.95,33.2,33.7,7.700001,27.25664,11.0,8.0,0.1293689053726196,False,REGULAR,USD,2026-07-06,7451.7001953125,0.03625,call,1.0292953016044342,0.0767123287671232,33.45
SPXW260706C07675000,2026-06-08 15:08:40+00:00,7675.0,34.91,31.8,32.3,8.33,31.339354,7.0,97.0,0.1287700038909912,False,REGULAR,USD,2026-07-06,7451.7001953125,0.03625,call,1.029966289415128,0.0767123287671232,32.05
SPXW260706C07680000,2026-06-08 14:20:06+00:00,7680.0,27.59,30.5,31.0,-47.95,-63.476303,1.0,2.0,0.128277912864685,False,REGULAR,USD,2026-07-06,7451.7001953125,0.03625,call,1.030637277225822,0.0767123287671232,30.75
SPXW260706C07700000,2026-06-08 15:04:10+00:00,7700.0,27.51,26.0,26.4,6.4699993,30.750946,19.0,666.0,0.1267673078536987,False,REGULAR,USD,2026-07-06,7451.7001953125,0.03625,call,1.0333212284685975,0.0767123287671232,26.2
SPXW260706C07725000,2026-06-08 15:04:10+00:00,7725.0,22.1,21.8,22.2,5.300001,31.547628,35.0,111.0,0.1265651309204101,False,REGULAR,USD,2026-07-06,7451.7001953125,0.03625,call,1.0366761675220668,0.0767123287671232,22.0
SPXW260706C07750000,2026-06-08 14:39:00+00:00,7750.0,15.53,17.1,17.5,4.5599995,41.567905,16.0,192.0,0.1240779731750488,False,REGULAR,USD,2026-07-06,7451.7001953125,0.03625,call,1.0400311065755363,0.0767123287671232,17.3
SPXW260706C07775000,2026-06-08 14:56:23+00:00,7775.0,12.53,12.9,13.5,3.9099998,45.35963,6.0,88.0,0.1214916342926025,False,REGULAR,USD,2026-07-06,7451.7001953125,0.03625,call,1.0433860456290058,0.0767123287671232,13.2
SPXW260706C07800000,2026-06-08 15:18:53+00:00,7800.0,11.05,10.1,10.4,2.5500002,30.000002,19.0,228.0,0.1195080115509033,False,REGULAR,USD,2026-07-06,7451.7001953125,0.03625,call,1.0467409846824751,0.0767123287671232,10.25
SPXW260706C07825000,2026-06-08 14:59:35+00:00,7825.0,8.35,7.7,8.1,1.9200006,29.86004,7.0,156.0,0.1183330965423584,False,REGULAR,USD,2026-07-06,7451.7001953125,0.03625,call,1.0500959237359448,0.0767123287671232,7.9
SPXW260706C07850000,2026-06-08 14:45:44+00:00,7850.0,5.96,6.2,6.5,1.3200002,28.44828,10.0,173.0,0.1182644326782226,False,REGULAR,USD,2026-07-06,7451.7001953125,0.03625,call,1.0534508627894144,0.0767123287671232,6.35
SPXW260706C07875000,2026-06-08 14:45:44+00:00,7875.0,4.44,4.7,5.1,1.44,48.0,12.0,169.0,0.1178219322204589,False,REGULAR,USD,2026-07-06,7451.7001953125,0.03625,call,1.0568058018428836,0.0767123287671232,4.9
SPXW260706C07900000,2026-06-05 20:03:22+00:00,7900.0,2.43,3.6,3.9,0.0,0.0,38.0,125.0,0.1170284831237792,False,REGULAR,USD,2026-07-06,7451.7001953125,0.03625,call,1.0601607408963531,0.0767123287671232,3.75
SPXW260706C07925000,2026-06-08 14:19:35+00:00,7925.0,2.27,2.8,3.1,0.39999998,21.390371,10.0,41.0,0.1172573626708984,False,REGULAR,USD,2026-07-06,7451.7001953125,0.03625,call,1.0635156799498229,0.0767123287671232,2.95
SPXW260706C07950000,2026-06-08 08:40:50+00:00,7950.0,2.07,2.15,2.4,-0.24000001,-10.38961,10.0,44.0,0.1170742590332031,False,REGULAR,USD,2026-07-06,7451.7001953125,0.03625,call,1.0668706190032922,0.0767123287671232,2.275
SPXW260706C07975000,2026-06-05 15:07:23+00:00,7975.0,1.85,1.65,1.85,-0.51999986,-21.940924,1.0,34.0,0.1169674485778808,False,REGULAR,USD,2026-07-06,7451.7001953125,0.03625,call,1.0702255580567617,0.0767123287671232,1.75
SPXW260706C08000000,2026-06-08 14:36:25+00:00,8000.0,1.25,1.25,1.55,0.45,56.25,1.0,95.0,0.1183865017700195,False,REGULAR,USD,2026-07-06,7451.7001953125,0.03625,call,1.0735804971102312,0.0767123287671232,1.4
SPXW260706C08025000,2026-06-05 18:59:57+00:00,8025.0,0.9,1.1,1.25,0.0,0.0,19.0,28.0,0.1191494335937499,False,REGULAR,USD,2026-07-06,7451.7001953125,0.03625,call,1.076935436163701,0.0767123287671232,1.175
SPXW260706C08050000,2026-06-08 14:36:25+00:00,8050.0,0.85,0.85,1.05,0.15000004,21.428577,1.0,47.0,0.1205837454223632,False,REGULAR,USD,2026-07-06,7451.7001953125,0.03625,call,1.08029037521717,0.0767123287671232,0.95
SPXW260706C08100000,2026-06-05 19:44:38+00:00,8100.0,0.75,0.65,0.8,0.14999998,24.999996,4.0,17.0,0.1245509909057617,False,REGULAR,USD,2026-07-06,7451.7001953125,0.03625,call,1.087000253324109,0.0767123287671232,0.7250000000000001
SPXW260707C07400000,2026-06-05 14:27:19+00:00,7400.0,205.63,170.4,171.3,0.0,0.0,1.0,3.0,0.1692740544128418,True,REGULAR,USD,2026-07-07,7451.7001953125,0.03625,call,0.9930619598269638,0.0794520547945205,170.85000000000002
SPXW260707C07410000,2026-06-05 16:01:01+00:00,7410.0,180.6,160.8,161.7,0.0,0.0,1.0,1.0,0.1643245342063903,True,REGULAR,USD,2026-07-07,7451.7001953125,0.03625,call,0.9944039354483516,0.0794520547945205,161.25
SPXW260707C07420000,2026-06-08 14:25:43+00:00,7420.0,149.2,153.9,155.0,19.699997,15.212354,4.0,2.0,0.1627033040809631,True,REGULAR,USD,2026-07-07,7451.7001953125,0.03625,call,0.9957459110697392,0.0794520547945205,154.45
SPXW260707C07425000,2026-06-05 16:04:34+00:00,7425.0,172.2,152.7,153.3,0.0,0.0,4.0,2.0,0.1637923892593384,True,REGULAR,USD,2026-07-07,7451.7001953125,0.03625,call,0.9964168988804332,0.0794520547945205,153.0
SPXW260707C07430000,2026-06-05 19:54:09+00:00,7430.0,131.2,147.4,148.1,0.0,0.0,2.0,3.0,0.1607215886688232,True,REGULAR,USD,2026-07-07,7451.7001953125,0.03625,call,0.9970878866911272,0.0794520547945205,147.75
SPXW260707C07440000,2026-06-08 14:05:01+00:00,7440.0,131.7,144.1,144.7,-30.600006,-18.853977,10.0,1.0,0.1627280993652343,True,REGULAR,USD,2026-07-07,7451.7001953125,0.03625,call,0.998429862312515,0.0794520547945205,144.39999999999998
SPXW260707C07450000,2026-06-05 16:45:39+00:00,7450.0,142.46,134.4,135.0,0.0,0.0,3.0,566.0,0.1571968436431885,True,REGULAR,USD,2026-07-07,7451.7001953125,0.03625,call,0.9997718379339028,0.0794520547945205,134.7
SPXW260707C07460000,2026-06-05 16:05:27+00:00,7460.0,145.5,129.1,129.9,0.0,0.0,3.0,1.0,0.1569336321640014,False,REGULAR,USD,2026-07-07,7451.7001953125,0.03625,call,1.0011138135552906,0.0794520547945205,129.5
SPXW260707C07475000,2026-06-05 16:05:27+00:00,7475.0,136.2,119.8,120.6,0.0,0.0,5.0,405.0,0.1543396639633178,False,REGULAR,USD,2026-07-07,7451.7001953125,0.03625,call,1.0031267769873722,0.0794520547945205,120.2
SPXW260707C07480000,2026-06-05 17:54:55+00:00,7480.0,125.17,117.9,118.5,0.0,0.0,13.0,11.0,0.1545780801582336,False,REGULAR,USD,2026-07-07,7451.7001953125,0.03625,call,1.003797764798066,0.0794520547945205,118.2
SPXW260707C07490000,2026-06-05 18:19:54+00:00,7490.0,110.36,110.9,111.9,1.8600006,1.7142863,1.0,12.0,0.1521233470153808,False,REGULAR,USD,2026-07-07,7451.7001953125,0.03625,call,1.005139740419454,0.0794520547945205,111.4
SPXW260707C07500000,2026-06-08 14:44:01+00:00,7500.0,99.34,105.0,105.9,11.839996,13.5314245,6.0,910.0,0.1502198321151733,False,REGULAR,USD,2026-07-07,7451.7001953125,0.03625,call,1.0064817160408417,0.0794520547945205,105.45
SPXW260707C07510000,2026-06-08 14:44:01+00:00,7510.0,94.09,100.5,101.3,-36.520004,-27.96111,3.0,8.0,0.1498192929077148,False,REGULAR,USD,2026-07-07,7451.7001953125,0.03625,call,1.0078236916622294,0.0794520547945205,100.9
SPXW260707C07520000,2026-06-05 13:46:52+00:00,7520.0,128.8,97.4,98.1,0.0,0.0,2.0,16.0,0.150942710018158,False,REGULAR,USD,2026-07-07,7451.7001953125,0.03625,call,1.0091656672836171,0.0794520547945205,97.75
SPXW260707C07525000,2026-06-05 19:16:05+00:00,7525.0,91.33,92.7,93.3,15.93,21.127321,1.0,78.0,0.1476201419258117,False,REGULAR,USD,2026-07-07,7451.7001953125,0.03625,call,1.0098366550943112,0.0794520547945205,93.0
SPXW260707C07530000,2026-06-04 13:44:21+00:00,7530.0,89.11,92.3,93.0,-49.39,-35.66065,1.0,0.0,0.1496514479064941,False,REGULAR,USD,2026-07-07,7451.7001953125,0.03625,call,1.010507642905005,0.0794520547945205,92.65
SPXW260707C07550000,2026-06-08 14:36:25+00:00,7550.0,79.31,79.9,81.0,-5.709999,-6.7160654,1.0,8.0,0.1443681450271606,False,REGULAR,USD,2026-07-07,7451.7001953125,0.03625,call,1.0131915941477807,0.0794520547945205,80.45
SPXW260707C07560000,2026-06-05 17:57:15+00:00,7560.0,82.39,75.4,77.4,0.0,0.0,1.0,8.0,0.1443986623001099,False,REGULAR,USD,2026-07-07,7451.7001953125,0.03625,call,1.0145335697691684,0.0794520547945205,76.4
SPXW260707C07570000,2026-06-08 08:33:55+00:00,7570.0,61.3,71.1,72.1,1.5599976,2.6113114,11.0,3.0,0.1421499207496643,False,REGULAR,USD,2026-07-07,7451.7001953125,0.03625,call,1.015875545390556,0.0794520547945205,71.6
SPXW260707C07575000,2026-06-08 13:57:27+00:00,7575.0,65.09,69.2,69.8,-47.520004,-42.198742,21.0,4.0,0.1413888962554932,False,REGULAR,USD,2026-07-07,7451.7001953125,0.03625,call,1.01654653320125,0.0794520547945205,69.5
SPXW260707C07580000,2026-06-05 19:58:54+00:00,7580.0,55.5,68.4,68.9,0.0,0.0,2.0,4.0,0.1423616343307495,False,REGULAR,USD,2026-07-07,7451.7001953125,0.03625,call,1.017217521011944,0.0794520547945205,68.65
SPXW260707C07590000,2026-06-05 18:11:43+00:00,7590.0,64.5,62.4,64.0,0.0,0.0,11.0,6.0,0.1402368692016601,False,REGULAR,USD,2026-07-07,7451.7001953125,0.03625,call,1.0185594966333318,0.0794520547945205,63.2
SPXW260707C07600000,2026-06-08 15:15:13+00:00,7600.0,62.72,58.6,59.2,11.720001,22.980394,29.0,661.0,0.1380205522537231,False,REGULAR,USD,2026-07-07,7451.7001953125,0.03625,call,1.0199014722547195,0.0794520547945205,58.900000000000006
SPXW260707C07610000,2026-06-05 19:59:02+00:00,7610.0,44.6,56.2,56.8,0.0,0.0,1.0,9.0,0.1387815767478943,False,REGULAR,USD,2026-07-07,7451.7001953125,0.03625,call,1.0212434478761074,0.0794520547945205,56.5
SPXW260707C07640000,2026-06-08 15:10:40+00:00,7640.0,48.3,44.5,45.1,1.25,2.6567483,6.0,5.0,0.1339064423942566,False,REGULAR,USD,2026-07-07,7451.7001953125,0.03625,call,1.0252693747402708,0.0794520547945205,44.8
SPXW260707C07650000,2026-06-08 14:36:25+00:00,7650.0,40.31,41.2,41.8,-5.779999,-12.540679,1.0,33.0,0.1326876588058471,False,REGULAR,USD,2026-07-07,7451.7001953125,0.03625,call,1.0266113503616583,0.0794520547945205,41.5
SPXW260707C07670000,2026-06-05 19:03:50+00:00,7670.0,30.8,35.5,36.1,0.0,0.0,13.0,13.0,0.1309519889068603,False,REGULAR,USD,2026-07-07,7451.7001953125,0.03625,call,1.0292953016044342,0.0794520547945205,35.8
SPXW260707C07700000,2026-06-08 15:03:09+00:00,7700.0,30.1,27.4,28.1,9.1,43.333336,15.0,61.0,0.1275912742233276,False,REGULAR,USD,2026-07-07,7451.7001953125,0.03625,call,1.0333212284685975,0.0794520547945205,27.75
SPXW260707C07725000,2026-06-08 14:55:29+00:00,7725.0,22.44,22.6,23.1,0.7900009,3.6489651,1.0,33.0,0.126149333076477,False,REGULAR,USD,2026-07-07,7451.7001953125,0.03625,call,1.0366761675220668,0.0794520547945205,22.85
SPXW260707C07750000,2026-06-08 13:49:19+00:00,7750.0,16.2,18.1,18.5,1.6300011,11.187379,7.0,74.0,0.1241275637435913,False,REGULAR,USD,2026-07-07,7451.7001953125,0.03625,call,1.0400311065755363,0.0794520547945205,18.3
SPXW260707C07775000,2026-06-05 19:41:36+00:00,7775.0,11.53,14.3,14.8,0.0,0.0,8.0,76.0,0.122605514755249,False,REGULAR,USD,2026-07-07,7451.7001953125,0.03625,call,1.0433860456290058,0.0794520547945205,14.55
SPXW260707C07800000,2026-06-08 13:49:19+00:00,7800.0,11.0,11.8,12.2,1.9700003,21.816172,5.0,23.0,0.1224758163452148,False,REGULAR,USD,2026-07-07,7451.7001953125,0.03625,call,1.0467409846824751,0.0794520547945205,12.0
SPXW260707C07825000,2026-06-08 12:30:15+00:00,7825.0,10.4,9.0,9.3,0.049999237,0.4830844,2.0,31.0,0.1202213528060913,False,REGULAR,USD,2026-07-07,7451.7001953125,0.03625,call,1.0500959237359448,0.0794520547945205,9.15
SPXW260707C07850000,2026-06-05 17:33:30+00:00,7850.0,7.6,6.8,7.2,0.0,0.0,44.0,48.0,0.1189052954101562,False,REGULAR,USD,2026-07-07,7451.7001953125,0.03625,call,1.0534508627894144,0.0794520547945205,7.0
SPXW260707C07875000,2026-06-05 20:02:29+00:00,7875.0,3.4,5.2,5.6,0.0,0.0,126.0,117.0,0.1180584410858154,False,REGULAR,USD,2026-07-07,7451.7001953125,0.03625,call,1.0568058018428836,0.0794520547945205,5.4
SPXW260707C07900000,2026-06-05 18:54:26+00:00,7900.0,3.6,4.2,4.5,0.0,0.0,1.0,23.0,0.1181957688140869,False,REGULAR,USD,2026-07-07,7451.7001953125,0.03625,call,1.0601607408963531,0.0794520547945205,4.35
SPXW260707C07925000,2026-06-05 16:46:24+00:00,7925.0,3.62,3.2,3.6,0.0,0.0,9.0,8.0,0.1183559844970703,False,REGULAR,USD,2026-07-07,7451.7001953125,0.03625,call,1.0635156799498229,0.0794520547945205,3.4000000000000004
SPXW260707C07950000,2026-06-08 14:18:27+00:00,7950.0,2.05,2.45,2.7,-0.71000004,-25.724638,1.0,12.0,0.1173489144897461,False,REGULAR,USD,2026-07-07,7451.7001953125,0.03625,call,1.0668706190032922,0.0794520547945205,2.575
SPXW260707C07975000,2026-06-05 14:00:56+00:00,7975.0,2.87,1.95,2.15,0.0,0.0,1.0,2.0,0.1176846044921875,False,REGULAR,USD,2026-07-07,7451.7001953125,0.03625,call,1.0702255580567617,0.0794520547945205,2.05
SPXW260707C08000000,2026-06-05 17:39:38+00:00,8000.0,1.7,1.6,1.8,0.0,0.0,6.0,102.0,0.1189815885925292,False,REGULAR,USD,2026-07-07,7451.7001953125,0.03625,call,1.0735804971102312,0.0794520547945205,1.7000000000000002
SPXW260707C08100000,2026-06-05 17:30:21+00:00,8100.0,0.68,0.7,0.9,0.0,0.0,3.0,9.0,0.1242763354492187,False,REGULAR,USD,2026-07-07,7451.7001953125,0.03625,call,1.087000253324109,0.0794520547945205,0.8
SPXW260708C07400000,2026-06-08 15:27:12+00:00,7400.0,174.0,170.9,171.4,22.720001,15.018509,24.0,35.0,0.1666381249618531,True,REGULAR,USD,2026-07-08,7451.7001953125,0.03625,call,0.9930619598269638,0.0821917808219178,171.15
SPXW260708C07410000,2026-06-05 15:22:28+00:00,7410.0,193.0,167.0,167.7,0.0,0.0,1.0,1.0,0.1686446356582642,True,REGULAR,USD,2026-07-08,7451.7001953125,0.03625,call,0.9944039354483516,0.0821917808219178,167.35
SPXW260708C07420000,2026-06-08 04:58:55+00:00,7420.0,135.23,156.8,157.5,-50.809998,-27.311333,1.0,1.0,0.1629607935714722,True,REGULAR,USD,2026-07-08,7451.7001953125,0.03625,call,0.9957459110697392,0.0821917808219178,157.15
SPXW260708C07425000,2026-06-08 14:00:06+00:00,7425.0,149.1,154.3,154.8,-27.299988,-15.476184,14.0,2.0,0.1628673344230652,True,REGULAR,USD,2026-07-08,7451.7001953125,0.03625,call,0.9964168988804332,0.0821917808219178,154.55
SPXW260708C07430000,2026-06-08 14:06:36+00:00,7430.0,144.3,151.0,151.5,-26.0,-15.267176,2.0,2.0,0.1620471827125549,True,REGULAR,USD,2026-07-08,7451.7001953125,0.03625,call,0.9970878866911272,0.0821917808219178,151.25
SPXW260708C07440000,2026-06-05 16:04:32+00:00,7440.0,165.3,144.8,145.4,0.0,0.0,3.0,1.0,0.1608894336700439,True,REGULAR,USD,2026-07-08,7451.7001953125,0.03625,call,0.998429862312515,0.0821917808219178,145.10000000000002
SPXW260708C07450000,2026-06-08 14:36:06+00:00,7450.0,134.31,137.5,138.1,-24.39,-15.36862,74.0,2.0,0.1582191722869873,True,REGULAR,USD,2026-07-08,7451.7001953125,0.03625,call,0.9997718379339028,0.0821917808219178,137.8
SPXW260708C07460000,2026-06-08 14:04:10+00:00,7460.0,123.65,133.8,134.5,-25.450005,-17.069084,3.0,0.0,0.1596916307067871,False,REGULAR,USD,2026-07-08,7451.7001953125,0.03625,call,1.0011138135552906,0.0821917808219178,134.15
SPXW260708C07470000,2026-06-08 15:18:20+00:00,7470.0,132.07,127.2,127.8,-10.529999,-7.3842907,2.0,1.0,0.1574486111450195,False,REGULAR,USD,2026-07-08,7451.7001953125,0.03625,call,1.0024557891766783,0.0821917808219178,127.5
SPXW260708C07480000,2026-06-08 11:15:02+00:00,7480.0,120.2,122.1,122.7,-13.229996,-9.915308,1.0,6.0,0.1569202808570862,False,REGULAR,USD,2026-07-08,7451.7001953125,0.03625,call,1.003797764798066,0.0821917808219178,122.4
SPXW260708C07500000,2026-06-08 15:18:20+00:00,7500.0,114.42,109.2,110.8,19.419998,20.442102,3.0,654.0,0.1534756436729431,False,REGULAR,USD,2026-07-08,7451.7001953125,0.03625,call,1.0064817160408417,0.0821917808219178,110.0
SPXW260708C07510000,2026-06-05 16:05:27+00:00,7510.0,118.5,103.9,104.7,0.0,0.0,3.0,3.0,0.1513546932029724,False,REGULAR,USD,2026-07-08,7451.7001953125,0.03625,call,1.0078236916622294,0.0821917808219178,104.3
SPXW260708C07520000,2026-06-08 13:58:17+00:00,7520.0,90.9,97.5,98.4,5.0,5.8207216,15.0,18.0,0.1488389255142211,False,REGULAR,USD,2026-07-08,7451.7001953125,0.03625,call,1.0091656672836171,0.0821917808219178,97.95
SPXW260708C07525000,2026-06-05 16:05:27+00:00,7525.0,110.1,96.0,96.7,0.0,0.0,7.0,564.0,0.1492261134147644,False,REGULAR,USD,2026-07-08,7451.7001953125,0.03625,call,1.0098366550943112,0.0821917808219178,96.35
SPXW260708C07530000,2026-06-05 16:05:27+00:00,7530.0,107.2,93.0,94.9,0.0,0.0,3.0,4.0,0.1494626222801208,False,REGULAR,USD,2026-07-08,7451.7001953125,0.03625,call,1.010507642905005,0.0821917808219178,93.95
SPXW260708C07540000,2026-06-08 15:13:00+00:00,7540.0,94.17,88.3,88.8,-7.830002,-7.676472,1.0,3.0,0.1468591174316406,False,REGULAR,USD,2026-07-08,7451.7001953125,0.03625,call,1.0118496185263928,0.0821917808219178,88.55
SPXW260708C07550000,2026-06-05 16:03:18+00:00,7550.0,98.7,83.7,84.3,0.0,0.0,8.0,136.0,0.1459931898117065,False,REGULAR,USD,2026-07-08,7451.7001953125,0.03625,call,1.0131915941477807,0.0821917808219178,84.0
SPXW260708C07560000,2026-06-05 16:03:18+00:00,7560.0,93.6,79.2,79.8,0.0,0.0,1.0,1.0,0.144967046508789,False,REGULAR,USD,2026-07-08,7451.7001953125,0.03625,call,1.0145335697691684,0.0821917808219178,79.5
SPXW260708C07570000,2026-06-05 16:03:18+00:00,7570.0,88.5,74.4,75.0,0.0,0.0,1.0,17.0,0.1434087582588195,False,REGULAR,USD,2026-07-08,7451.7001953125,0.03625,call,1.015875545390556,0.0821917808219178,74.7
SPXW260708C07575000,2026-06-08 04:58:55+00:00,7575.0,58.76,71.7,72.3,-99.86,-62.955494,1.0,7.0,0.1421899746704101,False,REGULAR,USD,2026-07-08,7451.7001953125,0.03625,call,1.01654653320125,0.0821917808219178,72.0
SPXW260708C07580000,2026-06-05 16:03:18+00:00,7580.0,83.4,68.8,69.6,0.0,0.0,3.0,5.0,0.1409196931838989,False,REGULAR,USD,2026-07-08,7451.7001953125,0.03625,call,1.017217521011944,0.0821917808219178,69.19999999999999
SPXW260708C07600000,2026-06-08 15:06:38+00:00,7600.0,66.5,61.4,62.0,21.5,47.77778,26.0,44.0,0.1393862002182007,False,REGULAR,USD,2026-07-08,7451.7001953125,0.03625,call,1.0199014722547195,0.0821917808219178,61.7
SPXW260708C07625000,2026-06-05 13:58:59+00:00,7625.0,71.9,52.4,53.3,0.0,0.0,1.0,2.0,0.1375437198638916,False,REGULAR,USD,2026-07-08,7451.7001953125,0.03625,call,1.023256411308189,0.0821917808219178,52.85
SPXW260708C07650000,2026-06-08 14:57:38+00:00,7650.0,45.34,43.8,44.4,-22.329998,-32.99837,24.0,12.0,0.1342592983627319,False,REGULAR,USD,2026-07-08,7451.7001953125,0.03625,call,1.0266113503616583,0.0821917808219178,44.1
SPXW260708C07675000,2026-06-08 04:58:55+00:00,7675.0,28.62,38.0,38.5,-23.159998,-44.72769,1.0,28.0,0.1341219706344604,False,REGULAR,USD,2026-07-08,7451.7001953125,0.03625,call,1.029966289415128,0.0821917808219178,38.25
SPXW260708C07700000,2026-06-08 13:49:31+00:00,7700.0,28.99,30.2,30.7,3.3799992,13.197966,4.0,80.0,0.1298648110580444,False,REGULAR,USD,2026-07-08,7451.7001953125,0.03625,call,1.0333212284685975,0.0821917808219178,30.45
SPXW260708C07725000,2026-06-08 14:26:31+00:00,7725.0,22.93,24.1,24.7,-4.0699997,-15.074073,14.0,154.0,0.127038148651123,False,REGULAR,USD,2026-07-08,7451.7001953125,0.03625,call,1.0366761675220668,0.0821917808219178,24.4
SPXW260708C07750000,2026-06-08 14:57:38+00:00,7750.0,20.4,19.5,20.1,-1.25,-5.773672,34.0,44.0,0.1253787719345093,False,REGULAR,USD,2026-07-08,7451.7001953125,0.03625,call,1.0400311065755363,0.0821917808219178,19.8
SPXW260708C07775000,2026-06-08 13:46:25+00:00,7775.0,16.02,15.9,16.3,-3.7399998,-18.927124,10.0,12.0,0.1240512705612182,False,REGULAR,USD,2026-07-08,7451.7001953125,0.03625,call,1.0433860456290058,0.0821917808219178,16.1
SPXW260708C07800000,2026-06-08 14:26:31+00:00,7800.0,11.76,12.7,13.1,-4.05,-25.6167,13.0,19.0,0.1228115063476562,False,REGULAR,USD,2026-07-08,7451.7001953125,0.03625,call,1.0467409846824751,0.0821917808219178,12.9
SPXW260708C07825000,2026-06-08 15:27:55+00:00,7825.0,10.6,10.0,10.4,-0.8999996,-7.8260837,30.0,11.0,0.1215526688385009,False,REGULAR,USD,2026-07-08,7451.7001953125,0.03625,call,1.0500959237359448,0.0821917808219178,10.2
SPXW260708C07850000,2026-06-08 14:30:41+00:00,7850.0,7.25,7.6,8.1,0.46000004,6.774669,11.0,13.0,0.1201183570098876,False,REGULAR,USD,2026-07-08,7451.7001953125,0.03625,call,1.0534508627894144,0.0821917808219178,7.85
SPXW260708C07875000,2026-06-08 14:13:45+00:00,7875.0,5.37,6.0,6.5,0.52,10.72165,9.0,25.0,0.1198055549621582,False,REGULAR,USD,2026-07-08,7451.7001953125,0.03625,call,1.0568058018428836,0.0821917808219178,6.25
SPXW260708C07900000,2026-06-05 16:16:21+00:00,7900.0,6.07,5.0,5.3,0.0,0.0,3.0,20.0,0.1200496931457519,False,REGULAR,USD,2026-07-08,7451.7001953125,0.03625,call,1.0601607408963531,0.0821917808219178,5.15
SPXW260708C07925000,2026-06-05 16:16:21+00:00,7925.0,4.72,3.8,4.2,0.0,0.0,1.0,9.0,0.119752149734497,False,REGULAR,USD,2026-07-08,7451.7001953125,0.03625,call,1.0635156799498229,0.0821917808219178,4.0
SPXW260708C07950000,2026-06-05 19:40:15+00:00,7950.0,2.49,2.9,3.2,0.0,0.0,4.0,12.0,0.1188137435913085,False,REGULAR,USD,2026-07-08,7451.7001953125,0.03625,call,1.0668706190032922,0.0821917808219178,3.05
SPXW260708C07975000,2026-06-08 15:16:57+00:00,7975.0,2.57,2.25,2.5,0.7199999,38.918915,9.0,3.0,0.1185848640441894,False,REGULAR,USD,2026-07-08,7451.7001953125,0.03625,call,1.0702255580567617,0.0821917808219178,2.375
SPXW260708C08000000,2026-06-05 18:59:59+00:00,8000.0,1.5,1.75,2.05,0.0,0.0,1.0,66.0,0.1193630545043945,False,REGULAR,USD,2026-07-08,7451.7001953125,0.03625,call,1.0735804971102312,0.0821917808219178,1.9
SPXW260708C08050000,2026-06-05 13:39:05+00:00,8050.0,1.97,1.25,1.45,0.0,0.0,1.0,1.0,0.1218654708862304,False,REGULAR,USD,2026-07-08,7451.7001953125,0.03625,call,1.08029037521717,0.0821917808219178,1.35
SPXW260708C08100000,2026-06-08 14:13:45+00:00,8100.0,0.82,0.85,1.0,0.060000002,7.894737,8.0,16.0,0.1238796109008789,False,REGULAR,USD,2026-07-08,7451.7001953125,0.03625,call,1.087000253324109,0.0821917808219178,0.925
SPXW260709C07400000,2026-06-08 14:17:49+00:00,7400.0,163.41,173.8,174.6,7.0899963,4.5355654,8.0,18.0,0.1676986001968384,True,REGULAR,USD,2026-07-09,7451.7001953125,0.03625,call,0.9930619598269638,0.084931506849315,174.2
SPXW260709C07425000,2026-06-05 18:45:31+00:00,7425.0,146.78,157.0,157.8,0.0,0.0,5.0,5.0,0.1637275400543213,True,REGULAR,USD,2026-07-09,7451.7001953125,0.03625,call,0.9964168988804332,0.084931506849315,157.4
SPXW260709C07440000,2026-06-05 19:54:29+00:00,7440.0,132.3,148.7,149.4,0.0,0.0,27.0,27.0,0.162907388343811,True,REGULAR,USD,2026-07-09,7451.7001953125,0.03625,call,0.998429862312515,0.084931506849315,149.05
SPXW260709C07450000,2026-06-05 19:44:35+00:00,7450.0,121.7,141.3,143.2,0.0,0.0,32.0,35.0,0.1615226670837402,True,REGULAR,USD,2026-07-09,7451.7001953125,0.03625,call,0.9997718379339028,0.084931506849315,142.25
SPXW260709C07460000,2026-06-08 13:49:35+00:00,7460.0,131.62,135.0,136.2,-20.080002,-13.236653,1.0,4.0,0.1591060805320739,False,REGULAR,USD,2026-07-09,7451.7001953125,0.03625,call,1.0011138135552906,0.084931506849315,135.6
SPXW260709C07470000,2026-06-08 14:46:40+00:00,7470.0,129.33,129.2,130.5,-16.270004,-11.174454,2.0,2.0,0.1580379759788513,False,REGULAR,USD,2026-07-09,7451.7001953125,0.03625,call,1.0024557891766783,0.084931506849315,129.85
SPXW260709C07475000,2026-06-05 18:45:31+00:00,7475.0,117.4,126.1,127.3,0.0,0.0,9.0,11.0,0.1570557012557983,False,REGULAR,USD,2026-07-09,7451.7001953125,0.03625,call,1.0031267769873722,0.084931506849315,126.7
SPXW260709C07480000,2026-06-05 16:05:25+00:00,7480.0,139.5,123.2,123.9,0.0,0.0,7.0,5.0,0.155814029712677,False,REGULAR,USD,2026-07-09,7451.7001953125,0.03625,call,1.003797764798066,0.084931506849315,123.55
SPXW260709C07490000,2026-06-05 16:05:25+00:00,7490.0,133.2,119.0,120.0,0.0,0.0,5.0,1.0,0.1565292782974243,False,REGULAR,USD,2026-07-09,7451.7001953125,0.03625,call,1.005139740419454,0.084931506849315,119.5
SPXW260709C07500000,2026-06-08 14:28:02+00:00,7500.0,118.5,111.9,113.0,19.39,19.564121,2.0,28.0,0.1535729174804687,False,REGULAR,USD,2026-07-09,7451.7001953125,0.03625,call,1.0064817160408417,0.084931506849315,112.45
SPXW260709C07510000,2026-06-08 13:49:35+00:00,7510.0,103.64,106.5,108.3,-21.36,-17.088,1.0,1.0,0.1531056217384339,False,REGULAR,USD,2026-07-09,7451.7001953125,0.03625,call,1.0078236916622294,0.084931506849315,107.4
SPXW260709C07525000,2026-06-05 16:05:26+00:00,7525.0,112.9,101.0,101.6,0.0,0.0,8.0,15.0,0.1525505888366699,False,REGULAR,USD,2026-07-09,7451.7001953125,0.03625,call,1.0098366550943112,0.084931506849315,101.3
SPXW260709C07530000,2026-06-05 16:01:01+00:00,7530.0,111.3,95.7,96.6,0.0,0.0,2.0,,0.1490849710273742,False,REGULAR,USD,2026-07-09,7451.7001953125,0.03625,call,1.010507642905005,0.084931506849315,96.15
SPXW260709C07540000,2026-06-05 16:01:01+00:00,7540.0,105.9,90.7,92.5,0.0,0.0,1.0,1.0,0.1488808867645263,False,REGULAR,USD,2026-07-09,7451.7001953125,0.03625,call,1.0118496185263928,0.084931506849315,91.6
SPXW260709C07550000,2026-06-05 16:54:30+00:00,7550.0,97.25,84.7,85.5,0.0,0.0,5.0,529.0,0.1451120035552978,False,REGULAR,USD,2026-07-09,7451.7001953125,0.03625,call,1.0131915941477807,0.084931506849315,85.1
SPXW260709C07570000,2026-06-05 16:04:32+00:00,7570.0,91.8,76.7,77.4,0.0,0.0,2.0,,0.1440477136611938,False,REGULAR,USD,2026-07-09,7451.7001953125,0.03625,call,1.015875545390556,0.084931506849315,77.05000000000001
SPXW260709C07575000,2026-06-08 14:58:54+00:00,7575.0,78.65,75.0,75.6,8.169998,11.591938,22.0,519.0,0.1439618838310241,False,REGULAR,USD,2026-07-09,7451.7001953125,0.03625,call,1.01654653320125,0.084931506849315,75.3
SPXW260709C07600000,2026-06-05 19:40:27+00:00,7600.0,61.2,64.1,64.8,4.830002,8.568391,1.0,40.0,0.140721330909729,False,REGULAR,USD,2026-07-09,7451.7001953125,0.03625,call,1.0199014722547195,0.084931506849315,64.44999999999999
SPXW260709C07610000,2026-06-05 16:04:32+00:00,7610.0,73.2,62.0,62.8,0.0,0.0,1.0,1.0,0.1420679055786132,False,REGULAR,USD,2026-07-09,7451.7001953125,0.03625,call,1.0212434478761074,0.084931506849315,62.4
SPXW260709C07625000,2026-06-05 19:44:40+00:00,7625.0,52.15,54.9,55.5,6.950001,15.376107,2.0,16.0,0.1382761344146728,False,REGULAR,USD,2026-07-09,7451.7001953125,0.03625,call,1.023256411308189,0.084931506849315,55.2
SPXW260709C07630000,2026-06-05 16:04:32+00:00,7630.0,64.7,52.8,53.4,0.0,0.0,1.0,1.0,0.1373339136123657,False,REGULAR,USD,2026-07-09,7451.7001953125,0.03625,call,1.0239273991188829,0.084931506849315,53.1
SPXW260709C07650000,2026-06-08 14:10:27+00:00,7650.0,43.54,46.3,46.9,3.3199997,8.254599,11.0,22.0,0.1356325756454467,False,REGULAR,USD,2026-07-09,7451.7001953125,0.03625,call,1.0266113503616583,0.084931506849315,46.6
SPXW260709C07675000,2026-06-05 16:56:30+00:00,7675.0,45.03,38.6,39.5,0.0,0.0,1.0,2.0,0.1334925518798828,False,REGULAR,USD,2026-07-09,7451.7001953125,0.03625,call,1.029966289415128,0.084931506849315,39.05
SPXW260709C07700000,2026-06-08 14:31:14+00:00,7700.0,30.35,31.7,32.4,2.3400002,8.354159,4.0,42.0,0.1305590790176391,False,REGULAR,USD,2026-07-09,7451.7001953125,0.03625,call,1.0333212284685975,0.084931506849315,32.05
SPXW260709C07725000,2026-06-08 14:31:14+00:00,7725.0,24.8,26.4,27.3,-7.0,-22.012579,1.0,57.0,0.1296130435562134,False,REGULAR,USD,2026-07-09,7451.7001953125,0.03625,call,1.0366761675220668,0.084931506849315,26.85
SPXW260709C07750000,2026-06-08 14:31:14+00:00,7750.0,20.1,21.5,22.0,1.7000008,9.239135,10.0,101.0,0.1271029978561401,False,REGULAR,USD,2026-07-09,7451.7001953125,0.03625,call,1.0400311065755363,0.084931506849315,21.75
SPXW260709C07775000,2026-06-08 13:46:18+00:00,7775.0,17.97,17.0,17.6,4.4299994,32.71787,1.0,6.0,0.1249286421585083,False,REGULAR,USD,2026-07-09,7451.7001953125,0.03625,call,1.0433860456290058,0.084931506849315,17.3
SPXW260709C07800000,2026-06-08 14:31:14+00:00,7800.0,13.0,14.1,14.6,1.21,10.262935,3.0,298.0,0.1245433615875244,False,REGULAR,USD,2026-07-09,7451.7001953125,0.03625,call,1.0467409846824751,0.084931506849315,14.35
SPXW260709C07825000,2026-06-08 13:36:48+00:00,7825.0,11.34,11.1,11.6,1.6100006,16.54677,1.0,22.0,0.1229946099853515,False,REGULAR,USD,2026-07-09,7451.7001953125,0.03625,call,1.0500959237359448,0.084931506849315,11.35
SPXW260709C07850000,2026-06-05 16:08:44+00:00,7850.0,11.24,9.2,9.6,0.0,0.0,11.0,34.0,0.1230251272583007,False,REGULAR,USD,2026-07-09,7451.7001953125,0.03625,call,1.0534508627894144,0.084931506849315,9.4
SPXW260709C07875000,2026-06-04 17:11:30+00:00,7875.0,6.08,7.3,7.6,-15.219999,-71.4554,1.0,29.0,0.1219837253189087,False,REGULAR,USD,2026-07-09,7451.7001953125,0.03625,call,1.0568058018428836,0.084931506849315,7.449999999999999
SPXW260709C07900000,2026-06-05 20:00:58+00:00,7900.0,4.78,5.5,5.9,0.7900002,19.799505,1.0,677.0,0.1207363317871093,False,REGULAR,USD,2026-07-09,7451.7001953125,0.03625,call,1.0601607408963531,0.084931506849315,5.7
SPXW260709C07975000,2026-06-05 19:11:22+00:00,7975.0,2.1,2.75,3.0,0.0,0.0,3.0,3.0,0.1202633140563964,False,REGULAR,USD,2026-07-09,7451.7001953125,0.03625,call,1.0702255580567617,0.084931506849315,2.875
SPXW260709C08000000,2026-06-08 11:47:49+00:00,8000.0,2.4,2.1,2.35,0.5300001,28.34225,3.0,49.0,0.1200039172363281,False,REGULAR,USD,2026-07-09,7451.7001953125,0.03625,call,1.0735804971102312,0.084931506849315,2.225
SPXW260709C08100000,2026-06-05 17:13:47+00:00,8100.0,0.92,0.95,1.15,0.0,0.0,1.0,52.0,0.1241847836303711,False,REGULAR,USD,2026-07-09,7451.7001953125,0.03625,call,1.087000253324109,0.084931506849315,1.0499999999999998
SPXW260710C07380000,2026-06-05 19:17:03+00:00,7380.0,163.15,191.6,192.2,0.0,0.0,3.0,25.0,0.1725317733001709,True,REGULAR,USD,2026-07-10,7451.7001953125,0.03625,call,0.9903780085841882,0.0876712328767123,191.9
SPXW260710C07390000,2026-06-08 08:22:43+00:00,7390.0,186.5,187.8,188.4,-111.640015,-37.4455,12.0,12.0,0.1745688012695312,True,REGULAR,USD,2026-07-10,7451.7001953125,0.03625,call,0.991719984205576,0.0876712328767123,188.1
SPXW260710C07400000,2026-06-08 14:46:53+00:00,7400.0,180.19,176.8,177.6,29.350006,19.457706,44.0,129.0,0.1685378252029419,True,REGULAR,USD,2026-07-10,7451.7001953125,0.03625,call,0.9930619598269638,0.0876712328767123,177.2
SPXW260710C07410000,2026-06-08 14:38:46+00:00,7410.0,168.42,173.4,174.0,23.580002,16.280035,35.0,50.0,0.1705672238540649,True,REGULAR,USD,2026-07-10,7451.7001953125,0.03625,call,0.9944039354483516,0.0876712328767123,173.7
SPXW260710C07420000,2026-06-05 18:17:37+00:00,7420.0,161.2,164.5,165.6,-0.27999878,-0.17339534,14.0,33.0,0.1670615521240234,True,REGULAR,USD,2026-07-10,7451.7001953125,0.03625,call,0.9957459110697392,0.0876712328767123,165.05
SPXW260710C07425000,2026-06-08 14:12:33+00:00,7425.0,154.91,162.2,163.0,7.029999,4.7538533,33.0,88.0,0.1670710887718201,True,REGULAR,USD,2026-07-10,7451.7001953125,0.03625,call,0.9964168988804332,0.0876712328767123,162.6
SPXW260710C07430000,2026-06-08 14:43:02+00:00,7430.0,151.0,160.2,161.1,17.869995,13.422966,4.0,16.0,0.1678359279251099,True,REGULAR,USD,2026-07-10,7451.7001953125,0.03625,call,0.9970878866911272,0.0876712328767123,160.64999999999998
SPXW260710C07440000,2026-06-08 14:41:36+00:00,7440.0,144.6,151.5,152.4,-108.2,-42.800632,43.0,20.0,0.1637809452819824,True,REGULAR,USD,2026-07-10,7451.7001953125,0.03625,call,0.998429862312515,0.0876712328767123,151.95
SPXW260710C07450000,2026-06-08 15:13:43+00:00,7450.0,152.63,145.6,146.2,40.630005,36.27679,21.0,79.0,0.1624133899879455,True,REGULAR,USD,2026-07-10,7451.7001953125,0.03625,call,0.9997718379339028,0.0876712328767123,145.89999999999998
SPXW260710C07460000,2026-06-08 14:43:38+00:00,7460.0,138.2,139.3,139.8,-20.199997,-12.752524,14.0,19.0,0.16070251537323,False,REGULAR,USD,2026-07-10,7451.7001953125,0.03625,call,1.0011138135552906,0.0876712328767123,139.55
SPXW260710C07470000,2026-06-08 14:38:03+00:00,7470.0,133.09,132.8,133.6,5.8899994,4.6305027,11.0,41.0,0.1590927292251587,False,REGULAR,USD,2026-07-10,7451.7001953125,0.03625,call,1.0024557891766783,0.0876712328767123,133.2
SPXW260710C07475000,2026-06-08 15:27:36+00:00,7475.0,132.71,131.8,132.5,20.450005,18.216644,18.0,77.0,0.1604793578147888,False,REGULAR,USD,2026-07-10,7451.7001953125,0.03625,call,1.0031267769873722,0.0876712328767123,132.15
SPXW260710C07480000,2026-06-05 15:55:05+00:00,7480.0,124.51,127.5,128.2,-23.400002,-15.820433,2.0,4.0,0.1582515968894958,False,REGULAR,USD,2026-07-10,7451.7001953125,0.03625,call,1.003797764798066,0.0876712328767123,127.85
SPXW260710C07490000,2026-06-05 16:05:27+00:00,7490.0,136.8,120.9,121.8,0.0,0.0,2.0,5.0,0.156159256362915,False,REGULAR,USD,2026-07-10,7451.7001953125,0.03625,call,1.005139740419454,0.0876712328767123,121.35
SPXW260710C07500000,2026-06-08 15:22:08+00:00,7500.0,120.3,118.2,118.8,32.300003,36.704548,345.0,477.0,0.1577595058631897,False,REGULAR,USD,2026-07-10,7451.7001953125,0.03625,call,1.0064817160408417,0.0876712328767123,118.5
SPXW260710C07510000,2026-06-08 14:58:33+00:00,7510.0,115.01,111.8,112.6,17.330002,17.741608,13.0,59.0,0.1556290187454224,False,REGULAR,USD,2026-07-10,7451.7001953125,0.03625,call,1.0078236916622294,0.0876712328767123,112.2
SPXW260710C07520000,2026-06-05 16:01:02+00:00,7520.0,106.28,103.9,105.1,-15.220001,-12.52675,2.0,3.0,0.1518753941726685,False,REGULAR,USD,2026-07-10,7451.7001953125,0.03625,call,1.0091656672836171,0.0876712328767123,104.5
SPXW260710C07525000,2026-06-08 15:06:23+00:00,7525.0,109.02,101.4,102.2,12.2599945,12.67052,2.0,576.0,0.1509045634269714,False,REGULAR,USD,2026-07-10,7451.7001953125,0.03625,call,1.0098366550943112,0.0876712328767123,101.8
SPXW260710C07530000,2026-06-08 14:38:46+00:00,7530.0,97.41,99.6,100.7,-82.19,-45.762806,7.0,24.0,0.1514958355903626,False,REGULAR,USD,2026-07-10,7451.7001953125,0.03625,call,1.010507642905005,0.0876712328767123,100.15
SPXW260710C07540000,2026-06-05 16:02:20+00:00,7540.0,110.0,94.9,95.6,0.0,0.0,6.0,13.0,0.1501759635353088,False,REGULAR,USD,2026-07-10,7451.7001953125,0.03625,call,1.0118496185263928,0.0876712328767123,95.25
SPXW260710C07550000,2026-06-08 14:48:59+00:00,7550.0,90.41,89.8,90.9,16.590004,22.473589,4.0,997.0,0.1491708008575439,False,REGULAR,USD,2026-07-10,7451.7001953125,0.03625,call,1.0131915941477807,0.0876712328767123,90.35
SPXW260710C07560000,2026-06-08 14:48:59+00:00,7560.0,85.59,85.2,85.8,19.46,29.426886,3.0,35.0,0.1475476634025574,False,REGULAR,USD,2026-07-10,7451.7001953125,0.03625,call,1.0145335697691684,0.0876712328767123,85.5
SPXW260710C07570000,2026-06-05 20:01:30+00:00,7570.0,62.23,81.7,82.4,0.0,0.0,29.0,62.0,0.1477727282905579,False,REGULAR,USD,2026-07-10,7451.7001953125,0.03625,call,1.015875545390556,0.0876712328767123,82.05000000000001
SPXW260710C07575000,2026-06-08 13:51:45+00:00,7575.0,76.3,80.2,80.8,9.910004,14.926952,1.0,93.0,0.1479558319282532,False,REGULAR,USD,2026-07-10,7451.7001953125,0.03625,call,1.01654653320125,0.0876712328767123,80.5
SPXW260710C07580000,2026-06-08 09:34:50+00:00,7580.0,65.71,75.7,76.3,-15.790001,-19.374235,2.0,31.0,0.1446408931541443,False,REGULAR,USD,2026-07-10,7451.7001953125,0.03625,call,1.017217521011944,0.0876712328767123,76.0
SPXW260710C07590000,2026-06-05 16:45:14+00:00,7590.0,77.68,71.5,72.2,0.0,0.0,7.0,288.0,0.1437234676361084,False,REGULAR,USD,2026-07-10,7451.7001953125,0.03625,call,1.0185594966333318,0.0876712328767123,71.85
SPXW260710C07600000,2026-06-08 15:16:54+00:00,7600.0,72.21,67.8,68.4,18.309998,33.97031,254.0,332.0,0.143013941040039,False,REGULAR,USD,2026-07-10,7451.7001953125,0.03625,call,1.0199014722547195,0.0876712328767123,68.1
SPXW260710C07610000,2026-06-08 13:44:32+00:00,7610.0,62.82,63.6,64.2,-12.980003,-17.124014,62.0,3.0,0.1416482930755615,False,REGULAR,USD,2026-07-10,7451.7001953125,0.03625,call,1.0212434478761074,0.0876712328767123,63.900000000000006
SPXW260710C07625000,2026-06-08 14:08:19+00:00,7625.0,54.08,59.9,60.3,7.580002,16.301079,69.0,150.0,0.1423349317169189,False,REGULAR,USD,2026-07-10,7451.7001953125,0.03625,call,1.023256411308189,0.0876712328767123,60.1
SPXW260710C07630000,2026-06-05 18:15:43+00:00,7630.0,53.37,56.9,57.4,-0.6500015,-1.2032609,1.0,25.0,0.1404390461349487,False,REGULAR,USD,2026-07-10,7451.7001953125,0.03625,call,1.0239273991188829,0.0876712328767123,57.15
SPXW260710C07640000,2026-06-08 14:54:37+00:00,7640.0,53.0,52.8,53.4,3.4199982,6.8979387,7.0,37.0,0.1388025573730469,False,REGULAR,USD,2026-07-10,7451.7001953125,0.03625,call,1.0252693747402708,0.0876712328767123,53.1
SPXW260710C07650000,2026-06-08 13:50:50+00:00,7650.0,48.25,50.6,51.1,14.150002,41.495605,6.0,233.0,0.1392507798194885,False,REGULAR,USD,2026-07-10,7451.7001953125,0.03625,call,1.0266113503616583,0.0876712328767123,50.85
SPXW260710C07660000,2026-06-05 19:39:44+00:00,7660.0,40.15,45.6,46.2,0.0,0.0,3.0,3.0,0.1359987829208374,False,REGULAR,USD,2026-07-10,7451.7001953125,0.03625,call,1.0279533259830462,0.0876712328767123,45.900000000000006
SPXW260710C07670000,2026-06-05 19:43:30+00:00,7670.0,45.77,42.2,42.9,11.77,34.617645,1.0,65.0,0.1347094281387329,False,REGULAR,USD,2026-07-10,7451.7001953125,0.03625,call,1.0292953016044342,0.0876712328767123,42.55
SPXW260710C07675000,2026-06-08 14:06:18+00:00,7675.0,37.81,41.3,42.4,3.3100014,9.594207,7.0,120.0,0.1356402049636841,False,REGULAR,USD,2026-07-10,7451.7001953125,0.03625,call,1.029966289415128,0.0876712328767123,41.85
SPXW260710C07680000,2026-06-05 19:55:11+00:00,7680.0,36.63,40.2,40.8,2.630001,7.7352977,2.0,31.0,0.1349611956405639,False,REGULAR,USD,2026-07-10,7451.7001953125,0.03625,call,1.030637277225822,0.0876712328767123,40.5
SPXW260710C07700000,2026-06-08 15:16:21+00:00,7700.0,37.25,33.8,34.5,14.92,66.81594,18.0,236.0,0.1318427118110657,False,REGULAR,USD,2026-07-10,7451.7001953125,0.03625,call,1.0333212284685975,0.0876712328767123,34.15
SPXW260710C07725000,2026-06-08 14:56:17+00:00,7725.0,28.3,29.6,30.2,6.459999,29.578749,5.0,118.0,0.1324969258499145,False,REGULAR,USD,2026-07-10,7451.7001953125,0.03625,call,1.0366761675220668,0.0876712328767123,29.9
SPXW260710C07750000,2026-06-08 14:56:17+00:00,7750.0,25.55,23.4,23.9,6.0999985,31.362461,15.0,315.0,0.1286937107086181,False,REGULAR,USD,2026-07-10,7451.7001953125,0.03625,call,1.0400311065755363,0.0876712328767123,23.65
SPXW260710C07775000,2026-06-05 19:30:31+00:00,7775.0,15.9,19.0,19.6,0.0,0.0,17.0,433.0,0.1271602177429199,False,REGULAR,USD,2026-07-10,7451.7001953125,0.03625,call,1.0433860456290058,0.0876712328767123,19.3
SPXW260710C07800000,2026-06-08 15:09:37+00:00,7800.0,16.9,16.2,16.6,4.25,33.59684,214.0,1016.0,0.127213622970581,False,REGULAR,USD,2026-07-10,7451.7001953125,0.03625,call,1.0467409846824751,0.0876712328767123,16.4
SPXW260710C07825000,2026-06-08 15:27:13+00:00,7825.0,13.0,13.1,13.4,1.9899998,18.074474,55.0,85.0,0.1257831258010864,False,REGULAR,USD,2026-07-10,7451.7001953125,0.03625,call,1.0500959237359448,0.0876712328767123,13.25
SPXW260710C07850000,2026-06-08 15:14:42+00:00,7850.0,10.79,9.9,10.3,4.94,84.44444,34.0,283.0,0.1232234895324707,False,REGULAR,USD,2026-07-10,7451.7001953125,0.03625,call,1.0534508627894144,0.0876712328767123,10.1
SPXW260710C07875000,2026-06-08 15:14:12+00:00,7875.0,8.71,8.4,8.7,2.58,42.08809,2.0,33.0,0.123833834991455,False,REGULAR,USD,2026-07-10,7451.7001953125,0.03625,call,1.0568058018428836,0.0876712328767123,8.55
SPXW260710C07900000,2026-06-08 15:14:12+00:00,7900.0,6.9,6.6,6.9,3.25,89.04109,557.0,786.0,0.1228420236206054,False,REGULAR,USD,2026-07-10,7451.7001953125,0.03625,call,1.0601607408963531,0.0876712328767123,6.75
SPXW260710C07950000,2026-06-08 14:03:18+00:00,7950.0,4.35,4.0,4.3,0.9599998,28.318577,70.0,270.0,0.1213771945190429,False,REGULAR,USD,2026-07-10,7451.7001953125,0.03625,call,1.0668706190032922,0.0876712328767123,4.15
SPXW260710C08000000,2026-06-08 15:23:24+00:00,8000.0,2.75,2.55,2.8,0.55999994,25.570772,107.0,240.0,0.1215450395202636,False,REGULAR,USD,2026-07-10,7451.7001953125,0.03625,call,1.0735804971102312,0.0876712328767123,2.675
SPXW260710C08050000,2026-06-08 13:59:00+00:00,8050.0,1.55,1.65,1.8,0.53999996,53.465343,3.0,288.0,0.1218196949768066,False,REGULAR,USD,2026-07-10,7451.7001953125,0.03625,call,1.08029037521717,0.0876712328767123,1.725
SPXW260710C08100000,2026-06-08 15:23:52+00:00,8100.0,1.2,1.15,1.3,0.25000006,26.315796,11.0,507.0,0.1243068527221679,False,REGULAR,USD,2026-07-10,7451.7001953125,0.03625,call,1.087000253324109,0.0876712328767123,1.225
SPXW260710C08200000,2026-06-08 13:53:52+00:00,8200.0,0.65,0.6,0.8,0.099999964,18.18181,131.0,327.0,0.1316004809570312,False,REGULAR,USD,2026-07-10,7451.7001953125,0.03625,call,1.1004200095379868,0.0876712328767123,0.7
SPXW260713C07400000,2026-06-08 15:01:29+00:00,7400.0,191.0,183.9,185.1,48.22,33.772236,9.0,33.0,0.169380864868164,True,REGULAR,USD,2026-07-13,7451.7001953125,0.03625,call,0.9930619598269638,0.0958904109589041,184.5
SPXW260713C07425000,2026-06-08 14:38:46+00:00,7425.0,162.37,165.2,165.9,34.09999,26.58454,4.0,11.0,0.1629646082305908,True,REGULAR,USD,2026-07-13,7451.7001953125,0.03625,call,0.9964168988804332,0.0958904109589041,165.55
SPXW260713C07450000,2026-06-08 15:13:43+00:00,7450.0,156.58,148.6,149.4,-10.819992,-6.4635563,5.0,4.0,0.158819981098175,True,REGULAR,USD,2026-07-13,7451.7001953125,0.03625,call,0.9997718379339028,0.0958904109589041,149.0
SPXW260713C07475000,2026-06-08 15:11:02+00:00,7475.0,141.64,133.9,135.6,-9.559998,-6.3227496,16.0,13.0,0.1568687829589844,False,REGULAR,USD,2026-07-13,7451.7001953125,0.03625,call,1.0031267769873722,0.0958904109589041,134.75
SPXW260713C07500000,2026-06-08 15:16:34+00:00,7500.0,126.37,120.7,121.1,36.65,40.84931,19.0,25.0,0.1534241457748413,False,REGULAR,USD,2026-07-13,7451.7001953125,0.03625,call,1.0064817160408417,0.0958904109589041,120.9
SPXW260713C07525000,2026-06-08 15:06:23+00:00,7525.0,112.72,108.5,109.1,34.480003,44.069534,7.0,73.0,0.151907818775177,False,REGULAR,USD,2026-07-13,7451.7001953125,0.03625,call,1.0098366550943112,0.0958904109589041,108.8
SPXW260713C07550000,2026-06-05 16:05:25+00:00,7550.0,108.0,93.4,94.4,0.0,0.0,33.0,28.0,0.1466149792480468,False,REGULAR,USD,2026-07-13,7451.7001953125,0.03625,call,1.0131915941477807,0.0958904109589041,93.9
SPXW260713C07575000,2026-06-05 19:06:57+00:00,7575.0,82.9,79.8,82.5,10.980003,15.266969,1.0,50.0,0.1435060320663452,False,REGULAR,USD,2026-07-13,7451.7001953125,0.03625,call,1.01654653320125,0.0958904109589041,81.15
SPXW260713C07600000,2026-06-08 15:16:53+00:00,7600.0,75.76,70.6,72.1,13.060001,20.829348,15.0,44.0,0.1411905339813232,False,REGULAR,USD,2026-07-13,7451.7001953125,0.03625,call,1.0199014722547195,0.0958904109589041,71.35
SPXW260713C07625000,2026-06-05 20:14:34+00:00,7625.0,42.21,61.0,61.6,0.0,0.0,13.0,15.0,0.1377878580474853,False,REGULAR,USD,2026-07-13,7451.7001953125,0.03625,call,1.023256411308189,0.0958904109589041,61.3
SPXW260713C07650000,2026-06-08 14:54:37+00:00,7650.0,52.7,53.1,53.8,10.799999,25.775652,5.0,43.0,0.1367083095169067,False,REGULAR,USD,2026-07-13,7451.7001953125,0.03625,call,1.0266113503616583,0.0958904109589041,53.45
SPXW260713C07675000,2026-06-05 19:31:52+00:00,7675.0,46.2,44.5,45.0,9.5,25.885557,11.0,34.0,0.1333399655151367,False,REGULAR,USD,2026-07-13,7451.7001953125,0.03625,call,1.029966289415128,0.0958904109589041,44.75
SPXW260713C07700000,2026-06-08 15:16:21+00:00,7700.0,40.05,38.7,39.3,15.449999,62.80487,12.0,72.0,0.1331530472183227,False,REGULAR,USD,2026-07-13,7451.7001953125,0.03625,call,1.0333212284685975,0.0958904109589041,39.0
SPXW260713C07725000,2026-06-08 14:30:46+00:00,7725.0,29.5,32.2,32.7,4.540001,18.189106,2.0,10.0,0.1307040360641479,False,REGULAR,USD,2026-07-13,7451.7001953125,0.03625,call,1.0366761675220668,0.0958904109589041,32.45
SPXW260713C07750000,2026-06-05 19:18:32+00:00,7750.0,19.91,26.7,27.2,0.0,0.0,84.0,67.0,0.1288195944595336,False,REGULAR,USD,2026-07-13,7451.7001953125,0.03625,call,1.0400311065755363,0.0958904109589041,26.95
SPXW260713C07775000,2026-06-08 13:40:38+00:00,7775.0,20.1,21.1,21.8,2.710001,15.583674,1.0,10.0,0.1258746776199341,False,REGULAR,USD,2026-07-13,7451.7001953125,0.03625,call,1.0433860456290058,0.0958904109589041,21.450000000000003
SPXW260713C07800000,2026-06-08 14:44:00+00:00,7800.0,15.46,17.4,17.9,1.6700001,12.110225,7.0,191.0,0.1244746977233886,False,REGULAR,USD,2026-07-13,7451.7001953125,0.03625,call,1.0467409846824751,0.0958904109589041,17.65
SPXW260713C07825000,2026-06-08 15:19:32+00:00,7825.0,15.43,14.5,15.0,4.2700005,38.261654,3.0,20.0,0.1241313784027099,False,REGULAR,USD,2026-07-13,7451.7001953125,0.03625,call,1.0500959237359448,0.0958904109589041,14.75
SPXW260713C07850000,2026-06-05 19:18:32+00:00,7850.0,8.66,11.9,12.3,0.0,0.0,38.0,23.0,0.1232883387374878,False,REGULAR,USD,2026-07-13,7451.7001953125,0.03625,call,1.0534508627894144,0.0958904109589041,12.1
SPXW260713C07900000,2026-06-08 15:19:32+00:00,7900.0,8.0,7.2,7.6,2.33,41.093475,8.0,15.0,0.1200420638275146,False,REGULAR,USD,2026-07-13,7451.7001953125,0.03625,call,1.0601607408963531,0.0958904109589041,7.4
SPXW260713C08000000,2026-06-08 14:45:27+00:00,8000.0,3.1,2.85,3.3,0.78999996,34.199135,26.0,42.0,0.1195614167785644,False,REGULAR,USD,2026-07-13,7451.7001953125,0.03625,call,1.0735804971102312,0.0958904109589041,3.075
SPXW260713C08100000,2026-06-08 15:03:02+00:00,8100.0,1.4,1.35,1.5,0.32999992,30.841112,2.0,4.0,0.1213314186096191,False,REGULAR,USD,2026-07-13,7451.7001953125,0.03625,call,1.087000253324109,0.0958904109589041,1.425
SPXW260713C08200000,2026-06-08 14:06:52+00:00,8200.0,0.7,0.7,0.9,-0.100000024,-12.500002,1.0,10.0,0.1277858218383789,False,REGULAR,USD,2026-07-13,7451.7001953125,0.03625,call,1.1004200095379868,0.0958904109589041,0.8
SPXW260714C07400000,2026-06-08 14:36:51+00:00,7400.0,185.0,187.7,188.7,26.179993,16.484064,2.0,11.0,0.1709258018112182,True,REGULAR,USD,2026-07-14,7451.7001953125,0.03625,call,0.9930619598269638,0.0986301369863013,188.2
SPXW260714C07425000,2026-06-05 19:19:06+00:00,7425.0,143.87,168.9,169.4,0.0,0.0,24.0,4.0,0.1644618619346618,True,REGULAR,USD,2026-07-14,7451.7001953125,0.03625,call,0.9964168988804332,0.0986301369863013,169.15
SPXW260714C07450000,2026-06-05 16:04:30+00:00,7450.0,174.2,153.4,154.2,0.0,0.0,31.0,14.0,0.1617305660057068,True,REGULAR,USD,2026-07-14,7451.7001953125,0.03625,call,0.9997718379339028,0.0986301369863013,153.8
SPXW260714C07475000,2026-06-08 15:01:58+00:00,7475.0,145.1,136.0,137.1,40.000008,38.059,16.0,17.0,0.1563175647163391,False,REGULAR,USD,2026-07-14,7451.7001953125,0.03625,call,1.0031267769873722,0.0986301369863013,136.55
SPXW260714C07500000,2026-06-05 16:04:31+00:00,7500.0,141.8,123.5,123.9,0.0,0.0,42.0,13.0,0.154311054019928,False,REGULAR,USD,2026-07-14,7451.7001953125,0.03625,call,1.0064817160408417,0.0986301369863013,123.7
SPXW260714C07525000,2026-06-05 16:04:31+00:00,7525.0,127.4,110.0,110.4,0.0,0.0,34.0,12.0,0.1512364387702942,False,REGULAR,USD,2026-07-14,7451.7001953125,0.03625,call,1.0098366550943112,0.0986301369863013,110.2
SPXW260714C07550000,2026-06-05 17:30:58+00:00,7550.0,90.3,96.9,98.2,-14.099998,-13.505746,1.0,9.0,0.1487664469909668,False,REGULAR,USD,2026-07-14,7451.7001953125,0.03625,call,1.0131915941477807,0.0986301369863013,97.55
SPXW260714C07575000,2026-06-08 14:11:41+00:00,7575.0,81.06,85.5,86.0,-1.8800049,-2.2667046,1.0,5.0,0.1454629521942138,False,REGULAR,USD,2026-07-14,7451.7001953125,0.03625,call,1.01654653320125,0.0986301369863013,85.75
SPXW260714C07600000,2026-06-08 14:11:41+00:00,7600.0,70.51,76.0,76.5,6.010002,9.317833,9.0,12.0,0.1443299984359741,False,REGULAR,USD,2026-07-14,7451.7001953125,0.03625,call,1.0199014722547195,0.0986301369863013,76.25
SPXW260714C07625000,2026-06-05 16:02:52+00:00,7625.0,75.8,66.0,66.5,0.0,0.0,4.0,3.0,0.1417684548377991,False,REGULAR,USD,2026-07-14,7451.7001953125,0.03625,call,1.023256411308189,0.0986301369863013,66.25
SPXW260714C07650000,2026-06-05 19:59:02+00:00,7650.0,45.0,57.2,57.7,0.0,0.0,15.0,10.0,0.1397142609024048,False,REGULAR,USD,2026-07-14,7451.7001953125,0.03625,call,1.0266113503616583,0.0986301369863013,57.45
SPXW260714C07675000,2026-06-05 16:03:22+00:00,7675.0,57.6,48.5,48.9,0.0,0.0,9.0,3.0,0.1366758849143982,False,REGULAR,USD,2026-07-14,7451.7001953125,0.03625,call,1.029966289415128,0.0986301369863013,48.7
SPXW260714C07700000,2026-06-08 14:16:38+00:00,7700.0,34.99,39.9,41.0,-0.19999695,-0.56833464,3.0,35.0,0.1337271534156799,False,REGULAR,USD,2026-07-14,7451.7001953125,0.03625,call,1.0333212284685975,0.0986301369863013,40.45
SPXW260714C07725000,2026-06-05 16:03:22+00:00,7725.0,41.7,34.7,35.2,0.0,0.0,9.0,3.0,0.1326876588058471,False,REGULAR,USD,2026-07-14,7451.7001953125,0.03625,call,1.0366761675220668,0.0986301369863013,34.95
SPXW260714C07750000,2026-06-08 14:16:38+00:00,7750.0,24.55,27.7,28.3,0.0,0.0,3.0,5.0,0.1288768143463134,False,REGULAR,USD,2026-07-14,7451.7001953125,0.03625,call,1.0400311065755363,0.0986301369863013,28.0
SPXW260714C07775000,2026-06-05 16:02:52+00:00,7775.0,28.2,23.1,23.7,0.0,0.0,11.0,4.0,0.1276027182006835,False,REGULAR,USD,2026-07-14,7451.7001953125,0.03625,call,1.0433860456290058,0.0986301369863013,23.4
SPXW260714C07800000,2026-06-05 15:54:54+00:00,7800.0,19.0,18.7,19.4,-4.799999,-20.168066,1.0,6.0,0.1257907551193237,False,REGULAR,USD,2026-07-14,7451.7001953125,0.03625,call,1.0467409846824751,0.0986301369863013,19.05
SPXW260714C07825000,2026-06-08 13:53:21+00:00,7825.0,15.6,15.6,16.4,-3.83,-19.711786,1.0,10.0,0.1255428022766113,False,REGULAR,USD,2026-07-14,7451.7001953125,0.03625,call,1.0500959237359448,0.0986301369863013,16.0
SPXW260714C07850000,2026-06-05 17:34:17+00:00,7850.0,13.6,13.3,13.8,0.0,0.0,34.0,30.0,0.1253139227294922,False,REGULAR,USD,2026-07-14,7451.7001953125,0.03625,call,1.0534508627894144,0.0986301369863013,13.55
SPXW260714C07875000,2026-06-05 16:52:26+00:00,7875.0,12.06,10.3,10.8,0.0,0.0,4.0,4.0,0.123032756576538,False,REGULAR,USD,2026-07-14,7451.7001953125,0.03625,call,1.0568058018428836,0.0986301369863013,10.55
SPXW260714C07900000,2026-06-08 14:44:30+00:00,7900.0,7.56,8.7,9.1,-3.0899997,-29.014082,1.0,3.0,0.1232692654418945,False,REGULAR,USD,2026-07-14,7451.7001953125,0.03625,call,1.0601607408963531,0.0986301369863013,8.899999999999999
SPXW260714C08000000,2026-06-08 14:44:30+00:00,8000.0,3.16,3.4,3.8,0.26,8.965517,2.0,2.0,0.1208431422424316,False,REGULAR,USD,2026-07-14,7451.7001953125,0.03625,call,1.0735804971102312,0.0986301369863013,3.6
SPXW260716C07400000,2026-06-08 13:43:08+00:00,7400.0,181.5,190.9,192.0,17.619995,10.751766,20.0,18.0,0.1699206391334534,True,REGULAR,USD,2026-07-16,7451.7001953125,0.03625,call,0.9930619598269638,0.1041095890410958,191.45
SPXW260716C07425000,2026-06-05 16:02:23+00:00,7425.0,194.9,174.7,175.5,0.0,0.0,2.0,1.0,0.1664931679153443,True,REGULAR,USD,2026-07-16,7451.7001953125,0.03625,call,0.9964168988804332,0.1041095890410958,175.1
SPXW260716C07450000,2026-06-05 18:58:44+00:00,7450.0,161.84,161.6,162.3,16.839996,11.6137905,1.0,6.0,0.1658675638198853,True,REGULAR,USD,2026-07-16,7451.7001953125,0.03625,call,0.9997718379339028,0.1041095890410958,161.95
SPXW260716C07475000,2026-06-05 16:39:51+00:00,7475.0,155.6,143.5,144.7,0.0,0.0,3.0,3.0,0.1600807259368896,False,REGULAR,USD,2026-07-16,7451.7001953125,0.03625,call,1.0031267769873722,0.1041095890410958,144.1
SPXW260716C07500000,2026-06-08 14:47:12+00:00,7500.0,131.67,131.5,132.3,14.169998,12.059572,1.0,6.0,0.1589878260993958,False,REGULAR,USD,2026-07-16,7451.7001953125,0.03625,call,1.0064817160408417,0.1041095890410958,131.9
SPXW260716C07525000,2026-06-05 16:04:32+00:00,7525.0,133.1,114.5,115.5,0.0,0.0,4.0,7.0,0.152632604007721,False,REGULAR,USD,2026-07-16,7451.7001953125,0.03625,call,1.0098366550943112,0.1041095890410958,115.0
SPXW260716C07550000,2026-06-05 16:04:32+00:00,7550.0,119.1,102.0,103.1,0.0,0.0,8.0,14.0,0.1500977630233764,False,REGULAR,USD,2026-07-16,7451.7001953125,0.03625,call,1.0131915941477807,0.1041095890410958,102.55
SPXW260716C07575000,2026-06-05 16:04:32+00:00,7575.0,106.0,90.6,92.3,0.0,0.0,4.0,5.0,0.1485070501708984,False,REGULAR,USD,2026-07-16,7451.7001953125,0.03625,call,1.01654653320125,0.1041095890410958,91.45
SPXW260716C07600000,2026-06-05 19:35:11+00:00,7600.0,68.02,81.4,81.9,0.0,0.0,3.0,25.0,0.146586369304657,False,REGULAR,USD,2026-07-16,7451.7001953125,0.03625,call,1.0199014722547195,0.1041095890410958,81.65
SPXW260716C07625000,2026-06-08 15:28:20+00:00,7625.0,72.5,69.7,70.7,14.200001,24.356777,7.0,16.0,0.1429242965507507,False,REGULAR,USD,2026-07-16,7451.7001953125,0.03625,call,1.023256411308189,0.1041095890410958,70.2
SPXW260716C07675000,2026-06-05 14:54:59+00:00,7675.0,55.7,53.7,54.2,-14.240002,-20.36031,2.0,2.0,0.1398077200508118,False,REGULAR,USD,2026-07-16,7451.7001953125,0.03625,call,1.029966289415128,0.1041095890410958,53.95
SPXW260716C07700000,2026-06-08 15:28:53+00:00,7700.0,45.8,44.8,45.8,9.52,26.240355,10.0,4.0,0.1366892362213135,False,REGULAR,USD,2026-07-16,7451.7001953125,0.03625,call,1.0333212284685975,0.1041095890410958,45.3
SPXW260716C07725000,2026-06-08 13:42:10+00:00,7725.0,36.37,38.9,39.5,-7.75,-17.565731,3.0,32.0,0.1353808081436157,False,REGULAR,USD,2026-07-16,7451.7001953125,0.03625,call,1.0366761675220668,0.1041095890410958,39.2
SPXW260716C07750000,2026-06-08 13:42:10+00:00,7750.0,30.77,31.7,32.3,5.040001,19.588034,3.0,45.0,0.1317568819808959,False,REGULAR,USD,2026-07-16,7451.7001953125,0.03625,call,1.0400311065755363,0.1041095890410958,32.0
SPXW260716C07775000,2026-06-08 01:22:05+00:00,7775.0,20.67,27.2,27.6,-0.8500004,-3.9498158,12.0,24.0,0.1308756957244873,False,REGULAR,USD,2026-07-16,7451.7001953125,0.03625,call,1.0433860456290058,0.1041095890410958,27.4
SPXW260716C07800000,2026-06-05 19:46:51+00:00,7800.0,17.92,22.5,23.1,0.0,0.0,11.0,34.0,0.1293994226455688,False,REGULAR,USD,2026-07-16,7451.7001953125,0.03625,call,1.0467409846824751,0.1041095890410958,22.8
SPXW260716C07825000,2026-06-08 01:22:05+00:00,7825.0,14.17,18.1,18.6,-10.309999,-42.116013,12.0,4.0,0.1268130837631225,False,REGULAR,USD,2026-07-16,7451.7001953125,0.03625,call,1.0500959237359448,0.1041095890410958,18.35
SPXW260716C07850000,2026-06-05 19:30:10+00:00,7850.0,12.98,15.0,15.9,0.0,0.0,6.0,11.0,0.1268245277404785,False,REGULAR,USD,2026-07-16,7451.7001953125,0.03625,call,1.0534508627894144,0.1041095890410958,15.45
SPXW260716C07875000,2026-06-08 13:42:33+00:00,7875.0,12.04,12.5,13.1,-22.399998,-65.04065,3.0,22.0,0.1257602378463745,False,REGULAR,USD,2026-07-16,7451.7001953125,0.03625,call,1.0568058018428836,0.1041095890410958,12.8
SPXW260716C07900000,2026-06-08 13:42:33+00:00,7900.0,9.85,10.3,10.7,3.5500002,56.34921,7.0,65.0,0.1246997626113891,False,REGULAR,USD,2026-07-16,7451.7001953125,0.03625,call,1.0601607408963531,0.1041095890410958,10.5
SPXW260716C08000000,2026-06-08 15:17:23+00:00,8000.0,4.84,4.5,4.9,1.0400002,27.368427,5.0,49.0,0.123231118850708,False,REGULAR,USD,2026-07-16,7451.7001953125,0.03625,call,1.0735804971102312,0.1041095890410958,4.7
SPXW260716C08100000,2026-06-08 15:17:23+00:00,8100.0,2.15,1.95,2.15,0.25000012,13.157901,7.0,9.0,0.1227657304382324,False,REGULAR,USD,2026-07-16,7451.7001953125,0.03625,call,1.087000253324109,0.1041095890410958,2.05
SPXW260716C08200000,2026-06-05 19:19:31+00:00,8200.0,0.8,1.0,1.2,0.0,0.0,1.0,29.0,0.1273280627441406,False,REGULAR,USD,2026-07-16,7451.7001953125,0.03625,call,1.1004200095379868,0.1041095890410958,1.1
SPXW260717C07380000,2026-06-05 20:02:39+00:00,7380.0,171.0,208.8,211.0,0.0,0.0,11.0,80.0,0.1762071973609924,True,REGULAR,USD,2026-07-17,7451.7001953125,0.03625,call,0.9903780085841882,0.1068493150684931,209.9
SPXW260717C07385000,2026-06-05 19:34:27+00:00,7385.0,182.67,204.7,205.8,0.0,0.0,100.0,83.0,0.1736876150131225,True,REGULAR,USD,2026-07-17,7451.7001953125,0.03625,call,0.991048996394882,0.1068493150684931,205.25
SPXW260717C07390000,2026-06-05 19:23:17+00:00,7390.0,174.64,202.0,204.2,0.0,0.0,4.0,78.0,0.1748682520103454,True,REGULAR,USD,2026-07-17,7451.7001953125,0.03625,call,0.991719984205576,0.1068493150684931,203.1
SPX260717C07395000,2026-06-04 16:39:13+00:00,7395.0,291.78,196.8,197.9,0.0,0.0,1.0,133.0,0.1711794766426086,True,REGULAR,USD,2026-07-17,7451.7001953125,0.03625,call,0.99239097201627,0.1068493150684931,197.35
SPX260717C07400000,2026-06-08 15:25:18+00:00,7400.0,201.53,194.1,195.3,40.53,25.173914,37.0,15451.0,0.1712843797683715,True,REGULAR,USD,2026-07-17,7451.7001953125,0.03625,call,0.9930619598269638,0.1068493150684931,194.7
SPXW260717C07405000,2026-06-05 20:08:24+00:00,7405.0,155.38,192.2,193.0,0.0,0.0,1.0,18.0,0.1716734749984741,True,REGULAR,USD,2026-07-17,7451.7001953125,0.03625,call,0.9937329476376576,0.1068493150684931,192.6
SPXW260717C07410000,2026-06-08 13:58:51+00:00,7410.0,184.5,188.8,189.6,-42.300003,-18.650795,2.0,152.0,0.1709086358451843,True,REGULAR,USD,2026-07-17,7451.7001953125,0.03625,call,0.9944039354483516,0.1068493150684931,189.2
SPX260717C07415000,2026-06-05 19:52:20+00:00,7415.0,168.19,184.2,185.3,0.0,0.0,7.0,154.0,0.1692015758895874,True,REGULAR,USD,2026-07-17,7451.7001953125,0.03625,call,0.9950749232590456,0.1068493150684931,184.75
SPXW260717C07420000,2026-06-08 15:24:51+00:00,7420.0,190.82,185.0,185.8,25.200012,15.215562,2.0,300.0,0.1723791869354248,True,REGULAR,USD,2026-07-17,7451.7001953125,0.03625,call,0.9957459110697392,0.1068493150684931,185.4
SPXW260717C07425000,2026-06-08 15:23:22+00:00,7425.0,184.41,177.9,178.7,20.949997,12.816589,6.0,109.0,0.1677672640609741,True,REGULAR,USD,2026-07-17,7451.7001953125,0.03625,call,0.9964168988804332,0.1068493150684931,178.3
SPXW260717C07430000,2026-06-08 15:17:20+00:00,7430.0,183.09,175.8,176.7,42.309998,30.053986,2.0,73.0,0.1683413702583313,True,REGULAR,USD,2026-07-17,7451.7001953125,0.03625,call,0.9970878866911272,0.1068493150684931,176.25
SPXW260717C07435000,2026-06-05 18:15:36+00:00,7435.0,169.35,172.2,174.0,0.0,0.0,3.0,11.0,0.1681773399162292,True,REGULAR,USD,2026-07-17,7451.7001953125,0.03625,call,0.997758874501821,0.1068493150684931,173.1
SPXW260717C07440000,2026-06-05 19:48:47+00:00,7440.0,169.84,168.5,169.0,18.34999,12.113004,1.0,107.0,0.1656482209205627,True,REGULAR,USD,2026-07-17,7451.7001953125,0.03625,call,0.998429862312515,0.1068493150684931,168.75
SPXW260717C07445000,2026-06-05 20:07:58+00:00,7445.0,132.1,168.4,169.0,0.0,0.0,30.0,53.0,0.1681830619049072,True,REGULAR,USD,2026-07-17,7451.7001953125,0.03625,call,0.9991008501232088,0.1068493150684931,168.7
SPXW260717C07450000,2026-06-08 15:24:51+00:00,7450.0,171.14,165.6,166.2,26.270004,18.133503,82.0,903.0,0.1678435572433472,True,REGULAR,USD,2026-07-17,7451.7001953125,0.03625,call,0.9997718379339028,0.1068493150684931,165.89999999999998
SPXW260717C07455000,2026-06-08 15:23:22+00:00,7455.0,164.99,159.9,160.6,-2.0399933,-1.2213335,1.0,20.0,0.1646354289245605,False,REGULAR,USD,2026-07-17,7451.7001953125,0.03625,call,1.0004428257445963,0.1068493150684931,160.25
SPXW260717C07460000,2026-06-05 17:52:03+00:00,7460.0,163.86,156.6,158.2,0.0,0.0,5.0,55.0,0.1646545022201538,False,REGULAR,USD,2026-07-17,7451.7001953125,0.03625,call,1.0011138135552906,0.1068493150684931,157.39999999999998
SPX260717C07465000,2026-06-08 14:44:43+00:00,7465.0,147.58,153.6,154.5,18.779999,14.580744,52.0,32.0,0.1633289081764221,False,REGULAR,USD,2026-07-17,7451.7001953125,0.03625,call,1.0017848013659845,0.1068493150684931,154.05
SPXW260717C07470000,2026-06-05 19:18:05+00:00,7470.0,145.35,152.8,153.6,20.690002,16.597145,1.0,56.0,0.1648223472213745,False,REGULAR,USD,2026-07-17,7451.7001953125,0.03625,call,1.0024557891766783,0.1068493150684931,153.2
SPXW260717C07475000,2026-06-05 19:18:05+00:00,7475.0,121.16,147.1,147.8,0.0,0.0,19.0,100.0,0.161310953502655,False,REGULAR,USD,2026-07-17,7451.7001953125,0.03625,call,1.0031267769873722,0.1068493150684931,147.45
SPXW260717C07480000,2026-06-05 19:24:22+00:00,7480.0,141.1,144.1,145.2,18.250008,14.855521,2.0,51.0,0.1610267613983154,False,REGULAR,USD,2026-07-17,7451.7001953125,0.03625,call,1.003797764798066,0.1068493150684931,144.64999999999998
SPX260717C07485000,2026-06-08 14:30:28+00:00,7485.0,136.33,140.5,141.5,14.330002,11.745904,101.0,95.0,0.1595962642288207,False,REGULAR,USD,2026-07-17,7451.7001953125,0.03625,call,1.00446875260876,0.1068493150684931,141.0
SPXW260717C07490000,2026-06-05 19:58:55+00:00,7490.0,133.9,141.3,141.8,13.019997,10.771009,1.0,143.0,0.1622131203842163,False,REGULAR,USD,2026-07-17,7451.7001953125,0.03625,call,1.005139740419454,0.1068493150684931,141.55
SPXW260717C07495000,2026-06-05 16:16:18+00:00,7495.0,150.76,135.4,136.5,0.0,0.0,4.0,60.0,0.159100358543396,False,REGULAR,USD,2026-07-17,7451.7001953125,0.03625,call,1.0058107282301478,0.1068493150684931,135.95
SPX260717C07500000,2026-06-08 15:22:08+00:00,7500.0,136.3,133.4,134.3,37.61,38.10923,884.0,14445.0,0.1591194318389892,False,REGULAR,USD,2026-07-17,7451.7001953125,0.03625,call,1.0064817160408417,0.1068493150684931,133.85000000000002
SPXW260717C07505000,2026-06-05 20:00:57+00:00,7505.0,109.0,132.4,133.0,0.0,0.0,16.0,199.0,0.1600330426979065,False,REGULAR,USD,2026-07-17,7451.7001953125,0.03625,call,1.0071527038515355,0.1068493150684931,132.7
SPX260717C07510000,2026-06-08 14:38:35+00:00,7510.0,123.2,127.0,127.9,4.959999,4.194857,56.0,247.0,0.1570328133010864,False,REGULAR,USD,2026-07-17,7451.7001953125,0.03625,call,1.0078236916622294,0.1068493150684931,127.45
SPXW260717C07515000,2026-06-05 16:05:35+00:00,7515.0,140.36,124.8,125.4,0.0,0.0,86.0,114.0,0.1566646986961364,False,REGULAR,USD,2026-07-17,7451.7001953125,0.03625,call,1.0084946794729233,0.1068493150684931,125.1
SPX260717C07520000,2026-06-08 14:16:23+00:00,7520.0,113.32,122.3,123.3,-5.6800003,-4.7731094,23.0,1116.0,0.1566799573326111,False,REGULAR,USD,2026-07-17,7451.7001953125,0.03625,call,1.0091656672836171,0.1068493150684931,122.8
SPX260717C07525000,2026-06-08 15:22:08+00:00,7525.0,122.75,117.7,118.6,35.730003,41.059532,20.0,3115.0,0.1539906226539611,False,REGULAR,USD,2026-07-17,7451.7001953125,0.03625,call,1.0098366550943112,0.1068493150684931,118.15
SPX260717C07530000,2026-06-08 14:38:34+00:00,7530.0,121.33,118.6,119.5,21.190002,21.160378,9.0,220.0,0.1570442572784424,False,REGULAR,USD,2026-07-17,7451.7001953125,0.03625,call,1.010507642905005,0.1068493150684931,119.05
SPXW260717C07535000,2026-06-05 19:58:55+00:00,7535.0,116.84,113.4,114.0,18.64,18.98167,1.0,19.0,0.1534661070251465,False,REGULAR,USD,2026-07-17,7451.7001953125,0.03625,call,1.011178630715699,0.1068493150684931,113.7
SPXW260717C07540000,2026-06-05 19:42:06+00:00,7540.0,107.7,111.6,112.2,13.5,14.331211,6.0,52.0,0.1536816352653503,False,REGULAR,USD,2026-07-17,7451.7001953125,0.03625,call,1.0118496185263928,0.1068493150684931,111.9
SPXW260717C07545000,2026-06-05 20:10:33+00:00,7545.0,81.38,109.1,109.6,0.0,0.0,2.0,72.0,0.1530388652038574,False,REGULAR,USD,2026-07-17,7451.7001953125,0.03625,call,1.0125206063370866,0.1068493150684931,109.35
SPX260717C07550000,2026-06-08 15:22:08+00:00,7550.0,109.45,106.5,107.4,28.25,34.79064,154.0,6992.0,0.1527832830429077,False,REGULAR,USD,2026-07-17,7451.7001953125,0.03625,call,1.0131915941477807,0.1068493150684931,106.95
SPXW260717C07555000,2026-06-05 14:08:10+00:00,7555.0,132.2,104.1,104.8,0.0,0.0,8.0,28.0,0.1520813857650756,False,REGULAR,USD,2026-07-17,7451.7001953125,0.03625,call,1.0138625819584746,0.1068493150684931,104.45
SPX260717C07560000,2026-06-05 18:59:54+00:00,7560.0,90.72,100.3,101.1,0.0,0.0,169.0,311.0,0.1501912221717835,False,REGULAR,USD,2026-07-17,7451.7001953125,0.03625,call,1.0145335697691684,0.1068493150684931,100.7
SPXW260717C07565000,2026-06-05 15:00:48+00:00,7565.0,128.95,99.3,99.8,0.0,0.0,42.0,51.0,0.1507939383125305,False,REGULAR,USD,2026-07-17,7451.7001953125,0.03625,call,1.0152045575798625,0.1068493150684931,99.55
SPXW260717C07570000,2026-06-05 15:40:31+00:00,7570.0,112.13,96.4,97.3,0.0,0.0,1.0,29.0,0.1501034850120544,False,REGULAR,USD,2026-07-17,7451.7001953125,0.03625,call,1.015875545390556,0.1068493150684931,96.85
SPX260717C07575000,2026-06-08 15:15:22+00:00,7575.0,98.56,93.5,94.6,20.199997,25.778456,12.0,4002.0,0.1491669861984252,False,REGULAR,USD,2026-07-17,7451.7001953125,0.03625,call,1.01654653320125,0.1068493150684931,94.05
SPXW260717C07580000,2026-06-08 13:58:03+00:00,7580.0,85.42,91.7,92.8,9.269997,12.173337,7.0,103.0,0.149159356880188,False,REGULAR,USD,2026-07-17,7451.7001953125,0.03625,call,1.017217521011944,0.1068493150684931,92.25
SPXW260717C07585000,2026-06-08 15:12:57+00:00,7585.0,95.1,89.4,90.0,-9.700005,-9.25573,5.0,68.0,0.1480492910766602,False,REGULAR,USD,2026-07-17,7451.7001953125,0.03625,call,1.017888508822638,0.1068493150684931,89.7
SPXW260717C07590000,2026-06-05 15:37:28+00:00,7590.0,91.48,87.6,88.4,-12.619995,-12.122954,1.0,48.0,0.1481980627822876,False,REGULAR,USD,2026-07-17,7451.7001953125,0.03625,call,1.0185594966333318,0.1068493150684931,88.0
SPX260717C07595000,2026-06-08 15:15:56+00:00,7595.0,89.08,84.0,85.0,-10.32,-10.382294,55.0,86.0,0.1463670264053344,False,REGULAR,USD,2026-07-17,7451.7001953125,0.03625,call,1.0192304844440256,0.1068493150684931,84.5
SPX260717C07600000,2026-06-08 15:22:11+00:00,7600.0,85.5,82.1,83.1,26.8,45.655876,537.0,17930.0,0.1461267028808593,False,REGULAR,USD,2026-07-17,7451.7001953125,0.03625,call,1.0199014722547195,0.1068493150684931,82.6
SPX260717C07605000,2026-06-08 14:02:36+00:00,7605.0,75.67,78.3,79.3,18.279999,31.852238,5.0,142.0,0.1437654288864135,False,REGULAR,USD,2026-07-17,7451.7001953125,0.03625,call,1.0205724600654134,0.1068493150684931,78.8
SPX260717C07610000,2026-06-08 14:39:48+00:00,7610.0,74.9,77.4,78.2,8.290001,12.4455805,84.0,493.0,0.14434144241333,False,REGULAR,USD,2026-07-17,7451.7001953125,0.03625,call,1.0212434478761074,0.1068493150684931,77.80000000000001
SPX260717C07615000,2026-06-05 20:07:44+00:00,7615.0,54.9,77.9,78.6,0.0,0.0,104.0,187.0,0.1465615740203857,False,REGULAR,USD,2026-07-17,7451.7001953125,0.03625,call,1.0219144356868013,0.1068493150684931,78.25
SPX260717C07620000,2026-06-05 19:44:32+00:00,7620.0,60.93,73.7,74.6,0.0,0.0,126.0,180.0,0.1438569807052612,False,REGULAR,USD,2026-07-17,7451.7001953125,0.03625,call,1.0225854234974951,0.1068493150684931,74.15
SPX260717C07625000,2026-06-08 15:16:57+00:00,7625.0,75.82,71.5,72.4,15.400002,25.488253,383.0,1603.0,0.1431169368362427,False,REGULAR,USD,2026-07-17,7451.7001953125,0.03625,call,1.023256411308189,0.1068493150684931,71.95
SPX260717C07630000,2026-06-05 18:24:41+00:00,7630.0,67.5,69.5,70.4,0.0,0.0,112.0,487.0,0.1425676259231567,False,REGULAR,USD,2026-07-17,7451.7001953125,0.03625,call,1.0239273991188829,0.1068493150684931,69.95
SPX260717C07635000,2026-06-08 15:23:50+00:00,7635.0,71.15,68.1,68.9,9.670002,15.728695,1.0,135.0,0.1425561819458007,False,REGULAR,USD,2026-07-17,7451.7001953125,0.03625,call,1.0245983869295767,0.1068493150684931,68.5
SPX260717C07640000,2026-06-08 14:47:10+00:00,7640.0,66.55,66.0,66.8,-61.550003,-48.0484,5.0,185.0,0.1418237673950195,False,REGULAR,USD,2026-07-17,7451.7001953125,0.03625,call,1.0252693747402708,0.1068493150684931,66.4
SPX260717C07645000,2026-06-05 18:27:01+00:00,7645.0,60.08,64.1,64.9,0.0,0.0,100.0,176.0,0.1412859004592895,False,REGULAR,USD,2026-07-17,7451.7001953125,0.03625,call,1.0259403625509649,0.1068493150684931,64.5
SPX260717C07650000,2026-06-08 14:47:10+00:00,7650.0,65.4,62.3,63.1,20.32,45.07542,1729.0,4764.0,0.1408281413650512,False,REGULAR,USD,2026-07-17,7451.7001953125,0.03625,call,1.0266113503616583,0.1068493150684931,62.7
SPXW260717C07655000,2026-06-08 14:30:26+00:00,7655.0,59.1,61.7,62.2,4.779999,8.799704,5.0,13.0,0.1414003402328491,False,REGULAR,USD,2026-07-17,7451.7001953125,0.03625,call,1.0272823381723524,0.1068493150684931,61.95
SPX260717C07660000,2026-06-08 14:52:48+00:00,7660.0,59.75,60.3,61.0,17.080002,40.02813,1.0,801.0,0.1415948878479004,False,REGULAR,USD,2026-07-17,7451.7001953125,0.03625,call,1.0279533259830462,0.1068493150684931,60.65
SPXW260717C07665000,2026-06-08 15:26:33+00:00,7665.0,60.37,58.3,58.9,10.369999,20.739998,9.0,35.0,0.1406850916481018,False,REGULAR,USD,2026-07-17,7451.7001953125,0.03625,call,1.02862431379374,0.1068493150684931,58.6
SPX260717C07670000,2026-06-08 14:16:28+00:00,7670.0,49.6,55.3,56.1,9.82,24.685772,5.0,676.0,0.1388769432258606,False,REGULAR,USD,2026-07-17,7451.7001953125,0.03625,call,1.0292953016044342,0.1068493150684931,55.7
SPXW260717C07675000,2026-06-05 16:39:29+00:00,7675.0,50.57,54.6,55.0,-10.700001,-17.463688,1.0,129.0,0.1390962861251831,False,REGULAR,USD,2026-07-17,7451.7001953125,0.03625,call,1.029966289415128,0.1068493150684931,54.8
SPXW260717C07680000,2026-06-05 19:59:32+00:00,7680.0,53.57,53.2,53.5,10.139999,23.347914,1.0,90.0,0.1387949280548095,False,REGULAR,USD,2026-07-17,7451.7001953125,0.03625,call,1.030637277225822,0.1068493150684931,53.35
SPXW260717C07685000,2026-06-08 14:38:41+00:00,7685.0,49.85,51.8,52.1,7.0,16.336056,2.0,69.0,0.1385851218032837,False,REGULAR,USD,2026-07-17,7451.7001953125,0.03625,call,1.0313082650365155,0.1068493150684931,51.95
SPX260717C07690000,2026-06-08 14:53:57+00:00,7690.0,49.76,50.8,51.4,10.059998,25.340044,9.0,256.0,0.1392278918647766,False,REGULAR,USD,2026-07-17,7451.7001953125,0.03625,call,1.0319792528472096,0.1068493150684931,51.1
SPXW260717C07695000,2026-06-03 18:20:06+00:00,7695.0,94.0,48.2,48.7,0.0,0.0,1.0,30.0,0.1372995816802979,False,REGULAR,USD,2026-07-17,7451.7001953125,0.03625,call,1.0326502406579037,0.1068493150684931,48.45
SPXW260717C07700000,2026-06-08 15:02:34+00:00,7700.0,50.5,47.4,47.8,17.599998,53.495434,99.0,716.0,0.1376276423645019,False,REGULAR,USD,2026-07-17,7451.7001953125,0.03625,call,1.0333212284685975,0.1068493150684931,47.6
SPXW260717C07705000,2026-06-05 19:54:30+00:00,7705.0,39.0,46.3,46.6,0.0,0.0,3.0,14.0,0.1375456271934509,False,REGULAR,USD,2026-07-17,7451.7001953125,0.03625,call,1.0339922162792914,0.1068493150684931,46.45
SPX260717C07710000,2026-06-08 13:38:01+00:00,7710.0,40.8,42.6,43.5,4.549999,12.551723,2.0,1026.0,0.1349077904129028,False,REGULAR,USD,2026-07-17,7451.7001953125,0.03625,call,1.0346632040899852,0.1068493150684931,43.05
SPX260717C07715000,2026-06-05 18:32:48+00:00,7715.0,39.03,42.1,42.7,0.0,0.0,455.0,652.0,0.1352739976882935,False,REGULAR,USD,2026-07-17,7451.7001953125,0.03625,call,1.035334191900679,0.1068493150684931,42.400000000000006
SPX260717C07720000,2026-06-08 13:49:13+00:00,7720.0,38.39,40.5,41.1,9.15,31.292747,2.0,560.0,0.1345282318305969,False,REGULAR,USD,2026-07-17,7451.7001953125,0.03625,call,1.036005179711373,0.1068493150684931,40.8
SPXW260717C07725000,2026-06-08 14:21:08+00:00,7725.0,36.05,40.9,41.5,2.0200005,5.9359403,16.0,1309.0,0.1364927812767029,False,REGULAR,USD,2026-07-17,7451.7001953125,0.03625,call,1.0366761675220668,0.1068493150684931,41.2
SPXW260717C07730000,2026-06-08 13:58:19+00:00,7730.0,35.4,38.4,39.0,4.6500015,15.121956,20.0,151.0,0.1344347726821899,False,REGULAR,USD,2026-07-17,7451.7001953125,0.03625,call,1.037347155332761,0.1068493150684931,38.7
SPX260717C07735000,2026-06-05 18:31:35+00:00,7735.0,34.44,37.0,37.5,0.0,0.0,1.0,59.0,0.1337061727905273,False,REGULAR,USD,2026-07-17,7451.7001953125,0.03625,call,1.0380181431434548,0.1068493150684931,37.25
SPX260717C07740000,2026-06-08 14:43:22+00:00,7740.0,32.8,35.6,36.2,5.0,17.985613,12.0,535.0,0.1332140817642211,False,REGULAR,USD,2026-07-17,7451.7001953125,0.03625,call,1.0386891309541486,0.1068493150684931,35.900000000000006
SPXW260717C07745000,2026-06-08 14:39:25+00:00,7745.0,33.8,34.7,35.4,3.4699993,11.440816,2.0,16.0,0.1334105367088318,False,REGULAR,USD,2026-07-17,7451.7001953125,0.03625,call,1.0393601187648425,0.1068493150684931,35.05
SPXW260717C07750000,2026-06-08 15:16:56+00:00,7750.0,36.8,34.4,34.7,9.4,34.30657,16.0,466.0,0.1337328754043579,False,REGULAR,USD,2026-07-17,7451.7001953125,0.03625,call,1.0400311065755363,0.1068493150684931,34.55
SPX260717C07755000,2026-06-05 19:39:13+00:00,7755.0,27.19,31.6,32.5,0.0,0.0,7.0,56.0,0.1317797699356079,False,REGULAR,USD,2026-07-17,7451.7001953125,0.03625,call,1.0407020943862302,0.1068493150684931,32.05
SPX260717C07760000,2026-06-08 14:14:28+00:00,7760.0,29.1,32.1,32.7,5.0,20.746887,33.0,600.0,0.1334010000610351,False,REGULAR,USD,2026-07-17,7451.7001953125,0.03625,call,1.0413730821969245,0.1068493150684931,32.400000000000006
SPXW260717C07765000,2026-06-08 14:24:11+00:00,7765.0,28.7,31.5,32.1,-3.8099976,-11.719464,18.0,28.0,0.1338015392684936,False,REGULAR,USD,2026-07-17,7451.7001953125,0.03625,call,1.042044070007618,0.1068493150684931,31.8
SPXW260717C07770000,2026-06-08 14:11:52+00:00,7770.0,28.07,30.1,30.4,7.4699993,36.26213,46.0,139.0,0.1324683159065246,False,REGULAR,USD,2026-07-17,7451.7001953125,0.03625,call,1.042715057818312,0.1068493150684931,30.25
SPX260717C07775000,2026-06-08 15:28:07+00:00,7775.0,29.4,28.5,29.2,6.59,28.890839,62.0,3160.0,0.1318560631179809,False,REGULAR,USD,2026-07-17,7451.7001953125,0.03625,call,1.0433860456290058,0.1068493150684931,28.85
SPX260717C07780000,2026-06-08 15:23:50+00:00,7780.0,28.65,27.5,28.1,6.6900005,30.464485,14.0,371.0,0.1313563427734375,False,REGULAR,USD,2026-07-17,7451.7001953125,0.03625,call,1.0440570334396997,0.1068493150684931,27.8
SPXW260717C07785000,2026-06-08 13:49:48+00:00,7785.0,26.05,27.0,27.7,-1.9500008,-6.964288,1.0,8.0,0.1319666882324218,False,REGULAR,USD,2026-07-17,7451.7001953125,0.03625,call,1.0447280212503935,0.1068493150684931,27.35
SPXW260717C07790000,2026-06-08 14:26:21+00:00,7790.0,24.77,25.8,26.6,2.3100014,10.284958,10.0,144.0,0.131394489364624,False,REGULAR,USD,2026-07-17,7451.7001953125,0.03625,call,1.0453990090610876,0.1068493150684931,26.200000000000003
SPX260717C07795000,2026-06-08 13:34:18+00:00,7795.0,24.9,24.4,24.9,4.699999,23.26732,5.0,4439.0,0.1297503712844848,False,REGULAR,USD,2026-07-17,7451.7001953125,0.03625,call,1.0460699968717817,0.1068493150684931,24.65
SPX260717C07800000,2026-06-08 15:18:02+00:00,7800.0,25.15,23.5,24.0,8.76,53.447227,574.0,13497.0,0.1294070519638061,False,REGULAR,USD,2026-07-17,7451.7001953125,0.03625,call,1.0467409846824751,0.1068493150684931,23.75
SPX260717C07805000,2026-06-05 19:46:49+00:00,7805.0,18.1,22.6,23.1,0.0,0.0,3.0,181.0,0.1290236787223816,False,REGULAR,USD,2026-07-17,7451.7001953125,0.03625,call,1.0474119724931692,0.1068493150684931,22.85
SPX260717C07810000,2026-06-08 12:04:43+00:00,7810.0,22.0,21.9,22.4,3.9500008,21.883661,1.0,493.0,0.1289607368469238,False,REGULAR,USD,2026-07-17,7451.7001953125,0.03625,call,1.048082960303863,0.1068493150684931,22.15
SPXW260717C07815000,2026-06-05 19:15:06+00:00,7815.0,17.05,22.1,22.5,0.0,0.0,12.0,36.0,0.1303340141296386,False,REGULAR,USD,2026-07-17,7451.7001953125,0.03625,call,1.048753948114557,0.1068493150684931,22.3
SPXW260717C07820000,2026-06-08 13:58:16+00:00,7820.0,18.92,21.2,21.5,-6.8099995,-26.467157,20.0,108.0,0.1296740781021118,False,REGULAR,USD,2026-07-17,7451.7001953125,0.03625,call,1.049424935925251,0.1068493150684931,21.35
SPX260717C07825000,2026-06-08 15:03:50+00:00,7825.0,20.75,20.3,20.8,4.8500004,30.503147,16.0,6413.0,0.129529121055603,False,REGULAR,USD,2026-07-17,7451.7001953125,0.03625,call,1.0500959237359448,0.1068493150684931,20.55
SPX260717C07830000,2026-06-05 19:35:54+00:00,7830.0,15.2,18.8,19.3,0.0,0.0,27.0,456.0,0.1277934511566162,False,REGULAR,USD,2026-07-17,7451.7001953125,0.03625,call,1.0507669115466387,0.1068493150684931,19.05
SPXW260717C07835000,2026-06-08 01:42:51+00:00,7835.0,15.06,18.8,19.3,-28.079998,-65.0904,1.0,3.0,0.1289378488922119,False,REGULAR,USD,2026-07-17,7451.7001953125,0.03625,call,1.0514378993573326,0.1068493150684931,19.05
SPXW260717C07840000,2026-06-08 07:21:44+00:00,7840.0,15.7,18.0,18.5,1.21,8.350587,33.0,126.0,0.1284839044570923,False,REGULAR,USD,2026-07-17,7451.7001953125,0.03625,call,1.0521088871680264,0.1068493150684931,18.25
SPX260717C07845000,2026-06-05 19:46:35+00:00,7845.0,13.28,17.3,17.8,0.0,0.0,5.0,73.0,0.1281825463867187,False,REGULAR,USD,2026-07-17,7451.7001953125,0.03625,call,1.0527798749787205,0.1068493150684931,17.55
SPX260717C07850000,2026-06-08 15:18:02+00:00,7850.0,17.52,16.9,17.3,7.4700003,74.328354,751.0,12333.0,0.1282626542282104,False,REGULAR,USD,2026-07-17,7451.7001953125,0.03625,call,1.0534508627894144,0.1068493150684931,17.1
SPXW260717C07855000,2026-06-05 15:11:54+00:00,7855.0,21.98,16.5,16.9,0.0,0.0,1.0,42.0,0.1285296803665161,False,REGULAR,USD,2026-07-17,7451.7001953125,0.03625,call,1.0541218506001082,0.1068493150684931,16.7
SPXW260717C07860000,2026-06-05 20:00:11+00:00,7860.0,15.52,15.6,15.9,3.8100004,32.536297,1.0,116.0,0.1274653904724121,False,REGULAR,USD,2026-07-17,7451.7001953125,0.03625,call,1.054792838410802,0.1068493150684931,15.75
SPX260717C07865000,2026-06-05 15:42:34+00:00,7865.0,17.93,14.9,15.5,0.0,0.0,7.0,6.0,0.1276713820648193,False,REGULAR,USD,2026-07-17,7451.7001953125,0.03625,call,1.055463826221496,0.1068493150684931,15.2
SPX260717C07870000,2026-06-05 19:52:58+00:00,7870.0,11.75,14.5,14.9,0.0,0.0,32.0,182.0,0.1273967266082763,False,REGULAR,USD,2026-07-17,7451.7001953125,0.03625,call,1.0561348140321898,0.1068493150684931,14.7
SPXW260717C07875000,2026-06-08 15:28:01+00:00,7875.0,14.6,14.5,14.8,4.120001,39.31299,5.0,61.0,0.1282435809326171,False,REGULAR,USD,2026-07-17,7451.7001953125,0.03625,call,1.0568058018428836,0.1068493150684931,14.65
SPXW260717C07880000,2026-06-08 15:10:01+00:00,7880.0,14.5,13.5,13.8,4.7,47.95918,18.0,69.0,0.12696185546875,False,REGULAR,USD,2026-07-17,7451.7001953125,0.03625,call,1.0574767896535775,0.1068493150684931,13.65
SPX260717C07890000,2026-06-05 18:40:27+00:00,7890.0,10.6,12.4,12.8,0.0,0.0,20.0,1297.0,0.1266185361480712,False,REGULAR,USD,2026-07-17,7451.7001953125,0.03625,call,1.0588187652749654,0.1068493150684931,12.6
SPX260717C07900000,2026-06-08 15:22:27+00:00,7900.0,11.5,11.2,11.7,2.3999996,26.373621,787.0,12057.0,0.1258632336425781,False,REGULAR,USD,2026-07-17,7451.7001953125,0.03625,call,1.0601607408963531,0.1068493150684931,11.45
SPXW260717C07910000,2026-06-08 13:38:12+00:00,7910.0,10.5,10.9,11.2,1.8500004,21.387287,2.0,104.0,0.1265575016021728,False,REGULAR,USD,2026-07-17,7451.7001953125,0.03625,call,1.061502716517741,0.1068493150684931,11.05
SPX260717C07920000,2026-06-08 14:57:50+00:00,7920.0,9.55,9.6,10.1,2.46,34.696754,10.0,230.0,0.1254741384124756,False,REGULAR,USD,2026-07-17,7451.7001953125,0.03625,call,1.0628446921391288,0.1068493150684931,9.85
SPX260717C07925000,2026-06-08 14:17:38+00:00,7925.0,7.68,9.0,9.4,0.32999992,4.4897947,8.0,630.0,0.1243984045410156,False,REGULAR,USD,2026-07-17,7451.7001953125,0.03625,call,1.0635156799498229,0.1068493150684931,9.2
SPXW260717C07930000,2026-06-08 12:28:15+00:00,7930.0,9.2,9.3,9.6,2.1499996,30.496449,2.0,45.0,0.125973858757019,False,REGULAR,USD,2026-07-17,7451.7001953125,0.03625,call,1.0641866677605163,0.1068493150684931,9.45
SPX260717C07940000,2026-06-05 19:17:54+00:00,7940.0,5.7,7.9,8.3,0.0,0.0,153.0,245.0,0.1238490936279296,False,REGULAR,USD,2026-07-17,7451.7001953125,0.03625,call,1.0655286433819045,0.1068493150684931,8.100000000000001
SPX260717C07950000,2026-06-08 15:18:02+00:00,7950.0,7.97,7.2,7.6,1.98,33.05509,26.0,3016.0,0.12339514919281,False,REGULAR,USD,2026-07-17,7451.7001953125,0.03625,call,1.0668706190032922,0.1068493150684931,7.4
SPX260717C07960000,2026-06-08 14:22:06+00:00,7960.0,5.72,6.9,7.4,-0.03000021,-0.52174276,200.0,264.0,0.1245662495422363,False,REGULAR,USD,2026-07-17,7451.7001953125,0.03625,call,1.06821259462468,0.1068493150684931,7.15
SPX260717C07970000,2026-06-08 14:57:23+00:00,7970.0,6.2,6.4,6.7,1.1599998,23.015871,9.0,108.0,0.1238567229461669,False,REGULAR,USD,2026-07-17,7451.7001953125,0.03625,call,1.0695545702460678,0.1068493150684931,6.550000000000001
SPXW260717C07975000,2026-06-05 19:48:40+00:00,7975.0,5.09,6.5,6.8,0.0,0.0,73.0,377.0,0.1251460777282714,False,REGULAR,USD,2026-07-17,7451.7001953125,0.03625,call,1.0702255580567617,0.1068493150684931,6.65
SPX260717C07980000,2026-06-05 16:56:07+00:00,7980.0,6.32,5.8,6.3,0.0,0.0,10.0,231.0,0.1241313784027099,False,REGULAR,USD,2026-07-17,7451.7001953125,0.03625,call,1.0708965458674555,0.1068493150684931,6.05
SPXW260717C07990000,2026-06-08 13:38:12+00:00,7990.0,5.5,5.7,6.0,1.3299999,31.894484,2.0,173.0,0.1247264652252197,False,REGULAR,USD,2026-07-17,7451.7001953125,0.03625,call,1.0722385214888432,0.1068493150684931,5.85
SPXW260717C08000000,2026-06-08 15:19:35+00:00,8000.0,5.6,5.0,5.3,2.3999999,74.99999,53.0,1769.0,0.1235286622619629,False,REGULAR,USD,2026-07-17,7451.7001953125,0.03625,call,1.0735804971102312,0.1068493150684931,5.15
SPX260717C08010000,2026-06-08 14:19:31+00:00,8010.0,3.8,4.6,4.9,-0.8799999,-18.803415,4.0,204.0,0.1234447397613525,False,REGULAR,USD,2026-07-17,7451.7001953125,0.03625,call,1.074922472731619,0.1068493150684931,4.75
SPXW260717C08020000,2026-06-08 15:18:14+00:00,8020.0,4.6,4.4,4.6,1.1799998,34.50292,1.0,137.0,0.1237270245361328,False,REGULAR,USD,2026-07-17,7451.7001953125,0.03625,call,1.0762644483530066,0.1068493150684931,4.5
SPX260717C08025000,2026-06-08 15:15:07+00:00,8025.0,4.5,3.8,4.2,1.4100001,45.631073,57.0,11115.0,0.1225673681640625,False,REGULAR,USD,2026-07-17,7451.7001953125,0.03625,call,1.076935436163701,0.1068493150684931,4.0
SPX260717C08030000,2026-06-05 18:25:44+00:00,8030.0,3.3,3.8,4.2,0.0,0.0,11.0,1130.0,0.123406593170166,False,REGULAR,USD,2026-07-17,7451.7001953125,0.03625,call,1.0776064239743943,0.1068493150684931,4.0
SPXW260717C08040000,2026-06-05 19:11:55+00:00,8040.0,2.76,3.5,3.8,0.0,0.0,120.0,177.0,0.1229183168029785,False,REGULAR,USD,2026-07-17,7451.7001953125,0.03625,call,1.0789483995957825,0.1068493150684931,3.65
SPX260717C08050000,2026-06-08 14:46:56+00:00,8050.0,3.2,3.3,3.6,0.86000013,36.752144,98.0,7742.0,0.1234218518066406,False,REGULAR,USD,2026-07-17,7451.7001953125,0.03625,call,1.08029037521717,0.1068493150684931,3.45
SPXW260717C08060000,2026-06-05 19:14:04+00:00,8060.0,2.3,3.1,3.4,0.0,0.0,214.0,117.0,0.1238643522644042,False,REGULAR,USD,2026-07-17,7451.7001953125,0.03625,call,1.081632350838558,0.1068493150684931,3.25
SPX260717C08070000,2026-06-05 16:11:44+00:00,8070.0,3.1,2.6,2.95,0.0,0.0,10.0,107.0,0.1225902561187744,False,REGULAR,USD,2026-07-17,7451.7001953125,0.03625,call,1.0829743264599456,0.1068493150684931,2.7750000000000004
SPXW260717C08075000,2026-06-08 14:56:16+00:00,8075.0,2.71,2.8,3.0,0.56999993,26.63551,11.0,120.0,0.1237193952178955,False,REGULAR,USD,2026-07-17,7451.7001953125,0.03625,call,1.0836453142706397,0.1068493150684931,2.9
SPXW260717C08080000,2026-06-05 16:16:01+00:00,8080.0,2.95,2.75,2.9,0.0,0.0,110.0,116.0,0.123833834991455,False,REGULAR,USD,2026-07-17,7451.7001953125,0.03625,call,1.0843163020813331,0.1068493150684931,2.825
SPX260717C08090000,2026-06-05 14:51:23+00:00,8090.0,3.2,2.35,2.6,0.0,0.0,3.0,295.0,0.1232692654418945,False,REGULAR,USD,2026-07-17,7451.7001953125,0.03625,call,1.0856582777027213,0.1068493150684931,2.475
SPX260717C08100000,2026-06-08 15:26:04+00:00,8100.0,2.27,2.2,2.4,0.85,59.859158,205.0,52544.0,0.1232845240783691,False,REGULAR,USD,2026-07-17,7451.7001953125,0.03625,call,1.087000253324109,0.1068493150684931,2.3
SPX260717C08110000,2026-06-08 11:41:16+00:00,8110.0,2.25,2.0,2.25,-3.25,-59.090908,5.0,231.0,0.1236049554443359,False,REGULAR,USD,2026-07-17,7451.7001953125,0.03625,call,1.0883422289454967,0.1068493150684931,2.125
SPX260717C08120000,2026-06-04 19:08:06+00:00,8120.0,5.5,1.85,2.1,0.0,0.0,1.0,50.0,0.1238490936279296,False,REGULAR,USD,2026-07-17,7451.7001953125,0.03625,call,1.0896842045668846,0.1068493150684931,1.975
SPXW260717C08125000,2026-06-08 14:56:16+00:00,8125.0,1.85,1.85,2.05,0.37,25.0,21.0,63.0,0.1241542663574218,False,REGULAR,USD,2026-07-17,7451.7001953125,0.03625,call,1.0903551923775785,0.1068493150684931,1.95
SPX260717C08140000,2026-06-04 19:04:33+00:00,8140.0,4.6,1.6,1.85,0.0,0.0,54.0,235.0,0.1245357322692871,False,REGULAR,USD,2026-07-17,7451.7001953125,0.03625,call,1.09236815580966,0.1068493150684931,1.725
SPXW260717C08150000,2026-06-05 20:11:30+00:00,8150.0,1.72,1.6,1.8,0.73,73.73737,1.0,433.0,0.1255275436401367,False,REGULAR,USD,2026-07-17,7451.7001953125,0.03625,call,1.093710131431048,0.1068493150684931,1.7000000000000002
SPXW260717C08160000,2026-06-05 19:22:09+00:00,8160.0,1.15,1.5,1.7,0.0,0.0,2.0,43.0,0.1259700440979004,False,REGULAR,USD,2026-07-17,7451.7001953125,0.03625,call,1.0950521070524355,0.1068493150684931,1.6
SPXW260717C08175000,2026-06-05 18:04:37+00:00,8175.0,1.19,1.3,1.5,0.0,0.0,13.0,268.0,0.1259547854614258,False,REGULAR,USD,2026-07-17,7451.7001953125,0.03625,call,1.0970650704845175,0.1068493150684931,1.4
SPXW260717C08180000,2026-06-04 17:31:39+00:00,8180.0,3.3,1.3,1.45,0.0,0.0,1.0,31.0,0.1260768545532226,False,REGULAR,USD,2026-07-17,7451.7001953125,0.03625,call,1.0977360582952114,0.1068493150684931,1.375
SPXW260717C08190000,2026-06-05 13:44:56+00:00,8190.0,1.52,1.2,1.35,0.0,0.0,30.0,40.0,0.1262904754638671,False,REGULAR,USD,2026-07-17,7451.7001953125,0.03625,call,1.099078033916599,0.1068493150684931,1.275
SPXW260717C08200000,2026-06-08 15:14:26+00:00,8200.0,1.22,1.15,1.25,0.24000001,24.489796,2.0,258.0,0.126412544555664,False,REGULAR,USD,2026-07-17,7451.7001953125,0.03625,call,1.1004200095379868,0.1068493150684931,1.2
SPX260717C08225000,2026-06-03 16:44:43+00:00,8225.0,1.88,0.85,1.15,0.0,0.0,17.0,264.0,0.1284877191162109,False,REGULAR,USD,2026-07-17,7451.7001953125,0.03625,call,1.1037749485914563,0.1068493150684931,1.0
SPXW260717C08230000,2026-06-08 14:07:11+00:00,8230.0,0.9,0.9,1.1,-3.2999997,-78.57143,2.0,12.0,0.1284572018432617,False,REGULAR,USD,2026-07-17,7451.7001953125,0.03625,call,1.1044459364021502,0.1068493150684931,1.0
SPX260717C08240000,2026-06-03 14:09:37+00:00,8240.0,2.2,0.85,1.1,0.0,0.0,1.0,2.0,0.1297999618530273,False,REGULAR,USD,2026-07-17,7451.7001953125,0.03625,call,1.105787912023538,0.1068493150684931,0.975
SPX260717C08250000,2026-06-05 16:24:41+00:00,8250.0,0.85,0.8,1.05,0.01000005,1.1904821,1.0,1528.0,0.1304103073120117,False,REGULAR,USD,2026-07-17,7451.7001953125,0.03625,call,1.1071298876449258,0.1068493150684931,0.925
SPXW260717C08275000,2026-06-04 15:26:42+00:00,8275.0,1.47,0.75,0.85,0.0,0.0,32.0,122.0,0.1303797900390624,False,REGULAR,USD,2026-07-17,7451.7001953125,0.03625,call,1.110484826698395,0.1068493150684931,0.8
SPXW260717C08450000,2026-06-03 15:07:14+00:00,8450.0,0.65,0.35,0.45,0.0,0.0,1.0,7.0,0.1426477337646484,False,REGULAR,USD,2026-07-17,7451.7001953125,0.03625,call,1.1339694000726817,0.1068493150684931,0.4
SPXW260724C07380000,2026-06-05 18:54:03+00:00,7380.0,206.2,224.7,225.8,0.0,0.0,1.0,8.0,0.1765714973068237,True,REGULAR,USD,2026-07-24,7451.7001953125,0.03625,call,0.9903780085841882,0.1260273972602739,225.25
SPXW260724C07390000,2026-06-05 19:10:28+00:00,7390.0,195.67,218.4,219.3,0.0,0.0,1.0,2.0,0.1755682419586181,True,REGULAR,USD,2026-07-24,7451.7001953125,0.03625,call,0.991719984205576,0.1260273972602739,218.85
SPXW260724C07400000,2026-06-05 18:42:14+00:00,7400.0,206.82,211.2,212.2,6.8200073,3.4100037,3.0,16.0,0.1739222165489197,True,REGULAR,USD,2026-07-24,7451.7001953125,0.03625,call,0.9930619598269638,0.1260273972602739,211.7
SPXW260724C07410000,2026-06-05 19:10:28+00:00,7410.0,183.07,204.0,204.9,0.0,0.0,2.0,7.0,0.1720167943191528,True,REGULAR,USD,2026-07-24,7451.7001953125,0.03625,call,0.9944039354483516,0.1260273972602739,204.45
SPXW260724C07420000,2026-06-05 15:47:37+00:00,7420.0,187.27,199.4,200.1,-34.619995,-15.602324,2.0,3.0,0.1723944455718994,True,REGULAR,USD,2026-07-24,7451.7001953125,0.03625,call,0.9957459110697392,0.1260273972602739,199.75
SPXW260724C07425000,2026-06-08 14:16:35+00:00,7425.0,194.4,197.7,198.5,-78.30002,-28.712877,2.0,14.0,0.1733061491012573,True,REGULAR,USD,2026-07-24,7451.7001953125,0.03625,call,0.9964168988804332,0.1260273972602739,198.1
SPXW260724C07440000,2026-06-04 19:53:21+00:00,7440.0,181.78,184.3,185.1,-99.26001,-35.318817,1.0,10.0,0.1678321132659912,True,REGULAR,USD,2026-07-24,7451.7001953125,0.03625,call,0.998429862312515,0.1260273972602739,184.7
SPXW260724C07450000,2026-06-08 14:36:06+00:00,7450.0,177.39,179.1,180.0,-92.31001,-34.22692,72.0,13.0,0.1676852488899231,True,REGULAR,USD,2026-07-24,7451.7001953125,0.03625,call,0.9997718379339028,0.1260273972602739,179.55
SPXW260724C07460000,2026-06-08 14:49:14+00:00,7460.0,174.61,172.0,172.8,-31.660004,-15.348817,2.0,6.0,0.1654880052375793,False,REGULAR,USD,2026-07-24,7451.7001953125,0.03625,call,1.0011138135552906,0.1260273972602739,172.4
SPXW260724C07475000,2026-06-05 15:05:07+00:00,7475.0,171.41,163.5,164.7,-27.190002,-13.690837,1.0,4.0,0.1645686723899841,False,REGULAR,USD,2026-07-24,7451.7001953125,0.03625,call,1.0031267769873722,0.1260273972602739,164.1
SPXW260724C07480000,2026-06-08 14:11:06+00:00,7480.0,154.18,160.4,161.1,-13.060013,-7.8091435,4.0,43.0,0.163374684085846,False,REGULAR,USD,2026-07-24,7451.7001953125,0.03625,call,1.003797764798066,0.1260273972602739,160.75
SPXW260724C07490000,2026-06-08 15:02:52+00:00,7490.0,162.28,155.1,156.0,-13.4900055,-7.6748047,7.0,35.0,0.1628921297073364,False,REGULAR,USD,2026-07-24,7451.7001953125,0.03625,call,1.005139740419454,0.1260273972602739,155.55
SPXW260724C07500000,2026-06-08 14:11:31+00:00,7500.0,144.95,148.0,149.4,26.379997,22.248459,6.0,21.0,0.1609123216247558,False,REGULAR,USD,2026-07-24,7451.7001953125,0.03625,call,1.0064817160408417,0.1260273972602739,148.7
SPXW260724C07510000,2026-06-05 14:00:03+00:00,7510.0,173.88,144.3,145.0,0.0,0.0,3.0,4.0,0.1609123216247558,False,REGULAR,USD,2026-07-24,7451.7001953125,0.03625,call,1.0078236916622294,0.1260273972602739,144.65
SPXW260724C07520000,2026-06-08 15:26:04+00:00,7520.0,142.68,137.8,138.6,-1.3700104,-0.95106584,6.0,11.0,0.1589363282012939,False,REGULAR,USD,2026-07-24,7451.7001953125,0.03625,call,1.0091656672836171,0.1260273972602739,138.2
SPXW260724C07525000,2026-06-05 18:59:54+00:00,7525.0,123.63,137.4,138.1,0.0,0.0,2.0,12.0,0.1604679138374329,False,REGULAR,USD,2026-07-24,7451.7001953125,0.03625,call,1.0098366550943112,0.1260273972602739,137.75
SPXW260724C07530000,2026-06-08 14:11:06+00:00,7530.0,126.43,130.3,131.2,4.669998,3.8354123,4.0,10.0,0.1559132108497619,False,REGULAR,USD,2026-07-24,7451.7001953125,0.03625,call,1.010507642905005,0.1260273972602739,130.75
SPXW260724C07550000,2026-06-08 15:22:08+00:00,7550.0,126.25,121.9,122.7,19.029999,17.748552,18.0,31.0,0.1555546328926086,False,REGULAR,USD,2026-07-24,7451.7001953125,0.03625,call,1.0131915941477807,0.1260273972602739,122.3
SPXW260724C07560000,2026-06-08 14:26:13+00:00,7560.0,112.94,116.5,117.6,8.550003,8.190443,5.0,13.0,0.1544235864639282,False,REGULAR,USD,2026-07-24,7451.7001953125,0.03625,call,1.0145335697691684,0.1260273972602739,117.05
SPXW260724C07570000,2026-06-05 17:08:11+00:00,7570.0,117.2,113.7,114.3,0.0,0.0,2.0,6.0,0.1549328434562683,False,REGULAR,USD,2026-07-24,7451.7001953125,0.03625,call,1.015875545390556,0.1260273972602739,114.0
SPXW260724C07575000,2026-06-08 15:22:08+00:00,7575.0,113.45,110.6,111.3,-25.15001,-18.14575,1.0,13.0,0.1538456656074524,False,REGULAR,USD,2026-07-24,7451.7001953125,0.03625,call,1.01654653320125,0.1260273972602739,110.95
SPXW260724C07580000,2026-06-05 19:34:12+00:00,7580.0,92.05,107.2,108.0,0.0,0.0,2.0,3.0,0.1524361490631104,False,REGULAR,USD,2026-07-24,7451.7001953125,0.03625,call,1.017217521011944,0.1260273972602739,107.6
SPXW260724C07590000,2026-05-29 14:03:57+00:00,7590.0,189.36,102.1,103.5,0.0,0.0,11.0,11.0,0.1515816654205322,False,REGULAR,USD,2026-07-24,7451.7001953125,0.03625,call,1.0185594966333318,0.1260273972602739,102.8
SPXW260724C07600000,2026-06-08 14:52:55+00:00,7600.0,99.7,97.0,97.8,27.549995,38.18433,19.0,561.0,0.1494359196662903,False,REGULAR,USD,2026-07-24,7451.7001953125,0.03625,call,1.0199014722547195,0.1260273972602739,97.4
SPXW260724C07620000,2026-06-08 14:58:33+00:00,7620.0,92.1,88.9,90.3,13.769997,17.579466,24.0,1.0,0.148692061138153,False,REGULAR,USD,2026-07-24,7451.7001953125,0.03625,call,1.0225854234974951,0.1260273972602739,89.6
SPXW260724C07625000,2026-06-08 14:58:33+00:00,7625.0,89.95,88.5,89.2,-4.1399994,-4.400042,12.0,42.0,0.1492318354034424,False,REGULAR,USD,2026-07-24,7451.7001953125,0.03625,call,1.023256411308189,0.1260273972602739,88.85
SPXW260724C07650000,2026-06-08 14:04:26+00:00,7650.0,71.07,76.7,77.3,5.449997,8.305389,1.0,49.0,0.1449880271339416,False,REGULAR,USD,2026-07-24,7451.7001953125,0.03625,call,1.0266113503616583,0.1260273972602739,77.0
SPXW260724C07660000,2026-06-08 14:29:06+00:00,7660.0,69.55,72.6,73.2,-14.389999,-17.143196,11.0,1.0,0.1437539849090576,False,REGULAR,USD,2026-07-24,7451.7001953125,0.03625,call,1.0279533259830462,0.1260273972602739,72.9
SPXW260724C07675000,2026-06-08 14:49:14+00:00,7675.0,67.9,69.3,69.9,9.870003,17.008448,2.0,21.0,0.1447610549163818,False,REGULAR,USD,2026-07-24,7451.7001953125,0.03625,call,1.029966289415128,0.1260273972602739,69.6
SPXW260724C07680000,2026-06-08 00:23:11+00:00,7680.0,55.51,64.5,65.2,-17.310001,-23.770945,1.0,4.0,0.1411104261398315,False,REGULAR,USD,2026-07-24,7451.7001953125,0.03625,call,1.030637277225822,0.1260273972602739,64.85
SPXW260724C07700000,2026-06-08 14:21:08+00:00,7700.0,53.8,59.0,60.3,4.380001,8.862811,5.0,36.0,0.1414365794944763,False,REGULAR,USD,2026-07-24,7451.7001953125,0.03625,call,1.0333212284685975,0.1260273972602739,59.65
SPXW260724C07725000,2026-06-08 14:52:54+00:00,7725.0,52.3,51.2,52.1,9.43,21.996735,10.0,38.0,0.1388654992485046,False,REGULAR,USD,2026-07-24,7451.7001953125,0.03625,call,1.0366761675220668,0.1260273972602739,51.650000000000006
SPXW260724C07750000,2026-06-08 14:03:37+00:00,7750.0,42.33,44.6,45.8,4.6500015,12.340768,4.0,59.0,0.1378031166839599,False,REGULAR,USD,2026-07-24,7451.7001953125,0.03625,call,1.0400311065755363,0.1260273972602739,45.2
SPXW260724C07775000,2026-06-08 14:56:55+00:00,7775.0,38.6,38.4,39.4,4.7199974,13.931516,17.0,49.0,0.1358690845108032,False,REGULAR,USD,2026-07-24,7451.7001953125,0.03625,call,1.0433860456290058,0.1260273972602739,38.9
SPXW260724C07800000,2026-06-08 14:59:55+00:00,7800.0,34.8,33.0,33.8,6.5,22.968199,20.0,931.0,0.1341944491577148,False,REGULAR,USD,2026-07-24,7451.7001953125,0.03625,call,1.0467409846824751,0.1260273972602739,33.4
SPXW260724C07825000,2026-06-08 15:24:13+00:00,7825.0,30.38,28.4,28.9,7.8199997,34.66312,9.0,8.0,0.1327200834083557,False,REGULAR,USD,2026-07-24,7451.7001953125,0.03625,call,1.0500959237359448,0.1260273972602739,28.65
SPXW260724C07850000,2026-06-08 14:11:49+00:00,7850.0,22.5,24.8,25.3,1.8999996,9.223299,15.0,102.0,0.1325427017593384,False,REGULAR,USD,2026-07-24,7451.7001953125,0.03625,call,1.0534508627894144,0.1260273972602739,25.05
SPXW260724C07875000,2026-06-08 14:32:21+00:00,7875.0,19.45,20.4,20.9,1.4000015,7.7562413,7.0,14.0,0.1302386476516723,False,REGULAR,USD,2026-07-24,7451.7001953125,0.03625,call,1.0568058018428836,0.1260273972602739,20.65
SPXW260724C07900000,2026-06-08 15:24:13+00:00,7900.0,18.64,17.8,18.2,3.7299995,25.016764,10.0,54.0,0.1302348329925537,False,REGULAR,USD,2026-07-24,7451.7001953125,0.03625,call,1.0601607408963531,0.1260273972602739,18.0
SPXW260724C07950000,2026-06-08 15:14:54+00:00,7950.0,12.87,12.5,13.0,3.2699995,34.062492,20.0,58.0,0.1286097882080077,False,REGULAR,USD,2026-07-24,7451.7001953125,0.03625,call,1.0668706190032922,0.1260273972602739,12.75
SPXW260724C08000000,2026-06-08 14:52:10+00:00,8000.0,8.5,8.7,9.1,2.4299998,40.032944,24.0,233.0,0.127114441833496,False,REGULAR,USD,2026-07-24,7451.7001953125,0.03625,call,1.0735804971102312,0.1260273972602739,8.899999999999999
SPXW260724C08050000,2026-06-08 14:00:12+00:00,8050.0,5.4,6.1,6.5,1.5,38.461536,21.0,101.0,0.1267406052398681,False,REGULAR,USD,2026-07-24,7451.7001953125,0.03625,call,1.08029037521717,0.1260273972602739,6.3
SPXW260724C08100000,2026-06-08 15:23:14+00:00,8100.0,4.3,4.0,4.3,1.6000001,59.259262,9.0,143.0,0.1250392672729492,False,REGULAR,USD,2026-07-24,7451.7001953125,0.03625,call,1.087000253324109,0.1260273972602739,4.15
SPXW260724C08150000,2026-06-08 15:24:27+00:00,8150.0,3.1,2.85,3.2,1.03,49.758457,1.0,46.0,0.1262446995544433,False,REGULAR,USD,2026-07-24,7451.7001953125,0.03625,call,1.093710131431048,0.1260273972602739,3.0250000000000004
SPXW260724C08200000,2026-06-08 13:46:11+00:00,8200.0,2.2,2.0,2.2,0.8000001,57.142864,30.0,30.0,0.1260463372802734,False,REGULAR,USD,2026-07-24,7451.7001953125,0.03625,call,1.1004200095379868,0.1260273972602739,2.1
SPXW260724C08250000,2026-06-05 19:59:38+00:00,8250.0,1.3,1.5,1.7,0.0,0.0,14.0,38.0,0.1280909945678711,False,REGULAR,USD,2026-07-24,7451.7001953125,0.03625,call,1.1071298876449258,0.1260273972602739,1.6
SPXW260724C08300000,2026-06-05 19:59:38+00:00,8300.0,1.0,1.1,1.4,0.0,0.0,73.0,89.0,0.1311732391357422,False,REGULAR,USD,2026-07-24,7451.7001953125,0.03625,call,1.1138397657518648,0.1260273972602739,1.25
SPXW260724C08350000,2026-06-05 16:50:18+00:00,8350.0,0.8,0.85,1.05,0.0,0.0,3.0,5.0,0.1325770336914062,False,REGULAR,USD,2026-07-24,7451.7001953125,0.03625,call,1.1205496438588036,0.1260273972602739,0.95
SPXW260724C08400000,2026-06-05 15:37:30+00:00,8400.0,0.7,0.7,0.9,0.0,0.0,2.0,11.0,0.1361170373535156,False,REGULAR,USD,2026-07-24,7451.7001953125,0.03625,call,1.1272595219657426,0.1260273972602739,0.8
SPXW260731C07380000,2026-06-04 14:12:51+00:00,7380.0,313.0,242.8,243.6,0.0,0.0,10.0,37.0,0.1805444647789001,True,REGULAR,USD,2026-07-31,7451.7001953125,0.03625,call,0.9903780085841882,0.1452054794520547,243.2
SPXW260731C07385000,2026-06-01 16:24:06+00:00,7385.0,338.4,239.4,240.1,0.0,0.0,2.0,20.0,0.1798349381828307,True,REGULAR,USD,2026-07-31,7451.7001953125,0.03625,call,0.991048996394882,0.1452054794520547,239.75
SPXW260731C07390000,2026-06-05 19:48:57+00:00,7390.0,230.7,234.9,235.6,15.62999,7.2673965,6.0,49.0,0.1782270593643188,True,REGULAR,USD,2026-07-31,7451.7001953125,0.03625,call,0.991719984205576,0.1452054794520547,235.25
SPXW260731C07395000,2026-05-20 16:52:46+00:00,7395.0,243.51,232.2,233.2,0.0,0.0,4.0,7.0,0.1784616609001159,True,REGULAR,USD,2026-07-31,7451.7001953125,0.03625,call,0.99239097201627,0.1452054794520547,232.7
SPXW260731C07400000,2026-06-08 15:22:11+00:00,7400.0,235.75,229.4,230.3,44.75,23.42932,34.0,491.0,0.1782385033416748,True,REGULAR,USD,2026-07-31,7451.7001953125,0.03625,call,0.9930619598269638,0.1452054794520547,229.85
SPXW260731C07405000,2026-06-05 19:07:37+00:00,7405.0,207.02,225.6,226.5,0.0,0.0,3.0,31.0,0.1772028233909606,True,REGULAR,USD,2026-07-31,7451.7001953125,0.03625,call,0.9937329476376576,0.1452054794520547,226.05
SPXW260731C07410000,2026-06-05 19:07:37+00:00,7410.0,203.82,225.3,226.1,0.0,0.0,8.0,65.0,0.1791482995414733,True,REGULAR,USD,2026-07-31,7451.7001953125,0.03625,call,0.9944039354483516,0.1452054794520547,225.7
SPXW260731C07415000,2026-05-28 19:41:28+00:00,7415.0,310.65,218.5,219.5,0.0,0.0,5.0,14.0,0.1756178325271606,True,REGULAR,USD,2026-07-31,7451.7001953125,0.03625,call,0.9950749232590456,0.1452054794520547,219.0
SPXW260731C07420000,2026-06-08 15:02:33+00:00,7420.0,224.9,217.2,218.8,19.48999,9.488336,2.0,72.0,0.1772619506072998,True,REGULAR,USD,2026-07-31,7451.7001953125,0.03625,call,0.9957459110697392,0.1452054794520547,218.0
SPXW260731C07425000,2026-06-05 18:37:56+00:00,7425.0,203.01,211.8,212.9,0.0,0.0,1.0,392.0,0.1743189410972595,True,REGULAR,USD,2026-07-31,7451.7001953125,0.03625,call,0.9964168988804332,0.1452054794520547,212.35
SPXW260731C07430000,2026-06-05 18:32:47+00:00,7430.0,201.2,209.4,210.3,0.0,0.0,65.0,65.0,0.1742598138809204,True,REGULAR,USD,2026-07-31,7451.7001953125,0.03625,call,0.9970878866911272,0.1452054794520547,209.85
SPXW260731C07435000,2026-06-05 18:17:01+00:00,7435.0,202.4,205.3,206.1,0.0,0.0,40.0,51.0,0.1727816334724426,True,REGULAR,USD,2026-07-31,7451.7001953125,0.03625,call,0.997758874501821,0.1452054794520547,205.7
SPXW260731C07440000,2026-06-05 13:46:11+00:00,7440.0,197.7,203.9,204.8,-46.589996,-19.071594,1.0,40.0,0.1738268500709534,True,REGULAR,USD,2026-07-31,7451.7001953125,0.03625,call,0.998429862312515,0.1452054794520547,204.35
SPXW260731C07445000,2026-06-08 14:46:46+00:00,7445.0,201.1,202.6,203.4,-2.5999908,-1.2763823,2.0,58.0,0.1747652562141418,True,REGULAR,USD,2026-07-31,7451.7001953125,0.03625,call,0.9991008501232088,0.1452054794520547,203.0
SPXW260731C07450000,2026-06-05 19:58:54+00:00,7450.0,192.2,200.2,201.0,16.449997,9.359885,3.0,1350.0,0.1748110321235657,True,REGULAR,USD,2026-07-31,7451.7001953125,0.03625,call,0.9997718379339028,0.1452054794520547,200.6
SPXW260731C07455000,2026-06-05 18:15:29+00:00,7455.0,190.23,192.7,193.9,0.0,0.0,107.0,49.0,0.1707274395370484,False,REGULAR,USD,2026-07-31,7451.7001953125,0.03625,call,1.0004428257445963,0.1452054794520547,193.3
SPXW260731C07460000,2026-06-05 18:15:29+00:00,7460.0,187.13,189.7,190.5,0.0,0.0,1.0,14.0,0.1698643729114532,False,REGULAR,USD,2026-07-31,7451.7001953125,0.03625,call,1.0011138135552906,0.1452054794520547,190.1
SPXW260731C07465000,2026-06-08 14:44:43+00:00,7465.0,182.33,188.4,189.3,15.229996,9.1143,47.0,159.0,0.1709086358451843,False,REGULAR,USD,2026-07-31,7451.7001953125,0.03625,call,1.0017848013659845,0.1452054794520547,188.85
SPXW260731C07470000,2026-06-05 16:01:40+00:00,7470.0,204.58,187.0,187.7,0.0,0.0,2.0,1012.0,0.1715838305091858,False,REGULAR,USD,2026-07-31,7451.7001953125,0.03625,call,1.0024557891766783,0.1452054794520547,187.35
SPXW260731C07475000,2026-06-08 15:24:04+00:00,7475.0,188.12,182.0,182.9,27.509995,17.128445,6.0,1640.0,0.1694438067436218,False,REGULAR,USD,2026-07-31,7451.7001953125,0.03625,call,1.0031267769873722,0.1452054794520547,182.45
SPXW260731C07480000,2026-06-05 20:01:11+00:00,7480.0,152.27,178.4,179.1,0.0,0.0,53.0,63.0,0.1681601739501953,False,REGULAR,USD,2026-07-31,7451.7001953125,0.03625,call,1.003797764798066,0.1452054794520547,178.75
SPXW260731C07485000,2026-06-05 16:04:14+00:00,7485.0,194.9,175.1,175.9,0.0,0.0,7.0,21.0,0.1673819834899902,False,REGULAR,USD,2026-07-31,7451.7001953125,0.03625,call,1.00446875260876,0.1452054794520547,175.5
SPXW260731C07490000,2026-06-05 19:59:03+00:00,7490.0,152.52,173.8,174.7,0.0,0.0,14.0,23.0,0.168336601934433,False,REGULAR,USD,2026-07-31,7451.7001953125,0.03625,call,1.005139740419454,0.1452054794520547,174.25
SPXW260731C07495000,2026-06-05 15:55:08+00:00,7495.0,191.2,171.0,171.7,0.0,0.0,1.0,44.0,0.167696692867279,False,REGULAR,USD,2026-07-31,7451.7001953125,0.03625,call,1.0058107282301478,0.1452054794520547,171.35
SPXW260731C07500000,2026-06-08 15:14:21+00:00,7500.0,173.02,168.9,169.6,26.020004,17.700684,2.0,1647.0,0.1678282986068726,False,REGULAR,USD,2026-07-31,7451.7001953125,0.03625,call,1.0064817160408417,0.1452054794520547,169.25
SPXW260731C07505000,2026-06-05 15:38:58+00:00,7505.0,183.8,163.3,164.0,0.0,0.0,107.0,72.0,0.164871937789917,False,REGULAR,USD,2026-07-31,7451.7001953125,0.03625,call,1.0071527038515355,0.1452054794520547,163.65
SPXW260731C07510000,2026-06-05 19:16:32+00:00,7510.0,150.56,160.8,161.7,13.220001,9.625748,1.0,35.0,0.1647899226188659,False,REGULAR,USD,2026-07-31,7451.7001953125,0.03625,call,1.0078236916622294,0.1452054794520547,161.25
SPXW260731C07515000,2026-06-05 18:14:20+00:00,7515.0,156.88,160.4,161.1,0.0,0.0,4.0,53.0,0.1661822731971741,False,REGULAR,USD,2026-07-31,7451.7001953125,0.03625,call,1.0084946794729233,0.1452054794520547,160.75
SPXW260731C07520000,2026-06-05 15:53:41+00:00,7520.0,175.04,157.7,158.3,0.0,0.0,22.0,1016.0,0.1656243793010712,False,REGULAR,USD,2026-07-31,7451.7001953125,0.03625,call,1.0091656672836171,0.1452054794520547,158.0
SPXW260731C07525000,2026-06-05 19:51:17+00:00,7525.0,145.8,153.0,153.8,5.699997,4.06852,11.0,1794.0,0.1635501584053039,False,REGULAR,USD,2026-07-31,7451.7001953125,0.03625,call,1.0098366550943112,0.1452054794520547,153.4
SPXW260731C07530000,2026-06-08 15:01:18+00:00,7530.0,156.0,149.2,150.0,-2.899994,-1.8250434,17.0,84.0,0.1620681633377075,False,REGULAR,USD,2026-07-31,7451.7001953125,0.03625,call,1.010507642905005,0.1452054794520547,149.6
SPXW260731C07535000,2026-06-08 15:24:04+00:00,7535.0,152.82,147.0,147.8,22.420013,17.193264,6.0,49.0,0.1619785188484192,False,REGULAR,USD,2026-07-31,7451.7001953125,0.03625,call,1.011178630715699,0.1452054794520547,147.4
SPXW260731C07540000,2026-06-05 13:50:09+00:00,7540.0,176.7,145.0,145.7,0.0,0.0,1.0,84.0,0.1619575382232666,False,REGULAR,USD,2026-07-31,7451.7001953125,0.03625,call,1.0118496185263928,0.1452054794520547,145.35
SPXW260731C07545000,2026-06-05 16:49:03+00:00,7545.0,148.3,141.5,142.2,0.0,0.0,35.0,26.0,0.1606777200889587,False,REGULAR,USD,2026-07-31,7451.7001953125,0.03625,call,1.0125206063370866,0.1452054794520547,141.85
SPXW260731C07550000,2026-06-08 08:26:09+00:00,7550.0,123.9,139.8,141.0,0.5,0.40518638,125.0,1031.0,0.1614177639579772,False,REGULAR,USD,2026-07-31,7451.7001953125,0.03625,call,1.0131915941477807,0.1452054794520547,140.4
SPXW260731C07555000,2026-06-08 14:55:00+00:00,7555.0,137.92,136.4,137.1,8.119995,6.255774,4.0,57.0,0.1597393139457702,False,REGULAR,USD,2026-07-31,7451.7001953125,0.03625,call,1.0138625819584746,0.1452054794520547,136.75
SPXW260731C07560000,2026-06-05 16:44:27+00:00,7560.0,141.0,133.6,134.4,0.0,0.0,3.0,117.0,0.1591041732025146,False,REGULAR,USD,2026-07-31,7451.7001953125,0.03625,call,1.0145335697691684,0.1452054794520547,134.0
SPXW260731C07565000,2026-06-05 19:59:54+00:00,7565.0,111.6,133.2,133.9,0.0,0.0,3.0,134.0,0.160416415939331,False,REGULAR,USD,2026-07-31,7451.7001953125,0.03625,call,1.0152045575798625,0.1452054794520547,133.55
SPXW260731C07570000,2026-06-08 08:26:09+00:00,7570.0,114.21,129.3,129.9,15.669998,15.902169,125.0,82.0,0.1585777502441406,False,REGULAR,USD,2026-07-31,7451.7001953125,0.03625,call,1.015875545390556,0.1452054794520547,129.60000000000002
SPXW260731C07575000,2026-06-05 20:14:19+00:00,7575.0,96.44,126.1,126.8,0.0,0.0,17.0,64.0,0.1575201360034942,False,REGULAR,USD,2026-07-31,7451.7001953125,0.03625,call,1.01654653320125,0.1452054794520547,126.45
SPXW260731C07580000,2026-06-04 19:04:29+00:00,7580.0,114.77,122.5,123.5,-88.23,-43.463055,2.0,43.0,0.1562565301704407,False,REGULAR,USD,2026-07-31,7451.7001953125,0.03625,call,1.017217521011944,0.1452054794520547,123.0
SPXW260731C07585000,2026-06-02 18:43:55+00:00,7585.0,210.23,122.8,123.6,0.0,0.0,1.0,4.0,0.1580456052970886,False,REGULAR,USD,2026-07-31,7451.7001953125,0.03625,call,1.017888508822638,0.1452054794520547,123.2
SPXW260731C07590000,2026-06-05 17:43:10+00:00,7590.0,124.31,118.5,119.4,-0.5699997,-0.45643795,2.0,35.0,0.1559217938327789,False,REGULAR,USD,2026-07-31,7451.7001953125,0.03625,call,1.0185594966333318,0.1452054794520547,118.95
SPXW260731C07595000,2026-06-05 13:43:58+00:00,7595.0,150.0,118.3,119.0,0.0,0.0,3.0,18.0,0.1572273609161377,False,REGULAR,USD,2026-07-31,7451.7001953125,0.03625,call,1.0192304844440256,0.1452054794520547,118.65
SPXW260731C07600000,2026-06-08 14:51:32+00:00,7600.0,114.1,113.4,114.3,27.479996,31.724768,17.0,1558.0,0.1545914314651489,False,REGULAR,USD,2026-07-31,7451.7001953125,0.03625,call,1.0199014722547195,0.1452054794520547,113.85
SPXW260731C07605000,2026-06-05 18:22:56+00:00,7605.0,117.0,111.7,112.4,8.5,7.834101,2.0,75.0,0.1544884356689453,False,REGULAR,USD,2026-07-31,7451.7001953125,0.03625,call,1.0205724600654134,0.1452054794520547,112.05
SPXW260731C07610000,2026-06-08 14:55:00+00:00,7610.0,110.66,109.0,109.7,24.390007,28.271715,4.0,69.0,0.1536282300376892,False,REGULAR,USD,2026-07-31,7451.7001953125,0.03625,call,1.0212434478761074,0.1452054794520547,109.35
SPXW260731C07615000,2026-06-08 14:03:29+00:00,7615.0,102.47,106.5,107.5,21.599998,26.70953,1.0,127.0,0.1532048028755188,False,REGULAR,USD,2026-07-31,7451.7001953125,0.03625,call,1.0219144356868013,0.1452054794520547,107.0
SPXW260731C07620000,2026-06-08 15:06:56+00:00,7620.0,110.79,104.6,106.4,23.04,26.25641,1.0,51.0,0.1537808164024353,False,REGULAR,USD,2026-07-31,7451.7001953125,0.03625,call,1.0225854234974951,0.1452054794520547,105.5
SPXW260731C07625000,2026-06-05 13:51:35+00:00,7625.0,129.85,102.6,103.2,0.0,0.0,1.0,132.0,0.1523827438354492,False,REGULAR,USD,2026-07-31,7451.7001953125,0.03625,call,1.023256411308189,0.1452054794520547,102.9
SPXW260731C07630000,2026-06-04 13:54:50+00:00,7630.0,144.65,100.5,101.1,0.0,0.0,1.0,65.0,0.1519860192871094,False,REGULAR,USD,2026-07-31,7451.7001953125,0.03625,call,1.0239273991188829,0.1452054794520547,100.8
SPXW260731C07635000,2026-06-05 14:00:22+00:00,7635.0,121.52,99.4,100.2,0.0,0.0,1.0,38.0,0.1526955458831787,False,REGULAR,USD,2026-07-31,7451.7001953125,0.03625,call,1.0245983869295767,0.1452054794520547,99.8
SPXW260731C07640000,2026-06-05 14:00:22+00:00,7640.0,118.67,94.7,95.8,0.0,0.0,1.0,94.0,0.1500786897277832,False,REGULAR,USD,2026-07-31,7451.7001953125,0.03625,call,1.0252693747402708,0.1452054794520547,95.25
SPXW260731C07645000,2026-05-29 15:31:03+00:00,7645.0,86.58,94.2,95.0,-81.42999,-48.46735,1.0,57.0,0.1508454362106323,False,REGULAR,USD,2026-07-31,7451.7001953125,0.03625,call,1.0259403625509649,0.1452054794520547,94.6
SPXW260731C07650000,2026-06-08 15:15:44+00:00,7650.0,96.58,91.5,92.2,25.720001,36.296925,127.0,724.0,0.149685779838562,False,REGULAR,USD,2026-07-31,7451.7001953125,0.03625,call,1.0266113503616583,0.1452054794520547,91.85
SPXW260731C07655000,2026-06-05 19:49:06+00:00,7655.0,78.77,90.9,91.7,0.0,0.0,5.0,46.0,0.1507062011528015,False,REGULAR,USD,2026-07-31,7451.7001953125,0.03625,call,1.0272823381723524,0.1452054794520547,91.3
SPXW260731C07660000,2026-06-05 20:12:19+00:00,7660.0,64.29,88.2,88.8,0.0,0.0,3.0,50.0,0.1493977730751037,False,REGULAR,USD,2026-07-31,7451.7001953125,0.03625,call,1.0279533259830462,0.1452054794520547,88.5
SPXW260731C07665000,2026-05-29 16:37:12+00:00,7665.0,157.55,85.8,87.2,0.0,0.0,1.0,14.0,0.1493214798927307,False,REGULAR,USD,2026-07-31,7451.7001953125,0.03625,call,1.02862431379374,0.1452054794520547,86.5
SPXW260731C07670000,2026-06-08 08:26:09+00:00,7670.0,73.53,86.1,86.7,-81.350006,-52.524536,125.0,126.0,0.1502980326271057,False,REGULAR,USD,2026-07-31,7451.7001953125,0.03625,call,1.0292953016044342,0.1452054794520547,86.4
SPXW260731C07675000,2026-06-08 15:25:48+00:00,7675.0,86.35,83.8,84.3,4.939995,6.068044,1500.0,80.0,0.1493996804046631,False,REGULAR,USD,2026-07-31,7451.7001953125,0.03625,call,1.029966289415128,0.1452054794520547,84.05
SPXW260731C07680000,2026-06-05 15:54:31+00:00,7680.0,93.16,80.2,81.2,0.0,0.0,22.0,22.0,0.1477784502792358,False,REGULAR,USD,2026-07-31,7451.7001953125,0.03625,call,1.030637277225822,0.1452054794520547,80.7
SPXW260731C07685000,2026-06-05 19:51:25+00:00,7685.0,70.82,77.8,78.4,0.0,0.0,12.0,70.0,0.1464128023147582,False,REGULAR,USD,2026-07-31,7451.7001953125,0.03625,call,1.0313082650365155,0.1452054794520547,78.1
SPXW260731C07690000,2026-06-08 14:14:25+00:00,7690.0,72.9,76.4,77.3,-43.439995,-37.338833,22.0,30.0,0.1467198823738098,False,REGULAR,USD,2026-07-31,7451.7001953125,0.03625,call,1.0319792528472096,0.1452054794520547,76.85
SPXW260731C07695000,2026-06-04 18:13:16+00:00,7695.0,135.1,74.8,75.3,0.0,0.0,7.0,78.0,0.1461000002670288,False,REGULAR,USD,2026-07-31,7451.7001953125,0.03625,call,1.0326502406579037,0.1452054794520547,75.05
SPXW260731C07700000,2026-06-08 15:09:11+00:00,7700.0,77.1,72.9,73.4,18.73,32.0884,56.0,2382.0,0.1455525966835021,False,REGULAR,USD,2026-07-31,7451.7001953125,0.03625,call,1.0333212284685975,0.1452054794520547,73.15
SPXW260731C07705000,2026-06-02 00:37:56+00:00,7705.0,129.79,71.4,71.9,0.0,0.0,1.0,18.0,0.1453904736709594,False,REGULAR,USD,2026-07-31,7451.7001953125,0.03625,call,1.0339922162792914,0.1452054794520547,71.65
SPXW260731C07710000,2026-06-05 15:32:00+00:00,7710.0,85.16,69.7,70.2,0.0,0.0,6.0,51.0,0.1449994711112976,False,REGULAR,USD,2026-07-31,7451.7001953125,0.03625,call,1.0346632040899852,0.1452054794520547,69.95
SPXW260731C07715000,2026-06-08 15:18:10+00:00,7715.0,70.2,69.4,69.9,11.699997,19.999996,26.0,35.0,0.1460408730506897,False,REGULAR,USD,2026-07-31,7451.7001953125,0.03625,call,1.035334191900679,0.1452054794520547,69.65
SPXW260731C07720000,2026-06-05 20:01:12+00:00,7720.0,52.62,65.9,66.9,0.0,0.0,10.0,141.0,0.1442441686058044,False,REGULAR,USD,2026-07-31,7451.7001953125,0.03625,call,1.036005179711373,0.1452054794520547,66.4
SPXW260731C07725000,2026-06-05 20:13:04+00:00,7725.0,63.8,64.8,65.3,18.149998,39.75903,1.0,209.0,0.1438817759895324,False,REGULAR,USD,2026-07-31,7451.7001953125,0.03625,call,1.0366761675220668,0.1452054794520547,65.05
SPXW260731C07730000,2026-06-05 20:01:11+00:00,7730.0,49.98,63.6,64.2,0.0,0.0,1.0,69.0,0.1440286403656005,False,REGULAR,USD,2026-07-31,7451.7001953125,0.03625,call,1.037347155332761,0.1452054794520547,63.900000000000006
SPXW260731C07735000,2026-06-03 20:09:01+00:00,7735.0,101.7,61.3,61.9,0.0,0.0,10.0,26.0,0.1428632620048523,False,REGULAR,USD,2026-07-31,7451.7001953125,0.03625,call,1.0380181431434548,0.1452054794520547,61.6
SPXW260731C07740000,2026-06-04 17:48:33+00:00,7740.0,110.68,60.1,60.6,0.0,0.0,2.0,114.0,0.1427469149017333,False,REGULAR,USD,2026-07-31,7451.7001953125,0.03625,call,1.0386891309541486,0.1452054794520547,60.35
SPXW260731C07745000,2026-06-08 15:08:18+00:00,7745.0,61.7,58.6,59.2,-43.600002,-41.405506,2.0,53.0,0.1424970547294616,False,REGULAR,USD,2026-07-31,7451.7001953125,0.03625,call,1.0393601187648425,0.1452054794520547,58.900000000000006
SPXW260731C07750000,2026-06-05 19:50:00+00:00,7750.0,49.5,57.1,57.6,0.0,0.0,74.0,1190.0,0.1420030563735961,False,REGULAR,USD,2026-07-31,7451.7001953125,0.03625,call,1.0400311065755363,0.1452054794520547,57.35
SPXW260731C07755000,2026-06-08 14:01:17+00:00,7755.0,51.2,55.5,56.1,-55.499996,-52.01499,15.0,33.0,0.1415929805183411,False,REGULAR,USD,2026-07-31,7451.7001953125,0.03625,call,1.0407020943862302,0.1452054794520547,55.8
SPXW260731C07760000,2026-06-05 19:59:55+00:00,7760.0,44.12,54.2,55.0,0.0,0.0,1.0,17.0,0.1416063318252563,False,REGULAR,USD,2026-07-31,7451.7001953125,0.03625,call,1.0413730821969245,0.1452054794520547,54.6
SPXW260731C07765000,2026-06-05 15:55:22+00:00,7765.0,62.5,53.0,53.6,0.0,0.0,1.0,26.0,0.1412572905158996,False,REGULAR,USD,2026-07-31,7451.7001953125,0.03625,call,1.042044070007618,0.1452054794520547,53.3
SPXW260731C07770000,2026-06-08 09:07:47+00:00,7770.0,44.21,50.7,51.2,-0.34000015,-0.76318777,2.0,195.0,0.13972761220932,False,REGULAR,USD,2026-07-31,7451.7001953125,0.03625,call,1.042715057818312,0.1452054794520547,50.95
SPXW260731C07775000,2026-06-08 11:29:34+00:00,7775.0,49.52,50.0,50.5,1.670002,3.4900775,2.0,34.0,0.1401300587463378,False,REGULAR,USD,2026-07-31,7451.7001953125,0.03625,call,1.0433860456290058,0.1452054794520547,50.25
SPXW260731C07780000,2026-06-08 13:33:18+00:00,7780.0,50.57,48.6,49.3,-25.5,-33.521755,1.0,32.0,0.1399316964721679,False,REGULAR,USD,2026-07-31,7451.7001953125,0.03625,call,1.0440570334396997,0.1452054794520547,48.95
SPXW260731C07785000,2026-06-03 13:53:33+00:00,7785.0,91.8,49.0,49.5,0.0,0.0,4.0,18.0,0.1413698229598999,False,REGULAR,USD,2026-07-31,7451.7001953125,0.03625,call,1.0447280212503935,0.1452054794520547,49.25
SPXW260731C07790000,2026-06-08 14:01:17+00:00,7790.0,42.5,46.4,47.0,5.3100014,14.278035,16.0,27.0,0.1395826551628113,False,REGULAR,USD,2026-07-31,7451.7001953125,0.03625,call,1.0453990090610876,0.1452054794520547,46.7
SPXW260731C07795000,2026-05-29 15:44:20+00:00,7795.0,95.6,44.5,45.1,0.0,0.0,10.0,10.0,0.1384592380523681,False,REGULAR,USD,2026-07-31,7451.7001953125,0.03625,call,1.0460699968717817,0.1452054794520547,44.8
SPXW260731C07800000,2026-06-08 14:06:06+00:00,7800.0,41.65,44.0,44.5,10.150002,32.222225,47.0,2204.0,0.1388922018623352,False,REGULAR,USD,2026-07-31,7451.7001953125,0.03625,call,1.0467409846824751,0.1452054794520547,44.25
SPXW260731C07810000,2026-06-08 14:59:50+00:00,7810.0,43.64,42.3,42.8,15.599998,55.6348,11.0,35.0,0.1390943787956237,False,REGULAR,USD,2026-07-31,7451.7001953125,0.03625,call,1.048082960303863,0.1452054794520547,42.55
SPXW260731C07820000,2026-06-05 19:49:33+00:00,7820.0,33.8,40.2,40.7,0.0,0.0,48.0,84.0,0.1387110055541992,False,REGULAR,USD,2026-07-31,7451.7001953125,0.03625,call,1.049424935925251,0.1452054794520547,40.45
SPXW260731C07825000,2026-06-05 16:40:18+00:00,7825.0,36.19,38.4,38.9,-5.760002,-13.730638,2.0,57.0,0.1375055732727051,False,REGULAR,USD,2026-07-31,7451.7001953125,0.03625,call,1.0500959237359448,0.1452054794520547,38.65
SPXW260731C07830000,2026-06-08 15:13:08+00:00,7830.0,39.45,37.4,37.8,8.400002,27.053144,1.0,81.0,0.1371736979293823,False,REGULAR,USD,2026-07-31,7451.7001953125,0.03625,call,1.0507669115466387,0.1452054794520547,37.6
SPXW260731C07840000,2026-06-08 15:13:08+00:00,7840.0,37.3,35.3,36.1,6.8499985,22.49589,1.0,98.0,0.1371012194061279,False,REGULAR,USD,2026-07-31,7451.7001953125,0.03625,call,1.0521088871680264,0.1452054794520547,35.7
SPXW260731C07850000,2026-06-08 14:06:06+00:00,7850.0,35.6,34.1,34.6,12.069998,51.296207,13.0,1438.0,0.1372213811683655,False,REGULAR,USD,2026-07-31,7451.7001953125,0.03625,call,1.0534508627894144,0.1452054794520547,34.35
SPXW260731C07860000,2026-06-04 15:19:42+00:00,7860.0,28.71,32.2,32.7,-30.89,-51.82886,2.0,54.0,0.1366968655395508,False,REGULAR,USD,2026-07-31,7451.7001953125,0.03625,call,1.054792838410802,0.1452054794520547,32.45
SPXW260731C07870000,2026-06-05 14:35:05+00:00,7870.0,41.8,29.6,30.1,0.0,0.0,14.0,65.0,0.1350336741638184,False,REGULAR,USD,2026-07-31,7451.7001953125,0.03625,call,1.0561348140321898,0.1452054794520547,29.85
SPXW260731C07875000,2026-06-08 15:14:42+00:00,7875.0,30.29,28.9,29.4,11.52,61.37453,27.0,50.0,0.1350298595046997,False,REGULAR,USD,2026-07-31,7451.7001953125,0.03625,call,1.0568058018428836,0.1452054794520547,29.15
SPXW260731C07880000,2026-06-05 18:24:18+00:00,7880.0,26.7,28.4,29.0,0.0,0.0,12.0,101.0,0.1354609159851074,False,REGULAR,USD,2026-07-31,7451.7001953125,0.03625,call,1.0574767896535775,0.1452054794520547,28.7
SPXW260731C07890000,2026-06-08 13:39:47+00:00,7890.0,24.95,25.9,26.6,2.4300003,10.79041,1.0,82.0,0.1338015392684936,False,REGULAR,USD,2026-07-31,7451.7001953125,0.03625,call,1.0588187652749654,0.1452054794520547,26.25
SPXW260731C07900000,2026-06-08 15:24:40+00:00,7900.0,26.64,25.3,25.8,5.539999,26.255919,15.0,1125.0,0.1345377684783935,False,REGULAR,USD,2026-07-31,7451.7001953125,0.03625,call,1.0601607408963531,0.1452054794520547,25.55
SPXW260731C07910000,2026-06-05 14:10:51+00:00,7910.0,33.36,24.1,24.5,0.0,0.0,3.0,41.0,0.1344042554092407,False,REGULAR,USD,2026-07-31,7451.7001953125,0.03625,call,1.061502716517741,0.1452054794520547,24.3
SPXW260731C07920000,2026-06-05 16:06:48+00:00,7920.0,25.75,21.9,22.5,0.0,0.0,2.0,115.0,0.1329813875579834,False,REGULAR,USD,2026-07-31,7451.7001953125,0.03625,call,1.0628446921391288,0.1452054794520547,22.2
SPXW260731C07925000,2026-06-05 20:05:17+00:00,7925.0,14.83,22.1,22.6,0.0,0.0,12.0,276.0,0.1341181559753418,False,REGULAR,USD,2026-07-31,7451.7001953125,0.03625,call,1.0635156799498229,0.1452054794520547,22.35
SPXW260731C07930000,2026-06-05 19:55:39+00:00,7930.0,17.3,20.6,21.1,0.0,0.0,32.0,86.0,0.1324435206222534,False,REGULAR,USD,2026-07-31,7451.7001953125,0.03625,call,1.0641866677605163,0.1452054794520547,20.85
SPXW260731C07940000,2026-06-05 19:00:27+00:00,7940.0,16.54,20.1,20.6,0.0,0.0,7.0,123.0,0.133435331993103,False,REGULAR,USD,2026-07-31,7451.7001953125,0.03625,call,1.0655286433819045,0.1452054794520547,20.35
SPXW260731C07950000,2026-06-08 15:24:40+00:00,7950.0,19.7,18.8,19.3,8.1,69.82759,314.0,384.0,0.1329012797164916,False,REGULAR,USD,2026-07-31,7451.7001953125,0.03625,call,1.0668706190032922,0.1452054794520547,19.05
SPXW260731C07960000,2026-06-05 17:10:53+00:00,7960.0,16.07,17.7,18.2,-1.8099995,-10.123039,20.0,97.0,0.1326380682373047,False,REGULAR,USD,2026-07-31,7451.7001953125,0.03625,call,1.06821259462468,0.1452054794520547,17.95
SPXW260731C07970000,2026-06-05 13:41:55+00:00,7970.0,24.1,16.1,16.5,0.0,0.0,3.0,19.0,0.1310473553848266,False,REGULAR,USD,2026-07-31,7451.7001953125,0.03625,call,1.0695545702460678,0.1452054794520547,16.3
SPXW260731C07975000,2026-06-05 14:45:30+00:00,7975.0,21.51,16.1,16.6,0.0,0.0,1.0,84.0,0.1321497918701172,False,REGULAR,USD,2026-07-31,7451.7001953125,0.03625,call,1.0702255580567617,0.1452054794520547,16.35
SPXW260731C07980000,2026-06-08 15:06:35+00:00,7980.0,16.35,15.7,16.1,3.75,29.761904,1.0,197.0,0.1320048348236084,False,REGULAR,USD,2026-07-31,7451.7001953125,0.03625,call,1.0708965458674555,0.1452054794520547,15.9
SPXW260731C07990000,2026-06-05 20:08:03+00:00,7990.0,9.7,14.1,14.7,0.0,0.0,5.0,47.0,0.130757441291809,False,REGULAR,USD,2026-07-31,7451.7001953125,0.03625,call,1.0722385214888432,0.1452054794520547,14.4
SPXW260731C08000000,2026-06-08 14:26:17+00:00,8000.0,12.98,13.6,14.0,1.7799997,15.892855,30.0,1816.0,0.1309291009521484,False,REGULAR,USD,2026-07-31,7451.7001953125,0.03625,call,1.0735804971102312,0.1452054794520547,13.8
SPXW260731C08010000,2026-06-08 13:49:55+00:00,8010.0,11.65,12.5,12.9,0.6499996,5.9090877,22.0,121.0,0.1300746173095703,False,REGULAR,USD,2026-07-31,7451.7001953125,0.03625,call,1.074922472731619,0.1452054794520547,12.7
SPXW260731C08020000,2026-06-08 15:06:35+00:00,8020.0,12.7,11.7,12.3,-14.910001,-54.00218,1.0,111.0,0.1303111261749267,False,REGULAR,USD,2026-07-31,7451.7001953125,0.03625,call,1.0762644483530066,0.1452054794520547,12.0
SPXW260731C08025000,2026-06-08 13:48:08+00:00,8025.0,11.23,11.8,12.1,1.6799994,17.591616,3.0,9.0,0.1306544454956054,False,REGULAR,USD,2026-07-31,7451.7001953125,0.03625,call,1.076935436163701,0.1452054794520547,11.95
SPXW260731C08030000,2026-06-05 14:07:17+00:00,8030.0,15.05,11.1,11.5,0.0,0.0,8.0,23.0,0.1299639921951293,False,REGULAR,USD,2026-07-31,7451.7001953125,0.03625,call,1.0776064239743943,0.1452054794520547,11.3
SPXW260731C08040000,2026-06-05 20:12:02+00:00,8040.0,6.32,10.6,11.0,0.0,0.0,1.0,12.0,0.130307311515808,False,REGULAR,USD,2026-07-31,7451.7001953125,0.03625,call,1.0789483995957825,0.1452054794520547,10.8
SPXW260731C08050000,2026-06-08 14:14:13+00:00,8050.0,8.9,9.6,10.0,0.9699998,12.232028,11.0,64.0,0.1292048750305175,False,REGULAR,USD,2026-07-31,7451.7001953125,0.03625,call,1.08029037521717,0.1452054794520547,9.8
SPXW260731C08060000,2026-06-05 18:03:27+00:00,8060.0,9.06,9.2,9.6,0.0,0.0,10.0,53.0,0.1296702634429931,False,REGULAR,USD,2026-07-31,7451.7001953125,0.03625,call,1.081632350838558,0.1452054794520547,9.4
SPXW260731C08070000,2026-05-26 15:29:29+00:00,8070.0,25.83,8.6,9.0,0.0,0.0,10.0,72.0,0.1294833451461792,False,REGULAR,USD,2026-07-31,7451.7001953125,0.03625,call,1.0829743264599456,0.1452054794520547,8.8
SPXW260731C08075000,2026-06-05 19:59:10+00:00,8075.0,6.51,8.1,8.5,0.0,0.0,4.0,57.0,0.1287318572998047,False,REGULAR,USD,2026-07-31,7451.7001953125,0.03625,call,1.0836453142706397,0.1452054794520547,8.3
SPXW260731C08080000,2026-06-05 13:47:45+00:00,8080.0,10.67,8.1,8.5,0.0,0.0,1.0,140.0,0.1295100477600098,False,REGULAR,USD,2026-07-31,7451.7001953125,0.03625,call,1.0843163020813331,0.1452054794520547,8.3
SPXW260731C08090000,2026-06-05 20:05:37+00:00,8090.0,5.0,7.6,8.0,0.0,0.0,9.0,91.0,0.1294566425323486,False,REGULAR,USD,2026-07-31,7451.7001953125,0.03625,call,1.0856582777027213,0.1452054794520547,7.8
SPXW260731C08100000,2026-06-08 14:26:17+00:00,8100.0,6.57,7.1,7.5,1.4700003,28.823536,17.0,2215.0,0.1293193148040771,False,REGULAR,USD,2026-07-31,7451.7001953125,0.03625,call,1.087000253324109,0.1452054794520547,7.3
SPXW260731C08125000,2026-06-05 18:44:46+00:00,8125.0,4.9,6.0,6.4,0.0,0.0,11.0,60.0,0.1291056938934326,False,REGULAR,USD,2026-07-31,7451.7001953125,0.03625,call,1.0903551923775785,0.1452054794520547,6.2
SPXW260731C08150000,2026-06-05 18:46:14+00:00,8150.0,4.62,5.1,5.4,0.4699998,11.325295,1.0,118.0,0.1287013400268554,False,REGULAR,USD,2026-07-31,7451.7001953125,0.03625,call,1.093710131431048,0.1452054794520547,5.25
SPXW260731C08175000,2026-06-05 14:38:44+00:00,8175.0,6.13,4.2,4.6,0.0,0.0,1.0,140.0,0.1286097882080077,False,REGULAR,USD,2026-07-31,7451.7001953125,0.03625,call,1.0970650704845175,0.1452054794520547,4.4
SPXW260731C08200000,2026-06-08 13:57:32+00:00,8200.0,3.52,3.5,3.8,1.3199999,60.0,3.0,22943.0,0.127938408203125,False,REGULAR,USD,2026-07-31,7451.7001953125,0.03625,call,1.1004200095379868,0.1452054794520547,3.65
SPXW260731C08225000,2026-06-05 18:47:02+00:00,8225.0,2.52,3.1,3.3,0.0,0.0,4.0,50.0,0.1283732793426513,False,REGULAR,USD,2026-07-31,7451.7001953125,0.03625,call,1.1037749485914563,0.1452054794520547,3.2
SPXW260731C08250000,2026-06-05 18:44:26+00:00,8250.0,2.2,2.65,2.85,0.0,0.0,30.0,73.0,0.1287242279815673,False,REGULAR,USD,2026-07-31,7451.7001953125,0.03625,call,1.1071298876449258,0.1452054794520547,2.75
SPXW260731C08275000,2026-06-05 19:59:10+00:00,8275.0,1.92,2.3,2.55,0.0,0.0,5.0,92.0,0.1297694445800781,False,REGULAR,USD,2026-07-31,7451.7001953125,0.03625,call,1.110484826698395,0.1452054794520547,2.425
SPXW260731C08300000,2026-06-08 14:24:37+00:00,8300.0,1.85,2.0,2.2,0.5500001,42.3077,40.0,14971.0,0.1301203932189941,False,REGULAR,USD,2026-07-31,7451.7001953125,0.03625,call,1.1138397657518648,0.1452054794520547,2.1
SPXW260731C08325000,2026-06-02 15:22:18+00:00,8325.0,6.3,1.75,2.0,0.0,0.0,4.0,14.0,0.1314478945922851,False,REGULAR,USD,2026-07-31,7451.7001953125,0.03625,call,1.1171947048053343,0.1452054794520547,1.875
SPXW260731C08350000,2026-06-05 16:35:46+00:00,8350.0,1.62,1.5,1.8,0.0,0.0,2.0,129.0,0.1325617750549316,False,REGULAR,USD,2026-07-31,7451.7001953125,0.03625,call,1.1205496438588036,0.1452054794520547,1.65
SPXW260731C08375000,2026-06-08 13:32:57+00:00,8375.0,1.57,1.4,1.6,-0.88,-35.918365,5.0,2203.0,0.1334315173339843,False,REGULAR,USD,2026-07-31,7451.7001953125,0.03625,call,1.1239045829122731,0.1452054794520547,1.5
SPXW260731C08400000,2026-06-08 14:34:49+00:00,8400.0,1.15,1.2,1.4,-0.05000007,-4.166672,41.0,33629.0,0.1340418627929687,False,REGULAR,USD,2026-07-31,7451.7001953125,0.03625,call,1.1272595219657426,0.1452054794520547,1.2999999999999998
SPXW260731C08425000,2026-06-05 19:48:49+00:00,8425.0,1.05,1.05,1.35,0.0,0.0,4.0,2.0,0.1362696237182617,False,REGULAR,USD,2026-07-31,7451.7001953125,0.03625,call,1.130614461019212,0.1452054794520547,1.2000000000000002
SPXW260731C08450000,2026-06-08 13:32:57+00:00,8450.0,1.11,0.95,1.15,-1.7399999,-61.052628,10.0,4000.0,0.1363916928100585,False,REGULAR,USD,2026-07-31,7451.7001953125,0.03625,call,1.1339694000726817,0.1452054794520547,1.0499999999999998
SPXW260731C08475000,2026-06-05 18:12:41+00:00,8475.0,0.8,0.8,1.05,0.0,0.0,1.0,11.0,0.1376734182739258,False,REGULAR,USD,2026-07-31,7451.7001953125,0.03625,call,1.1373243391261512,0.1452054794520547,0.925
SPXW260731C08500000,2026-06-08 15:05:36+00:00,8500.0,0.8,0.75,0.95,0.100000024,14.285717,4.0,25138.0,0.1387720401000977,False,REGULAR,USD,2026-07-31,7451.7001953125,0.03625,call,1.1406792781796204,0.1452054794520547,0.85
SPXW260807C07400000,2026-06-05 19:37:43+00:00,7400.0,224.53,243.7,244.8,0.0,0.0,1.0,2.0,0.1796594638633727,True,REGULAR,USD,2026-08-07,7451.7001953125,0.03625,call,0.9930619598269638,0.1643835616438356,244.25
SPXW260807C07425000,2026-06-08 12:20:34+00:00,7425.0,222.6,227.5,228.6,13.820007,6.6194115,3.0,7.0,0.1769033726501465,True,REGULAR,USD,2026-08-07,7451.7001953125,0.03625,call,0.9964168988804332,0.1643835616438356,228.05
SPXW260807C07450000,2026-06-05 16:49:05+00:00,7450.0,220.4,209.7,210.6,0.0,0.0,52.0,27.0,0.1723067084121704,True,REGULAR,USD,2026-08-07,7451.7001953125,0.03625,call,0.9997718379339028,0.1643835616438356,210.15
SPXW260807C07475000,2026-06-08 12:18:49+00:00,7475.0,195.0,194.5,195.5,11.199997,6.0935783,1.0,4.0,0.1697222768592834,False,REGULAR,USD,2026-08-07,7451.7001953125,0.03625,call,1.0031267769873722,0.1643835616438356,195.0
SPXW260807C07480000,2026-06-05 15:56:37+00:00,7480.0,215.91,195.6,196.5,0.0,0.0,1.0,1.0,0.1724669240951538,False,REGULAR,USD,2026-08-07,7451.7001953125,0.03625,call,1.003797764798066,0.1643835616438356,196.05
SPXW260807C07500000,2026-06-05 17:56:17+00:00,7500.0,189.81,180.8,181.9,0.0,0.0,26.0,23.0,0.1679770703125,False,REGULAR,USD,2026-08-07,7451.7001953125,0.03625,call,1.0064817160408417,0.1643835616438356,181.35
SPXW260807C07510000,2026-06-05 15:00:40+00:00,7510.0,213.0,176.1,178.2,0.0,0.0,13.0,13.0,0.168602674407959,False,REGULAR,USD,2026-08-07,7451.7001953125,0.03625,call,1.0078236916622294,0.1643835616438356,177.14999999999998
SPXW260807C07520000,2026-06-05 15:57:54+00:00,7520.0,191.21,170.1,170.9,0.0,0.0,16.0,16.0,0.1661899025154114,False,REGULAR,USD,2026-08-07,7451.7001953125,0.03625,call,1.0091656672836171,0.1643835616438356,170.5
SPXW260807C07525000,2026-06-05 15:41:43+00:00,7525.0,185.55,166.6,167.9,0.0,0.0,3.0,3.0,0.1654937272262573,False,REGULAR,USD,2026-08-07,7451.7001953125,0.03625,call,1.0098366550943112,0.1643835616438356,167.25
SPXW260807C07530000,2026-06-05 14:28:00+00:00,7530.0,196.26,164.5,165.4,0.0,0.0,5.0,5.0,0.1651942764854431,False,REGULAR,USD,2026-08-07,7451.7001953125,0.03625,call,1.010507642905005,0.1643835616438356,164.95
SPXW260807C07540000,2026-06-05 16:45:57+00:00,7540.0,164.45,158.9,160.1,0.0,0.0,2.0,2.0,0.1642978315925598,False,REGULAR,USD,2026-08-07,7451.7001953125,0.03625,call,1.0118496185263928,0.1643835616438356,159.5
SPXW260807C07550000,2026-06-05 20:02:41+00:00,7550.0,125.29,153.0,154.0,0.0,0.0,2.0,5.0,0.1626642038249969,False,REGULAR,USD,2026-08-07,7451.7001953125,0.03625,call,1.0131915941477807,0.1643835616438356,153.5
SPXW260807C07570000,2026-06-08 15:09:43+00:00,7570.0,148.9,145.2,146.0,-64.880005,-30.348959,3.0,26.0,0.1626947210979462,False,REGULAR,USD,2026-08-07,7451.7001953125,0.03625,call,1.015875545390556,0.1643835616438356,145.6
SPXW260807C07580000,2026-06-08 09:34:50+00:00,7580.0,124.35,138.0,138.8,-32.370003,-20.654673,2.0,2.0,0.1599128809356689,False,REGULAR,USD,2026-08-07,7451.7001953125,0.03625,call,1.017217521011944,0.1643835616438356,138.4
SPXW260807C07590000,2026-06-08 15:09:43+00:00,7590.0,138.55,134.7,135.7,-71.45,-34.023808,3.0,1.0,0.1605175044059753,False,REGULAR,USD,2026-08-07,7451.7001953125,0.03625,call,1.0185594966333318,0.1643835616438356,135.2
SPXW260807C07600000,2026-06-05 20:13:58+00:00,7600.0,99.1,130.8,131.7,0.0,0.0,6.0,82.0,0.1602953005123138,False,REGULAR,USD,2026-08-07,7451.7001953125,0.03625,call,1.0199014722547195,0.1643835616438356,131.25
SPXW260807C07610000,2026-06-05 16:45:57+00:00,7610.0,128.25,126.1,126.8,0.0,0.0,4.0,2.0,0.1592338716125488,False,REGULAR,USD,2026-08-07,7451.7001953125,0.03625,call,1.0212434478761074,0.1643835616438356,126.45
SPXW260807C07620000,2026-06-05 17:55:07+00:00,7620.0,124.78,118.8,119.7,0.0,0.0,1.0,1.0,0.1561916809654235,False,REGULAR,USD,2026-08-07,7451.7001953125,0.03625,call,1.0225854234974951,0.1643835616438356,119.25
SPXW260807C07640000,2026-06-08 09:34:50+00:00,7640.0,98.08,109.5,111.4,-6.689995,-6.3854113,2.0,3.0,0.1549528704166412,False,REGULAR,USD,2026-08-07,7451.7001953125,0.03625,call,1.0252693747402708,0.1643835616438356,110.45
SPXW260807C07650000,2026-06-05 18:28:23+00:00,7650.0,101.09,105.0,106.7,0.0,0.0,3.0,6.0,0.1537312258338928,False,REGULAR,USD,2026-08-07,7451.7001953125,0.03625,call,1.0266113503616583,0.1643835616438356,105.85
SPXW260807C07670000,2026-06-05 16:45:57+00:00,7670.0,101.25,98.1,98.9,0.0,0.0,2.0,35.0,0.1524647590065002,False,REGULAR,USD,2026-08-07,7451.7001953125,0.03625,call,1.0292953016044342,0.1643835616438356,98.5
SPXW260807C07675000,2026-06-05 19:33:57+00:00,7675.0,81.86,95.0,96.7,0.0,0.0,207.0,167.0,0.1518715795135498,False,REGULAR,USD,2026-08-07,7451.7001953125,0.03625,call,1.029966289415128,0.1643835616438356,95.85
SPXW260807C07680000,2026-06-05 17:00:14+00:00,7680.0,101.57,92.4,93.3,0.0,0.0,2.0,5.0,0.1501587975692749,False,REGULAR,USD,2026-08-07,7451.7001953125,0.03625,call,1.030637277225822,0.1643835616438356,92.85
SPXW260807C07700000,2026-06-05 19:33:57+00:00,7700.0,85.39,85.3,86.1,12.150002,16.589298,1.0,195.0,0.1489266626739502,False,REGULAR,USD,2026-08-07,7451.7001953125,0.03625,call,1.0333212284685975,0.1643835616438356,85.69999999999999
SPXW260807C07725000,2026-06-08 13:56:36+00:00,7725.0,73.92,78.1,78.7,11.599998,18.613605,6.0,34.0,0.1484555522727966,False,REGULAR,USD,2026-08-07,7451.7001953125,0.03625,call,1.0366761675220668,0.1643835616438356,78.4
SPXW260807C07775000,2026-06-08 14:37:09+00:00,7775.0,60.2,60.9,61.5,7.299999,13.799621,3.0,27.0,0.1435746959304809,False,REGULAR,USD,2026-08-07,7451.7001953125,0.03625,call,1.0433860456290058,0.1643835616438356,61.2
SPXW260807C07800000,2026-06-08 13:54:42+00:00,7800.0,53.87,53.9,54.5,13.369999,33.012344,2.0,18.0,0.1418867092704772,False,REGULAR,USD,2026-08-07,7451.7001953125,0.03625,call,1.0467409846824751,0.1643835616438356,54.2
SPXW260807C07850000,2026-06-08 13:58:40+00:00,7850.0,38.35,41.7,43.2,-4.7700005,-11.062154,5.0,13.0,0.1398573106193542,False,REGULAR,USD,2026-08-07,7451.7001953125,0.03625,call,1.0534508627894144,0.1643835616438356,42.45
SPXW260807C07875000,2026-06-05 18:57:06+00:00,7875.0,36.79,37.8,38.4,4.6900024,14.6106,1.0,5.0,0.1390657688522338,False,REGULAR,USD,2026-08-07,7451.7001953125,0.03625,call,1.0568058018428836,0.1643835616438356,38.1
SPXW260807C07900000,2026-06-08 14:52:28+00:00,7900.0,33.0,31.9,32.4,4.76,16.855526,2.0,1.0,0.1360693541145325,False,REGULAR,USD,2026-08-07,7451.7001953125,0.03625,call,1.0601607408963531,0.1643835616438356,32.15
SPXW260807C07950000,2026-06-08 15:04:21+00:00,7950.0,25.65,24.2,24.7,2.5599995,11.087048,15.0,33.0,0.1340742873954773,False,REGULAR,USD,2026-08-07,7451.7001953125,0.03625,call,1.0668706190032922,0.1643835616438356,24.45
SPXW260807C08000000,2026-06-08 15:04:21+00:00,8000.0,19.3,18.5,19.0,2.0999985,12.209293,15.0,21.0,0.1330881980133056,False,REGULAR,USD,2026-08-07,7451.7001953125,0.03625,call,1.0735804971102312,0.1643835616438356,18.75
SPXW260807C08050000,2026-06-08 13:42:07+00:00,8050.0,13.7,13.7,14.2,-5.9299994,-30.208862,17.0,2.0,0.1316386275482177,False,REGULAR,USD,2026-08-07,7451.7001953125,0.03625,call,1.08029037521717,0.1643835616438356,13.95
SPXW260807C08100000,2026-06-08 13:44:18+00:00,8100.0,10.3,10.2,10.6,3.3600001,48.414986,4.0,14.0,0.13066970413208,False,REGULAR,USD,2026-08-07,7451.7001953125,0.03625,call,1.087000253324109,0.1643835616438356,10.4
SPXW260807C08150000,2026-06-05 17:20:47+00:00,8150.0,7.58,7.7,8.1,0.07999992,1.0666656,5.0,2.0,0.1307002214050293,False,REGULAR,USD,2026-08-07,7451.7001953125,0.03625,call,1.093710131431048,0.1643835616438356,7.9
SPXW260807C08200000,2026-06-05 20:07:48+00:00,8200.0,3.74,5.6,6.0,0.0,0.0,69.0,59.0,0.1301966864013671,False,REGULAR,USD,2026-08-07,7451.7001953125,0.03625,call,1.1004200095379868,0.1643835616438356,5.8
SPXW260807C08250000,2026-06-05 19:41:16+00:00,8250.0,3.3,4.1,4.4,0.0,0.0,3.0,42.0,0.1297389273071288,False,REGULAR,USD,2026-08-07,7451.7001953125,0.03625,call,1.1071298876449258,0.1643835616438356,4.25
SPXW260807C08300000,2026-06-05 20:04:11+00:00,8300.0,2.86,3.0,3.3,0.55999994,24.347824,1.0,2500.0,0.1299830654907226,False,REGULAR,USD,2026-08-07,7451.7001953125,0.03625,call,1.1138397657518648,0.1643835616438356,3.15
SPXW260807C08350000,2026-06-08 11:45:40+00:00,8350.0,2.4,2.4,2.6,0.3000002,14.285724,11.0,4.0,0.131295308227539,False,REGULAR,USD,2026-08-07,7451.7001953125,0.03625,call,1.1205496438588036,0.1643835616438356,2.5
SPXW260807C08500000,2026-06-05 19:24:42+00:00,8500.0,1.02,1.2,1.4,0.0,0.0,60.0,2800.0,0.1368189346313477,False,REGULAR,USD,2026-08-07,7451.7001953125,0.03625,call,1.1406792781796204,0.1643835616438356,1.2999999999999998
SPXW260821C07380000,2026-05-29 16:57:50+00:00,7380.0,382.7,282.6,285.0,0.0,0.0,3.0,7.0,0.1842599427604675,True,REGULAR,USD,2026-08-21,7451.7001953125,0.03625,call,0.9903780085841882,0.2027397260273972,283.8
SPXW260821C07385000,2026-06-05 18:46:59+00:00,7385.0,264.6,279.3,280.8,0.0,0.0,1.0,5.0,0.1830907497406005,True,REGULAR,USD,2026-08-21,7451.7001953125,0.03625,call,0.991048996394882,0.2027397260273972,280.05
SPXW260821C07390000,2026-06-05 15:14:36+00:00,7390.0,312.07,276.6,277.8,0.0,0.0,1.0,34.0,0.1828103722953796,True,REGULAR,USD,2026-08-21,7451.7001953125,0.03625,call,0.991719984205576,0.2027397260273972,277.20000000000005
SPXW260821C07395000,2026-06-04 08:58:22+00:00,7395.0,335.0,274.2,275.4,0.0,0.0,5.0,9.0,0.1829696343135833,True,REGULAR,USD,2026-08-21,7451.7001953125,0.03625,call,0.99239097201627,0.2027397260273972,274.79999999999995
SPXW260821C07400000,2026-06-08 14:20:02+00:00,7400.0,260.88,270.9,271.8,33.58,14.773428,49.0,265.0,0.1822181464672088,True,REGULAR,USD,2026-08-21,7451.7001953125,0.03625,call,0.9930619598269638,0.2027397260273972,271.35
SPXW260821C07405000,2026-06-05 20:01:49+00:00,7405.0,229.57,267.9,268.8,0.0,0.0,1.0,22.0,0.1819043907546997,True,REGULAR,USD,2026-08-21,7451.7001953125,0.03625,call,0.9937329476376576,0.2027397260273972,268.35
SPX260821C07410000,2026-06-05 19:54:18+00:00,7410.0,243.2,262.4,263.7,0.0,0.0,15.0,34.0,0.1800113661670685,True,REGULAR,USD,2026-08-21,7451.7001953125,0.03625,call,0.9944039354483516,0.2027397260273972,263.04999999999995
SPX260821C07415000,2026-06-05 19:57:45+00:00,7415.0,237.3,260.0,261.1,0.0,0.0,1.0,15.0,0.1799741732406616,True,REGULAR,USD,2026-08-21,7451.7001953125,0.03625,call,0.9950749232590456,0.2027397260273972,260.55
SPX260821C07420000,2026-06-05 19:18:52+00:00,7420.0,227.81,256.5,257.9,0.0,0.0,198.0,104.0,0.1794773138904571,True,REGULAR,USD,2026-08-21,7451.7001953125,0.03625,call,0.9957459110697392,0.2027397260273972,257.2
SPX260821C07425000,2026-06-08 14:29:21+00:00,7425.0,249.0,253.1,254.4,25.279999,11.299839,1.0,715.0,0.1787458530044555,True,REGULAR,USD,2026-08-21,7451.7001953125,0.03625,call,0.9964168988804332,0.2027397260273972,253.75
SPX260821C07430000,2026-06-05 18:40:05+00:00,7430.0,240.79,249.6,250.7,0.0,0.0,10.0,113.0,0.1778541764354705,True,REGULAR,USD,2026-08-21,7451.7001953125,0.03625,call,0.9970878866911272,0.2027397260273972,250.15
SPX260821C07435000,2026-06-08 15:27:58+00:00,7435.0,250.83,246.4,247.5,0.83000183,0.33200073,4.0,43.0,0.1773229851531982,True,REGULAR,USD,2026-08-21,7451.7001953125,0.03625,call,0.997758874501821,0.2027397260273972,246.95
SPXW260821C07440000,2026-05-21 17:05:31+00:00,7440.0,245.29,244.0,245.0,0.0,0.0,20.0,74.0,0.1773000971984863,True,REGULAR,USD,2026-08-21,7451.7001953125,0.03625,call,0.998429862312515,0.2027397260273972,244.5
SPX260821C07445000,2026-06-04 13:47:12+00:00,7445.0,302.3,240.0,241.3,0.0,0.0,2.0,28.0,0.1763740886974335,True,REGULAR,USD,2026-08-21,7451.7001953125,0.03625,call,0.9991008501232088,0.2027397260273972,240.65
SPX260821C07450000,2026-06-08 14:35:06+00:00,7450.0,234.0,236.7,238.0,37.11,18.848087,2.0,3059.0,0.1757332259654998,True,REGULAR,USD,2026-08-21,7451.7001953125,0.03625,call,0.9997718379339028,0.2027397260273972,237.35
SPX260821C07455000,2026-06-05 16:59:50+00:00,7455.0,248.3,232.6,233.9,0.0,0.0,1.0,79.0,0.1744867860984802,False,REGULAR,USD,2026-08-21,7451.7001953125,0.03625,call,1.0004428257445963,0.2027397260273972,233.25
SPX260821C07460000,2026-06-05 19:59:42+00:00,7460.0,207.41,233.4,234.5,0.0,0.0,231.0,337.0,0.1767164543533325,False,REGULAR,USD,2026-08-21,7451.7001953125,0.03625,call,1.0011138135552906,0.2027397260273972,233.95
SPXW260821C07465000,2026-05-27 17:07:38+00:00,7465.0,281.6,228.6,229.7,0.0,0.0,6.0,4.0,0.1749254718971252,False,REGULAR,USD,2026-08-21,7451.7001953125,0.03625,call,1.0017848013659845,0.2027397260273972,229.15
SPX260821C07470000,2026-06-05 18:12:46+00:00,7470.0,226.8,225.3,226.6,0.0,0.0,5.0,95.0,0.1743837903022766,False,REGULAR,USD,2026-08-21,7451.7001953125,0.03625,call,1.0024557891766783,0.2027397260273972,225.95
SPXW260821C07475000,2026-06-01 17:59:06+00:00,7475.0,332.92,226.8,227.5,0.0,0.0,1.0,287.0,0.1767984695243835,False,REGULAR,USD,2026-08-21,7451.7001953125,0.03625,call,1.0031267769873722,0.2027397260273972,227.15
SPX260821C07480000,2026-06-08 14:50:10+00:00,7480.0,219.7,219.0,220.2,18.869995,9.396004,1.0,67.0,0.1731154161453247,False,REGULAR,USD,2026-08-21,7451.7001953125,0.03625,call,1.003797764798066,0.2027397260273972,219.6
SPX260821C07485000,2026-06-05 19:57:23+00:00,7485.0,197.4,218.4,219.6,0.0,0.0,19.0,44.0,0.1743923732852936,False,REGULAR,USD,2026-08-21,7451.7001953125,0.03625,call,1.00446875260876,0.2027397260273972,219.0
SPX260821C07490000,2026-06-08 14:24:55+00:00,7490.0,212.4,212.3,213.6,21.5,11.262442,4.0,122.0,0.1716486797142029,False,REGULAR,USD,2026-08-21,7451.7001953125,0.03625,call,1.005139740419454,0.2027397260273972,212.95
SPX260821C07495000,2026-06-05 18:31:58+00:00,7495.0,198.8,209.7,210.8,-4.199997,-2.068964,6.0,55.0,0.1712672138023376,False,REGULAR,USD,2026-08-21,7451.7001953125,0.03625,call,1.0058107282301478,0.2027397260273972,210.25
SPXW260821C07500000,2026-06-08 15:14:42+00:00,7500.0,214.6,208.2,209.1,28.51001,15.320549,15.0,251.0,0.1716887336349487,False,REGULAR,USD,2026-08-21,7451.7001953125,0.03625,call,1.0064817160408417,0.2027397260273972,208.65
SPXW260821C07505000,2026-05-29 19:09:27+00:00,7505.0,289.6,205.6,206.8,0.0,0.0,7.0,18.0,0.1716534480381012,False,REGULAR,USD,2026-08-21,7451.7001953125,0.03625,call,1.0071527038515355,0.2027397260273972,206.2
SPXW260821C07510000,2026-06-05 19:30:27+00:00,7510.0,184.29,202.2,203.0,0.0,0.0,2.0,81.0,0.1704899770069123,False,REGULAR,USD,2026-08-21,7451.7001953125,0.03625,call,1.0078236916622294,0.2027397260273972,202.6
SPXW260821C07515000,2026-06-05 13:52:32+00:00,7515.0,238.5,201.6,202.5,0.0,0.0,1.0,5.0,0.1717669341468811,False,REGULAR,USD,2026-08-21,7451.7001953125,0.03625,call,1.0084946794729233,0.2027397260273972,202.05
SPXW260821C07520000,2026-06-04 19:17:45+00:00,7520.0,286.05,197.8,198.7,0.0,0.0,3.0,41.0,0.1705767605018616,False,REGULAR,USD,2026-08-21,7451.7001953125,0.03625,call,1.0091656672836171,0.2027397260273972,198.25
SPXW260821C07525000,2026-06-05 19:51:16+00:00,7525.0,180.44,194.8,195.9,0.0,0.0,1.0,66.0,0.1701170940780639,False,REGULAR,USD,2026-08-21,7451.7001953125,0.03625,call,1.0098366550943112,0.2027397260273972,195.35
SPXW260821C07530000,2026-06-08 06:34:05+00:00,7530.0,169.5,190.4,191.1,-100.42001,-37.203617,8.0,12.0,0.1681544519615173,False,REGULAR,USD,2026-08-21,7451.7001953125,0.03625,call,1.010507642905005,0.2027397260273972,190.75
SPXW260821C07535000,2026-06-03 13:37:33+00:00,7535.0,280.1,186.8,187.9,0.0,0.0,1.0,12.0,0.1673676785182953,False,REGULAR,USD,2026-08-21,7451.7001953125,0.03625,call,1.011178630715699,0.2027397260273972,187.35
SPXW260821C07540000,2026-06-02 14:33:54+00:00,7540.0,281.6,185.1,186.3,0.0,0.0,5.0,54.0,0.1677624957370758,False,REGULAR,USD,2026-08-21,7451.7001953125,0.03625,call,1.0118496185263928,0.2027397260273972,185.7
SPXW260821C07545000,2026-06-02 19:41:42+00:00,7545.0,187.2,184.2,185.2,-96.42,-33.996193,1.0,2.0,0.1685187519073487,False,REGULAR,USD,2026-08-21,7451.7001953125,0.03625,call,1.0125206063370866,0.2027397260273972,184.7
SPXW260821C07550000,2026-06-05 20:14:27+00:00,7550.0,145.2,179.7,180.6,0.0,0.0,44.0,290.0,0.166643846950531,False,REGULAR,USD,2026-08-21,7451.7001953125,0.03625,call,1.0131915941477807,0.2027397260273972,180.15
SPX260821C07560000,2026-06-05 19:36:01+00:00,7560.0,156.8,172.4,173.5,0.0,0.0,3.0,89.0,0.1644179933547974,False,REGULAR,USD,2026-08-21,7451.7001953125,0.03625,call,1.0145335697691684,0.2027397260273972,172.95
SPX260821C07565000,2026-06-05 19:18:36+00:00,7565.0,147.3,170.4,171.4,0.0,0.0,8.0,17.0,0.1643712637805938,False,REGULAR,USD,2026-08-21,7451.7001953125,0.03625,call,1.0152045575798625,0.2027397260273972,170.9
SPXW260821C07570000,2026-06-02 19:43:52+00:00,7570.0,266.95,169.8,170.9,0.0,0.0,4.0,50.0,0.1655166151809692,False,REGULAR,USD,2026-08-21,7451.7001953125,0.03625,call,1.015875545390556,0.2027397260273972,170.35000000000002
SPX260821C07575000,2026-06-08 14:28:19+00:00,7575.0,159.7,164.7,165.8,8.699997,5.7615876,1.0,1834.0,0.163182043800354,False,REGULAR,USD,2026-08-21,7451.7001953125,0.03625,call,1.01654653320125,0.2027397260273972,165.25
SPXW260821C07580000,2026-06-03 19:29:50+00:00,7580.0,232.38,163.8,164.6,0.0,0.0,2.0,44.0,0.1637752232933044,False,REGULAR,USD,2026-08-21,7451.7001953125,0.03625,call,1.017217521011944,0.2027397260273972,164.2
SPX260821C07585000,2026-06-05 18:51:55+00:00,7585.0,148.27,159.8,161.0,0.0,0.0,116.0,178.0,0.162539273738861,False,REGULAR,USD,2026-08-21,7451.7001953125,0.03625,call,1.017888508822638,0.2027397260273972,160.4
SPXW260821C07590000,2026-06-03 18:52:57+00:00,7590.0,230.77,160.8,161.4,0.0,0.0,1.0,27.0,0.1643188122177123,False,REGULAR,USD,2026-08-21,7451.7001953125,0.03625,call,1.0185594966333318,0.2027397260273972,161.10000000000002
SPXW260821C07595000,2026-06-08 13:31:19+00:00,7595.0,161.1,158.1,158.8,-76.12999,-32.091217,4.0,20.0,0.1638143235492706,False,REGULAR,USD,2026-08-21,7451.7001953125,0.03625,call,1.0192304844440256,0.2027397260273972,158.45
SPX260821C07600000,2026-06-08 14:47:47+00:00,7600.0,154.58,152.4,153.6,24.580002,18.907694,119.0,7430.0,0.1613128608322143,False,REGULAR,USD,2026-08-21,7451.7001953125,0.03625,call,1.0199014722547195,0.2027397260273972,153.0
SPXW260821C07605000,2026-06-08 15:08:20+00:00,7605.0,157.14,151.8,152.5,34.690002,28.329933,2.0,54.0,0.16191939163208,False,REGULAR,USD,2026-08-21,7451.7001953125,0.03625,call,1.0205724600654134,0.2027397260273972,152.15
SPX260821C07610000,2026-06-08 14:32:47+00:00,7610.0,145.9,146.9,148.0,13.199997,9.9472475,13.0,148.0,0.1599109736061096,False,REGULAR,USD,2026-08-21,7451.7001953125,0.03625,call,1.0212434478761074,0.2027397260273972,147.45
SPXW260821C07615000,2026-05-29 16:07:00+00:00,7615.0,141.47,146.1,147.0,-84.67,-37.441406,3.0,9.0,0.1605680486392974,False,REGULAR,USD,2026-08-21,7451.7001953125,0.03625,call,1.0219144356868013,0.2027397260273972,146.55
SPX260821C07620000,2026-06-05 20:10:33+00:00,7620.0,113.71,145.3,146.2,0.0,0.0,106.0,159.0,0.1613681733894348,False,REGULAR,USD,2026-08-21,7451.7001953125,0.03625,call,1.0225854234974951,0.2027397260273972,145.75
SPXW260821C07625000,2026-06-05 16:05:51+00:00,7625.0,156.3,140.5,143.1,0.0,0.0,1.0,74.0,0.1603849450016021,False,REGULAR,USD,2026-08-21,7451.7001953125,0.03625,call,1.023256411308189,0.2027397260273972,141.8
SPXW260821C07630000,2026-06-02 19:58:05+00:00,7630.0,230.07,138.3,139.8,0.0,0.0,2.0,30.0,0.1592281496238708,False,REGULAR,USD,2026-08-21,7451.7001953125,0.03625,call,1.0239273991188829,0.2027397260273972,139.05
SPXW260821C07635000,2026-06-03 15:12:10+00:00,7635.0,206.7,135.8,136.5,0.0,0.0,10.0,19.0,0.1580522809505463,False,REGULAR,USD,2026-08-21,7451.7001953125,0.03625,call,1.0245983869295767,0.2027397260273972,136.15
SPXW260821C07640000,2026-06-05 16:53:53+00:00,7640.0,144.35,136.3,137.0,0.0,0.0,5.0,75.0,0.1598136997985839,False,REGULAR,USD,2026-08-21,7451.7001953125,0.03625,call,1.0252693747402708,0.2027397260273972,136.65
SPX260821C07645000,2026-06-08 13:54:35+00:00,7645.0,127.4,130.2,131.3,12.900002,11.2663765,10.0,53.0,0.1567314552307129,False,REGULAR,USD,2026-08-21,7451.7001953125,0.03625,call,1.0259403625509649,0.2027397260273972,130.75
SPXW260821C07650000,2026-06-05 19:24:17+00:00,7650.0,111.42,129.8,130.4,0.0,0.0,48.0,165.0,0.1573780399513245,False,REGULAR,USD,2026-08-21,7451.7001953125,0.03625,call,1.0266113503616583,0.2027397260273972,130.10000000000002
SPX260821C07655000,2026-06-05 18:45:04+00:00,7655.0,118.41,126.0,127.0,0.0,0.0,101.0,110.0,0.1560486312484741,False,REGULAR,USD,2026-08-21,7451.7001953125,0.03625,call,1.0272823381723524,0.2027397260273972,126.5
SPXW260821C07660000,2026-06-08 13:31:37+00:00,7660.0,129.3,125.5,126.2,-33.899994,-20.772057,2.0,18.0,0.1567505285263061,False,REGULAR,USD,2026-08-21,7451.7001953125,0.03625,call,1.0279533259830462,0.2027397260273972,125.85
SPX260821C07665000,2026-06-08 14:18:02+00:00,7665.0,115.55,122.0,123.1,10.880005,10.394578,5.0,111.0,0.155621389427185,False,REGULAR,USD,2026-08-21,7451.7001953125,0.03625,call,1.02862431379374,0.2027397260273972,122.55
SPXW260821C07670000,2026-06-08 15:10:18+00:00,7670.0,126.5,120.3,121.1,12.290001,10.76088,2.0,27.0,0.1553448266410827,False,REGULAR,USD,2026-08-21,7451.7001953125,0.03625,call,1.0292953016044342,0.2027397260273972,120.7
SPXW260821C07675000,2026-06-08 13:31:04+00:00,7675.0,122.6,120.6,121.4,17.119995,16.23056,10.0,144.0,0.1568878562545776,False,REGULAR,USD,2026-08-21,7451.7001953125,0.03625,call,1.029966289415128,0.2027397260273972,121.0
SPX260821C07680000,2026-06-05 19:35:47+00:00,7680.0,103.4,117.5,118.5,0.0,0.0,2.0,56.0,0.1558674349403381,False,REGULAR,USD,2026-08-21,7451.7001953125,0.03625,call,1.030637277225822,0.2027397260273972,118.0
SPX260821C07685000,2026-06-03 19:01:40+00:00,7685.0,173.0,115.4,116.4,0.0,0.0,2.0,37.0,0.155468803062439,False,REGULAR,USD,2026-08-21,7451.7001953125,0.03625,call,1.0313082650365155,0.2027397260273972,115.9
SPX260821C07690000,2026-06-05 19:35:53+00:00,7690.0,99.5,113.3,114.2,0.0,0.0,2.0,53.0,0.1549728973770142,False,REGULAR,USD,2026-08-21,7451.7001953125,0.03625,call,1.0319792528472096,0.2027397260273972,113.75
SPX260821C07695000,2026-06-05 19:31:06+00:00,7695.0,96.54,109.5,110.6,0.0,0.0,161.0,103.0,0.153323057308197,False,REGULAR,USD,2026-08-21,7451.7001953125,0.03625,call,1.0326502406579037,0.2027397260273972,110.05
SPX260821C07700000,2026-06-08 14:46:45+00:00,7700.0,109.41,106.5,107.3,26.220001,31.51821,71.0,3943.0,0.1518877918148041,False,REGULAR,USD,2026-08-21,7451.7001953125,0.03625,call,1.0333212284685975,0.2027397260273972,106.9
SPX260821C07705000,2026-06-05 17:15:45+00:00,7705.0,110.01,105.4,106.5,0.0,0.0,100.0,103.0,0.1524781103134155,False,REGULAR,USD,2026-08-21,7451.7001953125,0.03625,call,1.0339922162792914,0.2027397260273972,105.95
SPX260821C07710000,2026-06-05 19:35:43+00:00,7710.0,92.5,103.6,104.6,0.0,0.0,3.0,255.0,0.1521519569587708,False,REGULAR,USD,2026-08-21,7451.7001953125,0.03625,call,1.0346632040899852,0.2027397260273972,104.1
SPXW260821C07715000,2026-06-05 16:56:07+00:00,7715.0,110.6,102.3,103.2,0.0,0.0,6.0,10.0,0.1522244354820251,False,REGULAR,USD,2026-08-21,7451.7001953125,0.03625,call,1.035334191900679,0.2027397260273972,102.75
SPX260821C07720000,2026-06-08 15:23:44+00:00,7720.0,103.9,100.6,101.6,15.400002,17.40113,4.0,354.0,0.1521176250267029,False,REGULAR,USD,2026-08-21,7451.7001953125,0.03625,call,1.036005179711373,0.2027397260273972,101.1
SPX260821C07725000,2026-06-08 13:38:01+00:00,7725.0,96.0,97.7,98.8,-6.550003,-6.387131,11.0,1116.0,0.1509942079162598,False,REGULAR,USD,2026-08-21,7451.7001953125,0.03625,call,1.0366761675220668,0.2027397260273972,98.25
SPXW260821C07730000,2026-06-05 16:56:06+00:00,7730.0,104.6,98.6,99.2,0.0,0.0,3.0,139.0,0.1525315155410767,False,REGULAR,USD,2026-08-21,7451.7001953125,0.03625,call,1.037347155332761,0.2027397260273972,98.9
SPX260821C07735000,2026-06-08 15:11:17+00:00,7735.0,99.14,95.8,96.7,-0.05999756,-0.06048141,2.0,10.0,0.1516255340003967,False,REGULAR,USD,2026-08-21,7451.7001953125,0.03625,call,1.0380181431434548,0.2027397260273972,96.25
SPXW260821C07740000,2026-06-05 16:56:05+00:00,7740.0,100.9,93.3,94.0,0.0,0.0,3.0,31.0,0.1505269121742249,False,REGULAR,USD,2026-08-21,7451.7001953125,0.03625,call,1.0386891309541486,0.2027397260273972,93.65
SPXW260821C07745000,2026-06-03 19:19:26+00:00,7745.0,143.9,93.5,94.0,0.0,0.0,1.0,10.0,0.1517056418418884,False,REGULAR,USD,2026-08-21,7451.7001953125,0.03625,call,1.0393601187648425,0.2027397260273972,93.75
SPX260821C07750000,2026-06-08 15:22:52+00:00,7750.0,90.9,88.5,89.4,23.36,34.58691,43.0,3616.0,0.1489342919921875,False,REGULAR,USD,2026-08-21,7451.7001953125,0.03625,call,1.0400311065755363,0.2027397260273972,88.95
SPX260821C07755000,2026-06-05 14:11:40+00:00,7755.0,109.92,87.1,88.1,0.0,0.0,100.0,103.0,0.1489705312538147,False,REGULAR,USD,2026-08-21,7451.7001953125,0.03625,call,1.0407020943862302,0.2027397260273972,87.6
SPX260821C07760000,2026-06-08 14:58:25+00:00,7760.0,88.0,84.5,85.4,12.699997,16.865866,8.0,116.0,0.1477717746257782,False,REGULAR,USD,2026-08-21,7451.7001953125,0.03625,call,1.0413730821969245,0.2027397260273972,84.95
SPXW260821C07765000,2026-06-04 19:53:53+00:00,7765.0,141.1,84.6,85.2,0.0,0.0,7.0,25.0,0.1487378370475769,False,REGULAR,USD,2026-08-21,7451.7001953125,0.03625,call,1.042044070007618,0.2027397260273972,84.9
SPX260821C07770000,2026-06-08 14:50:08+00:00,7770.0,82.1,81.8,82.7,9.900002,13.711914,1.0,266.0,0.1476735471534729,False,REGULAR,USD,2026-08-21,7451.7001953125,0.03625,call,1.042715057818312,0.2027397260273972,82.25
SPXW260821C07775000,2026-06-03 16:40:01+00:00,7775.0,84.74,81.0,81.6,-39.480003,-31.782324,4.0,39.0,0.147826133518219,False,REGULAR,USD,2026-08-21,7451.7001953125,0.03625,call,1.0433860456290058,0.2027397260273972,81.3
SPXW260821C07780000,2026-06-05 19:26:51+00:00,7780.0,68.15,79.5,80.2,0.0,0.0,10.0,58.0,0.1476973887729645,False,REGULAR,USD,2026-08-21,7451.7001953125,0.03625,call,1.0440570334396997,0.2027397260273972,79.85
SPXW260821C07785000,2026-06-05 14:23:09+00:00,7785.0,99.8,77.8,78.5,0.0,0.0,11.0,11.0,0.1472844519233704,False,REGULAR,USD,2026-08-21,7451.7001953125,0.03625,call,1.0447280212503935,0.2027397260273972,78.15
SPXW260821C07790000,2026-06-05 13:43:36+00:00,7790.0,100.2,76.7,77.2,0.0,0.0,11.0,61.0,0.1472138807296752,False,REGULAR,USD,2026-08-21,7451.7001953125,0.03625,call,1.0453990090610876,0.2027397260273972,76.95
SPXW260821C07800000,2026-06-08 15:04:08+00:00,7800.0,76.34,74.6,75.2,12.039993,18.724716,26.0,234.0,0.1475800880050659,False,REGULAR,USD,2026-08-21,7451.7001953125,0.03625,call,1.0467409846824751,0.2027397260273972,74.9
SPX260821C07810000,2026-06-08 14:18:07+00:00,7810.0,65.44,71.0,71.9,4.9400024,8.165294,19.0,526.0,0.1466931797599792,False,REGULAR,USD,2026-08-21,7451.7001953125,0.03625,call,1.048082960303863,0.2027397260273972,71.45
SPX260821C07820000,2026-06-05 19:56:46+00:00,7820.0,58.9,68.1,69.0,0.0,0.0,111.0,477.0,0.1461019075965881,False,REGULAR,USD,2026-08-21,7451.7001953125,0.03625,call,1.049424935925251,0.2027397260273972,68.55
SPX260821C07825000,2026-06-08 15:11:47+00:00,7825.0,68.6,67.0,67.8,9.57,16.212095,15.0,844.0,0.1460179850959777,False,REGULAR,USD,2026-08-21,7451.7001953125,0.03625,call,1.0500959237359448,0.2027397260273972,67.4
SPXW260821C07830000,2026-06-05 16:51:58+00:00,7830.0,69.55,63.9,64.9,0.0,0.0,1.0,36.0,0.1442861298561096,False,REGULAR,USD,2026-08-21,7451.7001953125,0.03625,call,1.0507669115466387,0.2027397260273972,64.4
SPX260821C07840000,2026-06-08 15:28:07+00:00,7840.0,63.2,62.6,63.4,9.900002,18.574112,1.0,45.0,0.144896475315094,False,REGULAR,USD,2026-08-21,7451.7001953125,0.03625,call,1.0521088871680264,0.2027397260273972,63.0
SPXW260821C07850000,2026-06-05 18:03:25+00:00,7850.0,61.28,59.1,59.9,0.0,0.0,43.0,103.0,0.1434850514411926,False,REGULAR,USD,2026-08-21,7451.7001953125,0.03625,call,1.0534508627894144,0.2027397260273972,59.5
SPXW260821C07860000,2026-06-05 16:53:53+00:00,7860.0,62.2,57.0,57.5,0.0,0.0,5.0,19.0,0.1430806975746155,False,REGULAR,USD,2026-08-21,7451.7001953125,0.03625,call,1.054792838410802,0.2027397260273972,57.25
SPX260821C07870000,2026-06-08 09:04:25+00:00,7870.0,48.2,53.7,54.5,1.6000023,3.4334815,6.0,267.0,0.1419897050666808,False,REGULAR,USD,2026-08-21,7451.7001953125,0.03625,call,1.0561348140321898,0.2027397260273972,54.1
SPX260821C07875000,2026-06-08 14:03:51+00:00,7875.0,50.2,54.1,54.8,4.6500015,10.208566,55.0,736.0,0.1432790598487854,False,REGULAR,USD,2026-08-21,7451.7001953125,0.03625,call,1.0568058018428836,0.2027397260273972,54.45
SPX260821C07880000,2026-06-05 19:35:54+00:00,7880.0,44.4,51.3,52.1,0.0,0.0,5.0,110.0,0.1414308575057983,False,REGULAR,USD,2026-08-21,7451.7001953125,0.03625,call,1.0574767896535775,0.2027397260273972,51.7
SPXW260821C07890000,2026-06-05 19:35:04+00:00,7890.0,43.0,49.7,51.0,0.0,0.0,1.0,17.0,0.1421899746704101,False,REGULAR,USD,2026-08-21,7451.7001953125,0.03625,call,1.0588187652749654,0.2027397260273972,50.35
SPXW260821C07900000,2026-06-08 15:02:13+00:00,7900.0,50.2,48.0,48.6,11.57,29.950815,1.0,218.0,0.1415033360290527,False,REGULAR,USD,2026-08-21,7451.7001953125,0.03625,call,1.0601607408963531,0.2027397260273972,48.3
SPXW260821C07910000,2026-06-08 15:02:13+00:00,7910.0,48.05,46.0,46.7,8.849998,22.576527,1.0,14.0,0.1412916224479675,False,REGULAR,USD,2026-08-21,7451.7001953125,0.03625,call,1.061502716517741,0.2027397260273972,46.35
SPXW260821C07920000,2026-06-08 15:16:59+00:00,7920.0,46.0,43.4,44.0,-35.800003,-43.76528,3.0,36.0,0.1401052634620666,False,REGULAR,USD,2026-08-21,7451.7001953125,0.03625,call,1.0628446921391288,0.2027397260273972,43.7
SPX260821C07925000,2026-06-04 15:10:33+00:00,7925.0,70.8,42.7,43.4,0.0,0.0,60.0,248.0,0.1403341430091857,False,REGULAR,USD,2026-08-21,7451.7001953125,0.03625,call,1.0635156799498229,0.2027397260273972,43.05
SPX260821C07930000,2026-06-08 15:08:50+00:00,7930.0,43.34,42.0,42.8,8.240002,23.47579,2.0,39.0,0.1405534859085083,False,REGULAR,USD,2026-08-21,7451.7001953125,0.03625,call,1.0641866677605163,0.2027397260273972,42.4
SPX260821C07940000,2026-06-08 00:31:07+00:00,7940.0,34.83,40.1,40.9,1.4300003,4.281438,1.0,232.0,0.1401376880645752,False,REGULAR,USD,2026-08-21,7451.7001953125,0.03625,call,1.0655286433819045,0.2027397260273972,40.5
SPX260821C07950000,2026-06-08 13:30:02+00:00,7950.0,35.3,37.5,38.2,7.0999985,25.1773,54.0,3849.0,0.138674766292572,False,REGULAR,USD,2026-08-21,7451.7001953125,0.03625,call,1.0668706190032922,0.2027397260273972,37.85
SPX260821C07960000,2026-06-05 19:35:54+00:00,7960.0,30.3,36.6,37.3,0.0,0.0,4.0,30.0,0.1393251656723022,False,REGULAR,USD,2026-08-21,7451.7001953125,0.03625,call,1.06821259462468,0.2027397260273972,36.95
SPX260821C07970000,2026-06-05 19:35:53+00:00,7970.0,28.9,33.9,34.7,0.0,0.0,6.0,75.0,0.1377878580474853,False,REGULAR,USD,2026-08-21,7451.7001953125,0.03625,call,1.0695545702460678,0.2027397260273972,34.3
SPX260821C07975000,2026-06-08 01:10:32+00:00,7975.0,28.94,33.3,34.0,0.69000053,2.4424798,1.0,681.0,0.1377458967971802,False,REGULAR,USD,2026-08-21,7451.7001953125,0.03625,call,1.0702255580567617,0.2027397260273972,33.65
SPXW260821C07980000,2026-06-08 15:27:59+00:00,7980.0,33.9,33.8,34.3,-38.1,-52.916664,1.0,41.0,0.1389875683403015,False,REGULAR,USD,2026-08-21,7451.7001953125,0.03625,call,1.0708965458674555,0.2027397260273972,34.05
SPX260821C07990000,2026-06-05 19:35:53+00:00,7990.0,26.1,30.5,31.4,0.0,0.0,4.0,1087.0,0.1368532665634155,False,REGULAR,USD,2026-08-21,7451.7001953125,0.03625,call,1.0722385214888432,0.2027397260273972,30.95
SPXW260821C08000000,2026-06-08 15:25:05+00:00,8000.0,31.7,29.7,30.2,10.700001,50.952385,43.0,906.0,0.1368837838363647,False,REGULAR,USD,2026-08-21,7451.7001953125,0.03625,call,1.0735804971102312,0.2027397260273972,29.95
SPXW260821C08010000,2026-06-04 18:55:34+00:00,8010.0,57.1,29.3,29.8,0.0,0.0,3.0,107.0,0.1379804983329773,False,REGULAR,USD,2026-08-21,7451.7001953125,0.03625,call,1.074922472731619,0.2027397260273972,29.55
SPX260821C08020000,2026-06-05 20:03:15+00:00,8020.0,20.0,26.7,27.4,0.0,0.0,53.0,64.0,0.1362009598541259,False,REGULAR,USD,2026-08-21,7451.7001953125,0.03625,call,1.0762644483530066,0.2027397260273972,27.05
SPX260821C08025000,2026-06-08 12:55:32+00:00,8025.0,27.78,26.8,27.4,6.1800003,28.61111,64.0,257.0,0.1370058529281616,False,REGULAR,USD,2026-08-21,7451.7001953125,0.03625,call,1.076935436163701,0.2027397260273972,27.1
SPX260821C08030000,2026-06-05 20:00:33+00:00,8030.0,20.44,25.5,26.1,0.0,0.0,51.0,127.0,0.1358938797950745,False,REGULAR,USD,2026-08-21,7451.7001953125,0.03625,call,1.0776064239743943,0.2027397260273972,25.8
SPX260821C08040000,2026-06-05 20:01:56+00:00,8040.0,17.7,24.2,24.8,0.0,0.0,3.0,25.0,0.1355143212127686,False,REGULAR,USD,2026-08-21,7451.7001953125,0.03625,call,1.0789483995957825,0.2027397260273972,24.5
SPX260821C08050000,2026-06-08 13:54:01+00:00,8050.0,23.2,23.6,24.2,3.5200005,17.88618,2.0,1767.0,0.1361551839447021,False,REGULAR,USD,2026-08-21,7451.7001953125,0.03625,call,1.08029037521717,0.2027397260273972,23.9
SPX260821C08060000,2026-06-03 19:25:14+00:00,8060.0,40.7,21.8,22.4,0.0,0.0,1.0,64.0,0.1348429412078857,False,REGULAR,USD,2026-08-21,7451.7001953125,0.03625,call,1.081632350838558,0.2027397260273972,22.1
SPXW260821C08075000,2026-06-05 19:21:14+00:00,8075.0,16.39,20.4,20.9,0.0,0.0,2.0,26.0,0.1346445789337158,False,REGULAR,USD,2026-08-21,7451.7001953125,0.03625,call,1.0836453142706397,0.2027397260273972,20.65
SPXW260821C08080000,2026-06-04 15:30:05+00:00,8080.0,38.25,20.2,20.7,0.0,0.0,2.0,73.0,0.1350565621185303,False,REGULAR,USD,2026-08-21,7451.7001953125,0.03625,call,1.0843163020813331,0.2027397260273972,20.45
SPX260821C08100000,2026-06-08 14:59:05+00:00,8100.0,18.6,18.2,18.7,3.7000008,24.83222,46.0,5469.0,0.1345225098419189,False,REGULAR,USD,2026-08-21,7451.7001953125,0.03625,call,1.087000253324109,0.2027397260273972,18.45
SPX260821C08110000,2026-06-05 20:01:54+00:00,8110.0,12.1,17.0,17.5,0.0,0.0,1.0,5.0,0.1337710219955444,False,REGULAR,USD,2026-08-21,7451.7001953125,0.03625,call,1.0883422289454967,0.2027397260273972,17.25
SPX260821C08120000,2026-06-05 16:08:02+00:00,8120.0,18.19,16.4,17.1,0.0,0.0,68.0,68.0,0.1344576606369018,False,REGULAR,USD,2026-08-21,7451.7001953125,0.03625,call,1.0896842045668846,0.2027397260273972,16.75
SPX260821C08125000,2026-06-05 16:04:54+00:00,8125.0,18.05,16.0,16.6,0.0,0.0,16.0,269.0,0.1342097077941894,False,REGULAR,USD,2026-08-21,7451.7001953125,0.03625,call,1.0903551923775785,0.2027397260273972,16.3
SPXW260821C08130000,2026-06-08 13:30:04+00:00,8130.0,16.36,15.6,16.0,4.26,35.20661,3.0,10.0,0.1337405047225952,False,REGULAR,USD,2026-08-21,7451.7001953125,0.03625,call,1.0910261801882724,0.2027397260273972,15.8
SPX260821C08140000,2026-06-05 19:47:11+00:00,8140.0,12.2,14.8,15.4,0.0,0.0,87.0,98.0,0.1339464963150024,False,REGULAR,USD,2026-08-21,7451.7001953125,0.03625,call,1.09236815580966,0.2027397260273972,15.1
SPX260821C08150000,2026-06-05 19:09:00+00:00,8150.0,11.07,13.8,14.2,0.0,0.0,113.0,3241.0,0.1328326158523559,False,REGULAR,USD,2026-08-21,7451.7001953125,0.03625,call,1.093710131431048,0.2027397260273972,14.0
SPX260821C08160000,2026-06-05 15:52:56+00:00,8160.0,15.21,13.0,13.5,0.0,0.0,1.0,23.0,0.1326914734649658,False,REGULAR,USD,2026-08-21,7451.7001953125,0.03625,call,1.0950521070524355,0.2027397260273972,13.25
SPXW260821C08170000,2026-05-29 14:37:55+00:00,8170.0,33.2,12.7,13.1,0.0,0.0,18.0,18.0,0.1331644911956787,False,REGULAR,USD,2026-08-21,7451.7001953125,0.03625,call,1.0963940826738234,0.2027397260273972,12.9
SPX260821C08175000,2026-06-05 15:14:06+00:00,8175.0,15.08,12.0,12.5,0.0,0.0,20.0,3662.0,0.1324664085769653,False,REGULAR,USD,2026-08-21,7451.7001953125,0.03625,call,1.0970650704845175,0.2027397260273972,12.25
SPXW260821C08200000,2026-06-05 19:56:09+00:00,8200.0,9.16,11.2,11.6,0.0,0.0,3.0,594.0,0.1336603968811035,False,REGULAR,USD,2026-08-21,7451.7001953125,0.03625,call,1.1004200095379868,0.2027397260273972,11.4
SPXW260821C08225000,2026-06-05 16:42:12+00:00,8225.0,9.9,9.4,9.9,0.0,0.0,76.0,100.0,0.1325312577819824,False,REGULAR,USD,2026-08-21,7451.7001953125,0.03625,call,1.1037749485914563,0.2027397260273972,9.65
SPXW260821C08250000,2026-06-05 16:34:26+00:00,8250.0,8.2,8.5,8.8,-0.6100006,-6.923957,1.0,148.0,0.1325999216461182,False,REGULAR,USD,2026-08-21,7451.7001953125,0.03625,call,1.1071298876449258,0.2027397260273972,8.65
SPX260821C08275000,2026-06-05 19:54:32+00:00,8275.0,6.2,7.2,7.8,0.0,0.0,948.0,1760.0,0.1326304389190674,False,REGULAR,USD,2026-08-21,7451.7001953125,0.03625,call,1.110484826698395,0.2027397260273972,7.5
SPX260821C08300000,2026-06-08 14:33:48+00:00,8300.0,5.93,6.4,6.8,0.78999996,15.36965,127.0,4619.0,0.132294748916626,False,REGULAR,USD,2026-08-21,7451.7001953125,0.03625,call,1.1138397657518648,0.2027397260273972,6.6
SPX260821C08325000,2026-06-05 20:10:51+00:00,8325.0,3.78,5.4,5.8,0.0,0.0,9.0,93.0,0.1315241877746581,False,REGULAR,USD,2026-08-21,7451.7001953125,0.03625,call,1.1171947048053343,0.2027397260273972,5.6
SPX260821C08350000,2026-06-05 20:10:51+00:00,8350.0,3.33,4.9,5.2,0.0,0.0,7.0,548.0,0.1319514295959473,False,REGULAR,USD,2026-08-21,7451.7001953125,0.03625,call,1.1205496438588036,0.2027397260273972,5.050000000000001
SPX260821C08375000,2026-06-05 14:38:47+00:00,8375.0,5.7,4.2,4.6,0.0,0.0,20.0,171.0,0.132096386642456,False,REGULAR,USD,2026-08-21,7451.7001953125,0.03625,call,1.1239045829122731,0.2027397260273972,4.4
SPX260821C08400000,2026-06-08 15:19:06+00:00,8400.0,4.0,3.8,4.1,1.3,48.148148,13.0,16530.0,0.1324244473266602,False,REGULAR,USD,2026-08-21,7451.7001953125,0.03625,call,1.1272595219657426,0.2027397260273972,3.95
SPX260821C08425000,2026-06-05 15:31:04+00:00,8425.0,4.0,3.4,3.7,0.0,0.0,20.0,9343.0,0.1330195341491699,False,REGULAR,USD,2026-08-21,7451.7001953125,0.03625,call,1.130614461019212,0.2027397260273972,3.55
SPX260821C08450000,2026-06-04 16:09:00+00:00,8450.0,6.0,2.95,3.3,0.0,0.0,5.0,88.0,0.1333857414245605,False,REGULAR,USD,2026-08-21,7451.7001953125,0.03625,call,1.1339694000726817,0.2027397260273972,3.125
SPX260821C08475000,2026-06-08 13:48:40+00:00,8475.0,2.65,2.7,3.0,-0.14999986,-5.3571377,20.0,98.0,0.1341181559753418,False,REGULAR,USD,2026-08-21,7451.7001953125,0.03625,call,1.1373243391261512,0.2027397260273972,2.85
SPX260821C08500000,2026-06-08 14:44:19+00:00,8500.0,2.4,2.4,2.65,0.33000016,15.942037,11.0,21539.0,0.1343165182495117,False,REGULAR,USD,2026-08-21,7451.7001953125,0.03625,call,1.1406792781796204,0.2027397260273972,2.525
SPX260821C08525000,2026-06-05 19:49:06+00:00,8525.0,1.85,2.15,2.45,0.0,0.0,26.0,25.0,0.1353693641662598,False,REGULAR,USD,2026-08-21,7451.7001953125,0.03625,call,1.14403421723309,0.2027397260273972,2.3
SPXW260821C08550000,2026-06-05 19:46:56+00:00,8550.0,1.75,2.0,2.2,0.0,0.0,3.0,206.0,0.1358576405334473,False,REGULAR,USD,2026-08-21,7451.7001953125,0.03625,call,1.1473891562865597,0.2027397260273972,2.1
SPX260821C08575000,2026-06-02 15:24:03+00:00,8575.0,5.06,1.8,2.05,0.0,0.0,2.0,22.0,0.1370325555419922,False,REGULAR,USD,2026-08-21,7451.7001953125,0.03625,call,1.150744095340029,0.2027397260273972,1.925
SPX260821C08600000,2026-06-05 19:27:04+00:00,8600.0,1.3,1.6,1.9,0.0,0.0,13.0,190609.0,0.1380854014587402,False,REGULAR,USD,2026-08-21,7451.7001953125,0.03625,call,1.1540990343934985,0.2027397260273972,1.75
SPX260821C08650000,2026-06-05 19:27:04+00:00,8650.0,1.4,1.35,1.6,0.29999995,27.272724,1.0,30.0,0.1397943687438965,False,REGULAR,USD,2026-08-21,7451.7001953125,0.03625,call,1.1608089125004375,0.2027397260273972,1.475
SPXW260821C08700000,2026-06-05 14:01:30+00:00,8700.0,1.25,1.2,1.4,0.0,0.0,1.0,93.0,0.1421136814880371,False,REGULAR,USD,2026-08-21,7451.7001953125,0.03625,call,1.1675187906073765,0.2027397260273972,1.2999999999999998
SPXW260821C08800000,2026-06-05 20:02:34+00:00,8800.0,0.76,0.9,1.1,0.0,0.0,48.0,234.0,0.1469811865234375,False,REGULAR,USD,2026-08-21,7451.7001953125,0.03625,call,1.1809385468212543,0.2027397260273972,1.0
SPXW260831C07380000,2026-06-05 19:22:28+00:00,7380.0,271.1,301.2,303.3,0.0,0.0,10.0,12.0,0.1859860760116576,True,REGULAR,USD,2026-08-31,7451.7001953125,0.03625,call,0.9903780085841882,0.2301369863013698,302.25
SPXW260831C07385000,2026-06-08 15:02:37+00:00,7385.0,309.1,298.7,299.6,35.80002,13.099166,2.0,3.0,0.1852250515174865,True,REGULAR,USD,2026-08-31,7451.7001953125,0.03625,call,0.991048996394882,0.2301369863013698,299.15
SPXW260831C07390000,2026-06-03 16:31:42+00:00,7390.0,377.8,294.9,296.6,0.0,0.0,5.0,11.0,0.1849484887313842,True,REGULAR,USD,2026-08-31,7451.7001953125,0.03625,call,0.991719984205576,0.2301369863013698,295.75
SPXW260831C07395000,2026-06-05 19:38:49+00:00,7395.0,271.73,291.9,292.7,0.0,0.0,4.0,4.0,0.1840282022190094,True,REGULAR,USD,2026-08-31,7451.7001953125,0.03625,call,0.99239097201627,0.2301369863013698,292.29999999999995
SPXW260831C07400000,2026-06-05 19:14:32+00:00,7400.0,281.03,287.7,288.7,19.450012,7.435589,1.0,638.0,0.1830297151947021,True,REGULAR,USD,2026-08-31,7451.7001953125,0.03625,call,0.9930619598269638,0.2301369863013698,288.2
SPXW260831C07405000,2026-06-05 19:58:50+00:00,7405.0,262.6,286.4,287.7,0.0,0.0,13.0,13.0,0.1841264296913147,True,REGULAR,USD,2026-08-31,7451.7001953125,0.03625,call,0.9937329476376576,0.2301369863013698,287.04999999999995
SPXW260831C07410000,2026-06-03 14:36:11+00:00,7410.0,376.6,281.8,282.9,0.0,0.0,5.0,30.0,0.1825471608161926,True,REGULAR,USD,2026-08-31,7451.7001953125,0.03625,call,0.9944039354483516,0.2301369863013698,282.35
SPXW260831C07415000,2026-06-05 19:28:37+00:00,7415.0,257.1,278.4,280.5,0.0,0.0,15.0,22.0,0.1826406199645995,True,REGULAR,USD,2026-08-31,7451.7001953125,0.03625,call,0.9950749232590456,0.2301369863013698,279.45
SPXW260831C07420000,2026-06-05 19:15:26+00:00,7420.0,246.3,276.2,278.3,0.0,0.0,21.0,28.0,0.1828637775230407,True,REGULAR,USD,2026-08-31,7451.7001953125,0.03625,call,0.9957459110697392,0.2301369863013698,277.25
SPXW260831C07425000,2026-06-05 15:52:26+00:00,7425.0,295.96,271.2,272.2,0.0,0.0,14.0,482.0,0.1803480098342895,True,REGULAR,USD,2026-08-31,7451.7001953125,0.03625,call,0.9964168988804332,0.2301369863013698,271.7
SPXW260831C07430000,2026-06-05 18:23:44+00:00,7430.0,265.4,268.1,269.1,0.0,0.0,1.0,13.0,0.1799217216777801,True,REGULAR,USD,2026-08-31,7451.7001953125,0.03625,call,0.9970878866911272,0.2301369863013698,268.6
SPXW260831C07435000,2026-05-29 20:10:46+00:00,7435.0,359.0,268.4,269.4,0.0,0.0,50.0,50.0,0.1818605221748352,True,REGULAR,USD,2026-08-31,7451.7001953125,0.03625,call,0.997758874501821,0.2301369863013698,268.9
SPXW260831C07440000,2026-06-05 13:08:18+00:00,7440.0,320.96,266.1,267.0,0.0,0.0,1.0,102.0,0.1819015297603607,True,REGULAR,USD,2026-08-31,7451.7001953125,0.03625,call,0.998429862312515,0.2301369863013698,266.55
SPXW260831C07445000,2026-06-05 15:13:24+00:00,7445.0,291.82,262.2,263.1,0.0,0.0,1.0,2.0,0.1808839694404601,True,REGULAR,USD,2026-08-31,7451.7001953125,0.03625,call,0.9991008501232088,0.2301369863013698,262.65
SPXW260831C07450000,2026-06-08 15:18:26+00:00,7450.0,262.8,257.4,258.8,0.3999939,0.1524367,7.0,93.0,0.1795784023571014,True,REGULAR,USD,2026-08-31,7451.7001953125,0.03625,call,0.9997718379339028,0.2301369863013698,258.1
SPXW260831C07455000,2026-06-05 17:49:19+00:00,7455.0,261.44,256.5,257.7,0.0,0.0,1.0,2.0,0.1804948742103576,False,REGULAR,USD,2026-08-31,7451.7001953125,0.03625,call,1.0004428257445963,0.2301369863013698,257.1
SPXW260831C07460000,2026-06-05 16:17:42+00:00,7460.0,244.6,251.4,252.6,-20.699982,-7.8024807,1.0,2.0,0.1786104326057434,False,REGULAR,USD,2026-08-31,7451.7001953125,0.03625,call,1.0011138135552906,0.2301369863013698,252.0
SPXW260831C07465000,2026-06-01 13:35:00+00:00,7465.0,330.6,247.5,248.5,0.0,0.0,6.0,6.0,0.1774135833072662,False,REGULAR,USD,2026-08-31,7451.7001953125,0.03625,call,1.0017848013659845,0.2301369863013698,248.0
SPXW260831C07470000,2026-06-05 16:01:40+00:00,7470.0,265.34,244.6,246.4,0.0,0.0,2.0,13.0,0.1776005016040802,False,REGULAR,USD,2026-08-31,7451.7001953125,0.03625,call,1.0024557891766783,0.2301369863013698,245.5
SPXW260831C07475000,2026-06-05 19:31:35+00:00,7475.0,220.0,240.1,241.0,0.0,0.0,61.0,68.0,0.1754766901397705,False,REGULAR,USD,2026-08-31,7451.7001953125,0.03625,call,1.0031267769873722,0.2301369863013698,240.55
SPXW260831C07480000,2026-06-05 18:45:36+00:00,7480.0,225.02,237.7,238.8,0.0,0.0,2.0,24.0,0.1755720566177368,False,REGULAR,USD,2026-08-31,7451.7001953125,0.03625,call,1.003797764798066,0.2301369863013698,238.25
SPXW260831C07485000,2026-06-08 15:18:26+00:00,7485.0,240.7,234.1,234.9,-6.8700104,-2.7749767,1.0,7.0,0.1744715274620056,False,REGULAR,USD,2026-08-31,7451.7001953125,0.03625,call,1.00446875260876,0.2301369863013698,234.5
SPXW260831C07490000,2026-06-05 19:32:18+00:00,7490.0,209.6,231.8,234.0,0.0,0.0,3.0,5.0,0.1754518948554992,False,REGULAR,USD,2026-08-31,7451.7001953125,0.03625,call,1.005139740419454,0.2301369863013698,232.9
SPXW260831C07495000,2026-06-03 15:29:36+00:00,7495.0,313.2,231.0,231.8,0.0,0.0,1.0,1.0,0.1755138830661773,False,REGULAR,USD,2026-08-31,7451.7001953125,0.03625,call,1.0058107282301478,0.2301369863013698,231.4
SPXW260831C07500000,2026-06-08 15:08:36+00:00,7500.0,234.3,225.8,226.9,35.300003,17.738695,6.0,395.0,0.1736828466892243,False,REGULAR,USD,2026-08-31,7451.7001953125,0.03625,call,1.0064817160408417,0.2301369863013698,226.35
SPXW260831C07505000,2026-06-05 17:49:19+00:00,7505.0,230.39,222.3,223.3,0.0,0.0,2.0,1.0,0.1727473015403747,False,REGULAR,USD,2026-08-31,7451.7001953125,0.03625,call,1.0071527038515355,0.2301369863013698,222.8
SPXW260831C07510000,2026-06-08 14:36:34+00:00,7510.0,220.0,221.1,222.0,19.0,9.452736,5.0,44.0,0.1734043765735626,False,REGULAR,USD,2026-08-31,7451.7001953125,0.03625,call,1.0078236916622294,0.2301369863013698,221.55
SPXW260831C07515000,2026-06-05 13:58:36+00:00,7515.0,251.7,217.5,219.3,0.0,0.0,4.0,3.0,0.1730734548950195,False,REGULAR,USD,2026-08-31,7451.7001953125,0.03625,call,1.0084946794729233,0.2301369863013698,218.4
SPXW260831C07520000,2026-06-08 15:01:36+00:00,7520.0,222.19,214.6,215.4,22.559998,11.300905,5.0,44.0,0.1718928178977966,False,REGULAR,USD,2026-08-31,7451.7001953125,0.03625,call,1.0091656672836171,0.2301369863013698,215.0
SPXW260831C07525000,2026-06-05 19:57:42+00:00,7525.0,192.3,209.9,211.2,0.0,0.0,12.0,104.0,0.1704909306716919,False,REGULAR,USD,2026-08-31,7451.7001953125,0.03625,call,1.0098366550943112,0.2301369863013698,210.55
SPXW260831C07530000,2026-06-05 19:00:50+00:00,7530.0,191.26,208.8,209.7,0.0,0.0,1.0,20.0,0.1709639484024048,False,REGULAR,USD,2026-08-31,7451.7001953125,0.03625,call,1.010507642905005,0.2301369863013698,209.25
SPXW260831C07535000,2026-06-03 14:08:33+00:00,7535.0,211.16,205.9,206.9,-77.31,-26.800014,6.0,31.0,0.1705176332855225,False,REGULAR,USD,2026-08-31,7451.7001953125,0.03625,call,1.011178630715699,0.2301369863013698,206.4
SPXW260831C07540000,2026-06-05 16:13:57+00:00,7540.0,221.64,201.0,202.2,0.0,0.0,10.0,14.0,0.1687276044940949,False,REGULAR,USD,2026-08-31,7451.7001953125,0.03625,call,1.0118496185263928,0.2301369863013698,201.6
SPXW260831C07545000,2026-06-05 14:48:33+00:00,7545.0,233.27,198.7,200.5,0.0,0.0,5.0,12.0,0.169027055234909,False,REGULAR,USD,2026-08-31,7451.7001953125,0.03625,call,1.0125206063370866,0.2301369863013698,199.6
SPXW260831C07550000,2026-06-05 19:59:28+00:00,7550.0,193.3,196.9,197.7,16.11,9.091935,2.0,198.0,0.1685435471916199,False,REGULAR,USD,2026-08-31,7451.7001953125,0.03625,call,1.0131915941477807,0.2301369863013698,197.3
SPXW260831C07555000,2026-06-05 14:21:54+00:00,7555.0,233.2,193.6,195.3,0.0,0.0,2.0,6.0,0.1683299262809754,False,REGULAR,USD,2026-08-31,7451.7001953125,0.03625,call,1.0138625819584746,0.2301369863013698,194.45
SPXW260831C07560000,2026-06-05 19:11:17+00:00,7560.0,171.0,191.4,192.3,0.0,0.0,11.0,35.0,0.1676814342308044,False,REGULAR,USD,2026-08-31,7451.7001953125,0.03625,call,1.0145335697691684,0.2301369863013698,191.85
SPXW260831C07565000,2026-06-05 14:21:54+00:00,7565.0,227.15,188.4,189.5,0.0,0.0,2.0,527.0,0.1671607332611084,False,REGULAR,USD,2026-08-31,7451.7001953125,0.03625,call,1.0152045575798625,0.2301369863013698,188.95
SPXW260831C07570000,2026-06-04 19:55:06+00:00,7570.0,192.0,186.4,187.4,-75.76001,-28.293997,2.0,6.0,0.1671225866699219,False,REGULAR,USD,2026-08-31,7451.7001953125,0.03625,call,1.015875545390556,0.2301369863013698,186.9
SPXW260831C07575000,2026-06-05 14:42:35+00:00,7575.0,215.3,183.1,183.9,0.0,0.0,4.0,70.0,0.1660830920600891,False,REGULAR,USD,2026-08-31,7451.7001953125,0.03625,call,1.01654653320125,0.2301369863013698,183.5
SPXW260831C07580000,2026-06-02 19:46:44+00:00,7580.0,278.43,180.4,181.4,0.0,0.0,2.0,5.0,0.165737865409851,False,REGULAR,USD,2026-08-31,7451.7001953125,0.03625,call,1.017217521011944,0.2301369863013698,180.9
SPXW260831C07585000,2026-06-05 18:47:21+00:00,7585.0,165.19,179.7,180.6,0.0,0.0,12.0,34.0,0.1665837660694123,False,REGULAR,USD,2026-08-31,7451.7001953125,0.03625,call,1.017888508822638,0.2301369863013698,180.15
SPXW260831C07590000,2026-06-04 14:27:52+00:00,7590.0,234.8,174.3,175.2,0.0,0.0,16.0,23.0,0.1641576428699493,False,REGULAR,USD,2026-08-31,7451.7001953125,0.03625,call,1.0185594966333318,0.2301369863013698,174.75
SPXW260831C07600000,2026-06-05 20:14:38+00:00,7600.0,161.9,168.8,169.5,23.75,17.19146,10.0,260.0,0.1628768710708618,False,REGULAR,USD,2026-08-31,7451.7001953125,0.03625,call,1.0199014722547195,0.2301369863013698,169.15
SPXW260831C07605000,2026-06-05 18:07:16+00:00,7605.0,171.1,166.5,167.5,0.0,0.0,8.0,13.0,0.1628234658432006,False,REGULAR,USD,2026-08-31,7451.7001953125,0.03625,call,1.0205724600654134,0.2301369863013698,167.0
SPXW260831C07610000,2026-06-03 18:13:55+00:00,7610.0,234.7,166.9,167.6,0.0,0.0,5.0,14.0,0.1642587313365936,False,REGULAR,USD,2026-08-31,7451.7001953125,0.03625,call,1.0212434478761074,0.2301369863013698,167.25
SPXW260831C07620000,2026-06-05 16:56:40+00:00,7620.0,170.87,161.7,162.7,0.0,0.0,1.0,10.0,0.1634528845977783,False,REGULAR,USD,2026-08-31,7451.7001953125,0.03625,call,1.0225854234974951,0.2301369863013698,162.2
SPXW260831C07625000,2026-06-05 16:45:23+00:00,7625.0,164.6,157.8,158.7,0.0,0.0,1.0,133.0,0.1619136696434021,False,REGULAR,USD,2026-08-31,7451.7001953125,0.03625,call,1.023256411308189,0.2301369863013698,158.25
SPXW260831C07630000,2026-06-05 18:34:33+00:00,7630.0,147.92,154.8,155.7,0.0,0.0,4.0,18.0,0.1610782592964172,False,REGULAR,USD,2026-08-31,7451.7001953125,0.03625,call,1.0239273991188829,0.2301369863013698,155.25
SPXW260831C07640000,2026-06-05 17:18:53+00:00,7640.0,155.91,149.9,150.6,0.0,0.0,4.0,6.0,0.1600139694023132,False,REGULAR,USD,2026-08-31,7451.7001953125,0.03625,call,1.0252693747402708,0.2301369863013698,150.25
SPXW260831C07645000,2026-06-05 14:21:54+00:00,7645.0,181.95,148.2,149.1,0.0,0.0,2.0,3.0,0.1602237756538391,False,REGULAR,USD,2026-08-31,7451.7001953125,0.03625,call,1.0259403625509649,0.2301369863013698,148.64999999999998
SPXW260831C07650000,2026-06-08 13:42:12+00:00,7650.0,142.18,145.5,146.7,15.48999,12.226687,1.0,522.0,0.1597669702243805,False,REGULAR,USD,2026-08-31,7451.7001953125,0.03625,call,1.0266113503616583,0.2301369863013698,146.1
SPXW260831C07655000,2026-06-05 14:21:54+00:00,7655.0,176.75,142.8,143.8,0.0,0.0,2.0,24.0,0.1589306062126159,False,REGULAR,USD,2026-08-31,7451.7001953125,0.03625,call,1.0272823381723524,0.2301369863013698,143.3
SPXW260831C07660000,2026-06-08 13:42:12+00:00,7660.0,137.66,141.9,142.6,-94.84,-40.791397,1.0,24.0,0.1593244697666168,False,REGULAR,USD,2026-08-31,7451.7001953125,0.03625,call,1.0279533259830462,0.2301369863013698,142.25
SPXW260831C07665000,2026-06-05 15:00:39+00:00,7665.0,169.46,138.2,139.4,0.0,0.0,1.0,3.0,0.1582382455825806,False,REGULAR,USD,2026-08-31,7451.7001953125,0.03625,call,1.02862431379374,0.2301369863013698,138.8
SPXW260831C07670000,2026-06-05 19:04:47+00:00,7670.0,125.04,136.0,137.2,0.0,0.0,26.0,43.0,0.1578720383071899,False,REGULAR,USD,2026-08-31,7451.7001953125,0.03625,call,1.0292953016044342,0.2301369863013698,136.6
SPXW260831C07675000,2026-06-05 16:40:49+00:00,7675.0,142.87,134.1,135.0,0.0,0.0,11.0,46.0,0.1574905723953247,False,REGULAR,USD,2026-08-31,7451.7001953125,0.03625,call,1.029966289415128,0.2301369863013698,134.55
SPXW260831C07680000,2026-06-05 18:28:49+00:00,7680.0,127.11,131.5,132.3,0.0,0.0,2.0,15.0,0.1567257332420349,False,REGULAR,USD,2026-08-31,7451.7001953125,0.03625,call,1.030637277225822,0.2301369863013698,131.9
SPXW260831C07685000,2026-06-05 13:14:20+00:00,7685.0,170.2,130.2,131.1,0.0,0.0,25.0,34.0,0.1570614232444763,False,REGULAR,USD,2026-08-31,7451.7001953125,0.03625,call,1.0313082650365155,0.2301369863013698,130.64999999999998
SPXW260831C07690000,2026-06-04 17:02:21+00:00,7690.0,194.14,127.5,128.3,0.0,0.0,2.0,101.0,0.1561897736358642,False,REGULAR,USD,2026-08-31,7451.7001953125,0.03625,call,1.0319792528472096,0.2301369863013698,127.9
SPXW260831C07695000,2026-05-29 19:46:27+00:00,7695.0,197.3,125.7,126.4,0.0,0.0,1.0,1.0,0.155978060054779,False,REGULAR,USD,2026-08-31,7451.7001953125,0.03625,call,1.0326502406579037,0.2301369863013698,126.05
SPXW260831C07700000,2026-06-08 15:22:01+00:00,7700.0,127.12,125.5,126.1,16.39,14.801769,18.0,1510.0,0.1569584274482727,False,REGULAR,USD,2026-08-31,7451.7001953125,0.03625,call,1.0333212284685975,0.2301369863013698,125.8
SPXW260831C07710000,2026-06-04 17:02:21+00:00,7710.0,183.39,118.9,119.7,0.0,0.0,5.0,17.0,0.1544998796463013,False,REGULAR,USD,2026-08-31,7451.7001953125,0.03625,call,1.0346632040899852,0.2301369863013698,119.3
SPXW260831C07715000,2026-06-05 19:36:28+00:00,7715.0,120.77,117.1,117.9,15.789993,15.040953,9.0,1304.0,0.1543072393608093,False,REGULAR,USD,2026-08-31,7451.7001953125,0.03625,call,1.035334191900679,0.2301369863013698,117.5
SPXW260831C07725000,2026-06-05 17:45:29+00:00,7725.0,118.35,112.9,113.6,0.0,0.0,2.0,102.0,0.1533430842685699,False,REGULAR,USD,2026-08-31,7451.7001953125,0.03625,call,1.0366761675220668,0.2301369863013698,113.25
SPXW260831C07730000,2026-06-05 16:24:01+00:00,7730.0,123.52,111.6,112.5,0.0,0.0,1.0,11.0,0.1536492106628418,False,REGULAR,USD,2026-08-31,7451.7001953125,0.03625,call,1.037347155332761,0.2301369863013698,112.05
SPXW260831C07735000,2026-06-03 17:48:51+00:00,7735.0,165.5,108.3,110.4,0.0,0.0,5.0,6.0,0.1531704709434509,False,REGULAR,USD,2026-08-31,7451.7001953125,0.03625,call,1.0380181431434548,0.2301369863013698,109.35
SPXW260831C07740000,2026-05-29 20:10:46+00:00,7740.0,171.5,107.8,108.5,0.0,0.0,823.0,824.0,0.1528309662818909,False,REGULAR,USD,2026-08-31,7451.7001953125,0.03625,call,1.0386891309541486,0.2301369863013698,108.15
SPXW260831C07750000,2026-06-05 19:24:48+00:00,7750.0,89.71,106.3,107.0,0.0,0.0,2.0,361.0,0.1539181441307068,False,REGULAR,USD,2026-08-31,7451.7001953125,0.03625,call,1.0400311065755363,0.2301369863013698,106.65
SPXW260831C07765000,2026-06-05 18:52:53+00:00,7765.0,89.58,99.3,100.3,0.0,0.0,1.0,1.0,0.1519459653663635,False,REGULAR,USD,2026-08-31,7451.7001953125,0.03625,call,1.042044070007618,0.2301369863013698,99.8
SPXW260831C07770000,2026-06-04 15:34:36+00:00,7770.0,147.44,96.7,97.8,0.0,0.0,1.0,26.0,0.1510380764961243,False,REGULAR,USD,2026-08-31,7451.7001953125,0.03625,call,1.042715057818312,0.2301369863013698,97.25
SPXW260831C07775000,2026-06-02 19:12:41+00:00,7775.0,166.96,95.0,96.6,0.0,0.0,1.0,58.0,0.1511582382583619,False,REGULAR,USD,2026-08-31,7451.7001953125,0.03625,call,1.0433860456290058,0.2301369863013698,95.8
SPXW260831C07780000,2026-06-05 16:24:01+00:00,7780.0,103.85,94.2,95.0,0.0,0.0,1.0,30.0,0.1509436636829376,False,REGULAR,USD,2026-08-31,7451.7001953125,0.03625,call,1.0440570334396997,0.2301369863013698,94.6
SPXW260831C07790000,2026-05-29 18:34:50+00:00,7790.0,148.9,89.8,90.9,0.0,0.0,27.0,25.0,0.1497315557479858,False,REGULAR,USD,2026-08-31,7451.7001953125,0.03625,call,1.0453990090610876,0.2301369863013698,90.35
SPXW260831C07795000,2026-05-29 18:16:21+00:00,7795.0,142.7,88.3,89.1,0.0,0.0,27.0,27.0,0.1493043139266968,False,REGULAR,USD,2026-08-31,7451.7001953125,0.03625,call,1.0460699968717817,0.2301369863013698,88.69999999999999
SPXW260831C07800000,2026-06-08 14:05:18+00:00,7800.0,84.3,87.3,87.9,9.43,12.595164,5.0,428.0,0.1493596264839172,False,REGULAR,USD,2026-08-31,7451.7001953125,0.03625,call,1.0467409846824751,0.2301369863013698,87.6
SPXW260831C07805000,2026-05-26 14:57:17+00:00,7805.0,134.8,87.0,87.6,0.0,0.0,10.0,10.0,0.1501568902397156,False,REGULAR,USD,2026-08-31,7451.7001953125,0.03625,call,1.0474119724931692,0.2301369863013698,87.3
SPXW260831C07810000,2026-06-05 19:43:50+00:00,7810.0,72.0,83.2,84.1,0.0,0.0,42.0,42.0,0.1482571899986267,False,REGULAR,USD,2026-08-31,7451.7001953125,0.03625,call,1.048082960303863,0.2301369863013698,83.65
SPXW260831C07815000,2026-06-04 15:16:05+00:00,7815.0,128.43,81.6,82.2,0.0,0.0,3.0,14.0,0.1476773618125915,False,REGULAR,USD,2026-08-31,7451.7001953125,0.03625,call,1.048753948114557,0.2301369863013698,81.9
SPXW260831C07820000,2026-05-22 14:01:57+00:00,7820.0,114.38,80.5,81.5,0.0,0.0,2.0,1.0,0.1481046036338806,False,REGULAR,USD,2026-08-31,7451.7001953125,0.03625,call,1.049424935925251,0.2301369863013698,81.0
SPXW260831C07825000,2026-06-05 17:40:13+00:00,7825.0,85.48,78.9,79.5,0.0,0.0,20.0,59.0,0.1474065210151672,False,REGULAR,USD,2026-08-31,7451.7001953125,0.03625,call,1.0500959237359448,0.2301369863013698,79.2
SPXW260831C07835000,2026-06-05 15:12:34+00:00,7835.0,91.5,75.8,76.8,0.0,0.0,12.0,12.0,0.1470803676605225,False,REGULAR,USD,2026-08-31,7451.7001953125,0.03625,call,1.0514378993573326,0.2301369863013698,76.3
SPXW260831C07850000,2026-06-05 19:37:40+00:00,7850.0,63.18,71.6,72.2,0.0,0.0,17.0,101.0,0.1459960508060455,False,REGULAR,USD,2026-08-31,7451.7001953125,0.03625,call,1.0534508627894144,0.2301369863013698,71.9
SPXW260831C07855000,2026-05-29 14:33:43+00:00,7855.0,126.9,69.6,70.3,0.0,0.0,1.0,1.0,0.1452703119087219,False,REGULAR,USD,2026-08-31,7451.7001953125,0.03625,call,1.0541218506001082,0.2301369863013698,69.94999999999999
SPXW260831C07860000,2026-05-29 14:31:09+00:00,7860.0,125.43,68.7,70.0,0.0,0.0,5.0,5.0,0.1459703018569946,False,REGULAR,USD,2026-08-31,7451.7001953125,0.03625,call,1.054792838410802,0.2301369863013698,69.35
SPXW260831C07870000,2026-06-05 19:37:40+00:00,7870.0,58.23,66.0,66.7,0.0,0.0,7.0,20.0,0.1448869386672974,False,REGULAR,USD,2026-08-31,7451.7001953125,0.03625,call,1.0561348140321898,0.2301369863013698,66.35
SPXW260831C07875000,2026-06-05 14:25:37+00:00,7875.0,81.9,64.5,65.2,0.0,0.0,1.0,29.0,0.1444539748573303,False,REGULAR,USD,2026-08-31,7451.7001953125,0.03625,call,1.0568058018428836,0.2301369863013698,64.85
SPXW260831C07885000,2026-05-28 14:40:30+00:00,7885.0,102.2,62.5,63.1,0.0,0.0,13.0,20.0,0.1443776816749573,False,REGULAR,USD,2026-08-31,7451.7001953125,0.03625,call,1.0581477774642716,0.2301369863013698,62.8
SPXW260831C07895000,2026-05-29 14:33:43+00:00,7895.0,112.09,59.8,60.7,0.0,0.0,1.0,1.0,0.1439637911605834,False,REGULAR,USD,2026-08-31,7451.7001953125,0.03625,call,1.0594897530856593,0.2301369863013698,60.25
SPXW260831C07900000,2026-06-08 02:22:22+00:00,7900.0,51.6,59.4,60.1,2.9199982,5.998353,1.0,101.0,0.1443109251403808,False,REGULAR,USD,2026-08-31,7451.7001953125,0.03625,call,1.0601607408963531,0.2301369863013698,59.75
SPXW260831C07905000,2026-06-05 15:38:50+00:00,7905.0,60.96,57.4,58.0,-5.3099976,-8.012672,1.0,14.0,0.143195137348175,False,REGULAR,USD,2026-08-31,7451.7001953125,0.03625,call,1.060831728707047,0.2301369863013698,57.7
SPXW260831C07925000,2026-06-05 16:45:44+00:00,7925.0,54.28,53.0,53.7,0.0,0.0,1.0,7.0,0.1425428306388854,False,REGULAR,USD,2026-08-31,7451.7001953125,0.03625,call,1.0635156799498229,0.2301369863013698,53.35
SPXW260831C07950000,2026-06-08 14:45:37+00:00,7950.0,46.85,48.7,49.4,-4.3500023,-8.4960985,1.0,108.0,0.1425123133659362,False,REGULAR,USD,2026-08-31,7451.7001953125,0.03625,call,1.0668706190032922,0.2301369863013698,49.05
SPXW260831C07975000,2026-06-05 13:19:28+00:00,7975.0,61.58,42.9,43.9,0.0,0.0,1.0,103.0,0.1408453073310852,False,REGULAR,USD,2026-08-31,7451.7001953125,0.03625,call,1.0702255580567617,0.2301369863013698,43.4
SPXW260831C07980000,2026-06-05 12:56:10+00:00,7980.0,60.81,43.0,43.6,0.0,0.0,1.0,3.0,0.1413488423347473,False,REGULAR,USD,2026-08-31,7451.7001953125,0.03625,call,1.0708965458674555,0.2301369863013698,43.3
SPXW260831C07990000,2026-06-05 19:59:52+00:00,7990.0,33.6,41.2,41.7,0.0,0.0,1.0,49.0,0.1408681952857971,False,REGULAR,USD,2026-08-31,7451.7001953125,0.03625,call,1.0722385214888432,0.2301369863013698,41.45
SPXW260831C07995000,2026-05-27 15:36:39+00:00,7995.0,67.0,39.6,40.2,0.0,0.0,14.0,14.0,0.1399698430633545,False,REGULAR,USD,2026-08-31,7451.7001953125,0.03625,call,1.072909509299537,0.2301369863013698,39.900000000000006
SPXW260831C08000000,2026-06-08 15:28:49+00:00,8000.0,39.86,38.7,39.3,12.24,44.315712,11.0,727.0,0.1397371488571167,False,REGULAR,USD,2026-08-31,7451.7001953125,0.03625,call,1.0735804971102312,0.2301369863013698,39.0
SPXW260831C08005000,2026-06-08 00:52:21+00:00,8005.0,32.3,38.1,38.9,-8.299999,-20.44335,1.0,1.0,0.1400804681777954,False,REGULAR,USD,2026-08-31,7451.7001953125,0.03625,call,1.074251484920925,0.2301369863013698,38.5
SPXW260831C08010000,2026-05-27 15:22:06+00:00,8010.0,63.51,37.7,38.3,0.0,0.0,1.0,13.0,0.140177741985321,False,REGULAR,USD,2026-08-31,7451.7001953125,0.03625,call,1.074922472731619,0.2301369863013698,38.0
SPXW260831C08020000,2026-05-29 19:49:30+00:00,8020.0,70.55,35.2,36.1,0.0,0.0,2.0,2.0,0.1391268033981323,False,REGULAR,USD,2026-08-31,7451.7001953125,0.03625,call,1.0762644483530066,0.2301369863013698,35.650000000000006
SPXW260831C08025000,2026-06-05 16:51:42+00:00,8025.0,33.85,35.1,35.7,-3.1000023,-8.389722,1.0,41.0,0.1394281614685059,False,REGULAR,USD,2026-08-31,7451.7001953125,0.03625,call,1.076935436163701,0.2301369863013698,35.400000000000006
SPXW260831C08030000,2026-06-04 15:22:33+00:00,8030.0,58.12,33.6,34.2,0.0,0.0,1.0,2.0,0.1383524275970458,False,REGULAR,USD,2026-08-31,7451.7001953125,0.03625,call,1.0776064239743943,0.2301369863013698,33.900000000000006
SPXW260831C08035000,2026-05-22 17:05:22+00:00,8035.0,59.17,33.1,33.7,0.0,0.0,2.0,5.0,0.1385031066322327,False,REGULAR,USD,2026-08-31,7451.7001953125,0.03625,call,1.0782774117850884,0.2301369863013698,33.400000000000006
SPXW260831C08040000,2026-06-01 14:20:37+00:00,8040.0,60.66,32.4,32.8,0.0,0.0,1.0,3.0,0.1381330846977233,False,REGULAR,USD,2026-08-31,7451.7001953125,0.03625,call,1.0789483995957825,0.2301369863013698,32.599999999999994
SPXW260831C08050000,2026-06-05 13:31:33+00:00,8050.0,45.59,31.4,31.9,0.0,0.0,20.0,625.0,0.1385088286209106,False,REGULAR,USD,2026-08-31,7451.7001953125,0.03625,call,1.08029037521717,0.2301369863013698,31.65
SPXW260831C08055000,2026-05-29 15:41:51+00:00,8055.0,64.33,30.7,31.2,0.0,0.0,1.0,1.0,0.1383562422561645,False,REGULAR,USD,2026-08-31,7451.7001953125,0.03625,call,1.080961363027864,0.2301369863013698,30.95
SPXW260831C08060000,2026-06-05 12:56:10+00:00,8060.0,43.72,30.2,30.7,0.0,0.0,1.0,17.0,0.1384535160636902,False,REGULAR,USD,2026-08-31,7451.7001953125,0.03625,call,1.081632350838558,0.2301369863013698,30.45
SPXW260831C08065000,2026-05-29 15:41:51+00:00,8065.0,62.1,28.5,29.2,0.0,0.0,3.0,4.0,0.1371851419067383,False,REGULAR,USD,2026-08-31,7451.7001953125,0.03625,call,1.0823033386492518,0.2301369863013698,28.85
SPXW260831C08070000,2026-06-05 13:19:28+00:00,8070.0,41.51,28.2,30.5,0.0,0.0,1.0,1.0,0.1397009095954895,False,REGULAR,USD,2026-08-31,7451.7001953125,0.03625,call,1.0829743264599456,0.2301369863013698,29.35
SPXW260831C08075000,2026-06-04 17:11:50+00:00,8075.0,51.35,27.6,28.3,0.0,0.0,9.0,9.0,0.137440724067688,False,REGULAR,USD,2026-08-31,7451.7001953125,0.03625,call,1.0836453142706397,0.2301369863013698,27.950000000000003
SPXW260831C08080000,2026-06-04 13:35:53+00:00,8080.0,42.34,27.0,27.8,0.0,0.0,1.0,17.0,0.1374826853179932,False,REGULAR,USD,2026-08-31,7451.7001953125,0.03625,call,1.0843163020813331,0.2301369863013698,27.4
SPXW260831C08100000,2026-06-08 15:28:49+00:00,8100.0,25.51,24.4,25.0,5.9300003,30.286007,15.0,102.0,0.1363573608779907,False,REGULAR,USD,2026-08-31,7451.7001953125,0.03625,call,1.087000253324109,0.2301369863013698,24.7
SPXW260831C08125000,2026-05-26 15:07:04+00:00,8125.0,46.17,22.5,22.9,0.0,0.0,2.0,3.0,0.136715938835144,False,REGULAR,USD,2026-08-31,7451.7001953125,0.03625,call,1.0903551923775785,0.2301369863013698,22.7
SPXW260831C08150000,2026-06-01 16:52:12+00:00,8150.0,42.5,19.2,19.7,0.0,0.0,1.0,4.0,0.134938307685852,False,REGULAR,USD,2026-08-31,7451.7001953125,0.03625,call,1.093710131431048,0.2301369863013698,19.45
SPXW260831C08190000,2026-06-05 20:11:31+00:00,8190.0,11.01,16.4,16.8,0.0,0.0,4.0,4.0,0.1350832647323608,False,REGULAR,USD,2026-08-31,7451.7001953125,0.03625,call,1.099078033916599,0.2301369863013698,16.6
SPXW260831C08200000,2026-06-05 19:34:09+00:00,8200.0,12.46,15.4,15.8,0.0,0.0,52.0,171.0,0.1344614752960205,False,REGULAR,USD,2026-08-31,7451.7001953125,0.03625,call,1.1004200095379868,0.2301369863013698,15.6
SPXW260831C08210000,2026-06-05 18:51:22+00:00,8210.0,12.6,14.6,14.9,0.0,0.0,1.0,1.0,0.1339541256332397,False,REGULAR,USD,2026-08-31,7451.7001953125,0.03625,call,1.1017619851593747,0.2301369863013698,14.75
SPXW260831C08220000,2026-06-05 13:42:42+00:00,8220.0,19.5,13.7,14.2,0.0,0.0,1.0,1.0,0.1337824659729004,False,REGULAR,USD,2026-08-31,7451.7001953125,0.03625,call,1.1031039607807624,0.2301369863013698,13.95
SPXW260831C08225000,2026-06-04 14:05:23+00:00,8225.0,21.7,13.9,14.4,0.0,0.0,29.0,30.0,0.1348391265487671,False,REGULAR,USD,2026-08-31,7451.7001953125,0.03625,call,1.1037749485914563,0.2301369863013698,14.15
SPXW260831C08250000,2026-06-05 16:20:43+00:00,8250.0,11.79,12.0,12.4,-1.5600004,-11.685396,3.0,38.0,0.1335917330169677,False,REGULAR,USD,2026-08-31,7451.7001953125,0.03625,call,1.1071298876449258,0.2301369863013698,12.2
SPXW260831C08260000,2026-05-29 13:52:02+00:00,8260.0,31.9,11.5,12.0,0.0,0.0,6.0,6.0,0.1338930910873413,False,REGULAR,USD,2026-08-31,7451.7001953125,0.03625,call,1.1084718632663135,0.2301369863013698,11.75
SPXW260831C08275000,2026-05-27 19:26:36+00:00,8275.0,24.8,10.8,11.2,0.0,0.0,2.0,45.0,0.1337939099502563,False,REGULAR,USD,2026-08-31,7451.7001953125,0.03625,call,1.110484826698395,0.2301369863013698,11.0
SPXW260831C08280000,2026-05-29 17:48:40+00:00,8280.0,24.4,10.6,11.1,0.0,0.0,1.0,1.0,0.134148673248291,False,REGULAR,USD,2026-08-31,7451.7001953125,0.03625,call,1.1111558145090892,0.2301369863013698,10.85
SPXW260831C08290000,2026-05-26 15:57:04+00:00,8290.0,23.0,10.0,10.5,0.0,0.0,1.0,52.0,0.1338358712005615,False,REGULAR,USD,2026-08-31,7451.7001953125,0.03625,call,1.112497790130477,0.2301369863013698,10.25
SPXW260831C08300000,2026-06-05 19:34:09+00:00,8300.0,9.29,9.6,10.1,1.73,22.883598,3.0,974.0,0.1339808282470703,False,REGULAR,USD,2026-08-31,7451.7001953125,0.03625,call,1.1138397657518648,0.2301369863013698,9.85
SPXW260831C08310000,2026-06-05 19:25:26+00:00,8310.0,7.2,9.2,9.6,0.0,0.0,1.0,62.0,0.1338129832458496,False,REGULAR,USD,2026-08-31,7451.7001953125,0.03625,call,1.1151817413732523,0.2301369863013698,9.4
SPXW260831C08320000,2026-06-05 16:09:49+00:00,8320.0,9.58,8.5,9.0,0.0,0.0,1.0,1.0,0.1333018189239501,False,REGULAR,USD,2026-08-31,7451.7001953125,0.03625,call,1.1165237169946405,0.2301369863013698,8.75
SPXW260831C08350000,2026-06-05 19:30:28+00:00,8350.0,6.2,7.4,7.7,0.0,0.0,9.0,20.0,0.1328135425567627,False,REGULAR,USD,2026-08-31,7451.7001953125,0.03625,call,1.1205496438588036,0.2301369863013698,7.550000000000001
SPXW260831C08370000,2026-06-01 16:33:21+00:00,8370.0,16.2,6.8,7.2,0.0,0.0,25.0,56.0,0.133423888015747,False,REGULAR,USD,2026-08-31,7451.7001953125,0.03625,call,1.1232335951015793,0.2301369863013698,7.0
SPXW260831C08380000,2026-06-05 20:11:31+00:00,8380.0,4.4,6.5,6.9,0.0,0.0,2.0,2.0,0.1335154398345947,False,REGULAR,USD,2026-08-31,7451.7001953125,0.03625,call,1.124575570722967,0.2301369863013698,6.7
SPXW260831C08400000,2026-06-08 05:42:06+00:00,8400.0,4.78,5.8,6.1,-0.01999998,-0.41666624,2.0,274.0,0.132821171875,False,REGULAR,USD,2026-08-31,7451.7001953125,0.03625,call,1.1272595219657426,0.2301369863013698,5.949999999999999
SPXW260831C08410000,2026-06-05 18:25:23+00:00,8410.0,5.1,5.5,5.8,0.0,0.0,1.0,5.0,0.1327448786926269,False,REGULAR,USD,2026-08-31,7451.7001953125,0.03625,call,1.1286014975871304,0.2301369863013698,5.65
SPXW260831C08425000,2026-06-08 02:24:00+00:00,8425.0,4.63,5.3,5.5,-0.4699998,-9.215682,2.0,2.0,0.1331568618774414,False,REGULAR,USD,2026-08-31,7451.7001953125,0.03625,call,1.130614461019212,0.2301369863013698,5.4
SPXW260831C08430000,2026-06-05 14:02:47+00:00,8430.0,6.7,5.2,5.4,0.0,0.0,20.0,21.0,0.1332713016510009,False,REGULAR,USD,2026-08-31,7451.7001953125,0.03625,call,1.131285448829906,0.2301369863013698,5.300000000000001
SPXW260831C08440000,2026-06-05 14:46:00+00:00,8440.0,6.35,4.8,5.1,0.0,0.0,1.0,1.0,0.1330653100585937,False,REGULAR,USD,2026-08-31,7451.7001953125,0.03625,call,1.1326274244512935,0.2301369863013698,4.949999999999999
SPXW260831C08450000,2026-06-08 05:42:06+00:00,8450.0,3.83,4.7,5.0,-0.07000017,-1.7948761,2.0,13.0,0.1336756555175781,False,REGULAR,USD,2026-08-31,7451.7001953125,0.03625,call,1.1339694000726817,0.2301369863013698,4.85
SPXW260831C08470000,2026-05-29 13:51:58+00:00,8470.0,13.8,4.2,4.6,0.0,0.0,25.0,25.0,0.133950310974121,False,REGULAR,USD,2026-08-31,7451.7001953125,0.03625,call,1.136653351315457,0.2301369863013698,4.4
SPXW260831C08490000,2026-06-05 14:46:00+00:00,8490.0,5.0,3.9,4.1,0.0,0.0,1.0,3.0,0.1335612157440185,False,REGULAR,USD,2026-08-31,7451.7001953125,0.03625,call,1.1393373025582327,0.2301369863013698,4.0
SPXW260831C08500000,2026-06-08 02:24:00+00:00,8500.0,3.38,3.6,3.9,-0.01999998,-0.5882347,2.0,494.0,0.1335383277893066,False,REGULAR,USD,2026-08-31,7451.7001953125,0.03625,call,1.1406792781796204,0.2301369863013698,3.75
SPXW260831C08540000,2026-06-08 01:52:15+00:00,8540.0,3.0,3.1,3.5,-2.25,-42.857143,5.0,1.0,0.1353083296203613,False,REGULAR,USD,2026-08-31,7451.7001953125,0.03625,call,1.1460471806651715,0.2301369863013698,3.3
SPXW260831C08550000,2026-06-05 16:30:39+00:00,8550.0,3.25,3.1,3.3,0.0,0.0,2.0,3.0,0.1351099673461914,False,REGULAR,USD,2026-08-31,7451.7001953125,0.03625,call,1.1473891562865597,0.2301369863013698,3.2
SPXW260831C08600000,2026-06-08 01:20:48+00:00,8600.0,2.25,2.5,2.75,0.049999952,2.272725,10.0,455.0,0.1363459169006348,False,REGULAR,USD,2026-08-31,7451.7001953125,0.03625,call,1.1540990343934985,0.2301369863013698,2.625
SPXW260831C08700000,2026-06-05 17:30:14+00:00,8700.0,1.8,1.85,2.1,0.0,0.0,33.0,89.0,0.1404810073852539,False,REGULAR,USD,2026-08-31,7451.7001953125,0.03625,call,1.1675187906073765,0.2301369863013698,1.975
SPXW260831C08800000,2026-06-05 16:54:16+00:00,8800.0,1.4,1.4,1.6,0.0,0.0,4.0,302.0,0.14434144241333,False,REGULAR,USD,2026-08-31,7451.7001953125,0.03625,call,1.1809385468212543,0.2301369863013698,1.5
SPXW260831C08900000,2026-06-05 05:58:53+00:00,8900.0,1.5,1.05,1.3,0.0,0.0,1.0,261.0,0.1491021369934081,False,REGULAR,USD,2026-08-31,7451.7001953125,0.03625,call,1.194358303035132,0.2301369863013698,1.175
SPXW260831C09000000,2026-06-05 20:08:02+00:00,9000.0,0.95,0.85,1.05,0.099999964,11.764701,3.0,191.0,0.1535118829345703,False,REGULAR,USD,2026-08-31,7451.7001953125,0.03625,call,1.20777805924901,0.2301369863013698,0.95
SPXW260918C07380000,2026-06-05 17:38:48+00:00,7380.0,352.7,337.2,338.4,0.0,0.0,1.0,2.0,0.1914191042613983,True,REGULAR,USD,2026-09-18,7451.7001953125,0.03625,call,0.9903780085841882,0.2794520547945205,337.79999999999995
SPX260918C07390000,2026-05-29 14:31:57+00:00,7390.0,430.5,329.0,330.4,0.0,0.0,1.0,18.0,0.1896014191913604,True,REGULAR,USD,2026-09-18,7451.7001953125,0.03625,call,0.991719984205576,0.2794520547945205,329.7
SPX260918C07395000,2026-05-27 14:54:11+00:00,7395.0,390.0,326.2,327.3,0.0,0.0,2.0,4.0,0.1892561925411224,True,REGULAR,USD,2026-09-18,7451.7001953125,0.03625,call,0.99239097201627,0.2794520547945205,326.75
SPXW260918C07400000,2026-06-08 15:17:20+00:00,7400.0,332.22,323.9,324.6,52.619995,18.81974,1.0,96.0,0.1891589187335968,True,REGULAR,USD,2026-09-18,7451.7001953125,0.03625,call,0.9930619598269638,0.2794520547945205,324.25
SPX260918C07405000,2026-05-22 19:52:22+00:00,7405.0,355.4,318.9,320.1,0.0,0.0,1.0,1.0,0.1879048495483398,True,REGULAR,USD,2026-09-18,7451.7001953125,0.03625,call,0.9937329476376576,0.2794520547945205,319.5
SPX260918C07410000,2026-06-05 20:00:41+00:00,7410.0,288.8,316.4,317.5,0.0,0.0,12.0,191.0,0.1878552589797973,True,REGULAR,USD,2026-09-18,7451.7001953125,0.03625,call,0.9944039354483516,0.2794520547945205,316.95
SPX260918C07415000,2026-05-27 15:01:07+00:00,7415.0,371.9,313.1,314.2,0.0,0.0,2.0,3.0,0.1873517239761352,True,REGULAR,USD,2026-09-18,7451.7001953125,0.03625,call,0.9950749232590456,0.2794520547945205,313.65
SPX260918C07420000,2026-06-05 12:45:05+00:00,7420.0,377.9,309.8,310.9,0.0,0.0,8.0,89.0,0.1868396059894562,True,REGULAR,USD,2026-09-18,7451.7001953125,0.03625,call,0.9957459110697392,0.2794520547945205,310.35
SPX260918C07425000,2026-06-04 17:49:47+00:00,7425.0,404.43,306.6,307.6,0.0,0.0,20.0,1241.0,0.1863198586845398,True,REGULAR,USD,2026-09-18,7451.7001953125,0.03625,call,0.9964168988804332,0.2794520547945205,307.1
SPXW260918C07430000,2026-06-08 15:17:20+00:00,7430.0,312.19,303.6,304.7,-112.399994,-26.472595,1.0,15.0,0.1860461568927764,True,REGULAR,USD,2026-09-18,7451.7001953125,0.03625,call,0.9970878866911272,0.2794520547945205,304.15
SPX260918C07435000,2026-06-03 19:51:39+00:00,7435.0,382.7,300.1,301.1,0.0,0.0,8.0,10.0,0.1853194643306732,True,REGULAR,USD,2026-09-18,7451.7001953125,0.03625,call,0.997758874501821,0.2794520547945205,300.6
SPXW260918C07440000,2026-06-05 18:14:44+00:00,7440.0,296.7,297.7,298.9,0.0,0.0,3.0,7.0,0.1854730043601989,True,REGULAR,USD,2026-09-18,7451.7001953125,0.03625,call,0.998429862312515,0.2794520547945205,298.29999999999995
SPX260918C07445000,2026-05-22 19:52:22+00:00,7445.0,329.0,293.4,294.5,0.0,0.0,1.0,1.0,0.1842237034988403,True,REGULAR,USD,2026-09-18,7451.7001953125,0.03625,call,0.9991008501232088,0.2794520547945205,293.95
SPXW260918C07450000,2026-06-08 15:24:51+00:00,7450.0,300.34,290.3,293.7,32.53,12.146671,3.0,41.0,0.1852479394721984,True,REGULAR,USD,2026-09-18,7451.7001953125,0.03625,call,0.9997718379339028,0.2794520547945205,292.0
SPX260918C07455000,2026-05-28 19:52:30+00:00,7455.0,286.67,287.9,289.1,-88.32999,-23.554665,1.0,5.0,0.1838555888938903,False,REGULAR,USD,2026-09-18,7451.7001953125,0.03625,call,1.0004428257445963,0.2794520547945205,288.5
SPXW260918C07460000,2026-06-03 08:47:37+00:00,7460.0,397.0,285.4,286.2,0.0,0.0,5.0,7.0,0.1835313428688049,False,REGULAR,USD,2026-09-18,7451.7001953125,0.03625,call,1.0011138135552906,0.2794520547945205,285.79999999999995
SPX260918C07465000,2026-06-08 05:47:06+00:00,7465.0,249.7,280.9,281.9,-105.2,-29.642153,11.0,8.0,0.1823125592803955,False,REGULAR,USD,2026-09-18,7451.7001953125,0.03625,call,1.0017848013659845,0.2794520547945205,281.4
SPXW260918C07470000,2026-06-05 17:39:32+00:00,7470.0,292.57,278.8,279.6,0.0,0.0,5.0,17.0,0.1823516595363616,False,REGULAR,USD,2026-09-18,7451.7001953125,0.03625,call,1.0024557891766783,0.2794520547945205,279.20000000000005
SPX260918C07475000,2026-06-02 19:59:25+00:00,7475.0,388.49,275.9,277.0,0.0,0.0,3.0,1268.0,0.1821923975181579,False,REGULAR,USD,2026-09-18,7451.7001953125,0.03625,call,1.0031267769873722,0.2794520547945205,276.45
SPXW260918C07480000,2026-06-05 18:26:19+00:00,7480.0,266.4,271.5,272.4,0.0,0.0,1.0,7.0,0.1807580856895446,False,REGULAR,USD,2026-09-18,7451.7001953125,0.03625,call,1.003797764798066,0.2794520547945205,271.95
SPX260918C07485000,2026-06-08 05:47:06+00:00,7485.0,238.1,270.2,271.3,-28.899994,-10.823968,12.0,19.0,0.1815315078258514,False,REGULAR,USD,2026-09-18,7451.7001953125,0.03625,call,1.00446875260876,0.2794520547945205,270.75
SPXW260918C07490000,2026-06-05 16:55:58+00:00,7490.0,279.12,266.2,267.3,0.0,0.0,5.0,17.0,0.1804605422782898,False,REGULAR,USD,2026-09-18,7451.7001953125,0.03625,call,1.005139740419454,0.2794520547945205,266.75
SPX260918C07495000,2026-05-22 13:44:27+00:00,7495.0,311.69,260.5,262.1,0.0,0.0,1.0,13.0,0.17861996925354,False,REGULAR,USD,2026-09-18,7451.7001953125,0.03625,call,1.0058107282301478,0.2794520547945205,261.3
SPX260918C07500000,2026-06-08 14:58:25+00:00,7500.0,265.12,260.2,261.2,25.409988,10.600304,3.0,10777.0,0.1794935261917114,False,REGULAR,USD,2026-09-18,7451.7001953125,0.03625,call,1.0064817160408417,0.2794520547945205,260.7
SPX260918C07505000,2026-06-08 14:25:37+00:00,7505.0,250.6,255.9,256.9,-24.299988,-8.839574,1.0,1.0,0.1782051250743866,False,REGULAR,USD,2026-09-18,7451.7001953125,0.03625,call,1.0071527038515355,0.2794520547945205,256.4
SPX260918C07510000,2026-06-08 14:14:57+00:00,7510.0,245.0,252.6,253.9,-57.600006,-19.03503,3.0,205.0,0.177731153678894,False,REGULAR,USD,2026-09-18,7451.7001953125,0.03625,call,1.0078236916622294,0.2794520547945205,253.25
SPX260918C07515000,2026-06-08 14:24:32+00:00,7515.0,243.1,253.9,255.0,-17.699982,-6.7868032,1.0,75.0,0.1798463821601867,False,REGULAR,USD,2026-09-18,7451.7001953125,0.03625,call,1.0084946794729233,0.2794520547945205,254.45
SPX260918C07520000,2026-06-08 14:14:38+00:00,7520.0,239.7,245.9,247.2,13.5,5.9681697,1.0,47.0,0.1763121004867553,False,REGULAR,USD,2026-09-18,7451.7001953125,0.03625,call,1.0091656672836171,0.2794520547945205,246.55
SPX260918C07525000,2026-06-08 14:25:52+00:00,7525.0,239.7,245.9,247.2,19.59999,8.905039,1.0,3397.0,0.1777120803833007,False,REGULAR,USD,2026-09-18,7451.7001953125,0.03625,call,1.0098366550943112,0.2794520547945205,246.55
SPX260918C07530000,2026-06-08 14:14:38+00:00,7530.0,234.0,245.0,246.2,-100.880005,-30.124224,2.0,180.0,0.1784711975479126,False,REGULAR,USD,2026-09-18,7451.7001953125,0.03625,call,1.010507642905005,0.2794520547945205,245.6
SPX260918C07535000,2026-06-05 20:03:03+00:00,7535.0,230.6,239.6,240.7,23.90001,11.562656,2.0,12.0,0.1763655057144165,False,REGULAR,USD,2026-09-18,7451.7001953125,0.03625,call,1.011178630715699,0.2794520547945205,240.15
SPXW260918C07540000,2026-06-04 16:16:18+00:00,7540.0,318.14,236.8,237.4,0.0,0.0,1.0,1.0,0.1756454888057709,False,REGULAR,USD,2026-09-18,7451.7001953125,0.03625,call,1.0118496185263928,0.2794520547945205,237.1
SPX260918C07545000,2026-06-05 13:42:50+00:00,7545.0,228.5,232.3,233.5,-48.299988,-17.449419,1.0,6.0,0.1745344693374634,False,REGULAR,USD,2026-09-18,7451.7001953125,0.03625,call,1.0125206063370866,0.2794520547945205,232.9
SPXW260918C07550000,2026-06-04 15:42:54+00:00,7550.0,306.5,231.4,232.2,0.0,0.0,3.0,166.0,0.1750666142845153,False,REGULAR,USD,2026-09-18,7451.7001953125,0.03625,call,1.0131915941477807,0.2794520547945205,231.8
SPX260918C07555000,2026-06-08 14:24:42+00:00,7555.0,221.3,227.1,228.1,9.0,4.239284,1.0,85.0,0.1738096841049194,False,REGULAR,USD,2026-09-18,7451.7001953125,0.03625,call,1.0138625819584746,0.2794520547945205,227.6
SPXW260918C07560000,2026-06-08 11:36:31+00:00,7560.0,225.63,226.9,228.2,-81.07001,-26.432999,1.0,0.0,0.1752153859901428,False,REGULAR,USD,2026-09-18,7451.7001953125,0.03625,call,1.0145335697691684,0.2794520547945205,227.55
SPX260918C07565000,2026-06-05 17:39:23+00:00,7565.0,217.1,221.8,223.2,-17.199997,-7.341015,2.0,7.0,0.1733652763175964,False,REGULAR,USD,2026-09-18,7451.7001953125,0.03625,call,1.0152045575798625,0.2794520547945205,222.5
SPX260918C07570000,2026-06-05 17:26:00+00:00,7570.0,227.2,218.7,219.9,0.0,0.0,4.0,43.0,0.1725870858573913,False,REGULAR,USD,2026-09-18,7451.7001953125,0.03625,call,1.015875545390556,0.2794520547945205,219.3
SPXW260918C07575000,2026-06-05 14:57:32+00:00,7575.0,253.12,218.8,219.6,0.0,0.0,2.0,61.0,0.1737133639621734,False,REGULAR,USD,2026-09-18,7451.7001953125,0.03625,call,1.01654653320125,0.2794520547945205,219.2
SPXW260918C07580000,2026-06-03 19:02:43+00:00,7580.0,289.01,213.7,216.6,0.0,0.0,1.0,14.0,0.1731077868270873,False,REGULAR,USD,2026-09-18,7451.7001953125,0.03625,call,1.017217521011944,0.2794520547945205,215.15
SPX260918C07585000,2026-06-08 14:30:01+00:00,7585.0,206.3,210.3,211.5,13.699997,7.1131864,1.0,77.0,0.1711480057048797,False,REGULAR,USD,2026-09-18,7451.7001953125,0.03625,call,1.017888508822638,0.2794520547945205,210.9
SPXW260918C07590000,2026-06-05 15:53:27+00:00,7590.0,229.85,209.0,210.6,0.0,0.0,3.0,24.0,0.1718661152839661,False,REGULAR,USD,2026-09-18,7451.7001953125,0.03625,call,1.0185594966333318,0.2794520547945205,209.8
SPX260918C07595000,2026-06-05 17:40:12+00:00,7595.0,218.3,204.9,206.1,0.0,0.0,3.0,10.0,0.1702668194484711,False,REGULAR,USD,2026-09-18,7451.7001953125,0.03625,call,1.0192304844440256,0.2794520547945205,205.5
SPXW260918C07600000,2026-06-08 15:27:02+00:00,7600.0,206.8,203.1,203.9,15.520004,8.113763,9.0,2574.0,0.1701323527145385,False,REGULAR,USD,2026-09-18,7451.7001953125,0.03625,call,1.0199014722547195,0.2794520547945205,203.5
SPX260918C07605000,2026-06-08 14:26:36+00:00,7605.0,196.2,198.6,199.9,-15.900009,-7.4964685,1.0,8.0,0.1688296466255188,False,REGULAR,USD,2026-09-18,7451.7001953125,0.03625,call,1.0205724600654134,0.2794520547945205,199.25
SPX260918C07610000,2026-06-05 19:55:05+00:00,7610.0,181.8,196.3,197.6,0.0,0.0,4.0,56.0,0.1686103037261963,False,REGULAR,USD,2026-09-18,7451.7001953125,0.03625,call,1.0212434478761074,0.2794520547945205,196.95
SPX260918C07615000,2026-06-03 19:39:13+00:00,7615.0,266.85,197.1,198.3,0.0,0.0,1.0,2.0,0.1703173636817932,False,REGULAR,USD,2026-09-18,7451.7001953125,0.03625,call,1.0219144356868013,0.2794520547945205,197.7
SPX260918C07620000,2026-06-05 18:12:48+00:00,7620.0,194.3,193.2,194.3,0.0,0.0,6.0,94.0,0.1689831866550445,False,REGULAR,USD,2026-09-18,7451.7001953125,0.03625,call,1.0225854234974951,0.2794520547945205,193.75
SPX260918C07625000,2026-06-08 14:29:32+00:00,7625.0,186.5,189.5,190.7,-15.0,-7.4441686,1.0,1371.0,0.1678941014766693,False,REGULAR,USD,2026-09-18,7451.7001953125,0.03625,call,1.023256411308189,0.2794520547945205,190.1
SPX260918C07630000,2026-06-05 18:21:55+00:00,7630.0,184.7,187.5,188.5,0.0,0.0,5.0,29.0,0.1677005075263977,False,REGULAR,USD,2026-09-18,7451.7001953125,0.03625,call,1.0239273991188829,0.2794520547945205,188.0
SPX260918C07635000,2026-06-05 17:39:23+00:00,7635.0,196.2,183.4,184.5,0.0,0.0,3.0,12.0,0.1663272302436829,False,REGULAR,USD,2026-09-18,7451.7001953125,0.03625,call,1.0245983869295767,0.2794520547945205,183.95
SPX260918C07640000,2026-06-04 19:50:00+00:00,7640.0,263.7,182.6,183.6,0.0,0.0,1.0,70.0,0.1669585563278198,False,REGULAR,USD,2026-09-18,7451.7001953125,0.03625,call,1.0252693747402708,0.2794520547945205,183.1
SPX260918C07645000,2026-06-08 14:29:33+00:00,7645.0,176.7,179.4,180.7,-15.0,-7.824726,1.0,3.0,0.1662776396751404,False,REGULAR,USD,2026-09-18,7451.7001953125,0.03625,call,1.0259403625509649,0.2794520547945205,180.05
SPX260918C07650000,2026-06-05 20:06:45+00:00,7650.0,149.73,177.2,178.1,0.0,0.0,112.0,6987.0,0.1657817339897156,False,REGULAR,USD,2026-09-18,7451.7001953125,0.03625,call,1.0266113503616583,0.2794520547945205,177.64999999999998
SPX260918C07655000,2026-06-04 19:50:00+00:00,7655.0,254.8,177.8,178.7,0.0,0.0,4.0,19.0,0.1673705395126343,False,REGULAR,USD,2026-09-18,7451.7001953125,0.03625,call,1.0272823381723524,0.2794520547945205,178.25
SPX260918C07660000,2026-06-05 17:40:07+00:00,7660.0,184.0,172.2,173.2,0.0,0.0,5.0,22.0,0.164953952960968,False,REGULAR,USD,2026-09-18,7451.7001953125,0.03625,call,1.0279533259830462,0.2794520547945205,172.7
SPX260918C07665000,2026-06-08 14:29:02+00:00,7665.0,166.4,173.0,173.9,2.1100006,1.2843148,1.0,289.0,0.1665942563819886,False,REGULAR,USD,2026-09-18,7451.7001953125,0.03625,call,1.02862431379374,0.2794520547945205,173.45
SPX260918C07670000,2026-06-05 18:50:41+00:00,7670.0,157.6,167.5,168.6,0.0,0.0,43.0,79.0,0.1642787582969665,False,REGULAR,USD,2026-09-18,7451.7001953125,0.03625,call,1.0292953016044342,0.2794520547945205,168.05
SPX260918C07675000,2026-06-04 14:06:13+00:00,7675.0,165.4,165.6,166.6,-47.100006,-22.16471,5.0,2394.0,0.1641242646026611,False,REGULAR,USD,2026-09-18,7451.7001953125,0.03625,call,1.029966289415128,0.2794520547945205,166.1
SPX260918C07680000,2026-06-05 18:57:18+00:00,7680.0,153.7,163.2,164.2,0.0,0.0,16.0,61.0,0.1636941617870331,False,REGULAR,USD,2026-09-18,7451.7001953125,0.03625,call,1.030637277225822,0.2794520547945205,163.7
SPX260918C07685000,2026-06-08 14:28:10+00:00,7685.0,157.2,159.4,160.6,-1.699997,-1.0698534,1.0,51.0,0.1624553512382507,False,REGULAR,USD,2026-09-18,7451.7001953125,0.03625,call,1.0313082650365155,0.2794520547945205,160.0
SPXW260918C07690000,2026-06-05 15:16:08+00:00,7690.0,183.45,159.8,160.9,0.0,0.0,1.0,43.0,0.1638000185775757,False,REGULAR,USD,2026-09-18,7451.7001953125,0.03625,call,1.0319792528472096,0.2794520547945205,160.35000000000002
SPX260918C07695000,2026-06-05 17:25:01+00:00,7695.0,164.6,157.8,158.9,0.0,0.0,1.0,8.0,0.1636054709625244,False,REGULAR,USD,2026-09-18,7451.7001953125,0.03625,call,1.0326502406579037,0.2794520547945205,158.35000000000002
SPXW260918C07700000,2026-06-08 10:46:27+00:00,7700.0,147.4,154.7,156.6,6.019989,4.25802,2.0,266.0,0.163199209766388,False,REGULAR,USD,2026-09-18,7451.7001953125,0.03625,call,1.0333212284685975,0.2794520547945205,155.64999999999998
SPX260918C07705000,2026-06-08 14:23:12+00:00,7705.0,145.8,151.5,152.8,-79.59999,-35.31499,1.0,9.0,0.1617753882503509,False,REGULAR,USD,2026-09-18,7451.7001953125,0.03625,call,1.0339922162792914,0.2794520547945205,152.15
SPXW260918C07710000,2026-05-29 13:52:04+00:00,7710.0,231.1,150.4,151.3,0.0,0.0,8.0,19.0,0.1618831523704528,False,REGULAR,USD,2026-09-18,7451.7001953125,0.03625,call,1.0346632040899852,0.2794520547945205,150.85000000000002
SPX260918C07715000,2026-06-05 17:25:56+00:00,7715.0,154.4,147.0,148.2,0.0,0.0,3.0,18.0,0.1609008776473999,False,REGULAR,USD,2026-09-18,7451.7001953125,0.03625,call,1.035334191900679,0.2794520547945205,147.6
SPXW260918C07720000,2026-06-05 15:29:51+00:00,7720.0,168.7,146.7,147.6,0.0,0.0,8.0,26.0,0.1615989602661132,False,REGULAR,USD,2026-09-18,7451.7001953125,0.03625,call,1.036005179711373,0.2794520547945205,147.14999999999998
SPXW260918C07725000,2026-06-05 15:16:08+00:00,7725.0,166.66,144.4,145.7,0.0,0.0,11.0,308.0,0.1614082273101806,False,REGULAR,USD,2026-09-18,7451.7001953125,0.03625,call,1.0366761675220668,0.2794520547945205,145.05
SPXW260918C07730000,2026-06-02 14:06:52+00:00,7730.0,216.4,141.5,144.0,0.0,0.0,3.0,28.0,0.1613424244403838,False,REGULAR,USD,2026-09-18,7451.7001953125,0.03625,call,1.037347155332761,0.2794520547945205,142.75
SPXW260918C07740000,2026-06-03 16:56:02+00:00,7740.0,194.0,139.8,140.4,0.0,0.0,8.0,23.0,0.1610458346939087,False,REGULAR,USD,2026-09-18,7451.7001953125,0.03625,call,1.0386891309541486,0.2794520547945205,140.10000000000002
SPX260918C07750000,2026-06-05 18:01:49+00:00,7750.0,127.6,135.3,136.3,-13.370003,-9.484289,1.0,4172.0,0.1603630107116699,False,REGULAR,USD,2026-09-18,7451.7001953125,0.03625,call,1.0400311065755363,0.2794520547945205,135.8
SPXW260918C07760000,2026-06-04 18:00:51+00:00,7760.0,196.6,130.7,131.4,0.0,0.0,8.0,19.0,0.1590774705886841,False,REGULAR,USD,2026-09-18,7451.7001953125,0.03625,call,1.0413730821969245,0.2794520547945205,131.05
SPXW260918C07770000,2026-06-05 13:39:09+00:00,7770.0,159.6,126.2,127.1,0.0,0.0,4.0,15.0,0.1581562304115295,False,REGULAR,USD,2026-09-18,7451.7001953125,0.03625,call,1.042715057818312,0.2794520547945205,126.65
SPX260918C07775000,2026-06-05 17:39:01+00:00,7775.0,132.3,125.1,126.1,0.0,0.0,5.0,839.0,0.158486198425293,False,REGULAR,USD,2026-09-18,7451.7001953125,0.03625,call,1.0433860456290058,0.2794520547945205,125.6
SPXW260918C07780000,2026-06-05 17:36:05+00:00,7780.0,129.86,121.8,122.5,0.0,0.0,21.0,43.0,0.1569708250904083,False,REGULAR,USD,2026-09-18,7451.7001953125,0.03625,call,1.0440570334396997,0.2794520547945205,122.15
SPX260918C07790000,2026-06-04 19:23:16+00:00,7790.0,112.2,116.7,117.8,-71.40001,-38.888893,1.0,63.0,0.1556557213592529,False,REGULAR,USD,2026-09-18,7451.7001953125,0.03625,call,1.0453990090610876,0.2794520547945205,117.25
SPX260918C07800000,2026-06-08 14:52:10+00:00,7800.0,117.17,116.2,117.1,23.029999,24.463566,278.0,12099.0,0.1571644190406799,False,REGULAR,USD,2026-09-18,7451.7001953125,0.03625,call,1.0467409846824751,0.2794520547945205,116.65
SPX260918C07810000,2026-06-01 19:58:27+00:00,7810.0,179.9,109.5,110.7,0.0,0.0,1.0,14.0,0.1545189529418945,False,REGULAR,USD,2026-09-18,7451.7001953125,0.03625,call,1.048082960303863,0.2794520547945205,110.1
SPXW260918C07820000,2026-06-08 11:51:44+00:00,7820.0,111.87,108.4,109.1,17.18,18.143415,10.0,1879.0,0.1553095410442352,False,REGULAR,USD,2026-09-18,7451.7001953125,0.03625,call,1.049424935925251,0.2794520547945205,108.75
SPXW260918C07825000,2026-06-04 18:17:27+00:00,7825.0,165.8,105.2,105.9,0.0,0.0,5.0,372.0,0.1539257734489441,False,REGULAR,USD,2026-09-18,7451.7001953125,0.03625,call,1.0500959237359448,0.2794520547945205,105.55
SPXW260918C07830000,2026-06-03 19:32:54+00:00,7830.0,154.2,103.9,104.6,0.0,0.0,19.0,48.0,0.153928634443283,False,REGULAR,USD,2026-09-18,7451.7001953125,0.03625,call,1.0507669115466387,0.2794520547945205,104.25
SPXW260918C07840000,2026-06-05 19:25:18+00:00,7840.0,89.9,101.1,102.0,0.0,0.0,2.0,24.0,0.1539047928237915,False,REGULAR,USD,2026-09-18,7451.7001953125,0.03625,call,1.0521088871680264,0.2794520547945205,101.55
SPXW260918C07850000,2026-06-08 15:15:44+00:00,7850.0,101.98,97.9,98.4,15.980003,18.5814,2.0,769.0,0.1530884557723999,False,REGULAR,USD,2026-09-18,7451.7001953125,0.03625,call,1.0534508627894144,0.2794520547945205,98.15
SPXW260918C07860000,2026-06-08 15:28:05+00:00,7860.0,96.8,95.8,96.4,-18.0,-15.679442,9.0,22.0,0.1534394044113159,False,REGULAR,USD,2026-09-18,7451.7001953125,0.03625,call,1.054792838410802,0.2794520547945205,96.1
SPX260918C07870000,2026-06-08 14:28:15+00:00,7870.0,87.8,92.7,93.6,-71.5,-44.883865,1.0,18.0,0.153141861000061,False,REGULAR,USD,2026-09-18,7451.7001953125,0.03625,call,1.0561348140321898,0.2794520547945205,93.15
SPX260918C07875000,2026-06-05 16:36:02+00:00,7875.0,96.45,89.0,89.9,0.0,0.0,1.0,2978.0,0.1511868482017517,False,REGULAR,USD,2026-09-18,7451.7001953125,0.03625,call,1.0568058018428836,0.2794520547945205,89.45
SPX260918C07880000,2026-06-08 14:28:25+00:00,7880.0,84.5,89.2,90.1,-18.900002,-18.27853,1.0,28.0,0.152253045425415,False,REGULAR,USD,2026-09-18,7451.7001953125,0.03625,call,1.0574767896535775,0.2794520547945205,89.65
SPX260918C07890000,2026-06-08 14:29:19+00:00,7890.0,82.9,86.7,87.6,13.900002,20.14493,1.0,24.0,0.1520985517311096,False,REGULAR,USD,2026-09-18,7451.7001953125,0.03625,call,1.0588187652749654,0.2794520547945205,87.15
SPXW260918C07900000,2026-06-08 15:18:54+00:00,7900.0,86.1,83.1,83.9,15.099998,21.267605,9.0,214.0,0.1509408026885987,False,REGULAR,USD,2026-09-18,7451.7001953125,0.03625,call,1.0601607408963531,0.2794520547945205,83.5
SPXW260918C07910000,2026-06-08 15:14:44+00:00,7910.0,83.1,80.1,80.4,-31.5,-27.486912,1.0,32.0,0.1498784201240539,False,REGULAR,USD,2026-09-18,7451.7001953125,0.03625,call,1.061502716517741,0.2794520547945205,80.25
SPXW260918C07920000,2026-06-08 15:25:06+00:00,7920.0,80.6,77.6,78.4,-53.799995,-40.02976,18.0,10.0,0.1499852305793762,False,REGULAR,USD,2026-09-18,7451.7001953125,0.03625,call,1.0628446921391288,0.2794520547945205,78.0
SPX260918C07925000,2026-06-08 15:15:07+00:00,7925.0,79.0,76.9,77.8,14.260002,22.026573,183.0,217.0,0.1503571598434448,False,REGULAR,USD,2026-09-18,7451.7001953125,0.03625,call,1.0635156799498229,0.2794520547945205,77.35
SPXW260918C07930000,2026-06-08 13:30:03+00:00,7930.0,76.8,75.0,75.4,-36.6,-32.27513,1.0,18.0,0.1492242060852051,False,REGULAR,USD,2026-09-18,7451.7001953125,0.03625,call,1.0641866677605163,0.2794520547945205,75.2
SPXW260918C07940000,2026-06-08 15:18:38+00:00,7940.0,75.2,72.5,72.8,-24.800003,-24.800003,4.0,23.0,0.1487416517066955,False,REGULAR,USD,2026-09-18,7451.7001953125,0.03625,call,1.0655286433819045,0.2794520547945205,72.65
SPX260918C07950000,2026-06-08 14:38:34+00:00,7950.0,68.24,69.0,69.6,6.3399963,10.24232,2.0,2259.0,0.1476926204490661,False,REGULAR,USD,2026-09-18,7451.7001953125,0.03625,call,1.0668706190032922,0.2794520547945205,69.3
SPX260918C07960000,2026-06-05 20:02:34+00:00,7960.0,64.5,67.8,68.6,11.200001,21.013136,1.0,33.0,0.1484936988639831,False,REGULAR,USD,2026-09-18,7451.7001953125,0.03625,call,1.06821259462468,0.2794520547945205,68.19999999999999
SPXW260918C07970000,2026-06-08 15:23:39+00:00,7970.0,67.3,64.3,65.3,-36.5,-35.163776,1.0,9.0,0.1472463053321838,False,REGULAR,USD,2026-09-18,7451.7001953125,0.03625,call,1.0695545702460678,0.2794520547945205,64.8
SPXW260918C07975000,2026-06-04 14:19:52+00:00,7975.0,91.4,63.5,64.5,0.0,0.0,2.0,129.0,0.1473531157875061,False,REGULAR,USD,2026-09-18,7451.7001953125,0.03625,call,1.0702255580567617,0.2794520547945205,64.0
SPXW260918C07980000,2026-06-08 15:25:03+00:00,7980.0,65.5,62.7,63.3,-22.400002,-25.483507,4.0,14.0,0.1470918116378784,False,REGULAR,USD,2026-09-18,7451.7001953125,0.03625,call,1.0708965458674555,0.2794520547945205,63.0
SPXW260918C07990000,2026-06-04 19:51:44+00:00,7990.0,101.2,60.9,61.7,0.0,0.0,6.0,12.0,0.1472577493095398,False,REGULAR,USD,2026-09-18,7451.7001953125,0.03625,call,1.0722385214888432,0.2794520547945205,61.3
SPXW260918C08000000,2026-06-08 13:30:16+00:00,8000.0,60.9,58.6,59.0,10.800003,21.556892,1.0,500.0,0.1463727483940124,False,REGULAR,USD,2026-09-18,7451.7001953125,0.03625,call,1.0735804971102312,0.2794520547945205,58.8
SPXW260918C08010000,2026-06-05 14:42:34+00:00,8010.0,69.9,55.7,56.3,0.0,0.0,2.0,26.0,0.1454190836143493,False,REGULAR,USD,2026-09-18,7451.7001953125,0.03625,call,1.074922472731619,0.2794520547945205,56.0
SPXW260918C08025000,2026-06-03 20:03:05+00:00,8025.0,82.7,54.2,54.7,0.0,0.0,6.0,24.0,0.1462258840179443,False,REGULAR,USD,2026-09-18,7451.7001953125,0.03625,call,1.076935436163701,0.2794520547945205,54.45
SPX260918C08030000,2026-06-08 14:28:27+00:00,8030.0,49.3,51.1,52.0,-12.900002,-20.739552,1.0,14.0,0.1443738670158386,False,REGULAR,USD,2026-09-18,7451.7001953125,0.03625,call,1.0776064239743943,0.2794520547945205,51.55
SPX260918C08050000,2026-06-08 14:23:07+00:00,8050.0,44.9,48.0,48.8,4.960003,12.418636,29.0,1516.0,0.1442136513328551,False,REGULAR,USD,2026-09-18,7451.7001953125,0.03625,call,1.08029037521717,0.2794520547945205,48.4
SPX260918C08060000,2026-06-05 16:05:28+00:00,8060.0,51.8,46.2,47.0,0.0,0.0,13.0,35.0,0.1438665173530578,False,REGULAR,USD,2026-09-18,7451.7001953125,0.03625,call,1.081632350838558,0.2794520547945205,46.6
SPXW260918C08075000,2026-06-02 16:07:56+00:00,8075.0,87.7,44.3,44.7,0.0,0.0,2.0,14.0,0.1436719697380065,False,REGULAR,USD,2026-09-18,7451.7001953125,0.03625,call,1.0836453142706397,0.2794520547945205,44.5
SPX260918C08080000,2026-06-05 15:30:14+00:00,8080.0,51.8,42.9,43.5,0.0,0.0,15.0,20.0,0.1431207514953613,False,REGULAR,USD,2026-09-18,7451.7001953125,0.03625,call,1.0843163020813331,0.2794520547945205,43.2
SPX260918C08090000,2026-06-05 15:31:09+00:00,8090.0,49.9,41.9,42.7,0.0,0.0,4.0,27.0,0.1437043943405151,False,REGULAR,USD,2026-09-18,7451.7001953125,0.03625,call,1.0856582777027213,0.2794520547945205,42.3
SPX260918C08100000,2026-06-08 14:30:18+00:00,8100.0,37.8,39.7,40.4,7.8999996,26.421404,1051.0,11817.0,0.1426095871734619,False,REGULAR,USD,2026-09-18,7451.7001953125,0.03625,call,1.087000253324109,0.2794520547945205,40.05
SPX260918C08125000,2026-06-05 20:02:44+00:00,8125.0,27.7,35.7,36.6,0.0,0.0,3.0,1377.0,0.1417779914855957,False,REGULAR,USD,2026-09-18,7451.7001953125,0.03625,call,1.0903551923775785,0.2794520547945205,36.150000000000006
SPX260918C08150000,2026-06-05 19:09:19+00:00,8150.0,30.3,33.2,33.9,2.75,9.981852,1.0,2454.0,0.1419649097824096,False,REGULAR,USD,2026-09-18,7451.7001953125,0.03625,call,1.093710131431048,0.2794520547945205,33.55
SPX260918C08175000,2026-06-08 14:27:33+00:00,8175.0,28.4,29.5,30.2,2.4699993,9.525643,1.0,224.0,0.1406297790908813,False,REGULAR,USD,2026-09-18,7451.7001953125,0.03625,call,1.0970650704845175,0.2794520547945205,29.85
SPXW260918C08200000,2026-06-05 14:45:19+00:00,8200.0,34.7,27.6,28.0,0.0,0.0,3.0,275.0,0.1409521177864075,False,REGULAR,USD,2026-09-18,7451.7001953125,0.03625,call,1.1004200095379868,0.2794520547945205,27.8
SPX260918C08225000,2026-06-08 14:22:15+00:00,8225.0,22.0,24.4,25.1,0.70000076,3.2863886,3.0,168.0,0.1400537655639648,False,REGULAR,USD,2026-09-18,7451.7001953125,0.03625,call,1.1037749485914563,0.2794520547945205,24.75
SPX260918C08250000,2026-06-08 14:25:10+00:00,8250.0,20.7,21.6,22.2,3.1100006,17.680504,2.0,342.0,0.1387911133956909,False,REGULAR,USD,2026-09-18,7451.7001953125,0.03625,call,1.1071298876449258,0.2794520547945205,21.9
SPX260918C08275000,2026-06-08 14:27:36+00:00,8275.0,18.8,19.4,19.9,-1.7000008,-8.292686,4.0,245.0,0.1381082894134521,False,REGULAR,USD,2026-09-18,7451.7001953125,0.03625,call,1.110484826698395,0.2794520547945205,19.65
SPX260918C08300000,2026-06-05 17:24:54+00:00,8300.0,16.9,17.9,18.4,-1.5,-8.152174,4.0,12987.0,0.1385011993026733,False,REGULAR,USD,2026-09-18,7451.7001953125,0.03625,call,1.1138397657518648,0.2794520547945205,18.15
SPX260918C08325000,2026-06-05 16:21:33+00:00,8325.0,18.32,15.8,16.2,0.0,0.0,408.0,406.0,0.1373796895217895,False,REGULAR,USD,2026-09-18,7451.7001953125,0.03625,call,1.1171947048053343,0.2794520547945205,16.0
SPX260918C08350000,2026-06-05 19:51:04+00:00,8350.0,13.3,14.2,14.7,0.78999996,6.314948,1.0,2153.0,0.1372690644073486,False,REGULAR,USD,2026-09-18,7451.7001953125,0.03625,call,1.1205496438588036,0.2794520547945205,14.45
SPX260918C08375000,2026-06-08 14:26:42+00:00,8375.0,12.2,12.7,13.1,1.1999998,10.909089,1.0,1118.0,0.1366739775848388,False,REGULAR,USD,2026-09-18,7451.7001953125,0.03625,call,1.1239045829122731,0.2794520547945205,12.9
SPXW260918C08400000,2026-06-08 13:58:36+00:00,8400.0,10.8,11.8,12.2,0.8000002,8.000002,5.0,308.0,0.1373682455444336,False,REGULAR,USD,2026-09-18,7451.7001953125,0.03625,call,1.1272595219657426,0.2794520547945205,12.0
SPX260918C08425000,2026-06-05 15:31:08+00:00,8425.0,12.8,10.5,10.9,0.0,0.0,3.0,876.0,0.1369333744049072,False,REGULAR,USD,2026-09-18,7451.7001953125,0.03625,call,1.130614461019212,0.2794520547945205,10.7
SPXW260918C08450000,2026-06-03 19:50:07+00:00,8450.0,17.5,9.7,10.0,0.0,0.0,6.0,61.0,0.1372423617935181,False,REGULAR,USD,2026-09-18,7451.7001953125,0.03625,call,1.1339694000726817,0.2794520547945205,9.85
SPX260918C08475000,2026-06-08 14:28:14+00:00,8475.0,7.9,8.4,8.8,0.7000003,9.722227,1.0,281.0,0.1365023179244995,False,REGULAR,USD,2026-09-18,7451.7001953125,0.03625,call,1.1373243391261512,0.2794520547945205,8.600000000000001
SPX260918C08500000,2026-06-08 14:29:23+00:00,8500.0,7.3,7.6,8.0,0.9000001,14.062501,5.0,8584.0,0.136628201675415,False,REGULAR,USD,2026-09-18,7451.7001953125,0.03625,call,1.1406792781796204,0.2794520547945205,7.8
SPXW260918C08550000,2026-06-01 17:46:58+00:00,8550.0,16.0,6.3,6.6,0.0,0.0,2.0,29.0,0.1368952278137207,False,REGULAR,USD,2026-09-18,7451.7001953125,0.03625,call,1.1473891562865597,0.2794520547945205,6.449999999999999
SPXW260918C08600000,2026-06-05 18:05:18+00:00,8600.0,5.2,5.3,5.5,0.0,0.0,5.0,106.0,0.1374521680450439,False,REGULAR,USD,2026-09-18,7451.7001953125,0.03625,call,1.1540990343934985,0.2794520547945205,5.4
SPXW260918C08650000,2026-06-05 14:20:35+00:00,8650.0,5.73,4.4,4.6,0.0,0.0,1.0,3.0,0.1381082894134521,False,REGULAR,USD,2026-09-18,7451.7001953125,0.03625,call,1.1608089125004375,0.2794520547945205,4.5
SPX260918C08700000,2026-06-05 18:47:01+00:00,8700.0,3.1,3.5,3.9,0.0,0.0,3229.0,5693.0,0.1390695835113525,False,REGULAR,USD,2026-09-18,7451.7001953125,0.03625,call,1.1675187906073765,0.2794520547945205,3.7
SPX260918C08800000,2026-06-05 18:47:03+00:00,8800.0,2.3,2.65,2.9,0.0,0.0,2.0,3143.0,0.1416254051208496,False,REGULAR,USD,2026-09-18,7451.7001953125,0.03625,call,1.1809385468212543,0.2794520547945205,2.775
SPXW260918C08900000,2026-06-05 19:02:23+00:00,8900.0,1.7,2.1,2.3,0.0,0.0,3.0,136.0,0.1452722192382812,False,REGULAR,USD,2026-09-18,7451.7001953125,0.03625,call,1.194358303035132,0.2794520547945205,2.2
SPXW260918C09000000,2026-06-05 17:59:04+00:00,9000.0,1.7,1.65,1.9,-0.049999952,-2.85714,12.0,182.0,0.1494836029052734,False,REGULAR,USD,2026-09-18,7451.7001953125,0.03625,call,1.20777805924901,0.2794520547945205,1.775
SPX260918C09100000,2026-05-29 13:52:02+00:00,9100.0,2.95,1.25,1.55,0.0,0.0,20.0,117.0,0.1532372274780273,False,REGULAR,USD,2026-09-18,7451.7001953125,0.03625,call,1.221197815462888,0.2794520547945205,1.4
SPXW260918C09200000,2026-06-02 19:50:05+00:00,9200.0,1.15,1.1,1.3,-0.82000005,-41.62437,9.0,383.0,0.1573265420532226,False,REGULAR,USD,2026-09-18,7451.7001953125,0.03625,call,1.2346175716767658,0.2794520547945205,1.2000000000000002
SPXW260918C09300000,2026-05-29 13:52:02+00:00,9300.0,2.0,0.9,1.1,0.0,0.0,67.0,67.0,0.1613548220825195,False,REGULAR,USD,2026-09-18,7451.7001953125,0.03625,call,1.2480373278906436,0.2794520547945205,1.0
SPXW260918C09400000,2026-06-02 19:50:05+00:00,9400.0,1.32,0.75,0.95,0.0,0.0,1.0,168.0,0.1655967230224609,False,REGULAR,USD,2026-09-18,7451.7001953125,0.03625,call,1.2614570841045216,0.2794520547945205,0.85
SPXW260930C07380000,2026-06-05 20:11:05+00:00,7380.0,312.0,355.4,356.6,0.0,0.0,2.0,4.0,0.1921486578178406,True,REGULAR,USD,2026-09-30,7451.7001953125,0.03625,call,0.9903780085841882,0.3123287671232876,356.0
SPXW260930C07390000,2026-06-02 15:20:05+00:00,7390.0,474.8,347.2,349.7,0.0,0.0,3.0,43.0,0.1910738776111602,True,REGULAR,USD,2026-09-30,7451.7001953125,0.03625,call,0.991719984205576,0.3123287671232876,348.45
SPXW260930C07395000,2026-06-05 19:46:27+00:00,7395.0,324.2,344.1,345.2,0.0,0.0,1.0,1.0,0.1898922869491577,True,REGULAR,USD,2026-09-30,7451.7001953125,0.03625,call,0.99239097201627,0.3123287671232876,344.65
SPXW260930C07400000,2026-06-08 14:07:03+00:00,7400.0,337.9,343.4,344.2,21.899994,6.9303784,2.0,1640.0,0.1908173417854309,True,REGULAR,USD,2026-09-30,7451.7001953125,0.03625,call,0.9930619598269638,0.3123287671232876,343.79999999999995
SPXW260930C07405000,2026-05-19 17:45:54+00:00,7405.0,330.45,340.1,341.0,0.0,0.0,1.0,7.0,0.1904063122653961,True,REGULAR,USD,2026-09-30,7451.7001953125,0.03625,call,0.9937329476376576,0.3123287671232876,340.55
SPXW260930C07410000,2026-06-04 15:54:01+00:00,7410.0,340.01,336.6,337.8,-81.31998,-19.300781,1.0,18.0,0.189987653427124,True,REGULAR,USD,2026-09-30,7451.7001953125,0.03625,call,0.9944039354483516,0.3123287671232876,337.20000000000005
SPXW260930C07420000,2026-06-05 18:40:12+00:00,7420.0,319.51,329.9,331.0,0.0,0.0,14.0,944.0,0.1888909389305114,True,REGULAR,USD,2026-09-30,7451.7001953125,0.03625,call,0.9957459110697392,0.3123287671232876,330.45
SPXW260930C07425000,2026-05-22 19:32:21+00:00,7425.0,363.16,327.1,328.2,0.0,0.0,12.0,290.0,0.1886925766563415,True,REGULAR,USD,2026-09-30,7451.7001953125,0.03625,call,0.9964168988804332,0.3123287671232876,327.65
SPXW260930C07430000,2026-06-03 17:36:23+00:00,7430.0,407.68,321.1,326.0,0.0,0.0,1.0,42.0,0.1888470703506469,True,REGULAR,USD,2026-09-30,7451.7001953125,0.03625,call,0.9970878866911272,0.3123287671232876,323.55
SPXW260930C07440000,2026-05-28 19:17:31+00:00,7440.0,401.5,315.8,317.0,0.0,0.0,6.0,33.0,0.1863713565826416,True,REGULAR,USD,2026-09-30,7451.7001953125,0.03625,call,0.998429862312515,0.3123287671232876,316.4
SPXW260930C07450000,2026-06-03 15:07:40+00:00,7450.0,314.5,311.0,311.9,-85.51999,-21.37893,1.0,581.0,0.1862092335700988,True,REGULAR,USD,2026-09-30,7451.7001953125,0.03625,call,0.9997718379339028,0.3123287671232876,311.45
SPXW260930C07460000,2026-05-15 16:00:06+00:00,7460.0,330.19,304.6,305.8,0.0,0.0,9.0,10.0,0.1854176918029785,False,REGULAR,USD,2026-09-30,7451.7001953125,0.03625,call,1.0011138135552906,0.3123287671232876,305.20000000000005
SPXW260930C07465000,2026-06-08 15:12:56+00:00,7465.0,310.6,302.1,303.0,-3.7099915,-1.1803607,1.0,5.0,0.1851602023124694,False,REGULAR,USD,2026-09-30,7451.7001953125,0.03625,call,1.0017848013659845,0.3123287671232876,302.55
SPXW260930C07470000,2026-05-27 19:43:46+00:00,7470.0,360.2,297.8,298.6,0.0,0.0,1.0,6.0,0.1839366504001617,False,REGULAR,USD,2026-09-30,7451.7001953125,0.03625,call,1.0024557891766783,0.3123287671232876,298.20000000000005
SPXW260930C07475000,2026-06-05 18:39:58+00:00,7475.0,286.51,294.8,296.4,0.0,0.0,5.0,349.0,0.1840243875598907,False,REGULAR,USD,2026-09-30,7451.7001953125,0.03625,call,1.0031267769873722,0.3123287671232876,295.6
SPXW260930C07480000,2026-06-02 13:31:38+00:00,7480.0,388.67,291.4,293.4,0.0,0.0,2.0,10.0,0.1836248020172119,False,REGULAR,USD,2026-09-30,7451.7001953125,0.03625,call,1.003797764798066,0.3123287671232876,292.4
SPXW260930C07485000,2026-05-22 16:09:57+00:00,7485.0,334.5,288.6,290.2,0.0,0.0,2.0,1.0,0.1830974253940582,False,REGULAR,USD,2026-09-30,7451.7001953125,0.03625,call,1.00446875260876,0.3123287671232876,289.4
SPXW260930C07490000,2026-05-22 16:56:13+00:00,7490.0,331.18,286.7,287.7,0.0,0.0,10.0,10.0,0.1829820319557189,False,REGULAR,USD,2026-09-30,7451.7001953125,0.03625,call,1.005139740419454,0.3123287671232876,287.2
SPXW260930C07500000,2026-06-08 14:42:38+00:00,7500.0,273.67,281.5,282.8,34.560013,14.453604,26.0,2113.0,0.1827874843406677,False,REGULAR,USD,2026-09-30,7451.7001953125,0.03625,call,1.0064817160408417,0.3123287671232876,282.15
SPXW260930C07510000,2026-06-05 18:43:16+00:00,7510.0,276.48,273.2,274.2,13.779999,5.2455263,1.0,15.0,0.1803451488399505,False,REGULAR,USD,2026-09-30,7451.7001953125,0.03625,call,1.0078236916622294,0.3123287671232876,273.7
SPXW260930C07520000,2026-05-22 19:13:01+00:00,7520.0,307.23,267.4,268.2,0.0,0.0,21.0,21.0,0.1794286769866943,False,REGULAR,USD,2026-09-30,7451.7001953125,0.03625,call,1.0091656672836171,0.3123287671232876,267.79999999999995
SPXW260930C07525000,2026-06-08 14:42:38+00:00,7525.0,258.83,264.8,265.7,26.689987,11.497367,25.0,808.0,0.1792579709911346,False,REGULAR,USD,2026-09-30,7451.7001953125,0.03625,call,1.0098366550943112,0.3123287671232876,265.25
SPXW260930C07530000,2026-06-05 20:13:01+00:00,7530.0,222.76,261.3,262.3,0.0,0.0,599.0,500.0,0.1785398614120483,False,REGULAR,USD,2026-09-30,7451.7001953125,0.03625,call,1.010507642905005,0.3123287671232876,261.8
SPXW260930C07540000,2026-06-05 16:45:44+00:00,7540.0,262.07,256.8,258.5,0.0,0.0,20.0,26.0,0.1788793660736084,False,REGULAR,USD,2026-09-30,7451.7001953125,0.03625,call,1.0118496185263928,0.3123287671232876,257.65
SPXW260930C07550000,2026-06-05 19:47:43+00:00,7550.0,240.5,250.3,251.2,7.5899963,3.2587678,8.0,546.0,0.1770845689582824,False,REGULAR,USD,2026-09-30,7451.7001953125,0.03625,call,1.0131915941477807,0.3123287671232876,250.75
SPXW260930C07555000,2026-06-04 15:13:54+00:00,7555.0,322.59,248.8,249.8,0.0,0.0,6.0,6.0,0.1775270694160461,False,REGULAR,USD,2026-09-30,7451.7001953125,0.03625,call,1.0138625819584746,0.3123287671232876,249.3
SPXW260930C07560000,2026-06-08 11:53:44+00:00,7560.0,240.6,244.2,245.2,-92.44,-27.756426,1.0,20.0,0.176035537700653,False,REGULAR,USD,2026-09-30,7451.7001953125,0.03625,call,1.0145335697691684,0.3123287671232876,244.7
SPXW260930C07565000,2026-06-05 18:40:12+00:00,7565.0,233.16,241.8,243.0,0.0,0.0,1.0,4.0,0.1759811788082123,False,REGULAR,USD,2026-09-30,7451.7001953125,0.03625,call,1.0152045575798625,0.3123287671232876,242.4
SPXW260930C07570000,2026-06-04 15:15:59+00:00,7570.0,234.7,237.9,238.8,-80.280014,-25.487337,7.0,6.0,0.1747118509864807,False,REGULAR,USD,2026-09-30,7451.7001953125,0.03625,call,1.015875545390556,0.3123287671232876,238.35
SPXW260930C07575000,2026-06-05 19:21:32+00:00,7575.0,212.4,236.9,237.9,0.0,0.0,75.0,141.0,0.1754251922416687,False,REGULAR,USD,2026-09-30,7451.7001953125,0.03625,call,1.01654653320125,0.3123287671232876,237.4
SPXW260930C07580000,2026-06-05 19:47:43+00:00,7580.0,216.73,233.0,235.1,0.0,0.0,12.0,20.0,0.174982691783905,False,REGULAR,USD,2026-09-30,7451.7001953125,0.03625,call,1.017217521011944,0.3123287671232876,234.05
SPXW260930C07585000,2026-06-05 18:47:22+00:00,7585.0,216.89,230.6,231.6,0.0,0.0,5.0,8.0,0.1741100885105133,False,REGULAR,USD,2026-09-30,7451.7001953125,0.03625,call,1.017888508822638,0.3123287671232876,231.1
SPXW260930C07590000,2026-06-03 19:26:58+00:00,7590.0,300.33,227.5,228.6,0.0,0.0,2.0,16.0,0.1735293066596984,False,REGULAR,USD,2026-09-30,7451.7001953125,0.03625,call,1.0185594966333318,0.3123287671232876,228.05
SPXW260930C07595000,2026-06-04 15:15:59+00:00,7595.0,299.13,225.1,226.4,0.0,0.0,1.0,2.0,0.1734244035339355,False,REGULAR,USD,2026-09-30,7451.7001953125,0.03625,call,1.0192304844440256,0.3123287671232876,225.75
SPXW260930C07600000,2026-06-08 15:01:36+00:00,7600.0,230.82,222.2,223.3,28.340012,13.99645,10.0,901.0,0.1727654211711883,False,REGULAR,USD,2026-09-30,7451.7001953125,0.03625,call,1.0199014722547195,0.3123287671232876,222.75
SPXW260930C07605000,2026-06-02 14:25:19+00:00,7605.0,310.0,221.8,222.8,0.0,0.0,5.0,16.0,0.1736752173709869,False,REGULAR,USD,2026-09-30,7451.7001953125,0.03625,call,1.0205724600654134,0.3123287671232876,222.3
SPXW260930C07610000,2026-06-08 11:36:31+00:00,7610.0,217.43,215.5,216.9,-52.350006,-19.404701,1.0,55.0,0.1712977310752868,False,REGULAR,USD,2026-09-30,7451.7001953125,0.03625,call,1.0212434478761074,0.3123287671232876,216.2
SPXW260930C07615000,2026-06-05 19:53:01+00:00,7615.0,201.07,213.8,214.7,0.0,0.0,1.0,5.0,0.171158496017456,False,REGULAR,USD,2026-09-30,7451.7001953125,0.03625,call,1.0219144356868013,0.3123287671232876,214.25
SPXW260930C07620000,2026-06-08 15:01:37+00:00,7620.0,219.86,211.7,213.3,15.199997,7.4269505,7.0,5.0,0.1714980006790161,False,REGULAR,USD,2026-09-30,7451.7001953125,0.03625,call,1.0225854234974951,0.3123287671232876,212.5
SPXW260930C07625000,2026-06-05 16:13:24+00:00,7625.0,206.62,208.9,210.9,-20.809998,-9.150067,7.0,114.0,0.1712195305633545,False,REGULAR,USD,2026-09-30,7451.7001953125,0.03625,call,1.023256411308189,0.3123287671232876,209.9
SPXW260930C07630000,2026-06-04 15:04:52+00:00,7630.0,269.86,206.6,208.2,0.0,0.0,5.0,10.0,0.1707493738269806,False,REGULAR,USD,2026-09-30,7451.7001953125,0.03625,call,1.0239273991188829,0.3123287671232876,207.4
SPXW260930C07635000,2026-06-02 15:59:39+00:00,7635.0,303.3,203.8,204.8,0.0,0.0,1.0,4.0,0.1698424386215209,False,REGULAR,USD,2026-09-30,7451.7001953125,0.03625,call,1.0245983869295767,0.3123287671232876,204.3
SPXW260930C07640000,2026-05-27 17:13:51+00:00,7640.0,247.6,201.6,202.9,0.0,0.0,1.0,12.0,0.1698424386215209,False,REGULAR,USD,2026-09-30,7451.7001953125,0.03625,call,1.0252693747402708,0.3123287671232876,202.25
SPXW260930C07645000,2026-05-22 19:50:01+00:00,7645.0,231.03,199.2,200.2,0.0,0.0,1.0,3.0,0.1693446256065368,False,REGULAR,USD,2026-09-30,7451.7001953125,0.03625,call,1.0259403625509649,0.3123287671232876,199.7
SPXW260930C07650000,2026-06-05 19:26:49+00:00,7650.0,177.97,195.1,196.4,0.0,0.0,14.0,371.0,0.1681601739501953,False,REGULAR,USD,2026-09-30,7451.7001953125,0.03625,call,1.0266113503616583,0.3123287671232876,195.75
SPXW260930C07660000,2026-06-05 17:12:02+00:00,7660.0,197.59,191.5,192.6,0.0,0.0,3.0,21.0,0.1681010467338562,False,REGULAR,USD,2026-09-30,7451.7001953125,0.03625,call,1.0279533259830462,0.3123287671232876,192.05
SPXW260930C07665000,2026-06-03 19:08:22+00:00,7665.0,258.85,188.0,189.4,0.0,0.0,1.0,6.0,0.1672541924095154,False,REGULAR,USD,2026-09-30,7451.7001953125,0.03625,call,1.02862431379374,0.3123287671232876,188.7
SPXW260930C07670000,2026-06-05 17:12:02+00:00,7670.0,192.64,186.0,187.5,0.0,0.0,3.0,13.0,0.1672026945114135,False,REGULAR,USD,2026-09-30,7451.7001953125,0.03625,call,1.0292953016044342,0.3123287671232876,186.75
SPXW260930C07675000,2026-06-05 18:04:37+00:00,7675.0,189.51,184.4,185.4,0.0,0.0,22.0,2014.0,0.1670186372089386,False,REGULAR,USD,2026-09-30,7451.7001953125,0.03625,call,1.029966289415128,0.3123287671232876,184.9
SPXW260930C07680000,2026-06-05 16:11:49+00:00,7680.0,199.28,182.0,183.4,0.0,0.0,1.0,10.0,0.1668879851341247,False,REGULAR,USD,2026-09-30,7451.7001953125,0.03625,call,1.030637277225822,0.3123287671232876,182.7
SPXW260930C07690000,2026-05-14 15:12:32+00:00,7690.0,252.39,176.9,177.8,0.0,0.0,1.0,1.0,0.1656005376815796,False,REGULAR,USD,2026-09-30,7451.7001953125,0.03625,call,1.0319792528472096,0.3123287671232876,177.35000000000002
SPXW260930C07700000,2026-06-08 14:42:38+00:00,7700.0,168.1,172.6,174.3,12.25,7.8601217,6.0,718.0,0.165588140039444,False,REGULAR,USD,2026-09-30,7451.7001953125,0.03625,call,1.0333212284685975,0.3123287671232876,173.45
SPXW260930C07710000,2026-06-05 19:30:21+00:00,7710.0,155.15,166.6,168.1,0.0,0.0,2.0,22.0,0.1638391188335419,False,REGULAR,USD,2026-09-30,7451.7001953125,0.03625,call,1.0346632040899852,0.3123287671232876,167.35
SPXW260930C07715000,2026-06-05 18:14:20+00:00,7715.0,165.18,165.9,166.8,0.0,0.0,5.0,6.0,0.1640851643466949,False,REGULAR,USD,2026-09-30,7451.7001953125,0.03625,call,1.035334191900679,0.3123287671232876,166.35000000000002
SPXW260930C07720000,2026-06-04 15:32:57+00:00,7720.0,226.33,163.5,165.2,0.0,0.0,3.0,43.0,0.1641338012504577,False,REGULAR,USD,2026-09-30,7451.7001953125,0.03625,call,1.036005179711373,0.3123287671232876,164.35
SPXW260930C07725000,2026-06-05 19:59:43+00:00,7725.0,145.01,160.6,161.9,0.0,0.0,2.0,87.0,0.1630933529758453,False,REGULAR,USD,2026-09-30,7451.7001953125,0.03625,call,1.0366761675220668,0.3123287671232876,161.25
SPXW260930C07735000,2026-06-05 19:30:21+00:00,7735.0,144.65,159.1,159.9,0.0,0.0,2.0,2.0,0.1639125510215759,False,REGULAR,USD,2026-09-30,7451.7001953125,0.03625,call,1.0380181431434548,0.3123287671232876,159.5
SPXW260930C07740000,2026-06-01 14:04:05+00:00,7740.0,218.19,157.2,158.0,0.0,0.0,2.0,1.0,0.1637370767021179,False,REGULAR,USD,2026-09-30,7451.7001953125,0.03625,call,1.0386891309541486,0.3123287671232876,157.6
SPXW260930C07750000,2026-06-05 18:05:36+00:00,7750.0,153.75,150.4,151.7,0.0,0.0,8.0,421.0,0.1617458246421813,False,REGULAR,USD,2026-09-30,7451.7001953125,0.03625,call,1.0400311065755363,0.3123287671232876,151.05
SPXW260930C07760000,2026-06-01 17:43:29+00:00,7760.0,226.1,145.8,146.7,0.0,0.0,3.0,18.0,0.1605403923606872,False,REGULAR,USD,2026-09-30,7451.7001953125,0.03625,call,1.0413730821969245,0.3123287671232876,146.25
SPXW260930C07770000,2026-06-01 17:43:29+00:00,7770.0,220.9,142.2,143.1,0.0,0.0,3.0,5.0,0.1602018413639068,False,REGULAR,USD,2026-09-30,7451.7001953125,0.03625,call,1.042715057818312,0.3123287671232876,142.64999999999998
SPXW260930C07775000,2026-06-05 19:59:43+00:00,7775.0,142.6,140.5,141.4,17.040009,13.571208,3.0,20.0,0.1600845405960083,False,REGULAR,USD,2026-09-30,7451.7001953125,0.03625,call,1.0433860456290058,0.3123287671232876,140.95
SPXW260930C07780000,2026-06-05 18:05:36+00:00,7780.0,141.4,138.5,139.9,0.0,0.0,8.0,13.0,0.1600902625846862,False,REGULAR,USD,2026-09-30,7451.7001953125,0.03625,call,1.0440570334396997,0.3123287671232876,139.2
SPXW260930C07800000,2026-06-08 14:28:11+00:00,7800.0,127.37,130.5,131.3,10.660004,9.133754,2.0,1250.0,0.158293558139801,False,REGULAR,USD,2026-09-30,7451.7001953125,0.03625,call,1.0467409846824751,0.3123287671232876,130.9
SPXW260930C07810000,2026-06-05 15:38:29+00:00,7810.0,143.4,126.9,127.8,0.0,0.0,12.0,13.0,0.1578644089889526,False,REGULAR,USD,2026-09-30,7451.7001953125,0.03625,call,1.048082960303863,0.3123287671232876,127.35
SPXW260930C07820000,2026-06-04 15:08:33+00:00,7820.0,174.31,125.1,126.0,0.0,0.0,23.0,27.0,0.1585491403007507,False,REGULAR,USD,2026-09-30,7451.7001953125,0.03625,call,1.049424935925251,0.3123287671232876,125.55
SPXW260930C07825000,2026-06-05 17:36:46+00:00,7825.0,125.7,121.6,122.4,-3.4000092,-2.6336243,1.0,47.0,0.1570433036136627,False,REGULAR,USD,2026-09-30,7451.7001953125,0.03625,call,1.0500959237359448,0.3123287671232876,122.0
SPXW260930C07840000,2026-06-08 15:28:32+00:00,7840.0,118.75,116.3,117.3,12.400002,11.6596155,5.0,101.0,0.156334730682373,False,REGULAR,USD,2026-09-30,7451.7001953125,0.03625,call,1.0521088871680264,0.3123287671232876,116.8
SPXW260930C07850000,2026-06-04 13:57:43+00:00,7850.0,152.56,112.2,113.3,0.0,0.0,2.0,58.0,0.1553925098800659,False,REGULAR,USD,2026-09-30,7451.7001953125,0.03625,call,1.0534508627894144,0.3123287671232876,112.75
SPXW260930C07860000,2026-05-29 14:45:47+00:00,7860.0,165.11,109.5,110.4,0.0,0.0,2.0,2.0,0.1551750743103027,False,REGULAR,USD,2026-09-30,7451.7001953125,0.03625,call,1.054792838410802,0.3123287671232876,109.95
SPXW260930C07875000,2026-05-26 16:39:20+00:00,7875.0,146.36,104.6,105.3,0.0,0.0,52.0,36.0,0.1542423901557922,False,REGULAR,USD,2026-09-30,7451.7001953125,0.03625,call,1.0568058018428836,0.3123287671232876,104.95
SPXW260930C07880000,2026-05-29 17:22:02+00:00,7880.0,159.8,102.6,104.2,0.0,0.0,9.0,16.0,0.1543396639633178,False,REGULAR,USD,2026-09-30,7451.7001953125,0.03625,call,1.0574767896535775,0.3123287671232876,103.4
SPXW260930C07890000,2026-06-08 15:00:42+00:00,7890.0,103.3,99.9,100.6,-45.800003,-30.717642,2.0,13.0,0.1534966242980957,False,REGULAR,USD,2026-09-30,7451.7001953125,0.03625,call,1.0588187652749654,0.3123287671232876,100.25
SPXW260930C07900000,2026-06-05 19:55:32+00:00,7900.0,94.0,96.6,97.4,5.9000015,6.6969366,5.0,1958.0,0.1528977228164673,False,REGULAR,USD,2026-09-30,7451.7001953125,0.03625,call,1.0601607408963531,0.3123287671232876,97.0
SPXW260930C07925000,2026-06-08 15:28:32+00:00,7925.0,91.45,89.2,90.0,10.349998,12.762021,5.0,146.0,0.15164460729599,False,REGULAR,USD,2026-09-30,7451.7001953125,0.03625,call,1.0635156799498229,0.3123287671232876,89.6
SPXW260930C07950000,2026-06-05 18:29:56+00:00,7950.0,79.3,81.3,82.5,0.0,0.0,1.0,94.0,0.1500300528240204,False,REGULAR,USD,2026-09-30,7451.7001953125,0.03625,call,1.0668706190032922,0.3123287671232876,81.9
SPXW260930C07960000,2026-06-05 15:02:11+00:00,7960.0,97.0,79.4,80.5,0.0,0.0,4.0,6.0,0.1500863190460205,False,REGULAR,USD,2026-09-30,7451.7001953125,0.03625,call,1.06821259462468,0.3123287671232876,79.95
SPXW260930C07970000,2026-06-05 13:38:30+00:00,7970.0,101.1,78.3,79.0,0.0,0.0,1.0,4.0,0.1505059315490723,False,REGULAR,USD,2026-09-30,7451.7001953125,0.03625,call,1.0695545702460678,0.3123287671232876,78.65
SPXW260930C07975000,2026-06-08 15:29:28+00:00,7975.0,76.8,75.8,76.4,-16.899994,-18.03628,2.0,43.0,0.1492251597499847,False,REGULAR,USD,2026-09-30,7451.7001953125,0.03625,call,1.0702255580567617,0.3123287671232876,76.1
SPXW260930C07990000,2026-06-05 14:06:28+00:00,7990.0,88.49,72.3,73.2,0.0,0.0,1.0,4.0,0.1489934192085266,False,REGULAR,USD,2026-09-30,7451.7001953125,0.03625,call,1.0722385214888432,0.3123287671232876,72.75
SPXW260930C08000000,2026-06-08 15:04:54+00:00,8000.0,72.05,70.1,70.7,10.920002,17.863573,16.0,6954.0,0.1484860695457458,False,REGULAR,USD,2026-09-30,7451.7001953125,0.03625,call,1.0735804971102312,0.3123287671232876,70.4
SPXW260930C08010000,2026-06-05 13:40:25+00:00,8010.0,88.9,66.9,67.8,0.0,0.0,1.0,9.0,0.1475943929767608,False,REGULAR,USD,2026-09-30,7451.7001953125,0.03625,call,1.074922472731619,0.3123287671232876,67.35
SPXW260930C08025000,2026-06-08 15:04:54+00:00,8025.0,66.25,63.6,64.4,-2.550003,-3.7063997,1.0,102.0,0.1469640205574035,False,REGULAR,USD,2026-09-30,7451.7001953125,0.03625,call,1.076935436163701,0.3123287671232876,64.0
SPXW260930C08050000,2026-06-05 13:32:44+00:00,8050.0,59.18,59.2,59.8,-22.019997,-27.118225,2.0,709.0,0.1466359598731994,False,REGULAR,USD,2026-09-30,7451.7001953125,0.03625,call,1.08029037521717,0.3123287671232876,59.5
SPXW260930C08075000,2026-06-04 18:23:20+00:00,8075.0,92.4,52.9,54.7,0.0,0.0,2.0,58.0,0.1456002799224853,False,REGULAR,USD,2026-09-30,7451.7001953125,0.03625,call,1.0836453142706397,0.3123287671232876,53.8
SPXW260930C08100000,2026-06-08 14:59:04+00:00,8100.0,51.4,50.7,51.4,8.530003,19.89737,13.0,447.0,0.1460084484481811,False,REGULAR,USD,2026-09-30,7451.7001953125,0.03625,call,1.087000253324109,0.3123287671232876,51.05
SPXW260930C08125000,2026-06-02 16:40:24+00:00,8125.0,44.7,45.3,46.1,-41.350002,-48.053455,7.0,50.0,0.1442193733215331,False,REGULAR,USD,2026-09-30,7451.7001953125,0.03625,call,1.0903551923775785,0.3123287671232876,45.7
SPXW260930C08150000,2026-06-04 15:35:07+00:00,8150.0,67.4,41.5,42.6,0.0,0.0,7.0,20.0,0.1439561618423461,False,REGULAR,USD,2026-09-30,7451.7001953125,0.03625,call,1.093710131431048,0.3123287671232876,42.05
SPXW260930C08175000,2026-06-08 15:16:59+00:00,8175.0,39.7,38.6,39.1,8.200001,26.031748,1.0,2029.0,0.1434507195091247,False,REGULAR,USD,2026-09-30,7451.7001953125,0.03625,call,1.0970650704845175,0.3123287671232876,38.85
SPXW260930C08200000,2026-06-08 13:44:42+00:00,8200.0,34.36,34.5,35.2,4.5699997,15.340717,13.0,838.0,0.1422166772842407,False,REGULAR,USD,2026-09-30,7451.7001953125,0.03625,call,1.1004200095379868,0.3123287671232876,34.85
SPXW260930C08250000,2026-06-04 15:07:56+00:00,8250.0,46.39,28.2,28.9,0.0,0.0,1.0,61.0,0.1406107057952881,False,REGULAR,USD,2026-09-30,7451.7001953125,0.03625,call,1.1071298876449258,0.3123287671232876,28.55
SPXW260930C08275000,2026-06-08 14:58:53+00:00,8275.0,27.0,26.4,27.0,-1.7000008,-5.9233475,2.0,33.0,0.1410570209121704,False,REGULAR,USD,2026-09-30,7451.7001953125,0.03625,call,1.110484826698395,0.3123287671232876,26.7
SPXW260930C08300000,2026-06-05 19:04:21+00:00,8300.0,20.75,23.7,24.5,0.0,0.0,6.0,1793.0,0.1404733780670166,False,REGULAR,USD,2026-09-30,7451.7001953125,0.03625,call,1.1138397657518648,0.3123287671232876,24.1
SPXW260930C08325000,2026-06-08 13:30:03+00:00,8325.0,22.18,21.9,22.5,-1.4699993,-6.2156425,1.0,25.0,0.1403665676116943,False,REGULAR,USD,2026-09-30,7451.7001953125,0.03625,call,1.1171947048053343,0.3123287671232876,22.2
SPXW260930C08350000,2026-06-08 13:35:03+00:00,8350.0,19.28,19.9,20.5,-2.9299984,-13.192249,3.0,84.0,0.1400308776092529,False,REGULAR,USD,2026-09-30,7451.7001953125,0.03625,call,1.1205496438588036,0.3123287671232876,20.2
SPXW260930C08375000,2026-06-05 15:55:24+00:00,8375.0,20.53,18.0,18.5,0.0,0.0,4.0,7.0,0.1394434201049805,False,REGULAR,USD,2026-09-30,7451.7001953125,0.03625,call,1.1239045829122731,0.3123287671232876,18.25
SPXW260930C08400000,2026-06-05 19:41:27+00:00,8400.0,13.59,16.3,16.7,0.0,0.0,22.0,3291.0,0.1389284411239624,False,REGULAR,USD,2026-09-30,7451.7001953125,0.03625,call,1.1272595219657426,0.3123287671232876,16.5
SPXW260930C08425000,2026-06-08 13:35:03+00:00,8425.0,14.43,14.4,14.9,-2.9699993,-17.068962,3.0,2.0,0.1381273627090454,False,REGULAR,USD,2026-09-30,7451.7001953125,0.03625,call,1.130614461019212,0.3123287671232876,14.65
SPXW260930C08450000,2026-06-08 13:30:03+00:00,8450.0,13.78,13.5,14.0,2.33,20.349346,1.0,1032.0,0.1388826652145385,False,REGULAR,USD,2026-09-30,7451.7001953125,0.03625,call,1.1339694000726817,0.3123287671232876,13.75
SPXW260930C08475000,2026-06-05 15:58:05+00:00,8475.0,14.01,12.0,12.5,0.0,0.0,2.0,1.0,0.1381998412322998,False,REGULAR,USD,2026-09-30,7451.7001953125,0.03625,call,1.1373243391261512,0.3123287671232876,12.25
SPXW260930C08500000,2026-06-08 11:22:16+00:00,8500.0,11.5,10.7,11.2,1.8000002,18.556704,1.0,1046.0,0.1376734182739258,False,REGULAR,USD,2026-09-30,7451.7001953125,0.03625,call,1.1406792781796204,0.3123287671232876,10.95
SPXW260930C08550000,2026-06-05 15:58:05+00:00,8550.0,10.4,9.1,9.6,0.0,0.0,2.0,5.0,0.1384439794158935,False,REGULAR,USD,2026-09-30,7451.7001953125,0.03625,call,1.1473891562865597,0.3123287671232876,9.35
SPXW260930C08600000,2026-06-08 01:21:07+00:00,8600.0,6.4,7.5,7.9,-2.44,-27.601809,10.0,754.0,0.1382379878234863,False,REGULAR,USD,2026-09-30,7451.7001953125,0.03625,call,1.1540990343934985,0.3123287671232876,7.7
SPXW260930C08700000,2026-06-05 17:09:18+00:00,8700.0,5.3,5.2,5.5,0.0,0.0,85.0,940.0,0.1387110055541992,False,REGULAR,USD,2026-09-30,7451.7001953125,0.03625,call,1.1675187906073765,0.3123287671232876,5.35
SPXW260930C08800000,2026-06-08 13:52:17+00:00,8800.0,3.7,3.7,4.0,0.75,25.423729,1.0,1568.0,0.1402521278381348,False,REGULAR,USD,2026-09-30,7451.7001953125,0.03625,call,1.1809385468212543,0.3123287671232876,3.85
SPXW260930C08900000,2026-06-05 14:03:06+00:00,8900.0,3.3,2.7,3.1,0.0,0.0,110.0,182.0,0.1430444583129883,False,REGULAR,USD,2026-09-30,7451.7001953125,0.03625,call,1.194358303035132,0.3123287671232876,2.9000000000000004
SPXW260930C09000000,2026-06-05 18:21:22+00:00,9000.0,2.1,2.15,2.45,0.0,0.0,2.0,2022.0,0.1460656683349609,False,REGULAR,USD,2026-09-30,7451.7001953125,0.03625,call,1.20777805924901,0.3123287671232876,2.3
SPXW260930C09100000,2026-06-03 15:13:37+00:00,9100.0,2.8,1.75,2.05,0.0,0.0,1.0,5.0,0.1499871379089355,False,REGULAR,USD,2026-09-30,7451.7001953125,0.03625,call,1.221197815462888,0.3123287671232876,1.9
SPXW260930C09400000,2026-06-08 13:51:19+00:00,9400.0,0.95,1.05,1.25,-0.25000006,-20.833338,6.0,1.0,0.1614158566284179,False,REGULAR,USD,2026-09-30,7451.7001953125,0.03625,call,1.2614570841045216,0.3123287671232876,1.15
SPX261016C07380000,2026-05-29 18:11:28+00:00,7380.0,478.72,385.6,387.5,0.0,0.0,2.0,17.0,0.1975502151298523,True,REGULAR,USD,2026-10-16,7451.7001953125,0.03625,call,0.9903780085841882,0.3561643835616438,386.55
SPX261016C07400000,2026-06-08 13:58:40+00:00,7400.0,359.51,371.8,373.4,18.360016,5.3818016,9.0,5755.0,0.1952862149429321,True,REGULAR,USD,2026-10-16,7451.7001953125,0.03625,call,0.9930619598269638,0.3561643835616438,372.6
SPX261016C07410000,2026-06-03 16:56:02+00:00,7410.0,448.7,365.6,367.3,0.0,0.0,28.0,40.0,0.1946567961883545,True,REGULAR,USD,2026-10-16,7451.7001953125,0.03625,call,0.9944039354483516,0.3561643835616438,366.4500000000001
SPX261016C07420000,2026-06-04 16:51:01+00:00,7420.0,455.1,363.5,364.8,0.0,0.0,2.0,22.0,0.196033888130188,True,REGULAR,USD,2026-10-16,7451.7001953125,0.03625,call,0.9957459110697392,0.3561643835616438,364.15
SPX261016C07425000,2026-06-02 13:39:09+00:00,7425.0,455.82,354.4,356.2,0.0,0.0,1.0,465.0,0.1925673166561126,True,REGULAR,USD,2026-10-16,7451.7001953125,0.03625,call,0.9964168988804332,0.3561643835616438,355.29999999999995
SPX261016C07430000,2026-06-05 20:02:59+00:00,7430.0,315.33,350.5,352.2,0.0,0.0,15.0,29.0,0.1916908987236023,True,REGULAR,USD,2026-10-16,7451.7001953125,0.03625,call,0.9970878866911272,0.3561643835616438,351.35
SPX261016C07440000,2026-06-03 15:44:34+00:00,7440.0,433.2,346.0,347.5,0.0,0.0,9.0,24.0,0.1917767285537719,True,REGULAR,USD,2026-10-16,7451.7001953125,0.03625,call,0.998429862312515,0.3561643835616438,346.75
SPXW261016C07450000,2026-06-08 12:20:05+00:00,7450.0,340.6,340.8,341.7,-66.5,-16.335052,7.0,4.0,0.1912178809928894,True,REGULAR,USD,2026-10-16,7451.7001953125,0.03625,call,0.9997718379339028,0.3561643835616438,341.25
SPX261016C07460000,2026-06-03 13:50:24+00:00,7460.0,418.5,333.7,335.4,0.0,0.0,9.0,64.0,0.190352907037735,False,REGULAR,USD,2026-10-16,7451.7001953125,0.03625,call,1.0011138135552906,0.3561643835616438,334.54999999999995
SPX261016C07470000,2026-06-05 16:27:16+00:00,7470.0,346.0,327.2,328.7,0.0,0.0,1.0,80.0,0.1892380729103088,False,REGULAR,USD,2026-10-16,7451.7001953125,0.03625,call,1.0024557891766783,0.3561643835616438,327.95
SPX261016C07480000,2026-06-05 20:02:59+00:00,7480.0,285.43,321.0,322.6,0.0,0.0,16.0,41.0,0.1884341335010528,False,REGULAR,USD,2026-10-16,7451.7001953125,0.03625,call,1.003797764798066,0.3561643835616438,321.8
SPX261016C07490000,2026-06-04 16:46:52+00:00,7490.0,405.5,314.8,316.4,0.0,0.0,1.0,13.0,0.1875481789207458,False,REGULAR,USD,2026-10-16,7451.7001953125,0.03625,call,1.005139740419454,0.3561643835616438,315.6
SPXW261016C07500000,2026-06-03 15:38:20+00:00,7500.0,392.69,312.0,313.1,0.0,0.0,1.0,26.0,0.1882653348350524,False,REGULAR,USD,2026-10-16,7451.7001953125,0.03625,call,1.0064817160408417,0.3561643835616438,312.55
SPX261016C07510000,2026-06-05 19:25:49+00:00,7510.0,279.58,302.4,303.8,0.0,0.0,5.0,21.0,0.1855864904689788,False,REGULAR,USD,2026-10-16,7451.7001953125,0.03625,call,1.0078236916622294,0.3561643835616438,303.1
SPX261016C07520000,2026-06-04 13:50:57+00:00,7520.0,356.9,296.6,298.2,0.0,0.0,3.0,11.0,0.1849580253791808,False,REGULAR,USD,2026-10-16,7451.7001953125,0.03625,call,1.0091656672836171,0.3561643835616438,297.4
SPXW261016C07525000,2026-06-08 12:20:05+00:00,7525.0,294.3,297.5,298.5,19.5,7.0960703,8.0,32.0,0.1863751712417602,False,REGULAR,USD,2026-10-16,7451.7001953125,0.03625,call,1.0098366550943112,0.3561643835616438,298.0
SPX261016C07530000,2026-06-08 14:24:42+00:00,7530.0,284.3,290.2,291.7,-114.350006,-28.684313,3.0,22.0,0.1837964616775512,False,REGULAR,USD,2026-10-16,7451.7001953125,0.03625,call,1.010507642905005,0.3561643835616438,290.95
SPX261016C07540000,2026-06-08 14:24:43+00:00,7540.0,278.7,283.1,284.8,-86.599976,-23.706537,5.0,28.0,0.1823831304740905,False,REGULAR,USD,2026-10-16,7451.7001953125,0.03625,call,1.0118496185263928,0.3561643835616438,283.95000000000005
SPX261016C07550000,2026-06-08 14:38:43+00:00,7550.0,276.7,281.5,283.0,20.700012,8.085942,5.0,788.0,0.1838098129844665,False,REGULAR,USD,2026-10-16,7451.7001953125,0.03625,call,1.0131915941477807,0.3561643835616438,282.25
SPX261016C07560000,2026-05-29 17:09:02+00:00,7560.0,360.7,273.1,274.5,0.0,0.0,2.0,36.0,0.1814390023422241,False,REGULAR,USD,2026-10-16,7451.7001953125,0.03625,call,1.0145335697691684,0.3561643835616438,273.8
SPX261016C07570000,2026-06-02 17:18:04+00:00,7570.0,371.69,267.4,269.0,0.0,0.0,2.0,37.0,0.1807275684165954,False,REGULAR,USD,2026-10-16,7451.7001953125,0.03625,call,1.015875545390556,0.3561643835616438,268.2
SPX261016C07575000,2026-06-05 19:10:54+00:00,7575.0,244.1,267.7,269.0,0.0,0.0,76.0,453.0,0.1819129737377166,False,REGULAR,USD,2026-10-16,7451.7001953125,0.03625,call,1.01654653320125,0.3561643835616438,268.35
SPX261016C07580000,2026-05-29 14:19:00+00:00,7580.0,254.2,261.8,263.3,-98.59999,-27.947844,1.0,336.0,0.1798759457683563,False,REGULAR,USD,2026-10-16,7451.7001953125,0.03625,call,1.017217521011944,0.3561643835616438,262.55
SPX261016C07590000,2026-06-02 17:18:04+00:00,7590.0,358.66,256.0,257.4,0.0,0.0,2.0,22.0,0.1788812734031677,False,REGULAR,USD,2026-10-16,7451.7001953125,0.03625,call,1.0185594966333318,0.3561643835616438,256.7
SPX261016C07600000,2026-06-05 20:01:16+00:00,7600.0,225.65,250.6,252.0,0.0,0.0,162.0,4043.0,0.1781393222045898,False,REGULAR,USD,2026-10-16,7451.7001953125,0.03625,call,1.0199014722547195,0.3561643835616438,251.3
SPX261016C07610000,2026-06-08 14:15:07+00:00,7610.0,237.1,244.1,245.8,-0.22999573,-0.09690967,1.0,575.0,0.1769148166275024,False,REGULAR,USD,2026-10-16,7451.7001953125,0.03625,call,1.0212434478761074,0.3561643835616438,244.95
SPX261016C07620000,2026-06-08 14:14:51+00:00,7620.0,232.4,239.8,241.1,-85.49002,-26.892956,4.0,15.0,0.1765104627609253,False,REGULAR,USD,2026-10-16,7451.7001953125,0.03625,call,1.0225854234974951,0.3561643835616438,240.45
SPX261016C07625000,2026-06-01 19:04:01+00:00,7625.0,337.02,236.1,237.8,0.0,0.0,2.0,576.0,0.1757570675849914,False,REGULAR,USD,2026-10-16,7451.7001953125,0.03625,call,1.023256411308189,0.3561643835616438,236.95
SPX261016C07630000,2026-05-22 18:17:52+00:00,7630.0,275.66,237.8,239.1,0.0,0.0,10.0,16.0,0.1776148065757751,False,REGULAR,USD,2026-10-16,7451.7001953125,0.03625,call,1.0239273991188829,0.3561643835616438,238.45
SPX261016C07640000,2026-06-04 14:02:06+00:00,7640.0,286.4,229.6,231.1,0.0,0.0,2.0,77.0,0.1752726058769226,False,REGULAR,USD,2026-10-16,7451.7001953125,0.03625,call,1.0252693747402708,0.3561643835616438,230.35
SPXW261016C07650000,2026-06-05 18:43:25+00:00,7650.0,216.02,227.4,228.6,0.0,0.0,5.0,56.0,0.176038398694992,False,REGULAR,USD,2026-10-16,7451.7001953125,0.03625,call,1.0266113503616583,0.3561643835616438,228.0
SPX261016C07660000,2026-06-05 14:48:05+00:00,7660.0,251.38,218.0,219.7,0.0,0.0,300.0,473.0,0.173108740491867,False,REGULAR,USD,2026-10-16,7451.7001953125,0.03625,call,1.0279533259830462,0.3561643835616438,218.85
SPX261016C07670000,2026-05-28 18:14:17+00:00,7670.0,287.68,217.0,218.3,0.0,0.0,1.0,28.0,0.1744524541664124,False,REGULAR,USD,2026-10-16,7451.7001953125,0.03625,call,1.0292953016044342,0.3561643835616438,217.65
SPXW261016C07675000,2026-06-05 18:43:25+00:00,7675.0,203.68,211.8,213.0,0.0,0.0,7.0,52.0,0.1724650167655945,False,REGULAR,USD,2026-10-16,7451.7001953125,0.03625,call,1.029966289415128,0.3561643835616438,212.4
SPX261016C07680000,2026-06-01 16:36:19+00:00,7680.0,288.2,209.9,211.4,0.0,0.0,2.0,2.0,0.1726013908290863,False,REGULAR,USD,2026-10-16,7451.7001953125,0.03625,call,1.030637277225822,0.3561643835616438,210.65
SPX261016C07690000,2026-06-01 15:49:25+00:00,7690.0,281.0,206.4,207.7,0.0,0.0,2.0,23.0,0.1725651515674591,False,REGULAR,USD,2026-10-16,7451.7001953125,0.03625,call,1.0319792528472096,0.3561643835616438,207.05
SPXW261016C07700000,2026-06-05 18:53:05+00:00,7700.0,188.0,202.2,203.4,0.0,0.0,51.0,212.0,0.172152214717865,False,REGULAR,USD,2026-10-16,7451.7001953125,0.03625,call,1.0333212284685975,0.3561643835616438,202.8
SPX261016C07710000,2026-06-05 18:53:05+00:00,7710.0,182.7,194.1,195.6,0.0,0.0,50.0,135.0,0.1696650569725036,False,REGULAR,USD,2026-10-16,7451.7001953125,0.03625,call,1.0346632040899852,0.3561643835616438,194.85
SPX261016C07720000,2026-06-02 15:42:05+00:00,7720.0,281.8,189.8,191.2,0.0,0.0,3.0,32.0,0.1691243290424347,False,REGULAR,USD,2026-10-16,7451.7001953125,0.03625,call,1.036005179711373,0.3561643835616438,190.5
SPXW261016C07725000,2026-06-04 15:23:32+00:00,7725.0,252.56,187.2,189.0,0.0,0.0,42.0,155.0,0.1688420442676544,False,REGULAR,USD,2026-10-16,7451.7001953125,0.03625,call,1.0366761675220668,0.3561643835616438,188.1
SPX261016C07730000,2026-06-05 13:49:31+00:00,7730.0,217.16,185.3,186.7,0.0,0.0,14.0,128.0,0.1684920492935181,False,REGULAR,USD,2026-10-16,7451.7001953125,0.03625,call,1.037347155332761,0.3561643835616438,186.0
SPX261016C07740000,2026-06-03 15:41:48+00:00,7740.0,245.2,180.2,181.6,0.0,0.0,1.0,29.0,0.1674716279792786,False,REGULAR,USD,2026-10-16,7451.7001953125,0.03625,call,1.0386891309541486,0.3561643835616438,180.9
SPX261016C07750000,2026-06-08 14:50:26+00:00,7750.0,176.1,175.1,176.5,15.810013,9.86338,2.0,2398.0,0.1664149674034118,False,REGULAR,USD,2026-10-16,7451.7001953125,0.03625,call,1.0400311065755363,0.3561643835616438,175.8
SPX261016C07760000,2026-06-05 16:44:15+00:00,7760.0,179.03,173.9,175.3,0.0,0.0,1.0,31.0,0.1676509169578552,False,REGULAR,USD,2026-10-16,7451.7001953125,0.03625,call,1.0413730821969245,0.3561643835616438,174.60000000000002
SPX261016C07770000,2026-06-04 19:21:31+00:00,7770.0,240.8,167.5,169.2,0.0,0.0,1.0,85.0,0.165927644701004,False,REGULAR,USD,2026-10-16,7451.7001953125,0.03625,call,1.042715057818312,0.3561643835616438,168.35
SPX261016C07775000,2026-06-05 19:59:46+00:00,7775.0,149.53,167.5,168.9,0.0,0.0,6.0,588.0,0.1667058351612091,False,REGULAR,USD,2026-10-16,7451.7001953125,0.03625,call,1.0433860456290058,0.3561643835616438,168.2
SPX261016C07780000,2026-06-05 18:49:42+00:00,7780.0,155.02,165.3,166.7,0.0,0.0,1.0,35.0,0.1663339058971405,False,REGULAR,USD,2026-10-16,7451.7001953125,0.03625,call,1.0440570334396997,0.3561643835616438,166.0
SPX261016C07800000,2026-06-08 14:50:11+00:00,7800.0,155.9,154.7,156.1,5.099991,3.3819568,1.0,11307.0,0.1636531542015076,False,REGULAR,USD,2026-10-16,7451.7001953125,0.03625,call,1.0467409846824751,0.3561643835616438,155.39999999999998
SPX261016C07810000,2026-06-05 13:58:37+00:00,7810.0,178.01,150.0,151.7,0.0,0.0,30.0,43.0,0.1628005778884887,False,REGULAR,USD,2026-10-16,7451.7001953125,0.03625,call,1.048082960303863,0.3561643835616438,150.85
SPX261016C07825000,2026-06-05 17:30:25+00:00,7825.0,153.13,147.0,148.4,0.0,0.0,4.0,1116.0,0.1634986605072021,False,REGULAR,USD,2026-10-16,7451.7001953125,0.03625,call,1.0500959237359448,0.3561643835616438,147.7
SPX261016C07840000,2026-05-29 14:31:53+00:00,7840.0,208.91,141.3,142.6,0.0,0.0,1.0,1.0,0.1625802813243866,False,REGULAR,USD,2026-10-16,7451.7001953125,0.03625,call,1.0521088871680264,0.3561643835616438,141.95
SPXW261016C07850000,2026-06-03 19:37:05+00:00,7850.0,191.5,136.6,138.0,0.0,0.0,5.0,6.0,0.1614587715435028,False,REGULAR,USD,2026-10-16,7451.7001953125,0.03625,call,1.0534508627894144,0.3561643835616438,137.3
SPX261016C07860000,2026-06-05 15:51:23+00:00,7860.0,147.4,134.0,135.3,0.0,0.0,1.0,2.0,0.1615035937881469,False,REGULAR,USD,2026-10-16,7451.7001953125,0.03625,call,1.054792838410802,0.3561643835616438,134.65
SPXW261016C07875000,2026-06-04 13:46:43+00:00,7875.0,166.8,128.1,129.0,0.0,0.0,6.0,10.0,0.1600692819595336,False,REGULAR,USD,2026-10-16,7451.7001953125,0.03625,call,1.0568058018428836,0.3561643835616438,128.55
SPX261016C07900000,2026-06-08 15:01:22+00:00,7900.0,122.9,120.5,121.5,13.739998,12.587026,3.0,5629.0,0.159434141216278,False,REGULAR,USD,2026-10-16,7451.7001953125,0.03625,call,1.0601607408963531,0.3561643835616438,121.0
SPX261016C07910000,2026-06-08 14:56:11+00:00,7910.0,116.0,116.6,117.8,-49.0,-29.69697,5.0,32.0,0.158658811750412,False,REGULAR,USD,2026-10-16,7451.7001953125,0.03625,call,1.061502716517741,0.3561643835616438,117.2
SPX261016C07925000,2026-06-05 19:22:44+00:00,7925.0,97.39,110.2,111.5,0.0,0.0,22.0,262.0,0.1569107442092895,False,REGULAR,USD,2026-10-16,7451.7001953125,0.03625,call,1.0635156799498229,0.3561643835616438,110.85
SPX261016C07930000,2026-06-01 15:09:41+00:00,7930.0,158.82,110.1,111.3,0.0,0.0,1.0,3.0,0.1575907071971893,False,REGULAR,USD,2026-10-16,7451.7001953125,0.03625,call,1.0641866677605163,0.3561643835616438,110.7
SPX261016C07940000,2026-06-05 18:36:30+00:00,7940.0,101.46,105.4,106.5,0.0,0.0,1.0,4.0,0.1559399134635925,False,REGULAR,USD,2026-10-16,7451.7001953125,0.03625,call,1.0655286433819045,0.3561643835616438,105.95
SPX261016C07950000,2026-06-08 15:04:58+00:00,7950.0,106.05,103.1,104.3,11.900002,12.639406,275.0,2480.0,0.1560238359642028,False,REGULAR,USD,2026-10-16,7451.7001953125,0.03625,call,1.0668706190032922,0.3561643835616438,103.7
SPX261016C07970000,2026-06-02 16:41:40+00:00,7970.0,159.21,96.5,97.7,0.0,0.0,2.0,3.0,0.1545609141921997,False,REGULAR,USD,2026-10-16,7451.7001953125,0.03625,call,1.0695545702460678,0.3561643835616438,97.1
SPX261016C07975000,2026-06-08 14:56:47+00:00,7975.0,96.33,94.5,95.8,6.5699997,7.3195186,5.0,1754.0,0.1539906226539611,False,REGULAR,USD,2026-10-16,7451.7001953125,0.03625,call,1.0702255580567617,0.3561643835616438,95.15
SPX261016C07980000,2026-06-05 19:28:12+00:00,7980.0,85.07,95.7,96.8,0.0,0.0,4.0,8.0,0.1554754787158966,False,REGULAR,USD,2026-10-16,7451.7001953125,0.03625,call,1.0708965458674555,0.3561643835616438,96.25
SPXW261016C08000000,2026-06-05 19:48:29+00:00,8000.0,82.5,88.3,89.3,0.0,0.0,1.0,341.0,0.1531266023635865,False,REGULAR,USD,2026-10-16,7451.7001953125,0.03625,call,1.0735804971102312,0.3561643835616438,88.8
SPXW261016C08025000,2026-06-04 19:58:58+00:00,8025.0,128.86,84.6,85.3,0.0,0.0,6.0,13.0,0.1539086074829102,False,REGULAR,USD,2026-10-16,7451.7001953125,0.03625,call,1.076935436163701,0.3561643835616438,84.94999999999999
SPX261016C08030000,2026-06-05 14:26:58+00:00,8030.0,98.22,82.2,83.2,0.0,0.0,10.0,10.0,0.1530693824768066,False,REGULAR,USD,2026-10-16,7451.7001953125,0.03625,call,1.0776064239743943,0.3561643835616438,82.7
SPX261016C08050000,2026-06-05 19:18:31+00:00,8050.0,65.33,77.6,78.7,0.0,0.0,1.0,124.0,0.1525505888366699,False,REGULAR,USD,2026-10-16,7451.7001953125,0.03625,call,1.08029037521717,0.3561643835616438,78.15
SPX261016C08075000,2026-06-05 18:41:15+00:00,8075.0,66.88,71.5,72.5,0.0,0.0,4.0,158.0,0.1512459754180908,False,REGULAR,USD,2026-10-16,7451.7001953125,0.03625,call,1.0836453142706397,0.3561643835616438,72.0
SPXW261016C08100000,2026-06-04 19:42:02+00:00,8100.0,107.6,66.0,66.6,0.0,0.0,12.0,60.0,0.1499184740447998,False,REGULAR,USD,2026-10-16,7451.7001953125,0.03625,call,1.087000253324109,0.3561643835616438,66.3
SPXW261016C08125000,2026-06-05 18:22:04+00:00,8125.0,59.9,60.3,61.5,0.0,0.0,15.0,39.0,0.1490029558563232,False,REGULAR,USD,2026-10-16,7451.7001953125,0.03625,call,1.0903551923775785,0.3561643835616438,60.9
SPXW261016C08150000,2026-06-05 18:21:06+00:00,8150.0,55.0,57.1,57.8,0.0,0.0,15.0,30.0,0.1490830636978149,False,REGULAR,USD,2026-10-16,7451.7001953125,0.03625,call,1.093710131431048,0.3561643835616438,57.45
SPX261016C08175000,2026-06-04 16:46:46+00:00,8175.0,82.5,52.2,53.1,0.0,0.0,15.0,24.0,0.1480664570426941,False,REGULAR,USD,2026-10-16,7451.7001953125,0.03625,call,1.0970650704845175,0.3561643835616438,52.650000000000006
SPX261016C08200000,2026-06-08 15:01:40+00:00,8200.0,49.4,46.6,47.7,12.780003,34.89897,102.0,1803.0,0.1461076295852661,False,REGULAR,USD,2026-10-16,7451.7001953125,0.03625,call,1.1004200095379868,0.3561643835616438,47.150000000000006
SPX261016C08225000,2026-06-03 18:40:28+00:00,8225.0,70.55,44.1,45.0,0.0,0.0,133.0,272.0,0.1465234274291992,False,REGULAR,USD,2026-10-16,7451.7001953125,0.03625,call,1.1037749485914563,0.3561643835616438,44.55
SPXW261016C08250000,2026-06-05 14:52:24+00:00,8250.0,50.3,40.7,41.4,0.0,0.0,17.0,23.0,0.1458444181060791,False,REGULAR,USD,2026-10-16,7451.7001953125,0.03625,call,1.1071298876449258,0.3561643835616438,41.05
SPX261016C08275000,2026-06-04 17:29:20+00:00,8275.0,61.95,36.0,37.0,0.0,0.0,2.0,503.0,0.1440381770133972,False,REGULAR,USD,2026-10-16,7451.7001953125,0.03625,call,1.110484826698395,0.3561643835616438,36.5
SPX261016C08300000,2026-06-05 20:14:54+00:00,8300.0,25.72,33.6,34.4,0.0,0.0,7.0,678.0,0.1439637911605834,False,REGULAR,USD,2026-10-16,7451.7001953125,0.03625,call,1.1138397657518648,0.3561643835616438,34.0
SPX261016C08325000,2026-06-05 20:09:30+00:00,8325.0,24.4,31.2,32.0,0.0,0.0,1.0,101.0,0.1439409032058715,False,REGULAR,USD,2026-10-16,7451.7001953125,0.03625,call,1.1171947048053343,0.3561643835616438,31.6
SPX261016C08350000,2026-06-05 19:42:47+00:00,8350.0,24.28,28.3,28.9,0.0,0.0,1.0,607.0,0.1428403740501403,False,REGULAR,USD,2026-10-16,7451.7001953125,0.03625,call,1.1205496438588036,0.3561643835616438,28.6
SPX261016C08400000,2026-06-08 14:09:32+00:00,8400.0,22.9,23.7,24.3,4.199999,22.459887,19.0,6433.0,0.1419820757484436,False,REGULAR,USD,2026-10-16,7451.7001953125,0.03625,call,1.1272595219657426,0.3561643835616438,24.0
SPX261016C08450000,2026-06-05 18:49:42+00:00,8450.0,17.9,19.7,20.4,0.0,0.0,2.0,15.0,0.1412668271636963,False,REGULAR,USD,2026-10-16,7451.7001953125,0.03625,call,1.1339694000726817,0.3561643835616438,20.05
SPX261016C08475000,2026-06-08 14:52:25+00:00,8475.0,18.5,18.3,19.0,-14.93,-44.660484,43.0,117.0,0.1414880773925781,False,REGULAR,USD,2026-10-16,7451.7001953125,0.03625,call,1.1373243391261512,0.3561643835616438,18.65
SPXW261016C08500000,2026-06-08 14:57:32+00:00,8500.0,17.2,17.1,17.6,-4.299999,-19.999998,2.0,107.0,0.1415529265975952,False,REGULAR,USD,2026-10-16,7451.7001953125,0.03625,call,1.1406792781796204,0.3561643835616438,17.35
SPX261016C08525000,2026-06-05 16:51:50+00:00,8525.0,16.1,15.3,15.9,0.0,0.0,2.0,6.0,0.1408891759109497,False,REGULAR,USD,2026-10-16,7451.7001953125,0.03625,call,1.14403421723309,0.3561643835616438,15.6
SPX261016C08600000,2026-06-05 18:41:15+00:00,8600.0,11.38,11.4,12.0,0.77999973,7.3584876,2.0,4731.0,0.1398668472671508,False,REGULAR,USD,2026-10-16,7451.7001953125,0.03625,call,1.1540990343934985,0.3561643835616438,11.7
SPXW261016C08700000,2026-06-02 15:29:53+00:00,8700.0,18.7,8.3,8.7,0.0,0.0,4.0,33.0,0.1402979037475585,False,REGULAR,USD,2026-10-16,7451.7001953125,0.03625,call,1.1675187906073765,0.3561643835616438,8.5
SPX261016C08800000,2026-06-05 19:21:07+00:00,8800.0,4.8,5.8,6.3,0.0,0.0,3.0,1686.0,0.1408777319335937,False,REGULAR,USD,2026-10-16,7451.7001953125,0.03625,call,1.1809385468212543,0.3561643835616438,6.05
SPXW261016C08900000,2026-06-05 20:10:42+00:00,8900.0,3.53,4.3,4.7,0.0,0.0,5.0,22.0,0.1422204919433593,False,REGULAR,USD,2026-10-16,7451.7001953125,0.03625,call,1.194358303035132,0.3561643835616438,4.5
SPXW261016C09000000,2026-06-08 15:12:32+00:00,9000.0,3.5,3.2,3.5,0.77,28.205128,12.0,27.0,0.1435327346801758,False,REGULAR,USD,2026-10-16,7451.7001953125,0.03625,call,1.20777805924901,0.3561643835616438,3.35
SPX261016C09100000,2026-06-04 15:26:59+00:00,9100.0,3.95,2.5,2.8,0.0,0.0,2.0,205.0,0.146218254699707,False,REGULAR,USD,2026-10-16,7451.7001953125,0.03625,call,1.221197815462888,0.3561643835616438,2.65
SPXW261016C09200000,2026-05-28 14:10:36+00:00,9200.0,3.66,2.05,2.3,0.0,0.0,7.0,55.0,0.1492699819946289,False,REGULAR,USD,2026-10-16,7451.7001953125,0.03625,call,1.2346175716767658,0.3561643835616438,2.175
SPX261016C09400000,2026-06-04 19:58:43+00:00,9400.0,2.0,1.35,1.65,0.0,0.0,2.0,184.0,0.1560448165893554,False,REGULAR,USD,2026-10-16,7451.7001953125,0.03625,call,1.2614570841045216,0.3561643835616438,1.5
SPXW261030C07380000,2026-06-01 17:07:34+00:00,7380.0,516.37,411.6,413.4,0.0,0.0,4.0,31.0,0.2017234522056579,True,REGULAR,USD,2026-10-30,7451.7001953125,0.03625,call,0.9903780085841882,0.3945205479452054,412.5
SPXW261030C07390000,2026-05-28 17:30:28+00:00,7390.0,494.68,407.1,409.6,0.0,0.0,1.0,19.0,0.2023872028923034,True,REGULAR,USD,2026-10-30,7451.7001953125,0.03625,call,0.991719984205576,0.3945205479452054,408.35
SPXW261030C07400000,2026-06-08 10:46:19+00:00,7400.0,385.31,399.0,400.5,31.790009,8.992422,1.0,164.0,0.2001766079330444,True,REGULAR,USD,2026-10-30,7451.7001953125,0.03625,call,0.9930619598269638,0.3945205479452054,399.75
SPXW261030C07410000,2026-05-19 15:42:14+00:00,7410.0,357.7,393.6,395.3,0.0,0.0,4.0,5.0,0.2000430948638915,True,REGULAR,USD,2026-10-30,7451.7001953125,0.03625,call,0.9944039354483516,0.3945205479452054,394.4500000000001
SPXW261030C07420000,2026-05-18 18:43:47+00:00,7420.0,359.8,387.0,388.7,0.0,0.0,9.0,27.0,0.1991361596584319,True,REGULAR,USD,2026-10-30,7451.7001953125,0.03625,call,0.9957459110697392,0.3945205479452054,387.85
SPXW261030C07425000,2026-05-28 17:05:53+00:00,7425.0,472.48,382.1,383.8,0.0,0.0,2.0,44.0,0.1978172412681579,True,REGULAR,USD,2026-10-30,7451.7001953125,0.03625,call,0.9964168988804332,0.3945205479452054,382.9500000000001
SPXW261030C07430000,2026-06-03 14:15:26+00:00,7430.0,476.81,379.4,380.6,0.0,0.0,1.0,42.0,0.1974052580833435,True,REGULAR,USD,2026-10-30,7451.7001953125,0.03625,call,0.9970878866911272,0.3945205479452054,380.0
SPXW261030C07440000,2026-05-20 15:31:26+00:00,7440.0,376.83,376.4,377.4,0.0,0.0,1.0,2.0,0.1982769076919555,True,REGULAR,USD,2026-10-30,7451.7001953125,0.03625,call,0.998429862312515,0.3945205479452054,376.9
SPXW261030C07450000,2026-06-05 19:33:41+00:00,7450.0,343.77,367.2,369.9,0.0,0.0,8.0,20.0,0.196823522567749,True,REGULAR,USD,2026-10-30,7451.7001953125,0.03625,call,0.9997718379339028,0.3945205479452054,368.55
SPXW261030C07460000,2026-06-08 14:09:48+00:00,7460.0,363.2,360.3,361.8,-8.299988,-2.2341824,5.0,222.0,0.1950296791172027,False,REGULAR,USD,2026-10-30,7451.7001953125,0.03625,call,1.0011138135552906,0.3945205479452054,361.05
SPXW261030C07475000,2026-06-05 19:33:41+00:00,7475.0,328.52,351.0,352.2,0.0,0.0,9.0,47.0,0.1936611701583862,False,REGULAR,USD,2026-10-30,7451.7001953125,0.03625,call,1.0031267769873722,0.3945205479452054,351.6
SPXW261030C07480000,2026-05-29 17:37:40+00:00,7480.0,437.65,351.6,352.6,0.0,0.0,1.0,10.0,0.1951155089473724,False,REGULAR,USD,2026-10-30,7451.7001953125,0.03625,call,1.003797764798066,0.3945205479452054,352.1
SPXW261030C07500000,2026-06-05 16:33:53+00:00,7500.0,347.4,337.2,338.7,0.0,0.0,15.0,67.0,0.1926006949234008,False,REGULAR,USD,2026-10-30,7451.7001953125,0.03625,call,1.0064817160408417,0.3945205479452054,337.95
SPXW261030C07510000,2026-05-22 15:36:21+00:00,7510.0,377.04,329.2,330.5,0.0,0.0,1.0,5.0,0.1906418674659729,False,REGULAR,USD,2026-10-30,7451.7001953125,0.03625,call,1.0078236916622294,0.3945205479452054,329.85
SPXW261030C07520000,2026-05-29 15:40:31+00:00,7520.0,417.67,325.8,327.0,0.0,0.0,10.0,10.0,0.1911673367595672,False,REGULAR,USD,2026-10-30,7451.7001953125,0.03625,call,1.0091656672836171,0.3945205479452054,326.4
SPXW261030C07525000,2026-06-04 13:47:24+00:00,7525.0,381.79,321.4,322.7,0.0,0.0,4.0,42.0,0.1900601319503784,False,REGULAR,USD,2026-10-30,7451.7001953125,0.03625,call,1.0098366550943112,0.3945205479452054,322.04999999999995
SPXW261030C07530000,2026-06-05 20:01:06+00:00,7530.0,289.6,315.0,316.4,0.0,0.0,7.0,10.0,0.1878800542640686,False,REGULAR,USD,2026-10-30,7451.7001953125,0.03625,call,1.010507642905005,0.3945205479452054,315.7
SPXW261030C07550000,2026-06-05 17:32:23+00:00,7550.0,314.95,306.3,307.8,0.0,0.0,7.0,72.0,0.1879592084407806,False,REGULAR,USD,2026-10-30,7451.7001953125,0.03625,call,1.0131915941477807,0.3945205479452054,307.05
SPXW261030C07560000,2026-06-04 16:06:13+00:00,7560.0,378.32,299.1,300.9,0.0,0.0,2.0,16.0,0.1865735335159302,False,REGULAR,USD,2026-10-30,7451.7001953125,0.03625,call,1.0145335697691684,0.3945205479452054,300.0
SPXW261030C07570000,2026-06-03 15:16:40+00:00,7570.0,376.96,293.0,294.5,0.0,0.0,5.0,9.0,0.1854300894451141,False,REGULAR,USD,2026-10-30,7451.7001953125,0.03625,call,1.015875545390556,0.3945205479452054,293.75
SPXW261030C07575000,2026-06-03 12:49:40+00:00,7575.0,388.16,290.6,292.3,0.0,0.0,6.0,61.0,0.1853833598709106,False,REGULAR,USD,2026-10-30,7451.7001953125,0.03625,call,1.01654653320125,0.3945205479452054,291.45000000000005
SPXW261030C07590000,2026-06-08 15:14:51+00:00,7590.0,289.33,282.9,284.3,-75.32001,-20.655426,4.0,7.0,0.1844583050346374,False,REGULAR,USD,2026-10-30,7451.7001953125,0.03625,call,1.0185594966333318,0.3945205479452054,283.6
SPXW261030C07600000,2026-06-05 19:57:42+00:00,7600.0,258.5,276.1,277.4,0.0,0.0,39.0,117.0,0.1829686806488037,False,REGULAR,USD,2026-10-30,7451.7001953125,0.03625,call,1.0199014722547195,0.3945205479452054,276.75
SPXW261030C07610000,2026-06-05 20:14:27+00:00,7610.0,235.0,271.6,273.0,0.0,0.0,35.0,46.0,0.1827960673236847,False,REGULAR,USD,2026-10-30,7451.7001953125,0.03625,call,1.0212434478761074,0.3945205479452054,272.3
SPXW261030C07620000,2026-06-01 13:45:26+00:00,7620.0,344.78,265.6,266.8,0.0,0.0,12.0,40.0,0.1816297352981567,False,REGULAR,USD,2026-10-30,7451.7001953125,0.03625,call,1.0225854234974951,0.3945205479452054,266.20000000000005
SPXW261030C07625000,2026-06-05 19:57:42+00:00,7625.0,245.46,262.3,265.0,0.0,0.0,10.0,53.0,0.181736545753479,False,REGULAR,USD,2026-10-30,7451.7001953125,0.03625,call,1.023256411308189,0.3945205479452054,263.65
SPXW261030C07630000,2026-06-03 16:26:18+00:00,7630.0,328.28,260.1,261.3,0.0,0.0,11.0,30.0,0.1808133982467651,False,REGULAR,USD,2026-10-30,7451.7001953125,0.03625,call,1.0239273991188829,0.3945205479452054,260.70000000000005
SPXW261030C07640000,2026-06-03 14:11:36+00:00,7640.0,336.8,254.9,256.3,0.0,0.0,1.0,4.0,0.1802392920494079,False,REGULAR,USD,2026-10-30,7451.7001953125,0.03625,call,1.0252693747402708,0.3945205479452054,255.6
SPXW261030C07650000,2026-06-05 19:41:22+00:00,7650.0,230.71,249.1,250.7,0.0,0.0,85.0,123.0,0.1793151908779144,False,REGULAR,USD,2026-10-30,7451.7001953125,0.03625,call,1.0266113503616583,0.3945205479452054,249.9
SPXW261030C07660000,2026-06-05 18:20:43+00:00,7660.0,241.16,244.7,245.8,0.0,0.0,75.0,22.0,0.1787420383453369,False,REGULAR,USD,2026-10-30,7451.7001953125,0.03625,call,1.0279533259830462,0.3945205479452054,245.25
SPXW261030C07675000,2026-06-05 19:41:22+00:00,7675.0,218.45,236.6,237.8,0.0,0.0,32.0,49.0,0.177479386177063,False,REGULAR,USD,2026-10-30,7451.7001953125,0.03625,call,1.029966289415128,0.3945205479452054,237.2
SPXW261030C07680000,2026-06-01 18:20:07+00:00,7680.0,330.68,235.0,236.0,0.0,0.0,2.0,7.0,0.1775175327682495,False,REGULAR,USD,2026-10-30,7451.7001953125,0.03625,call,1.030637277225822,0.3945205479452054,235.5
SPXW261030C07700000,2026-06-05 18:04:37+00:00,7700.0,229.73,226.4,227.4,0.0,0.0,22.0,53.0,0.1768413844394684,False,REGULAR,USD,2026-10-30,7451.7001953125,0.03625,call,1.0333212284685975,0.3945205479452054,226.9
SPXW261030C07720000,2026-06-08 12:42:35+00:00,7720.0,219.8,215.0,216.3,21.36,10.763959,8.0,4.0,0.1746794263839721,False,REGULAR,USD,2026-10-30,7451.7001953125,0.03625,call,1.036005179711373,0.3945205479452054,215.65
SPXW261030C07725000,2026-06-01 17:48:34+00:00,7725.0,304.54,211.8,213.0,0.0,0.0,23.0,49.0,0.1738287574005127,False,REGULAR,USD,2026-10-30,7451.7001953125,0.03625,call,1.0366761675220668,0.3945205479452054,212.4
SPXW261030C07740000,2026-06-08 14:10:27+00:00,7740.0,201.2,206.0,207.5,14.0,7.4786325,3.0,5.0,0.1736714027118683,False,REGULAR,USD,2026-10-30,7451.7001953125,0.03625,call,1.0386891309541486,0.3945205479452054,206.75
SPXW261030C07750000,2026-06-02 14:59:17+00:00,7750.0,291.53,199.6,200.6,0.0,0.0,10.0,55.0,0.1717278338909149,False,REGULAR,USD,2026-10-30,7451.7001953125,0.03625,call,1.0400311065755363,0.3945205479452054,200.1
SPXW261030C07770000,2026-06-05 19:27:46+00:00,7770.0,176.31,191.2,192.5,0.0,0.0,5.0,6.0,0.1709334311294555,False,REGULAR,USD,2026-10-30,7451.7001953125,0.03625,call,1.042715057818312,0.3945205479452054,191.85
SPXW261030C07775000,2026-06-05 19:20:57+00:00,7775.0,170.11,188.4,189.5,0.0,0.0,4.0,50.0,0.1701657309818268,False,REGULAR,USD,2026-10-30,7451.7001953125,0.03625,call,1.0433860456290058,0.3945205479452054,188.95
SPXW261030C07800000,2026-06-02 18:31:44+00:00,7800.0,260.12,179.5,181.0,0.0,0.0,1.0,90.0,0.1699025195026398,False,REGULAR,USD,2026-10-30,7451.7001953125,0.03625,call,1.0467409846824751,0.3945205479452054,180.25
SPXW261030C07825000,2026-06-05 13:39:23+00:00,7825.0,204.92,168.0,169.0,0.0,0.0,60.0,80.0,0.167450647354126,False,REGULAR,USD,2026-10-30,7451.7001953125,0.03625,call,1.0500959237359448,0.3945205479452054,168.5
SPXW261030C07850000,2026-06-05 16:32:10+00:00,7850.0,166.55,157.8,159.7,0.0,0.0,1.0,106.0,0.1663653768348694,False,REGULAR,USD,2026-10-30,7451.7001953125,0.03625,call,1.0534508627894144,0.3945205479452054,158.75
SPXW261030C07875000,2026-06-08 12:53:58+00:00,7875.0,151.14,150.7,151.6,-70.72,-31.875957,6.0,41.0,0.1658093902683258,False,REGULAR,USD,2026-10-30,7451.7001953125,0.03625,call,1.0568058018428836,0.3945205479452054,151.14999999999998
SPXW261030C07880000,2026-06-01 17:51:12+00:00,7880.0,223.4,145.8,147.3,0.0,0.0,1.0,13.0,0.1640689520454407,False,REGULAR,USD,2026-10-30,7451.7001953125,0.03625,call,1.0574767896535775,0.3945205479452054,146.55
SPXW261030C07900000,2026-06-05 19:53:06+00:00,7900.0,129.7,141.4,142.3,0.0,0.0,30.0,88.0,0.1643521904850006,False,REGULAR,USD,2026-10-30,7451.7001953125,0.03625,call,1.0601607408963531,0.3945205479452054,141.85000000000002
SPXW261030C07925000,2026-06-08 12:29:30+00:00,7925.0,132.75,130.1,131.1,9.129997,7.3855343,4.0,69.0,0.1615083621120452,False,REGULAR,USD,2026-10-30,7451.7001953125,0.03625,call,1.0635156799498229,0.3945205479452054,130.6
SPXW261030C07950000,2026-06-04 00:15:01+00:00,7950.0,156.97,122.1,123.0,0.0,0.0,1.0,118.0,0.1603591960525512,False,REGULAR,USD,2026-10-30,7451.7001953125,0.03625,call,1.0668706190032922,0.3945205479452054,122.55
SPXW261030C07975000,2026-06-04 19:57:04+00:00,7975.0,167.32,113.9,115.4,0.0,0.0,6.0,38.0,0.1593292380905151,False,REGULAR,USD,2026-10-30,7451.7001953125,0.03625,call,1.0702255580567617,0.3945205479452054,114.65
SPXW261030C08000000,2026-06-08 14:37:24+00:00,8000.0,106.5,108.3,109.1,9.699997,10.020658,6.0,489.0,0.1589582624912262,False,REGULAR,USD,2026-10-30,7451.7001953125,0.03625,call,1.0735804971102312,0.3945205479452054,108.7
SPXW261030C08025000,2026-06-03 14:09:41+00:00,8025.0,148.1,98.3,100.1,0.0,0.0,2.0,56.0,0.1565769615364075,False,REGULAR,USD,2026-10-30,7451.7001953125,0.03625,call,1.076935436163701,0.3945205479452054,99.2
SPXW261030C08050000,2026-06-02 13:30:04+00:00,8050.0,142.54,94.4,95.3,0.0,0.0,1.0,110.0,0.1568497096633911,False,REGULAR,USD,2026-10-30,7451.7001953125,0.03625,call,1.08029037521717,0.3945205479452054,94.85
SPXW261030C08075000,2026-06-05 20:14:28+00:00,8075.0,70.22,88.0,88.8,0.0,0.0,3.0,128.0,0.1557606244850158,False,REGULAR,USD,2026-10-30,7451.7001953125,0.03625,call,1.0836453142706397,0.3945205479452054,88.4
SPXW261030C08100000,2026-06-05 19:51:28+00:00,8100.0,76.21,80.8,81.8,0.0,0.0,2.0,264.0,0.1540840818023681,False,REGULAR,USD,2026-10-30,7451.7001953125,0.03625,call,1.087000253324109,0.3945205479452054,81.3
SPXW261030C08125000,2026-06-05 20:14:28+00:00,8125.0,60.37,75.3,76.1,0.0,0.0,2.0,18.0,0.1531361390113831,False,REGULAR,USD,2026-10-30,7451.7001953125,0.03625,call,1.0903551923775785,0.3945205479452054,75.69999999999999
SPXW261030C08150000,2026-06-05 17:37:01+00:00,8150.0,68.05,70.6,71.5,-6.7299957,-8.999727,2.0,149.0,0.1528385956001282,False,REGULAR,USD,2026-10-30,7451.7001953125,0.03625,call,1.093710131431048,0.3945205479452054,71.05
SPXW261030C08175000,2026-06-04 00:15:01+00:00,8175.0,88.04,65.9,66.7,0.0,0.0,2.0,61.0,0.1521996401977539,False,REGULAR,USD,2026-10-30,7451.7001953125,0.03625,call,1.0970650704845175,0.3945205479452054,66.30000000000001
SPXW261030C08200000,2026-06-08 14:47:02+00:00,8200.0,60.9,59.5,60.6,-10.010002,-14.116488,1.0,179.0,0.1502617933654785,False,REGULAR,USD,2026-10-30,7451.7001953125,0.03625,call,1.1004200095379868,0.3945205479452054,60.05
SPXW261030C08250000,2026-06-05 16:42:19+00:00,8250.0,50.4,52.0,52.7,-4.8999977,-8.860755,2.0,105.0,0.1493672558021545,False,REGULAR,USD,2026-10-30,7451.7001953125,0.03625,call,1.1071298876449258,0.3945205479452054,52.35
SPXW261030C08300000,2026-06-05 16:34:19+00:00,8300.0,44.5,45.1,45.8,-3.0200005,-6.35522,1.0,178.0,0.1486500998878479,False,REGULAR,USD,2026-10-30,7451.7001953125,0.03625,call,1.1138397657518648,0.3945205479452054,45.45
SPXW261030C08350000,2026-06-08 15:14:51+00:00,8350.0,39.35,37.8,38.5,-1.9600029,-4.744621,4.0,12.0,0.1467217897033691,False,REGULAR,USD,2026-10-30,7451.7001953125,0.03625,call,1.1205496438588036,0.3945205479452054,38.15
SPXW261030C08375000,2026-06-05 16:34:19+00:00,8375.0,37.56,35.1,35.7,0.0,0.0,4.0,4.0,0.1463365091323852,False,REGULAR,USD,2026-10-30,7451.7001953125,0.03625,call,1.1239045829122731,0.3945205479452054,35.400000000000006
SPXW261030C08400000,2026-06-08 10:46:19+00:00,8400.0,30.92,32.3,33.0,2.5599995,9.026796,1.0,44.0,0.1458749353790283,False,REGULAR,USD,2026-10-30,7451.7001953125,0.03625,call,1.1272595219657426,0.3945205479452054,32.65
SPXW261030C08500000,2026-06-08 05:57:05+00:00,8500.0,19.7,23.3,23.8,-23.969997,-54.888935,1.0,140.0,0.1440629722976684,False,REGULAR,USD,2026-10-30,7451.7001953125,0.03625,call,1.1406792781796204,0.3945205479452054,23.55
SPXW261030C08600000,2026-06-05 19:51:28+00:00,8600.0,15.4,16.5,17.1,0.0,0.0,6.0,273.0,0.1427984127998352,False,REGULAR,USD,2026-10-30,7451.7001953125,0.03625,call,1.1540990343934985,0.3945205479452054,16.8
SPXW261030C08700000,2026-06-08 12:53:58+00:00,8700.0,12.65,12.1,12.5,-1.04,-7.596786,6.0,139.0,0.1425065913772583,False,REGULAR,USD,2026-10-30,7451.7001953125,0.03625,call,1.1675187906073765,0.3945205479452054,12.3
SPXW261030C08800000,2026-06-08 14:03:36+00:00,8800.0,8.4,8.5,8.9,-1.4100008,-14.3730955,3.0,220.0,0.1418504700088501,False,REGULAR,USD,2026-10-30,7451.7001953125,0.03625,call,1.1809385468212543,0.3945205479452054,8.7
SPXW261030C08900000,2026-06-08 01:03:11+00:00,8900.0,6.1,6.3,6.6,0.0,0.0,1.0,167.0,0.1424417421722412,False,REGULAR,USD,2026-10-30,7451.7001953125,0.03625,call,1.194358303035132,0.3945205479452054,6.449999999999999
SPXW261030C09000000,2026-06-04 15:58:28+00:00,9000.0,7.7,4.6,5.0,0.0,0.0,2.0,88.0,0.1435861399078369,False,REGULAR,USD,2026-10-30,7451.7001953125,0.03625,call,1.20777805924901,0.3945205479452054,4.8
SPXW261030C09200000,2026-06-08 01:15:08+00:00,9200.0,2.25,2.75,3.0,-0.8499999,-27.419353,1.0,202.0,0.1467828242492675,False,REGULAR,USD,2026-10-30,7451.7001953125,0.03625,call,1.2346175716767658,0.3945205479452054,2.875
SPX261120C07400000,2026-06-05 14:26:01+00:00,7400.0,475.92,436.5,438.1,0.0,0.0,2.0,4390.0,0.2059643994808196,True,REGULAR,USD,2026-11-20,7451.7001953125,0.03625,call,0.9930619598269638,0.4520547945205479,437.3
SPX261120C07425000,2026-06-04 13:54:39+00:00,7425.0,483.3,416.0,417.7,0.0,0.0,4.0,395.0,0.2018541042804718,True,REGULAR,USD,2026-11-20,7451.7001953125,0.03625,call,0.9964168988804332,0.4520547945205479,416.85
SPX261120C07440000,2026-06-08 14:32:52+00:00,7440.0,406.11,409.3,411.0,-26.720001,-6.1733246,2.0,1.0,0.2021106401062011,True,REGULAR,USD,2026-11-20,7451.7001953125,0.03625,call,0.998429862312515,0.4520547945205479,410.15
SPX261120C07450000,2026-06-05 19:55:00+00:00,7450.0,381.1,398.9,400.7,0.0,0.0,66.0,1868.0,0.1993392902565002,True,REGULAR,USD,2026-11-20,7451.7001953125,0.03625,call,0.9997718379339028,0.4520547945205479,399.8
SPX261120C07475000,2026-06-04 19:46:33+00:00,7475.0,483.7,386.7,388.5,0.0,0.0,2.0,1649.0,0.1991065960502624,False,REGULAR,USD,2026-11-20,7451.7001953125,0.03625,call,1.0031267769873722,0.4520547945205479,387.6
SPX261120C07480000,2026-06-05 15:41:58+00:00,7480.0,404.92,379.7,381.4,0.0,0.0,2.0,2.0,0.1967195731067657,False,REGULAR,USD,2026-11-20,7451.7001953125,0.03625,call,1.003797764798066,0.4520547945205479,380.55
SPX261120C07500000,2026-06-05 18:29:25+00:00,7500.0,361.3,367.6,369.2,0.0,0.0,6.0,5155.0,0.1952089680957794,False,REGULAR,USD,2026-11-20,7451.7001953125,0.03625,call,1.0064817160408417,0.4520547945205479,368.4
SPX261120C07510000,2026-06-08 14:50:31+00:00,7510.0,362.0,362.7,364.6,-43.5,-10.727497,1.0,1.0,0.1951727288341522,False,REGULAR,USD,2026-11-20,7451.7001953125,0.03625,call,1.0078236916622294,0.4520547945205479,363.65
SPX261120C07525000,2026-06-05 14:58:20+00:00,7525.0,394.86,356.3,358.0,0.0,0.0,1.0,639.0,0.1952309023857116,False,REGULAR,USD,2026-11-20,7451.7001953125,0.03625,call,1.0098366550943112,0.4520547945205479,357.15
SPX261120C07550000,2026-06-05 19:13:06+00:00,7550.0,315.72,337.0,338.6,0.0,0.0,46.0,928.0,0.1910347773551941,False,REGULAR,USD,2026-11-20,7451.7001953125,0.03625,call,1.0131915941477807,0.4520547945205479,337.8
SPX261120C07560000,2026-06-08 14:24:41+00:00,7560.0,325.6,331.1,332.6,-100.69998,-23.621859,2.0,1.0,0.1901984133434296,False,REGULAR,USD,2026-11-20,7451.7001953125,0.03625,call,1.0145335697691684,0.4520547945205479,331.85
SPX261120C07575000,2026-06-08 14:38:33+00:00,7575.0,322.0,325.8,327.3,-94.29999,-22.651932,2.0,452.0,0.1907524925804138,False,REGULAR,USD,2026-11-20,7451.7001953125,0.03625,call,1.01654653320125,0.4520547945205479,326.55
SPX261120C07580000,2026-06-08 14:38:37+00:00,7580.0,318.7,319.5,321.0,-106.29999,-25.011763,4.0,2.0,0.1886620593833923,False,REGULAR,USD,2026-11-20,7451.7001953125,0.03625,call,1.017217521011944,0.4520547945205479,320.25
SPX261120C07590000,2026-06-08 14:38:40+00:00,7590.0,312.9,314.5,316.2,-96.600006,-23.589746,4.0,2.0,0.1883616549777984,False,REGULAR,USD,2026-11-20,7451.7001953125,0.03625,call,1.0185594966333318,0.4520547945205479,315.35
SPX261120C07600000,2026-06-08 14:30:05+00:00,7600.0,304.9,308.7,310.2,14.089996,4.8450866,407.0,3428.0,0.1874394611358642,False,REGULAR,USD,2026-11-20,7451.7001953125,0.03625,call,1.0199014722547195,0.4520547945205479,309.45
SPX261120C07610000,2026-06-08 14:24:34+00:00,7610.0,297.5,303.2,304.7,28.700012,10.677089,3.0,2.0,0.1867461468410491,False,REGULAR,USD,2026-11-20,7451.7001953125,0.03625,call,1.0212434478761074,0.4520547945205479,303.95
SPX261120C07620000,2026-06-08 14:24:57+00:00,7620.0,292.0,297.6,299.2,-81.70001,-21.86246,3.0,7.0,0.1860308982563018,False,REGULAR,USD,2026-11-20,7451.7001953125,0.03625,call,1.0225854234974951,0.4520547945205479,298.4
SPX261120C07625000,2026-06-08 14:54:27+00:00,7625.0,298.26,296.3,298.1,-7.139984,-2.3379123,4.0,561.0,0.1864934256744384,False,REGULAR,USD,2026-11-20,7451.7001953125,0.03625,call,1.023256411308189,0.4520547945205479,297.20000000000005
SPX261120C07650000,2026-06-05 19:36:14+00:00,7650.0,263.4,284.6,286.0,0.0,0.0,4.0,1065.0,0.1854148308086395,False,REGULAR,USD,2026-11-20,7451.7001953125,0.03625,call,1.0266113503616583,0.4520547945205479,285.3
SPX261120C07660000,2026-06-08 14:38:35+00:00,7660.0,274.7,278.8,280.3,-8.899994,-3.1382205,1.0,5.0,0.1845107565975189,False,REGULAR,USD,2026-11-20,7451.7001953125,0.03625,call,1.0279533259830462,0.4520547945205479,279.55
SPX261120C07675000,2026-06-05 19:57:13+00:00,7675.0,253.3,267.2,269.0,0.0,0.0,7.0,316.0,0.1817174724578857,False,REGULAR,USD,2026-11-20,7451.7001953125,0.03625,call,1.029966289415128,0.4520547945205479,268.1
SPX261120C07680000,2026-06-05 16:56:05+00:00,7680.0,277.5,264.6,266.2,0.0,0.0,3.0,4.0,0.1812625743579864,False,REGULAR,USD,2026-11-20,7451.7001953125,0.03625,call,1.030637277225822,0.4520547945205479,265.4
SPX261120C07690000,2026-06-05 19:36:19+00:00,7690.0,242.6,258.3,260.2,0.0,0.0,5.0,5.0,0.1801305742645263,False,REGULAR,USD,2026-11-20,7451.7001953125,0.03625,call,1.0319792528472096,0.4520547945205479,259.25
SPX261120C07700000,2026-06-08 14:59:00+00:00,7700.0,259.23,253.6,255.1,18.930008,7.877656,100.0,2448.0,0.1794324916458129,False,REGULAR,USD,2026-11-20,7451.7001953125,0.03625,call,1.0333212284685975,0.4520547945205479,254.35
SPX261120C07710000,2026-06-05 19:36:11+00:00,7710.0,233.9,252.7,254.4,0.0,0.0,2.0,2.0,0.1809574016284942,False,REGULAR,USD,2026-11-20,7451.7001953125,0.03625,call,1.0346632040899852,0.4520547945205479,253.55
SPX261120C07725000,2026-06-05 19:57:14+00:00,7725.0,228.8,242.3,244.0,0.0,0.0,3.0,588.0,0.1784263753032684,False,REGULAR,USD,2026-11-20,7451.7001953125,0.03625,call,1.0366761675220668,0.4520547945205479,243.15
SPX261120C07750000,2026-06-08 14:32:19+00:00,7750.0,228.3,231.2,233.0,11.570007,5.338443,10.0,1072.0,0.1773287071418762,False,REGULAR,USD,2026-11-20,7451.7001953125,0.03625,call,1.0400311065755363,0.4520547945205479,232.1
SPX261120C07760000,2026-06-05 19:36:04+00:00,7760.0,210.7,224.1,225.9,0.0,0.0,1.0,8.0,0.1754480801963805,False,REGULAR,USD,2026-11-20,7451.7001953125,0.03625,call,1.0413730821969245,0.4520547945205479,225.0
SPX261120C07775000,2026-06-05 19:20:57+00:00,7775.0,198.96,218.9,220.7,0.0,0.0,4.0,650.0,0.1754061189460754,False,REGULAR,USD,2026-11-20,7451.7001953125,0.03625,call,1.0433860456290058,0.4520547945205479,219.8
SPX261120C07790000,2026-06-08 15:14:41+00:00,7790.0,217.81,211.9,213.4,-72.69,-25.022375,12.0,5.0,0.1742168989658356,False,REGULAR,USD,2026-11-20,7451.7001953125,0.03625,call,1.0453990090610876,0.4520547945205479,212.65
SPX261120C07800000,2026-06-05 19:40:59+00:00,7800.0,193.35,206.1,207.6,0.0,0.0,1.0,3057.0,0.1728979805755615,False,REGULAR,USD,2026-11-20,7451.7001953125,0.03625,call,1.0467409846824751,0.4520547945205479,206.85
SPX261120C07810000,2026-06-05 17:12:22+00:00,7810.0,208.9,203.0,204.5,0.0,0.0,1.0,2.0,0.1729761810874939,False,REGULAR,USD,2026-11-20,7451.7001953125,0.03625,call,1.048082960303863,0.4520547945205479,203.75
SPX261120C07820000,2026-06-04 19:23:57+00:00,7820.0,274.7,200.5,202.1,0.0,0.0,1.0,2.0,0.1734053302383423,False,REGULAR,USD,2026-11-20,7451.7001953125,0.03625,call,1.049424935925251,0.4520547945205479,201.3
SPX261120C07825000,2026-06-05 19:57:13+00:00,7825.0,184.8,196.3,197.9,0.0,0.0,136.0,530.0,0.1720167943191528,False,REGULAR,USD,2026-11-20,7451.7001953125,0.03625,call,1.0500959237359448,0.4520547945205479,197.1
SPX261120C07830000,2026-06-05 18:42:06+00:00,7830.0,187.1,196.8,198.3,0.0,0.0,4.0,4.0,0.1730715475654602,False,REGULAR,USD,2026-11-20,7451.7001953125,0.03625,call,1.0507669115466387,0.4520547945205479,197.55
SPX261120C07840000,2026-06-05 16:32:42+00:00,7840.0,200.0,189.7,191.6,0.0,0.0,3.0,3.0,0.1711594496822357,False,REGULAR,USD,2026-11-20,7451.7001953125,0.03625,call,1.0521088871680264,0.4520547945205479,190.65
SPX261120C07850000,2026-06-05 16:21:31+00:00,7850.0,182.95,185.4,186.9,-21.800003,-10.647132,1.0,1542.0,0.1702849390792847,False,REGULAR,USD,2026-11-20,7451.7001953125,0.03625,call,1.0534508627894144,0.4520547945205479,186.15
SPX261120C07860000,2026-06-05 16:56:10+00:00,7860.0,192.1,182.3,183.9,0.0,0.0,4.0,4.0,0.1703030587100983,False,REGULAR,USD,2026-11-20,7451.7001953125,0.03625,call,1.054792838410802,0.4520547945205479,183.1
SPX261120C07870000,2026-06-05 16:32:33+00:00,7870.0,187.7,179.7,181.1,0.0,0.0,1.0,2.0,0.1704079618358612,False,REGULAR,USD,2026-11-20,7451.7001953125,0.03625,call,1.0561348140321898,0.4520547945205479,180.4
SPX261120C07875000,2026-06-05 16:21:31+00:00,7875.0,194.15,177.7,179.1,0.0,0.0,86.0,669.0,0.1701266307258606,False,REGULAR,USD,2026-11-20,7451.7001953125,0.03625,call,1.0568058018428836,0.4520547945205479,178.39999999999998
SPX261120C07900000,2026-06-08 14:59:00+00:00,7900.0,169.0,168.2,169.4,25.699997,17.9344,150.0,4063.0,0.168781009721756,False,REGULAR,USD,2026-11-20,7451.7001953125,0.03625,call,1.0601607408963531,0.4520547945205479,168.8
SPX261120C07910000,2026-06-08 14:56:11+00:00,7910.0,163.5,164.5,165.9,-63.399994,-27.941824,5.0,3.0,0.1684081267929077,False,REGULAR,USD,2026-11-20,7451.7001953125,0.03625,call,1.061502716517741,0.4520547945205479,165.2
SPX261120C07920000,2026-06-05 17:45:39+00:00,7920.0,165.21,158.3,159.5,0.0,0.0,5.0,5.0,0.166383496465683,False,REGULAR,USD,2026-11-20,7451.7001953125,0.03625,call,1.0628446921391288,0.4520547945205479,158.9
SPX261120C07925000,2026-06-05 16:18:38+00:00,7925.0,168.77,156.4,157.8,0.0,0.0,1.0,905.0,0.1661975318336487,False,REGULAR,USD,2026-11-20,7451.7001953125,0.03625,call,1.0635156799498229,0.4520547945205479,157.10000000000002
SPX261120C07930000,2026-06-05 16:53:42+00:00,7930.0,164.8,154.5,155.9,0.0,0.0,9.0,13.0,0.1658923591041565,False,REGULAR,USD,2026-11-20,7451.7001953125,0.03625,call,1.0641866677605163,0.4520547945205479,155.2
SPX261120C07940000,2026-06-05 19:37:55+00:00,7940.0,140.8,150.8,152.3,0.0,0.0,5.0,5.0,0.1653745191287994,False,REGULAR,USD,2026-11-20,7451.7001953125,0.03625,call,1.0655286433819045,0.4520547945205479,151.55
SPX261120C07950000,2026-06-05 19:18:59+00:00,7950.0,132.22,147.5,148.7,0.0,0.0,43.0,323.0,0.1648290228748321,False,REGULAR,USD,2026-11-20,7451.7001953125,0.03625,call,1.0668706190032922,0.4520547945205479,148.1
SPX261120C07960000,2026-06-05 19:57:13+00:00,7960.0,135.0,144.0,145.3,0.0,0.0,2.0,11.0,0.1643693564510345,False,REGULAR,USD,2026-11-20,7451.7001953125,0.03625,call,1.06821259462468,0.4520547945205479,144.65
SPX261120C07975000,2026-06-08 15:18:09+00:00,7975.0,142.64,141.2,142.7,-57.460007,-28.715643,36.0,413.0,0.1650846050357818,False,REGULAR,USD,2026-11-20,7451.7001953125,0.03625,call,1.0702255580567617,0.4520547945205479,141.95
SPX261120C07980000,2026-06-05 18:36:30+00:00,7980.0,133.3,137.6,138.9,0.0,0.0,1.0,1.0,0.1636026099681854,False,REGULAR,USD,2026-11-20,7451.7001953125,0.03625,call,1.0708965458674555,0.4520547945205479,138.25
SPX261120C08000000,2026-06-08 13:53:54+00:00,8000.0,131.84,130.8,131.9,16.339996,14.147183,6.0,3008.0,0.16237238240242,False,REGULAR,USD,2026-11-20,7451.7001953125,0.03625,call,1.0735804971102312,0.4520547945205479,131.35000000000002
SPX261120C08025000,2026-06-05 20:10:39+00:00,8025.0,103.32,125.0,126.3,0.0,0.0,20.0,147.0,0.1625688373470306,False,REGULAR,USD,2026-11-20,7451.7001953125,0.03625,call,1.076935436163701,0.4520547945205479,125.65
SPX261120C08050000,2026-06-05 20:10:39+00:00,8050.0,96.87,117.6,118.8,0.0,0.0,277.0,262.0,0.1614673545265197,False,REGULAR,USD,2026-11-20,7451.7001953125,0.03625,call,1.08029037521717,0.4520547945205479,118.2
SPX261120C08075000,2026-06-05 19:52:00+00:00,8075.0,102.62,110.4,111.7,0.0,0.0,69.0,614.0,0.1604383502292633,False,REGULAR,USD,2026-11-20,7451.7001953125,0.03625,call,1.0836453142706397,0.4520547945205479,111.05
SPX261120C08100000,2026-06-08 14:12:14+00:00,8100.0,104.88,103.3,104.4,14.68,16.274944,101.0,1788.0,0.159100358543396,False,REGULAR,USD,2026-11-20,7451.7001953125,0.03625,call,1.087000253324109,0.4520547945205479,103.85
SPX261120C08125000,2026-06-04 19:39:14+00:00,8125.0,145.2,95.8,96.9,0.0,0.0,14.0,1483.0,0.1574295378494262,False,REGULAR,USD,2026-11-20,7451.7001953125,0.03625,call,1.0903551923775785,0.4520547945205479,96.35
SPX261120C08150000,2026-06-05 16:18:38+00:00,8150.0,98.1,88.8,90.0,0.0,0.0,2.0,574.0,0.1559456354522705,False,REGULAR,USD,2026-11-20,7451.7001953125,0.03625,call,1.093710131431048,0.4520547945205479,89.4
SPX261120C08175000,2026-06-05 19:58:30+00:00,8175.0,77.1,83.9,85.2,0.0,0.0,1.0,113.0,0.1557253388881683,False,REGULAR,USD,2026-11-20,7451.7001953125,0.03625,call,1.0970650704845175,0.4520547945205479,84.55000000000001
SPX261120C08200000,2026-06-05 19:20:46+00:00,8200.0,69.03,77.8,78.9,0.0,0.0,1.0,1297.0,0.1542729074287414,False,REGULAR,USD,2026-11-20,7451.7001953125,0.03625,call,1.1004200095379868,0.4520547945205479,78.35
SPX261120C08225000,2026-06-05 16:00:16+00:00,8225.0,82.87,73.2,74.6,0.0,0.0,20.0,155.0,0.1540917111206055,False,REGULAR,USD,2026-11-20,7451.7001953125,0.03625,call,1.1037749485914563,0.4520547945205479,73.9
SPX261120C08250000,2026-06-05 18:11:43+00:00,8250.0,69.5,69.4,70.6,0.0,0.0,27.0,323.0,0.1539963446426391,False,REGULAR,USD,2026-11-20,7451.7001953125,0.03625,call,1.1071298876449258,0.4520547945205479,70.0
SPX261120C08275000,2026-06-05 19:52:00+00:00,8275.0,59.82,63.9,64.8,0.0,0.0,43.0,842.0,0.1523331532669067,False,REGULAR,USD,2026-11-20,7451.7001953125,0.03625,call,1.110484826698395,0.4520547945205479,64.35
SPX261120C08300000,2026-06-04 17:00:32+00:00,8300.0,91.45,60.6,61.6,0.0,0.0,11.0,3111.0,0.1525582181549072,False,REGULAR,USD,2026-11-20,7451.7001953125,0.03625,call,1.1138397657518648,0.4520547945205479,61.1
SPX261120C08325000,2026-06-05 16:21:10+00:00,8325.0,61.2,55.4,56.4,0.0,0.0,2.0,233.0,0.1509675053024292,False,REGULAR,USD,2026-11-20,7451.7001953125,0.03625,call,1.1171947048053343,0.4520547945205479,55.9
SPX261120C08350000,2026-06-04 19:28:05+00:00,8350.0,84.66,52.0,53.0,0.0,0.0,2.0,249.0,0.1507147841358185,False,REGULAR,USD,2026-11-20,7451.7001953125,0.03625,call,1.1205496438588036,0.4520547945205479,52.5
SPX261120C08400000,2026-06-08 13:32:59+00:00,8400.0,46.8,45.5,46.3,7.299999,18.48101,1.0,2302.0,0.1498345515441894,False,REGULAR,USD,2026-11-20,7451.7001953125,0.03625,call,1.1272595219657426,0.4520547945205479,45.9
SPX261120C08450000,2026-06-08 14:55:59+00:00,8450.0,39.24,38.7,39.5,7.340002,23.00941,1.0,3.0,0.1481522868728638,False,REGULAR,USD,2026-11-20,7451.7001953125,0.03625,call,1.1339694000726817,0.4520547945205479,39.1
SPX261120C08500000,2026-06-08 14:45:24+00:00,8500.0,33.03,33.7,34.5,2.2999992,7.4845405,2.0,867.0,0.1476373078918457,False,REGULAR,USD,2026-11-20,7451.7001953125,0.03625,call,1.1406792781796204,0.4520547945205479,34.1
SPX261120C08525000,2026-05-29 19:36:09+00:00,8525.0,53.5,31.5,32.3,0.0,0.0,20.0,20.0,0.1474923508453369,False,REGULAR,USD,2026-11-20,7451.7001953125,0.03625,call,1.14403421723309,0.4520547945205479,31.9
SPX261120C08550000,2026-06-08 14:45:24+00:00,8550.0,28.43,28.6,29.4,2.4400005,9.388228,502.0,20.0,0.1463460457801819,False,REGULAR,USD,2026-11-20,7451.7001953125,0.03625,call,1.1473891562865597,0.4520547945205479,29.0
SPX261120C08575000,2026-06-05 18:12:50+00:00,8575.0,26.9,26.8,27.7,0.0,0.0,141.0,141.0,0.1464967248153686,False,REGULAR,USD,2026-11-20,7451.7001953125,0.03625,call,1.150744095340029,0.4520547945205479,27.25
SPX261120C08600000,2026-06-08 14:55:59+00:00,8600.0,25.04,24.9,25.7,4.84,23.960396,1.0,2411.0,0.1461286102104186,False,REGULAR,USD,2026-11-20,7451.7001953125,0.03625,call,1.1540990343934985,0.4520547945205479,25.3
SPX261120C08650000,2026-06-08 15:18:11+00:00,8650.0,22.1,21.5,22.2,-13.4,-37.74648,5.0,39.0,0.1456079092407226,False,REGULAR,USD,2026-11-20,7451.7001953125,0.03625,call,1.1608089125004375,0.4520547945205479,21.85
SPX261120C08700000,2026-06-08 00:17:05+00:00,8700.0,16.45,17.8,18.6,-3.8899994,-19.124874,1.0,3545.0,0.1442575199127197,False,REGULAR,USD,2026-11-20,7451.7001953125,0.03625,call,1.1675187906073765,0.4520547945205479,18.200000000000003
SPX261120C08800000,2026-06-08 14:01:39+00:00,8800.0,12.9,13.4,14.1,1.6999998,15.178571,1.0,1438.0,0.1442231879806518,False,REGULAR,USD,2026-11-20,7451.7001953125,0.03625,call,1.1809385468212543,0.4520547945205479,13.75
SPX261120C08900000,2026-06-02 16:50:39+00:00,8900.0,20.36,9.7,10.2,0.0,0.0,5.0,2758.0,0.1432046739959717,False,REGULAR,USD,2026-11-20,7451.7001953125,0.03625,call,1.194358303035132,0.4520547945205479,9.95
SPX261120C09000000,2026-06-08 01:27:25+00:00,9000.0,6.3,7.3,7.8,0.3000002,5.0000033,10.0,2346.0,0.1438188341140747,False,REGULAR,USD,2026-11-20,7451.7001953125,0.03625,call,1.20777805924901,0.4520547945205479,7.55
SPX261120C09100000,2026-06-01 19:48:30+00:00,9100.0,11.2,5.4,5.9,0.0,0.0,67.0,67.0,0.1442727785491943,False,REGULAR,USD,2026-11-20,7451.7001953125,0.03625,call,1.221197815462888,0.4520547945205479,5.65
SPX261120C09200000,2026-06-05 20:05:40+00:00,9200.0,3.6,4.1,4.6,0.0,0.0,44.0,1333.0,0.1454400642395019,False,REGULAR,USD,2026-11-20,7451.7001953125,0.03625,call,1.2346175716767658,0.4520547945205479,4.35
SPX261120C09400000,2026-06-05 19:50:28+00:00,9400.0,2.6,2.65,3.0,0.0,0.0,10.0,542.0,0.1490868783569335,False,REGULAR,USD,2026-11-20,7451.7001953125,0.03625,call,1.2614570841045216,0.4520547945205479,2.825
SPXW261130C07390000,2026-06-05 19:45:00+00:00,7390.0,427.02,452.9,454.0,0.0,0.0,1.0,1.0,0.2053740809822082,True,REGULAR,USD,2026-11-30,7451.7001953125,0.03625,call,0.991719984205576,0.4794520547945205,453.45
SPXW261130C07500000,2026-06-05 20:02:36+00:00,7500.0,343.97,381.5,382.8,0.0,0.0,20.0,29.0,0.1961664475345611,False,REGULAR,USD,2026-11-30,7451.7001953125,0.03625,call,1.0064817160408417,0.4794520547945205,382.15
SPXW261130C07510000,2026-06-05 19:05:26+00:00,7510.0,357.0,375.7,377.5,0.0,0.0,9.0,9.0,0.1957916572761535,False,REGULAR,USD,2026-11-30,7451.7001953125,0.03625,call,1.0078236916622294,0.4794520547945205,376.6
SPXW261130C07530000,2026-06-05 16:25:17+00:00,7530.0,381.5,362.6,364.1,0.0,0.0,10.0,10.0,0.193627791891098,False,REGULAR,USD,2026-11-30,7451.7001953125,0.03625,call,1.010507642905005,0.4794520547945205,363.35
SPXW261130C07540000,2026-06-05 20:02:36+00:00,7540.0,321.18,360.5,361.8,0.0,0.0,20.0,29.0,0.1946491668701171,False,REGULAR,USD,2026-11-30,7451.7001953125,0.03625,call,1.0118496185263928,0.4794520547945205,361.15
SPXW261130C07560000,2026-06-05 16:25:17+00:00,7560.0,363.25,344.6,346.1,0.0,0.0,10.0,10.0,0.1912569812488556,False,REGULAR,USD,2026-11-30,7451.7001953125,0.03625,call,1.0145335697691684,0.4794520547945205,345.35
SPXW261130C07600000,2026-06-08 14:59:50+00:00,7600.0,329.4,322.1,323.3,27.0,8.928572,8.0,17.0,0.1884026625633239,False,REGULAR,USD,2026-11-30,7451.7001953125,0.03625,call,1.0199014722547195,0.4794520547945205,322.70000000000005
SPXW261130C07650000,2026-06-05 19:59:00+00:00,7650.0,275.8,293.5,295.0,0.0,0.0,15.0,16.0,0.1844697490119934,False,REGULAR,USD,2026-11-30,7451.7001953125,0.03625,call,1.0266113503616583,0.4794520547945205,294.25
SPXW261130C07750000,2026-06-05 14:34:49+00:00,7750.0,280.91,242.8,244.0,0.0,0.0,1.0,1.0,0.1777263853549957,False,REGULAR,USD,2026-11-30,7451.7001953125,0.03625,call,1.0400311065755363,0.4794520547945205,243.4
SPXW261130C07800000,2026-06-08 14:59:50+00:00,7800.0,225.17,220.9,222.3,-65.96001,-22.656546,10.0,1.0,0.1754108872699737,False,REGULAR,USD,2026-11-30,7451.7001953125,0.03625,call,1.0467409846824751,0.4794520547945205,221.6
SPXW261130C07825000,2026-06-08 11:10:56+00:00,7825.0,202.5,208.1,209.4,-88.5,-30.41237,9.0,1.0,0.1729857177352905,False,REGULAR,USD,2026-11-30,7451.7001953125,0.03625,call,1.0500959237359448,0.4794520547945205,208.75
SPXW261130C07850000,2026-06-08 11:10:56+00:00,7850.0,192.0,197.3,199.2,-71.600006,-27.162369,10.0,3.0,0.171789822101593,False,REGULAR,USD,2026-11-30,7451.7001953125,0.03625,call,1.0534508627894144,0.4794520547945205,198.25
SPXW261130C07875000,2026-06-08 12:53:58+00:00,7875.0,190.24,187.1,188.5,-4.269989,-2.1952543,6.0,2.0,0.1701819432830811,False,REGULAR,USD,2026-11-30,7451.7001953125,0.03625,call,1.0568058018428836,0.4794520547945205,187.8
SPXW261130C07900000,2026-06-05 15:36:29+00:00,7900.0,197.4,177.1,178.4,0.0,0.0,9.0,13.0,0.1687304654884339,False,REGULAR,USD,2026-11-30,7451.7001953125,0.03625,call,1.0601607408963531,0.4794520547945205,177.75
SPXW261130C08000000,2026-06-05 15:36:29+00:00,8000.0,158.6,140.6,141.9,0.0,0.0,11.0,14.0,0.1634195063304901,False,REGULAR,USD,2026-11-30,7451.7001953125,0.03625,call,1.0735804971102312,0.4794520547945205,141.25
SPXW261130C08025000,2026-06-05 16:40:37+00:00,8025.0,140.83,134.3,135.3,0.0,0.0,15.0,8.0,0.1631248239135742,False,REGULAR,USD,2026-11-30,7451.7001953125,0.03625,call,1.076935436163701,0.4794520547945205,134.8
SPXW261130C08050000,2026-06-05 14:22:43+00:00,8050.0,149.59,124.7,126.0,0.0,0.0,1.0,1.0,0.1610992399215698,False,REGULAR,USD,2026-11-30,7451.7001953125,0.03625,call,1.08029037521717,0.4794520547945205,125.35
SPXW261130C08075000,2026-06-05 14:22:43+00:00,8075.0,119.1,118.7,120.0,-22.120003,-15.663506,1.0,1.0,0.1608570090675354,False,REGULAR,USD,2026-11-30,7451.7001953125,0.03625,call,1.0836453142706397,0.4794520547945205,119.35
SPXW261130C08125000,2026-06-05 18:38:56+00:00,8125.0,99.32,104.2,105.1,0.0,0.0,17.0,17.0,0.1581333424568176,False,REGULAR,USD,2026-11-30,7451.7001953125,0.03625,call,1.0903551923775785,0.4794520547945205,104.65
SPXW261130C08150000,2026-06-05 18:38:56+00:00,8150.0,93.22,99.0,99.9,0.0,0.0,1.0,18.0,0.157942609500885,False,REGULAR,USD,2026-11-30,7451.7001953125,0.03625,call,1.093710131431048,0.4794520547945205,99.45
SPXW261130C08175000,2026-06-05 19:24:28+00:00,8175.0,81.31,90.9,92.3,0.0,0.0,2.0,22.0,0.1560228822994232,False,REGULAR,USD,2026-11-30,7451.7001953125,0.03625,call,1.0970650704845175,0.4794520547945205,91.6
SPXW261130C08300000,2026-06-08 14:02:57+00:00,8300.0,63.9,66.2,67.4,-16.629997,-20.650686,4.0,18.0,0.1526936385536194,False,REGULAR,USD,2026-11-30,7451.7001953125,0.03625,call,1.1138397657518648,0.4794520547945205,66.80000000000001
SPXW261130C08350000,2026-06-08 13:54:05+00:00,8350.0,58.4,58.0,59.2,-5.09,-8.017011,4.0,10.0,0.1515644994544983,False,REGULAR,USD,2026-11-30,7451.7001953125,0.03625,call,1.1205496438588036,0.4794520547945205,58.6
SPXW261130C08400000,2026-06-08 15:05:32+00:00,8400.0,52.3,50.1,50.9,-1.1100006,-2.0782638,76.0,12.0,0.149668613872528,False,REGULAR,USD,2026-11-30,7451.7001953125,0.03625,call,1.1272595219657426,0.4794520547945205,50.5
SPXW261130C08600000,2026-06-05 15:32:27+00:00,8600.0,33.74,28.4,29.2,0.0,0.0,2.0,2.0,0.146311713848114,False,REGULAR,USD,2026-11-30,7451.7001953125,0.03625,call,1.1540990343934985,0.4794520547945205,28.8
SPXW261130C08700000,2026-06-08 12:53:58+00:00,8700.0,22.25,21.4,22.1,-4.5300007,-16.915611,6.0,8.0,0.1454095469665527,False,REGULAR,USD,2026-11-30,7451.7001953125,0.03625,call,1.1675187906073765,0.4794520547945205,21.75
SPXW261130C08800000,2026-06-05 15:32:27+00:00,8800.0,18.74,15.5,16.1,0.0,0.0,2.0,6.0,0.1437654288864135,False,REGULAR,USD,2026-11-30,7451.7001953125,0.03625,call,1.1809385468212543,0.4794520547945205,15.8
SPXW261130C09000000,2026-06-05 16:17:17+00:00,9000.0,9.59,8.8,9.2,0.0,0.0,10.0,11.0,0.143563251953125,False,REGULAR,USD,2026-11-30,7451.7001953125,0.03625,call,1.20777805924901,0.4794520547945205,9.0
SPXW261130C09800000,2026-06-05 19:44:14+00:00,9800.0,1.6,1.55,1.8,0.0,0.0,2.0,3.0,0.1569908520507812,False,REGULAR,USD,2026-11-30,7451.7001953125,0.03625,call,1.315136108960033,0.4794520547945205,1.675
SPX261218C07400000,2026-06-08 15:02:03+00:00,7400.0,488.7,480.2,481.7,52.29001,11.981854,1.0,15486.0,0.2107746846294402,True,REGULAR,USD,2026-12-18,7451.7001953125,0.03625,call,0.9930619598269638,0.5287671232876713,480.95
SPX261218C07425000,2026-06-08 13:46:35+00:00,7425.0,462.07,459.1,461.1,41.80002,9.945992,4.0,1729.0,0.206826512441635,True,REGULAR,USD,2026-12-18,7451.7001953125,0.03625,call,0.9964168988804332,0.5287671232876713,460.1
SPX261218C07450000,2026-06-08 14:16:50+00:00,7450.0,431.1,443.4,445.0,25.130005,6.1901135,92.0,5324.0,0.2048753143024444,True,REGULAR,USD,2026-12-18,7451.7001953125,0.03625,call,0.9997718379339028,0.5287671232876713,444.2
SPX261218C07475000,2026-06-05 19:44:02+00:00,7475.0,401.92,428.2,429.9,0.0,0.0,81.0,1239.0,0.2032903234386443,False,REGULAR,USD,2026-12-18,7451.7001953125,0.03625,call,1.0031267769873722,0.5287671232876713,429.05
SPX261218C07500000,2026-06-08 14:33:00+00:00,7500.0,408.71,412.0,413.3,21.00998,5.419133,10.0,24181.0,0.2009128371429443,False,REGULAR,USD,2026-12-18,7451.7001953125,0.03625,call,1.0064817160408417,0.5287671232876713,412.65
SPX261218C07525000,2026-06-08 14:16:50+00:00,7525.0,384.55,394.9,396.6,7.539978,1.9999411,2.0,1072.0,0.1983894401359558,False,REGULAR,USD,2026-12-18,7451.7001953125,0.03625,call,1.0098366550943112,0.5287671232876713,395.75
SPX261218C07550000,2026-06-08 15:02:03+00:00,7550.0,390.3,379.8,381.3,29.73999,8.248278,2.0,5301.0,0.1964077247238159,False,REGULAR,USD,2026-12-18,7451.7001953125,0.03625,call,1.0131915941477807,0.5287671232876713,380.55
SPX261218C07575000,2026-06-08 14:14:47+00:00,7575.0,358.2,366.2,368.1,27.24002,8.230608,3.0,2186.0,0.1952890759372711,False,REGULAR,USD,2026-12-18,7451.7001953125,0.03625,call,1.01654653320125,0.5287671232876713,367.15
SPX261218C07600000,2026-06-08 15:25:04+00:00,7600.0,360.7,352.3,353.9,26.120026,7.8068104,55.0,16381.0,0.1936001356124878,False,REGULAR,USD,2026-12-18,7451.7001953125,0.03625,call,1.0199014722547195,0.5287671232876713,353.1
SPX261218C07625000,2026-06-08 14:38:36+00:00,7625.0,336.8,338.0,339.6,-77.95001,-18.794456,169.0,2327.0,0.1917547942638397,False,REGULAR,USD,2026-12-18,7451.7001953125,0.03625,call,1.023256411308189,0.5287671232876713,338.8
SPX261218C07650000,2026-06-08 14:38:33+00:00,7650.0,323.0,327.3,328.6,-22.5,-6.512301,39.0,4333.0,0.1913275524425506,False,REGULAR,USD,2026-12-18,7451.7001953125,0.03625,call,1.0266113503616583,0.5287671232876713,327.95000000000005
SPX261218C07675000,2026-06-08 14:38:47+00:00,7675.0,308.8,308.8,310.4,5.799988,1.9141874,2.0,4046.0,0.1874356464767456,False,REGULAR,USD,2026-12-18,7451.7001953125,0.03625,call,1.029966289415128,0.5287671232876713,309.6
SPX261218C07700000,2026-06-08 15:17:05+00:00,7700.0,304.8,297.2,298.6,21.299988,7.513223,69.0,12114.0,0.1864047348499298,False,REGULAR,USD,2026-12-18,7451.7001953125,0.03625,call,1.0333212284685975,0.5287671232876713,297.9
SPX261218C07725000,2026-06-08 14:38:36+00:00,7725.0,283.1,287.6,288.9,13.200012,4.890705,3.0,2158.0,0.186245472831726,False,REGULAR,USD,2026-12-18,7451.7001953125,0.03625,call,1.0366761675220668,0.5287671232876713,288.25
SPX261218C07750000,2026-06-08 15:17:37+00:00,7750.0,279.0,274.6,276.0,27.169998,10.789023,552.0,6569.0,0.1844659343528747,False,REGULAR,USD,2026-12-18,7451.7001953125,0.03625,call,1.0400311065755363,0.5287671232876713,275.3
SPX261218C07775000,2026-06-08 14:38:33+00:00,7775.0,258.4,261.2,262.6,-9.200012,-3.4379716,2.0,1287.0,0.1823201885986328,False,REGULAR,USD,2026-12-18,7451.7001953125,0.03625,call,1.0433860456290058,0.5287671232876713,261.9
SPX261218C07800000,2026-06-08 14:51:32+00:00,7800.0,248.86,246.9,248.4,23.36,10.359201,2.0,18237.0,0.1796546955394744,False,REGULAR,USD,2026-12-18,7451.7001953125,0.03625,call,1.0467409846824751,0.5287671232876713,247.65
SPX261218C07825000,2026-06-08 15:29:56+00:00,7825.0,235.89,234.6,235.9,-7.3099976,-3.0057557,5.0,3135.0,0.1776615361499786,False,REGULAR,USD,2026-12-18,7451.7001953125,0.03625,call,1.0500959237359448,0.5287671232876713,235.25
SPX261218C07850000,2026-06-08 14:38:38+00:00,7850.0,223.3,224.2,225.7,8.699997,4.0540524,5.0,3720.0,0.1766506514835357,False,REGULAR,USD,2026-12-18,7451.7001953125,0.03625,call,1.0534508627894144,0.5287671232876713,224.95
SPX261218C07875000,2026-06-05 19:13:43+00:00,7875.0,197.23,212.5,214.0,0.0,0.0,48.0,914.0,0.1747709782028198,False,REGULAR,USD,2026-12-18,7451.7001953125,0.03625,call,1.0568058018428836,0.5287671232876713,213.25
SPX261218C07900000,2026-06-08 13:35:02+00:00,7900.0,202.51,202.3,203.4,23.279999,12.988897,100.0,16763.0,0.173292797794342,False,REGULAR,USD,2026-12-18,7451.7001953125,0.03625,call,1.0601607408963531,0.5287671232876713,202.85
SPX261218C07925000,2026-06-08 14:21:25+00:00,7925.0,186.4,192.6,194.0,-15.400009,-7.631323,1.0,1046.0,0.1722790521335602,False,REGULAR,USD,2026-12-18,7451.7001953125,0.03625,call,1.0635156799498229,0.5287671232876713,193.3
SPX261218C07950000,2026-06-08 14:50:13+00:00,7950.0,184.5,184.1,185.5,-0.3999939,-0.21632986,1.0,2253.0,0.1715924134922027,False,REGULAR,USD,2026-12-18,7451.7001953125,0.03625,call,1.0668706190032922,0.5287671232876713,184.8
SPX261218C07975000,2026-06-08 15:18:09+00:00,7975.0,178.09,173.9,175.1,-7.1100006,-3.8390932,24.0,482.0,0.1697938017177582,False,REGULAR,USD,2026-12-18,7451.7001953125,0.03625,call,1.0702255580567617,0.5287671232876713,174.5
SPX261218C08000000,2026-06-08 15:10:35+00:00,8000.0,170.6,164.0,165.7,26.600006,18.472225,231.0,47800.0,0.1683604435539245,False,REGULAR,USD,2026-12-18,7451.7001953125,0.03625,call,1.0735804971102312,0.5287671232876713,164.85
SPX261218C08025000,2026-06-05 18:21:47+00:00,8025.0,155.73,158.1,159.3,0.0,0.0,21.0,274.0,0.1683795168495178,False,REGULAR,USD,2026-12-18,7451.7001953125,0.03625,call,1.076935436163701,0.5287671232876713,158.7
SPX261218C08050000,2026-06-05 16:52:12+00:00,8050.0,149.8,149.8,151.0,-6.7299957,-4.299493,4.0,1573.0,0.1672589607334137,False,REGULAR,USD,2026-12-18,7451.7001953125,0.03625,call,1.08029037521717,0.5287671232876713,150.4
SPX261218C08075000,2026-06-08 00:19:20+00:00,8075.0,129.74,140.3,141.5,-19.759995,-13.217388,5.0,425.0,0.1653268358898163,False,REGULAR,USD,2026-12-18,7451.7001953125,0.03625,call,1.0836453142706397,0.5287671232876713,140.9
SPX261218C08100000,2026-06-08 15:26:23+00:00,8100.0,135.59,134.7,135.6,11.909996,9.629686,62.0,7844.0,0.1652448207187652,False,REGULAR,USD,2026-12-18,7451.7001953125,0.03625,call,1.087000253324109,0.5287671232876713,135.14999999999998
SPX261218C08125000,2026-06-05 18:36:47+00:00,8125.0,121.73,127.3,128.2,0.0,0.0,17.0,780.0,0.1641900674724579,False,REGULAR,USD,2026-12-18,7451.7001953125,0.03625,call,1.0903551923775785,0.5287671232876713,127.75
SPX261218C08150000,2026-06-05 19:31:36+00:00,8150.0,108.6,119.9,120.9,0.0,0.0,572.0,3133.0,0.1630418550777435,False,REGULAR,USD,2026-12-18,7451.7001953125,0.03625,call,1.093710131431048,0.5287671232876713,120.4
SPX261218C08175000,2026-06-08 15:28:43+00:00,8175.0,114.1,113.0,113.6,9.459999,9.040519,34.0,654.0,0.1617362879943847,False,REGULAR,USD,2026-12-18,7451.7001953125,0.03625,call,1.0970650704845175,0.5287671232876713,113.3
SPX261218C08200000,2026-06-08 15:01:03+00:00,8200.0,108.63,105.0,106.3,12.93,13.510972,74.0,12101.0,0.1602628759098053,False,REGULAR,USD,2026-12-18,7451.7001953125,0.03625,call,1.1004200095379868,0.5287671232876713,105.65
SPX261218C08225000,2026-06-05 19:31:51+00:00,8225.0,91.09,99.7,100.6,0.0,0.0,14.0,227.0,0.1596172448539733,False,REGULAR,USD,2026-12-18,7451.7001953125,0.03625,call,1.1037749485914563,0.5287671232876713,100.15
SPX261218C08250000,2026-06-05 19:53:20+00:00,8250.0,86.69,95.1,96.0,0.0,0.0,816.0,5669.0,0.1595409516716003,False,REGULAR,USD,2026-12-18,7451.7001953125,0.03625,call,1.1071298876449258,0.5287671232876713,95.55
SPX261218C08275000,2026-06-04 17:02:04+00:00,8275.0,127.92,88.3,89.1,0.0,0.0,4.0,396.0,0.1578300770568848,False,REGULAR,USD,2026-12-18,7451.7001953125,0.03625,call,1.110484826698395,0.5287671232876713,88.69999999999999
SPX261218C08300000,2026-06-08 15:17:37+00:00,8300.0,86.0,83.0,83.8,9.290001,12.110548,860.0,8624.0,0.1570061106872559,False,REGULAR,USD,2026-12-18,7451.7001953125,0.03625,call,1.1138397657518648,0.5287671232876713,83.4
SPX261218C08325000,2026-06-05 16:40:48+00:00,8325.0,88.86,77.1,78.4,0.0,0.0,371.0,1523.0,0.1559570794296264,False,REGULAR,USD,2026-12-18,7451.7001953125,0.03625,call,1.1171947048053343,0.5287671232876713,77.75
SPX261218C08350000,2026-06-05 16:50:06+00:00,8350.0,78.23,72.6,73.7,0.0,0.0,374.0,2828.0,0.1552418308448792,False,REGULAR,USD,2026-12-18,7451.7001953125,0.03625,call,1.1205496438588036,0.5287671232876713,73.15
SPX261218C08375000,2026-06-05 20:00:58+00:00,8375.0,61.3,70.0,70.8,0.0,0.0,5.0,99.0,0.1557129412460327,False,REGULAR,USD,2026-12-18,7451.7001953125,0.03625,call,1.1239045829122731,0.5287671232876713,70.4
SPX261218C08400000,2026-06-08 07:21:44+00:00,8400.0,60.08,64.6,65.3,1.7800026,3.0531778,100.0,13660.0,0.1541145990753174,False,REGULAR,USD,2026-12-18,7451.7001953125,0.03625,call,1.1272595219657426,0.5287671232876713,64.94999999999999
SPX261218C08425000,2026-06-05 14:42:32+00:00,8425.0,73.6,60.8,61.5,0.0,0.0,5.0,15.0,0.1536473033332825,False,REGULAR,USD,2026-12-18,7451.7001953125,0.03625,call,1.130614461019212,0.5287671232876713,61.15
SPX261218C08450000,2026-06-05 19:20:43+00:00,8450.0,49.84,56.9,57.5,0.0,0.0,30.0,2157.0,0.1528767421913147,False,REGULAR,USD,2026-12-18,7451.7001953125,0.03625,call,1.1339694000726817,0.5287671232876713,57.2
SPX261218C08475000,2026-06-02 19:51:48+00:00,8475.0,90.3,54.0,54.9,0.0,0.0,3.0,9.0,0.1531285096931458,False,REGULAR,USD,2026-12-18,7451.7001953125,0.03625,call,1.1373243391261512,0.5287671232876713,54.45
SPX261218C08500000,2026-06-08 14:54:12+00:00,8500.0,50.78,50.8,51.4,7.029999,16.06857,35.0,12033.0,0.1525029055976867,False,REGULAR,USD,2026-12-18,7451.7001953125,0.03625,call,1.1406792781796204,0.5287671232876713,51.1
SPX261218C08525000,2026-06-05 16:36:57+00:00,8525.0,50.6,47.5,48.2,0.0,0.0,12.0,62.0,0.151995555934906,False,REGULAR,USD,2026-12-18,7451.7001953125,0.03625,call,1.14403421723309,0.5287671232876713,47.85
SPX261218C08550000,2026-06-08 14:11:40+00:00,8550.0,42.65,44.2,44.9,4.4000015,11.503272,10.0,3378.0,0.1512478827476501,False,REGULAR,USD,2026-12-18,7451.7001953125,0.03625,call,1.1473891562865597,0.5287671232876713,44.55
SPX261218C08575000,2026-06-05 16:35:53+00:00,8575.0,44.6,41.1,41.8,0.0,0.0,16.0,40.0,0.1505307268333435,False,REGULAR,USD,2026-12-18,7451.7001953125,0.03625,call,1.150744095340029,0.5287671232876713,41.45
SPX261218C08600000,2026-06-08 14:08:21+00:00,8600.0,36.7,39.0,39.7,2.5200005,7.372734,2.0,8596.0,0.1506604252433777,False,REGULAR,USD,2026-12-18,7451.7001953125,0.03625,call,1.1540990343934985,0.5287671232876713,39.35
SPX261218C08650000,2026-06-05 16:35:45+00:00,8650.0,36.4,34.0,34.7,0.0,0.0,9.0,240.0,0.1497449070549011,False,REGULAR,USD,2026-12-18,7451.7001953125,0.03625,call,1.1608089125004375,0.5287671232876713,34.35
SPX261218C08700000,2026-06-05 19:52:00+00:00,8700.0,27.4,29.4,30.0,0.0,0.0,541.0,5945.0,0.1485776213645935,False,REGULAR,USD,2026-12-18,7451.7001953125,0.03625,call,1.1675187906073765,0.5287671232876713,29.7
SPX261218C08800000,2026-06-08 14:21:25+00:00,8800.0,20.85,22.1,22.7,-3.4499989,-14.197526,302.0,18759.0,0.1471032556152343,False,REGULAR,USD,2026-12-18,7451.7001953125,0.03625,call,1.1809385468212543,0.5287671232876713,22.4
SPX261218C08900000,2026-06-08 14:18:41+00:00,8900.0,15.7,16.9,17.5,1.8999996,13.768113,31.0,2033.0,0.1465959059524536,False,REGULAR,USD,2026-12-18,7451.7001953125,0.03625,call,1.194358303035132,0.5287671232876713,17.2
SPX261218C09000000,2026-06-08 14:19:38+00:00,9000.0,11.85,12.8,13.4,0.45000076,3.9473753,93.0,40393.0,0.1461419615173339,False,REGULAR,USD,2026-12-18,7451.7001953125,0.03625,call,1.20777805924901,0.5287671232876713,13.1
SPX261218C09100000,2026-06-05 19:05:33+00:00,9100.0,8.6,9.6,9.9,0.0,0.0,21.0,4677.0,0.1450166370773315,False,REGULAR,USD,2026-12-18,7451.7001953125,0.03625,call,1.221197815462888,0.5287671232876713,9.75
SPX261218C09200000,2026-06-05 19:25:31+00:00,9200.0,6.4,7.3,7.7,0.0,0.0,4014.0,28398.0,0.1453637710571289,False,REGULAR,USD,2026-12-18,7451.7001953125,0.03625,call,1.2346175716767658,0.5287671232876713,7.5
SPX261218C09300000,2026-06-08 11:41:04+00:00,9300.0,6.04,5.6,5.9,-0.5100002,-7.786263,5.0,168.0,0.1454705815124511,False,REGULAR,USD,2026-12-18,7451.7001953125,0.03625,call,1.2480373278906436,0.5287671232876713,5.75
SPX261218C09400000,2026-06-05 17:26:25+00:00,9400.0,4.8,4.5,4.9,0.0,0.0,2202.0,6715.0,0.1473321351623535,False,REGULAR,USD,2026-12-18,7451.7001953125,0.03625,call,1.2614570841045216,0.5287671232876713,4.7
SPX261218C09600000,2026-06-05 18:15:31+00:00,9600.0,3.16,2.9,3.3,0.26,8.965517,4.0,4298.0,0.1503762331390381,False,REGULAR,USD,2026-12-18,7451.7001953125,0.03625,call,1.2882965965322772,0.5287671232876713,3.1
SPX261218C09800000,2026-06-04 15:07:08+00:00,9800.0,2.85,2.0,2.3,0.0,0.0,17.0,1100.0,0.1538475729370117,False,REGULAR,USD,2026-12-18,7451.7001953125,0.03625,call,1.315136108960033,0.5287671232876713,2.15
SPX261218C10000000,2026-06-05 19:16:25+00:00,10000.0,1.3,1.45,1.75,0.0,0.0,5.0,34250.0,0.1586082675170898,False,REGULAR,USD,2026-12-18,7451.7001953125,0.03625,call,1.341975621387789,0.5287671232876713,1.6
SPX261218C10200000,2026-06-03 18:43:43+00:00,10200.0,1.55,1.1,1.4,0.0,0.0,12.0,635.0,0.1638877557373047,False,REGULAR,USD,2026-12-18,7451.7001953125,0.03625,call,1.3688151338155448,0.5287671232876713,1.25
SPXW261231C07380000,2026-06-08 15:01:10+00:00,7380.0,520.04,510.0,511.5,26.329987,5.3330874,1.0,5.0,0.2130529897880554,True,REGULAR,USD,2026-12-31,7451.7001953125,0.03625,call,0.9903780085841882,0.5643835616438356,510.75
SPXW261231C07385000,2026-03-20 10:10:37+00:00,7385.0,151.4,314.6,318.1,0.0,0.0,12.0,12.0,0.1269666237926483,True,REGULAR,USD,2026-12-31,7451.7001953125,0.03625,call,0.991048996394882,0.5643835616438356,316.35
SPXW261231C07395000,2026-06-08 14:17:06+00:00,7395.0,486.0,500.0,501.4,19.369995,4.151039,7.0,16.0,0.2118132255744933,True,REGULAR,USD,2026-12-31,7451.7001953125,0.03625,call,0.99239097201627,0.5643835616438356,500.7
SPXW261231C07400000,2026-06-08 14:57:56+00:00,7400.0,502.82,496.8,498.0,47.26001,10.374047,202.0,906.0,0.2113788312673568,True,REGULAR,USD,2026-12-31,7451.7001953125,0.03625,call,0.9930619598269638,0.5643835616438356,497.4
SPXW261231C07405000,2026-05-21 18:33:38+00:00,7405.0,508.88,493.0,494.1,0.0,0.0,1.0,33.0,0.2107155574131012,True,REGULAR,USD,2026-12-31,7451.7001953125,0.03625,call,0.9937329476376576,0.5643835616438356,493.55
SPXW261231C07410000,2026-05-18 13:39:27+00:00,7410.0,488.33,490.0,491.6,0.0,0.0,1.0,63.0,0.210679318151474,True,REGULAR,USD,2026-12-31,7451.7001953125,0.03625,call,0.9944039354483516,0.5643835616438356,490.8
SPXW261231C07415000,2026-06-05 20:01:06+00:00,7415.0,455.1,486.5,488.1,0.0,0.0,1.0,13.0,0.2101891344547271,True,REGULAR,USD,2026-12-31,7451.7001953125,0.03625,call,0.9950749232590456,0.5643835616438356,487.3
SPXW261231C07420000,2026-06-05 15:54:01+00:00,7420.0,511.23,482.5,484.7,0.0,0.0,2.0,40.0,0.2097409120082854,True,REGULAR,USD,2026-12-31,7451.7001953125,0.03625,call,0.9957459110697392,0.5643835616438356,483.6
SPXW261231C07425000,2026-06-05 20:04:05+00:00,7425.0,439.34,479.0,480.5,0.0,0.0,181.0,123.0,0.2089302969455718,True,REGULAR,USD,2026-12-31,7451.7001953125,0.03625,call,0.9964168988804332,0.5643835616438356,479.75
SPXW261231C07430000,2026-06-05 16:30:44+00:00,7430.0,492.13,476.5,479.3,0.0,0.0,1.0,17.0,0.2094624418926238,True,REGULAR,USD,2026-12-31,7451.7001953125,0.03625,call,0.9970878866911272,0.5643835616438356,477.9
SPXW261231C07435000,2026-06-05 18:36:32+00:00,7435.0,464.26,472.0,473.6,0.0,0.0,1.0,18.0,0.2079718638420104,True,REGULAR,USD,2026-12-31,7451.7001953125,0.03625,call,0.997758874501821,0.5643835616438356,472.8
SPXW261231C07440000,2026-06-05 16:30:44+00:00,7440.0,485.57,470.0,471.1,0.0,0.0,1.0,12.0,0.207913690290451,True,REGULAR,USD,2026-12-31,7451.7001953125,0.03625,call,0.998429862312515,0.5643835616438356,470.55
SPXW261231C07445000,2026-05-22 14:24:00+00:00,7445.0,490.7,467.2,468.6,0.0,0.0,1.0,18.0,0.2078517020797728,True,REGULAR,USD,2026-12-31,7451.7001953125,0.03625,call,0.9991008501232088,0.5643835616438356,467.9
SPXW261231C07450000,2026-06-05 20:02:49+00:00,7450.0,424.94,463.5,466.3,0.0,0.0,143.0,2525.0,0.2078750668668746,True,REGULAR,USD,2026-12-31,7451.7001953125,0.03625,call,0.9997718379339028,0.5643835616438356,464.9
SPXW261231C07455000,2026-05-14 14:00:47+00:00,7455.0,515.0,460.6,461.8,0.0,0.0,1.0,5.0,0.2069094812774657,False,REGULAR,USD,2026-12-31,7451.7001953125,0.03625,call,1.0004428257445963,0.5643835616438356,461.2000000000001
SPXW261231C07460000,2026-06-04 19:44:56+00:00,7460.0,560.75,453.8,457.0,0.0,0.0,6000.0,2293.0,0.2058065679597854,False,REGULAR,USD,2026-12-31,7451.7001953125,0.03625,call,1.0011138135552906,0.5643835616438356,455.4
SPXW261231C07465000,2026-05-26 14:07:36+00:00,7465.0,520.1,452.6,455.0,0.0,0.0,2.0,12.0,0.2059539091682433,False,REGULAR,USD,2026-12-31,7451.7001953125,0.03625,call,1.0017848013659845,0.5643835616438356,453.8
SPXW261231C07470000,2026-04-16 13:59:53+00:00,7470.0,247.14,449.2,452.5,0.0,0.0,2.0,95.0,0.2058733244943618,False,REGULAR,USD,2026-12-31,7451.7001953125,0.03625,call,1.0024557891766783,0.5643835616438356,450.85
SPXW261231C07475000,2026-06-05 19:44:02+00:00,7475.0,421.08,446.4,447.8,0.0,0.0,162.0,343.0,0.2048047431087493,False,REGULAR,USD,2026-12-31,7451.7001953125,0.03625,call,1.0031267769873722,0.5643835616438356,447.1
SPXW261231C07480000,2026-06-01 19:16:14+00:00,7480.0,558.04,444.2,446.7,0.0,0.0,50.0,31.0,0.205343563709259,False,REGULAR,USD,2026-12-31,7451.7001953125,0.03625,call,1.003797764798066,0.5643835616438356,445.45
SPXW261231C07490000,2026-06-03 17:47:41+00:00,7490.0,523.7,441.2,442.5,0.0,0.0,10.0,817.0,0.205513316040039,False,REGULAR,USD,2026-12-31,7451.7001953125,0.03625,call,1.005139740419454,0.5643835616438356,441.85
SPXW261231C07500000,2026-06-08 14:57:56+00:00,7500.0,437.6,435.0,436.3,30.130005,7.3944106,1.0,1192.0,0.2047751795005797,False,REGULAR,USD,2026-12-31,7451.7001953125,0.03625,call,1.0064817160408417,0.5643835616438356,435.65
SPXW261231C07510000,2026-06-05 16:02:54+00:00,7510.0,449.68,424.6,428.1,0.0,0.0,1.0,169.0,0.203127246761322,False,REGULAR,USD,2026-12-31,7451.7001953125,0.03625,call,1.0078236916622294,0.5643835616438356,426.35
SPXW261231C07520000,2026-06-05 17:41:37+00:00,7520.0,420.7,419.5,421.0,-14.079987,-3.2384164,1.0,30.0,0.2019571000766754,False,REGULAR,USD,2026-12-31,7451.7001953125,0.03625,call,1.0091656672836171,0.5643835616438356,420.25
SPXW261231C07525000,2026-06-05 20:01:06+00:00,7525.0,387.3,415.4,417.2,0.0,0.0,98.0,110.0,0.2012542491340637,False,REGULAR,USD,2026-12-31,7451.7001953125,0.03625,call,1.0098366550943112,0.5643835616438356,416.3
SPXW261231C07530000,2026-06-05 16:26:58+00:00,7530.0,433.06,412.9,415.1,0.0,0.0,1.0,40.0,0.2013076543617248,False,REGULAR,USD,2026-12-31,7451.7001953125,0.03625,call,1.010507642905005,0.5643835616438356,414.0
SPXW261231C07540000,2026-06-08 14:17:06+00:00,7540.0,394.4,406.5,408.0,-72.600006,-15.54604,8.0,28.0,0.200106990404129,False,REGULAR,USD,2026-12-31,7451.7001953125,0.03625,call,1.0118496185263928,0.5643835616438356,407.25
SPXW261231C07550000,2026-06-05 20:01:50+00:00,7550.0,402.3,398.9,401.5,33.94998,9.216772,1.0,501.0,0.1991580939483642,False,REGULAR,USD,2026-12-31,7451.7001953125,0.03625,call,1.0131915941477807,0.5643835616438356,400.2
SPXW261231C07560000,2026-04-30 15:00:24+00:00,7560.0,260.59,394.0,395.8,0.0,0.0,6.0,16.0,0.1985515631484985,False,REGULAR,USD,2026-12-31,7451.7001953125,0.03625,call,1.0145335697691684,0.5643835616438356,394.9
SPXW261231C07570000,2026-05-01 16:59:43+00:00,7570.0,293.91,389.0,390.4,0.0,0.0,2.0,18.0,0.198063286781311,False,REGULAR,USD,2026-12-31,7451.7001953125,0.03625,call,1.015875545390556,0.5643835616438356,389.7
SPXW261231C07575000,2026-06-05 20:04:46+00:00,7575.0,349.29,385.5,387.0,0.0,0.0,52.0,88.0,0.1974996708965301,False,REGULAR,USD,2026-12-31,7451.7001953125,0.03625,call,1.01654653320125,0.5643835616438356,386.25
SPXW261231C07580000,2026-06-01 16:53:11+00:00,7580.0,477.1,382.0,384.1,0.0,0.0,1.0,45.0,0.1971563515758514,False,REGULAR,USD,2026-12-31,7451.7001953125,0.03625,call,1.017217521011944,0.5643835616438356,383.05
SPXW261231C07590000,2026-06-05 20:01:50+00:00,7590.0,343.95,379.2,380.8,0.0,0.0,4.0,178.0,0.1975750104141235,False,REGULAR,USD,2026-12-31,7451.7001953125,0.03625,call,1.0185594966333318,0.5643835616438356,380.0
SPXW261231C07600000,2026-06-08 15:07:44+00:00,7600.0,380.75,373.9,375.4,31.529999,9.028692,13.0,504.0,0.1970390508079528,False,REGULAR,USD,2026-12-31,7451.7001953125,0.03625,call,1.0199014722547195,0.5643835616438356,374.65
SPXW261231C07610000,2026-06-05 19:16:26+00:00,7610.0,337.58,365.5,366.7,0.0,0.0,1.0,13.0,0.1950096521568298,False,REGULAR,USD,2026-12-31,7451.7001953125,0.03625,call,1.0212434478761074,0.5643835616438356,366.1
SPXW261231C07620000,2026-06-02 17:17:37+00:00,7620.0,465.4,360.0,361.5,0.0,0.0,2.0,17.0,0.1945299587726593,False,REGULAR,USD,2026-12-31,7451.7001953125,0.03625,call,1.0225854234974951,0.5643835616438356,360.75
SPXW261231C07625000,2026-06-01 14:22:16+00:00,7625.0,439.26,356.9,358.5,0.0,0.0,1.0,11.0,0.1941046242809296,False,REGULAR,USD,2026-12-31,7451.7001953125,0.03625,call,1.023256411308189,0.5643835616438356,357.7
SPXW261231C07630000,2026-06-03 16:28:08+00:00,7630.0,426.69,354.0,355.5,0.0,0.0,4.0,51.0,0.1936754751300812,False,REGULAR,USD,2026-12-31,7451.7001953125,0.03625,call,1.0239273991188829,0.5643835616438356,354.75
SPXW261231C07640000,2026-05-29 16:02:58+00:00,7640.0,434.61,348.5,349.8,0.0,0.0,53.0,253.0,0.1929382922554016,False,REGULAR,USD,2026-12-31,7451.7001953125,0.03625,call,1.0252693747402708,0.5643835616438356,349.15
SPXW261231C07650000,2026-06-05 19:59:35+00:00,7650.0,321.87,343.0,344.3,0.0,0.0,5.0,125.0,0.1922735879039764,False,REGULAR,USD,2026-12-31,7451.7001953125,0.03625,call,1.0266113503616583,0.5643835616438356,343.65
SPXW261231C07660000,2026-05-27 17:00:24+00:00,7660.0,388.3,337.0,338.5,0.0,0.0,1.0,10.0,0.1914572508525848,False,REGULAR,USD,2026-12-31,7451.7001953125,0.03625,call,1.0279533259830462,0.5643835616438356,337.75
SPXW261231C07670000,2026-05-01 15:12:48+00:00,7670.0,248.29,331.7,333.0,0.0,0.0,2.0,79.0,0.1907591682338714,False,REGULAR,USD,2026-12-31,7451.7001953125,0.03625,call,1.0292953016044342,0.5643835616438356,332.35
SPXW261231C07675000,2026-06-04 19:48:39+00:00,7675.0,418.94,329.1,330.3,0.0,0.0,13.0,14.0,0.1904253855609894,False,REGULAR,USD,2026-12-31,7451.7001953125,0.03625,call,1.029966289415128,0.5643835616438356,329.70000000000005
SPXW261231C07680000,2026-05-15 15:34:08+00:00,7680.0,351.59,326.3,328.3,0.0,0.0,5.0,118.0,0.1904034512710571,False,REGULAR,USD,2026-12-31,7451.7001953125,0.03625,call,1.030637277225822,0.5643835616438356,327.3
SPXW261231C07690000,2026-06-08 13:37:40+00:00,7690.0,315.83,320.6,323.4,11.189972,3.6731787,10.0,26.0,0.1899409238529205,False,REGULAR,USD,2026-12-31,7451.7001953125,0.03625,call,1.0319792528472096,0.5643835616438356,322.0
SPXW261231C07700000,2026-06-08 15:07:44+00:00,7700.0,324.15,315.6,317.0,23.699982,7.8881607,23.0,1306.0,0.1887831748104095,False,REGULAR,USD,2026-12-31,7451.7001953125,0.03625,call,1.0333212284685975,0.5643835616438356,316.3
SPXW261231C07710000,2026-06-08 13:37:40+00:00,7710.0,305.45,310.2,311.5,5.9400024,1.98324,10.0,197.0,0.1880135673332214,False,REGULAR,USD,2026-12-31,7451.7001953125,0.03625,call,1.0346632040899852,0.5643835616438356,310.85
SPXW261231C07720000,2026-05-18 13:05:49+00:00,7720.0,318.1,304.9,306.5,0.0,0.0,6.0,24.0,0.1874528124427795,False,REGULAR,USD,2026-12-31,7451.7001953125,0.03625,call,1.036005179711373,0.5643835616438356,305.7
SPXW261231C07725000,2026-06-08 14:06:17+00:00,7725.0,295.08,302.1,303.9,8.369995,2.9193246,13.0,81.0,0.1871199834346771,False,REGULAR,USD,2026-12-31,7451.7001953125,0.03625,call,1.0366761675220668,0.5643835616438356,303.0
SPXW261231C07730000,2026-06-08 14:43:57+00:00,7730.0,302.57,302.1,303.5,17.220001,6.0346947,13.0,1036.0,0.1877827804565429,False,REGULAR,USD,2026-12-31,7451.7001953125,0.03625,call,1.037347155332761,0.5643835616438356,302.8
SPXW261231C07740000,2026-06-05 18:44:15+00:00,7740.0,284.34,295.5,296.6,0.0,0.0,93.0,159.0,0.1863227196788787,False,REGULAR,USD,2026-12-31,7451.7001953125,0.03625,call,1.0386891309541486,0.5643835616438356,296.05
SPXW261231C07750000,2026-06-05 20:11:31+00:00,7750.0,254.0,288.9,290.5,0.0,0.0,33.0,194.0,0.1852050245571135,False,REGULAR,USD,2026-12-31,7451.7001953125,0.03625,call,1.0400311065755363,0.5643835616438356,289.7
SPXW261231C07760000,2026-05-27 00:23:17+00:00,7760.0,280.58,284.6,286.0,-57.55002,-17.020086,12.0,60.0,0.1847997170257568,False,REGULAR,USD,2026-12-31,7451.7001953125,0.03625,call,1.0413730821969245,0.5643835616438356,285.3
SPXW261231C07770000,2026-05-12 19:48:19+00:00,7770.0,288.4,278.6,280.5,0.0,0.0,1.0,191.0,0.1839185307693481,False,REGULAR,USD,2026-12-31,7451.7001953125,0.03625,call,1.042715057818312,0.5643835616438356,279.55
SPXW261231C07775000,2026-05-27 13:45:26+00:00,7775.0,323.8,279.2,280.9,0.0,0.0,8.0,10.0,0.1849160641288757,False,REGULAR,USD,2026-12-31,7451.7001953125,0.03625,call,1.0433860456290058,0.5643835616438356,280.04999999999995
SPXW261231C07780000,2026-06-05 18:23:25+00:00,7780.0,273.51,271.9,275.5,0.0,0.0,14.0,118.0,0.1832461970996856,False,REGULAR,USD,2026-12-31,7451.7001953125,0.03625,call,1.0440570334396997,0.5643835616438356,273.7
SPXW261231C07790000,2026-06-01 18:59:35+00:00,7790.0,362.79,269.6,271.2,0.0,0.0,1.0,64.0,0.1828780824947357,False,REGULAR,USD,2026-12-31,7451.7001953125,0.03625,call,1.0453990090610876,0.5643835616438356,270.4
SPXW261231C07800000,2026-06-08 13:40:40+00:00,7800.0,258.7,264.3,265.5,6.600006,2.618011,7.0,1903.0,0.1818443098735809,False,REGULAR,USD,2026-12-31,7451.7001953125,0.03625,call,1.0467409846824751,0.5643835616438356,264.9
SPXW261231C07810000,2026-06-08 13:30:02+00:00,7810.0,262.33,260.0,261.3,-78.05002,-22.93026,1.0,89.0,0.1814857319164276,False,REGULAR,USD,2026-12-31,7451.7001953125,0.03625,call,1.048082960303863,0.5643835616438356,260.65
SPXW261231C07820000,2026-06-01 18:59:14+00:00,7820.0,346.67,255.3,256.5,0.0,0.0,1.0,109.0,0.1808286568832397,False,REGULAR,USD,2026-12-31,7451.7001953125,0.03625,call,1.049424935925251,0.5643835616438356,255.9
SPXW261231C07825000,2026-06-04 10:44:28+00:00,7825.0,298.12,253.2,254.5,0.0,0.0,10.0,11.0,0.1806798851776123,False,REGULAR,USD,2026-12-31,7451.7001953125,0.03625,call,1.0500959237359448,0.5643835616438356,253.85
SPXW261231C07830000,2026-06-05 16:28:02+00:00,7830.0,266.83,250.7,251.9,0.0,0.0,4.0,34.0,0.1802459677028656,False,REGULAR,USD,2026-12-31,7451.7001953125,0.03625,call,1.0507669115466387,0.5643835616438356,251.3
SPXW261231C07840000,2026-06-01 18:40:06+00:00,7840.0,335.41,246.3,247.5,0.0,0.0,8.0,151.0,0.1797376643753052,False,REGULAR,USD,2026-12-31,7451.7001953125,0.03625,call,1.0521088871680264,0.5643835616438356,246.9
SPXW261231C07850000,2026-06-01 16:32:17+00:00,7850.0,244.06,241.7,243.5,-72.92999,-23.007032,1.0,89.0,0.1793972060489654,False,REGULAR,USD,2026-12-31,7451.7001953125,0.03625,call,1.0534508627894144,0.5643835616438356,242.6
SPXW261231C07860000,2026-06-05 18:16:14+00:00,7860.0,235.4,237.0,238.4,0.0,0.0,7.0,25.0,0.1785207881164551,False,REGULAR,USD,2026-12-31,7451.7001953125,0.03625,call,1.054792838410802,0.5643835616438356,237.7
SPXW261231C07870000,2026-05-29 16:44:58+00:00,7870.0,308.62,232.5,234.1,0.0,0.0,5.0,5.0,0.1780010408115387,False,REGULAR,USD,2026-12-31,7451.7001953125,0.03625,call,1.0561348140321898,0.5643835616438356,233.3
SPXW261231C07875000,2026-05-29 16:41:24+00:00,7875.0,307.53,231.3,233.0,0.0,0.0,1.0,4.0,0.1782308740234375,False,REGULAR,USD,2026-12-31,7451.7001953125,0.03625,call,1.0568058018428836,0.5643835616438356,232.15
SPXW261231C07890000,2026-03-06 17:22:13+00:00,7890.0,71.5,33.5,34.9,0.0,0.0,2.0,0.0,0.0746018444061279,False,REGULAR,USD,2026-12-31,7451.7001953125,0.03625,call,1.0588187652749654,0.5643835616438356,34.2
SPXW261231C07910000,2026-06-05 17:11:31+00:00,7910.0,222.8,214.1,215.7,0.0,0.0,2.0,16.0,0.1751438611316681,False,REGULAR,USD,2026-12-31,7451.7001953125,0.03625,call,1.061502716517741,0.5643835616438356,214.9
SPXW261231C07920000,2026-05-29 13:48:37+00:00,7920.0,203.48,211.3,212.4,-85.53999,-29.596565,10.0,24.0,0.1750027187442779,False,REGULAR,USD,2026-12-31,7451.7001953125,0.03625,call,1.0628446921391288,0.5643835616438356,211.85
SPXW261231C07930000,2026-06-05 18:05:36+00:00,7930.0,211.7,206.4,209.1,0.0,0.0,8.0,56.0,0.1748444103908538,False,REGULAR,USD,2026-12-31,7451.7001953125,0.03625,call,1.0641866677605163,0.5643835616438356,207.75
SPXW261231C07940000,2026-06-05 18:16:00+00:00,7940.0,201.1,203.1,204.2,0.0,0.0,2.0,114.0,0.1738888382816314,False,REGULAR,USD,2026-12-31,7451.7001953125,0.03625,call,1.0655286433819045,0.5643835616438356,203.65
SPXW261231C07950000,2026-06-05 17:52:33+00:00,7950.0,200.5,198.8,200.0,-5.5,-2.6699028,2.0,3486.0,0.1732517902088165,False,REGULAR,USD,2026-12-31,7451.7001953125,0.03625,call,1.0668706190032922,0.5643835616438356,199.4
SPXW261231C07960000,2026-06-05 15:47:37+00:00,7960.0,214.5,195.0,196.5,0.0,0.0,2.0,9.0,0.1729370808315277,False,REGULAR,USD,2026-12-31,7451.7001953125,0.03625,call,1.06821259462468,0.5643835616438356,195.75
SPXW261231C07970000,2026-06-03 14:27:20+00:00,7970.0,253.7,191.4,192.5,0.0,0.0,1.0,22.0,0.1723562989807129,False,REGULAR,USD,2026-12-31,7451.7001953125,0.03625,call,1.0695545702460678,0.5643835616438356,191.95
SPXW261231C07975000,2026-05-29 14:12:52+00:00,7975.0,263.9,191.8,193.0,0.0,0.0,18.0,33.0,0.1732966124534606,False,REGULAR,USD,2026-12-31,7451.7001953125,0.03625,call,1.0702255580567617,0.5643835616438356,192.4
SPXW261231C07980000,2026-06-05 18:15:49+00:00,7980.0,186.5,186.9,188.2,0.0,0.0,12.0,8209.0,0.1716048111343384,False,REGULAR,USD,2026-12-31,7451.7001953125,0.03625,call,1.0708965458674555,0.5643835616438356,187.55
SPXW261231C07985000,2026-05-08 16:06:14+00:00,7985.0,190.27,185.7,186.9,0.0,0.0,1.0,200.0,0.1716429577255249,False,REGULAR,USD,2026-12-31,7451.7001953125,0.03625,call,1.0715675336781494,0.5643835616438356,186.3
SPXW261231C07990000,2026-06-05 17:52:55+00:00,7990.0,190.2,184.0,185.0,0.0,0.0,18.0,9058.0,0.1713787925815582,False,REGULAR,USD,2026-12-31,7451.7001953125,0.03625,call,1.0722385214888432,0.5643835616438356,184.5
SPXW261231C07995000,2026-05-29 15:41:15+00:00,7995.0,177.23,183.7,184.8,-72.07001,-28.908949,5.0,102.0,0.171959574432373,False,REGULAR,USD,2026-12-31,7451.7001953125,0.03625,call,1.072909509299537,0.5643835616438356,184.25
SPXW261231C08000000,2026-06-08 13:38:21+00:00,8000.0,178.32,178.7,180.9,13.320007,8.072732,4.0,14228.0,0.1706816636276245,False,REGULAR,USD,2026-12-31,7451.7001953125,0.03625,call,1.0735804971102312,0.5643835616438356,179.8
SPXW261231C08005000,2026-05-29 15:00:00+00:00,8005.0,241.03,178.2,179.5,0.0,0.0,10.0,89.0,0.170652100019455,False,REGULAR,USD,2026-12-31,7451.7001953125,0.03625,call,1.074251484920925,0.5643835616438356,178.85
SPXW261231C08010000,2026-06-05 15:34:15+00:00,8010.0,197.0,176.6,177.5,0.0,0.0,7.0,11191.0,0.1703154563522338,False,REGULAR,USD,2026-12-31,7451.7001953125,0.03625,call,1.074922472731619,0.5643835616438356,177.05
SPXW261231C08015000,2026-05-29 15:42:22+00:00,8015.0,239.3,174.7,175.8,0.0,0.0,2.0,14.0,0.1701247233963013,False,REGULAR,USD,2026-12-31,7451.7001953125,0.03625,call,1.0755934605423128,0.5643835616438356,175.25
SPXW261231C08020000,2026-06-02 19:05:36+00:00,8020.0,168.31,173.0,173.9,-77.89,-31.63688,10.0,10247.0,0.1698271799850463,False,REGULAR,USD,2026-12-31,7451.7001953125,0.03625,call,1.0762644483530066,0.5643835616438356,173.45
SPXW261231C08025000,2026-06-08 14:44:15+00:00,8025.0,167.8,170.6,171.9,6.380005,3.9524252,1.0,102.0,0.1694733703517913,False,REGULAR,USD,2026-12-31,7451.7001953125,0.03625,call,1.076935436163701,0.5643835616438356,171.25
SPXW261231C08030000,2026-06-01 17:44:02+00:00,8030.0,241.1,169.4,170.6,0.0,0.0,1.0,11759.0,0.1694714630222321,False,REGULAR,USD,2026-12-31,7451.7001953125,0.03625,call,1.0776064239743943,0.5643835616438356,170.0
SPXW261231C08035000,2026-04-30 15:51:24+00:00,8035.0,94.7,167.8,168.6,0.0,0.0,2.0,52.0,0.1691062094116211,False,REGULAR,USD,2026-12-31,7451.7001953125,0.03625,call,1.0782774117850884,0.5643835616438356,168.2
SPXW261231C08040000,2026-06-08 09:51:13+00:00,8040.0,158.8,165.9,166.9,6.2299957,4.083369,6.0,48925.0,0.1688897275066376,False,REGULAR,USD,2026-12-31,7451.7001953125,0.03625,call,1.0789483995957825,0.5643835616438356,166.4
SPXW261231C08045000,2026-05-13 15:30:03+00:00,8045.0,159.84,163.7,165.1,-20.160004,-11.200002,5.0,59.0,0.1686150720500946,False,REGULAR,USD,2026-12-31,7451.7001953125,0.03625,call,1.079619387406476,0.5643835616438356,164.39999999999998
SPXW261231C08050000,2026-06-05 19:33:12+00:00,8050.0,149.92,164.1,165.0,0.0,0.0,4.0,32505.0,0.1692158808612823,False,REGULAR,USD,2026-12-31,7451.7001953125,0.03625,call,1.08029037521717,0.5643835616438356,164.55
SPXW261231C08055000,2026-06-03 19:48:35+00:00,8055.0,214.7,161.1,162.3,0.0,0.0,1.0,90.0,0.1684663003444672,False,REGULAR,USD,2026-12-31,7451.7001953125,0.03625,call,1.080961363027864,0.5643835616438356,161.7
SPXW261231C08060000,2026-06-05 19:11:48+00:00,8060.0,146.17,158.9,159.7,0.0,0.0,1.0,14809.0,0.1677596347427368,False,REGULAR,USD,2026-12-31,7451.7001953125,0.03625,call,1.081632350838558,0.5643835616438356,159.3
SPXW261231C08065000,2026-05-19 14:23:37+00:00,8065.0,136.68,157.4,158.3,0.0,0.0,25.0,56.0,0.1676718975830078,False,REGULAR,USD,2026-12-31,7451.7001953125,0.03625,call,1.0823033386492518,0.5643835616438356,157.85000000000002
SPXW261231C08070000,2026-06-08 14:44:24+00:00,8070.0,152.9,155.6,156.9,-77.630005,-33.67458,7.0,28843.0,0.1675803457641602,False,REGULAR,USD,2026-12-31,7451.7001953125,0.03625,call,1.0829743264599456,0.5643835616438356,156.25
SPXW261231C08075000,2026-06-05 15:08:44+00:00,8075.0,177.09,154.2,155.3,0.0,0.0,2.0,47.0,0.1673781688308716,False,REGULAR,USD,2026-12-31,7451.7001953125,0.03625,call,1.0836453142706397,0.5643835616438356,154.75
SPXW261231C08080000,2026-06-08 09:53:06+00:00,8080.0,146.2,152.4,153.2,-46.33,-24.063782,6.0,12981.0,0.166907058429718,False,REGULAR,USD,2026-12-31,7451.7001953125,0.03625,call,1.0843163020813331,0.5643835616438356,152.8
SPXW261231C08085000,2026-05-19 14:03:57+00:00,8085.0,136.93,152.0,153.2,0.0,0.0,24.0,13.0,0.1675402918434143,False,REGULAR,USD,2026-12-31,7451.7001953125,0.03625,call,1.0849872898920274,0.5643835616438356,152.6
SPXW261231C08090000,2026-06-04 15:38:46+00:00,8090.0,199.45,145.1,149.3,0.0,0.0,1.0,17813.0,0.1661012116909027,False,REGULAR,USD,2026-12-31,7451.7001953125,0.03625,call,1.0856582777027213,0.5643835616438356,147.2
SPXW261231C08095000,2026-06-05 18:26:07+00:00,8095.0,145.75,147.2,148.3,0.0,0.0,52.0,109.0,0.166196578168869,False,REGULAR,USD,2026-12-31,7451.7001953125,0.03625,call,1.0863292655134151,0.5643835616438356,147.75
SPXW261231C08100000,2026-06-08 13:54:35+00:00,8100.0,143.44,145.9,147.0,7.5400085,5.548204,6.0,41013.0,0.1661269606399537,False,REGULAR,USD,2026-12-31,7451.7001953125,0.03625,call,1.087000253324109,0.5643835616438356,146.45
SPXW261231C08105000,2026-06-05 15:00:08+00:00,8105.0,168.9,144.3,145.8,0.0,0.0,1.0,31.0,0.1661069336795807,False,REGULAR,USD,2026-12-31,7451.7001953125,0.03625,call,1.0876712411348028,0.5643835616438356,145.05
SPXW261231C08110000,2026-05-19 19:45:51+00:00,8110.0,128.96,143.1,143.9,0.0,0.0,10.0,16000.0,0.1657054408073425,False,REGULAR,USD,2026-12-31,7451.7001953125,0.03625,call,1.0883422289454967,0.5643835616438356,143.5
SPXW261231C08115000,2026-05-08 13:30:59+00:00,8115.0,135.3,141.7,142.5,0.0,0.0,2.0,2.0,0.1655671594142914,False,REGULAR,USD,2026-12-31,7451.7001953125,0.03625,call,1.0890132167561908,0.5643835616438356,142.1
SPXW261231C08120000,2026-05-29 15:49:10+00:00,8120.0,143.9,139.2,140.7,-51.700012,-26.431498,5.0,23777.0,0.1652066741275787,False,REGULAR,USD,2026-12-31,7451.7001953125,0.03625,call,1.0896842045668846,0.5643835616438356,139.95
SPXW261231C08125000,2026-06-03 15:08:06+00:00,8125.0,189.31,139.7,140.7,0.0,0.0,13.0,68.0,0.1658208342456818,False,REGULAR,USD,2026-12-31,7451.7001953125,0.03625,call,1.0903551923775785,0.5643835616438356,140.2
SPXW261231C08130000,2026-06-05 15:38:21+00:00,8130.0,152.97,138.3,139.1,0.0,0.0,1.0,28459.0,0.1655604837608337,False,REGULAR,USD,2026-12-31,7451.7001953125,0.03625,call,1.0910261801882724,0.5643835616438356,138.7
SPXW261231C08135000,2026-06-05 19:24:28+00:00,8135.0,122.31,135.6,136.9,0.0,0.0,1.0,17.0,0.1649653969383239,False,REGULAR,USD,2026-12-31,7451.7001953125,0.03625,call,1.0916971679989662,0.5643835616438356,136.25
SPXW261231C08140000,2026-06-02 19:03:25+00:00,8140.0,196.84,130.1,134.4,0.0,0.0,1.0,20362.0,0.1641948357963562,False,REGULAR,USD,2026-12-31,7451.7001953125,0.03625,call,1.09236815580966,0.5643835616438356,132.25
SPXW261231C08150000,2026-06-05 18:38:14+00:00,8150.0,127.34,131.2,132.2,0.0,0.0,3.0,41819.0,0.1641824381542206,False,REGULAR,USD,2026-12-31,7451.7001953125,0.03625,call,1.093710131431048,0.5643835616438356,131.7
SPXW261231C08160000,2026-06-05 17:47:08+00:00,8160.0,134.2,128.3,129.1,0.0,0.0,35005.0,45005.0,0.1636493395423889,False,REGULAR,USD,2026-12-31,7451.7001953125,0.03625,call,1.0950521070524355,0.5643835616438356,128.7
SPXW261231C08170000,2026-06-05 16:22:16+00:00,8170.0,135.74,125.5,126.3,0.0,0.0,35000.0,22396.0,0.163261197977066,False,REGULAR,USD,2026-12-31,7451.7001953125,0.03625,call,1.0963940826738234,0.5643835616438356,125.9
SPXW261231C08175000,2026-06-02 14:35:59+00:00,8175.0,181.88,124.1,125.0,0.0,0.0,1.0,27.0,0.1631152872657776,False,REGULAR,USD,2026-12-31,7451.7001953125,0.03625,call,1.0970650704845175,0.5643835616438356,124.55
SPXW261231C08180000,2026-06-05 17:40:52+00:00,8180.0,131.66,121.9,122.8,0.0,0.0,40003.0,57899.0,0.1624515365791321,False,REGULAR,USD,2026-12-31,7451.7001953125,0.03625,call,1.0977360582952114,0.5643835616438356,122.35
SPXW261231C08190000,2026-06-05 16:22:16+00:00,8190.0,129.91,119.3,120.2,0.0,0.0,40004.0,42720.0,0.1621301515483856,False,REGULAR,USD,2026-12-31,7451.7001953125,0.03625,call,1.099078033916599,0.5643835616438356,119.75
SPXW261231C08200000,2026-06-05 19:03:26+00:00,8200.0,110.72,117.5,118.7,0.0,0.0,12.0,29726.0,0.1624248339653015,False,REGULAR,USD,2026-12-31,7451.7001953125,0.03625,call,1.1004200095379868,0.5643835616438356,118.1
SPXW261231C08210000,2026-06-04 15:31:49+00:00,8210.0,157.6,114.7,115.9,0.0,0.0,19.0,107.0,0.1619480015754699,False,REGULAR,USD,2026-12-31,7451.7001953125,0.03625,call,1.1017619851593747,0.5643835616438356,115.3
SPXW261231C08220000,2026-06-04 15:32:02+00:00,8220.0,154.7,111.9,112.9,0.0,0.0,9.0,98.0,0.1613300267982483,False,REGULAR,USD,2026-12-31,7451.7001953125,0.03625,call,1.1031039607807624,0.5643835616438356,112.4
SPXW261231C08230000,2026-06-04 15:20:57+00:00,8230.0,150.4,109.7,110.7,0.0,0.0,7.0,59.0,0.1611612281322479,False,REGULAR,USD,2026-12-31,7451.7001953125,0.03625,call,1.1044459364021502,0.5643835616438356,110.2
SPXW261231C08240000,2026-06-04 16:31:14+00:00,8240.0,150.0,107.4,108.2,0.0,0.0,6.0,145.0,0.1607940671920776,False,REGULAR,USD,2026-12-31,7451.7001953125,0.03625,call,1.105787912023538,0.5643835616438356,107.8
SPXW261231C08250000,2026-06-05 17:01:43+00:00,8250.0,111.83,103.7,105.1,0.0,0.0,20.0,190.0,0.1600387646865844,False,REGULAR,USD,2026-12-31,7451.7001953125,0.03625,call,1.1071298876449258,0.5643835616438356,104.4
SPXW261231C08260000,2026-06-02 18:21:22+00:00,8260.0,154.3,102.6,103.4,0.0,0.0,10.0,42.0,0.1601112432098388,False,REGULAR,USD,2026-12-31,7451.7001953125,0.03625,call,1.1084718632663135,0.5643835616438356,103.0
SPXW261231C08270000,2026-06-05 19:29:13+00:00,8270.0,92.7,99.6,101.1,0.0,0.0,3.0,67.0,0.1597984411621093,False,REGULAR,USD,2026-12-31,7451.7001953125,0.03625,call,1.1098138388877017,0.5643835616438356,100.35
SPXW261231C08280000,2026-06-05 19:51:16+00:00,8280.0,92.9,97.8,98.7,0.0,0.0,9.0,116.0,0.1594017166137695,False,REGULAR,USD,2026-12-31,7451.7001953125,0.03625,call,1.1111558145090892,0.5643835616438356,98.25
SPXW261231C08290000,2026-06-05 19:53:22+00:00,8290.0,89.8,96.8,97.7,0.0,0.0,15.0,142.0,0.1598613830375671,False,REGULAR,USD,2026-12-31,7451.7001953125,0.03625,call,1.112497790130477,0.5643835616438356,97.25
SPXW261231C08300000,2026-06-05 16:39:00+00:00,8300.0,91.67,92.1,93.7,-9.230003,-9.147675,1.0,366.0,0.1584079979133606,False,REGULAR,USD,2026-12-31,7451.7001953125,0.03625,call,1.1138397657518648,0.5643835616438356,92.9
SPXW261231C08350000,2026-06-05 18:40:10+00:00,8350.0,80.57,84.5,85.3,0.0,0.0,9.0,90.0,0.1582010526561737,False,REGULAR,USD,2026-12-31,7451.7001953125,0.03625,call,1.1205496438588036,0.5643835616438356,84.9
SPXW261231C08400000,2026-06-08 12:21:04+00:00,8400.0,72.37,73.7,74.4,5.3700027,8.014929,3.0,2008.0,0.1557920954227447,False,REGULAR,USD,2026-12-31,7451.7001953125,0.03625,call,1.1272595219657426,0.5643835616438356,74.05000000000001
SPXW261231C08450000,2026-06-08 11:10:54+00:00,8450.0,63.5,64.5,65.7,-6.050003,-8.698782,2.0,63.0,0.1543272663211822,False,REGULAR,USD,2026-12-31,7451.7001953125,0.03625,call,1.1339694000726817,0.5643835616438356,65.1
SPXW261231C08500000,2026-06-08 15:02:21+00:00,8500.0,59.8,58.5,59.2,10.299999,20.808079,20.0,2119.0,0.154019232597351,False,REGULAR,USD,2026-12-31,7451.7001953125,0.03625,call,1.1406792781796204,0.5643835616438356,58.85
SPXW261231C08550000,2026-06-05 19:08:53+00:00,8550.0,46.23,50.6,51.3,0.0,0.0,1.0,41.0,0.1520584978103638,False,REGULAR,USD,2026-12-31,7451.7001953125,0.03625,call,1.1473891562865597,0.5643835616438356,50.95
SPXW261231C08600000,2026-06-08 15:26:25+00:00,8600.0,46.1,44.9,46.0,8.75,23.427042,5.0,984.0,0.1517838423538208,False,REGULAR,USD,2026-12-31,7451.7001953125,0.03625,call,1.1540990343934985,0.5643835616438356,45.45
SPXW261231C08700000,2026-06-05 20:06:59+00:00,8700.0,28.65,34.0,35.1,0.0,0.0,4.0,108.0,0.1494683442687988,False,REGULAR,USD,2026-12-31,7451.7001953125,0.03625,call,1.1675187906073765,0.5643835616438356,34.55
SPXW261231C08800000,2026-06-08 14:33:17+00:00,8800.0,27.6,27.0,27.6,5.6499996,25.740314,8.0,2655.0,0.1487664469909668,False,REGULAR,USD,2026-12-31,7451.7001953125,0.03625,call,1.1809385468212543,0.5643835616438356,27.3
SPXW261231C08900000,2026-06-05 14:38:35+00:00,8900.0,26.4,20.2,20.8,0.0,0.0,48.0,109.0,0.1470231477737427,False,REGULAR,USD,2026-12-31,7451.7001953125,0.03625,call,1.194358303035132,0.5643835616438356,20.5
SPXW261231C09000000,2026-06-08 14:16:17+00:00,9000.0,14.6,15.4,15.9,1.7000008,13.178301,34.0,594.0,0.1461152589035034,False,REGULAR,USD,2026-12-31,7451.7001953125,0.03625,call,1.20777805924901,0.5643835616438356,15.65
SPX270115C07400000,2026-06-08 15:22:27+00:00,7400.0,529.0,520.6,522.7,48.890015,10.183086,125.0,5633.0,0.2148907018184662,True,REGULAR,USD,2027-01-15,7451.7001953125,0.03625,call,0.9930619598269638,0.6054794520547945,521.6500000000001
SPX270115C07425000,2026-06-05 20:08:48+00:00,7425.0,462.3,502.8,505.2,0.0,0.0,102.0,1004.0,0.2124989105510711,True,REGULAR,USD,2027-01-15,7451.7001953125,0.03625,call,0.9964168988804332,0.6054794520547945,504.0
SPX270115C07450000,2026-06-08 14:57:44+00:00,7450.0,495.0,487.8,489.9,47.799988,10.688727,6.0,2541.0,0.2109825835514068,True,REGULAR,USD,2027-01-15,7451.7001953125,0.03625,call,0.9997718379339028,0.6054794520547945,488.85
SPX270115C07475000,2026-06-05 19:44:02+00:00,7475.0,445.64,472.4,474.2,0.0,0.0,83.0,401.0,0.2092106743907928,False,REGULAR,USD,2027-01-15,7451.7001953125,0.03625,call,1.0031267769873722,0.6054794520547945,473.3
SPX270115C07500000,2026-06-08 14:22:58+00:00,7500.0,445.39,457.3,459.3,3.9000244,0.8833778,4.0,8120.0,0.2077010230445861,False,REGULAR,USD,2027-01-15,7451.7001953125,0.03625,call,1.0064817160408417,0.6054794520547945,458.3
SPX270115C07525000,2026-06-05 19:37:31+00:00,7525.0,420.21,442.5,444.6,0.0,0.0,44.0,361.0,0.2061932790279388,False,REGULAR,USD,2027-01-15,7451.7001953125,0.03625,call,1.0098366550943112,0.6054794520547945,443.55
SPX270115C07550000,2026-06-08 13:52:53+00:00,7550.0,424.75,423.6,425.6,21.079987,5.2220836,4.0,1224.0,0.2027438735198974,False,REGULAR,USD,2027-01-15,7451.7001953125,0.03625,call,1.0131915941477807,0.6054794520547945,424.6
SPX270115C07575000,2026-06-05 20:04:46+00:00,7575.0,373.12,409.2,411.4,0.0,0.0,135.0,1376.0,0.2012752297592163,False,REGULAR,USD,2027-01-15,7451.7001953125,0.03625,call,1.01654653320125,0.6054794520547945,410.3
SPX270115C07600000,2026-06-08 14:20:58+00:00,7600.0,385.42,394.4,396.6,10.420013,2.7786703,10.0,4856.0,0.1994575446891784,False,REGULAR,USD,2027-01-15,7451.7001953125,0.03625,call,1.0199014722547195,0.6054794520547945,395.5
SPX270115C07625000,2026-06-05 19:39:41+00:00,7625.0,365.2,380.6,382.6,0.0,0.0,15.0,561.0,0.1978925807857513,False,REGULAR,USD,2027-01-15,7451.7001953125,0.03625,call,1.023256411308189,0.6054794520547945,381.6
SPX270115C07650000,2026-06-08 14:39:58+00:00,7650.0,365.69,366.3,368.1,16.390015,4.692246,2.0,2707.0,0.196016722164154,False,REGULAR,USD,2027-01-15,7451.7001953125,0.03625,call,1.0266113503616583,0.6054794520547945,367.2000000000001
SPX270115C07675000,2026-06-05 20:08:48+00:00,7675.0,317.75,351.6,353.4,0.0,0.0,5.0,495.0,0.1939548989105225,False,REGULAR,USD,2027-01-15,7451.7001953125,0.03625,call,1.029966289415128,0.6054794520547945,352.5
SPX270115C07700000,2026-06-08 15:02:31+00:00,7700.0,346.72,338.5,340.5,22.820007,7.045387,153.0,3745.0,0.1925768533039093,False,REGULAR,USD,2027-01-15,7451.7001953125,0.03625,call,1.0333212284685975,0.6054794520547945,339.5
SPX270115C07725000,2026-06-05 19:49:23+00:00,7725.0,309.16,324.6,326.2,0.0,0.0,198.0,957.0,0.1904873737716674,False,REGULAR,USD,2027-01-15,7451.7001953125,0.03625,call,1.0366761675220668,0.6054794520547945,325.4
SPX270115C07750000,2026-06-08 14:04:08+00:00,7750.0,304.91,313.5,315.5,9.309998,3.1495254,2.0,440.0,0.1898713063240051,False,REGULAR,USD,2027-01-15,7451.7001953125,0.03625,call,1.0400311065755363,0.6054794520547945,314.5
SPX270115C07775000,2026-06-05 19:36:29+00:00,7775.0,282.5,301.2,303.2,0.0,0.0,9.0,617.0,0.1884541604614257,False,REGULAR,USD,2027-01-15,7451.7001953125,0.03625,call,1.0433860456290058,0.6054794520547945,302.2
SPX270115C07800000,2026-06-08 14:20:58+00:00,7800.0,278.91,286.8,288.6,9.309998,3.453263,20.0,2728.0,0.1859107364940643,False,REGULAR,USD,2027-01-15,7451.7001953125,0.03625,call,1.0467409846824751,0.6054794520547945,287.70000000000005
SPX270115C07825000,2026-06-05 19:36:07+00:00,7825.0,260.1,277.7,279.1,0.0,0.0,6.0,695.0,0.1855245022583007,False,REGULAR,USD,2027-01-15,7451.7001953125,0.03625,call,1.0500959237359448,0.6054794520547945,278.4
SPX270115C07850000,2026-06-08 13:51:35+00:00,7850.0,260.85,261.5,263.3,3.5700073,1.3875961,1.0,1129.0,0.1822076561546325,False,REGULAR,USD,2027-01-15,7451.7001953125,0.03625,call,1.0534508627894144,0.6054794520547945,262.4
SPX270115C07875000,2026-06-08 14:09:57+00:00,7875.0,248.62,253.6,255.0,9.220001,3.8512955,35.0,1003.0,0.1821532972621917,False,REGULAR,USD,2027-01-15,7451.7001953125,0.03625,call,1.0568058018428836,0.6054794520547945,254.3
SPX270115C07900000,2026-06-05 19:33:16+00:00,7900.0,225.2,239.9,241.4,0.0,0.0,260.0,1325.0,0.1795812633514404,False,REGULAR,USD,2027-01-15,7451.7001953125,0.03625,call,1.0601607408963531,0.6054794520547945,240.65
SPX270115C07925000,2026-06-05 19:50:46+00:00,7925.0,220.2,232.3,233.8,0.0,0.0,25.0,96.0,0.1796432515621185,False,REGULAR,USD,2027-01-15,7451.7001953125,0.03625,call,1.0635156799498229,0.6054794520547945,233.05
SPX270115C07950000,2026-06-08 14:10:35+00:00,7950.0,215.65,221.5,222.9,15.329987,7.6527486,2.0,1827.0,0.1780773339939118,False,REGULAR,USD,2027-01-15,7451.7001953125,0.03625,call,1.0668706190032922,0.6054794520547945,222.2
SPX270115C07975000,2026-06-04 18:11:47+00:00,7975.0,280.4,209.2,210.7,0.0,0.0,4.0,99.0,0.1757742335510254,False,REGULAR,USD,2027-01-15,7451.7001953125,0.03625,call,1.0702255580567617,0.6054794520547945,209.95
SPX270115C08000000,2026-06-08 14:57:35+00:00,8000.0,202.54,198.7,200.3,24.539993,13.786512,150.0,7184.0,0.1741854280281067,False,REGULAR,USD,2027-01-15,7451.7001953125,0.03625,call,1.0735804971102312,0.6054794520547945,199.5
SPX270115C08025000,2026-06-08 14:57:35+00:00,8025.0,192.99,190.0,191.3,11.810013,6.5183864,139.0,970.0,0.1731449797534942,False,REGULAR,USD,2027-01-15,7451.7001953125,0.03625,call,1.076935436163701,0.6054794520547945,190.65
SPX270115C08050000,2026-06-08 13:52:53+00:00,8050.0,180.85,180.5,181.8,-11.699997,-6.0763426,2.0,1244.0,0.1717392778682709,False,REGULAR,USD,2027-01-15,7451.7001953125,0.03625,call,1.08029037521717,0.6054794520547945,181.15
SPX270115C08075000,2026-06-05 18:07:18+00:00,8075.0,176.65,171.5,173.1,0.0,0.0,7.0,91.0,0.1706015557861328,False,REGULAR,USD,2027-01-15,7451.7001953125,0.03625,call,1.0836453142706397,0.6054794520547945,172.3
SPX270115C08100000,2026-06-05 17:34:08+00:00,8100.0,170.92,163.2,164.4,0.0,0.0,5.0,1780.0,0.1693379499530792,False,REGULAR,USD,2027-01-15,7451.7001953125,0.03625,call,1.087000253324109,0.6054794520547945,163.8
SPX270115C08125000,2026-06-05 19:40:24+00:00,8125.0,146.94,157.1,158.4,0.0,0.0,401.0,279.0,0.1693303206348419,False,REGULAR,USD,2027-01-15,7451.7001953125,0.03625,call,1.0903551923775785,0.6054794520547945,157.75
SPX270115C08150000,2026-06-02 15:30:24+00:00,8150.0,216.98,149.2,150.5,0.0,0.0,2.0,508.0,0.1682393281269074,False,REGULAR,USD,2027-01-15,7451.7001953125,0.03625,call,1.093710131431048,0.6054794520547945,149.85
SPX270115C08175000,2026-06-08 13:51:53+00:00,8175.0,138.7,139.8,141.1,8.610001,6.6184955,5.0,33.0,0.1662213734531403,False,REGULAR,USD,2027-01-15,7451.7001953125,0.03625,call,1.0970650704845175,0.6054794520547945,140.45
SPX270115C08200000,2026-06-08 15:00:13+00:00,8200.0,136.91,134.1,135.3,13.410004,10.858302,75.0,2128.0,0.1659877255821228,False,REGULAR,USD,2027-01-15,7451.7001953125,0.03625,call,1.1004200095379868,0.6054794520547945,134.7
SPX270115C08225000,2026-06-05 13:52:10+00:00,8225.0,122.04,125.8,127.0,-27.909996,-18.612867,1.0,314.0,0.1642730363082885,False,REGULAR,USD,2027-01-15,7451.7001953125,0.03625,call,1.1037749485914563,0.6054794520547945,126.4
SPX270115C08250000,2026-06-04 18:11:41+00:00,8250.0,170.6,119.7,120.8,0.0,0.0,3.0,372.0,0.1635806756782532,False,REGULAR,USD,2027-01-15,7451.7001953125,0.03625,call,1.1071298876449258,0.6054794520547945,120.25
SPX270115C08275000,2026-06-03 18:07:14+00:00,8275.0,155.63,113.0,114.1,0.0,0.0,40.0,85.0,0.1624801465225219,False,REGULAR,USD,2027-01-15,7451.7001953125,0.03625,call,1.110484826698395,0.6054794520547945,113.55
SPX270115C08300000,2026-06-08 15:21:18+00:00,8300.0,109.95,107.1,108.0,8.209999,8.069588,3.0,2266.0,0.1615932382774352,False,REGULAR,USD,2027-01-15,7451.7001953125,0.03625,call,1.1138397657518648,0.6054794520547945,107.55
SPX270115C08325000,2026-06-04 18:11:47+00:00,8325.0,147.4,102.5,103.7,0.0,0.0,3.0,278.0,0.161659041147232,False,REGULAR,USD,2027-01-15,7451.7001953125,0.03625,call,1.1171947048053343,0.6054794520547945,103.1
SPX270115C08350000,2026-06-08 15:21:18+00:00,8350.0,98.45,96.1,97.0,6.579994,7.1622877,4.0,242.0,0.160156065454483,False,REGULAR,USD,2027-01-15,7451.7001953125,0.03625,call,1.1205496438588036,0.6054794520547945,96.55
SPX270115C08375000,2026-06-05 16:44:04+00:00,8375.0,95.88,90.1,91.6,0.0,0.0,2.0,13.0,0.1593092111301422,False,REGULAR,USD,2027-01-15,7451.7001953125,0.03625,call,1.1239045829122731,0.6054794520547945,90.85
SPX270115C08400000,2026-06-08 15:21:18+00:00,8400.0,88.05,86.7,87.8,9.910004,12.68237,2.0,2718.0,0.1593654773521423,False,REGULAR,USD,2027-01-15,7451.7001953125,0.03625,call,1.1272595219657426,0.6054794520547945,87.25
SPX270115C08425000,2026-05-29 19:52:27+00:00,8425.0,119.6,80.0,81.5,0.0,0.0,1000.0,1000.0,0.1576689077091216,False,REGULAR,USD,2027-01-15,7451.7001953125,0.03625,call,1.130614461019212,0.6054794520547945,80.75
SPX270115C08475000,2026-06-02 17:38:45+00:00,8475.0,113.26,71.2,72.6,0.0,0.0,2.0,3.0,0.1563137500572204,False,REGULAR,USD,2027-01-15,7451.7001953125,0.03625,call,1.1373243391261512,0.6054794520547945,71.9
SPX270115C08500000,2026-06-08 13:44:47+00:00,8500.0,67.8,68.4,69.4,6.1000023,9.886552,2.0,2229.0,0.156346174659729,False,REGULAR,USD,2027-01-15,7451.7001953125,0.03625,call,1.1406792781796204,0.6054794520547945,68.9
SPX270115C08550000,2026-06-05 19:18:51+00:00,8550.0,54.0,60.4,61.2,0.0,0.0,150.0,150.0,0.154749739818573,False,REGULAR,USD,2027-01-15,7451.7001953125,0.03625,call,1.1473891562865597,0.6054794520547945,60.8
SPX270115C08600000,2026-06-08 15:22:17+00:00,8600.0,55.2,54.5,55.3,5.200001,10.400002,8.0,8330.0,0.1544560110664367,False,REGULAR,USD,2027-01-15,7451.7001953125,0.03625,call,1.1540990343934985,0.6054794520547945,54.9
SPX270115C08700000,2026-06-08 14:35:09+00:00,8700.0,40.72,42.2,43.1,-10.43,-20.391006,60.0,2150.0,0.15218247423172,False,REGULAR,USD,2027-01-15,7451.7001953125,0.03625,call,1.1675187906073765,0.6054794520547945,42.650000000000006
SPX270115C08800000,2026-06-08 15:06:57+00:00,8800.0,34.34,33.2,33.9,3.67,11.96609,3.0,1359.0,0.1508072896194458,False,REGULAR,USD,2027-01-15,7451.7001953125,0.03625,call,1.1809385468212543,0.6054794520547945,33.55
SPX270115C08900000,2026-06-05 14:24:33+00:00,8900.0,25.5,25.3,25.9,-6.799999,-21.05263,20.0,404.0,0.1488446475028991,False,REGULAR,USD,2027-01-15,7451.7001953125,0.03625,call,1.194358303035132,0.6054794520547945,25.6
SPX270115C09000000,2026-06-08 04:01:38+00:00,9000.0,18.55,19.8,20.4,-0.050001144,-0.26882336,10.0,4343.0,0.1482629119873047,False,REGULAR,USD,2027-01-15,7451.7001953125,0.03625,call,1.20777805924901,0.6054794520547945,20.1
SPX270115C09100000,2026-06-08 15:06:57+00:00,9100.0,16.09,15.3,15.8,2.3100004,16.76343,3.0,325.0,0.1474275016403198,False,REGULAR,USD,2027-01-15,7451.7001953125,0.03625,call,1.221197815462888,0.6054794520547945,15.55
SPX270115C09200000,2026-06-08 15:04:25+00:00,9200.0,12.3,11.9,12.3,-6.749999,-35.433067,4.0,831.0,0.1469659278869629,False,REGULAR,USD,2027-01-15,7451.7001953125,0.03625,call,1.2346175716767658,0.6054794520547945,12.1
SPX270115C09400000,2026-06-08 14:47:18+00:00,9400.0,7.6,7.2,7.5,0.7999997,11.764701,12.0,642.0,0.1466683844757079,False,REGULAR,USD,2027-01-15,7451.7001953125,0.03625,call,1.2614570841045216,0.6054794520547945,7.35
SPX270115C09600000,2026-06-05 18:14:19+00:00,9600.0,4.7,4.6,5.0,0.0,0.0,3.0,1262.0,0.1486138606262207,False,REGULAR,USD,2027-01-15,7451.7001953125,0.03625,call,1.2882965965322772,0.6054794520547945,4.8
SPX270115C09800000,2026-06-08 14:52:21+00:00,9800.0,3.4,3.1,3.5,-0.29999995,-8.108107,3.0,514.0,0.151451967010498,False,REGULAR,USD,2027-01-15,7451.7001953125,0.03625,call,1.315136108960033,0.6054794520547945,3.3
SPX270115C10000000,2026-06-08 14:35:09+00:00,10000.0,2.29,2.2,2.6,0.13999987,6.5116215,202.0,1637.0,0.1552055915832519,False,REGULAR,USD,2027-01-15,7451.7001953125,0.03625,call,1.341975621387789,0.6054794520547945,2.4000000000000004
SPX270115C10200000,2026-06-08 14:17:43+00:00,10200.0,1.75,1.7,1.95,0.0,0.0,25.0,1209.0,0.1588524057006836,False,REGULAR,USD,2027-01-15,7451.7001953125,0.03625,call,1.3688151338155448,0.6054794520547945,1.825
SPX270115C10400000,2026-06-04 13:46:40+00:00,10400.0,1.65,1.3,1.6,0.0,0.0,1.0,328.0,0.1638114625549316,False,REGULAR,USD,2027-01-15,7451.7001953125,0.03625,call,1.3956546462433004,0.6054794520547945,1.4500000000000002
SPX270115C10600000,2026-06-08 14:45:28+00:00,10600.0,1.25,1.0,1.3,-0.30999994,-19.871792,3.0,486.0,0.1682822430419922,False,REGULAR,USD,2027-01-15,7451.7001953125,0.03625,call,1.4224941586710562,0.6054794520547945,1.15
SPX270115C11000000,2026-06-05 19:46:04+00:00,11000.0,0.75,0.85,0.9,0.0,0.0,10.0,701.0,0.1772543212890625,False,REGULAR,USD,2027-01-15,7451.7001953125,0.03625,call,1.4761731835265677,0.6054794520547945,0.875
SPX270115C11400000,2026-06-08 15:28:34+00:00,11400.0,0.6,0.5,0.65,-0.099999964,-13.333329,21.0,1806.0,0.185982261352539,False,REGULAR,USD,2027-01-15,7451.7001953125,0.03625,call,1.5298522083820794,0.6054794520547945,0.575
SPX270219C07400000,2026-06-08 15:10:40+00:00,7400.0,582.65,571.2,573.2,-50.669983,-8.000691,2.0,2875.0,0.2200748235607147,True,REGULAR,USD,2027-02-19,7451.7001953125,0.03625,call,0.9930619598269638,0.7013698630136986,572.2
SPX270219C07425000,2026-06-03 14:08:32+00:00,7425.0,651.28,552.6,555.0,0.0,0.0,1.0,78.0,0.2175228166103363,True,REGULAR,USD,2027-02-19,7451.7001953125,0.03625,call,0.9964168988804332,0.7013698630136986,553.8
SPX270219C07450000,2026-06-05 18:46:10+00:00,7450.0,522.25,538.3,540.2,0.0,0.0,2.0,4024.0,0.2162763767433166,True,REGULAR,USD,2027-02-19,7451.7001953125,0.03625,call,0.9997718379339028,0.7013698630136986,539.25
SPX270219C07475000,2026-06-08 14:00:56+00:00,7475.0,509.95,526.1,528.1,-10.880005,-2.0889742,5.0,204.0,0.2160451130342483,False,REGULAR,USD,2027-02-19,7451.7001953125,0.03625,call,1.0031267769873722,0.7013698630136986,527.1
SPX270219C07500000,2026-06-08 15:10:40+00:00,7500.0,516.63,506.2,508.1,-93.16998,-15.278777,2.0,4233.0,0.2125704354095458,False,REGULAR,USD,2027-02-19,7451.7001953125,0.03625,call,1.0064817160408417,0.7013698630136986,507.15
SPX270219C07525000,2026-06-08 14:00:56+00:00,7525.0,478.79,489.7,491.7,-98.91,-17.121344,5.0,553.0,0.2104723728942871,False,REGULAR,USD,2027-02-19,7451.7001953125,0.03625,call,1.0098366550943112,0.7013698630136986,490.7
SPX270219C07550000,2026-06-08 04:19:54+00:00,7550.0,454.96,477.8,479.8,-92.120026,-16.838493,1.0,1477.0,0.2101061656188964,False,REGULAR,USD,2027-02-19,7451.7001953125,0.03625,call,1.0131915941477807,0.7013698630136986,478.8
SPX270219C07575000,2026-06-05 19:57:13+00:00,7575.0,442.1,459.4,461.7,0.0,0.0,1.0,150.0,0.2071817525720595,False,REGULAR,USD,2027-02-19,7451.7001953125,0.03625,call,1.01654653320125,0.7013698630136986,460.55
SPX270219C07600000,2026-06-05 18:01:34+00:00,7600.0,458.8,444.4,446.6,0.0,0.0,5.0,985.0,0.2053845712947845,False,REGULAR,USD,2027-02-19,7451.7001953125,0.03625,call,1.0199014722547195,0.7013698630136986,445.5
SPX270219C07625000,2026-05-06 15:12:39+00:00,7625.0,387.65,429.6,431.7,0.0,0.0,1.0,101.0,0.2035907278442382,False,REGULAR,USD,2027-02-19,7451.7001953125,0.03625,call,1.023256411308189,0.7013698630136986,430.65
SPX270219C07650000,2026-06-05 14:35:47+00:00,7650.0,462.9,415.2,417.1,0.0,0.0,7.0,235.0,0.2018388456439971,False,REGULAR,USD,2027-02-19,7451.7001953125,0.03625,call,1.0266113503616583,0.7013698630136986,416.15
SPX270219C07675000,2026-05-21 19:33:35+00:00,7675.0,408.88,402.2,404.5,0.0,0.0,2.0,131.0,0.2008112718439101,False,REGULAR,USD,2027-02-19,7451.7001953125,0.03625,call,1.029966289415128,0.7013698630136986,403.35
SPX270219C07700000,2026-06-05 18:46:10+00:00,7700.0,374.11,390.3,392.2,0.0,0.0,2.0,913.0,0.1998256592941284,False,REGULAR,USD,2027-02-19,7451.7001953125,0.03625,call,1.0333212284685975,0.7013698630136986,391.25
SPX270219C07725000,2026-05-22 15:32:51+00:00,7725.0,412.4,373.2,374.9,0.0,0.0,1.0,207.0,0.1967396000671386,False,REGULAR,USD,2027-02-19,7451.7001953125,0.03625,call,1.0366761675220668,0.7013698630136986,374.05
SPX270219C07750000,2026-06-04 19:50:01+00:00,7750.0,450.4,359.7,361.4,0.0,0.0,3.0,348.0,0.1951002503108978,False,REGULAR,USD,2027-02-19,7451.7001953125,0.03625,call,1.0400311065755363,0.7013698630136986,360.55
SPX270219C07775000,2026-06-04 15:36:03+00:00,7775.0,420.3,346.5,348.4,0.0,0.0,4.0,397.0,0.1935791549873352,False,REGULAR,USD,2027-02-19,7451.7001953125,0.03625,call,1.0433860456290058,0.7013698630136986,347.45
SPX270219C07800000,2026-06-03 14:08:32+00:00,7800.0,413.21,333.0,334.8,0.0,0.0,2.0,1822.0,0.1917233233261108,False,REGULAR,USD,2027-02-19,7451.7001953125,0.03625,call,1.0467409846824751,0.7013698630136986,333.9
SPX270219C07825000,2026-06-01 17:35:08+00:00,7825.0,311.23,323.4,325.2,-95.66998,-23.511915,10.0,327.0,0.191420057926178,False,REGULAR,USD,2027-02-19,7451.7001953125,0.03625,call,1.0500959237359448,0.7013698630136986,324.29999999999995
SPX270219C07850000,2026-06-08 14:09:57+00:00,7850.0,310.7,307.0,308.9,-91.29999,-22.711441,4.0,274.0,0.1882691494941711,False,REGULAR,USD,2027-02-19,7451.7001953125,0.03625,call,1.0534508627894144,0.7013698630136986,307.95
SPX270219C07875000,2026-06-04 19:50:01+00:00,7875.0,379.7,298.1,299.8,0.0,0.0,1.0,113.0,0.1880002160263061,False,REGULAR,USD,2027-02-19,7451.7001953125,0.03625,call,1.0568058018428836,0.7013698630136986,298.95000000000005
SPX270219C07900000,2026-06-05 19:57:15+00:00,7900.0,272.3,283.7,285.4,0.0,0.0,3.0,255.0,0.1854329504394531,False,REGULAR,USD,2027-02-19,7451.7001953125,0.03625,call,1.0601607408963531,0.7013698630136986,284.54999999999995
SPX270219C07925000,2026-06-03 17:13:02+00:00,7925.0,336.69,272.1,273.9,0.0,0.0,2.0,454.0,0.1839767043209075,False,REGULAR,USD,2027-02-19,7451.7001953125,0.03625,call,1.0635156799498229,0.7013698630136986,273.0
SPX270219C07950000,2026-06-05 19:36:04+00:00,7950.0,248.4,261.9,263.5,0.0,0.0,8.0,293.0,0.1828904801368713,False,REGULAR,USD,2027-02-19,7451.7001953125,0.03625,call,1.0668706190032922,0.7013698630136986,262.7
SPX270219C07975000,2026-06-05 18:46:10+00:00,7975.0,242.68,253.6,255.3,0.0,0.0,2.0,259.0,0.1826530176067352,False,REGULAR,USD,2027-02-19,7451.7001953125,0.03625,call,1.0702255580567617,0.7013698630136986,254.45
SPX270219C08000000,2026-06-08 02:59:04+00:00,8000.0,230.03,239.6,241.3,-86.97,-27.435331,52.0,4424.0,0.1798263551998138,False,REGULAR,USD,2027-02-19,7451.7001953125,0.03625,call,1.0735804971102312,0.7013698630136986,240.45
SPX270219C08025000,2026-06-01 18:55:25+00:00,8025.0,312.87,232.5,234.2,0.0,0.0,50.0,116.0,0.1798845287513732,False,REGULAR,USD,2027-02-19,7451.7001953125,0.03625,call,1.076935436163701,0.7013698630136986,233.35
SPX270219C08050000,2026-06-05 19:33:12+00:00,8050.0,206.87,222.8,224.6,0.0,0.0,2.0,332.0,0.1787649263000488,False,REGULAR,USD,2027-02-19,7451.7001953125,0.03625,call,1.08029037521717,0.7013698630136986,223.7
SPX270219C08075000,2026-06-01 14:16:43+00:00,8075.0,272.7,211.1,212.6,0.0,0.0,1.0,30.0,0.1764723161697388,False,REGULAR,USD,2027-02-19,7451.7001953125,0.03625,call,1.0836453142706397,0.7013698630136986,211.85
SPX270219C08100000,2026-06-04 19:50:01+00:00,8100.0,270.5,201.9,203.2,0.0,0.0,5.0,682.0,0.175225876302719,False,REGULAR,USD,2027-02-19,7451.7001953125,0.03625,call,1.087000253324109,0.7013698630136986,202.55
SPX270219C08125000,2026-06-05 20:05:31+00:00,8125.0,172.24,194.3,195.7,0.0,0.0,2.0,18.0,0.1747433219242096,False,REGULAR,USD,2027-02-19,7451.7001953125,0.03625,call,1.0903551923775785,0.7013698630136986,195.0
SPX270219C08150000,2026-06-05 14:21:18+00:00,8150.0,216.99,186.1,187.8,0.0,0.0,5.0,297.0,0.1739856352567672,False,REGULAR,USD,2027-02-19,7451.7001953125,0.03625,call,1.093710131431048,0.7013698630136986,186.95
SPX270219C08175000,2026-06-08 15:14:51+00:00,8175.0,180.74,176.4,177.6,15.320007,9.261279,8.0,102.0,0.1720492189216614,False,REGULAR,USD,2027-02-19,7451.7001953125,0.03625,call,1.0970650704845175,0.7013698630136986,177.0
SPX270219C08200000,2026-06-08 02:59:04+00:00,8200.0,159.93,169.6,171.2,-30.910004,-16.196817,52.0,1513.0,0.1717964977550506,False,REGULAR,USD,2027-02-19,7451.7001953125,0.03625,call,1.1004200095379868,0.7013698630136986,170.39999999999998
SPX270219C08225000,2026-06-05 15:20:29+00:00,8225.0,181.75,160.2,161.4,0.0,0.0,4.0,78.0,0.1698100140190124,False,REGULAR,USD,2027-02-19,7451.7001953125,0.03625,call,1.1037749485914563,0.7013698630136986,160.8
SPX270219C08250000,2026-06-04 17:02:05+00:00,8250.0,205.47,153.9,155.2,0.0,0.0,3.0,498.0,0.1694600190448761,False,REGULAR,USD,2027-02-19,7451.7001953125,0.03625,call,1.1071298876449258,0.7013698630136986,154.55
SPX270219C08275000,2026-06-04 19:32:32+00:00,8275.0,204.0,145.9,147.1,0.0,0.0,1.0,94.0,0.1680686221313477,False,REGULAR,USD,2027-02-19,7451.7001953125,0.03625,call,1.110484826698395,0.7013698630136986,146.5
SPX270219C08300000,2026-06-08 12:02:41+00:00,8300.0,138.1,138.9,140.3,-46.939987,-25.367481,8.0,1771.0,0.1672160458183288,False,REGULAR,USD,2027-02-19,7451.7001953125,0.03625,call,1.1138397657518648,0.7013698630136986,139.60000000000002
SPX270219C08325000,2026-06-04 19:50:01+00:00,8325.0,185.0,131.7,132.7,0.0,0.0,99.0,254.0,0.1658408612060547,False,REGULAR,USD,2027-02-19,7451.7001953125,0.03625,call,1.1171947048053343,0.7013698630136986,132.2
SPX270219C08350000,2026-06-03 17:02:12+00:00,8350.0,167.14,126.0,127.1,0.0,0.0,14.0,143.0,0.165398360748291,False,REGULAR,USD,2027-02-19,7451.7001953125,0.03625,call,1.1205496438588036,0.7013698630136986,126.55
SPX270219C08375000,2026-06-02 17:38:28+00:00,8375.0,174.3,120.7,122.2,0.0,0.0,30.0,84.0,0.1652410060596466,False,REGULAR,USD,2027-02-19,7451.7001953125,0.03625,call,1.1239045829122731,0.7013698630136986,121.45
SPX270219C08400000,2026-06-04 18:05:30+00:00,8400.0,160.4,113.9,114.9,0.0,0.0,329.0,1429.0,0.1636760421562195,False,REGULAR,USD,2027-02-19,7451.7001953125,0.03625,call,1.1272595219657426,0.7013698630136986,114.4
SPX270219C08500000,2026-06-05 16:26:44+00:00,8500.0,101.78,92.7,93.5,0.0,0.0,24.0,1181.0,0.160611917219162,False,REGULAR,USD,2027-02-19,7451.7001953125,0.03625,call,1.1406792781796204,0.7013698630136986,93.1
SPX270219C08550000,2026-06-01 20:03:39+00:00,8550.0,125.06,82.6,84.1,0.0,0.0,27.0,62.0,0.1592043080043792,False,REGULAR,USD,2027-02-19,7451.7001953125,0.03625,call,1.1473891562865597,0.7013698630136986,83.35
SPX270219C08600000,2026-06-08 13:58:05+00:00,8600.0,72.42,75.7,76.6,-11.9900055,-14.204483,17.0,773.0,0.1586082675170898,False,REGULAR,USD,2027-02-19,7451.7001953125,0.03625,call,1.1540990343934985,0.7013698630136986,76.15
SPX270219C08700000,2026-06-01 19:01:27+00:00,8700.0,96.0,61.4,62.3,0.0,0.0,1.0,616.0,0.1567638798332214,False,REGULAR,USD,2027-02-19,7451.7001953125,0.03625,call,1.1675187906073765,0.7013698630136986,61.85
SPX270219C08800000,2026-06-08 13:58:05+00:00,8800.0,46.71,49.0,49.9,3.2799988,7.55238,50.0,2074.0,0.1547220835399627,False,REGULAR,USD,2027-02-19,7451.7001953125,0.03625,call,1.1809385468212543,0.7013698630136986,49.45
SPX270219C08900000,2026-06-08 13:30:12+00:00,8900.0,39.7,38.5,39.4,0.49000168,1.2496855,2.0,1031.0,0.1526001794052124,False,REGULAR,USD,2027-02-19,7451.7001953125,0.03625,call,1.194358303035132,0.7013698630136986,38.95
SPX270219C09000000,2026-06-05 19:21:31+00:00,9000.0,27.33,30.5,31.3,0.0,0.0,20.0,513.0,0.1511467942810059,False,REGULAR,USD,2027-02-19,7451.7001953125,0.03625,call,1.20777805924901,0.7013698630136986,30.9
SPX270219C09100000,2026-06-04 15:26:59+00:00,9100.0,36.9,24.1,24.9,0.0,0.0,2.0,60.0,0.1500710604095459,False,REGULAR,USD,2027-02-19,7451.7001953125,0.03625,call,1.221197815462888,0.7013698630136986,24.5
SPX270219C09200000,2026-06-04 14:31:19+00:00,9200.0,27.33,19.3,20.0,0.0,0.0,2.0,337.0,0.1495370081329345,False,REGULAR,USD,2027-02-19,7451.7001953125,0.03625,call,1.2346175716767658,0.7013698630136986,19.65
SPX270219C09300000,2026-06-05 13:46:26+00:00,9300.0,19.55,15.4,16.1,0.0,0.0,22.0,12.0,0.149235650062561,False,REGULAR,USD,2027-02-19,7451.7001953125,0.03625,call,1.2480373278906436,0.7013698630136986,15.75
SPX270219C09400000,2026-06-04 08:58:43+00:00,9400.0,17.2,12.0,12.6,0.0,0.0,31.0,566.0,0.1483392051696777,False,REGULAR,USD,2027-02-19,7451.7001953125,0.03625,call,1.2614570841045216,0.7013698630136986,12.3
SPX270219C09600000,2026-06-05 19:28:13+00:00,9600.0,7.1,7.9,8.5,0.0,0.0,2.0,141.0,0.1493081285858154,False,REGULAR,USD,2027-02-19,7451.7001953125,0.03625,call,1.2882965965322772,0.7013698630136986,8.2
SPX270219C09800000,2026-06-05 13:41:21+00:00,9800.0,6.85,5.3,5.8,0.0,0.0,2.0,63.0,0.1506203713226318,False,REGULAR,USD,2027-02-19,7451.7001953125,0.03625,call,1.315136108960033,0.7013698630136986,5.55
SPX270219C10000000,2026-06-08 14:22:07+00:00,10000.0,3.6,3.8,4.2,0.01999998,0.5586587,1.0,1154.0,0.1531227877044678,False,REGULAR,USD,2027-02-19,7451.7001953125,0.03625,call,1.341975621387789,0.7013698630136986,4.0
SPX270219C10200000,2026-06-04 14:10:02+00:00,10200.0,3.58,2.8,3.2,0.0,0.0,2.0,268.0,0.1564415411376953,False,REGULAR,USD,2027-02-19,7451.7001953125,0.03625,call,1.3688151338155448,0.7013698630136986,3.0
SPX270219C10400000,2026-06-05 18:04:55+00:00,10400.0,2.3,2.05,2.45,0.0,0.0,86.0,394.0,0.159615337524414,False,REGULAR,USD,2027-02-19,7451.7001953125,0.03625,call,1.3956546462433004,0.7013698630136986,2.25
SPX270219C10600000,2026-06-04 19:42:12+00:00,10600.0,2.38,1.6,1.95,0.0,0.0,2.0,34.0,0.1632774102783203,False,REGULAR,USD,2027-02-19,7451.7001953125,0.03625,call,1.4224941586710562,0.7013698630136986,1.775
SPX270219C10800000,2026-05-06 19:22:55+00:00,10800.0,1.4,1.3,1.65,0.0,0.0,1.0,139.0,0.1677634494018555,False,REGULAR,USD,2027-02-19,7451.7001953125,0.03625,call,1.449333671098812,0.7013698630136986,1.475
SPX270219C11000000,2026-06-05 19:01:08+00:00,11000.0,1.1,1.05,1.4,0.0,0.0,8.0,527.0,0.1720663848876953,False,REGULAR,USD,2027-02-19,7451.7001953125,0.03625,call,1.4761731835265677,0.7013698630136986,1.225
SPX270319C07400000,2026-06-08 15:14:13+00:00,7400.0,620.41,610.3,612.3,38.51996,6.6198006,29.0,3341.0,0.2240325323963164,True,REGULAR,USD,2027-03-19,7451.7001953125,0.03625,call,0.9930619598269638,0.7780821917808219,611.3
SPX270319C07425000,2026-06-03 14:11:29+00:00,7425.0,693.91,593.3,595.7,0.0,0.0,4.0,931.0,0.2221871910476684,True,REGULAR,USD,2027-03-19,7451.7001953125,0.03625,call,0.9964168988804332,0.7780821917808219,594.5
SPX270319C07450000,2026-06-05 18:40:32+00:00,7450.0,567.0,576.4,578.4,0.0,0.0,105.0,631.0,0.2200166500091552,True,REGULAR,USD,2027-03-19,7451.7001953125,0.03625,call,0.9997718379339028,0.7780821917808219,577.4
SPX270319C07475000,2026-05-14 13:51:41+00:00,7475.0,614.4,560.3,562.3,0.0,0.0,1.0,5120.0,0.2182461713457107,False,REGULAR,USD,2027-03-19,7451.7001953125,0.03625,call,1.0031267769873722,0.7780821917808219,561.3
SPX270319C07500000,2026-06-08 15:14:12+00:00,7500.0,555.0,546.2,548.2,31.640015,6.0455546,277.0,10498.0,0.2171785436248779,False,REGULAR,USD,2027-03-19,7451.7001953125,0.03625,call,1.0064817160408417,0.7780821917808219,547.2
SPX270319C07525000,2026-05-28 14:55:48+00:00,7525.0,598.25,530.5,532.6,0.0,0.0,64.0,373.0,0.2154762519931793,False,REGULAR,USD,2027-03-19,7451.7001953125,0.03625,call,1.0098366550943112,0.7780821917808219,531.55
SPX270319C07575000,2026-05-29 15:29:35+00:00,7575.0,594.2,501.0,503.1,0.0,0.0,1.0,199.0,0.2125284741592407,False,REGULAR,USD,2027-03-19,7451.7001953125,0.03625,call,1.01654653320125,0.7780821917808219,502.05
SPX270319C07600000,2026-06-05 19:05:34+00:00,7600.0,465.75,487.4,489.2,0.0,0.0,57.0,6672.0,0.2112810806274414,False,REGULAR,USD,2027-03-19,7451.7001953125,0.03625,call,1.0199014722547195,0.7780821917808219,488.3
SPX270319C07625000,2026-05-29 16:13:15+00:00,7625.0,561.85,466.5,469.2,0.0,0.0,8.0,215.0,0.207644756822586,False,REGULAR,USD,2027-03-19,7451.7001953125,0.03625,call,1.023256411308189,0.7780821917808219,467.85
SPX270319C07650000,2026-06-08 15:10:33+00:00,7650.0,463.59,453.3,455.3,28.389984,6.523434,10.0,1417.0,0.2062619428920745,False,REGULAR,USD,2027-03-19,7451.7001953125,0.03625,call,1.0266113503616583,0.7780821917808219,454.3
SPX270319C07700000,2026-06-05 16:44:18+00:00,7700.0,436.0,428.3,430.1,0.0,0.0,151.0,3730.0,0.2042821348094939,False,REGULAR,USD,2027-03-19,7451.7001953125,0.03625,call,1.0333212284685975,0.7780821917808219,429.2000000000001
SPX270319C07725000,2026-06-08 14:26:34+00:00,7725.0,408.0,410.6,412.7,-83.600006,-17.005697,35.0,747.0,0.20134961561203,False,REGULAR,USD,2027-03-19,7451.7001953125,0.03625,call,1.0366761675220668,0.7780821917808219,411.65
SPX270319C07750000,2026-06-08 15:29:22+00:00,7750.0,400.31,397.8,399.7,18.910004,4.9580503,32.0,2956.0,0.2000268825626373,False,REGULAR,USD,2027-03-19,7451.7001953125,0.03625,call,1.0400311065755363,0.7780821917808219,398.75
SPX270319C07775000,2026-06-02 17:28:21+00:00,7775.0,483.34,386.2,388.0,0.0,0.0,42.0,147.0,0.1991313913345336,False,REGULAR,USD,2027-03-19,7451.7001953125,0.03625,call,1.0433860456290058,0.7780821917808219,387.1
SPX270319C07800000,2026-06-08 14:14:18+00:00,7800.0,365.82,369.4,371.3,8.220001,2.2986581,200.0,6392.0,0.1962312967395782,False,REGULAR,USD,2027-03-19,7451.7001953125,0.03625,call,1.0467409846824751,0.7780821917808219,370.35
SPX270319C07825000,2026-06-08 14:15:15+00:00,7825.0,349.58,359.2,361.0,6.4799805,1.8886565,2.0,151.0,0.1957258544063568,False,REGULAR,USD,2027-03-19,7451.7001953125,0.03625,call,1.0500959237359448,0.7780821917808219,360.1
SPX270319C07850000,2026-06-08 14:09:57+00:00,7850.0,342.18,348.9,350.5,10.779999,3.2528663,2.0,2259.0,0.1950725940322876,False,REGULAR,USD,2027-03-19,7451.7001953125,0.03625,call,1.0534508627894144,0.7780821917808219,349.7
SPX270319C07875000,2026-06-04 14:05:05+00:00,7875.0,387.0,333.1,335.0,0.0,0.0,2.0,174.0,0.1923894581747055,False,REGULAR,USD,2027-03-19,7451.7001953125,0.03625,call,1.0568058018428836,0.7780821917808219,334.05
SPX270319C07900000,2026-06-05 19:56:30+00:00,7900.0,306.8,321.2,322.8,0.0,0.0,6.0,3018.0,0.1909108009338379,False,REGULAR,USD,2027-03-19,7451.7001953125,0.03625,call,1.0601607408963531,0.7780821917808219,322.0
SPX270319C07925000,2026-06-04 14:05:05+00:00,7925.0,361.2,308.5,310.8,0.0,0.0,2.0,65.0,0.1894283290338516,False,REGULAR,USD,2027-03-19,7451.7001953125,0.03625,call,1.0635156799498229,0.7780821917808219,309.65
SPX270319C07950000,2026-06-05 19:48:48+00:00,7950.0,283.7,296.3,298.1,0.0,0.0,2.0,1960.0,0.187581557188034,False,REGULAR,USD,2027-03-19,7451.7001953125,0.03625,call,1.0668706190032922,0.7780821917808219,297.20000000000005
SPX270319C07975000,2026-06-02 18:38:13+00:00,7975.0,371.3,288.5,290.4,0.0,0.0,3.0,26.0,0.1876502210521698,False,REGULAR,USD,2027-03-19,7451.7001953125,0.03625,call,1.0702255580567617,0.7780821917808219,289.45
SPX270319C08000000,2026-06-08 14:59:58+00:00,8000.0,281.95,274.9,276.6,18.25,6.920743,217.0,14741.0,0.1851864280939101,False,REGULAR,USD,2027-03-19,7451.7001953125,0.03625,call,1.0735804971102312,0.7780821917808219,275.75
SPX270319C08025000,2026-06-08 14:59:58+00:00,8025.0,271.1,264.9,266.6,17.700012,6.9850087,187.0,1086.0,0.1841664836120605,False,REGULAR,USD,2027-03-19,7451.7001953125,0.03625,call,1.076935436163701,0.7780821917808219,265.75
SPX270319C08050000,2026-06-05 15:01:55+00:00,8050.0,287.36,253.0,254.9,0.0,0.0,50.0,1654.0,0.1823631035137176,False,REGULAR,USD,2027-03-19,7451.7001953125,0.03625,call,1.08029037521717,0.7780821917808219,253.95
SPX270319C08075000,2026-06-05 15:16:03+00:00,8075.0,270.52,244.9,246.6,0.0,0.0,2.0,46.0,0.1818733966493606,False,REGULAR,USD,2027-03-19,7451.7001953125,0.03625,call,1.0836453142706397,0.7780821917808219,245.75
SPX270319C08100000,2026-06-05 19:57:13+00:00,8100.0,224.6,234.3,235.7,0.0,0.0,2.0,2995.0,0.180216404094696,False,REGULAR,USD,2027-03-19,7451.7001953125,0.03625,call,1.087000253324109,0.7780821917808219,235.0
SPX270319C08125000,2026-06-08 14:49:20+00:00,8125.0,226.46,227.4,228.8,24.220001,11.97587,32.0,41.0,0.1801544158840179,False,REGULAR,USD,2027-03-19,7451.7001953125,0.03625,call,1.0903551923775785,0.7780821917808219,228.1
SPX270319C08150000,2026-06-04 19:31:24+00:00,8150.0,286.3,217.5,219.0,0.0,0.0,13.0,378.0,0.1787820922660827,False,REGULAR,USD,2027-03-19,7451.7001953125,0.03625,call,1.093710131431048,0.7780821917808219,218.25
SPX270319C08175000,2026-06-05 19:08:55+00:00,8175.0,195.17,206.2,208.0,0.0,0.0,18.0,67.0,0.176791317038536,False,REGULAR,USD,2027-03-19,7451.7001953125,0.03625,call,1.0970650704845175,0.7780821917808219,207.1
SPX270319C08200000,2026-06-08 15:15:27+00:00,8200.0,203.28,199.7,201.2,14.080002,7.441862,60.0,7346.0,0.1765304897212982,False,REGULAR,USD,2027-03-19,7451.7001953125,0.03625,call,1.1004200095379868,0.7780821917808219,200.45
SPX270319C08225000,2026-06-04 17:24:05+00:00,8225.0,247.33,189.3,190.8,0.0,0.0,3.0,33.0,0.1745945502185822,False,REGULAR,USD,2027-03-19,7451.7001953125,0.03625,call,1.1037749485914563,0.7780821917808219,190.05
SPX270319C08250000,2026-06-04 14:41:20+00:00,8250.0,224.75,181.7,183.0,0.0,0.0,1.0,367.0,0.1737143176269531,False,REGULAR,USD,2027-03-19,7451.7001953125,0.03625,call,1.1071298876449258,0.7780821917808219,182.35
SPX270319C08275000,2026-06-08 15:21:05+00:00,8275.0,178.0,172.8,174.2,-35.83,-16.756302,66.0,191.0,0.1722828667926788,False,REGULAR,USD,2027-03-19,7451.7001953125,0.03625,call,1.110484826698395,0.7780821917808219,173.5
SPX270319C08300000,2026-06-08 15:15:10+00:00,8300.0,170.32,166.1,167.7,11.880005,7.4981093,143.0,5192.0,0.1718136637210846,False,REGULAR,USD,2027-03-19,7451.7001953125,0.03625,call,1.1138397657518648,0.7780821917808219,166.89999999999998
SPX270319C08325000,2026-06-01 17:53:44+00:00,8325.0,222.6,159.0,160.2,0.0,0.0,2.0,1457.0,0.1707913350772857,False,REGULAR,USD,2027-03-19,7451.7001953125,0.03625,call,1.1171947048053343,0.7780821917808219,159.6
SPX270319C08350000,2026-06-08 14:39:58+00:00,8350.0,151.27,150.6,152.5,-49.73999,-24.745033,4.0,338.0,0.169573505153656,False,REGULAR,USD,2027-03-19,7451.7001953125,0.03625,call,1.1205496438588036,0.7780821917808219,151.55
SPX270319C08375000,2026-06-05 18:12:29+00:00,8375.0,142.87,144.8,146.1,-5.75,-3.8689275,2.0,24.0,0.1688830518531799,False,REGULAR,USD,2027-03-19,7451.7001953125,0.03625,call,1.1239045829122731,0.7780821917808219,145.45
SPX270319C08400000,2026-06-08 14:55:33+00:00,8400.0,142.63,139.9,141.1,5.130005,3.7309127,393.0,7011.0,0.1687981756877899,False,REGULAR,USD,2027-03-19,7451.7001953125,0.03625,call,1.1272595219657426,0.7780821917808219,140.5
SPX270319C08425000,2026-06-08 15:28:15+00:00,8425.0,134.7,132.0,133.3,-49.320007,-26.80144,141.0,64.0,0.1672284434604645,False,REGULAR,USD,2027-03-19,7451.7001953125,0.03625,call,1.130614461019212,0.7780821917808219,132.65
SPX270319C08450000,2026-06-02 19:03:52+00:00,8450.0,180.68,126.3,127.4,0.0,0.0,6.0,19.0,0.1665131948757172,False,REGULAR,USD,2027-03-19,7451.7001953125,0.03625,call,1.1339694000726817,0.7780821917808219,126.85
SPX270319C08475000,2026-06-05 16:26:44+00:00,8475.0,131.23,121.5,122.8,0.0,0.0,3.0,20.0,0.166386357460022,False,REGULAR,USD,2027-03-19,7451.7001953125,0.03625,call,1.1373243391261512,0.7780821917808219,122.15
SPX270319C08500000,2026-06-08 14:01:33+00:00,8500.0,111.07,116.3,117.4,-14.550003,-11.582552,900.0,7547.0,0.165760753364563,False,REGULAR,USD,2027-03-19,7451.7001953125,0.03625,call,1.1406792781796204,0.7780821917808219,116.85
SPX270319C08550000,2026-06-05 15:02:14+00:00,8550.0,121.5,105.4,106.5,0.0,0.0,3.0,14.0,0.1641748088359833,False,REGULAR,USD,2027-03-19,7451.7001953125,0.03625,call,1.1473891562865597,0.7780821917808219,105.95
SPX270319C08575000,2026-06-04 15:30:57+00:00,8575.0,134.5,99.3,100.3,0.0,0.0,65.0,107.0,0.1628015315532684,False,REGULAR,USD,2027-03-19,7451.7001953125,0.03625,call,1.150744095340029,0.7780821917808219,99.8
SPX270319C08600000,2026-06-04 13:50:21+00:00,8600.0,119.5,94.8,95.7,0.0,0.0,3.0,2482.0,0.1622360083389282,False,REGULAR,USD,2027-03-19,7451.7001953125,0.03625,call,1.1540990343934985,0.7780821917808219,95.25
SPX270319C08700000,2026-06-05 19:22:52+00:00,8700.0,70.67,77.6,78.4,0.0,0.0,8.0,2064.0,0.1597078430080413,False,REGULAR,USD,2027-03-19,7451.7001953125,0.03625,call,1.1675187906073765,0.7780821917808219,78.0
SPX270319C08800000,2026-06-02 13:08:03+00:00,8800.0,91.56,64.0,65.0,0.0,0.0,5.0,5572.0,0.1582706701850891,False,REGULAR,USD,2027-03-19,7451.7001953125,0.03625,call,1.1809385468212543,0.7780821917808219,64.5
SPX270319C08900000,2026-06-03 17:24:55+00:00,8900.0,72.92,51.9,52.9,0.0,0.0,52.0,210.0,0.1563871822452545,False,REGULAR,USD,2027-03-19,7451.7001953125,0.03625,call,1.194358303035132,0.7780821917808219,52.4
SPX270319C09000000,2026-06-05 16:05:09+00:00,9000.0,47.2,42.2,43.0,0.0,0.0,1.0,3873.0,0.1548527356147766,False,REGULAR,USD,2027-03-19,7451.7001953125,0.03625,call,1.20777805924901,0.7780821917808219,42.6
SPX270319C09100000,2026-06-04 19:06:57+00:00,9100.0,53.15,33.7,34.5,0.0,0.0,168.0,265.0,0.1531800075912475,False,REGULAR,USD,2027-03-19,7451.7001953125,0.03625,call,1.221197815462888,0.7780821917808219,34.1
SPX270319C09200000,2026-06-05 19:09:25+00:00,9200.0,25.3,26.9,27.7,0.0,0.0,151.0,4077.0,0.1518677648544311,False,REGULAR,USD,2027-03-19,7451.7001953125,0.03625,call,1.2346175716767658,0.7780821917808219,27.3
SPX270319C09400000,2026-06-05 19:22:52+00:00,9400.0,15.64,17.5,18.0,0.0,0.0,3.0,1359.0,0.1502198321151733,False,REGULAR,USD,2027-03-19,7451.7001953125,0.03625,call,1.2614570841045216,0.7780821917808219,17.75
SPX270319C09600000,2026-06-05 14:38:56+00:00,9600.0,14.44,11.2,11.9,0.0,0.0,1.0,582.0,0.1496819651794433,False,REGULAR,USD,2027-03-19,7451.7001953125,0.03625,call,1.2882965965322772,0.7780821917808219,11.55
SPX270319C09800000,2026-06-02 18:55:12+00:00,9800.0,13.45,7.8,8.2,0.0,0.0,31.0,316.0,0.1504525263214111,False,REGULAR,USD,2027-03-19,7451.7001953125,0.03625,call,1.315136108960033,0.7780821917808219,8.0
SPX270319C10000000,2026-06-08 13:36:20+00:00,10000.0,5.5,5.5,6.0,0.4000001,7.8431387,3.0,863.0,0.1525811061096191,False,REGULAR,USD,2027-03-19,7451.7001953125,0.03625,call,1.341975621387789,0.7780821917808219,5.75
SPX270319C10200000,2026-06-04 17:46:07+00:00,10200.0,6.09,4.0,4.5,0.0,0.0,163.0,516.0,0.1550911518096924,False,REGULAR,USD,2027-03-19,7451.7001953125,0.03625,call,1.3688151338155448,0.7780821917808219,4.25
SPX270319C10400000,2026-06-05 18:51:47+00:00,10400.0,3.05,3.0,3.5,0.0,0.0,3.0,268.0,0.1581505084228515,False,REGULAR,USD,2027-03-19,7451.7001953125,0.03625,call,1.3956546462433004,0.7780821917808219,3.25
SPX270319C10600000,2026-06-04 17:46:07+00:00,10600.0,3.39,2.35,2.75,0.0,0.0,264.0,556.0,0.1611869770812988,False,REGULAR,USD,2027-03-19,7451.7001953125,0.03625,call,1.4224941586710562,0.7780821917808219,2.55
SPX270319C10800000,2026-06-05 15:45:54+00:00,10800.0,2.05,1.85,2.15,0.0,0.0,4.0,149.0,0.1639487902832031,False,REGULAR,USD,2027-03-19,7451.7001953125,0.03625,call,1.449333671098812,0.7780821917808219,2.0
SPX270319C11000000,2026-06-05 19:19:56+00:00,11000.0,1.65,1.55,1.85,0.0,0.0,2.0,929.0,0.1682212084960938,False,REGULAR,USD,2027-03-19,7451.7001953125,0.03625,call,1.4761731835265677,0.7780821917808219,1.7000000000000002
SPX270319C11200000,2026-05-20 18:07:57+00:00,11200.0,1.65,1.2,1.55,0.0,0.0,22.0,97.0,0.1718069880676269,False,REGULAR,USD,2027-03-19,7451.7001953125,0.03625,call,1.5030126959543235,0.7780821917808219,1.375
SPX270319C11400000,2026-06-04 16:15:13+00:00,11400.0,1.45,1.0,1.35,0.0,0.0,1.0,12.0,0.1758810440063477,False,REGULAR,USD,2027-03-19,7451.7001953125,0.03625,call,1.5298522083820794,0.7780821917808219,1.175
SPX270319C11600000,2026-06-04 16:12:23+00:00,11600.0,1.2,0.85,1.15,0.0,0.0,1.0,7.0,0.1793600131225585,False,REGULAR,USD,2027-03-19,7451.7001953125,0.03625,call,1.5566917208098352,0.7780821917808219,1.0
SPXW270331C07380000,2026-05-08 18:33:55+00:00,7380.0,627.12,633.9,639.0,0.0,0.0,2.0,3.0,0.2258793042421341,True,REGULAR,USD,2027-03-31,7451.7001953125,0.03625,call,0.9903780085841882,0.810958904109589,636.45
SPXW270331C07385000,2026-05-01 15:37:39+00:00,7385.0,522.26,635.4,637.5,0.0,0.0,2.0,2.0,0.2262145174121856,True,REGULAR,USD,2027-03-31,7451.7001953125,0.03625,call,0.991048996394882,0.810958904109589,636.45
SPXW270331C07390000,2026-05-19 16:01:08+00:00,7390.0,583.66,631.3,633.6,0.0,0.0,1.0,2.0,0.2256432722091674,True,REGULAR,USD,2027-03-31,7451.7001953125,0.03625,call,0.991719984205576,0.810958904109589,632.45
SPXW270331C07400000,2026-05-13 14:21:23+00:00,7400.0,617.12,625.9,627.3,0.0,0.0,2.0,236.0,0.225058675699234,True,REGULAR,USD,2027-03-31,7451.7001953125,0.03625,call,0.9930619598269638,0.810958904109589,626.5999999999999
SPXW270331C07405000,2026-04-14 14:14:27+00:00,7405.0,324.35,607.9,612.1,0.0,0.0,2.0,3.0,0.2202302709197997,True,REGULAR,USD,2027-03-31,7451.7001953125,0.03625,call,0.9937329476376576,0.810958904109589,610.0
SPXW270331C07420000,2026-05-11 16:54:38+00:00,7420.0,615.88,612.0,615.9,0.0,0.0,1.0,31.0,0.224313863506317,True,REGULAR,USD,2027-03-31,7451.7001953125,0.03625,call,0.9957459110697392,0.810958904109589,613.95
SPXW270331C07425000,2026-06-05 18:45:46+00:00,7425.0,593.26,607.7,610.0,0.0,0.0,1.0,16.0,0.2229763486528396,True,REGULAR,USD,2027-03-31,7451.7001953125,0.03625,call,0.9964168988804332,0.810958904109589,608.85
SPXW270331C07430000,2026-05-27 19:33:06+00:00,7430.0,665.98,606.0,607.5,0.0,0.0,1.0,55.0,0.2229138836097717,True,REGULAR,USD,2027-03-31,7451.7001953125,0.03625,call,0.9970878866911272,0.810958904109589,606.75
SPXW270331C07440000,2026-05-11 16:13:53+00:00,7440.0,606.85,599.5,601.0,0.0,0.0,1.0,3.0,0.2222186619853973,True,REGULAR,USD,2027-03-31,7451.7001953125,0.03625,call,0.998429862312515,0.810958904109589,600.25
SPXW270331C07445000,2026-06-08 13:53:41+00:00,7445.0,597.2,595.2,596.8,431.40002,260.19305,1.0,0.0,0.2215119963836669,True,REGULAR,USD,2027-03-31,7451.7001953125,0.03625,call,0.9991008501232088,0.810958904109589,596.0
SPXW270331C07450000,2026-06-05 18:45:46+00:00,7450.0,577.16,594.0,595.7,0.0,0.0,1.0,26.0,0.221964510321617,True,REGULAR,USD,2027-03-31,7451.7001953125,0.03625,call,0.9997718379339028,0.810958904109589,594.85
SPXW270331C07460000,2026-05-14 14:48:06+00:00,7460.0,651.56,585.6,587.6,0.0,0.0,2.0,5.0,0.2206517907524108,False,REGULAR,USD,2027-03-31,7451.7001953125,0.03625,call,1.0011138135552906,0.810958904109589,586.6
SPXW270331C07480000,2026-06-08 15:16:32+00:00,7480.0,583.35,573.6,575.5,-46.950012,-7.4488354,104.0,7.0,0.2195360029602051,False,REGULAR,USD,2027-03-31,7451.7001953125,0.03625,call,1.003797764798066,0.810958904109589,574.55
SPXW270331C07485000,2026-06-08 15:17:35+00:00,7485.0,579.2,570.7,572.9,397.90002,219.47052,4.0,0.0,0.2194096423768997,False,REGULAR,USD,2027-03-31,7451.7001953125,0.03625,call,1.00446875260876,0.810958904109589,571.8
SPXW270331C07490000,2026-04-02 14:25:43+00:00,7490.0,166.4,531.8,537.8,0.0,0.0,2.0,0.0,0.2071326388359069,False,REGULAR,USD,2027-03-31,7451.7001953125,0.03625,call,1.005139740419454,0.810958904109589,534.8
SPXW270331C07495000,2026-05-22 15:34:26+00:00,7495.0,604.59,567.6,569.4,0.0,0.0,1.0,6.0,0.2197858631324767,False,REGULAR,USD,2027-03-31,7451.7001953125,0.03625,call,1.0058107282301478,0.810958904109589,568.5
SPXW270331C07500000,2026-06-08 15:19:04+00:00,7500.0,569.72,561.0,562.3,-78.640015,-12.129066,4.0,47.0,0.2179710390567779,False,REGULAR,USD,2027-03-31,7451.7001953125,0.03625,call,1.0064817160408417,0.810958904109589,561.65
SPXW270331C07505000,2026-05-26 16:46:08+00:00,7505.0,607.2,558.6,560.4,0.0,0.0,9.0,7.0,0.2180969228076934,False,REGULAR,USD,2027-03-31,7451.7001953125,0.03625,call,1.0071527038515355,0.810958904109589,559.5
SPXW270331C07510000,2026-06-01 15:17:45+00:00,7510.0,642.25,553.1,555.6,0.0,0.0,4.0,8.0,0.2171370592069626,False,REGULAR,USD,2027-03-31,7451.7001953125,0.03625,call,1.0078236916622294,0.810958904109589,554.35
SPXW270331C07515000,2026-04-02 14:25:25+00:00,7515.0,158.5,516.4,522.5,0.0,0.0,2.0,0.0,0.2056086825180053,False,REGULAR,USD,2027-03-31,7451.7001953125,0.03625,call,1.0084946794729233,0.810958904109589,519.45
SPXW270331C07520000,2026-05-28 13:39:04+00:00,7520.0,596.5,547.6,551.2,0.0,0.0,1.0,7.0,0.217152794675827,False,REGULAR,USD,2027-03-31,7451.7001953125,0.03625,call,1.0091656672836171,0.810958904109589,549.4000000000001
SPXW270331C07525000,2026-05-27 14:23:39+00:00,7525.0,603.3,544.8,546.6,0.0,0.0,2.0,9.0,0.216261118106842,False,REGULAR,USD,2027-03-31,7451.7001953125,0.03625,call,1.0098366550943112,0.810958904109589,545.7
SPXW270331C07530000,2026-05-26 16:45:21+00:00,7530.0,590.43,541.9,543.6,0.0,0.0,2.0,9.0,0.2159645283603668,False,REGULAR,USD,2027-03-31,7451.7001953125,0.03625,call,1.010507642905005,0.810958904109589,542.75
SPXW270331C07535000,2026-05-29 17:48:44+00:00,7535.0,625.56,538.5,539.9,0.0,0.0,1.0,9.0,0.2154037734699249,False,REGULAR,USD,2027-03-31,7451.7001953125,0.03625,call,1.011178630715699,0.810958904109589,539.2
SPXW270331C07540000,2026-04-02 14:25:47+00:00,7540.0,150.6,502.0,507.6,0.0,0.0,2.0,0.0,0.2041710328626632,False,REGULAR,USD,2027-03-31,7451.7001953125,0.03625,call,1.0118496185263928,0.810958904109589,504.8
SPXW270331C07545000,2026-04-02 14:25:32+00:00,7545.0,149.5,498.9,504.5,0.0,0.0,1.0,0.0,0.2038310513687133,False,REGULAR,USD,2027-03-31,7451.7001953125,0.03625,call,1.0125206063370866,0.810958904109589,501.7
SPXW270331C07550000,2026-04-02 14:25:47+00:00,7550.0,147.7,495.9,501.5,0.0,0.0,1.0,0.0,0.2035258786392211,False,REGULAR,USD,2027-03-31,7451.7001953125,0.03625,call,1.0131915941477807,0.810958904109589,498.7
SPXW270331C07555000,2026-04-02 14:25:26+00:00,7555.0,146.3,492.4,498.6,0.0,0.0,1.0,0.0,0.2032550378417968,False,REGULAR,USD,2027-03-31,7451.7001953125,0.03625,call,1.0138625819584746,0.810958904109589,495.5
SPXW270331C07560000,2026-05-19 13:55:52+00:00,7560.0,491.8,523.6,525.0,0.0,0.0,1.0,16.0,0.2139084270954132,False,REGULAR,USD,2027-03-31,7451.7001953125,0.03625,call,1.0145335697691684,0.810958904109589,524.3
SPXW270331C07565000,2026-04-14 14:14:27+00:00,7565.0,248.74,509.0,513.2,0.0,0.0,2.0,7.0,0.2103131108760834,False,REGULAR,USD,2027-03-31,7451.7001953125,0.03625,call,1.0152045575798625,0.810958904109589,511.1
SPXW270331C07570000,2026-06-01 19:34:03+00:00,7570.0,627.62,517.3,518.7,0.0,0.0,10.0,17.0,0.2131664758968353,False,REGULAR,USD,2027-03-31,7451.7001953125,0.03625,call,1.015875545390556,0.810958904109589,518.0
SPXW270331C07575000,2026-05-22 17:54:29+00:00,7575.0,548.58,514.2,515.6,0.0,0.0,6.0,8.0,0.2128107589340209,False,REGULAR,USD,2027-03-31,7451.7001953125,0.03625,call,1.01654653320125,0.810958904109589,514.9000000000001
SPXW270331C07580000,2026-05-22 17:54:29+00:00,7580.0,545.67,514.9,516.4,0.0,0.0,6.0,13.0,0.2139065197658538,False,REGULAR,USD,2027-03-31,7451.7001953125,0.03625,call,1.017217521011944,0.810958904109589,515.65
SPXW270331C07585000,2026-06-01 19:34:03+00:00,7585.0,617.87,507.2,508.7,0.0,0.0,10.0,17.0,0.2118299147081374,False,REGULAR,USD,2027-03-31,7451.7001953125,0.03625,call,1.017888508822638,0.810958904109589,507.95
SPXW270331C07590000,2026-04-02 14:25:44+00:00,7590.0,136.4,472.6,478.2,0.0,0.0,1.0,0.0,0.2012494808101654,False,REGULAR,USD,2027-03-31,7451.7001953125,0.03625,call,1.0185594966333318,0.810958904109589,475.4
SPXW270331C07595000,2026-04-08 15:25:37+00:00,7595.0,182.08,491.2,495.0,0.0,0.0,2.0,7.0,0.2083037391853332,False,REGULAR,USD,2027-03-31,7451.7001953125,0.03625,call,1.0192304844440256,0.810958904109589,493.1
SPXW270331C07600000,2026-06-02 17:00:52+00:00,7600.0,612.7,499.2,500.7,0.0,0.0,6.0,133.0,0.2112162314224243,False,REGULAR,USD,2027-03-31,7451.7001953125,0.03625,call,1.0199014722547195,0.810958904109589,499.95
SPXW270331C07605000,2026-04-02 14:25:26+00:00,7605.0,132.2,463.9,469.6,0.0,0.0,1.0,0.0,0.2004035801506042,False,REGULAR,USD,2027-03-31,7451.7001953125,0.03625,call,1.0205724600654134,0.810958904109589,466.75
SPXW270331C07610000,2026-06-02 18:56:07+00:00,7610.0,599.2,492.7,494.8,0.0,0.0,5.0,13.0,0.210582998008728,False,REGULAR,USD,2027-03-31,7451.7001953125,0.03625,call,1.0212434478761074,0.810958904109589,493.75
SPXW270331C07615000,2026-04-20 14:17:40+00:00,7615.0,323.94,488.8,490.8,0.0,0.0,2.0,7.0,0.2098715640830993,False,REGULAR,USD,2027-03-31,7451.7001953125,0.03625,call,1.0219144356868013,0.810958904109589,489.8
SPXW270331C07620000,2026-06-03 19:59:14+00:00,7620.0,564.21,487.7,489.7,0.0,0.0,1.0,11.0,0.2102387250232696,False,REGULAR,USD,2027-03-31,7451.7001953125,0.03625,call,1.0225854234974951,0.810958904109589,488.7
SPXW270331C07625000,2026-06-02 18:56:07+00:00,7625.0,589.65,483.0,484.5,0.0,0.0,1.0,8.0,0.2090738234949111,False,REGULAR,USD,2027-03-31,7451.7001953125,0.03625,call,1.023256411308189,0.810958904109589,483.75
SPXW270331C07630000,2026-04-02 14:25:26+00:00,7630.0,125.5,449.5,455.2,0.0,0.0,2.0,0.0,0.1989139557647704,False,REGULAR,USD,2027-03-31,7451.7001953125,0.03625,call,1.0239273991188829,0.810958904109589,452.35
SPXW270331C07635000,2026-06-03 19:59:14+00:00,7635.0,555.25,479.0,481.2,0.0,0.0,2.0,7.0,0.2093851950454711,False,REGULAR,USD,2027-03-31,7451.7001953125,0.03625,call,1.0245983869295767,0.810958904109589,480.1
SPXW270331C07640000,2026-05-19 13:55:48+00:00,7640.0,445.7,474.6,476.4,0.0,0.0,4.0,9.0,0.2083614359045028,False,REGULAR,USD,2027-03-31,7451.7001953125,0.03625,call,1.0252693747402708,0.810958904109589,475.5
SPXW270331C07645000,2026-04-02 14:25:26+00:00,7645.0,121.7,441.2,446.8,0.0,0.0,2.0,0.0,0.198077591753006,False,REGULAR,USD,2027-03-31,7451.7001953125,0.03625,call,1.0259403625509649,0.810958904109589,444.0
SPXW270331C07650000,2026-06-03 15:12:14+00:00,7650.0,557.26,469.0,470.5,0.0,0.0,1.0,291.0,0.2076867180728911,False,REGULAR,USD,2027-03-31,7451.7001953125,0.03625,call,1.0266113503616583,0.810958904109589,469.75
SPXW270331C07655000,2026-04-02 14:25:26+00:00,7655.0,119.1,435.6,441.3,0.0,0.0,2.0,0.0,0.1975430626440048,False,REGULAR,USD,2027-03-31,7451.7001953125,0.03625,call,1.0272823381723524,0.810958904109589,438.4500000000001
SPXW270331C07660000,2026-04-08 15:33:00+00:00,7660.0,161.31,454.0,457.7,0.0,0.0,2.0,6.0,0.2044251845264434,False,REGULAR,USD,2027-03-31,7451.7001953125,0.03625,call,1.0279533259830462,0.810958904109589,455.85
SPXW270331C07665000,2026-04-02 14:27:14+00:00,7665.0,116.7,430.1,435.8,0.0,0.0,2.0,0.0,0.1969975663900375,False,REGULAR,USD,2027-03-31,7451.7001953125,0.03625,call,1.02862431379374,0.810958904109589,432.9500000000001
SPXW270331C07670000,2026-04-02 14:24:22+00:00,7670.0,115.5,427.3,433.0,0.0,0.0,2.0,0.0,0.1967019303083419,False,REGULAR,USD,2027-03-31,7451.7001953125,0.03625,call,1.0292953016044342,0.810958904109589,430.15
SPXW270331C07675000,2026-04-02 14:25:24+00:00,7675.0,114.3,424.6,429.9,0.0,0.0,2.0,0.0,0.196291377620697,False,REGULAR,USD,2027-03-31,7451.7001953125,0.03625,call,1.029966289415128,0.810958904109589,427.25
SPXW270331C07680000,2026-04-02 14:26:02+00:00,7680.0,113.1,421.8,427.5,0.0,0.0,2.0,0.0,0.1961397449207305,False,REGULAR,USD,2027-03-31,7451.7001953125,0.03625,call,1.030637277225822,0.810958904109589,424.65
SPXW270331C07685000,2026-04-14 16:27:05+00:00,7685.0,213.27,440.4,444.0,0.0,0.0,20.0,12.0,0.2030552450704574,False,REGULAR,USD,2027-03-31,7451.7001953125,0.03625,call,1.0313082650365155,0.810958904109589,442.2
SPXW270331C07690000,2026-04-02 14:29:50+00:00,7690.0,110.8,416.4,422.0,0.0,0.0,2.0,0.0,0.1955656387233734,False,REGULAR,USD,2027-03-31,7451.7001953125,0.03625,call,1.0319792528472096,0.810958904109589,419.2
SPXW270331C07695000,2026-04-20 14:17:40+00:00,7695.0,286.35,443.3,445.9,0.0,0.0,2.0,2.0,0.2052491508960723,False,REGULAR,USD,2027-03-31,7451.7001953125,0.03625,call,1.0326502406579037,0.810958904109589,444.6
SPXW270331C07700000,2026-06-04 20:13:10+00:00,7700.0,527.75,443.4,445.0,0.0,0.0,25.0,57.0,0.2056506437683105,False,REGULAR,USD,2027-03-31,7451.7001953125,0.03625,call,1.0333212284685975,0.810958904109589,444.2
SPXW270331C07705000,2026-06-01 14:22:16+00:00,7705.0,520.38,430.3,437.7,0.0,0.0,1.0,3.0,0.2036546233844757,False,REGULAR,USD,2027-03-31,7451.7001953125,0.03625,call,1.0339922162792914,0.810958904109589,434.0
SPXW270331C07710000,2026-06-04 20:13:10+00:00,7710.0,521.7,434.4,436.2,0.0,0.0,25.0,27.0,0.2038267598772049,False,REGULAR,USD,2027-03-31,7451.7001953125,0.03625,call,1.0346632040899852,0.810958904109589,435.3
SPXW270331C07715000,2026-04-14 14:22:30+00:00,7715.0,189.13,424.9,428.4,0.0,0.0,2.0,3.0,0.2016357150459289,False,REGULAR,USD,2027-03-31,7451.7001953125,0.03625,call,1.035334191900679,0.810958904109589,426.65
SPXW270331C07720000,2026-06-01 17:59:03+00:00,7720.0,531.1,429.0,431.3,0.0,0.0,1.0,12.0,0.2034514927864074,False,REGULAR,USD,2027-03-31,7451.7001953125,0.03625,call,1.036005179711373,0.810958904109589,430.15
SPXW270331C07725000,2026-06-01 17:59:03+00:00,7725.0,528.1,426.4,427.9,0.0,0.0,1.0,9.0,0.2029031355381012,False,REGULAR,USD,2027-03-31,7451.7001953125,0.03625,call,1.0366761675220668,0.810958904109589,427.15
SPXW270331C07730000,2026-05-20 12:55:57+00:00,7730.0,401.7,423.0,424.8,0.0,0.0,10.0,21.0,0.2024649265718459,False,REGULAR,USD,2027-03-31,7451.7001953125,0.03625,call,1.037347155332761,0.810958904109589,423.9
SPXW270331C07735000,2026-05-08 15:58:48+00:00,7735.0,410.15,420.5,422.8,0.0,0.0,1.0,3.0,0.202436316628456,False,REGULAR,USD,2027-03-31,7451.7001953125,0.03625,call,1.0380181431434548,0.810958904109589,421.65
SPXW270331C07750000,2026-05-26 14:04:00+00:00,7750.0,466.71,412.6,414.9,0.0,0.0,2.0,34.0,0.201621410074234,False,REGULAR,USD,2027-03-31,7451.7001953125,0.03625,call,1.0400311065755363,0.810958904109589,413.75
SPXW270331C07775000,2026-04-13 01:20:28+00:00,7775.0,127.07,392.8,396.6,0.0,0.0,1.0,1.0,0.1982730930328368,False,REGULAR,USD,2027-03-31,7451.7001953125,0.03625,call,1.0433860456290058,0.810958904109589,394.7000000000001
SPXW270331C07785000,2026-06-05 18:41:27+00:00,7785.0,386.33,394.3,395.8,0.0,0.0,1.0,3.0,0.1993702843618392,False,REGULAR,USD,2027-03-31,7451.7001953125,0.03625,call,1.0447280212503935,0.810958904109589,395.05
SPXW270331C07790000,2026-05-07 14:28:17+00:00,7790.0,365.08,391.4,393.0,0.0,0.0,1.0,3.0,0.1990102759075164,False,REGULAR,USD,2027-03-31,7451.7001953125,0.03625,call,1.0453990090610876,0.810958904109589,392.2
SPXW270331C07795000,2026-05-14 14:45:28+00:00,7795.0,450.23,387.0,388.7,0.0,0.0,6.0,7.0,0.1980804527473449,False,REGULAR,USD,2027-03-31,7451.7001953125,0.03625,call,1.0460699968717817,0.810958904109589,387.85
SPXW270331C07800000,2026-05-28 19:18:05+00:00,7800.0,460.33,386.2,388.5,0.0,0.0,2.0,21.0,0.1986965201950072,False,REGULAR,USD,2027-03-31,7451.7001953125,0.03625,call,1.0467409846824751,0.810958904109589,387.35
SPXW270331C07810000,2026-04-17 13:37:35+00:00,7810.0,226.77,378.7,381.1,0.0,0.0,1.0,8.0,0.1972746060085296,False,REGULAR,USD,2027-03-31,7451.7001953125,0.03625,call,1.048082960303863,0.810958904109589,379.9
SPXW270331C07815000,2026-05-29 20:00:56+00:00,7815.0,456.6,361.9,378.5,0.0,0.0,2.0,2.0,0.1969746784353256,False,REGULAR,USD,2027-03-31,7451.7001953125,0.03625,call,1.048753948114557,0.810958904109589,370.2
SPXW270331C07820000,2026-05-01 13:55:25+00:00,7820.0,283.04,375.2,377.4,0.0,0.0,2.0,3.0,0.1972402740764617,False,REGULAR,USD,2027-03-31,7451.7001953125,0.03625,call,1.049424935925251,0.810958904109589,376.3
SPXW270331C07825000,2026-05-29 18:35:58+00:00,7825.0,451.68,373.2,374.6,0.0,0.0,1.0,7.0,0.1968597618293762,False,REGULAR,USD,2027-03-31,7451.7001953125,0.03625,call,1.0500959237359448,0.810958904109589,373.9
SPXW270331C07830000,2026-04-10 17:21:24+00:00,7830.0,123.8,364.8,368.1,0.0,0.0,6.0,22.0,0.1950702098703384,False,REGULAR,USD,2027-03-31,7451.7001953125,0.03625,call,1.0507669115466387,0.810958904109589,366.4500000000001
SPXW270331C07835000,2026-06-05 18:41:27+00:00,7835.0,360.68,368.0,369.4,0.0,0.0,1.0,9.0,0.1962398797225952,False,REGULAR,USD,2027-03-31,7451.7001953125,0.03625,call,1.0514378993573326,0.810958904109589,368.7
SPXW270331C07840000,2026-04-14 14:35:56+00:00,7840.0,148.34,360.0,363.2,0.0,0.0,10.0,10.0,0.1945566613864898,False,REGULAR,USD,2027-03-31,7451.7001953125,0.03625,call,1.0521088871680264,0.810958904109589,361.6
SPXW270331C07845000,2026-05-28 14:09:04+00:00,7845.0,410.9,363.1,364.5,0.0,0.0,3.0,14.0,0.1957220397472381,False,REGULAR,USD,2027-03-31,7451.7001953125,0.03625,call,1.0527798749787205,0.810958904109589,363.8
SPXW270331C07850000,2026-06-01 18:37:40+00:00,7850.0,457.9,363.2,364.6,0.0,0.0,4.0,118.0,0.1964306126785278,False,REGULAR,USD,2027-03-31,7451.7001953125,0.03625,call,1.0534508627894144,0.810958904109589,363.9
SPXW270331C07855000,2026-05-19 13:41:53+00:00,7855.0,326.39,357.2,359.7,0.0,0.0,1.0,21.0,0.1952309023857116,False,REGULAR,USD,2027-03-31,7451.7001953125,0.03625,call,1.0541218506001082,0.810958904109589,358.45
SPXW270331C07860000,2026-04-14 17:22:58+00:00,7860.0,153.7,350.3,353.7,0.0,0.0,4.0,22.0,0.1936072880983352,False,REGULAR,USD,2027-03-31,7451.7001953125,0.03625,call,1.054792838410802,0.810958904109589,352.0
SPXW270331C07870000,2026-04-14 17:53:23+00:00,7870.0,151.6,345.7,348.9,0.0,0.0,4.0,62.0,0.193095646944046,False,REGULAR,USD,2027-03-31,7451.7001953125,0.03625,call,1.0561348140321898,0.810958904109589,347.29999999999995
SPXW270331C07880000,2026-04-28 14:42:18+00:00,7880.0,214.49,344.9,346.3,0.0,0.0,1.0,75.0,0.1934151246452331,False,REGULAR,USD,2027-03-31,7451.7001953125,0.03625,call,1.0574767896535775,0.810958904109589,345.6
SPXW270331C07890000,2026-05-14 14:45:28+00:00,7890.0,400.43,340.5,341.8,0.0,0.0,6.0,108.0,0.1929959889745712,False,REGULAR,USD,2027-03-31,7451.7001953125,0.03625,call,1.0588187652749654,0.810958904109589,341.15
SPXW270331C07900000,2026-05-29 18:40:16+00:00,7900.0,410.33,335.6,337.2,0.0,0.0,3.0,96.0,0.192526785902977,False,REGULAR,USD,2027-03-31,7451.7001953125,0.03625,call,1.0601607408963531,0.810958904109589,336.4
SPXW270331C07910000,2026-05-14 14:49:40+00:00,7910.0,390.64,330.1,332.6,0.0,0.0,2.0,89.0,0.1920456620216369,False,REGULAR,USD,2027-03-31,7451.7001953125,0.03625,call,1.061502716517741,0.810958904109589,331.35
SPXW270331C07920000,2026-06-05 17:29:09+00:00,7920.0,335.0,325.8,327.5,0.0,0.0,210.0,253.0,0.1913590233802795,False,REGULAR,USD,2027-03-31,7451.7001953125,0.03625,call,1.0628446921391288,0.810958904109589,326.65
SPXW270331C07930000,2026-04-15 17:21:03+00:00,7930.0,152.0,317.6,320.7,0.0,0.0,6.0,19.0,0.1900010047340393,False,REGULAR,USD,2027-03-31,7451.7001953125,0.03625,call,1.0641866677605163,0.810958904109589,319.15
SPXW270331C07940000,2026-05-29 18:43:35+00:00,7940.0,388.98,316.6,318.0,0.0,0.0,2.0,19.0,0.1902174866390228,False,REGULAR,USD,2027-03-31,7451.7001953125,0.03625,call,1.0655286433819045,0.810958904109589,317.3
SPXW270331C07950000,2026-06-01 18:37:40+00:00,7950.0,403.27,310.9,314.0,0.0,0.0,4.0,37.0,0.1899189895629883,False,REGULAR,USD,2027-03-31,7451.7001953125,0.03625,call,1.0668706190032922,0.810958904109589,312.45
SPXW270331C07960000,2026-05-29 18:43:35+00:00,7960.0,378.73,306.3,308.0,0.0,0.0,2.0,13.0,0.1888289507198334,False,REGULAR,USD,2027-03-31,7451.7001953125,0.03625,call,1.06821259462468,0.810958904109589,307.15
SPXW270331C07970000,2026-06-01 18:37:40+00:00,7970.0,392.87,302.5,304.1,0.0,0.0,2.0,11.0,0.1885447586154938,False,REGULAR,USD,2027-03-31,7451.7001953125,0.03625,call,1.0695545702460678,0.810958904109589,303.3
SPXW270331C07975000,2026-05-22 19:17:52+00:00,7975.0,324.63,300.2,302.1,0.0,0.0,2.0,0.0,0.1883788209438323,False,REGULAR,USD,2027-03-31,7451.7001953125,0.03625,call,1.0702255580567617,0.810958904109589,301.15
SPXW270331C07980000,2026-05-07 15:01:00+00:00,7980.0,283.69,298.2,299.4,0.0,0.0,6.0,15.0,0.187935366821289,False,REGULAR,USD,2027-03-31,7451.7001953125,0.03625,call,1.0708965458674555,0.810958904109589,298.79999999999995
SPXW270331C07990000,2026-06-08 15:16:32+00:00,7990.0,300.25,293.4,295.0,163.55,119.641556,52.0,14.0,0.1874299244880676,False,REGULAR,USD,2027-03-31,7451.7001953125,0.03625,call,1.0722385214888432,0.810958904109589,294.2
SPXW270331C08000000,2026-06-08 15:19:04+00:00,8000.0,295.42,289.2,290.8,15.460022,5.5222254,5.0,660.0,0.1869907618570327,False,REGULAR,USD,2027-03-31,7451.7001953125,0.03625,call,1.0735804971102312,0.810958904109589,290.0
SPXW270331C08010000,2026-05-11 13:33:53+00:00,8010.0,280.36,287.9,289.2,0.0,0.0,5.0,15.0,0.1875672522163391,False,REGULAR,USD,2027-03-31,7451.7001953125,0.03625,call,1.074922472731619,0.810958904109589,288.54999999999995
SPXW270331C08020000,2026-04-15 17:58:46+00:00,8020.0,128.7,278.8,281.8,0.0,0.0,5.0,13.0,0.1858363506412506,False,REGULAR,USD,2027-03-31,7451.7001953125,0.03625,call,1.0762644483530066,0.810958904109589,280.3
SPXW270331C08025000,2026-06-08 02:17:13+00:00,8025.0,262.68,278.2,280.1,-6.5200195,-2.4219983,1.0,100.0,0.1857571964645385,False,REGULAR,USD,2027-03-31,7451.7001953125,0.03625,call,1.076935436163701,0.810958904109589,279.15
SPXW270331C08030000,2026-06-01 18:23:52+00:00,8030.0,362.2,276.2,277.7,0.0,0.0,2.0,17.0,0.1853976648426056,False,REGULAR,USD,2027-03-31,7451.7001953125,0.03625,call,1.0776064239743943,0.810958904109589,276.95
SPXW270331C08040000,2026-06-01 15:17:45+00:00,8040.0,337.05,271.6,273.2,0.0,0.0,2.0,7.0,0.1847863657188415,False,REGULAR,USD,2027-03-31,7451.7001953125,0.03625,call,1.0789483995957825,0.810958904109589,272.4
SPXW270331C08050000,2026-06-05 18:14:40+00:00,8050.0,270.0,266.9,269.6,0.0,0.0,1.0,12.0,0.1845212469100952,False,REGULAR,USD,2027-03-31,7451.7001953125,0.03625,call,1.08029037521717,0.810958904109589,268.25
SPXW270331C08060000,2026-05-29 18:43:35+00:00,8060.0,330.23,263.2,265.1,0.0,0.0,2.0,9.0,0.1838832451725006,False,REGULAR,USD,2027-03-31,7451.7001953125,0.03625,call,1.081632350838558,0.810958904109589,264.15
SPXW270331C08070000,2026-05-11 18:38:25+00:00,8070.0,275.06,259.6,261.0,0.0,0.0,4.0,40.0,0.1833911541461944,False,REGULAR,USD,2027-03-31,7451.7001953125,0.03625,call,1.0829743264599456,0.810958904109589,260.3
SPXW270331C08080000,2026-05-11 15:31:29+00:00,8080.0,265.58,253.9,255.6,0.0,0.0,2.0,30.0,0.182359288854599,False,REGULAR,USD,2027-03-31,7451.7001953125,0.03625,call,1.0843163020813331,0.810958904109589,254.75
SPXW270331C08090000,2026-05-26 13:32:01+00:00,8090.0,287.8,249.3,252.2,0.0,0.0,3.0,38.0,0.1821232568216323,False,REGULAR,USD,2027-03-31,7451.7001953125,0.03625,call,1.0856582777027213,0.810958904109589,250.75
SPXW270331C08100000,2026-05-29 16:44:58+00:00,8100.0,318.17,246.4,248.4,0.0,0.0,5.0,149.0,0.1817117504692077,False,REGULAR,USD,2027-03-31,7451.7001953125,0.03625,call,1.087000253324109,0.810958904109589,247.4
SPXW270331C08125000,2026-06-08 13:47:03+00:00,8125.0,237.96,237.7,239.3,-63.319992,-21.01699,2.0,5.0,0.1807905102920532,False,REGULAR,USD,2027-03-31,7451.7001953125,0.03625,call,1.0903551923775785,0.810958904109589,238.5
SPXW270331C08150000,2026-06-08 13:47:03+00:00,8150.0,228.46,230.1,231.6,-63.83998,-21.840569,2.0,7.0,0.1803699441242218,False,REGULAR,USD,2027-03-31,7451.7001953125,0.03625,call,1.093710131431048,0.810958904109589,230.85
SPXW270331C08200000,2026-06-08 11:59:31+00:00,8200.0,207.3,210.1,211.3,6.3200073,3.1445951,1.0,484.0,0.1772238040161132,False,REGULAR,USD,2027-03-31,7451.7001953125,0.03625,call,1.1004200095379868,0.810958904109589,210.7
SPXW270331C08250000,2026-06-01 18:42:31+00:00,8250.0,263.7,192.9,194.0,0.0,0.0,3.0,3.0,0.1749793539571762,False,REGULAR,USD,2027-03-31,7451.7001953125,0.03625,call,1.1071298876449258,0.810958904109589,193.45
SPXW270331C08300000,2026-06-05 18:14:15+00:00,8300.0,180.5,177.3,178.5,0.0,0.0,2.0,1208.0,0.1731669140434265,False,REGULAR,USD,2027-03-31,7451.7001953125,0.03625,call,1.1138397657518648,0.810958904109589,177.9
SPXW270331C08350000,2026-06-05 18:14:41+00:00,8350.0,164.5,162.1,163.6,0.0,0.0,4.0,1215.0,0.1712691211318969,False,REGULAR,USD,2027-03-31,7451.7001953125,0.03625,call,1.1205496438588036,0.810958904109589,162.85
SPXW270331C08400000,2026-06-08 14:05:13+00:00,8400.0,143.74,148.5,149.5,1.8300018,1.289551,2.0,2469.0,0.169378003873825,False,REGULAR,USD,2027-03-31,7451.7001953125,0.03625,call,1.1272595219657426,0.810958904109589,149.0
SPXW270331C08500000,2026-06-04 17:48:19+00:00,8500.0,168.89,123.1,124.3,0.0,0.0,2.0,109.0,0.165936227684021,False,REGULAR,USD,2027-03-31,7451.7001953125,0.03625,call,1.1406792781796204,0.810958904109589,123.7
SPXW270331C08600000,2026-06-05 18:34:15+00:00,8600.0,102.2,103.6,105.0,1.0,0.9881423,2.0,82.0,0.164147152557373,False,REGULAR,USD,2027-03-31,7451.7001953125,0.03625,call,1.1540990343934985,0.810958904109589,104.3
SPXW270331C08700000,2026-06-05 15:02:00+00:00,8700.0,99.9,86.1,87.0,0.0,0.0,16.0,75.0,0.1617477319717407,False,REGULAR,USD,2027-03-31,7451.7001953125,0.03625,call,1.1675187906073765,0.810958904109589,86.55
SPXW270331C08800000,2026-06-08 14:05:13+00:00,8800.0,66.99,69.5,70.5,2.9899979,4.6718717,1.0,32.0,0.1587875564956665,False,REGULAR,USD,2027-03-31,7451.7001953125,0.03625,call,1.1809385468212543,0.810958904109589,70.0
SPXW270331C08900000,2026-06-01 16:22:50+00:00,8900.0,82.48,57.8,58.7,0.0,0.0,4.0,10.0,0.1575964291858673,False,REGULAR,USD,2027-03-31,7451.7001953125,0.03625,call,1.194358303035132,0.810958904109589,58.25
SPXW270331C09000000,2026-06-03 16:35:33+00:00,9000.0,65.3,46.9,47.7,0.0,0.0,1.0,43.0,0.155706265592575,False,REGULAR,USD,2027-03-31,7451.7001953125,0.03625,call,1.20777805924901,0.810958904109589,47.3
SPX270416C07400000,2026-06-05 16:49:26+00:00,7400.0,660.97,649.0,651.5,0.0,0.0,2.0,357.0,0.2281399666023254,True,REGULAR,USD,2027-04-16,7451.7001953125,0.03625,call,0.9930619598269638,0.8547945205479452,650.25
SPX270416C07425000,2026-05-27 19:51:42+00:00,7425.0,692.5,637.6,639.7,0.0,0.0,7.0,79.0,0.2281046810054779,True,REGULAR,USD,2027-04-16,7451.7001953125,0.03625,call,0.9964168988804332,0.8547945205479452,638.6500000000001
SPX270416C07450000,2026-06-01 16:58:11+00:00,7450.0,612.28,619.4,621.7,-109.00995,-15.1131935,4.0,715.0,0.225746268005371,True,REGULAR,USD,2027-04-16,7451.7001953125,0.03625,call,0.9997718379339028,0.8547945205479452,620.55
SPX270416C07475000,2026-05-29 16:50:25+00:00,7475.0,697.04,604.8,607.2,0.0,0.0,8.0,843.0,0.2246147447443008,False,REGULAR,USD,2027-04-16,7451.7001953125,0.03625,call,1.0031267769873722,0.8547945205479452,606.0
SPX270416C07500000,2026-06-04 17:19:03+00:00,7500.0,680.58,582.6,585.0,0.0,0.0,23.0,1242.0,0.2206241344738006,False,REGULAR,USD,2027-04-16,7451.7001953125,0.03625,call,1.0064817160408417,0.8547945205479452,583.8
SPX270416C07525000,2026-06-05 18:38:26+00:00,7525.0,559.69,568.1,570.5,0.0,0.0,2.0,424.0,0.2193862775897979,False,REGULAR,USD,2027-04-16,7451.7001953125,0.03625,call,1.0098366550943112,0.8547945205479452,569.3
SPX270416C07550000,2026-06-01 17:29:54+00:00,7550.0,655.0,556.6,558.8,0.0,0.0,9.0,1044.0,0.2191092379713058,False,REGULAR,USD,2027-04-16,7451.7001953125,0.03625,call,1.0131915941477807,0.8547945205479452,557.7
SPX270416C07575000,2026-06-01 15:28:27+00:00,7575.0,624.7,541.4,543.6,0.0,0.0,4.0,96.0,0.2175027896499634,False,REGULAR,USD,2027-04-16,7451.7001953125,0.03625,call,1.01654653320125,0.8547945205479452,542.5
SPX270416C07600000,2026-06-05 15:45:25+00:00,7600.0,549.8,526.6,528.8,0.0,0.0,6.0,1360.0,0.2159845553207397,False,REGULAR,USD,2027-04-16,7451.7001953125,0.03625,call,1.0199014722547195,0.8547945205479452,527.7
SPX270416C07625000,2026-06-05 14:02:22+00:00,7625.0,548.7,507.7,510.2,0.0,0.0,7.0,263.0,0.2130277176713943,False,REGULAR,USD,2027-04-16,7451.7001953125,0.03625,call,1.023256411308189,0.8547945205479452,508.95
SPX270416C07650000,2026-06-01 16:40:59+00:00,7650.0,584.76,496.1,498.1,0.0,0.0,60.0,574.0,0.2123720731353759,False,REGULAR,USD,2027-04-16,7451.7001953125,0.03625,call,1.0266113503616583,0.8547945205479452,497.1
SPX270416C07675000,2026-05-27 16:13:54+00:00,7675.0,526.76,478.0,480.7,0.0,0.0,200.0,206.0,0.2097294680309295,False,REGULAR,USD,2027-04-16,7451.7001953125,0.03625,call,1.029966289415128,0.8547945205479452,479.35
SPX270416C07700000,2026-06-04 16:56:12+00:00,7700.0,552.41,467.8,469.8,0.0,0.0,500.0,2404.0,0.2093899633693694,False,REGULAR,USD,2027-04-16,7451.7001953125,0.03625,call,1.0333212284685975,0.8547945205479452,468.8
SPX270416C07725000,2026-06-08 14:18:34+00:00,7725.0,440.19,452.8,454.8,8.119995,1.879324,2.0,803.0,0.2074950314521789,False,REGULAR,USD,2027-04-16,7451.7001953125,0.03625,call,1.0366761675220668,0.8547945205479452,453.8
SPX270416C07750000,2026-05-21 14:59:35+00:00,7750.0,422.58,434.1,436.5,0.0,0.0,2.0,603.0,0.2043293412160872,False,REGULAR,USD,2027-04-16,7451.7001953125,0.03625,call,1.0400311065755363,0.8547945205479452,435.3
SPX270416C07775000,2026-06-05 15:40:36+00:00,7775.0,448.91,422.0,424.5,0.0,0.0,10.0,172.0,0.2033985643911361,False,REGULAR,USD,2027-04-16,7451.7001953125,0.03625,call,1.0433860456290058,0.8547945205479452,423.25
SPX270416C07800000,2026-06-08 14:03:38+00:00,7800.0,402.01,412.6,414.3,-33.099976,-7.6072664,200.0,507.0,0.2030652585506439,False,REGULAR,USD,2027-04-16,7451.7001953125,0.03625,call,1.0467409846824751,0.8547945205479452,413.4500000000001
SPX270416C07825000,2026-05-26 17:09:48+00:00,7825.0,439.08,398.2,400.4,0.0,0.0,6.0,458.0,0.2013076543617248,False,REGULAR,USD,2027-04-16,7451.7001953125,0.03625,call,1.0500959237359448,0.8547945205479452,399.3
SPX270416C07850000,2026-05-27 14:14:39+00:00,7850.0,435.79,385.3,387.4,0.0,0.0,2.0,257.0,0.1998132616519928,False,REGULAR,USD,2027-04-16,7451.7001953125,0.03625,call,1.0534508627894144,0.8547945205479452,386.35
SPX270416C07875000,2026-06-04 18:58:07+00:00,7875.0,456.8,372.8,375.1,0.0,0.0,1.0,63.0,0.198507694568634,False,REGULAR,USD,2027-04-16,7451.7001953125,0.03625,call,1.0568058018428836,0.8547945205479452,373.9500000000001
SPX270416C07900000,2026-06-04 18:58:09+00:00,7900.0,443.2,356.6,359.1,0.0,0.0,1.0,1025.0,0.195753510684967,False,REGULAR,USD,2027-04-16,7451.7001953125,0.03625,call,1.0601607408963531,0.8547945205479452,357.85
SPX270416C07925000,2026-06-04 10:18:10+00:00,7925.0,395.22,346.5,348.7,0.0,0.0,10.0,216.0,0.1950129899835586,False,REGULAR,USD,2027-04-16,7451.7001953125,0.03625,call,1.0635156799498229,0.8547945205479452,347.6
SPX270416C07950000,2026-06-01 16:58:11+00:00,7950.0,415.47,332.5,334.8,0.0,0.0,4.0,54.0,0.1928867943572998,False,REGULAR,USD,2027-04-16,7451.7001953125,0.03625,call,1.0668706190032922,0.8547945205479452,333.65
SPX270416C07975000,2026-06-01 14:09:48+00:00,7975.0,318.19,321.4,323.5,-74.139984,-18.897354,2.0,8.0,0.1916637192773819,False,REGULAR,USD,2027-04-16,7451.7001953125,0.03625,call,1.0702255580567617,0.8547945205479452,322.45
SPX270416C08000000,2026-06-05 13:35:53+00:00,8000.0,359.7,309.9,312.0,0.0,0.0,1.0,2182.0,0.1902899651622772,False,REGULAR,USD,2027-04-16,7451.7001953125,0.03625,call,1.0735804971102312,0.8547945205479452,310.95
SPX270416C08025000,2026-06-04 13:53:13+00:00,8025.0,350.52,301.2,303.0,0.0,0.0,10.0,67.0,0.1897997814655304,False,REGULAR,USD,2027-04-16,7451.7001953125,0.03625,call,1.076935436163701,0.8547945205479452,302.1
SPX270416C08050000,2026-06-03 14:14:08+00:00,8050.0,361.34,287.4,289.5,0.0,0.0,2.0,144.0,0.187502403011322,False,REGULAR,USD,2027-04-16,7451.7001953125,0.03625,call,1.08029037521717,0.8547945205479452,288.45
SPX270416C08075000,2026-06-01 18:37:03+00:00,8075.0,362.3,279.7,281.5,0.0,0.0,4.0,8.0,0.1872554038333893,False,REGULAR,USD,2027-04-16,7451.7001953125,0.03625,call,1.0836453142706397,0.8547945205479452,280.6
SPX270416C08100000,2026-06-05 14:57:06+00:00,8100.0,300.7,265.8,267.7,0.0,0.0,1.0,1490.0,0.1846652502918243,False,REGULAR,USD,2027-04-16,7451.7001953125,0.03625,call,1.087000253324109,0.8547945205479452,266.75
SPX270416C08125000,2026-06-08 14:49:20+00:00,8125.0,258.96,256.4,258.5,-79.74002,-23.542963,32.0,15.0,0.1837974153423309,False,REGULAR,USD,2027-04-16,7451.7001953125,0.03625,call,1.0903551923775785,0.8547945205479452,257.45
SPX270416C08150000,2026-06-04 16:47:20+00:00,8150.0,312.0,246.7,248.4,0.0,0.0,100.0,157.0,0.1824928019237518,False,REGULAR,USD,2027-04-16,7451.7001953125,0.03625,call,1.093710131431048,0.8547945205479452,247.55
SPX270416C08175000,2026-06-08 14:33:17+00:00,8175.0,235.51,240.0,241.9,-23.030014,-8.907718,2.0,7.0,0.1825605121231079,False,REGULAR,USD,2027-04-16,7451.7001953125,0.03625,call,1.0970650704845175,0.8547945205479452,240.95
SPX270416C08200000,2026-06-08 14:03:38+00:00,8200.0,223.9,229.4,231.3,-13.87001,-5.8333726,200.0,3211.0,0.1808954134178161,False,REGULAR,USD,2027-04-16,7451.7001953125,0.03625,call,1.1004200095379868,0.8547945205479452,230.35
SPX270416C08225000,2026-05-26 14:08:51+00:00,8225.0,263.0,220.0,221.8,0.0,0.0,14.0,43.0,0.179590799999237,False,REGULAR,USD,2027-04-16,7451.7001953125,0.03625,call,1.1037749485914563,0.8547945205479452,220.9
SPX270416C08250000,2026-06-08 15:15:10+00:00,8250.0,215.82,210.7,212.2,-47.26999,-17.967232,6.0,42.0,0.1781545808410644,False,REGULAR,USD,2027-04-16,7451.7001953125,0.03625,call,1.1071298876449258,0.8547945205479452,211.45
SPX270416C08275000,2026-06-08 14:00:42+00:00,8275.0,195.89,203.2,205.1,1.7700043,0.9118093,54.0,274.0,0.1776849009370803,False,REGULAR,USD,2027-04-16,7451.7001953125,0.03625,call,1.110484826698395,0.8547945205479452,204.15
SPX270416C08300000,2026-06-05 19:40:21+00:00,8300.0,185.84,195.8,197.3,0.0,0.0,3.0,1148.0,0.1768442454338073,False,REGULAR,USD,2027-04-16,7451.7001953125,0.03625,call,1.1138397657518648,0.8547945205479452,196.55
SPX270416C08325000,2026-06-04 18:21:00+00:00,8325.0,247.03,188.0,189.8,0.0,0.0,10.0,17.0,0.1760536573314667,False,REGULAR,USD,2027-04-16,7451.7001953125,0.03625,call,1.1171947048053343,0.8547945205479452,188.9
SPX270416C08350000,2026-06-03 17:02:12+00:00,8350.0,227.09,177.6,179.6,0.0,0.0,14.0,77.0,0.1739932645750045,False,REGULAR,USD,2027-04-16,7451.7001953125,0.03625,call,1.1205496438588036,0.8547945205479452,178.6
SPX270416C08400000,2026-06-05 18:48:22+00:00,8400.0,156.87,165.3,167.0,0.0,0.0,2.0,2405.0,0.1730543815994262,False,REGULAR,USD,2027-04-16,7451.7001953125,0.03625,call,1.1272595219657426,0.8547945205479452,166.15
SPX270416C08425000,2026-06-04 19:39:03+00:00,8425.0,213.47,158.8,160.5,0.0,0.0,6.0,8.0,0.1723830015945435,False,REGULAR,USD,2027-04-16,7451.7001953125,0.03625,call,1.130614461019212,0.8547945205479452,159.65
SPX270416C08450000,2026-06-02 19:03:52+00:00,8450.0,146.83,151.7,153.2,-62.64,-29.904043,2.0,11.0,0.1712581539869308,False,REGULAR,USD,2027-04-16,7451.7001953125,0.03625,call,1.1339694000726817,0.8547945205479452,152.45
SPX270416C08500000,2026-06-04 16:29:42+00:00,8500.0,182.45,137.7,139.3,0.0,0.0,4.0,782.0,0.1690556651782989,False,REGULAR,USD,2027-04-16,7451.7001953125,0.03625,call,1.1406792781796204,0.8547945205479452,138.5
SPX270416C08525000,2026-06-01 19:57:37+00:00,8525.0,182.5,133.2,134.7,0.0,0.0,1.0,8.0,0.1689669743537903,False,REGULAR,USD,2027-04-16,7451.7001953125,0.03625,call,1.14403421723309,0.8547945205479452,133.95
SPX270416C08600000,2026-06-08 14:05:09+00:00,8600.0,111.66,115.3,116.5,-49.179993,-30.576965,4.0,473.0,0.166029686832428,False,REGULAR,USD,2027-04-16,7451.7001953125,0.03625,call,1.1540990343934985,0.8547945205479452,115.9
SPX270416C08700000,2026-06-05 18:38:26+00:00,8700.0,94.45,97.0,98.2,0.0,0.0,2.0,649.0,0.1640536934089661,False,REGULAR,USD,2027-04-16,7451.7001953125,0.03625,call,1.1675187906073765,0.8547945205479452,97.6
SPX270416C08800000,2026-06-08 14:09:06+00:00,8800.0,77.78,79.8,81.2,-37.97,-32.803455,202.0,422.0,0.1615207597541808,False,REGULAR,USD,2027-04-16,7451.7001953125,0.03625,call,1.1809385468212543,0.8547945205479452,80.5
SPX270416C08900000,2026-06-08 14:08:12+00:00,8900.0,63.63,65.5,66.5,-28.880001,-31.218246,2.0,141.0,0.1590431386566162,False,REGULAR,USD,2027-04-16,7451.7001953125,0.03625,call,1.194358303035132,0.8547945205479452,66.0
SPX270416C09000000,2026-06-08 14:06:32+00:00,9000.0,52.87,53.8,54.8,1.8699989,3.6666646,222.0,490.0,0.157299839439392,False,REGULAR,USD,2027-04-16,7451.7001953125,0.03625,call,1.20777805924901,0.8547945205479452,54.3
SPX270416C09100000,2026-06-02 19:25:10+00:00,9100.0,70.55,44.8,45.8,0.0,0.0,153.0,84.0,0.1564472631263733,False,REGULAR,USD,2027-04-16,7451.7001953125,0.03625,call,1.221197815462888,0.8547945205479452,45.3
SPX270416C09200000,2026-06-04 19:32:41+00:00,9200.0,56.53,36.1,37.1,0.0,0.0,8.0,363.0,0.154667724647522,False,REGULAR,USD,2027-04-16,7451.7001953125,0.03625,call,1.2346175716767658,0.8547945205479452,36.6
SPX270416C09300000,2026-06-08 14:11:33+00:00,9300.0,28.75,29.2,30.1,-8.490002,-22.79807,6.0,43.0,0.1532658374214172,False,REGULAR,USD,2027-04-16,7451.7001953125,0.03625,call,1.2480373278906436,0.8547945205479452,29.65
SPX270416C09400000,2026-06-08 14:08:12+00:00,9400.0,23.14,24.3,25.1,0.36999893,1.6249404,4.0,1083.0,0.1529702013397217,False,REGULAR,USD,2027-04-16,7451.7001953125,0.03625,call,1.2614570841045216,0.8547945205479452,24.700000000000003
SPX270416C09600000,2026-06-08 14:06:32+00:00,9600.0,15.66,16.1,16.8,-8.74,-35.81967,28.0,110.0,0.1516350706481933,False,REGULAR,USD,2027-04-16,7451.7001953125,0.03625,call,1.2882965965322772,0.8547945205479452,16.450000000000003
SPX270416C09800000,2026-06-08 14:11:33+00:00,9800.0,10.7,10.9,11.3,-3.0700006,-22.294847,4.0,26.0,0.1509446173477173,False,REGULAR,USD,2027-04-16,7451.7001953125,0.03625,call,1.315136108960033,0.8547945205479452,11.1
SPX270416C10000000,2026-06-05 18:37:27+00:00,10000.0,7.44,7.7,8.1,0.0,0.0,18.0,123.0,0.1520165365600586,False,REGULAR,USD,2027-04-16,7451.7001953125,0.03625,call,1.341975621387789,0.8547945205479452,7.9
SPX270521C07400000,2026-06-05 18:36:26+00:00,7400.0,689.08,699.6,702.1,0.0,0.0,50.0,4482.0,0.2339601827526092,True,REGULAR,USD,2027-05-21,7451.7001953125,0.03625,call,0.9930619598269638,0.9506849315068492,700.85
SPX270521C07425000,2026-06-05 17:16:12+00:00,7425.0,691.68,680.7,683.4,0.0,0.0,2.0,769.0,0.2314930519676208,True,REGULAR,USD,2027-05-21,7451.7001953125,0.03625,call,0.9964168988804332,0.9506849315068492,682.05
SPX270521C07450000,2026-06-05 17:16:12+00:00,7450.0,675.38,663.9,666.2,0.0,0.0,2.0,2748.0,0.2295046609020233,True,REGULAR,USD,2027-05-21,7451.7001953125,0.03625,call,0.9997718379339028,0.9506849315068492,665.05
SPX270521C07475000,2026-06-03 18:33:46+00:00,7475.0,742.0,647.7,650.4,0.0,0.0,840.0,1104.0,0.2279559092998504,False,REGULAR,USD,2027-05-21,7451.7001953125,0.03625,call,1.0031267769873722,0.9506849315068492,649.05
SPX270521C07500000,2026-06-05 13:52:45+00:00,7500.0,682.17,632.1,635.5,0.0,0.0,50.0,4178.0,0.2266722765064239,False,REGULAR,USD,2027-05-21,7451.7001953125,0.03625,call,1.0064817160408417,0.9506849315068492,633.8
SPX270521C07525000,2026-05-28 14:49:23+00:00,7525.0,683.7,618.0,620.5,0.0,0.0,2.0,28.0,0.2253056748771667,False,REGULAR,USD,2027-05-21,7451.7001953125,0.03625,call,1.0098366550943112,0.9506849315068492,619.25
SPX270521C07550000,2026-06-05 17:17:42+00:00,7550.0,611.6,604.4,606.9,0.0,0.0,5.0,368.0,0.2243739443874358,False,REGULAR,USD,2027-05-21,7451.7001953125,0.03625,call,1.0131915941477807,0.9506849315068492,605.65
SPX270521C07575000,2026-06-05 14:17:17+00:00,7575.0,638.9,586.8,589.4,0.0,0.0,2.0,1195.0,0.2220479559898376,False,REGULAR,USD,2027-05-21,7451.7001953125,0.03625,call,1.01654653320125,0.9506849315068492,588.0999999999999
SPX270521C07600000,2026-06-03 14:15:29+00:00,7600.0,566.5,570.0,573.3,-99.0,-14.876033,1.0,844.0,0.2201549314022063,False,REGULAR,USD,2027-05-21,7451.7001953125,0.03625,call,1.0199014722547195,0.9506849315068492,571.65
SPX270521C07625000,2026-05-20 19:54:10+00:00,7625.0,553.5,554.4,556.8,0.0,0.0,1.0,3.0,0.2180740348529815,False,REGULAR,USD,2027-05-21,7451.7001953125,0.03625,call,1.023256411308189,0.9506849315068492,555.5999999999999
SPX270521C07650000,2026-06-08 14:53:16+00:00,7650.0,545.36,540.6,542.8,-76.28003,-12.270772,4.0,236.0,0.2168027997016906,False,REGULAR,USD,2027-05-21,7451.7001953125,0.03625,call,1.0266113503616583,0.9506849315068492,541.7
SPX270521C07675000,2026-05-26 18:16:58+00:00,7675.0,573.1,523.5,526.7,0.0,0.0,5.0,7.0,0.214755281419754,False,REGULAR,USD,2027-05-21,7451.7001953125,0.03625,call,1.029966289415128,0.9506849315068492,525.1
SPX270521C07700000,2026-06-05 15:22:45+00:00,7700.0,544.6,511.0,513.6,0.0,0.0,4.0,257.0,0.213688130531311,False,REGULAR,USD,2027-05-21,7451.7001953125,0.03625,call,1.0333212284685975,0.9506849315068492,512.3
SPX270521C07725000,2026-06-05 18:28:45+00:00,7725.0,492.88,496.8,499.3,0.0,0.0,1.0,16.0,0.2121527302360534,False,REGULAR,USD,2027-05-21,7451.7001953125,0.03625,call,1.0366761675220668,0.9506849315068492,498.05
SPX270521C07750000,2026-05-29 17:32:04+00:00,7750.0,566.65,482.7,485.2,0.0,0.0,2.0,111.0,0.2106316349124908,False,REGULAR,USD,2027-05-21,7451.7001953125,0.03625,call,1.0400311065755363,0.9506849315068492,483.95
SPX270521C07775000,2026-06-01 15:09:05+00:00,7775.0,548.95,472.3,474.8,0.0,0.0,50.0,55.0,0.2103350451660156,False,REGULAR,USD,2027-05-21,7451.7001953125,0.03625,call,1.0433860456290058,0.9506849315068492,473.55
SPX270521C07800000,2026-06-03 14:43:13+00:00,7800.0,541.4,456.3,459.3,0.0,0.0,4.0,1264.0,0.2082169556903838,False,REGULAR,USD,2027-05-21,7451.7001953125,0.03625,call,1.0467409846824751,0.9506849315068492,457.8
SPX270521C07825000,2026-06-03 19:49:59+00:00,7825.0,520.4,443.2,445.9,0.0,0.0,1.0,136.0,0.2067678620576858,False,REGULAR,USD,2027-05-21,7451.7001953125,0.03625,call,1.0500959237359448,0.9506849315068492,444.55
SPX270521C07850000,2026-06-08 14:15:11+00:00,7850.0,421.0,429.6,431.8,7.299988,1.7645607,165.0,318.0,0.2050159798574447,False,REGULAR,USD,2027-05-21,7451.7001953125,0.03625,call,1.0534508627894144,0.9506849315068492,430.7000000000001
SPX270521C07875000,2026-06-08 14:15:11+00:00,7875.0,408.0,414.7,417.1,-105.76001,-20.58549,164.0,301.0,0.2029923031949997,False,REGULAR,USD,2027-05-21,7451.7001953125,0.03625,call,1.0568058018428836,0.9506849315068492,415.9
SPX270521C07900000,2026-06-01 17:49:58+00:00,7900.0,499.84,401.1,403.6,0.0,0.0,1.0,254.0,0.2013248203277587,False,REGULAR,USD,2027-05-21,7451.7001953125,0.03625,call,1.0601607408963531,0.9506849315068492,402.35
SPX270521C07925000,2026-05-28 18:31:08+00:00,7925.0,462.22,389.3,391.9,0.0,0.0,8.0,209.0,0.2002281058311462,False,REGULAR,USD,2027-05-21,7451.7001953125,0.03625,call,1.0635156799498229,0.9506849315068492,390.6
SPX270521C07950000,2026-05-29 17:32:04+00:00,7950.0,453.92,380.8,383.0,0.0,0.0,1.0,1393.0,0.2000621681594848,False,REGULAR,USD,2027-05-21,7451.7001953125,0.03625,call,1.0668706190032922,0.9506849315068492,381.9
SPX270521C07975000,2026-05-22 18:35:51+00:00,7975.0,393.62,365.6,367.9,0.0,0.0,85.0,112.0,0.1976379522895813,False,REGULAR,USD,2027-05-21,7451.7001953125,0.03625,call,1.0702255580567617,0.9506849315068492,366.75
SPX270521C08000000,2026-06-04 19:34:40+00:00,8000.0,439.27,352.3,354.9,0.0,0.0,5.0,3550.0,0.1958898847484589,False,REGULAR,USD,2027-05-21,7451.7001953125,0.03625,call,1.0735804971102312,0.9506849315068492,353.6
SPX270521C08025000,2026-06-04 13:52:14+00:00,8025.0,397.45,344.5,346.6,0.0,0.0,1.0,18.0,0.1957611400032043,False,REGULAR,USD,2027-05-21,7451.7001953125,0.03625,call,1.076935436163701,0.9506849315068492,345.55
SPX270521C08050000,2026-06-08 14:54:36+00:00,8050.0,334.34,333.5,335.8,-68.80002,-17.066036,13.0,250.0,0.1946753926515579,False,REGULAR,USD,2027-05-21,7451.7001953125,0.03625,call,1.08029037521717,0.9506849315068492,334.65
SPX270521C08075000,2026-05-15 20:11:59+00:00,8075.0,314.5,321.9,323.9,0.0,0.0,4.0,4.0,0.1931252105522155,False,REGULAR,USD,2027-05-21,7451.7001953125,0.03625,call,1.0836453142706397,0.9506849315068492,322.9
SPX270521C08100000,2026-06-02 19:43:31+00:00,8100.0,395.72,308.6,311.1,0.0,0.0,285.0,3516.0,0.1911740124130249,False,REGULAR,USD,2027-05-21,7451.7001953125,0.03625,call,1.087000253324109,0.9506849315068492,309.85
SPX270521C08125000,2026-05-22 18:36:34+00:00,8125.0,324.22,297.5,299.6,0.0,0.0,35.0,291.0,0.1896233534812927,False,REGULAR,USD,2027-05-21,7451.7001953125,0.03625,call,1.0903551923775785,0.9506849315068492,298.55
SPX270521C08150000,2026-06-08 14:53:16+00:00,8150.0,290.97,289.9,292.0,-49.440002,-14.523663,2.0,108.0,0.189449786491394,False,REGULAR,USD,2027-05-21,7451.7001953125,0.03625,call,1.093710131431048,0.9506849315068492,290.95
SPX270521C08200000,2026-06-08 14:05:47+00:00,8200.0,261.08,270.4,272.2,2.0799866,0.8030836,36.0,935.0,0.1872000912761688,False,REGULAR,USD,2027-05-21,7451.7001953125,0.03625,call,1.1004200095379868,0.9506849315068492,271.29999999999995
SPX270521C08225000,2026-06-08 14:04:54+00:00,8225.0,252.17,260.4,262.5,-65.37001,-20.586386,138.0,14.0,0.1860452032279968,False,REGULAR,USD,2027-05-21,7451.7001953125,0.03625,call,1.1037749485914563,0.9506849315068492,261.45
SPX270521C08250000,2026-06-01 14:18:55+00:00,8250.0,306.7,249.9,252.1,0.0,0.0,16.0,657.0,0.1845489031887054,False,REGULAR,USD,2027-05-21,7451.7001953125,0.03625,call,1.1071298876449258,0.9506849315068492,251.0
SPX270521C08275000,2026-06-08 04:19:54+00:00,8275.0,228.41,241.8,243.9,-86.899994,-27.560177,1.0,45.0,0.1838284094476699,False,REGULAR,USD,2027-05-21,7451.7001953125,0.03625,call,1.110484826698395,0.9506849315068492,242.85
SPX270521C08300000,2026-06-08 04:19:54+00:00,8300.0,219.92,232.9,234.7,-2.0800018,-0.93693775,1.0,517.0,0.1826492029476165,False,REGULAR,USD,2027-05-21,7451.7001953125,0.03625,call,1.1138397657518648,0.9506849315068492,233.8
SPX270521C08325000,2026-06-01 15:40:46+00:00,8325.0,216.47,223.2,225.3,-66.32999,-23.454735,2.0,320.0,0.1813140722560882,False,REGULAR,USD,2027-05-21,7451.7001953125,0.03625,call,1.1171947048053343,0.9506849315068492,224.25
SPX270521C08350000,2026-06-03 16:05:25+00:00,8350.0,268.21,215.6,217.4,0.0,0.0,2.0,1124.0,0.1805015498638152,False,REGULAR,USD,2027-05-21,7451.7001953125,0.03625,call,1.1205496438588036,0.9506849315068492,216.5
SPX270521C08375000,2026-05-15 19:52:02+00:00,8375.0,215.6,205.2,207.2,0.0,0.0,7.0,6.0,0.1786829111289978,False,REGULAR,USD,2027-05-21,7451.7001953125,0.03625,call,1.1239045829122731,0.9506849315068492,206.2
SPX270521C08400000,2026-06-03 14:08:06+00:00,8400.0,253.61,197.8,199.6,0.0,0.0,2.0,433.0,0.1778408251285553,False,REGULAR,USD,2027-05-21,7451.7001953125,0.03625,call,1.1272595219657426,0.9506849315068492,198.7
SPX270521C08425000,2026-06-05 14:24:33+00:00,8425.0,219.41,189.8,191.8,0.0,0.0,2.0,6.0,0.176842338104248,False,REGULAR,USD,2027-05-21,7451.7001953125,0.03625,call,1.130614461019212,0.9506849315068492,190.8
SPX270521C08450000,2026-06-01 19:59:26+00:00,8450.0,243.2,182.4,184.4,0.0,0.0,10.0,177.0,0.1759363565635681,False,REGULAR,USD,2027-05-21,7451.7001953125,0.03625,call,1.1339694000726817,0.9506849315068492,183.4
SPX270521C08500000,2026-06-05 20:04:09+00:00,8500.0,170.59,170.6,172.4,18.589996,12.230261,70.0,2062.0,0.1751142975234985,False,REGULAR,USD,2027-05-21,7451.7001953125,0.03625,call,1.1406792781796204,0.9506849315068492,171.5
SPX270521C08525000,2026-06-01 20:07:32+00:00,8525.0,218.0,163.6,165.2,0.0,0.0,7.0,7.0,0.1740786175727844,False,REGULAR,USD,2027-05-21,7451.7001953125,0.03625,call,1.14403421723309,0.9506849315068492,164.39999999999998
SPX270521C08550000,2026-06-05 18:38:43+00:00,8550.0,152.54,154.9,156.5,0.0,0.0,250.0,326.0,0.1722857277870178,False,REGULAR,USD,2027-05-21,7451.7001953125,0.03625,call,1.1473891562865597,0.9506849315068492,155.7
SPX270521C08600000,2026-06-03 12:55:50+00:00,8600.0,194.2,142.6,144.4,0.0,0.0,100.0,962.0,0.1708342499923706,False,REGULAR,USD,2027-05-21,7451.7001953125,0.03625,call,1.1540990343934985,0.9506849315068492,143.5
SPX270521C08650000,2026-06-05 18:32:48+00:00,8650.0,132.12,132.0,133.5,0.0,0.0,18.0,436.0,0.1696545666599274,False,REGULAR,USD,2027-05-21,7451.7001953125,0.03625,call,1.1608089125004375,0.9506849315068492,132.75
SPX270521C08700000,2026-06-04 15:34:53+00:00,8700.0,159.13,121.8,123.2,0.0,0.0,500.0,1219.0,0.1684834663105011,False,REGULAR,USD,2027-05-21,7451.7001953125,0.03625,call,1.1675187906073765,0.9506849315068492,122.5
SPX270521C08750000,2026-06-03 18:39:39+00:00,8750.0,149.23,111.8,113.2,0.0,0.0,135.0,140.0,0.167173130903244,False,REGULAR,USD,2027-05-21,7451.7001953125,0.03625,call,1.1742286687143153,0.9506849315068492,112.5
SPX270521C08800000,2026-06-01 14:18:55+00:00,8800.0,136.0,101.9,103.3,0.0,0.0,1.0,33.0,0.1656072133350372,False,REGULAR,USD,2027-05-21,7451.7001953125,0.03625,call,1.1809385468212543,0.9506849315068492,102.6
SPX270521C08900000,2026-06-04 18:00:52+00:00,8900.0,124.47,85.6,86.8,0.0,0.0,1.0,92.0,0.163366101102829,False,REGULAR,USD,2027-05-21,7451.7001953125,0.03625,call,1.194358303035132,0.9506849315068492,86.19999999999999
SPX270521C09000000,2026-06-03 18:58:31+00:00,9000.0,99.81,72.3,73.4,0.0,0.0,70.0,447.0,0.161831654472351,False,REGULAR,USD,2027-05-21,7451.7001953125,0.03625,call,1.20777805924901,0.9506849315068492,72.85
SPX270521C09100000,2026-06-01 17:37:39+00:00,9100.0,87.92,59.7,60.7,0.0,0.0,1.0,84.0,0.159621059513092,False,REGULAR,USD,2027-05-21,7451.7001953125,0.03625,call,1.221197815462888,0.9506849315068492,60.2
SPX270521C09200000,2026-06-04 15:07:56+00:00,9200.0,68.23,50.2,51.3,0.0,0.0,5.0,156.0,0.1586607190799713,False,REGULAR,USD,2027-05-21,7451.7001953125,0.03625,call,1.2346175716767658,0.9506849315068492,50.75
SPX270521C09300000,2026-06-03 16:39:59+00:00,9300.0,57.0,41.3,42.3,0.0,0.0,1.0,365.0,0.1569736860847473,False,REGULAR,USD,2027-05-21,7451.7001953125,0.03625,call,1.2480373278906436,0.9506849315068492,41.8
SPX270521C09400000,2026-06-01 20:07:58+00:00,9400.0,52.6,33.9,34.9,0.0,0.0,13.0,75.0,0.1555927794837951,False,REGULAR,USD,2027-05-21,7451.7001953125,0.03625,call,1.2614570841045216,0.9506849315068492,34.4
SPX270521C09500000,2026-06-03 20:04:41+00:00,9500.0,40.29,28.5,29.3,0.0,0.0,56.0,61.0,0.155007229309082,False,REGULAR,USD,2027-05-21,7451.7001953125,0.03625,call,1.2748768403183994,0.9506849315068492,28.9
SPX270521C09600000,2026-06-04 13:37:41+00:00,9600.0,32.3,23.7,24.5,0.0,0.0,10.0,956.0,0.1544274011230469,False,REGULAR,USD,2027-05-21,7451.7001953125,0.03625,call,1.2882965965322772,0.9506849315068492,24.1
SPX270521C09800000,2026-06-03 18:31:01+00:00,9800.0,24.37,16.4,17.1,0.0,0.0,24.0,214.0,0.1535633808326721,False,REGULAR,USD,2027-05-21,7451.7001953125,0.03625,call,1.315136108960033,0.9506849315068492,16.75
SPX270521C10000000,2026-06-05 19:13:19+00:00,10000.0,10.6,11.4,12.1,0.0,0.0,376.0,1339.0,0.1533974431610107,False,REGULAR,USD,2027-05-21,7451.7001953125,0.03625,call,1.341975621387789,0.9506849315068492,11.75
SPX270521C10200000,2026-06-08 13:44:49+00:00,10200.0,8.51,8.4,9.0,0.5800004,7.3140025,2.0,181.0,0.1545761728286743,False,REGULAR,USD,2027-05-21,7451.7001953125,0.03625,call,1.3688151338155448,0.9506849315068492,8.7
SPX270521C10400000,2026-06-05 18:52:21+00:00,10400.0,6.0,6.4,6.9,0.0,0.0,18.0,201.0,0.1563957652282714,False,REGULAR,USD,2027-05-21,7451.7001953125,0.03625,call,1.3956546462433004,0.9506849315068492,6.65
SPX270521C10600000,2026-06-05 18:59:47+00:00,10600.0,4.56,4.9,5.4,0.0,0.0,16.0,227.0,0.1585472329711914,False,REGULAR,USD,2027-05-21,7451.7001953125,0.03625,call,1.4224941586710562,0.9506849315068492,5.15
SPX270521C10800000,2026-06-05 20:14:15+00:00,10800.0,3.8,3.8,4.3,0.0,0.0,25.0,165.0,0.1609123216247558,False,REGULAR,USD,2027-05-21,7451.7001953125,0.03625,call,1.449333671098812,0.9506849315068492,4.05
SPX270521C11000000,2026-06-05 18:38:48+00:00,11000.0,3.04,3.1,3.5,0.0,0.0,1.0,20.0,0.1635520657348633,False,REGULAR,USD,2027-05-21,7451.7001953125,0.03625,call,1.4761731835265677,0.9506849315068492,3.3
SPX270521C11200000,2026-06-08 13:44:49+00:00,11200.0,2.63,2.5,2.9,-0.80999994,-23.546509,4.0,98.0,0.1663749134826661,False,REGULAR,USD,2027-05-21,7451.7001953125,0.03625,call,1.5030126959543235,0.9506849315068492,2.7
SPX270521C11400000,2026-06-03 16:34:46+00:00,11400.0,2.72,2.0,2.35,0.0,0.0,8.0,150.0,0.1686179330444336,False,REGULAR,USD,2027-05-21,7451.7001953125,0.03625,call,1.5298522083820794,0.9506849315068492,2.175
SPX270521C11600000,2026-06-05 18:38:48+00:00,11600.0,1.69,1.7,2.0,0.0,0.0,4.0,140.0,0.171608625793457,False,REGULAR,USD,2027-05-21,7451.7001953125,0.03625,call,1.5566917208098352,0.9506849315068492,1.85
SPX270521C11800000,2026-06-01 17:43:27+00:00,11800.0,6.48,1.4,1.8,0.0,0.0,1.0,6.0,0.1754538021850585,False,REGULAR,USD,2027-05-21,7451.7001953125,0.03625,call,1.5835312332375908,0.9506849315068492,1.6
SPX270521C12000000,2026-06-03 19:22:23+00:00,12000.0,1.55,1.2,1.55,0.0,0.0,3.0,42.0,0.1783529431152344,False,REGULAR,USD,2027-05-21,7451.7001953125,0.03625,call,1.6103707456653469,0.9506849315068492,1.375
SPX270617C07400000,2026-06-05 16:13:13+00:00,7400.0,757.43,731.5,733.7,0.0,0.0,121.0,3500.0,0.2359724154376983,True,REGULAR,USD,2027-06-17,7451.7001953125,0.03625,call,0.9930619598269638,1.0246575342465754,732.6
SPX270617C07425000,2026-06-05 18:12:25+00:00,7425.0,720.28,715.0,717.5,0.0,0.0,50.0,77.0,0.2344103125286102,True,REGULAR,USD,2027-06-17,7451.7001953125,0.03625,call,0.9964168988804332,1.0246575342465754,716.25
SPX270617C07450000,2026-06-05 17:58:00+00:00,7450.0,714.2,698.0,700.3,0.0,0.0,100.0,1383.0,0.2324724656963348,True,REGULAR,USD,2027-06-17,7451.7001953125,0.03625,call,0.9997718379339028,1.0246575342465754,699.15
SPX270617C07475000,2026-06-08 15:17:52+00:00,7475.0,692.17,682.1,684.3,-73.97003,-9.654897,10.0,51.0,0.2308955809831619,False,REGULAR,USD,2027-06-17,7451.7001953125,0.03625,call,1.0031267769873722,1.0246575342465754,683.2
SPX270617C07500000,2026-06-08 13:36:22+00:00,7500.0,661.81,666.8,669.2,4.409973,0.67082036,12.0,6122.0,0.229576185760498,False,REGULAR,USD,2027-06-17,7451.7001953125,0.03625,call,1.0064817160408417,1.0246575342465754,668.0
SPX270617C07525000,2026-06-05 18:44:22+00:00,7525.0,639.58,651.3,653.5,0.0,0.0,2.0,386.0,0.2280131291866302,False,REGULAR,USD,2027-06-17,7451.7001953125,0.03625,call,1.0098366550943112,1.0246575342465754,652.4
SPX270617C07550000,2026-06-04 17:59:03+00:00,7550.0,736.05,634.6,637.7,0.0,0.0,152.0,342.0,0.2263733025979996,False,REGULAR,USD,2027-06-17,7451.7001953125,0.03625,call,1.0131915941477807,1.0246575342465754,636.1500000000001
SPX270617C07575000,2026-06-04 14:48:39+00:00,7575.0,613.88,620.3,622.5,-76.69,-11.105319,8.0,52.0,0.2248889233684539,False,REGULAR,USD,2027-06-17,7451.7001953125,0.03625,call,1.01654653320125,1.0246575342465754,621.4
SPX270617C07600000,2026-06-05 17:31:41+00:00,7600.0,621.2,608.1,610.5,0.0,0.0,1.0,4926.0,0.2244211507940292,False,REGULAR,USD,2027-06-17,7451.7001953125,0.03625,call,1.0199014722547195,1.0246575342465754,609.3
SPX270617C07625000,2026-06-05 19:52:57+00:00,7625.0,573.6,589.6,592.1,0.0,0.0,3.0,591.0,0.2217833140134811,False,REGULAR,USD,2027-06-17,7451.7001953125,0.03625,call,1.023256411308189,1.0246575342465754,590.85
SPX270617C07650000,2026-06-05 17:15:56+00:00,7650.0,587.0,574.1,576.4,0.0,0.0,8.0,611.0,0.2199947157192229,False,REGULAR,USD,2027-06-17,7451.7001953125,0.03625,call,1.0266113503616583,1.0246575342465754,575.25
SPX270617C07675000,2026-06-05 17:25:50+00:00,7675.0,573.9,564.1,566.2,0.0,0.0,5.0,404.0,0.2199847022390365,False,REGULAR,USD,2027-06-17,7451.7001953125,0.03625,call,1.029966289415128,1.0246575342465754,565.1500000000001
SPX270617C07700000,2026-06-08 15:14:12+00:00,7700.0,554.85,543.4,546.3,-8.350037,-1.4826059,18.0,2189.0,0.2167064795589446,False,REGULAR,USD,2027-06-17,7451.7001953125,0.03625,call,1.0333212284685975,1.0246575342465754,544.8499999999999
SPX270617C07725000,2026-06-05 14:27:15+00:00,7725.0,574.2,530.9,533.5,0.0,0.0,1.0,186.0,0.2157361256456375,False,REGULAR,USD,2027-06-17,7451.7001953125,0.03625,call,1.0366761675220668,1.0246575342465754,532.2
SPX270617C07750000,2026-06-05 19:33:14+00:00,7750.0,495.42,515.0,517.5,0.0,0.0,56.0,2692.0,0.2136523681020737,False,REGULAR,USD,2027-06-17,7451.7001953125,0.03625,call,1.0400311065755363,1.0246575342465754,516.25
SPX270617C07775000,2026-06-08 15:17:52+00:00,7775.0,511.17,503.0,505.2,-34.23001,-6.2761292,47.0,335.0,0.2127487707233429,False,REGULAR,USD,2027-06-17,7451.7001953125,0.03625,call,1.0433860456290058,1.0246575342465754,504.1
SPX270617C07800000,2026-06-08 15:25:03+00:00,7800.0,497.77,487.3,489.7,34.97,7.55618,23.0,4370.0,0.2107279550552368,False,REGULAR,USD,2027-06-17,7451.7001953125,0.03625,call,1.0467409846824751,1.0246575342465754,488.5
SPX270617C07825000,2026-06-05 17:15:56+00:00,7825.0,487.6,475.5,477.8,0.0,0.0,8.0,204.0,0.2098558286142349,False,REGULAR,USD,2027-06-17,7451.7001953125,0.03625,call,1.0500959237359448,1.0246575342465754,476.65
SPX270617C07850000,2026-06-08 14:51:48+00:00,7850.0,465.73,462.2,464.4,36.48001,8.498547,72.0,910.0,0.2084305766010283,False,REGULAR,USD,2027-06-17,7451.7001953125,0.03625,call,1.0534508627894144,1.0246575342465754,463.3
SPX270617C07875000,2026-06-05 19:20:47+00:00,7875.0,424.3,451.8,454.1,0.0,0.0,68.0,196.0,0.2079923676347732,False,REGULAR,USD,2027-06-17,7451.7001953125,0.03625,call,1.0568058018428836,1.0246575342465754,452.9500000000001
SPX270617C07900000,2026-06-08 14:53:17+00:00,7900.0,440.7,436.0,438.1,-35.399994,-7.4354115,3.0,1336.0,0.2055848408985137,False,REGULAR,USD,2027-06-17,7451.7001953125,0.03625,call,1.0601607408963531,1.0246575342465754,437.05
SPX270617C07925000,2026-06-05 19:38:46+00:00,7925.0,406.2,423.4,425.5,0.0,0.0,313.0,522.0,0.2042644920110702,False,REGULAR,USD,2027-06-17,7451.7001953125,0.03625,call,1.0635156799498229,1.0246575342465754,424.45
SPX270617C07950000,2026-06-05 20:00:33+00:00,7950.0,389.65,410.1,412.2,0.0,0.0,62.0,1025.0,0.2026504143714904,False,REGULAR,USD,2027-06-17,7451.7001953125,0.03625,call,1.0668706190032922,1.0246575342465754,411.15
SPX270617C07975000,2026-06-08 14:51:26+00:00,7975.0,400.35,401.1,403.1,-8.049988,-1.9711038,1.0,149.0,0.202408183517456,False,REGULAR,USD,2027-06-17,7451.7001953125,0.03625,call,1.0702255580567617,1.0246575342465754,402.1
SPX270617C08000000,2026-06-08 15:14:12+00:00,8000.0,393.88,386.0,388.0,22.779999,6.138507,14.0,9527.0,0.200064552321434,False,REGULAR,USD,2027-06-17,7451.7001953125,0.03625,call,1.0735804971102312,1.0246575342465754,387.0
SPX270617C08025000,2026-06-05 19:22:07+00:00,8025.0,352.4,374.2,376.5,0.0,0.0,7.0,220.0,0.1988901141452789,False,REGULAR,USD,2027-06-17,7451.7001953125,0.03625,call,1.076935436163701,1.0246575342465754,375.35
SPX270617C08050000,2026-06-08 13:58:13+00:00,8050.0,363.1,364.6,366.6,22.0,6.4497213,171.0,464.0,0.1982101511573791,False,REGULAR,USD,2027-06-17,7451.7001953125,0.03625,call,1.08029037521717,1.0246575342465754,365.6
SPX270617C08075000,2026-06-05 17:15:26+00:00,8075.0,362.7,350.7,353.1,0.0,0.0,7.0,30.0,0.1962260515832901,False,REGULAR,USD,2027-06-17,7451.7001953125,0.03625,call,1.0836453142706397,1.0246575342465754,351.9
SPX270617C08100000,2026-06-05 19:05:44+00:00,8100.0,328.45,339.8,341.8,0.0,0.0,609.0,5247.0,0.1949414651250839,False,REGULAR,USD,2027-06-17,7451.7001953125,0.03625,call,1.087000253324109,1.0246575342465754,340.8
SPX270617C08125000,2026-06-05 16:11:06+00:00,8125.0,349.6,329.1,331.0,0.0,0.0,6.0,138.0,0.1937703647756576,False,REGULAR,USD,2027-06-17,7451.7001953125,0.03625,call,1.0903551923775785,1.0246575342465754,330.05
SPX270617C08150000,2026-06-08 14:15:08+00:00,8150.0,312.15,318.4,320.3,16.350006,5.5273857,100.0,1620.0,0.1925730386447906,False,REGULAR,USD,2027-06-17,7451.7001953125,0.03625,call,1.093710131431048,1.0246575342465754,319.35
SPX270617C08175000,2026-06-05 17:31:59+00:00,8175.0,320.7,308.6,310.8,0.0,0.0,14.0,142.0,0.1917404892921448,False,REGULAR,USD,2027-06-17,7451.7001953125,0.03625,call,1.0970650704845175,1.0246575342465754,309.70000000000005
SPX270617C08200000,2026-06-08 14:49:17+00:00,8200.0,300.3,297.9,299.7,13.799988,4.8167496,170.0,3915.0,0.1902747065258026,False,REGULAR,USD,2027-06-17,7451.7001953125,0.03625,call,1.1004200095379868,1.0246575342465754,298.79999999999995
SPX270617C08225000,2026-06-08 14:04:54+00:00,8225.0,281.27,287.7,289.7,-18.029999,-6.024056,142.0,87.0,0.1891379381084442,False,REGULAR,USD,2027-06-17,7451.7001953125,0.03625,call,1.1037749485914563,1.0246575342465754,288.7
SPX270617C08250000,2026-06-05 19:18:09+00:00,8250.0,257.0,276.4,278.7,0.0,0.0,21.0,109.0,0.1875710668754577,False,REGULAR,USD,2027-06-17,7451.7001953125,0.03625,call,1.1071298876449258,1.0246575342465754,277.54999999999995
SPX270617C08275000,2026-06-05 20:09:06+00:00,8275.0,251.1,268.5,270.4,0.0,0.0,1006.0,1080.0,0.1869254358196258,False,REGULAR,USD,2027-06-17,7451.7001953125,0.03625,call,1.110484826698395,1.0246575342465754,269.45
SPX270617C08300000,2026-06-05 15:28:43+00:00,8300.0,256.6,259.8,261.7,-27.799988,-9.7749605,250.0,2340.0,0.1860738131713867,False,REGULAR,USD,2027-06-17,7451.7001953125,0.03625,call,1.1138397657518648,1.0246575342465754,260.75
SPX270617C08325000,2026-06-05 18:44:22+00:00,8325.0,243.87,251.7,253.9,-1.2799988,-0.5221288,2.0,38.0,0.1854968459796905,False,REGULAR,USD,2027-06-17,7451.7001953125,0.03625,call,1.1171947048053343,1.0246575342465754,252.8
SPX270617C08350000,2026-06-08 14:11:09+00:00,8350.0,237.87,242.9,245.0,-26.730011,-10.102044,2.0,29.0,0.1844463842248916,False,REGULAR,USD,2027-06-17,7451.7001953125,0.03625,call,1.1205496438588036,1.0246575342465754,243.95
SPX270617C08375000,2026-06-05 17:33:06+00:00,8375.0,242.4,233.3,235.2,0.0,0.0,7.0,7.0,0.1829839392852782,False,REGULAR,USD,2027-06-17,7451.7001953125,0.03625,call,1.1239045829122731,1.0246575342465754,234.25
SPX270617C08400000,2026-06-05 17:31:43+00:00,8400.0,235.6,225.5,227.4,0.0,0.0,1505.0,4048.0,0.182217669634819,False,REGULAR,USD,2027-06-17,7451.7001953125,0.03625,call,1.1272595219657426,1.0246575342465754,226.45
SPX270617C08425000,2026-06-05 17:41:50+00:00,8425.0,228.5,215.4,217.0,0.0,0.0,4.0,80.0,0.1803699441242218,False,REGULAR,USD,2027-06-17,7451.7001953125,0.03625,call,1.130614461019212,1.0246575342465754,216.2
SPX270617C08450000,2026-06-05 17:15:53+00:00,8450.0,218.0,208.9,210.8,0.0,0.0,2.0,16.0,0.1800981496620178,False,REGULAR,USD,2027-06-17,7451.7001953125,0.03625,call,1.1339694000726817,1.0246575342465754,209.85
SPX270617C08475000,2026-06-05 18:42:24+00:00,8475.0,197.52,201.3,203.3,0.0,0.0,49.0,602.0,0.1792522490024566,False,REGULAR,USD,2027-06-17,7451.7001953125,0.03625,call,1.1373243391261512,1.0246575342465754,202.3
SPX270617C08500000,2026-06-08 14:01:33+00:00,8500.0,188.67,193.0,194.6,-2.0299988,-1.0644985,1000.0,4136.0,0.1778517922735214,False,REGULAR,USD,2027-06-17,7451.7001953125,0.03625,call,1.1406792781796204,1.0246575342465754,193.8
SPX270617C08525000,2026-06-05 17:18:43+00:00,8525.0,195.0,185.8,187.5,0.0,0.0,9.0,10.0,0.1770278259038925,False,REGULAR,USD,2027-06-17,7451.7001953125,0.03625,call,1.14403421723309,1.0246575342465754,186.65
SPX270617C08550000,2026-06-08 14:55:33+00:00,8550.0,180.86,178.2,179.8,-7.4400024,-3.951143,247.0,148.0,0.1758848586654663,False,REGULAR,USD,2027-06-17,7451.7001953125,0.03625,call,1.1473891562865597,1.0246575342465754,179.0
SPX270617C08575000,2026-06-05 19:05:44+00:00,8575.0,165.78,174.1,175.9,0.0,0.0,6.0,11.0,0.1762739538955688,False,REGULAR,USD,2027-06-17,7451.7001953125,0.03625,call,1.150744095340029,1.0246575342465754,175.0
SPX270617C08600000,2026-06-08 14:21:08+00:00,8600.0,161.07,165.6,167.3,-3.4299927,-2.0851018,1.0,2945.0,0.1746098088550568,False,REGULAR,USD,2027-06-17,7451.7001953125,0.03625,call,1.1540990343934985,1.0246575342465754,166.45
SPX270617C08625000,2026-06-05 17:31:02+00:00,8625.0,168.7,159.7,161.2,0.0,0.0,3.0,3.0,0.1739408130121231,False,REGULAR,USD,2027-06-17,7451.7001953125,0.03625,call,1.157453973446968,1.0246575342465754,160.45
SPX270617C08650000,2026-06-08 14:17:12+00:00,8650.0,147.98,153.5,155.0,-0.33000183,-0.22250815,1.0,1586.0,0.1731611920547485,False,REGULAR,USD,2027-06-17,7451.7001953125,0.03625,call,1.1608089125004375,1.0246575342465754,154.25
SPX270617C08675000,2026-06-05 17:32:22+00:00,8675.0,155.6,147.2,148.7,0.0,0.0,5.0,5.0,0.1722666544914245,False,REGULAR,USD,2027-06-17,7451.7001953125,0.03625,call,1.1641638515539068,1.0246575342465754,147.95
SPX270617C08700000,2026-06-08 15:13:57+00:00,8700.0,145.59,141.9,143.2,-3.2100067,-2.1572626,4.0,2662.0,0.1716639383506775,False,REGULAR,USD,2027-06-17,7451.7001953125,0.03625,call,1.1675187906073765,1.0246575342465754,142.55
SPX270617C08750000,2026-06-05 20:01:02+00:00,8750.0,121.6,131.9,133.5,0.0,0.0,14.0,1591.0,0.1708733502483368,False,REGULAR,USD,2027-06-17,7451.7001953125,0.03625,call,1.1742286687143153,1.0246575342465754,132.7
SPX270617C08800000,2026-06-08 15:24:50+00:00,8800.0,124.28,122.0,123.2,11.879997,10.569393,10.0,5679.0,0.1695487098693848,False,REGULAR,USD,2027-06-17,7451.7001953125,0.03625,call,1.1809385468212543,1.0246575342465754,122.6
SPX270617C08850000,2026-06-05 17:16:33+00:00,8850.0,117.4,112.3,113.6,0.0,0.0,4.0,293.0,0.1682975016784668,False,REGULAR,USD,2027-06-17,7451.7001953125,0.03625,call,1.1876484249281931,1.0246575342465754,112.95
SPX270617C08900000,2026-06-08 14:11:09+00:00,8900.0,100.71,103.7,104.7,-9.590004,-8.694472,4.0,2437.0,0.1671340306472779,False,REGULAR,USD,2027-06-17,7451.7001953125,0.03625,call,1.194358303035132,1.0246575342465754,104.2
SPX270617C08950000,2026-06-08 15:16:55+00:00,8950.0,97.3,93.9,95.0,-29.799995,-23.446102,429.0,2.0,0.1652524500370025,False,REGULAR,USD,2027-06-17,7451.7001953125,0.03625,call,1.2010681811420711,1.0246575342465754,94.45
SPX270617C09000000,2026-06-08 13:30:02+00:00,9000.0,88.6,87.6,88.9,7.7999954,9.653459,1.0,5083.0,0.1650922343540192,False,REGULAR,USD,2027-06-17,7451.7001953125,0.03625,call,1.20777805924901,1.0246575342465754,88.25
SPX270617C09050000,2026-06-08 13:05:13+00:00,9050.0,81.43,79.6,80.7,4.970001,6.5001326,500.0,14.0,0.1634776798820495,False,REGULAR,USD,2027-06-17,7451.7001953125,0.03625,call,1.214487937355949,1.0246575342465754,80.15
SPX270617C09100000,2026-06-04 13:58:47+00:00,9100.0,94.0,73.8,74.9,0.0,0.0,1.0,61.0,0.1630351794242859,False,REGULAR,USD,2027-06-17,7451.7001953125,0.03625,call,1.221197815462888,1.0246575342465754,74.35
SPX270617C09200000,2026-06-08 13:58:12+00:00,9200.0,61.46,62.1,63.0,-1.1300011,-1.8054019,335.0,4423.0,0.1612508726215362,False,REGULAR,USD,2027-06-17,7451.7001953125,0.03625,call,1.2346175716767658,1.0246575342465754,62.55
SPX270617C09300000,2026-06-08 15:13:57+00:00,9300.0,53.27,52.1,53.0,-13.23,-19.894737,1708.0,537.0,0.1597679238891601,False,REGULAR,USD,2027-06-17,7451.7001953125,0.03625,call,1.2480373278906436,1.0246575342465754,52.55
SPX270617C09400000,2026-06-08 15:24:50+00:00,9400.0,44.74,43.5,44.6,-1.5499992,-3.3484538,56.0,4022.0,0.1585424646472931,False,REGULAR,USD,2027-06-17,7451.7001953125,0.03625,call,1.2614570841045216,1.0246575342465754,44.05
SPX270617C09500000,2026-06-08 14:52:13+00:00,9500.0,36.7,36.0,36.8,-9.299999,-20.21739,10.0,4692.0,0.1568325436973572,False,REGULAR,USD,2027-06-17,7451.7001953125,0.03625,call,1.2748768403183994,1.0246575342465754,36.4
SPX270617C09600000,2026-06-08 00:51:33+00:00,9600.0,28.9,30.2,30.8,-0.26000023,-0.89163315,2.0,5280.0,0.1558483616447449,False,REGULAR,USD,2027-06-17,7451.7001953125,0.03625,call,1.2882965965322772,1.0246575342465754,30.5
SPX270617C09800000,2026-06-08 13:47:13+00:00,9800.0,21.67,21.5,22.0,1.5699997,7.8109436,14.0,2187.0,0.1549080481719971,False,REGULAR,USD,2027-06-17,7451.7001953125,0.03625,call,1.315136108960033,1.0246575342465754,21.75
SPX270617C10000000,2026-06-08 13:47:32+00:00,10000.0,15.35,15.4,15.8,0.45000076,2.98409,31.0,7674.0,0.1544731770324707,False,REGULAR,USD,2027-06-17,7451.7001953125,0.03625,call,1.341975621387789,1.0246575342465754,15.6
SPX270617C10200000,2026-06-08 15:09:00+00:00,10200.0,11.46,11.1,11.5,-4.6400003,-28.819878,57.0,1518.0,0.1545990607833862,False,REGULAR,USD,2027-06-17,7451.7001953125,0.03625,call,1.3688151338155448,1.0246575342465754,11.3
SPX270617C10400000,2026-06-08 15:09:40+00:00,10400.0,8.52,8.3,8.9,0.32000065,3.902447,3.0,2909.0,0.1562431788635254,False,REGULAR,USD,2027-06-17,7451.7001953125,0.03625,call,1.3956546462433004,1.0246575342465754,8.600000000000001
SPX270617C10600000,2026-06-03 18:44:02+00:00,10600.0,9.03,6.4,6.9,0.0,0.0,12.0,1018.0,0.1578453356933593,False,REGULAR,USD,2027-06-17,7451.7001953125,0.03625,call,1.4224941586710562,1.0246575342465754,6.65
SPX270617C10800000,2026-06-05 18:50:44+00:00,10800.0,4.85,4.9,5.4,0.0,0.0,3.0,1240.0,0.1595619322967529,False,REGULAR,USD,2027-06-17,7451.7001953125,0.03625,call,1.449333671098812,1.0246575342465754,5.15
SPX270617C11000000,2026-06-08 15:09:00+00:00,11000.0,4.23,3.9,4.4,-0.23000002,-5.156951,114.0,176.0,0.1619804261779785,False,REGULAR,USD,2027-06-17,7451.7001953125,0.03625,call,1.4761731835265677,1.0246575342465754,4.15
SPX270617C11200000,2026-06-08 15:09:40+00:00,11200.0,3.46,3.2,3.6,0.36000013,11.612908,4.0,162.0,0.1643455148315429,False,REGULAR,USD,2027-06-17,7451.7001953125,0.03625,call,1.5030126959543235,1.0246575342465754,3.4000000000000004
SPX270617C11400000,2026-06-03 16:33:55+00:00,11400.0,3.48,2.6,2.95,0.0,0.0,8.0,222.0,0.1665885343933106,False,REGULAR,USD,2027-06-17,7451.7001953125,0.03625,call,1.5298522083820794,1.0246575342465754,2.7750000000000004
SPX270917C07400000,2026-05-22 16:34:19+00:00,7400.0,870.63,838.6,842.5,0.0,0.0,41.0,26.0,0.2442659611940384,True,REGULAR,USD,2027-09-17,7451.7001953125,0.03625,call,0.9930619598269638,1.2767123287671234,840.55
SPX270917C07425000,2026-06-05 19:10:30+00:00,7425.0,800.06,824.9,827.8,0.0,0.0,1.0,3.0,0.2432488777065277,True,REGULAR,USD,2027-09-17,7451.7001953125,0.03625,call,0.9964168988804332,1.2767123287671234,826.3499999999999
SPX270917C07450000,2026-06-04 14:42:12+00:00,7450.0,886.0,809.3,811.9,0.0,0.0,1.0,52.0,0.2418388843297958,True,REGULAR,USD,2027-09-17,7451.7001953125,0.03625,call,0.9997718379339028,1.2767123287671234,810.5999999999999
SPX270917C07500000,2026-06-04 14:40:27+00:00,7500.0,851.66,780.7,783.7,0.0,0.0,1.0,328.0,0.2400016491317748,False,REGULAR,USD,2027-09-17,7451.7001953125,0.03625,call,1.0064817160408417,1.2767123287671234,782.2
SPX270917C07525000,2026-06-08 13:44:28+00:00,7525.0,757.39,761.3,764.7,-119.609985,-13.638538,1.0,5.0,0.2375688502788543,False,REGULAR,USD,2027-09-17,7451.7001953125,0.03625,call,1.0098366550943112,1.2767123287671234,763.0
SPX270917C07550000,2026-05-26 17:04:16+00:00,7550.0,787.55,743.7,747.4,0.0,0.0,2.0,4006.0,0.2356133606481552,False,REGULAR,USD,2027-09-17,7451.7001953125,0.03625,call,1.0131915941477807,1.2767123287671234,745.55
SPX270917C07600000,2026-06-01 11:16:15+00:00,7600.0,815.07,719.7,722.3,0.0,0.0,1.0,17.0,0.2344351078128814,False,REGULAR,USD,2027-09-17,7451.7001953125,0.03625,call,1.0199014722547195,1.2767123287671234,721.0
SPX270917C07650000,2026-05-01 19:53:11+00:00,7650.0,548.9,688.6,691.5,0.0,0.0,2.0,4000.0,0.2314205734443664,False,REGULAR,USD,2027-09-17,7451.7001953125,0.03625,call,1.0266113503616583,1.2767123287671234,690.05
SPX270917C07700000,2026-05-01 19:54:13+00:00,7700.0,522.7,655.6,658.6,0.0,0.0,3.0,3.0,0.2276421535873413,False,REGULAR,USD,2027-09-17,7451.7001953125,0.03625,call,1.0333212284685975,1.2767123287671234,657.1
SPX270917C07725000,2026-05-18 16:11:09+00:00,7725.0,606.8,640.6,643.4,0.0,0.0,1.0,6.0,0.2260714676952362,False,REGULAR,USD,2027-09-17,7451.7001953125,0.03625,call,1.0366761675220668,1.2767123287671234,642.0
SPX270917C07750000,2026-05-22 17:25:55+00:00,7750.0,655.75,631.0,633.7,0.0,0.0,2.0,24.0,0.2260996008062362,False,REGULAR,USD,2027-09-17,7451.7001953125,0.03625,call,1.0400311065755363,1.2767123287671234,632.35
SPX270917C07775000,2026-05-11 17:07:06+00:00,7775.0,603.5,610.2,614.0,0.0,0.0,8.0,11.0,0.2231160605430602,False,REGULAR,USD,2027-09-17,7451.7001953125,0.03625,call,1.0433860456290058,1.2767123287671234,612.1
SPX270917C07800000,2026-06-04 19:15:10+00:00,7800.0,694.23,596.1,599.4,0.0,0.0,52.0,127.0,0.2216111775207519,False,REGULAR,USD,2027-09-17,7451.7001953125,0.03625,call,1.0467409846824751,1.2767123287671234,597.75
SPX270917C07825000,2026-05-18 16:11:09+00:00,7825.0,552.0,584.6,587.3,0.0,0.0,1.0,11.0,0.2208129601001739,False,REGULAR,USD,2027-09-17,7451.7001953125,0.03625,call,1.0500959237359448,1.2767123287671234,585.95
SPX270917C07850000,2026-06-01 14:39:03+00:00,7850.0,645.07,570.1,573.0,0.0,0.0,1.0,51.0,0.219320951552391,False,REGULAR,USD,2027-09-17,7451.7001953125,0.03625,call,1.0534508627894144,1.2767123287671234,571.55
SPX270917C07875000,2026-05-13 15:02:19+00:00,7875.0,551.5,554.9,558.4,0.0,0.0,1.0,6.0,0.2176992445945739,False,REGULAR,USD,2027-09-17,7451.7001953125,0.03625,call,1.0568058018428836,1.2767123287671234,556.65
SPX270917C07900000,2026-06-05 17:34:12+00:00,7900.0,556.89,546.8,549.7,0.0,0.0,36.0,70.0,0.2178031940555572,False,REGULAR,USD,2027-09-17,7451.7001953125,0.03625,call,1.0601607408963531,1.2767123287671234,548.25
SPX270917C07925000,2026-05-11 17:07:00+00:00,7925.0,523.1,529.8,532.9,0.0,0.0,2.0,5.0,0.2154423968935013,False,REGULAR,USD,2027-09-17,7451.7001953125,0.03625,call,1.0635156799498229,1.2767123287671234,531.3499999999999
SPX270917C07950000,2026-06-05 17:34:12+00:00,7950.0,530.43,516.8,519.5,0.0,0.0,36.0,54.0,0.2140581524658203,False,REGULAR,USD,2027-09-17,7451.7001953125,0.03625,call,1.0668706190032922,1.2767123287671234,518.15
SPX270917C08000000,2026-06-05 17:14:53+00:00,8000.0,503.88,491.7,494.9,0.0,0.0,1.0,334.0,0.2118275305461883,False,REGULAR,USD,2027-09-17,7451.7001953125,0.03625,call,1.0735804971102312,1.2767123287671234,493.3
SPX270917C08025000,2026-06-01 19:31:27+00:00,8025.0,574.9,480.0,483.8,0.0,0.0,60.0,101.0,0.211013100824356,False,REGULAR,USD,2027-09-17,7451.7001953125,0.03625,call,1.076935436163701,1.2767123287671234,481.9
SPX270917C08050000,2026-06-01 19:31:42+00:00,8050.0,561.2,466.4,469.2,0.0,0.0,21.0,64.0,0.2090952809524536,False,REGULAR,USD,2027-09-17,7451.7001953125,0.03625,call,1.08029037521717,1.2767123287671234,467.8
SPX270917C08100000,2026-06-01 19:48:59+00:00,8100.0,530.65,440.7,444.5,0.0,0.0,1.0,39.0,0.2064908224391936,False,REGULAR,USD,2027-09-17,7451.7001953125,0.03625,call,1.087000253324109,1.2767123287671234,442.6
SPX270917C08150000,2026-06-01 19:31:55+00:00,8150.0,509.1,421.7,424.9,0.0,0.0,2.0,5.0,0.2052772840070724,False,REGULAR,USD,2027-09-17,7451.7001953125,0.03625,call,1.093710131431048,1.2767123287671234,423.3
SPX270917C08175000,2026-06-01 19:31:40+00:00,8175.0,497.0,409.3,412.5,0.0,0.0,1.0,16.0,0.2038043487548828,False,REGULAR,USD,2027-09-17,7451.7001953125,0.03625,call,1.0970650704845175,1.2767123287671234,410.9
SPX270917C08200000,2026-05-01 15:14:03+00:00,8200.0,294.02,396.7,399.9,0.0,0.0,1.0,2.0,0.2022203115558624,False,REGULAR,USD,2027-09-17,7451.7001953125,0.03625,call,1.1004200095379868,1.2767123287671234,398.3
SPX270917C08225000,2026-05-15 19:26:53+00:00,8225.0,390.05,385.7,388.6,0.0,0.0,1.0,1.0,0.2009919913196563,False,REGULAR,USD,2027-09-17,7451.7001953125,0.03625,call,1.1037749485914563,1.2767123287671234,387.15
SPX270917C08250000,2026-06-05 19:17:51+00:00,8250.0,351.7,374.4,377.4,0.0,0.0,3.0,8.0,0.199747458782196,False,REGULAR,USD,2027-09-17,7451.7001953125,0.03625,call,1.1071298876449258,1.2767123287671234,375.9
SPX270917C08275000,2026-06-02 18:54:27+00:00,8275.0,446.5,363.8,366.8,0.0,0.0,1.0,6.0,0.1986440686321258,False,REGULAR,USD,2027-09-17,7451.7001953125,0.03625,call,1.110484826698395,1.2767123287671234,365.3
SPX270917C08300000,2026-06-03 17:37:24+00:00,8300.0,414.5,356.8,359.5,0.0,0.0,900.0,902.0,0.1985429801654815,False,REGULAR,USD,2027-09-17,7451.7001953125,0.03625,call,1.1138397657518648,1.2767123287671234,358.15
SPX270917C08350000,2026-06-05 19:17:58+00:00,8350.0,312.2,333.7,336.7,0.0,0.0,7.0,9.0,0.1955890035104751,False,REGULAR,USD,2027-09-17,7451.7001953125,0.03625,call,1.1205496438588036,1.2767123287671234,335.2
SPX270917C08400000,2026-06-05 18:38:06+00:00,8400.0,311.5,314.0,316.8,0.0,0.0,1.0,2.0,0.1933626730823517,False,REGULAR,USD,2027-09-17,7451.7001953125,0.03625,call,1.1272595219657426,1.2767123287671234,315.4
SPX270917C08450000,2026-06-05 19:55:55+00:00,8450.0,285.16,295.2,297.8,0.0,0.0,1.0,1.0,0.1912283713054657,False,REGULAR,USD,2027-09-17,7451.7001953125,0.03625,call,1.1339694000726817,1.2767123287671234,296.5
SPX270917C08500000,2026-06-03 17:35:41+00:00,8500.0,333.7,279.8,282.5,0.0,0.0,25.0,35.0,0.1901354714679718,False,REGULAR,USD,2027-09-17,7451.7001953125,0.03625,call,1.1406792781796204,1.2767123287671234,281.15
SPX270917C08600000,2026-06-05 19:17:25+00:00,8600.0,229.1,243.4,248.6,0.0,0.0,1.0,2.0,0.1862531021499633,False,REGULAR,USD,2027-09-17,7451.7001953125,0.03625,call,1.1540990343934985,1.2767123287671234,246.0
SPX270917C08700000,2026-05-08 18:47:43+00:00,8700.0,200.6,215.1,217.4,0.0,0.0,1.0,2.0,0.1824727749633788,False,REGULAR,USD,2027-09-17,7451.7001953125,0.03625,call,1.1675187906073765,1.2767123287671234,216.25
SPX270917C08750000,2026-06-04 18:22:14+00:00,8750.0,257.3,202.7,205.4,0.0,0.0,4.0,6.0,0.1815944497013091,False,REGULAR,USD,2027-09-17,7451.7001953125,0.03625,call,1.1742286687143153,1.2767123287671234,204.05
SPX270917C08800000,2026-06-04 19:27:09+00:00,8800.0,243.4,187.9,190.4,0.0,0.0,46.0,53.0,0.1793838547420501,False,REGULAR,USD,2027-09-17,7451.7001953125,0.03625,call,1.1809385468212543,1.2767123287671234,189.15
SPX270917C08900000,2026-06-02 15:03:16+00:00,8900.0,218.71,162.6,165.3,0.0,0.0,2.0,44.0,0.1761738190937042,False,REGULAR,USD,2027-09-17,7451.7001953125,0.03625,call,1.194358303035132,1.2767123287671234,163.95
SPX270917C09000000,2026-06-08 14:50:06+00:00,9000.0,143.9,143.5,145.7,4.519989,3.242925,2.0,1044.0,0.1743895122909546,False,REGULAR,USD,2027-09-17,7451.7001953125,0.03625,call,1.20777805924901,1.2767123287671234,144.6
SPX270917C09100000,2026-06-02 09:45:17+00:00,9100.0,163.07,123.4,125.4,0.0,0.0,1.0,9.0,0.1714941860198975,False,REGULAR,USD,2027-09-17,7451.7001953125,0.03625,call,1.221197815462888,1.2767123287671234,124.4
SPX270917C09200000,2026-06-05 19:55:34+00:00,9200.0,104.1,106.9,108.9,0.0,0.0,1.0,10.0,0.1694981656360626,False,REGULAR,USD,2027-09-17,7451.7001953125,0.03625,call,1.2346175716767658,1.2767123287671234,107.9
SPX270917C09400000,2026-06-05 15:59:39+00:00,9400.0,89.67,81.1,82.9,0.0,0.0,5.0,22.0,0.1667659160423279,False,REGULAR,USD,2027-09-17,7451.7001953125,0.03625,call,1.2614570841045216,1.2767123287671234,82.0
SPX270917C09500000,2026-06-02 15:03:16+00:00,9500.0,98.58,69.8,71.7,0.0,0.0,4.0,81.0,0.165304901599884,False,REGULAR,USD,2027-09-17,7451.7001953125,0.03625,call,1.2748768403183994,1.2767123287671234,70.75
SPX270917C09550000,2026-05-11 17:06:16+00:00,9550.0,67.76,64.0,65.8,0.0,0.0,1.0,25.0,0.1640870716762542,False,REGULAR,USD,2027-09-17,7451.7001953125,0.03625,call,1.2815867184253384,1.2767123287671234,64.9
SPX270917C09600000,2026-06-08 14:15:46+00:00,9600.0,58.0,59.9,61.7,-28.629997,-33.048595,1.0,96.0,0.1638372115039826,False,REGULAR,USD,2027-09-17,7451.7001953125,0.03625,call,1.2882965965322772,1.2767123287671234,60.8
SPX270917C09800000,2026-06-04 18:21:42+00:00,9800.0,62.95,44.7,46.2,0.0,0.0,1.0,10.0,0.1618755230522155,False,REGULAR,USD,2027-09-17,7451.7001953125,0.03625,call,1.315136108960033,1.2767123287671234,45.45
SPX270917C10000000,2026-06-08 11:10:42+00:00,10000.0,33.0,33.5,34.8,-0.65999985,-1.9607838,1.0,524.0,0.1606166855430603,False,REGULAR,USD,2027-09-17,7451.7001953125,0.03625,call,1.341975621387789,1.2767123287671234,34.15
SPX270917C10200000,2026-06-03 18:26:19+00:00,10200.0,34.84,24.9,26.2,0.0,0.0,106.0,54.0,0.1596897233772277,False,REGULAR,USD,2027-09-17,7451.7001953125,0.03625,call,1.3688151338155448,1.2767123287671234,25.55
SPX270917C10400000,2026-06-03 18:23:33+00:00,10400.0,26.49,19.2,20.4,0.0,0.0,102.0,137.0,0.1599681934928894,False,REGULAR,USD,2027-09-17,7451.7001953125,0.03625,call,1.3956546462433004,1.2767123287671234,19.8
SPX270917C10600000,2026-05-21 13:54:31+00:00,10600.0,15.67,15.2,16.1,0.0,0.0,10.0,66.0,0.1606719981002807,False,REGULAR,USD,2027-09-17,7451.7001953125,0.03625,call,1.4224941586710562,1.2767123287671234,15.65
SPX270917C10800000,2026-05-28 15:38:01+00:00,10800.0,16.37,12.1,13.0,0.0,0.0,1.0,95.0,0.1619499089050293,False,REGULAR,USD,2027-09-17,7451.7001953125,0.03625,call,1.449333671098812,1.2767123287671234,12.55
SPX270917C11000000,2026-06-05 18:27:18+00:00,11000.0,10.16,9.7,10.6,0.0,0.0,1.0,337.0,0.1634071086883545,False,REGULAR,USD,2027-09-17,7451.7001953125,0.03625,call,1.4761731835265677,1.2767123287671234,10.15
SPX270917C11200000,2026-06-03 18:26:19+00:00,11200.0,10.69,8.1,8.8,0.0,0.0,102.0,227.0,0.1651961838150024,False,REGULAR,USD,2027-09-17,7451.7001953125,0.03625,call,1.5030126959543235,1.2767123287671234,8.45
SPX270917C11400000,2026-06-05 19:46:11+00:00,11400.0,6.9,6.7,7.4,0.0,0.0,4.0,81.0,0.1671683625793457,False,REGULAR,USD,2027-09-17,7451.7001953125,0.03625,call,1.5298522083820794,1.2767123287671234,7.050000000000001
SPX270917C12000000,2026-06-05 18:55:15+00:00,12000.0,4.08,3.9,4.6,0.0,0.0,4.0,203.0,0.1733557396697998,False,REGULAR,USD,2027-09-17,7451.7001953125,0.03625,call,1.6103707456653469,1.2767123287671234,4.25
SPX271217C07400000,2026-06-05 19:55:48+00:00,7400.0,924.0,945.8,950.0,0.0,0.0,121.0,3434.0,0.2531193081760407,True,REGULAR,USD,2027-12-17,7451.7001953125,0.03625,call,0.9930619598269638,1.526027397260274,947.9
SPX271217C07450000,2026-06-05 17:08:21+00:00,7450.0,923.08,910.6,914.8,0.0,0.0,14.0,659.0,0.2495177931356429,True,REGULAR,USD,2027-12-17,7451.7001953125,0.03625,call,0.9997718379339028,1.526027397260274,912.7
SPX271217C07500000,2026-06-05 19:16:00+00:00,7500.0,846.53,880.2,883.5,0.0,0.0,25.0,3938.0,0.2468947381591797,False,REGULAR,USD,2027-12-17,7451.7001953125,0.03625,call,1.0064817160408417,1.526027397260274,881.85
SPX271217C07550000,2026-06-02 18:18:47+00:00,7550.0,958.53,845.6,852.3,0.0,0.0,25.0,805.0,0.2441972973299026,False,REGULAR,USD,2027-12-17,7451.7001953125,0.03625,call,1.0131915941477807,1.526027397260274,848.95
SPX271217C07600000,2026-06-05 19:45:58+00:00,7600.0,796.09,817.7,821.4,0.0,0.0,22.0,5386.0,0.2414779222106933,False,REGULAR,USD,2027-12-17,7451.7001953125,0.03625,call,1.0199014722547195,1.526027397260274,819.55
SPX271217C07650000,2026-06-05 17:18:52+00:00,7650.0,797.92,788.1,792.2,0.0,0.0,1.0,356.0,0.239115217719078,False,REGULAR,USD,2027-12-17,7451.7001953125,0.03625,call,1.0266113503616583,1.526027397260274,790.1500000000001
SPX271217C07700000,2026-06-05 15:34:40+00:00,7700.0,795.15,758.6,762.3,0.0,0.0,10.0,614.0,0.2364521088218688,False,REGULAR,USD,2027-12-17,7451.7001953125,0.03625,call,1.0333212284685975,1.526027397260274,760.45
SPX271217C07750000,2026-06-05 13:54:23+00:00,7750.0,778.18,734.2,737.6,0.0,0.0,2.0,480.0,0.2350912291812896,False,REGULAR,USD,2027-12-17,7451.7001953125,0.03625,call,1.0400311065755363,1.526027397260274,735.9000000000001
SPX271217C07800000,2026-06-05 19:29:24+00:00,7800.0,681.76,702.3,706.0,0.0,0.0,27.0,3682.0,0.2317381438159942,False,REGULAR,USD,2027-12-17,7451.7001953125,0.03625,call,1.0467409846824751,1.526027397260274,704.15
SPX271217C07850000,2026-06-04 17:52:43+00:00,7850.0,765.6,676.5,680.2,0.0,0.0,300.0,674.0,0.2298455960607529,False,REGULAR,USD,2027-12-17,7451.7001953125,0.03625,call,1.0534508627894144,1.526027397260274,678.35
SPX271217C07900000,2026-06-05 17:14:36+00:00,7900.0,658.35,643.2,647.7,0.0,0.0,44.0,324.0,0.2260070953226089,False,REGULAR,USD,2027-12-17,7451.7001953125,0.03625,call,1.0601607408963531,1.526027397260274,645.45
SPX271217C07950000,2026-06-03 17:28:38+00:00,7950.0,692.9,618.1,621.9,0.0,0.0,154.0,738.0,0.223869455718994,False,REGULAR,USD,2027-12-17,7451.7001953125,0.03625,call,1.0668706190032922,1.526027397260274,620.0
SPX271217C08000000,2026-06-08 15:28:02+00:00,8000.0,597.3,590.1,594.6,25.179993,4.401173,16.0,13511.0,0.2211953796768188,False,REGULAR,USD,2027-12-17,7451.7001953125,0.03625,call,1.0735804971102312,1.526027397260274,592.35
SPX271217C08050000,2026-06-02 15:18:09+00:00,8050.0,669.5,566.8,570.4,0.0,0.0,34.0,191.0,0.2192413205432891,False,REGULAR,USD,2027-12-17,7451.7001953125,0.03625,call,1.08029037521717,1.526027397260274,568.5999999999999
SPX271217C08100000,2026-06-05 19:29:25+00:00,8100.0,525.44,540.1,543.7,0.0,0.0,23.0,1107.0,0.2164661560344695,False,REGULAR,USD,2027-12-17,7451.7001953125,0.03625,call,1.087000253324109,1.526027397260274,541.9000000000001
SPX271217C08150000,2026-06-05 19:08:50+00:00,8150.0,500.76,516.7,520.6,0.0,0.0,1.0,618.0,0.2145502434921264,False,REGULAR,USD,2027-12-17,7451.7001953125,0.03625,call,1.093710131431048,1.526027397260274,518.6500000000001
SPX271217C08200000,2026-06-05 20:06:51+00:00,8200.0,460.0,492.0,495.5,0.0,0.0,76.0,4112.0,0.2119395861577987,False,REGULAR,USD,2027-12-17,7451.7001953125,0.03625,call,1.1004200095379868,1.526027397260274,493.75
SPX271217C08250000,2026-06-05 19:17:34+00:00,8250.0,445.6,473.1,476.7,0.0,0.0,3.0,16.0,0.2109544504404067,False,REGULAR,USD,2027-12-17,7451.7001953125,0.03625,call,1.1071298876449258,1.526027397260274,474.9
SPX271217C08300000,2026-06-08 14:52:56+00:00,8300.0,454.0,450.3,454.1,30.0,7.075472,1.0,1528.0,0.2087653129386901,False,REGULAR,USD,2027-12-17,7451.7001953125,0.03625,call,1.1138397657518648,1.526027397260274,452.2000000000001
SPX271217C08350000,2026-06-05 18:25:41+00:00,8350.0,427.31,425.6,429.2,0.0,0.0,23.0,31.0,0.2057698518657684,False,REGULAR,USD,2027-12-17,7451.7001953125,0.03625,call,1.1205496438588036,1.526027397260274,427.4
SPX271217C08400000,2026-06-08 14:11:17+00:00,8400.0,400.9,408.1,411.7,-86.399994,-17.730349,2.0,4478.0,0.2047446622276305,False,REGULAR,USD,2027-12-17,7451.7001953125,0.03625,call,1.1272595219657426,1.526027397260274,409.9
SPX271217C08450000,2026-06-03 17:29:39+00:00,8450.0,445.5,387.0,390.8,0.0,0.0,7.0,13.0,0.2025955786466598,False,REGULAR,USD,2027-12-17,7451.7001953125,0.03625,call,1.1339694000726817,1.526027397260274,388.9
SPX271217C08500000,2026-06-05 19:24:19+00:00,8500.0,346.3,364.6,368.2,0.0,0.0,6.0,2387.0,0.1997856053733825,False,REGULAR,USD,2027-12-17,7451.7001953125,0.03625,call,1.1406792781796204,1.526027397260274,366.4
SPX271217C08550000,2026-06-05 19:28:20+00:00,8550.0,334.72,348.6,351.7,0.0,0.0,2.0,8.0,0.1986221343421935,False,REGULAR,USD,2027-12-17,7451.7001953125,0.03625,call,1.1473891562865597,1.526027397260274,350.15
SPX271217C08600000,2026-06-02 15:19:16+00:00,8600.0,407.8,330.3,333.7,0.0,0.0,2.0,1305.0,0.196863099656105,False,REGULAR,USD,2027-12-17,7451.7001953125,0.03625,call,1.1540990343934985,1.526027397260274,332.0
SPX271217C08650000,2026-05-29 19:30:10+00:00,8650.0,367.2,310.3,313.5,0.0,0.0,583.0,980.0,0.1942672241258621,False,REGULAR,USD,2027-12-17,7451.7001953125,0.03625,call,1.1608089125004375,1.526027397260274,311.9
SPX271217C08700000,2026-05-29 14:19:51+00:00,8700.0,354.28,292.9,296.2,0.0,0.0,354.0,1320.0,0.1923899350070953,False,REGULAR,USD,2027-12-17,7451.7001953125,0.03625,call,1.1675187906073765,1.526027397260274,294.54999999999995
SPX271217C08750000,2026-05-28 20:05:50+00:00,8750.0,330.6,276.3,279.1,0.0,0.0,2.0,61.0,0.1904053586006165,False,REGULAR,USD,2027-12-17,7451.7001953125,0.03625,call,1.1742286687143153,1.526027397260274,277.70000000000005
SPX271217C08800000,2026-06-04 13:58:55+00:00,8800.0,303.3,260.9,263.6,0.0,0.0,41.0,1654.0,0.1887612405204773,False,REGULAR,USD,2027-12-17,7451.7001953125,0.03625,call,1.1809385468212543,1.526027397260274,262.25
SPX271217C08900000,2026-05-29 19:54:49+00:00,8900.0,280.05,232.8,235.9,0.0,0.0,2.0,311.0,0.1860685680150985,False,REGULAR,USD,2027-12-17,7451.7001953125,0.03625,call,1.194358303035132,1.526027397260274,234.35
SPX271217C09000000,2026-06-05 19:42:19+00:00,9000.0,198.0,207.8,211.1,0.0,0.0,54.0,4909.0,0.1837301819753646,False,REGULAR,USD,2027-12-17,7451.7001953125,0.03625,call,1.20777805924901,1.526027397260274,209.45
SPX271217C09100000,2026-06-02 19:39:36+00:00,9100.0,238.3,184.3,187.3,0.0,0.0,75.0,142.0,0.1811071269989013,False,REGULAR,USD,2027-12-17,7451.7001953125,0.03625,call,1.221197815462888,1.526027397260274,185.8
SPX271217C09200000,2026-06-05 19:09:17+00:00,9200.0,154.8,160.6,165.1,0.0,0.0,7.0,2014.0,0.1784034873485565,False,REGULAR,USD,2027-12-17,7451.7001953125,0.03625,call,1.2346175716767658,1.526027397260274,162.85
SPX271217C09300000,2026-05-29 15:15:14+00:00,9300.0,182.23,142.3,145.2,0.0,0.0,1.0,2.0,0.1759106076145172,False,REGULAR,USD,2027-12-17,7451.7001953125,0.03625,call,1.2480373278906436,1.526027397260274,143.75
SPX271217C09400000,2026-06-05 19:20:06+00:00,9400.0,117.8,126.4,129.2,0.0,0.0,4.0,1328.0,0.1743866512966156,False,REGULAR,USD,2027-12-17,7451.7001953125,0.03625,call,1.2614570841045216,1.526027397260274,127.8
SPX271217C09500000,2026-06-05 19:07:16+00:00,9500.0,106.9,111.2,113.7,0.0,0.0,5.0,2490.0,0.1724726460838318,False,REGULAR,USD,2027-12-17,7451.7001953125,0.03625,call,1.2748768403183994,1.526027397260274,112.45
SPX271217C09550000,2026-06-05 19:19:28+00:00,9550.0,97.1,104.3,106.7,0.0,0.0,56.0,84.0,0.171622930765152,False,REGULAR,USD,2027-12-17,7451.7001953125,0.03625,call,1.2815867184253384,1.526027397260274,105.5
SPX271217C09600000,2026-06-05 18:10:43+00:00,9600.0,102.16,95.5,102.3,0.0,0.0,3.0,431.0,0.171894725227356,False,REGULAR,USD,2027-12-17,7451.7001953125,0.03625,call,1.2882965965322772,1.526027397260274,98.9
SPX271217C09800000,2026-06-05 19:23:07+00:00,9800.0,70.2,74.3,76.3,0.0,0.0,2.0,3185.0,0.1673304855918884,False,REGULAR,USD,2027-12-17,7451.7001953125,0.03625,call,1.315136108960033,1.526027397260274,75.3
SPX271217C10000000,2026-06-08 14:52:53+00:00,10000.0,59.0,58.2,59.8,4.0,7.2727275,8.0,5746.0,0.1657044871425628,False,REGULAR,USD,2027-12-17,7451.7001953125,0.03625,call,1.341975621387789,1.526027397260274,59.0
SPX271217C10200000,2026-06-05 19:22:31+00:00,10200.0,42.2,45.3,46.9,0.0,0.0,4.0,514.0,0.1644780742359161,False,REGULAR,USD,2027-12-17,7451.7001953125,0.03625,call,1.3688151338155448,1.526027397260274,46.1
SPX271217C10400000,2026-06-05 18:10:43+00:00,10400.0,37.43,35.1,36.5,0.0,0.0,3.0,360.0,0.1632831322669983,False,REGULAR,USD,2027-12-17,7451.7001953125,0.03625,call,1.3956546462433004,1.526027397260274,35.8
SPX271217C10600000,2026-06-05 19:54:12+00:00,10600.0,27.34,28.2,29.4,0.0,0.0,10.0,1021.0,0.1634052013587952,False,REGULAR,USD,2027-12-17,7451.7001953125,0.03625,call,1.4224941586710562,1.526027397260274,28.8
SPX271217C10800000,2026-06-05 20:07:27+00:00,10800.0,20.9,22.7,23.7,0.0,0.0,129.0,1050.0,0.1636169149398804,False,REGULAR,USD,2027-12-17,7451.7001953125,0.03625,call,1.449333671098812,1.526027397260274,23.2
SPX271217C11000000,2026-06-08 13:43:54+00:00,11000.0,18.2,18.2,19.4,0.5600014,3.174611,2.0,5992.0,0.1642921096038818,False,REGULAR,USD,2027-12-17,7451.7001953125,0.03625,call,1.4761731835265677,1.526027397260274,18.8
SPX271217C11200000,2026-06-08 13:43:54+00:00,11200.0,15.51,15.2,16.2,-0.28999996,-1.8354428,1.0,336.0,0.1654765612602234,False,REGULAR,USD,2027-12-17,7451.7001953125,0.03625,call,1.5030126959543235,1.526027397260274,15.7
SPX271217C11400000,2026-06-08 14:45:50+00:00,11400.0,12.93,12.8,13.8,-3.9499989,-23.400467,1.0,719.0,0.1671035133743286,False,REGULAR,USD,2027-12-17,7451.7001953125,0.03625,call,1.5298522083820794,1.526027397260274,13.3
SPX271217C12000000,2026-06-08 02:15:13+00:00,12000.0,8.8,7.8,8.8,1.1500001,15.0326805,1.0,9839.0,0.1721808246612549,False,REGULAR,USD,2027-12-17,7451.7001953125,0.03625,call,1.6103707456653469,1.526027397260274,8.3
SPX281215C07400000,2026-06-05 17:26:18+00:00,7400.0,1314.1,1250.7,1349.8,0.0,0.0,2.0,1277.0,0.2833581110095977,True,REGULAR,USD,2028-12-15,7451.7001953125,0.03625,call,0.9930619598269638,2.5232876712328767,1300.25
SPX281215C07450000,2026-06-05 15:29:36+00:00,7450.0,1310.84,1140.6,1382.9,0.0,0.0,2.0,10.0,0.2950538558673858,True,REGULAR,USD,2028-12-15,7451.7001953125,0.03625,call,0.9997718379339028,2.5232876712328767,1261.75
SPX281215C07500000,2026-06-05 16:47:38+00:00,7500.0,1247.0,1191.7,1288.1,0.0,0.0,63.0,403.0,0.2789068806505204,False,REGULAR,USD,2028-12-15,7451.7001953125,0.03625,call,1.0064817160408417,2.5232876712328767,1239.9
SPX281215C07550000,2026-06-02 14:10:09+00:00,7550.0,1302.5,1208.8,1217.1,0.0,0.0,1.0,11.0,0.2679623852229118,False,REGULAR,USD,2028-12-15,7451.7001953125,0.03625,call,1.0131915941477807,2.5232876712328767,1212.9499999999998
SPX281215C07600000,2026-06-05 19:36:48+00:00,7600.0,1153.98,1131.1,1227.6,0.0,0.0,17.0,623.0,0.2745214531612396,False,REGULAR,USD,2028-12-15,7451.7001953125,0.03625,call,1.0199014722547195,2.5232876712328767,1179.35
SPX281215C07650000,2026-06-01 18:51:43+00:00,7650.0,1254.5,1140.7,1153.0,0.0,0.0,1.0,3.0,0.262759428601265,False,REGULAR,USD,2028-12-15,7451.7001953125,0.03625,call,1.0266113503616583,2.5232876712328767,1146.85
SPX281215C07700000,2026-06-04 17:05:58+00:00,7700.0,1211.53,1119.4,1128.4,0.0,0.0,16.0,568.0,0.2616712970876693,False,REGULAR,USD,2028-12-15,7451.7001953125,0.03625,call,1.0333212284685975,2.5232876712328767,1123.9
SPX281215C07750000,2026-06-05 13:55:40+00:00,7750.0,1141.28,1085.3,1096.5,0.0,0.0,2.0,199.0,0.2589695647668839,False,REGULAR,USD,2028-12-15,7451.7001953125,0.03625,call,1.0400311065755363,2.5232876712328767,1090.9
SPX281215C07800000,2026-06-05 17:26:18+00:00,7800.0,1077.1,1056.6,1067.1,0.0,0.0,6.0,567.0,0.2567460953330993,False,REGULAR,USD,2028-12-15,7451.7001953125,0.03625,call,1.0467409846824751,2.5232876712328767,1061.85
SPX281215C07850000,2026-06-05 19:36:48+00:00,7850.0,1011.28,1034.3,1044.0,0.0,0.0,1.0,1.0,0.2558033976984025,False,REGULAR,USD,2028-12-15,7451.7001953125,0.03625,call,1.0534508627894144,2.5232876712328767,1039.15
SPX281215C07900000,2026-06-04 19:59:24+00:00,7900.0,1102.76,1000.1,1011.6,0.0,0.0,176.0,495.0,0.2528289172506332,False,REGULAR,USD,2028-12-15,7451.7001953125,0.03625,call,1.0601607408963531,2.5232876712328767,1005.85
SPX281215C07950000,2026-06-05 15:29:36+00:00,7950.0,1017.44,973.6,984.4,0.0,0.0,2.0,0.0,0.2508991765689849,False,REGULAR,USD,2028-12-15,7451.7001953125,0.03625,call,1.0668706190032922,2.5232876712328767,979.0
SPX281215C08000000,2026-06-05 16:32:44+00:00,8000.0,966.47,949.2,959.4,0.0,0.0,62.0,4789.0,0.2493747434186935,False,REGULAR,USD,2028-12-15,7451.7001953125,0.03625,call,1.0735804971102312,2.5232876712328767,954.3
SPX281215C08050000,2026-05-15 14:07:07+00:00,8050.0,905.61,919.8,930.3,0.0,0.0,4.0,15.0,0.2469219176054,False,REGULAR,USD,2028-12-15,7451.7001953125,0.03625,call,1.08029037521717,2.5232876712328767,925.05
SPX281215C08100000,2026-06-05 17:09:21+00:00,8100.0,908.56,891.0,900.9,0.0,0.0,18.0,150.0,0.2443436848735809,False,REGULAR,USD,2028-12-15,7451.7001953125,0.03625,call,1.087000253324109,2.5232876712328767,895.95
SPX281215C08200000,2026-06-04 15:03:18+00:00,8200.0,913.54,844.1,853.7,0.0,0.0,1.0,751.0,0.2414538421750068,False,REGULAR,USD,2028-12-15,7451.7001953125,0.03625,call,1.1004200095379868,2.5232876712328767,848.9000000000001
SPX281215C08300000,2026-06-04 16:24:46+00:00,8300.0,873.0,794.2,803.7,0.0,0.0,80.0,634.0,0.2377126152443885,False,REGULAR,USD,2028-12-15,7451.7001953125,0.03625,call,1.1138397657518648,2.5232876712328767,798.95
SPX281215C08350000,2026-06-05 15:15:40+00:00,8350.0,807.45,766.0,775.3,0.0,0.0,1.0,4.0,0.2350175585770607,False,REGULAR,USD,2028-12-15,7451.7001953125,0.03625,call,1.1205496438588036,2.5232876712328767,770.65
SPX281215C08400000,2026-06-03 17:08:32+00:00,8400.0,815.1,740.6,752.2,0.0,0.0,6.0,1269.0,0.2333822618961334,False,REGULAR,USD,2028-12-15,7451.7001953125,0.03625,call,1.1272595219657426,2.5232876712328767,746.4000000000001
SPX281215C08450000,2026-06-05 15:53:21+00:00,8450.0,749.67,714.1,727.0,0.0,0.0,1.0,1.0,0.2312288868236542,False,REGULAR,USD,2028-12-15,7451.7001953125,0.03625,call,1.1339694000726817,2.5232876712328767,720.55
SPX281215C08500000,2026-06-05 15:53:21+00:00,8500.0,725.82,667.3,738.5,0.0,0.0,1.0,298.0,0.2368831653022766,False,REGULAR,USD,2028-12-15,7451.7001953125,0.03625,call,1.1406792781796204,2.5232876712328767,702.9
SPX281215C08550000,2026-05-11 17:10:41+00:00,8550.0,637.82,672.9,682.3,0.0,0.0,2.0,2.0,0.2279320676803588,False,REGULAR,USD,2028-12-15,7451.7001953125,0.03625,call,1.1473891562865597,2.5232876712328767,677.5999999999999
SPX281215C08600000,2026-06-04 18:47:25+00:00,8600.0,735.77,648.0,658.8,0.0,0.0,35.0,3235.0,0.2259274643135071,False,REGULAR,USD,2028-12-15,7451.7001953125,0.03625,call,1.1540990343934985,2.5232876712328767,653.4
SPX281215C08700000,2026-06-04 13:45:08+00:00,8700.0,655.27,605.8,615.5,0.0,0.0,2.0,33.0,0.2224976089334487,False,REGULAR,USD,2028-12-15,7451.7001953125,0.03625,call,1.1675187906073765,2.5232876712328767,610.65
SPX281215C08750000,2026-06-08 12:58:11+00:00,8750.0,591.0,584.4,593.6,-16.53003,-2.720858,25.0,26.0,0.2206145978260039,False,REGULAR,USD,2028-12-15,7451.7001953125,0.03625,call,1.1742286687143153,2.5232876712328767,589.0
SPX281215C08800000,2026-06-03 17:08:21+00:00,8800.0,629.7,566.6,576.0,0.0,0.0,5.0,644.0,0.2196046668243408,False,REGULAR,USD,2028-12-15,7451.7001953125,0.03625,call,1.1809385468212543,2.5232876712328767,571.3
SPX281215C09000000,2026-06-04 19:41:51+00:00,9000.0,560.4,487.5,495.7,0.0,0.0,1.0,2030.0,0.2126014295148849,False,REGULAR,USD,2028-12-15,7451.7001953125,0.03625,call,1.20777805924901,2.5232876712328767,491.6
SPX281215C09100000,2026-06-03 15:18:36+00:00,9100.0,517.29,450.3,460.9,0.0,0.0,25.0,38.0,0.2098338943243026,False,REGULAR,USD,2028-12-15,7451.7001953125,0.03625,call,1.221197815462888,2.5232876712328767,455.6
SPX281215C09200000,2026-06-05 19:23:42+00:00,9200.0,401.0,415.4,425.1,0.0,0.0,1.0,539.0,0.2065041737461089,False,REGULAR,USD,2028-12-15,7451.7001953125,0.03625,call,1.2346175716767658,2.5232876712328767,420.25
SPX281215C09300000,2026-06-02 16:17:36+00:00,9300.0,458.3,386.4,393.7,0.0,0.0,1.0,200.0,0.2038815956020355,False,REGULAR,USD,2028-12-15,7451.7001953125,0.03625,call,1.2480373278906436,2.5232876712328767,390.05
SPX281215C09400000,2026-06-03 17:09:26+00:00,9400.0,406.5,352.8,360.5,0.0,0.0,3.0,581.0,0.2004731976795196,False,REGULAR,USD,2028-12-15,7451.7001953125,0.03625,call,1.2614570841045216,2.5232876712328767,356.65
SPX281215C09500000,2026-06-03 17:08:23+00:00,9500.0,375.4,324.6,332.8,0.0,0.0,2.0,480.0,0.1980790222501754,False,REGULAR,USD,2028-12-15,7451.7001953125,0.03625,call,1.2748768403183994,2.5232876712328767,328.70000000000005
SPX281215C09550000,2026-05-14 15:58:26+00:00,9550.0,345.0,313.9,320.6,0.0,0.0,100.0,185.0,0.1971811468601226,False,REGULAR,USD,2028-12-15,7451.7001953125,0.03625,call,1.2815867184253384,2.5232876712328767,317.25
SPX281215C09600000,2026-06-05 16:08:33+00:00,9600.0,316.3,298.9,305.7,0.0,0.0,1.0,514.0,0.1954964980268478,False,REGULAR,USD,2028-12-15,7451.7001953125,0.03625,call,1.2882965965322772,2.5232876712328767,302.29999999999995
SPX281215C09800000,2026-06-04 15:35:01+00:00,9800.0,295.52,252.5,259.2,0.0,0.0,100.0,1294.0,0.1913552087211608,False,REGULAR,USD,2028-12-15,7451.7001953125,0.03625,call,1.315136108960033,2.5232876712328767,255.85
SPX281215C10000000,2026-06-05 17:01:53+00:00,10000.0,221.1,211.2,218.0,0.0,0.0,1.0,2461.0,0.187360783791542,False,REGULAR,USD,2028-12-15,7451.7001953125,0.03625,call,1.341975621387789,2.5232876712328767,214.6
SPX281215C10200000,2026-06-08 13:48:27+00:00,10200.0,177.0,171.5,181.4,5.2400055,3.0507717,24.0,71.0,0.1833749418449401,False,REGULAR,USD,2028-12-15,7451.7001953125,0.03625,call,1.3688151338155448,2.5232876712328767,176.45
SPX281215C10400000,2026-06-03 17:08:39+00:00,10400.0,176.0,131.8,167.3,0.0,0.0,4.0,314.0,0.1857333548450469,False,REGULAR,USD,2028-12-15,7451.7001953125,0.03625,call,1.3956546462433004,2.5232876712328767,149.55
SPX281215C10600000,2026-06-04 14:19:06+00:00,10600.0,142.5,121.3,128.4,0.0,0.0,25.0,172.0,0.1782733121061325,False,REGULAR,USD,2028-12-15,7451.7001953125,0.03625,call,1.4224941586710562,2.5232876712328767,124.85
SPX281215C10800000,2026-06-04 15:35:01+00:00,10800.0,124.0,101.7,107.4,0.0,0.0,100.0,403.0,0.1760040667629241,False,REGULAR,USD,2028-12-15,7451.7001953125,0.03625,call,1.449333671098812,2.5232876712328767,104.55
SPX281215C11000000,2026-06-05 20:01:51+00:00,11000.0,82.3,85.0,90.4,0.0,0.0,3.0,3784.0,0.1743237094211578,False,REGULAR,USD,2028-12-15,7451.7001953125,0.03625,call,1.4761731835265677,2.5232876712328767,87.7
SPX281215C11200000,2026-06-05 19:15:14+00:00,11200.0,70.26,71.5,76.5,0.0,0.0,1.0,385.0,0.1730868062019348,False,REGULAR,USD,2028-12-15,7451.7001953125,0.03625,call,1.5030126959543235,2.5232876712328767,74.0
SPX281215C11400000,2026-06-03 17:27:26+00:00,11400.0,73.7,60.3,65.2,0.0,0.0,6.0,1009.0,0.1722828667926788,False,REGULAR,USD,2028-12-15,7451.7001953125,0.03625,call,1.5298522083820794,2.5232876712328767,62.75
SPX281215C13000000,2026-06-08 12:33:47+00:00,13000.0,21.43,20.2,23.2,1.8899994,9.672463,2.0,171.0,0.1751543514442444,False,REGULAR,USD,2028-12-15,7451.7001953125,0.03625,call,1.7445683078041256,2.5232876712328767,21.7
SPX281215C14000000,2026-06-08 14:47:18+00:00,14000.0,13.8,12.8,14.8,1.1599998,9.177214,66.0,939.0,0.1813474505233764,False,REGULAR,USD,2028-12-15,7451.7001953125,0.03625,call,1.8787658699429044,2.5232876712328767,13.8
SPX291221C07400000,2026-06-05 19:53:20+00:00,7400.0,1583.58,1487.5,1787.5,0.0,0.0,404.0,204.0,0.3205310104560852,True,REGULAR,USD,2029-12-21,7451.7001953125,0.03625,call,0.9930619598269638,3.5397260273972604,1637.5
SPX291221C07500000,2026-06-05 19:44:49+00:00,7500.0,1521.94,1352.1,1652.1,0.0,0.0,114.0,626.0,0.3024452347421645,False,REGULAR,USD,2029-12-21,7451.7001953125,0.03625,call,1.0064817160408417,3.5397260273972604,1502.1
SPX291221C07600000,2026-06-05 19:56:15+00:00,7600.0,1474.09,1341.4,1617.9,0.0,0.0,144.0,376.0,0.3031330654644966,False,REGULAR,USD,2029-12-21,7451.7001953125,0.03625,call,1.0199014722547195,3.5397260273972604,1479.65
SPX291221C07700000,2026-06-05 19:34:13+00:00,7700.0,1409.72,1328.3,1628.3,0.0,0.0,284.0,506.0,0.3118443163943289,False,REGULAR,USD,2029-12-21,7451.7001953125,0.03625,call,1.0333212284685975,3.5397260273972604,1478.3
SPX291221C07800000,2026-06-05 19:53:20+00:00,7800.0,1359.08,1219.8,1519.8,0.0,0.0,404.0,463.0,0.2985917137837409,False,REGULAR,USD,2029-12-21,7451.7001953125,0.03625,call,1.0467409846824751,3.5397260273972604,1369.8
SPX291221C07900000,2026-06-05 19:44:49+00:00,7900.0,1300.79,1169.6,1469.6,0.0,0.0,112.0,58.0,0.2959135846662521,False,REGULAR,USD,2029-12-21,7451.7001953125,0.03625,call,1.0601607408963531,3.5397260273972604,1319.6
SPX291221C08000000,2026-06-05 18:18:17+00:00,8000.0,1277.11,1255.1,1305.3,0.0,0.0,18.0,340.0,0.2725306779336929,False,REGULAR,USD,2029-12-21,7451.7001953125,0.03625,call,1.0735804971102312,3.5397260273972604,1280.1999999999998
SPX291221C08100000,2026-06-04 19:25:54+00:00,8100.0,1320.71,1191.5,1249.9,0.0,0.0,4.0,7.0,0.2687284164571762,False,REGULAR,USD,2029-12-21,7451.7001953125,0.03625,call,1.087000253324109,3.5397260273972604,1220.7
SPX291221C08200000,2026-05-06 19:31:53+00:00,8200.0,1063.43,1146.0,1194.7,0.0,0.0,1.0,162.0,0.2648202981901169,False,REGULAR,USD,2029-12-21,7451.7001953125,0.03625,call,1.1004200095379868,3.5397260273972604,1170.35
SPX291221C08300000,2026-05-18 13:55:57+00:00,8300.0,1094.96,1095.0,1142.5,0.0,0.0,4.0,279.0,0.2613031824827194,False,REGULAR,USD,2029-12-21,7451.7001953125,0.03625,call,1.1138397657518648,3.5397260273972604,1118.75
SPX291221C08400000,2026-06-01 19:45:36+00:00,8400.0,1160.2,1047.9,1098.2,0.0,0.0,1.0,2527.0,0.2590463347816468,False,REGULAR,USD,2029-12-21,7451.7001953125,0.03625,call,1.1272595219657426,3.5397260273972604,1073.0500000000002
SPX291221C08600000,2026-06-03 17:43:47+00:00,8600.0,1049.67,940.2,1000.0,0.0,0.0,2.0,669.0,0.2523477933692932,False,REGULAR,USD,2029-12-21,7451.7001953125,0.03625,call,1.1540990343934985,3.5397260273972604,970.1
SPX291221C08800000,2026-04-10 19:51:40+00:00,8800.0,490.0,809.7,882.9,0.0,0.0,6.0,116.0,0.2415842558336258,False,REGULAR,USD,2029-12-21,7451.7001953125,0.03625,call,1.1809385468212543,3.5397260273972604,846.3
SPX291221C09000000,2026-06-05 15:37:47+00:00,9000.0,824.63,774.3,821.0,0.0,0.0,1.0,1288.0,0.2400922472858428,False,REGULAR,USD,2029-12-21,7451.7001953125,0.03625,call,1.20777805924901,3.5397260273972604,797.65
SPX291221C09200000,2026-06-03 17:59:00+00:00,9200.0,781.7,694.6,738.4,0.0,0.0,1.0,201.0,0.2341652206802368,False,REGULAR,USD,2029-12-21,7451.7001953125,0.03625,call,1.2346175716767658,3.5397260273972604,716.5
SPX291221C09500000,2026-05-26 17:12:18+00:00,9500.0,616.56,581.6,625.9,0.0,0.0,1.0,123.0,0.2259942208480834,False,REGULAR,USD,2029-12-21,7451.7001953125,0.03625,call,1.2748768403183994,3.5397260273972604,603.75
SPX291221C09800000,2026-05-26 15:29:27+00:00,9800.0,519.02,483.9,525.8,0.0,0.0,1.0,17.0,0.2184500171923637,False,REGULAR,USD,2029-12-21,7451.7001953125,0.03625,call,1.315136108960033,3.5397260273972604,504.85
SPX291221C10000000,2026-06-08 14:36:31+00:00,10000.0,442.0,427.6,458.2,-20.0,-4.3290043,190.0,6251.0,0.2121894463300704,False,REGULAR,USD,2029-12-21,7451.7001953125,0.03625,call,1.341975621387789,3.5397260273972604,442.9
SPX291221C10400000,2026-05-08 19:53:09+00:00,10400.0,298.21,322.2,363.3,0.0,0.0,3.0,214.0,0.2055795957422256,False,REGULAR,USD,2029-12-21,7451.7001953125,0.03625,call,1.3956546462433004,3.5397260273972604,342.75
SPX291221C10600000,2026-05-08 19:53:09+00:00,10600.0,258.76,268.9,325.5,0.0,0.0,3.0,62.0,0.2033203638792037,False,REGULAR,USD,2029-12-21,7451.7001953125,0.03625,call,1.4224941586710562,3.5397260273972604,297.2
SPX291221C11000000,2026-06-08 13:34:57+00:00,11000.0,221.0,214.3,237.6,-37.339996,-14.453819,1.0,1919.0,0.1933517059373855,False,REGULAR,USD,2029-12-21,7451.7001953125,0.03625,call,1.4761731835265677,3.5397260273972604,225.95
SPX291221C11400000,2026-05-19 14:48:51+00:00,11400.0,149.88,150.2,189.3,0.0,0.0,1.0,247.0,0.1905383948373794,False,REGULAR,USD,2029-12-21,7451.7001953125,0.03625,call,1.5298522083820794,3.5397260273972604,169.75
SPX291221C12000000,2026-06-08 14:01:54+00:00,12000.0,112.0,100.0,130.5,-10.43,-8.519154,390.0,2724.0,0.185801065044403,False,REGULAR,USD,2029-12-21,7451.7001953125,0.03625,call,1.6103707456653469,3.5397260273972604,115.25
SPX301220C07400000,2026-06-03 16:17:23+00:00,7400.0,1984.29,1722.7,2022.7,0.0,0.0,1.0,10.0,0.322362523665428,True,REGULAR,USD,2030-12-20,7451.7001953125,0.03625,call,0.9930619598269638,4.536986301369863,1872.7
SPX301220C07500000,2026-06-08 15:08:11+00:00,7500.0,1852.71,1692.6,1992.6,-11.600098,-0.6222193,1.0,132.0,0.3234458868551254,False,REGULAR,USD,2030-12-20,7451.7001953125,0.03625,call,1.0064817160408417,4.536986301369863,1842.6
SPX301220C07600000,2026-06-08 15:08:11+00:00,7600.0,1796.54,1746.9,1831.3,-31.640015,-1.7306837,1.0,30.0,0.3026936644172668,False,REGULAR,USD,2030-12-20,7451.7001953125,0.03625,call,1.0199014722547195,4.536986301369863,1789.1
SPX301220C07800000,2026-05-29 16:12:32+00:00,7800.0,1749.9,1644.6,1723.3,0.0,0.0,4.0,39.0,0.2966560126972198,False,REGULAR,USD,2030-12-20,7451.7001953125,0.03625,call,1.0467409846824751,4.536986301369863,1683.9499999999998
SPX301220C07900000,2026-05-21 16:15:33+00:00,7900.0,1577.98,1462.1,1762.1,0.0,0.0,1.0,2.0,0.308549642996788,False,REGULAR,USD,2030-12-20,7451.7001953125,0.03625,call,1.0601607408963531,4.536986301369863,1612.1
SPX301220C08000000,2026-06-03 19:29:58+00:00,8000.0,1652.1,1433.4,1733.4,0.0,0.0,1025.0,4259.0,0.3093221114683151,False,REGULAR,USD,2030-12-20,7451.7001953125,0.03625,call,1.0735804971102312,4.536986301369863,1583.4
SPX301220C08200000,2026-06-05 15:13:25+00:00,8200.0,1511.54,1304.0,1604.0,0.0,0.0,1.0,459.0,0.2989712723660469,False,REGULAR,USD,2030-12-20,7451.7001953125,0.03625,call,1.1004200095379868,4.536986301369863,1454.0
SPX301220C08300000,2026-06-05 15:13:25+00:00,8300.0,1460.54,1352.6,1472.0,0.0,0.0,1.0,101.0,0.2829766450977324,False,REGULAR,USD,2030-12-20,7451.7001953125,0.03625,call,1.1138397657518648,4.536986301369863,1412.3
SPX301220C08400000,2026-05-01 15:30:09+00:00,8400.0,1172.8,1323.4,1416.2,0.0,0.0,2.0,104.0,0.2790752024841308,False,REGULAR,USD,2030-12-20,7451.7001953125,0.03625,call,1.1272595219657426,4.536986301369863,1369.8000000000002
SPX301220C08600000,2026-05-29 17:35:03+00:00,8600.0,1350.0,1220.4,1314.1,0.0,0.0,3.0,183.0,0.2724882398509979,False,REGULAR,USD,2030-12-20,7451.7001953125,0.03625,call,1.1540990343934985,4.536986301369863,1267.25
SPX301220C08700000,2026-06-03 13:59:33+00:00,8700.0,1298.56,1167.6,1270.4,0.0,0.0,18.0,19.0,0.2702030206227302,False,REGULAR,USD,2030-12-20,7451.7001953125,0.03625,call,1.1675187906073765,4.536986301369863,1219.0
SPX301220C08800000,2026-05-29 17:38:50+00:00,8800.0,1243.0,1011.7,1311.7,0.0,0.0,1.0,63.0,0.2812323922157287,False,REGULAR,USD,2030-12-20,7451.7001953125,0.03625,call,1.1809385468212543,4.536986301369863,1161.7
SPX301220C09000000,2026-05-13 19:43:23+00:00,9000.0,1060.31,1039.7,1128.0,0.0,0.0,1.0,864.0,0.2609212397384643,False,REGULAR,USD,2030-12-20,7451.7001953125,0.03625,call,1.20777805924901,4.536986301369863,1083.85
SPX301220C09400000,2025-12-17 16:44:20+00:00,9400.0,506.8,613.3,657.2,0.0,0.0,1.0,0.0,0.2011414782738685,False,REGULAR,USD,2030-12-20,7451.7001953125,0.03625,call,1.2614570841045216,4.536986301369863,635.25
SPX301220C09600000,2025-10-10 15:28:15+00:00,9600.0,465.0,385.3,448.8,0.0,0.0,1.0,17.0,0.1724831363964081,False,REGULAR,USD,2030-12-20,7451.7001953125,0.03625,call,1.2882965965322772,4.536986301369863,417.05
SPX301220C10200000,2026-05-18 14:14:39+00:00,10200.0,606.43,578.2,673.8,0.0,0.0,1.0,21.0,0.2316589896392822,False,REGULAR,USD,2030-12-20,7451.7001953125,0.03625,call,1.3688151338155448,4.536986301369863,626.0
SPX301220C10400000,2026-06-08 14:45:50+00:00,10400.0,569.64,523.9,609.8,21.049988,3.8371072,2.0,191.0,0.2269187988519668,False,REGULAR,USD,2030-12-20,7451.7001953125,0.03625,call,1.3956546462433004,4.536986301369863,566.8499999999999
SPX301220C10600000,2026-05-18 14:14:39+00:00,10600.0,495.75,464.9,557.3,0.0,0.0,1.0,75.0,0.2236553579759597,False,REGULAR,USD,2030-12-20,7451.7001953125,0.03625,call,1.4224941586710562,4.536986301369863,511.1
SPX301220C10800000,2026-06-08 14:22:33+00:00,10800.0,451.82,400.9,513.0,6.8200073,1.5325859,1.0,104.0,0.2213827748060226,False,REGULAR,USD,2030-12-20,7451.7001953125,0.03625,call,1.449333671098812,4.536986301369863,456.95
SPX301220C11000000,2026-06-08 14:46:58+00:00,11000.0,411.05,367.1,454.6,1.7799988,0.43492043,2.0,816.0,0.2159650051927566,False,REGULAR,USD,2030-12-20,7451.7001953125,0.03625,call,1.4761731835265677,4.536986301369863,410.85
SPX301220C12000000,2026-06-08 14:22:33+00:00,12000.0,230.0,221.8,244.7,-1.4199982,-0.61360216,201.0,7279.0,0.1955189091491699,False,REGULAR,USD,2030-12-20,7451.7001953125,0.03625,call,1.6103707456653469,4.536986301369863,233.25
SPX311219C07600000,2026-06-08 15:17:38+00:00,7600.0,2080.09,2003.3,2126.5,-84.23999,-3.892197,75.0,221.0,0.3184784854340552,False,REGULAR,USD,2031-12-19,7451.7001953125,0.03625,call,1.0199014722547195,5.534246575342466,2064.9
SPX311219C08000000,2026-06-02 18:41:23+00:00,8000.0,1960.62,1787.4,1917.1,0.0,0.0,1.0,97.0,0.307097449953556,False,REGULAR,USD,2031-12-19,7451.7001953125,0.03625,call,1.0735804971102312,5.534246575342466,1852.25
SPX311219C08400000,2026-05-27 19:30:00+00:00,8400.0,1683.24,1593.3,1724.0,0.0,0.0,2.0,11.0,0.2970977979063987,False,REGULAR,USD,2031-12-19,7451.7001953125,0.03625,call,1.1272595219657426,5.534246575342466,1658.65
SPX311219C08800000,2026-06-03 17:57:14+00:00,8800.0,1540.08,1410.0,1529.9,0.0,0.0,2.0,14.0,0.2858636268019676,False,REGULAR,USD,2031-12-19,7451.7001953125,0.03625,call,1.1809385468212543,5.534246575342466,1469.95
SPX311219C09200000,2026-06-08 15:17:38+00:00,9200.0,1285.89,1166.5,1406.5,-14.109985,-1.0853835,75.0,181.0,0.2835946198749541,False,REGULAR,USD,2031-12-19,7451.7001953125,0.03625,call,1.2346175716767658,5.534246575342466,1286.5
SPX311219C09600000,2026-06-03 13:32:17+00:00,9600.0,1205.0,1061.1,1169.7,0.0,0.0,1.0,237.0,0.2638678254914284,False,REGULAR,USD,2031-12-19,7451.7001953125,0.03625,call,1.2882965965322772,5.534246575342466,1115.4
SPX311219C10000000,2026-06-03 18:48:14+00:00,10000.0,1024.37,900.0,1040.4,0.0,0.0,4.0,563.0,0.2582457331991196,False,REGULAR,USD,2031-12-19,7451.7001953125,0.03625,call,1.341975621387789,5.534246575342466,970.2
SPX311219C10400000,2026-05-07 17:26:43+00:00,10400.0,706.45,735.1,900.8,0.0,0.0,6.0,10.0,0.2498031773209572,False,REGULAR,USD,2031-12-19,7451.7001953125,0.03625,call,1.3956546462433004,5.534246575342466,817.95
SPX311219C10800000,2026-06-05 17:01:52+00:00,10800.0,704.98,632.8,763.3,0.0,0.0,1.0,7.0,0.2401990577411651,False,REGULAR,USD,2031-12-19,7451.7001953125,0.03625,call,1.449333671098812,5.534246575342466,698.05
SPX311219C11600000,2026-06-03 13:32:07+00:00,11600.0,551.0,438.5,547.7,0.0,0.0,1.0,38.0,0.2255274019384384,False,REGULAR,USD,2031-12-19,7451.7001953125,0.03625,call,1.5566917208098352,5.534246575342466,493.1
SPX311219C20000000,2026-06-08 15:10:25+00:00,20000.0,29.5,26.8,31.5,-1.3099995,-4.2518644,19.0,2032.0,0.1956085536384582,False,REGULAR,USD,2031-12-19,7451.7001953125,0.03625,call,2.683951242775578,5.534246575342466,29.15
