contractSymbol,lastTradeDate,strike,lastPrice,bid,ask,change,percentChange,volume,openInterest,impliedVolatility,inTheMoney,contractSize,currency,expiry,spot,rfr,optionType,moneyness,ttm_years,mid
SPXW260609C07260000,2026-06-09 15:24:59+00:00,7260.0,96.69,76.3,76.8,-65.59999,-40.421463,20.0,16.0,0.1734091448974609,True,REGULAR,USD,2026-06-09,7332.16015625,0.0363499975204467,call,0.9901584042475544,0.0,76.55
SPXW260609C07265000,2026-06-09 15:29:59+00:00,7265.0,67.0,69.0,72.4,-269.59,-80.094475,11.0,4.0,0.17188328125,True,REGULAR,USD,2026-06-09,7332.16015625,0.0363499975204467,call,0.990840331523207,0.0,70.7
SPXW260609C07275000,2026-06-09 15:28:01+00:00,7275.0,67.0,63.4,63.7,-67.380005,-50.14139,26.0,59.0,0.167702414855957,True,REGULAR,USD,2026-06-09,7332.16015625,0.0363499975204467,call,0.9922041860745124,0.0,63.55
SPXW260609C07280000,2026-06-09 15:28:53+00:00,7280.0,59.05,55.0,55.4,-68.899994,-53.849155,12.0,42.0,0.1238185763549804,True,REGULAR,USD,2026-06-09,7332.16015625,0.0363499975204467,call,0.9928861133501647,0.0,55.2
SPXW260609C07285000,2026-06-09 15:29:24+00:00,7285.0,50.9,50.4,50.7,-72.299995,-58.685062,3.0,6.0,0.1189815885925292,True,REGULAR,USD,2026-06-09,7332.16015625,0.0363499975204467,call,0.9935680406258176,0.0,50.55
SPXW260609C07290000,2026-06-09 15:29:21+00:00,7290.0,47.7,46.1,47.7,-69.75,-59.386974,122.0,9.0,0.130395048675537,True,REGULAR,USD,2026-06-09,7332.16015625,0.0363499975204467,call,0.99424996790147,0.0,46.900000000000006
SPXW260609C07300000,2026-06-09 15:29:28+00:00,7300.0,39.6,39.4,39.6,-69.6,-63.157898,288.0,723.0,0.1271754763793945,True,REGULAR,USD,2026-06-09,7332.16015625,0.0363499975204467,call,0.9956138224527752,0.0,39.5
SPXW260609C07310000,2026-06-09 15:29:37+00:00,7310.0,33.9,33.1,33.3,-66.1,-66.1,112.0,9.0,0.1329584996032715,True,REGULAR,USD,2026-06-09,7332.16015625,0.0363499975204467,call,0.9969776770040804,0.0,33.2
SPXW260609C07315000,2026-06-09 15:29:48+00:00,7315.0,30.7,30.2,30.4,-65.990005,-68.46146,109.0,48.0,0.1353388468933106,True,REGULAR,USD,2026-06-09,7332.16015625,0.0363499975204467,call,0.997659604279733,0.0,30.3
SPXW260609C07320000,2026-06-09 15:29:42+00:00,7320.0,27.7,27.7,27.9,-68.479996,-71.19984,359.0,38.0,0.1390238076019287,True,REGULAR,USD,2026-06-09,7332.16015625,0.0363499975204467,call,0.9983415315553856,0.0,27.8
SPXW260609C07325000,2026-06-09 15:29:49+00:00,7325.0,25.1,25.0,25.2,-61.15,-70.89855,523.0,380.0,0.1400232482910156,True,REGULAR,USD,2026-06-09,7332.16015625,0.0363499975204467,call,0.9990234588310382,0.0,25.1
SPXW260609C07330000,2026-06-09 15:29:47+00:00,7330.0,22.7,22.5,22.6,-60.09,-72.58123,616.0,61.0,0.1404504901123047,True,REGULAR,USD,2026-06-09,7332.16015625,0.0363499975204467,call,0.9997053861066908,0.0,22.55
SPXW260609C07335000,2026-06-09 15:29:31+00:00,7335.0,19.78,19.7,19.9,-61.550003,-75.38274,466.0,18.0,0.1390161782836914,False,REGULAR,USD,2026-06-09,7332.16015625,0.0363499975204467,call,1.000387313382343,0.0,19.8
SPXW260609C07340000,2026-06-09 15:30:05+00:00,7340.0,19.4,19.3,19.6,-56.82,-75.138855,919.0,129.0,0.1521614936065674,False,REGULAR,USD,2026-06-09,7332.16015625,0.0363499975204467,call,1.001069240657996,0.0,19.450000000000003
SPXW260609C07345000,2026-06-09 15:29:24+00:00,7345.0,16.1,16.2,16.5,-52.410004,-76.49979,1106.0,11.0,0.1457452369689941,False,REGULAR,USD,2026-06-09,7332.16015625,0.0363499975204467,call,1.0017511679336484,0.0,16.35
SPXW260609C07350000,2026-06-09 15:29:53+00:00,7350.0,14.42,14.3,14.6,-50.68,-77.753914,2849.0,1150.0,0.1461114442443847,False,REGULAR,USD,2026-06-09,7332.16015625,0.0363499975204467,call,1.002433095209301,0.0,14.45
SPXW260609C07355000,2026-06-09 15:29:53+00:00,7355.0,12.7,12.6,12.8,-48.35,-79.23632,1956.0,138.0,0.1460198924255371,False,REGULAR,USD,2026-06-09,7332.16015625,0.0363499975204467,call,1.0031150224849537,0.0,12.7
SPXW260609C07360000,2026-06-09 15:29:47+00:00,7360.0,10.8,10.8,11.0,-47.55,-81.491005,3882.0,122.0,0.1447076496887206,False,REGULAR,USD,2026-06-09,7332.16015625,0.0363499975204467,call,1.0037969497606063,0.0,10.9
SPXW260609C07365000,2026-06-09 15:29:51+00:00,7365.0,9.4,9.6,9.8,-43.129997,-82.10545,3844.0,239.0,0.1467065310668945,False,REGULAR,USD,2026-06-09,7332.16015625,0.0363499975204467,call,1.0044788770362587,0.0,9.7
SPXW260609C07370000,2026-06-09 15:29:49+00:00,7370.0,8.0,7.9,8.1,-43.2,-84.375,5919.0,319.0,0.1436090278625488,False,REGULAR,USD,2026-06-09,7332.16015625,0.0363499975204467,call,1.0051608043119111,0.0,8.0
SPXW260609C07375000,2026-06-09 15:30:01+00:00,7375.0,7.3,7.0,7.2,-40.75,-84.807495,7282.0,379.0,0.145867306060791,False,REGULAR,USD,2026-06-09,7332.16015625,0.0363499975204467,call,1.005842731587564,0.0,7.1
SPXW260609C07380000,2026-06-09 15:29:48+00:00,7380.0,5.9,5.9,6.0,-37.789997,-86.59487,9561.0,201.0,0.1443872183227539,False,REGULAR,USD,2026-06-09,7332.16015625,0.0363499975204467,call,1.0065246588632166,0.0,5.95
SPXW260609C07385000,2026-06-09 15:30:04+00:00,7385.0,5.5,5.3,5.5,-32.81,-85.86758,8885.0,225.0,0.148522308807373,False,REGULAR,USD,2026-06-09,7332.16015625,0.0363499975204467,call,1.0072065861388693,0.0,5.4
SPXW260609C07390000,2026-06-09 15:29:58+00:00,7390.0,4.15,4.0,4.2,-31.210001,-88.38856,9717.0,269.0,0.1433191137695312,False,REGULAR,USD,2026-06-09,7332.16015625,0.0363499975204467,call,1.0078885134145217,0.0,4.1
SPXW260609C07395000,2026-06-09 15:29:28+00:00,7395.0,3.5,3.4,3.5,-28.29,-88.99025,7510.0,112.0,0.1431054928588867,False,REGULAR,USD,2026-06-09,7332.16015625,0.0363499975204467,call,1.0085704406901743,0.0,3.45
SPXW260609C07400000,2026-06-09 15:30:05+00:00,7400.0,3.0,3.0,3.1,-25.71,-89.55068,23084.0,1067.0,0.1456689437866211,False,REGULAR,USD,2026-06-09,7332.16015625,0.0363499975204467,call,1.009252367965827,0.0,3.05
SPXW260609C07405000,2026-06-09 15:30:04+00:00,7405.0,2.5,2.55,2.65,-23.38,-90.27027,10402.0,670.0,0.1467675656127929,False,REGULAR,USD,2026-06-09,7332.16015625,0.0363499975204467,call,1.0099342952414796,0.0,2.6
SPXW260609C07410000,2026-06-09 15:30:04+00:00,7410.0,2.15,2.0,2.05,-21.25,-90.811966,15045.0,550.0,0.1442956665039062,False,REGULAR,USD,2026-06-09,7332.16015625,0.0363499975204467,call,1.010616222517132,0.0,2.025
SPXW260609C07415000,2026-06-09 15:30:04+00:00,7415.0,1.77,1.7,1.8,-18.8,-91.39523,14547.0,281.0,0.1466149792480468,False,REGULAR,USD,2026-06-09,7332.16015625,0.0363499975204467,call,1.0112981497927849,0.0,1.75
SPXW260609C07420000,2026-06-09 15:29:59+00:00,7420.0,1.3,1.25,1.3,-17.0,-92.89618,21523.0,910.0,0.1427698028564453,False,REGULAR,USD,2026-06-09,7332.16015625,0.0363499975204467,call,1.0119800770684373,0.0,1.275
SPXW260609C07425000,2026-06-09 15:30:01+00:00,7425.0,1.12,1.1,1.15,-14.88,-93.58491,24538.0,1074.0,0.1453942883300781,False,REGULAR,USD,2026-06-09,7332.16015625,0.0363499975204467,call,1.01266200434409,0.0,1.125
SPXW260609C07430000,2026-06-09 15:29:31+00:00,7430.0,0.85,0.85,0.9,-13.54,-94.09312,23657.0,1068.0,0.1446008392333984,False,REGULAR,USD,2026-06-09,7332.16015625,0.0363499975204467,call,1.0133439316197423,0.0,0.875
SPXW260609C07435000,2026-06-09 15:30:04+00:00,7435.0,0.77,0.75,0.8,-11.309999,-93.7811,19531.0,428.0,0.1473473937988281,False,REGULAR,USD,2026-06-09,7332.16015625,0.0363499975204467,call,1.014025858895395,0.0,0.775
SPXW260609C07440000,2026-06-09 15:29:58+00:00,7440.0,0.55,0.55,0.6,-9.83,-94.70135,26677.0,949.0,0.1456994610595703,False,REGULAR,USD,2026-06-09,7332.16015625,0.0363499975204467,call,1.0147077861710476,0.0,0.575
SPXW260609C07445000,2026-06-09 15:29:22+00:00,7445.0,0.5,0.45,0.55,-8.5,-94.44444,17581.0,777.0,0.1491784301757812,False,REGULAR,USD,2026-06-09,7332.16015625,0.0363499975204467,call,1.0153897134467005,0.0,0.5
SPXW260609C07450000,2026-06-09 15:29:55+00:00,7450.0,0.35,0.35,0.4,-7.25,-94.77124,44251.0,2693.0,0.1471032556152343,False,REGULAR,USD,2026-06-09,7332.16015625,0.0363499975204467,call,1.016071640722353,0.0,0.375
SPXW260609C07455000,2026-06-09 15:29:25+00:00,7455.0,0.35,0.3,0.35,-5.92,-94.41786,26436.0,745.0,0.149422568359375,False,REGULAR,USD,2026-06-09,7332.16015625,0.0363499975204467,call,1.016753567998005,0.0,0.3249999999999999
SPXW260609C07460000,2026-06-09 15:29:28+00:00,7460.0,0.3,0.3,0.35,-4.9199996,-93.89313,37124.0,1494.0,0.1545494702148437,False,REGULAR,USD,2026-06-09,7332.16015625,0.0363499975204467,call,1.017435495273658,0.0,0.3249999999999999
SPXW260609C07465000,2026-06-09 15:29:37+00:00,7465.0,0.27,0.2,0.25,-4.02,-93.70629,31963.0,1111.0,0.1524742956542969,False,REGULAR,USD,2026-06-09,7332.16015625,0.0363499975204467,call,1.0181174225493106,0.0,0.225
SPXW260609C07475000,2026-06-09 15:29:51+00:00,7475.0,0.15,0.15,0.2,-2.73,-94.791664,35105.0,2581.0,0.1577232666015625,False,REGULAR,USD,2026-06-09,7332.16015625,0.0363499975204467,call,1.0194812771006156,0.0,0.175
SPXW260609C07480000,2026-06-09 15:29:58+00:00,7480.0,0.17,0.15,0.2,-2.1299999,-93.42104,44703.0,1293.0,0.1623618920898437,False,REGULAR,USD,2026-06-09,7332.16015625,0.0363499975204467,call,1.0201632043762685,0.0,0.175
SPXW260609C07485000,2026-06-09 15:29:37+00:00,7485.0,0.17,0.15,0.2,-1.73,-92.02128,31108.0,1223.0,0.1672446557617187,False,REGULAR,USD,2026-06-09,7332.16015625,0.0363499975204467,call,1.020845131651921,0.0,0.175
SPXW260610C07260000,2026-06-09 14:30:05+00:00,7260.0,122.64,84.6,85.2,-48.67,-28.410484,8.0,3.0,0.1807027731323242,True,REGULAR,USD,2026-06-10,7332.16015625,0.0363499975204467,call,0.9901584042475544,0.0027397260273972,84.9
SPXW260610C07275000,2026-06-08 17:04:02+00:00,7275.0,151.29,73.9,74.2,0.0,0.0,21.0,51.0,0.1815572567749023,True,REGULAR,USD,2026-06-10,7332.16015625,0.0363499975204467,call,0.9922041860745124,0.0027397260273972,74.05000000000001
SPXW260610C07280000,2026-06-08 19:51:08+00:00,7280.0,133.32,73.1,73.3,0.0,0.0,7.0,16.0,0.1955341677856445,True,REGULAR,USD,2026-06-10,7332.16015625,0.0363499975204467,call,0.9928861133501647,0.0027397260273972,73.19999999999999
SPXW260610C07285000,2026-06-09 15:26:35+00:00,7285.0,79.7,71.6,71.9,-54.449997,-40.58889,1.0,20.0,0.2056659024047851,True,REGULAR,USD,2026-06-10,7332.16015625,0.0363499975204467,call,0.9935680406258176,0.0027397260273972,71.75
SPXW260610C07290000,2026-06-09 15:24:55+00:00,7290.0,83.49,67.4,67.8,-45.659996,-35.354237,11.0,35.0,0.2015079239654541,True,REGULAR,USD,2026-06-10,7332.16015625,0.0363499975204467,call,0.99424996790147,0.0027397260273972,67.6
SPXW260610C07295000,2026-06-09 15:28:15+00:00,7295.0,66.9,62.7,62.9,-58.299995,-46.56549,3.0,21.0,0.1931233032226562,True,REGULAR,USD,2026-06-10,7332.16015625,0.0363499975204467,call,0.9949318951771228,0.0027397260273972,62.8
SPXW260610C07300000,2026-06-09 15:28:15+00:00,7300.0,63.4,61.3,61.9,-53.64,-45.830486,49.0,195.0,0.2034686587524414,True,REGULAR,USD,2026-06-10,7332.16015625,0.0363499975204467,call,0.9956138224527752,0.0027397260273972,61.6
SPXW260610C07305000,2026-06-09 15:28:31+00:00,7305.0,58.7,58.3,58.6,-174.88,-74.86942,26.0,2.0,0.2021106401062011,True,REGULAR,USD,2026-06-10,7332.16015625,0.0363499975204467,call,0.9962957497284278,0.0027397260273972,58.45
SPXW260610C07310000,2026-06-09 15:29:38+00:00,7310.0,51.0,50.9,51.2,-90.91,-64.06173,21.0,55.0,0.1809621699523925,True,REGULAR,USD,2026-06-10,7332.16015625,0.0363499975204467,call,0.9969776770040804,0.0027397260273972,51.05
SPXW260610C07315000,2026-06-09 15:28:41+00:00,7315.0,51.9,49.2,49.4,-57.049995,-52.36347,189.0,12.0,0.1860432958984375,True,REGULAR,USD,2026-06-10,7332.16015625,0.0363499975204467,call,0.997659604279733,0.0027397260273972,49.3
SPXW260610C07320000,2026-06-09 15:28:34+00:00,7320.0,49.7,48.5,48.6,-80.58,-61.8514,72.0,18.0,0.1952442536926269,True,REGULAR,USD,2026-06-10,7332.16015625,0.0363499975204467,call,0.9983415315553856,0.0027397260273972,48.55
SPXW260610C07325000,2026-06-09 15:28:10+00:00,7325.0,47.8,42.4,42.8,-46.81,-49.4768,49.0,223.0,0.1807332904052734,True,REGULAR,USD,2026-06-10,7332.16015625,0.0363499975204467,call,0.9990234588310382,0.0027397260273972,42.6
SPXW260610C07330000,2026-06-09 15:28:56+00:00,7330.0,42.9,42.6,42.9,-51.36,-54.08593,202.0,35.0,0.1931233032226562,True,REGULAR,USD,2026-06-10,7332.16015625,0.0363499975204467,call,0.9997053861066908,0.0027397260273972,42.75
SPXW260610C07335000,2026-06-09 15:25:59+00:00,7335.0,49.05,39.9,40.2,-40.649998,-45.317726,30.0,8.0,0.1921009745788574,False,REGULAR,USD,2026-06-10,7332.16015625,0.0363499975204467,call,1.000387313382343,0.0027397260273972,40.05
SPXW260610C07340000,2026-06-09 15:28:42+00:00,7340.0,38.1,37.2,37.5,-48.11,-55.80559,264.0,127.0,0.1906361454772949,False,REGULAR,USD,2026-06-10,7332.16015625,0.0363499975204467,call,1.001069240657996,0.0027397260273972,37.35
SPXW260610C07345000,2026-06-09 15:28:41+00:00,7345.0,35.0,35.3,35.6,-51.18,-57.810913,63.0,17.0,0.1924366645812988,False,REGULAR,USD,2026-06-10,7332.16015625,0.0363499975204467,call,1.0017511679336484,0.0027397260273972,35.45
SPXW260610C07350000,2026-06-09 15:28:20+00:00,7350.0,33.5,32.5,32.7,-47.1,-58.436726,227.0,212.0,0.1891331697845459,False,REGULAR,USD,2026-06-10,7332.16015625,0.0363499975204467,call,1.002433095209301,0.0027397260273972,32.6
SPXW260610C07355000,2026-06-09 15:28:01+00:00,7355.0,32.0,29.9,30.2,-44.6,-58.224545,307.0,17.0,0.1872182109069824,False,REGULAR,USD,2026-06-10,7332.16015625,0.0363499975204467,call,1.0031150224849537,0.0027397260273972,30.05
SPXW260610C07360000,2026-06-09 15:28:09+00:00,7360.0,29.0,27.7,28.0,-38.6,-57.10059,678.0,39.0,0.1862340288543701,False,REGULAR,USD,2026-06-10,7332.16015625,0.0363499975204467,call,1.0037969497606063,0.0027397260273972,27.85
SPXW260610C07365000,2026-06-09 15:28:55+00:00,7365.0,25.8,24.2,24.5,-40.3,-60.96823,533.0,102.0,0.178444494934082,False,REGULAR,USD,2026-06-10,7332.16015625,0.0363499975204467,call,1.0044788770362587,0.0027397260273972,24.35
SPXW260610C07370000,2026-06-09 15:27:01+00:00,7370.0,26.7,23.9,24.1,-38.670002,-59.15558,509.0,113.0,0.1852651054382323,False,REGULAR,USD,2026-06-10,7332.16015625,0.0363499975204467,call,1.0051608043119111,0.0027397260273972,24.0
SPXW260610C07375000,2026-06-09 15:28:05+00:00,7375.0,22.9,20.4,20.7,-35.800003,-60.988075,266.0,226.0,0.1767126396942138,False,REGULAR,USD,2026-06-10,7332.16015625,0.0363499975204467,call,1.005842731587564,0.0027397260273972,20.55
SPXW260610C07380000,2026-06-09 15:28:19+00:00,7380.0,20.76,20.0,20.2,-35.839996,-63.32155,1004.0,135.0,0.1823278179168701,False,REGULAR,USD,2026-06-10,7332.16015625,0.0363499975204467,call,1.0065246588632166,0.0027397260273972,20.1
SPXW260610C07385000,2026-06-09 15:28:14+00:00,7385.0,19.0,18.1,18.4,-33.7,-63.94687,390.0,52.0,0.1808401008605957,False,REGULAR,USD,2026-06-10,7332.16015625,0.0363499975204467,call,1.0072065861388693,0.0027397260273972,18.25
SPXW260610C07390000,2026-06-09 15:28:02+00:00,7390.0,17.6,16.6,16.8,-30.199999,-63.179916,383.0,113.0,0.1798788067626953,False,REGULAR,USD,2026-06-10,7332.16015625,0.0363499975204467,call,1.0078885134145217,0.0027397260273972,16.700000000000003
SPXW260610C07395000,2026-06-09 15:28:19+00:00,7395.0,15.7,14.8,14.9,-31.099998,-66.45299,424.0,35.0,0.1766744931030273,False,REGULAR,USD,2026-06-10,7332.16015625,0.0363499975204467,call,1.0085704406901743,0.0027397260273972,14.85
SPXW260610C07400000,2026-06-09 15:28:36+00:00,7400.0,14.0,13.7,13.9,-27.849998,-66.54719,1359.0,406.0,0.1780477703857422,False,REGULAR,USD,2026-06-10,7332.16015625,0.0363499975204467,call,1.009252367965827,0.0027397260273972,13.8
SPXW260610C07405000,2026-06-09 15:29:34+00:00,7405.0,11.5,11.3,11.5,-29.5,-71.95122,696.0,188.0,0.1704184521484375,False,REGULAR,USD,2026-06-10,7332.16015625,0.0363499975204467,call,1.0099342952414796,0.0027397260273972,11.4
SPXW260610C07410000,2026-06-09 15:29:27+00:00,7410.0,10.12,10.5,10.9,-25.98,-71.96676,754.0,207.0,0.1732412998962402,False,REGULAR,USD,2026-06-10,7332.16015625,0.0363499975204467,call,1.010616222517132,0.0027397260273972,10.7
SPXW260610C07415000,2026-06-09 15:29:01+00:00,7415.0,10.05,10.0,10.1,-24.850002,-67.98906,936.0,129.0,0.1744467321777344,False,REGULAR,USD,2026-06-10,7332.16015625,0.0363499975204467,call,1.0112981497927849,0.0027397260273972,10.05
SPXW260610C07420000,2026-06-09 15:29:30+00:00,7420.0,8.2,8.4,8.6,-22.43,-73.22886,1348.0,222.0,0.1703116416931152,False,REGULAR,USD,2026-06-10,7332.16015625,0.0363499975204467,call,1.0119800770684373,0.0027397260273972,8.5
SPXW260610C07425000,2026-06-09 15:28:40+00:00,7425.0,8.1,8.0,8.2,-21.8,-72.666664,1070.0,293.0,0.1734549208068848,False,REGULAR,USD,2026-06-10,7332.16015625,0.0363499975204467,call,1.01266200434409,0.0027397260273972,8.1
SPXW260610C07430000,2026-06-09 15:28:23+00:00,7430.0,7.5,7.3,7.5,-19.04,-70.154755,1023.0,295.0,0.1740652662658691,False,REGULAR,USD,2026-06-10,7332.16015625,0.0363499975204467,call,1.0133439316197423,0.0027397260273972,7.4
SPXW260610C07435000,2026-06-09 15:29:01+00:00,7435.0,6.4,6.4,6.5,-17.4,-72.803345,826.0,168.0,0.1717612121582031,False,REGULAR,USD,2026-06-10,7332.16015625,0.0363499975204467,call,1.014025858895395,0.0027397260273972,6.45
SPXW260610C07440000,2026-06-09 15:27:56+00:00,7440.0,6.31,5.6,5.8,-15.220001,-70.69206,1553.0,416.0,0.1713034530639648,False,REGULAR,USD,2026-06-10,7332.16015625,0.0363499975204467,call,1.0147077861710476,0.0027397260273972,5.699999999999999
SPXW260610C07445000,2026-06-09 15:28:27+00:00,7445.0,5.1,5.0,5.1,-15.1,-74.75247,1067.0,447.0,0.1702658657836914,False,REGULAR,USD,2026-06-10,7332.16015625,0.0363499975204467,call,1.0153897134467005,0.0027397260273972,5.05
SPXW260610C07450000,2026-06-09 15:29:30+00:00,7450.0,3.9,3.9,4.1,-15.1,-78.72784,2421.0,1107.0,0.1653831021118164,False,REGULAR,USD,2026-06-10,7332.16015625,0.0363499975204467,call,1.016071640722353,0.0027397260273972,4.0
SPXW260610C07455000,2026-06-09 15:29:24+00:00,7455.0,3.58,3.6,3.7,-13.120001,-78.56288,1098.0,325.0,0.16602396484375,False,REGULAR,USD,2026-06-10,7332.16015625,0.0363499975204467,call,1.016753567998005,0.0027397260273972,3.65
SPXW260610C07460000,2026-06-09 15:29:15+00:00,7460.0,3.3,3.2,3.6,-11.3,-77.397255,1977.0,803.0,0.1698081066894531,False,REGULAR,USD,2026-06-10,7332.16015625,0.0363499975204467,call,1.017435495273658,0.0027397260273972,3.4000000000000004
SPXW260610C07465000,2026-06-09 15:28:42+00:00,7465.0,3.03,2.95,3.0,-10.17,-77.045456,1037.0,295.0,0.1671988798522949,False,REGULAR,USD,2026-06-10,7332.16015625,0.0363499975204467,call,1.0181174225493106,0.0027397260273972,2.975
SPXW260610C07470000,2026-06-09 15:27:55+00:00,7470.0,3.0,2.6,2.75,-9.2,-75.409836,1327.0,472.0,0.168526381225586,False,REGULAR,USD,2026-06-10,7332.16015625,0.0363499975204467,call,1.0187993498249632,0.0027397260273972,2.675
SPXW260610C07475000,2026-06-09 15:28:51+00:00,7475.0,2.3,2.0,2.15,-8.5,-78.703705,2791.0,640.0,0.1641318939208984,False,REGULAR,USD,2026-06-10,7332.16015625,0.0363499975204467,call,1.0194812771006156,0.0027397260273972,2.075
SPXW260610C07480000,2026-06-09 15:28:40+00:00,7480.0,2.02,1.95,2.05,-7.8799996,-79.595955,1824.0,1256.0,0.1669394830322266,False,REGULAR,USD,2026-06-10,7332.16015625,0.0363499975204467,call,1.0201632043762685,0.0027397260273972,2.0
SPXW260610C07485000,2026-06-09 15:28:48+00:00,7485.0,1.75,1.65,1.75,-6.55,-78.91566,1027.0,396.0,0.1659629302978515,False,REGULAR,USD,2026-06-10,7332.16015625,0.0363499975204467,call,1.020845131651921,0.0027397260273972,1.7
SPXW260610C07490000,2026-06-09 15:28:55+00:00,7490.0,1.5,1.45,1.55,-6.1,-80.26316,1186.0,885.0,0.166298620300293,False,REGULAR,USD,2026-06-10,7332.16015625,0.0363499975204467,call,1.0215270589275736,0.0027397260273972,1.5
SPXW260610C07495000,2026-06-09 15:24:44+00:00,7495.0,1.89,1.35,1.45,-4.76,-71.57895,922.0,587.0,0.1684043121337891,False,REGULAR,USD,2026-06-10,7332.16015625,0.0363499975204467,call,1.022208986203226,0.0027397260273972,1.4
SPXW260610C07500000,2026-06-09 15:29:54+00:00,7500.0,1.0,0.9,1.0,-4.5,-81.818184,5086.0,2637.0,0.161568442993164,False,REGULAR,USD,2026-06-10,7332.16015625,0.0363499975204467,call,1.0228909134788786,0.0027397260273972,0.95
SPXW260610C07505000,2026-06-09 15:29:38+00:00,7505.0,0.82,0.8,0.9,-4.2799997,-83.92156,1125.0,1730.0,0.1626060302734375,False,REGULAR,USD,2026-06-10,7332.16015625,0.0363499975204467,call,1.0235728407545313,0.0027397260273972,0.8500000000000001
SPXW260610C07510000,2026-06-09 15:26:50+00:00,7510.0,1.1,0.8,0.85,-3.0,-73.17073,1797.0,1561.0,0.1649863775634765,False,REGULAR,USD,2026-06-10,7332.16015625,0.0363499975204467,call,1.024254768030184,0.0027397260273972,0.825
SPXW260610C07515000,2026-06-09 15:29:06+00:00,7515.0,0.7,0.6,0.65,-2.8999999,-80.55556,888.0,278.0,0.1618736157226562,False,REGULAR,USD,2026-06-10,7332.16015625,0.0363499975204467,call,1.0249366953058363,0.0027397260273972,0.625
SPXW260610C07520000,2026-06-09 15:28:12+00:00,7520.0,0.7,0.6,0.65,-2.3,-76.666664,2727.0,1106.0,0.1655356884765625,False,REGULAR,USD,2026-06-10,7332.16015625,0.0363499975204467,call,1.025618622581489,0.0027397260273972,0.625
SPXW260610C07525000,2026-06-09 15:26:32+00:00,7525.0,0.75,0.7,0.75,-1.8,-70.588234,1942.0,6855.0,0.1729819030761719,False,REGULAR,USD,2026-06-10,7332.16015625,0.0363499975204467,call,1.0263005498571416,0.0027397260273972,0.725
SPXW260610C07530000,2026-06-09 15:27:51+00:00,7530.0,0.63,0.45,0.55,-1.7199999,-73.19148,2304.0,524.0,0.1687094848632813,False,REGULAR,USD,2026-06-10,7332.16015625,0.0363499975204467,call,1.0269824771327942,0.0027397260273972,0.5
SPXW260610C07535000,2026-06-09 15:28:09+00:00,7535.0,0.45,0.35,0.4,-1.45,-76.31579,1302.0,374.0,0.1649253430175781,False,REGULAR,USD,2026-06-10,7332.16015625,0.0363499975204467,call,1.0276644044084466,0.0027397260273972,0.375
SPXW260610C07545000,2026-06-09 15:28:00+00:00,7545.0,0.4,0.3,0.4,-0.9,-69.230774,1139.0,461.0,0.1717612121582031,False,REGULAR,USD,2026-06-10,7332.16015625,0.0363499975204467,call,1.029028258959752,0.0027397260273972,0.35
SPXW260610C07555000,2026-06-09 15:26:57+00:00,7555.0,0.34,0.25,0.3,-0.46,-57.5,753.0,578.0,0.1721274194335937,False,REGULAR,USD,2026-06-10,7332.16015625,0.0363499975204467,call,1.030392113511057,0.0027397260273972,0.275
SPXW260610C07560000,2026-06-09 15:26:57+00:00,7560.0,0.29,0.15,0.2,-0.51,-63.750004,721.0,3510.0,0.167000517578125,False,REGULAR,USD,2026-06-10,7332.16015625,0.0363499975204467,call,1.0310740407867096,0.0027397260273972,0.175
SPXW260611C07260000,2026-06-08 19:29:09+00:00,7260.0,158.55,96.1,96.5,0.0,0.0,8.0,18.0,0.1998981378173828,True,REGULAR,USD,2026-06-11,7332.16015625,0.0363499975204467,call,0.9901584042475544,0.0054794520547945,96.3
SPXW260611C07265000,2026-06-05 15:41:46+00:00,7265.0,228.42,95.6,96.0,0.0,0.0,1.0,1.0,0.2126772458648681,True,REGULAR,USD,2026-06-11,7332.16015625,0.0363499975204467,call,0.990840331523207,0.0054794520547945,95.8
SPXW260611C07270000,2026-06-08 19:29:09+00:00,7270.0,149.6,93.2,93.6,0.0,0.0,3.0,17.0,0.2167131552124023,True,REGULAR,USD,2026-06-11,7332.16015625,0.0363499975204467,call,0.9915222587988596,0.0054794520547945,93.4
SPXW260611C07275000,2026-06-08 16:28:14+00:00,7275.0,178.15,84.5,84.9,0.0,0.0,1.0,117.0,0.1943287355041504,True,REGULAR,USD,2026-06-11,7332.16015625,0.0363499975204467,call,0.9922041860745124,0.0054794520547945,84.7
SPXW260611C07280000,2026-06-08 19:29:09+00:00,7280.0,141.15,82.7,83.2,0.0,0.0,6.0,3.0,0.2009128371429443,True,REGULAR,USD,2026-06-11,7332.16015625,0.0363499975204467,call,0.9928861133501647,0.0054794520547945,82.95
SPXW260611C07285000,2026-06-09 15:28:12+00:00,7285.0,83.7,81.5,81.9,-188.83,-69.28779,1.0,2.0,0.2085879312896728,True,REGULAR,USD,2026-06-11,7332.16015625,0.0363499975204467,call,0.9935680406258176,0.0054794520547945,81.7
SPXW260611C07290000,2026-06-08 19:29:09+00:00,7290.0,132.5,75.9,76.9,0.0,0.0,3.0,19.0,0.2011111994171142,True,REGULAR,USD,2026-06-11,7332.16015625,0.0363499975204467,call,0.99424996790147,0.0054794520547945,76.4
SPXW260611C07295000,2026-06-09 15:28:12+00:00,7295.0,76.8,74.7,75.0,-215.90001,-73.76153,1.0,10.0,0.2056964196777343,True,REGULAR,USD,2026-06-11,7332.16015625,0.0363499975204467,call,0.9949318951771228,0.0054794520547945,74.85
SPXW260611C07300000,2026-06-09 15:23:46+00:00,7300.0,89.3,73.3,74.0,-42.92,-32.46105,74.0,553.0,0.2133944017791748,True,REGULAR,USD,2026-06-11,7332.16015625,0.0363499975204467,call,0.9956138224527752,0.0054794520547945,73.65
SPXW260611C07305000,2026-06-09 15:23:46+00:00,7305.0,85.7,68.9,69.3,-200.69002,-70.075775,66.0,33.0,0.2064517221832274,True,REGULAR,USD,2026-06-11,7332.16015625,0.0363499975204467,call,0.9962957497284278,0.0054794520547945,69.1
SPXW260611C07310000,2026-06-08 19:10:58+00:00,7310.0,95.6,62.6,63.0,-24.349998,-20.300123,1.0,13.0,0.193191967086792,True,REGULAR,USD,2026-06-11,7332.16015625,0.0363499975204467,call,0.9969776770040804,0.0054794520547945,62.8
SPXW260611C07315000,2026-06-09 14:55:21+00:00,7315.0,93.0,62.4,62.7,-183.66,-66.38473,3.0,35.0,0.2026675803375243,True,REGULAR,USD,2026-06-11,7332.16015625,0.0363499975204467,call,0.997659604279733,0.0054794520547945,62.55
SPXW260611C07320000,2026-06-09 14:54:20+00:00,7320.0,83.7,57.5,60.1,-159.63,-65.602264,4.0,2.0,0.2030414169311523,True,REGULAR,USD,2026-06-11,7332.16015625,0.0363499975204467,call,0.9983415315553856,0.0054794520547945,58.8
SPXW260611C07325000,2026-06-09 15:23:50+00:00,7325.0,71.0,57.1,57.4,-205.6,-74.33116,8.0,513.0,0.2027515028381347,True,REGULAR,USD,2026-06-11,7332.16015625,0.0363499975204467,call,0.9990234588310382,0.0054794520547945,57.25
SPXW260611C07330000,2026-06-08 19:29:04+00:00,7330.0,83.3,50.2,50.5,-16.199997,-16.281404,11.0,52.0,0.1863484686279297,True,REGULAR,USD,2026-06-11,7332.16015625,0.0363499975204467,call,0.9997053861066908,0.0054794520547945,50.35
SPXW260611C07335000,2026-06-09 14:53:27+00:00,7335.0,70.1,49.4,49.9,-22.5,-24.298056,18.0,5.0,0.1934284759521484,False,REGULAR,USD,2026-06-11,7332.16015625,0.0363499975204467,call,1.000387313382343,0.0054794520547945,49.65
SPXW260611C07340000,2026-06-09 15:25:49+00:00,7340.0,57.5,47.0,47.4,-44.11,-43.411083,20.0,52.0,0.1930470100402831,False,REGULAR,USD,2026-06-11,7332.16015625,0.0363499975204467,call,1.001069240657996,0.0054794520547945,47.2
SPXW260611C07345000,2026-06-09 15:04:57+00:00,7345.0,71.6,45.4,45.7,-32.800003,-31.417627,23.0,86.0,0.1954044693756103,False,REGULAR,USD,2026-06-11,7332.16015625,0.0363499975204467,call,1.0017511679336484,0.0054794520547945,45.55
SPXW260611C07350000,2026-06-09 15:28:10+00:00,7350.0,45.3,39.9,40.3,-41.81,-47.996784,28.0,787.0,0.1834111811065673,False,REGULAR,USD,2026-06-11,7332.16015625,0.0363499975204467,call,1.002433095209301,0.0054794520547945,40.1
SPXW260611C07355000,2026-06-09 15:28:03+00:00,7355.0,41.9,40.3,40.6,-49.799995,-54.30752,38.0,16.0,0.1928028718566894,False,REGULAR,USD,2026-06-11,7332.16015625,0.0363499975204467,call,1.0031150224849537,0.0054794520547945,40.45
SPXW260611C07360000,2026-06-09 15:28:01+00:00,7360.0,39.55,37.9,38.2,-39.95,-50.25157,163.0,48.0,0.1916203275299072,False,REGULAR,USD,2026-06-11,7332.16015625,0.0363499975204467,call,1.0037969497606063,0.0054794520547945,38.05
SPXW260611C07365000,2026-06-09 15:28:01+00:00,7365.0,37.15,35.7,35.9,-38.15,-50.664013,149.0,4.0,0.1905064470672607,False,REGULAR,USD,2026-06-11,7332.16015625,0.0363499975204467,call,1.0044788770362587,0.0054794520547945,35.8
SPXW260611C07370000,2026-06-09 15:26:36+00:00,7370.0,37.32,33.4,33.7,-35.08,-48.45304,44.0,50.0,0.18946123046875,False,REGULAR,USD,2026-06-11,7332.16015625,0.0363499975204467,call,1.0051608043119111,0.0054794520547945,33.55
SPXW260611C07375000,2026-06-09 15:27:39+00:00,7375.0,33.9,30.0,30.4,-36.29,-51.70252,108.0,544.0,0.1837087245178222,False,REGULAR,USD,2026-06-11,7332.16015625,0.0363499975204467,call,1.005842731587564,0.0054794520547945,30.2
SPXW260611C07380000,2026-06-09 15:29:12+00:00,7380.0,28.3,28.2,28.7,-38.750004,-57.792698,89.0,24.0,0.1839604920196533,False,REGULAR,USD,2026-06-11,7332.16015625,0.0363499975204467,call,1.0065246588632166,0.0054794520547945,28.45
SPXW260611C07385000,2026-06-09 15:28:10+00:00,7385.0,29.0,27.4,27.9,-30.099998,-50.930622,69.0,121.0,0.1876225647735595,False,REGULAR,USD,2026-06-11,7332.16015625,0.0363499975204467,call,1.0072065861388693,0.0054794520547945,27.65
SPXW260611C07390000,2026-06-09 15:26:33+00:00,7390.0,29.1,23.7,23.9,-27.699999,-48.767605,110.0,138.0,0.1776586751556396,False,REGULAR,USD,2026-06-11,7332.16015625,0.0363499975204467,call,1.0078885134145217,0.0054794520547945,23.8
SPXW260611C07395000,2026-06-09 15:25:58+00:00,7395.0,28.8,22.6,22.9,-24.970001,-46.438534,52.0,29.0,0.179871177444458,False,REGULAR,USD,2026-06-11,7332.16015625,0.0363499975204467,call,1.0085704406901743,0.0054794520547945,22.75
SPXW260611C07400000,2026-06-09 15:29:12+00:00,7400.0,21.3,20.3,20.6,-29.400002,-57.98817,377.0,663.0,0.1761251821899414,False,REGULAR,USD,2026-06-11,7332.16015625,0.0363499975204467,call,1.009252367965827,0.0054794520547945,20.450000000000003
SPXW260611C07405000,2026-06-09 15:14:12+00:00,7405.0,37.6,19.2,19.5,-12.900002,-25.544558,64.0,18.0,0.1773153558349609,False,REGULAR,USD,2026-06-11,7332.16015625,0.0363499975204467,call,1.0099342952414796,0.0054794520547945,19.35
SPXW260611C07410000,2026-06-09 15:29:12+00:00,7410.0,18.25,17.7,18.0,-25.45,-58.237984,156.0,142.0,0.1763769496917725,False,REGULAR,USD,2026-06-11,7332.16015625,0.0363499975204467,call,1.010616222517132,0.0054794520547945,17.85
SPXW260611C07415000,2026-06-09 15:22:08+00:00,7415.0,26.3,16.1,16.3,-17.100002,-39.400925,165.0,86.0,0.1740957835388183,False,REGULAR,USD,2026-06-11,7332.16015625,0.0363499975204467,call,1.0112981497927849,0.0054794520547945,16.200000000000003
SPXW260611C07420000,2026-06-09 15:02:15+00:00,7420.0,29.1,15.4,15.6,-11.199999,-27.791561,84.0,62.0,0.176315915145874,False,REGULAR,USD,2026-06-11,7332.16015625,0.0363499975204467,call,1.0119800770684373,0.0054794520547945,15.5
SPXW260611C07425000,2026-06-09 15:27:53+00:00,7425.0,16.0,14.6,14.9,-21.2,-56.989246,168.0,72.0,0.1783376844787598,False,REGULAR,USD,2026-06-11,7332.16015625,0.0363499975204467,call,1.01266200434409,0.0054794520547945,14.75
SPXW260611C07430000,2026-06-09 15:27:51+00:00,7430.0,14.6,13.6,13.8,-20.859999,-58.826843,216.0,256.0,0.1780782876586914,False,REGULAR,USD,2026-06-11,7332.16015625,0.0363499975204467,call,1.0133439316197423,0.0054794520547945,13.7
SPXW260611C07435000,2026-06-09 15:25:50+00:00,7435.0,15.7,11.6,12.0,-16.399998,-51.090336,178.0,74.0,0.1736227658081054,False,REGULAR,USD,2026-06-11,7332.16015625,0.0363499975204467,call,1.014025858895395,0.0054794520547945,11.8
SPXW260611C07440000,2026-06-09 15:25:21+00:00,7440.0,14.2,10.8,11.0,-14.7,-50.86505,180.0,161.0,0.1730581962585449,False,REGULAR,USD,2026-06-11,7332.16015625,0.0363499975204467,call,1.0147077861710476,0.0054794520547945,10.9
SPXW260611C07445000,2026-06-09 15:04:45+00:00,7445.0,17.6,10.2,10.4,-9.299999,-34.57249,122.0,74.0,0.1745077667236328,False,REGULAR,USD,2026-06-11,7332.16015625,0.0363499975204467,call,1.0153897134467005,0.0054794520547945,10.3
SPXW260611C07450000,2026-06-09 15:27:51+00:00,7450.0,10.2,8.8,9.1,-17.470001,-63.13697,409.0,899.0,0.1713797462463379,False,REGULAR,USD,2026-06-11,7332.16015625,0.0363499975204467,call,1.016071640722353,0.0054794520547945,8.95
SPXW260611C07455000,2026-06-09 15:28:29+00:00,7455.0,8.7,8.1,8.3,-16.920002,-66.04216,205.0,148.0,0.1708914698791504,False,REGULAR,USD,2026-06-11,7332.16015625,0.0363499975204467,call,1.016753567998005,0.0054794520547945,8.2
SPXW260611C07460000,2026-06-09 15:28:29+00:00,7460.0,7.9,7.7,7.9,-14.5,-64.73215,142.0,128.0,0.1728140580749512,False,REGULAR,USD,2026-06-11,7332.16015625,0.0363499975204467,call,1.017435495273658,0.0054794520547945,7.800000000000001
SPXW260611C07465000,2026-06-09 15:19:21+00:00,7465.0,11.95,6.5,6.7,-7.95,-39.94975,176.0,151.0,0.1687400021362305,False,REGULAR,USD,2026-06-11,7332.16015625,0.0363499975204467,call,1.0181174225493106,0.0054794520547945,6.6
SPXW260611C07470000,2026-06-09 15:28:26+00:00,7470.0,6.4,6.4,6.5,-11.700001,-64.64089,234.0,148.0,0.1716238844299316,False,REGULAR,USD,2026-06-11,7332.16015625,0.0363499975204467,call,1.0187993498249632,0.0054794520547945,6.45
SPXW260611C07475000,2026-06-09 15:21:20+00:00,7475.0,9.4,5.5,5.7,-8.58,-47.71969,358.0,453.0,0.1695944857788086,False,REGULAR,USD,2026-06-11,7332.16015625,0.0363499975204467,call,1.0194812771006156,0.0054794520547945,5.6
SPXW260611C07480000,2026-06-09 15:23:27+00:00,7480.0,7.25,5.2,5.5,-7.75,-51.666668,360.0,142.0,0.1721426780700684,False,REGULAR,USD,2026-06-11,7332.16015625,0.0363499975204467,call,1.0201632043762685,0.0054794520547945,5.35
SPXW260611C07485000,2026-06-09 15:24:54+00:00,7485.0,6.1,4.4,4.6,-8.120001,-57.102673,172.0,102.0,0.1682822430419922,False,REGULAR,USD,2026-06-11,7332.16015625,0.0363499975204467,call,1.020845131651921,0.0054794520547945,4.5
SPXW260611C07490000,2026-06-09 15:09:58+00:00,7490.0,8.76,3.9,4.1,-4.6399994,-34.62686,212.0,137.0,0.1674582766723633,False,REGULAR,USD,2026-06-11,7332.16015625,0.0363499975204467,call,1.0215270589275736,0.0054794520547945,4.0
SPXW260611C07495000,2026-06-09 15:29:30+00:00,7495.0,3.6,3.5,3.7,-8.35,-69.87448,231.0,138.0,0.1672446557617187,False,REGULAR,USD,2026-06-11,7332.16015625,0.0363499975204467,call,1.022208986203226,0.0054794520547945,3.6
SPXW260611C07500000,2026-06-09 15:27:38+00:00,7500.0,3.75,3.1,3.3,-7.05,-65.27778,1743.0,1949.0,0.1666648275756836,False,REGULAR,USD,2026-06-11,7332.16015625,0.0363499975204467,call,1.0228909134788786,0.0054794520547945,3.2
SPXW260611C07505000,2026-06-09 15:29:24+00:00,7505.0,2.82,2.75,2.9,-6.7800007,-70.625,238.0,157.0,0.1656272402954102,False,REGULAR,USD,2026-06-11,7332.16015625,0.0363499975204467,call,1.0235728407545313,0.0054794520547945,2.825
SPXW260611C07510000,2026-06-09 15:29:24+00:00,7510.0,2.52,2.5,2.65,-6.3799996,-71.68539,374.0,175.0,0.1661002580261231,False,REGULAR,USD,2026-06-11,7332.16015625,0.0363499975204467,call,1.024254768030184,0.0054794520547945,2.575
SPXW260611C07515000,2026-06-09 15:27:59+00:00,7515.0,2.6,2.3,2.45,-5.2000003,-66.666664,138.0,237.0,0.1669700003051758,False,REGULAR,USD,2026-06-11,7332.16015625,0.0363499975204467,call,1.0249366953058363,0.0054794520547945,2.375
SPXW260611C07520000,2026-06-09 15:26:28+00:00,7520.0,2.6,2.3,2.55,-4.8,-64.86487,166.0,410.0,0.1719443157958984,False,REGULAR,USD,2026-06-11,7332.16015625,0.0363499975204467,call,1.025618622581489,0.0054794520547945,2.425
SPXW260611C07525000,2026-06-09 15:28:19+00:00,7525.0,2.0,1.85,2.0,-4.55,-69.46565,184.0,1814.0,0.1672446557617187,False,REGULAR,USD,2026-06-11,7332.16015625,0.0363499975204467,call,1.0263005498571416,0.0054794520547945,1.925
SPXW260611C07530000,2026-06-09 15:26:10+00:00,7530.0,2.15,1.55,1.65,-3.4499998,-61.60714,263.0,301.0,0.1646506875610351,False,REGULAR,USD,2026-06-11,7332.16015625,0.0363499975204467,call,1.0269824771327942,0.0054794520547945,1.6
SPXW260611C07535000,2026-06-09 15:27:38+00:00,7535.0,1.75,1.45,1.55,-3.4499998,-66.34615,228.0,115.0,0.1661155166625977,False,REGULAR,USD,2026-06-11,7332.16015625,0.0363499975204467,call,1.0276644044084466,0.0054794520547945,1.5
SPXW260611C07540000,2026-06-09 15:26:32+00:00,7540.0,1.61,1.35,1.45,-2.9899998,-64.99999,98.0,150.0,0.167427759399414,False,REGULAR,USD,2026-06-11,7332.16015625,0.0363499975204467,call,1.0283463316840993,0.0054794520547945,1.4
SPXW260611C07545000,2026-06-09 15:24:22+00:00,7545.0,1.65,1.25,1.4,-2.0500002,-55.405407,80.0,148.0,0.1696250030517578,False,REGULAR,USD,2026-06-11,7332.16015625,0.0363499975204467,call,1.029028258959752,0.0054794520547945,1.325
SPXW260611C07550000,2026-06-09 15:23:50+00:00,7550.0,1.5,1.1,1.2,-2.0,-57.142857,517.0,819.0,0.1684043121337891,False,REGULAR,USD,2026-06-11,7332.16015625,0.0363499975204467,call,1.0297101862354046,0.0054794520547945,1.15
SPXW260611C07555000,2026-06-09 15:28:38+00:00,7555.0,1.02,0.9,1.0,-2.08,-67.09678,144.0,265.0,0.166573275756836,False,REGULAR,USD,2026-06-11,7332.16015625,0.0363499975204467,call,1.030392113511057,0.0054794520547945,0.95
SPXW260611C07560000,2026-06-09 15:27:00+00:00,7560.0,1.0,0.75,0.85,-1.27,-55.947136,314.0,471.0,0.1654136193847656,False,REGULAR,USD,2026-06-11,7332.16015625,0.0363499975204467,call,1.0310740407867096,0.0054794520547945,0.8
SPXW260611C07565000,2026-06-09 14:49:55+00:00,7565.0,1.1,0.7,0.8,-0.9499999,-46.34146,100.0,112.0,0.1668784484863281,False,REGULAR,USD,2026-06-11,7332.16015625,0.0363499975204467,call,1.0317559680623622,0.0054794520547945,0.75
SPXW260611C07570000,2026-06-09 15:25:24+00:00,7570.0,0.9,0.7,0.8,-0.83000004,-47.976883,166.0,328.0,0.1698691412353515,False,REGULAR,USD,2026-06-11,7332.16015625,0.0363499975204467,call,1.0324378953380149,0.0054794520547945,0.75
SPXW260611C07575000,2026-06-09 15:26:22+00:00,7575.0,0.82,0.6,0.75,-0.83,-50.303032,108.0,428.0,0.1712119012451172,False,REGULAR,USD,2026-06-11,7332.16015625,0.0363499975204467,call,1.0331198226136675,0.0054794520547945,0.675
SPXW260611C07580000,2026-06-09 15:28:38+00:00,7580.0,0.57,0.5,0.55,-0.47999996,-45.714283,300.0,407.0,0.1666343103027344,False,REGULAR,USD,2026-06-11,7332.16015625,0.0363499975204467,call,1.03380174988932,0.0054794520547945,0.525
SPXW260611C07585000,2026-06-09 15:02:42+00:00,7585.0,0.7,0.5,0.6,-0.54,-43.54839,100.0,313.0,0.1715170739746093,False,REGULAR,USD,2026-06-11,7332.16015625,0.0363499975204467,call,1.0344836771649726,0.0054794520547945,0.55
SPXW260611C07590000,2026-06-09 15:12:13+00:00,7590.0,0.85,0.45,0.55,0.050000012,6.250001,132.0,291.0,0.172310523071289,False,REGULAR,USD,2026-06-11,7332.16015625,0.0363499975204467,call,1.0351656044406252,0.0054794520547945,0.5
SPXW260611C07595000,2026-06-09 15:12:13+00:00,7595.0,0.7,0.45,0.55,0.0,0.0,134.0,186.0,0.1751791467285156,False,REGULAR,USD,2026-06-11,7332.16015625,0.0363499975204467,call,1.035847531716278,0.0054794520547945,0.5
SPXW260611C07600000,2026-06-09 15:24:01+00:00,7600.0,0.5,0.45,0.5,-0.3,-37.5,413.0,1239.0,0.1756674230957031,False,REGULAR,USD,2026-06-11,7332.16015625,0.0363499975204467,call,1.0365294589919305,0.0054794520547945,0.475
SPXW260611C07605000,2026-06-09 15:23:58+00:00,7605.0,0.45,0.35,0.45,0.0,0.0,62.0,310.0,0.1760336303710937,False,REGULAR,USD,2026-06-11,7332.16015625,0.0363499975204467,call,1.037211386267583,0.0054794520547945,0.4
SPXW260611C07610000,2026-06-09 15:23:58+00:00,7610.0,0.4,0.35,0.4,0.0,0.0,33.0,206.0,0.1760336303710937,False,REGULAR,USD,2026-06-11,7332.16015625,0.0363499975204467,call,1.0378933135432356,0.0054794520547945,0.375
SPXW260611C07615000,2026-06-09 15:05:14+00:00,7615.0,0.4,0.3,0.35,-0.06999999,-14.893615,53.0,222.0,0.1757894921875,False,REGULAR,USD,2026-06-11,7332.16015625,0.0363499975204467,call,1.0385752408188882,0.0054794520547945,0.3249999999999999
SPXW260611C07630000,2026-06-09 15:26:32+00:00,7630.0,0.3,0.25,0.3,0.01000002,3.448283,146.0,2622.0,0.1804281176757812,False,REGULAR,USD,2026-06-11,7332.16015625,0.0363499975204467,call,1.040621022645846,0.0054794520547945,0.275
SPXW260611C07650000,2026-06-09 15:26:06+00:00,7650.0,0.19,0.15,0.2,-0.010000005,-5.0000024,168.0,1239.0,0.1821370849609375,False,REGULAR,USD,2026-06-11,7332.16015625,0.0363499975204467,call,1.0433487317484562,0.0054794520547945,0.175
SPXW260611C07665000,2026-06-09 14:31:31+00:00,7665.0,0.15,0.15,0.2,0.050000004,50.000004,52.0,244.0,0.1897053686523437,False,REGULAR,USD,2026-06-11,7332.16015625,0.0363499975204467,call,1.045394513575414,0.0054794520547945,0.175
SPXW260612C07260000,2026-06-09 15:28:26+00:00,7260.0,110.8,105.3,106.1,-144.48,-56.59668,2.0,95.0,0.2087634056091308,True,REGULAR,USD,2026-06-12,7332.16015625,0.0363499975204467,call,0.9901584042475544,0.0082191780821917,105.7
SPXW260612C07265000,2026-06-08 15:12:38+00:00,7265.0,213.67,105.7,106.2,0.0,0.0,1.0,7.0,0.2209779441070556,True,REGULAR,USD,2026-06-12,7332.16015625,0.0363499975204467,call,0.990840331523207,0.0082191780821917,105.95
SPXW260612C07270000,2026-06-08 19:00:17+00:00,7270.0,170.75,100.8,101.1,0.0,0.0,1.0,78.0,0.2143785838317871,True,REGULAR,USD,2026-06-12,7332.16015625,0.0363499975204467,call,0.9915222587988596,0.0082191780821917,100.95
SPXW260612C07275000,2026-06-05 19:55:21+00:00,7275.0,164.36,94.6,95.3,0.0,0.0,28.0,69.0,0.2052615485382079,True,REGULAR,USD,2026-06-12,7332.16015625,0.0363499975204467,call,0.9922041860745124,0.0082191780821917,94.95
SPXW260612C07280000,2026-06-09 14:50:13+00:00,7280.0,137.85,95.7,96.1,-11.089996,-7.4459486,2.0,29.0,0.2189332868194579,True,REGULAR,USD,2026-06-12,7332.16015625,0.0363499975204467,call,0.9928861133501647,0.0082191780821917,95.9
SPXW260612C07285000,2026-06-08 17:18:10+00:00,7285.0,157.22,90.9,91.4,0.0,0.0,4.0,6.0,0.2133409965515136,True,REGULAR,USD,2026-06-12,7332.16015625,0.0363499975204467,call,0.9935680406258176,0.0082191780821917,91.15
SPXW260612C07290000,2026-06-09 14:47:08+00:00,7290.0,125.72,84.5,85.0,-27.779999,-18.09772,1.0,62.0,0.2018626872634887,True,REGULAR,USD,2026-06-12,7332.16015625,0.0363499975204467,call,0.99424996790147,0.0082191780821917,84.75
SPXW260612C07295000,2026-06-09 15:24:29+00:00,7295.0,101.24,82.5,82.9,-48.049995,-32.185677,17.0,2.0,0.2048495653533935,True,REGULAR,USD,2026-06-12,7332.16015625,0.0363499975204467,call,0.9949318951771228,0.0082191780821917,82.7
SPXW260612C07300000,2026-06-09 14:56:59+00:00,7300.0,108.03,78.2,78.7,-25.220001,-18.926828,10.0,555.0,0.200554259185791,True,REGULAR,USD,2026-06-12,7332.16015625,0.0363499975204467,call,0.9956138224527752,0.0082191780821917,78.45
SPXW260612C07305000,2026-06-09 14:47:45+00:00,7305.0,96.0,79.5,80.9,-73.5,-43.36283,4.0,67.0,0.2173616472625732,True,REGULAR,USD,2026-06-12,7332.16015625,0.0363499975204467,call,0.9962957497284278,0.0082191780821917,80.2
SPXW260612C07310000,2026-06-09 15:24:29+00:00,7310.0,90.59,75.4,75.8,-33.570007,-27.037699,20.0,50.0,0.2096751091384887,True,REGULAR,USD,2026-06-12,7332.16015625,0.0363499975204467,call,0.9969776770040804,0.0082191780821917,75.6
SPXW260612C07315000,2026-06-09 15:25:34+00:00,7315.0,83.89,72.6,73.0,-59.14,-41.34797,23.0,8.0,0.209419526977539,True,REGULAR,USD,2026-06-12,7332.16015625,0.0363499975204467,call,0.997659604279733,0.0082191780821917,72.8
SPXW260612C07320000,2026-06-09 15:02:31+00:00,7320.0,100.76,70.0,70.5,-34.659996,-25.594444,4.0,225.0,0.2099421352767944,True,REGULAR,USD,2026-06-12,7332.16015625,0.0363499975204467,call,0.9983415315553856,0.0082191780821917,70.25
SPXW260612C07325000,2026-06-09 15:27:08+00:00,7325.0,71.99,66.6,66.9,-40.380005,-35.93486,13.0,773.0,0.206665343093872,True,REGULAR,USD,2026-06-12,7332.16015625,0.0363499975204467,call,0.9990234588310382,0.0082191780821917,66.75
SPXW260612C07330000,2026-06-09 15:28:52+00:00,7330.0,63.58,62.3,62.8,-45.4,-41.65902,18.0,44.0,0.2015575145339965,True,REGULAR,USD,2026-06-12,7332.16015625,0.0363499975204467,call,0.9997053861066908,0.0082191780821917,62.55
SPXW260612C07335000,2026-06-09 15:27:29+00:00,7335.0,64.7,58.3,58.7,-78.21001,-54.726753,3.0,8.0,0.1962513236999511,False,REGULAR,USD,2026-06-12,7332.16015625,0.0363499975204467,call,1.000387313382343,0.0082191780821917,58.5
SPXW260612C07340000,2026-06-09 15:27:12+00:00,7340.0,63.0,57.9,58.3,-38.480003,-37.918804,23.0,204.0,0.2028163520431518,False,REGULAR,USD,2026-06-12,7332.16015625,0.0363499975204467,call,1.001069240657996,0.0082191780821917,58.1
SPXW260612C07345000,2026-06-09 15:24:00+00:00,7345.0,67.5,55.3,55.7,-48.199997,-41.659462,19.0,47.0,0.2019885710144042,False,REGULAR,USD,2026-06-12,7332.16015625,0.0363499975204467,call,1.0017511679336484,0.0082191780821917,55.5
SPXW260612C07350000,2026-06-09 15:28:18+00:00,7350.0,54.23,52.7,53.1,-39.670002,-42.247074,72.0,796.0,0.2009433544158935,False,REGULAR,USD,2026-06-12,7332.16015625,0.0363499975204467,call,1.002433095209301,0.0082191780821917,52.900000000000006
SPXW260612C07355000,2026-06-09 15:00:57+00:00,7355.0,77.85,48.1,48.7,-13.950005,-15.196083,10.0,134.0,0.1937489073181152,False,REGULAR,USD,2026-06-12,7332.16015625,0.0363499975204467,call,1.0031150224849537,0.0082191780821917,48.400000000000006
SPXW260612C07360000,2026-06-09 15:28:18+00:00,7360.0,48.98,47.3,47.8,-39.469997,-44.62408,37.0,308.0,0.1978687391662598,False,REGULAR,USD,2026-06-12,7332.16015625,0.0363499975204467,call,1.0037969497606063,0.0082191780821917,47.55
SPXW260612C07365000,2026-06-09 15:27:58+00:00,7365.0,47.7,42.8,43.2,-36.670002,-43.463318,57.0,38.0,0.1894688597869873,False,REGULAR,USD,2026-06-12,7332.16015625,0.0363499975204467,call,1.0044788770362587,0.0082191780821917,43.0
SPXW260612C07370000,2026-06-09 15:23:16+00:00,7370.0,56.1,41.0,41.5,-21.380005,-27.594223,112.0,182.0,0.1904835591125488,False,REGULAR,USD,2026-06-12,7332.16015625,0.0363499975204467,call,1.0051608043119111,0.0082191780821917,41.25
SPXW260612C07375000,2026-06-09 15:26:44+00:00,7375.0,45.19,40.2,40.6,-32.38,-41.742943,94.0,1070.0,0.1940159334564209,False,REGULAR,USD,2026-06-12,7332.16015625,0.0363499975204467,call,1.005842731587564,0.0082191780821917,40.400000000000006
SPXW260612C07380000,2026-06-09 15:28:40+00:00,7380.0,38.3,38.1,38.5,-33.899998,-46.952908,33.0,182.0,0.1932758895874023,False,REGULAR,USD,2026-06-12,7332.16015625,0.0363499975204467,call,1.0065246588632166,0.0082191780821917,38.3
SPXW260612C07385000,2026-06-09 15:12:03+00:00,7385.0,55.65,34.1,34.6,-13.549995,-19.58092,264.0,111.0,0.1860471105575561,False,REGULAR,USD,2026-06-12,7332.16015625,0.0363499975204467,call,1.0072065861388693,0.0082191780821917,34.35
SPXW260612C07390000,2026-06-09 15:28:01+00:00,7390.0,35.6,34.0,34.2,-29.560005,-45.36526,541.0,250.0,0.1907353266143799,False,REGULAR,USD,2026-06-12,7332.16015625,0.0363499975204467,call,1.0078885134145217,0.0082191780821917,34.1
SPXW260612C07395000,2026-06-09 15:29:30+00:00,7395.0,30.0,29.7,30.1,-32.18,-50.140232,38.0,924.0,0.1820913090515136,False,REGULAR,USD,2026-06-12,7332.16015625,0.0363499975204467,call,1.0085704406901743,0.0082191780821917,29.9
SPXW260612C07400000,2026-06-09 15:28:45+00:00,7400.0,30.0,28.6,29.0,-30.3,-50.248756,414.0,1313.0,0.1838689402008056,False,REGULAR,USD,2026-06-12,7332.16015625,0.0363499975204467,call,1.009252367965827,0.0082191780821917,28.8
SPXW260612C07405000,2026-06-09 15:24:43+00:00,7405.0,34.88,28.3,28.6,-22.869999,-39.60173,66.0,208.0,0.1880574359130859,False,REGULAR,USD,2026-06-12,7332.16015625,0.0363499975204467,call,1.0099342952414796,0.0082191780821917,28.450000000000003
SPXW260612C07410000,2026-06-09 15:03:57+00:00,7410.0,32.71,26.1,26.6,-21.29,-39.425926,69.0,368.0,0.1861501063537597,False,REGULAR,USD,2026-06-12,7332.16015625,0.0363499975204467,call,1.010616222517132,0.0082191780821917,26.35
SPXW260612C07415000,2026-06-09 14:23:14+00:00,7415.0,36.56,25.3,25.6,-16.489998,-31.08388,21.0,325.0,0.1877751511383056,False,REGULAR,USD,2026-06-12,7332.16015625,0.0363499975204467,call,1.0112981497927849,0.0082191780821917,25.450000000000003
SPXW260612C07420000,2026-06-09 15:26:32+00:00,7420.0,25.96,21.5,21.8,-21.48,-45.278248,186.0,464.0,0.1782156153869629,False,REGULAR,USD,2026-06-12,7332.16015625,0.0363499975204467,call,1.0119800770684373,0.0082191780821917,21.65
SPXW260612C07425000,2026-06-09 15:16:36+00:00,7425.0,30.5,20.5,20.7,-17.220001,-36.0855,102.0,457.0,0.1788869953918457,False,REGULAR,USD,2026-06-12,7332.16015625,0.0363499975204467,call,1.01266200434409,0.0082191780821917,20.6
SPXW260612C07430000,2026-06-09 15:29:48+00:00,7430.0,18.99,18.9,19.1,-26.13,-57.912235,271.0,421.0,0.1772619506072998,False,REGULAR,USD,2026-06-12,7332.16015625,0.0363499975204467,call,1.0133439316197423,0.0082191780821917,19.0
SPXW260612C07435000,2026-06-09 15:26:32+00:00,7435.0,20.96,17.6,17.8,-19.64,-48.374386,60.0,204.0,0.1765981999206543,False,REGULAR,USD,2026-06-12,7332.16015625,0.0363499975204467,call,1.014025858895395,0.0082191780821917,17.700000000000003
SPXW260612C07440000,2026-06-09 15:28:29+00:00,7440.0,17.47,17.2,17.5,-22.480001,-56.270344,103.0,394.0,0.1800619104003906,False,REGULAR,USD,2026-06-12,7332.16015625,0.0363499975204467,call,1.0147077861710476,0.0082191780821917,17.35
SPXW260612C07445000,2026-06-09 15:08:47+00:00,7445.0,26.75,17.2,17.5,-9.799999,-26.812584,74.0,290.0,0.1847768290710448,False,REGULAR,USD,2026-06-12,7332.16015625,0.0363499975204467,call,1.0153897134467005,0.0082191780821917,17.35
SPXW260612C07450000,2026-06-09 15:28:26+00:00,7450.0,15.0,14.8,15.0,-19.2,-56.140354,1618.0,4411.0,0.1780325117492676,False,REGULAR,USD,2026-06-12,7332.16015625,0.0363499975204467,call,1.016071640722353,0.0082191780821917,14.9
SPXW260612C07455000,2026-06-09 15:21:44+00:00,7455.0,18.0,13.8,14.1,-14.700001,-44.954132,191.0,343.0,0.1782385033416748,False,REGULAR,USD,2026-06-12,7332.16015625,0.0363499975204467,call,1.016753567998005,0.0082191780821917,13.95
SPXW260612C07460000,2026-06-09 15:28:59+00:00,7460.0,12.7,12.1,12.4,-17.3,-57.666664,295.0,322.0,0.1742025939941406,False,REGULAR,USD,2026-06-12,7332.16015625,0.0363499975204467,call,1.017435495273658,0.0082191780821917,12.25
SPXW260612C07465000,2026-06-09 15:25:23+00:00,7465.0,14.5,11.7,11.9,-14.07,-49.247463,372.0,434.0,0.1758963026428223,False,REGULAR,USD,2026-06-12,7332.16015625,0.0363499975204467,call,1.0181174225493106,0.0082191780821917,11.8
SPXW260612C07470000,2026-06-09 15:24:24+00:00,7470.0,13.61,10.9,11.3,-12.410001,-47.694084,274.0,356.0,0.1769262606048584,False,REGULAR,USD,2026-06-12,7332.16015625,0.0363499975204467,call,1.0187993498249632,0.0082191780821917,11.1
SPXW260612C07475000,2026-06-09 15:28:26+00:00,7475.0,9.8,9.6,9.8,-15.56,-61.356464,312.0,1127.0,0.1727225062561035,False,REGULAR,USD,2026-06-12,7332.16015625,0.0363499975204467,call,1.0194812771006156,0.0082191780821917,9.7
SPXW260612C07480000,2026-06-09 15:28:32+00:00,7480.0,9.2,9.0,9.2,-13.06,-57.005676,435.0,519.0,0.1732184119415283,False,REGULAR,USD,2026-06-12,7332.16015625,0.0363499975204467,call,1.0201632043762685,0.0082191780821917,9.1
SPXW260612C07485000,2026-06-09 15:27:13+00:00,7485.0,9.2,8.1,8.3,-12.750001,-58.086563,137.0,269.0,0.1716544017028808,False,REGULAR,USD,2026-06-12,7332.16015625,0.0363499975204467,call,1.020845131651921,0.0082191780821917,8.2
SPXW260612C07490000,2026-06-09 15:29:07+00:00,7490.0,7.37,7.1,7.3,-12.910001,-63.65878,419.0,397.0,0.1690146575927734,False,REGULAR,USD,2026-06-12,7332.16015625,0.0363499975204467,call,1.0215270589275736,0.0082191780821917,7.199999999999999
SPXW260612C07495000,2026-06-09 15:26:32+00:00,7495.0,7.8,6.9,7.1,-10.05,-56.30252,237.0,365.0,0.1713950048828125,False,REGULAR,USD,2026-06-12,7332.16015625,0.0363499975204467,call,1.022208986203226,0.0082191780821917,7.0
SPXW260612C07500000,2026-06-09 15:29:55+00:00,7500.0,5.9,5.9,6.1,-10.6,-63.85542,2327.0,2853.0,0.1679618116760254,False,REGULAR,USD,2026-06-12,7332.16015625,0.0363499975204467,call,1.0228909134788786,0.0082191780821917,6.0
SPXW260612C07505000,2026-06-09 15:29:12+00:00,7505.0,5.4,5.4,5.6,-9.92,-64.75196,193.0,530.0,0.1677329321289062,False,REGULAR,USD,2026-06-12,7332.16015625,0.0363499975204467,call,1.0235728407545313,0.0082191780821917,5.5
SPXW260612C07510000,2026-06-09 15:28:12+00:00,7510.0,5.43,5.0,5.1,-8.309999,-60.480347,281.0,818.0,0.1672293971252441,False,REGULAR,USD,2026-06-12,7332.16015625,0.0363499975204467,call,1.024254768030184,0.0082191780821917,5.05
SPXW260612C07515000,2026-06-09 15:24:38+00:00,7515.0,6.13,4.3,4.5,-7.1899996,-53.978977,394.0,1447.0,0.1655356884765625,False,REGULAR,USD,2026-06-12,7332.16015625,0.0363499975204467,call,1.0249366953058363,0.0082191780821917,4.4
SPXW260612C07520000,2026-06-09 15:25:23+00:00,7520.0,5.4,4.2,4.3,-6.6,-55.0,1919.0,978.0,0.1670920693969727,False,REGULAR,USD,2026-06-12,7332.16015625,0.0363499975204467,call,1.025618622581489,0.0082191780821917,4.25
SPXW260612C07525000,2026-06-09 15:28:12+00:00,7525.0,4.06,3.8,3.9,-6.3700004,-61.07383,813.0,2091.0,0.1666190516662598,False,REGULAR,USD,2026-06-12,7332.16015625,0.0363499975204467,call,1.0263005498571416,0.0082191780821917,3.85
SPXW260612C07530000,2026-06-09 15:25:25+00:00,7530.0,4.42,3.4,3.6,-5.1800003,-53.958332,1076.0,625.0,0.1668784484863281,False,REGULAR,USD,2026-06-12,7332.16015625,0.0363499975204467,call,1.0269824771327942,0.0082191780821917,3.5
SPXW260612C07535000,2026-06-09 15:10:06+00:00,7535.0,6.3,3.0,3.2,-2.5999994,-29.213478,195.0,393.0,0.1657798266601562,False,REGULAR,USD,2026-06-12,7332.16015625,0.0363499975204467,call,1.0276644044084466,0.0082191780821917,3.1
SPXW260612C07540000,2026-06-09 15:28:12+00:00,7540.0,2.99,2.6,2.7,-4.83,-61.76471,539.0,950.0,0.1630637893676758,False,REGULAR,USD,2026-06-12,7332.16015625,0.0363499975204467,call,1.0283463316840993,0.0082191780821917,2.6500000000000004
SPXW260612C07545000,2026-06-09 15:25:53+00:00,7545.0,3.18,2.35,2.45,-3.9199998,-55.211266,186.0,521.0,0.1629417202758789,False,REGULAR,USD,2026-06-12,7332.16015625,0.0363499975204467,call,1.029028258959752,0.0082191780821917,2.4000000000000004
SPXW260612C07550000,2026-06-09 15:29:02+00:00,7550.0,2.35,2.1,2.2,-4.05,-63.281254,965.0,2932.0,0.1625144784545898,False,REGULAR,USD,2026-06-12,7332.16015625,0.0363499975204467,call,1.0297101862354046,0.0082191780821917,2.1500000000000004
SPXW260612C07555000,2026-06-09 15:28:02+00:00,7555.0,2.2,1.9,2.05,-3.6000001,-62.068962,264.0,731.0,0.1632774102783203,False,REGULAR,USD,2026-06-12,7332.16015625,0.0363499975204467,call,1.030392113511057,0.0082191780821917,1.975
SPXW260612C07560000,2026-06-09 15:29:12+00:00,7560.0,1.78,1.7,1.8,-3.4199998,-65.769226,772.0,1842.0,0.162270340270996,False,REGULAR,USD,2026-06-12,7332.16015625,0.0363499975204467,call,1.0310740407867096,0.0082191780821917,1.75
SPXW260612C07565000,2026-06-09 15:16:06+00:00,7565.0,3.0,1.5,1.6,-1.6999998,-36.17021,643.0,462.0,0.1617210293579101,False,REGULAR,USD,2026-06-12,7332.16015625,0.0363499975204467,call,1.0317559680623622,0.0082191780821917,1.55
SPXW260612C07570000,2026-06-09 15:24:34+00:00,7570.0,2.1,1.65,1.75,-2.1,-50.0,504.0,1195.0,0.1671531039428711,False,REGULAR,USD,2026-06-12,7332.16015625,0.0363499975204467,call,1.0324378953380149,0.0082191780821917,1.7
SPXW260612C07575000,2026-06-09 15:28:47+00:00,7575.0,1.37,1.3,1.4,-2.38,-63.46667,1321.0,1907.0,0.1635520657348633,False,REGULAR,USD,2026-06-12,7332.16015625,0.0363499975204467,call,1.0331198226136675,0.0082191780821917,1.35
SPXW260612C07580000,2026-06-09 15:27:09+00:00,7580.0,1.4,1.3,1.4,-1.62,-53.642384,1060.0,1413.0,0.166298620300293,False,REGULAR,USD,2026-06-12,7332.16015625,0.0363499975204467,call,1.03380174988932,0.0082191780821917,1.35
SPXW260612C07585000,2026-06-09 15:27:40+00:00,7585.0,1.25,1.0,1.1,-1.3,-50.980392,306.0,407.0,0.162544995727539,False,REGULAR,USD,2026-06-12,7332.16015625,0.0363499975204467,call,1.0344836771649726,0.0082191780821917,1.05
SPXW260612C07590000,2026-06-09 15:27:40+00:00,7590.0,1.15,0.85,0.95,-1.17,-50.431034,537.0,1666.0,0.1615074084472656,False,REGULAR,USD,2026-06-12,7332.16015625,0.0363499975204467,call,1.0351656044406252,0.0082191780821917,0.8999999999999999
SPXW260612C07595000,2026-06-09 15:00:02+00:00,7595.0,1.18,0.95,1.0,-0.87,-42.439026,145.0,444.0,0.1653525848388672,False,REGULAR,USD,2026-06-12,7332.16015625,0.0363499975204467,call,1.035847531716278,0.0082191780821917,0.975
SPXW260612C07600000,2026-06-09 15:28:27+00:00,7600.0,0.85,0.8,0.9,-1.17,-55.714283,3533.0,6119.0,0.165322067565918,False,REGULAR,USD,2026-06-12,7332.16015625,0.0363499975204467,call,1.0365294589919305,0.0082191780821917,0.8500000000000001
SPXW260612C07605000,2026-06-09 15:27:46+00:00,7605.0,0.82,0.8,0.9,-0.95,-53.672318,164.0,429.0,0.1678855184936523,False,REGULAR,USD,2026-06-12,7332.16015625,0.0363499975204467,call,1.037211386267583,0.0082191780821917,0.8500000000000001
SPXW260612C07610000,2026-06-09 15:25:17+00:00,7610.0,0.82,0.6,0.7,-0.7,-46.05263,505.0,1114.0,0.1643760321044922,False,REGULAR,USD,2026-06-12,7332.16015625,0.0363499975204467,call,1.0378933135432356,0.0082191780821917,0.6499999999999999
SPXW260612C07615000,2026-06-09 15:23:29+00:00,7615.0,0.84,0.5,0.6,-0.53000003,-38.686134,842.0,1722.0,0.1633384448242187,False,REGULAR,USD,2026-06-12,7332.16015625,0.0363499975204467,call,1.0385752408188882,0.0082191780821917,0.55
SPXW260612C07620000,2026-06-09 15:29:17+00:00,7620.0,0.54,0.45,0.55,-0.66,-54.999996,760.0,1228.0,0.1638267211914063,False,REGULAR,USD,2026-06-12,7332.16015625,0.0363499975204467,call,1.0392571680945406,0.0082191780821917,0.5
SPXW260612C07625000,2026-06-09 15:23:49+00:00,7625.0,0.65,0.5,0.6,-0.40999997,-38.679245,1749.0,1947.0,0.1681601739501953,False,REGULAR,USD,2026-06-12,7332.16015625,0.0363499975204467,call,1.0399390953701932,0.0082191780821917,0.55
SPXW260612C07630000,2026-06-09 15:29:05+00:00,7630.0,0.45,0.4,0.5,-0.45,-46.391754,932.0,1402.0,0.1665122412109375,False,REGULAR,USD,2026-06-12,7332.16015625,0.0363499975204467,call,1.040621022645846,0.0082191780821917,0.45
SPXW260612C07635000,2026-06-09 15:27:02+00:00,7635.0,0.47,0.45,0.55,-0.29999998,-35.714283,242.0,2006.0,0.1710287976074219,False,REGULAR,USD,2026-06-12,7332.16015625,0.0363499975204467,call,1.0413029499214983,0.0082191780821917,0.5
SPXW260612C07640000,2026-06-09 15:29:24+00:00,7640.0,0.36,0.3,0.4,-0.28999996,-40.84507,664.0,3359.0,0.1665122412109375,False,REGULAR,USD,2026-06-12,7332.16015625,0.0363499975204467,call,1.041984877197151,0.0082191780821917,0.35
SPXW260612C07650000,2026-06-09 15:24:15+00:00,7650.0,0.39,0.3,0.4,-0.16000003,-29.090912,1652.0,3853.0,0.1710287976074219,False,REGULAR,USD,2026-06-12,7332.16015625,0.0363499975204467,call,1.0433487317484562,0.0082191780821917,0.35
SPXW260612C07655000,2026-06-09 15:24:02+00:00,7655.0,0.35,0.3,0.4,-0.099999994,-22.222221,80.0,557.0,0.1733481103515625,False,REGULAR,USD,2026-06-12,7332.16015625,0.0363499975204467,call,1.0440306590241089,0.0082191780821917,0.35
SPXW260612C07675000,2026-06-09 15:27:57+00:00,7675.0,0.26,0.2,0.25,-0.060000002,-18.75,1103.0,2548.0,0.1727377648925781,False,REGULAR,USD,2026-06-12,7332.16015625,0.0363499975204467,call,1.0467583681267192,0.0082191780821917,0.225
SPXW260612C07685000,2026-06-09 15:09:57+00:00,7685.0,0.25,0.15,0.2,0.0,0.0,330.0,399.0,0.172859833984375,False,REGULAR,USD,2026-06-12,7332.16015625,0.0363499975204467,call,1.0481222226780242,0.0082191780821917,0.175
SPXW260612C07690000,2026-06-09 15:17:37+00:00,7690.0,0.22,0.15,0.2,0.019999996,9.999997,236.0,619.0,0.1749350085449219,False,REGULAR,USD,2026-06-12,7332.16015625,0.0363499975204467,call,1.0488041499536769,0.0082191780821917,0.175
SPXW260612C07695000,2026-06-09 15:14:59+00:00,7695.0,0.2,0.15,0.2,0.049999997,33.33333,124.0,497.0,0.1770101831054687,False,REGULAR,USD,2026-06-12,7332.16015625,0.0363499975204467,call,1.0494860772293295,0.0082191780821917,0.175
SPXW260612C07700000,2026-06-09 15:30:06+00:00,7700.0,0.17,0.15,0.2,0.019999996,13.333329,1182.0,3729.0,0.1792074267578124,False,REGULAR,USD,2026-06-12,7332.16015625,0.0363499975204467,call,1.0501680045049822,0.0082191780821917,0.175
SPXW260615C07260000,2026-06-08 14:35:56+00:00,7260.0,206.48,114.4,115.0,0.0,0.0,1.0,53.0,0.1819310933685302,True,REGULAR,USD,2026-06-15,7332.16015625,0.0363499975204467,call,0.9901584042475544,0.0164383561643835,114.7
SPXW260615C07270000,2026-06-08 16:18:10+00:00,7270.0,199.09,107.0,114.1,0.0,0.0,3.0,9.0,0.1962513236999511,True,REGULAR,USD,2026-06-15,7332.16015625,0.0363499975204467,call,0.9915222587988596,0.0164383561643835,110.55
SPXW260615C07275000,2026-06-08 19:55:19+00:00,7275.0,158.06,103.4,103.7,0.0,0.0,14.0,79.0,0.1772161746978759,True,REGULAR,USD,2026-06-15,7332.16015625,0.0363499975204467,call,0.9922041860745124,0.0164383561643835,103.55
SPXW260615C07280000,2026-06-08 16:20:55+00:00,7280.0,192.25,104.4,104.9,0.0,0.0,2.0,2.0,0.1882405395507812,True,REGULAR,USD,2026-06-15,7332.16015625,0.0363499975204467,call,0.9928861133501647,0.0164383561643835,104.65
SPXW260615C07290000,2026-06-01 18:40:12+00:00,7290.0,339.61,94.1,94.9,0.0,0.0,2.0,3.0,0.1778913693618774,True,REGULAR,USD,2026-06-15,7332.16015625,0.0363499975204467,call,0.99424996790147,0.0164383561643835,94.5
SPXW260615C07295000,2026-06-08 15:08:15+00:00,7295.0,111.1,89.9,90.5,-78.61001,-41.436935,1.0,1.0,0.1741263008117676,True,REGULAR,USD,2026-06-15,7332.16015625,0.0363499975204467,call,0.9949318951771228,0.0164383561643835,90.2
SPXW260615C07300000,2026-06-09 14:45:49+00:00,7300.0,113.33,90.9,91.5,-26.220001,-18.788963,28.0,476.0,0.1838460522460937,True,REGULAR,USD,2026-06-15,7332.16015625,0.0363499975204467,call,0.9956138224527752,0.0164383561643835,91.2
SPXW260615C07305000,2026-06-08 15:13:37+00:00,7305.0,180.64,83.6,84.0,0.0,0.0,1.0,1.0,0.1720663848876953,True,REGULAR,USD,2026-06-15,7332.16015625,0.0363499975204467,call,0.9962957497284278,0.0164383561643835,83.8
SPXW260615C07310000,2026-06-08 16:25:22+00:00,7310.0,160.63,84.3,84.6,0.0,0.0,7.0,14.0,0.1804319323348999,True,REGULAR,USD,2026-06-15,7332.16015625,0.0363499975204467,call,0.9969776770040804,0.0164383561643835,84.44999999999999
SPXW260615C07315000,2026-06-08 14:36:02+00:00,7315.0,158.84,77.6,78.0,0.0,0.0,1.0,1.0,0.170719810218811,True,REGULAR,USD,2026-06-15,7332.16015625,0.0363499975204467,call,0.997659604279733,0.0164383561643835,77.8
SPXW260615C07320000,2026-06-08 16:31:53+00:00,7320.0,148.42,75.3,75.8,0.0,0.0,2.0,31.0,0.1718222467041015,True,REGULAR,USD,2026-06-15,7332.16015625,0.0363499975204467,call,0.9983415315553856,0.0164383561643835,75.55
SPXW260615C07325000,2026-06-09 14:26:40+00:00,7325.0,96.8,73.6,74.1,-22.699997,-18.995813,5.0,452.0,0.1740156756973266,True,REGULAR,USD,2026-06-15,7332.16015625,0.0363499975204467,call,0.9990234588310382,0.0164383561643835,73.85
SPXW260615C07330000,2026-06-09 15:07:18+00:00,7330.0,98.68,72.2,72.6,-47.060005,-32.290382,4.0,64.0,0.1765562386703491,True,REGULAR,USD,2026-06-15,7332.16015625,0.0363499975204467,call,0.9997053861066908,0.0164383561643835,72.4
SPXW260615C07335000,2026-06-08 14:47:07+00:00,7335.0,147.32,66.6,67.3,0.0,0.0,1.0,71.0,0.1695754124832153,False,REGULAR,USD,2026-06-15,7332.16015625,0.0363499975204467,call,1.000387313382343,0.0164383561643835,66.94999999999999
SPXW260615C07340000,2026-06-08 20:03:38+00:00,7340.0,96.6,63.4,64.0,-12.300003,-11.294768,1.0,61.0,0.1673896128082275,False,REGULAR,USD,2026-06-15,7332.16015625,0.0363499975204467,call,1.001069240657996,0.0164383561643835,63.7
SPXW260615C07345000,2026-06-09 15:00:24+00:00,7345.0,92.0,63.4,63.9,-32.79,-26.276144,12.0,11.0,0.1729666444396972,False,REGULAR,USD,2026-06-15,7332.16015625,0.0363499975204467,call,1.0017511679336484,0.0164383561643835,63.65
SPXW260615C07350000,2026-06-09 14:58:26+00:00,7350.0,87.5,57.9,58.3,-13.5,-13.366337,10.0,439.0,0.1647956446075439,False,REGULAR,USD,2026-06-15,7332.16015625,0.0363499975204467,call,1.002433095209301,0.0164383561643835,58.1
SPXW260615C07355000,2026-06-08 20:03:30+00:00,7355.0,97.89,58.0,58.4,0.0,0.0,12.0,16.0,0.1706053704452514,False,REGULAR,USD,2026-06-15,7332.16015625,0.0363499975204467,call,1.0031150224849537,0.0164383561643835,58.2
SPXW260615C07360000,2026-06-08 16:13:41+00:00,7360.0,70.15,53.1,53.5,-49.799995,-41.517296,3.0,95.0,0.1638267211914063,False,REGULAR,USD,2026-06-15,7332.16015625,0.0363499975204467,call,1.0037969497606063,0.0164383561643835,53.3
SPXW260615C07365000,2026-06-05 18:51:06+00:00,7365.0,71.55,53.5,53.9,-35.35,-33.068287,2.0,72.0,0.1701437966918945,False,REGULAR,USD,2026-06-15,7332.16015625,0.0363499975204467,call,1.0044788770362587,0.0164383561643835,53.7
SPXW260615C07370000,2026-06-09 14:59:45+00:00,7370.0,75.81,50.5,50.9,-44.65,-37.066246,7.0,105.0,0.1678054106521607,False,REGULAR,USD,2026-06-15,7332.16015625,0.0363499975204467,call,1.0051608043119111,0.0164383561643835,50.7
SPXW260615C07375000,2026-06-09 15:26:31+00:00,7375.0,53.04,45.9,46.3,-32.08,-37.687973,13.0,228.0,0.1612213090133666,False,REGULAR,USD,2026-06-15,7332.16015625,0.0363499975204467,call,1.005842731587564,0.0164383561643835,46.1
SPXW260615C07380000,2026-06-09 15:20:51+00:00,7380.0,64.3,45.8,46.2,-54.89,-46.05252,11.0,41.0,0.165924783706665,False,REGULAR,USD,2026-06-15,7332.16015625,0.0363499975204467,call,1.0065246588632166,0.0164383561643835,46.0
SPXW260615C07385000,2026-06-09 14:59:45+00:00,7385.0,66.61,42.1,42.6,-7.5899963,-10.229106,5.0,81.0,0.1615112231063842,False,REGULAR,USD,2026-06-15,7332.16015625,0.0363499975204467,call,1.0072065861388693,0.0164383561643835,42.35
SPXW260615C07390000,2026-06-09 15:15:21+00:00,7390.0,63.31,40.2,40.7,-20.889996,-24.80997,27.0,49.0,0.161305231513977,False,REGULAR,USD,2026-06-15,7332.16015625,0.0363499975204467,call,1.0078885134145217,0.0164383561643835,40.45
SPXW260615C07395000,2026-06-09 15:23:25+00:00,7395.0,50.2,39.5,39.8,-30.469997,-37.771164,70.0,13.0,0.1635863976669311,False,REGULAR,USD,2026-06-15,7332.16015625,0.0363499975204467,call,1.0085704406901743,0.0164383561643835,39.65
SPXW260615C07400000,2026-06-09 15:27:17+00:00,7400.0,40.0,37.0,37.4,-28.190002,-41.340374,128.0,671.0,0.1617629906082153,False,REGULAR,USD,2026-06-15,7332.16015625,0.0363499975204467,call,1.009252367965827,0.0164383561643835,37.2
SPXW260615C07405000,2026-06-09 15:06:38+00:00,7405.0,54.17,33.9,34.4,-12.43,-18.663664,33.0,68.0,0.158112361831665,False,REGULAR,USD,2026-06-15,7332.16015625,0.0363499975204467,call,1.0099342952414796,0.0164383561643835,34.15
SPXW260615C07410000,2026-06-09 15:22:02+00:00,7410.0,46.0,33.1,33.5,-16.36,-26.234766,19.0,121.0,0.159989174118042,False,REGULAR,USD,2026-06-15,7332.16015625,0.0363499975204467,call,1.010616222517132,0.0164383561643835,33.3
SPXW260615C07415000,2026-06-09 14:33:29+00:00,7415.0,44.5,29.9,30.3,-14.779999,-24.932522,29.0,74.0,0.1553352899932861,False,REGULAR,USD,2026-06-15,7332.16015625,0.0363499975204467,call,1.0112981497927849,0.0164383561643835,30.1
SPXW260615C07420000,2026-06-09 15:19:26+00:00,7420.0,41.9,28.3,29.0,-15.699997,-27.25694,38.0,126.0,0.1557854197692871,False,REGULAR,USD,2026-06-15,7332.16015625,0.0363499975204467,call,1.0119800770684373,0.0164383561643835,28.65
SPXW260615C07425000,2026-06-09 15:12:16+00:00,7425.0,44.55,27.9,28.2,-9.119999,-16.992731,58.0,686.0,0.1575477922821045,False,REGULAR,USD,2026-06-15,7332.16015625,0.0363499975204467,call,1.01266200434409,0.0164383561643835,28.05
SPXW260615C07430000,2026-06-09 15:23:38+00:00,7430.0,33.55,25.0,25.4,-17.52,-34.305855,35.0,213.0,0.1532982620239258,False,REGULAR,USD,2026-06-15,7332.16015625,0.0363499975204467,call,1.0133439316197423,0.0164383561643835,25.2
SPXW260615C07435000,2026-06-09 15:28:36+00:00,7435.0,24.8,23.5,23.8,-24.2,-49.387756,26.0,82.0,0.1523484119033814,False,REGULAR,USD,2026-06-15,7332.16015625,0.0363499975204467,call,1.014025858895395,0.0164383561643835,23.65
SPXW260615C07440000,2026-06-09 15:04:10+00:00,7440.0,29.6,23.2,23.5,-16.53,-35.833515,139.0,239.0,0.1552361088562012,False,REGULAR,USD,2026-06-15,7332.16015625,0.0363499975204467,call,1.0147077861710476,0.0164383561643835,23.35
SPXW260615C07445000,2026-06-09 15:20:06+00:00,7445.0,31.1,20.4,20.7,-14.309999,-31.512882,15.0,64.0,0.1501511682510376,False,REGULAR,USD,2026-06-15,7332.16015625,0.0363499975204467,call,1.0153897134467005,0.0164383561643835,20.55
SPXW260615C07450000,2026-06-09 15:28:06+00:00,7450.0,20.52,20.2,20.5,-20.779999,-50.31477,213.0,1388.0,0.1531456756591797,False,REGULAR,USD,2026-06-15,7332.16015625,0.0363499975204467,call,1.016071640722353,0.0164383561643835,20.35
SPXW260615C07455000,2026-06-09 15:20:43+00:00,7455.0,24.75,18.1,19.0,-15.900002,-39.11439,56.0,90.0,0.1517800276947021,False,REGULAR,USD,2026-06-15,7332.16015625,0.0363499975204467,call,1.016753567998005,0.0164383561643835,18.55
SPXW260615C07460000,2026-06-09 15:12:51+00:00,7460.0,23.15,16.9,17.5,-14.940001,-39.222893,94.0,213.0,0.1501816855239868,False,REGULAR,USD,2026-06-15,7332.16015625,0.0363499975204467,call,1.017435495273658,0.0164383561643835,17.2
SPXW260615C07465000,2026-06-09 15:26:00+00:00,7465.0,19.45,16.4,16.7,-15.549999,-44.42857,64.0,124.0,0.1508111042785644,False,REGULAR,USD,2026-06-15,7332.16015625,0.0363499975204467,call,1.0181174225493106,0.0164383561643835,16.549999999999997
SPXW260615C07470000,2026-06-09 15:20:24+00:00,7470.0,22.67,15.3,15.6,-10.070002,-30.757486,63.0,168.0,0.150223646774292,False,REGULAR,USD,2026-06-15,7332.16015625,0.0363499975204467,call,1.0187993498249632,0.0164383561643835,15.45
SPXW260615C07475000,2026-06-09 15:28:29+00:00,7475.0,14.27,10.6,13.5,-16.13,-53.059208,193.0,415.0,0.1456231678771972,False,REGULAR,USD,2026-06-15,7332.16015625,0.0363499975204467,call,1.0194812771006156,0.0164383561643835,12.05
SPXW260615C07480000,2026-06-09 15:23:38+00:00,7480.0,17.32,12.7,12.9,-12.540001,-41.995983,120.0,96.0,0.146470022201538,False,REGULAR,USD,2026-06-15,7332.16015625,0.0363499975204467,call,1.0201632043762685,0.0164383561643835,12.8
SPXW260615C07485000,2026-06-09 15:27:37+00:00,7485.0,13.12,11.4,11.7,-15.28,-53.80282,546.0,53.0,0.1447457962799072,False,REGULAR,USD,2026-06-15,7332.16015625,0.0363499975204467,call,1.020845131651921,0.0164383561643835,11.55
SPXW260615C07490000,2026-06-09 15:18:23+00:00,7490.0,18.23,11.1,11.4,-6.5699997,-26.491936,78.0,210.0,0.146569203338623,False,REGULAR,USD,2026-06-15,7332.16015625,0.0363499975204467,call,1.0215270589275736,0.0164383561643835,11.25
SPXW260615C07495000,2026-06-09 14:54:11+00:00,7495.0,16.45,10.3,10.5,-7.1099987,-30.178265,29.0,160.0,0.1457070903778076,False,REGULAR,USD,2026-06-15,7332.16015625,0.0363499975204467,call,1.022208986203226,0.0164383561643835,10.4
SPXW260615C07500000,2026-06-09 15:23:46+00:00,7500.0,12.7,9.7,9.8,-9.29,-42.246475,659.0,1849.0,0.1455316160583495,False,REGULAR,USD,2026-06-15,7332.16015625,0.0363499975204467,call,1.0228909134788786,0.0164383561643835,9.75
SPXW260615C07505000,2026-06-09 15:13:28+00:00,7505.0,15.25,9.0,9.3,-5.0699997,-24.950787,111.0,271.0,0.1461343321990966,False,REGULAR,USD,2026-06-15,7332.16015625,0.0363499975204467,call,1.0235728407545313,0.0164383561643835,9.15
SPXW260615C07510000,2026-06-09 15:26:06+00:00,7510.0,9.7,7.6,7.9,-9.590001,-49.71488,63.0,279.0,0.1421060521697998,False,REGULAR,USD,2026-06-15,7332.16015625,0.0363499975204467,call,1.024254768030184,0.0164383561643835,7.75
SPXW260615C07515000,2026-06-09 15:20:12+00:00,7515.0,11.3,6.8,7.1,-6.8,-37.56906,77.0,276.0,0.1406717403411865,False,REGULAR,USD,2026-06-15,7332.16015625,0.0363499975204467,call,1.0249366953058363,0.0164383561643835,6.949999999999999
SPXW260615C07520000,2026-06-09 15:26:02+00:00,7520.0,8.19,6.9,7.2,-8.11,-49.7546,37.0,268.0,0.1439599765014648,False,REGULAR,USD,2026-06-15,7332.16015625,0.0363499975204467,call,1.025618622581489,0.0164383561643835,7.050000000000001
SPXW260615C07525000,2026-06-09 15:27:37+00:00,7525.0,6.81,5.9,6.1,-8.99,-56.898735,129.0,1455.0,0.1404047142028808,False,REGULAR,USD,2026-06-15,7332.16015625,0.0363499975204467,call,1.0263005498571416,0.0164383561643835,6.0
SPXW260615C07530000,2026-06-09 15:24:21+00:00,7530.0,7.39,5.7,5.9,-6.2400002,-45.781364,162.0,283.0,0.1418390260314941,False,REGULAR,USD,2026-06-15,7332.16015625,0.0363499975204467,call,1.0269824771327942,0.0164383561643835,5.800000000000001
SPXW260615C07535000,2026-06-09 15:20:12+00:00,7535.0,8.0,4.7,5.0,-4.25,-34.69388,88.0,180.0,0.1386881175994873,False,REGULAR,USD,2026-06-15,7332.16015625,0.0363499975204467,call,1.0276644044084466,0.0164383561643835,4.85
SPXW260615C07540000,2026-06-09 15:25:32+00:00,7540.0,5.9,4.6,4.8,-6.3399997,-51.797382,82.0,318.0,0.1398706619262695,False,REGULAR,USD,2026-06-15,7332.16015625,0.0363499975204467,call,1.0283463316840993,0.0164383561643835,4.699999999999999
SPXW260615C07545000,2026-06-09 15:25:07+00:00,7545.0,5.4,4.1,4.5,-5.27,-49.390816,46.0,259.0,0.1402521278381348,False,REGULAR,USD,2026-06-15,7332.16015625,0.0363499975204467,call,1.029028258959752,0.0164383561643835,4.3
SPXW260615C07550000,2026-06-09 15:16:07+00:00,7550.0,6.85,3.6,3.8,-3.5899997,-34.38697,490.0,2929.0,0.1374140214538574,False,REGULAR,USD,2026-06-15,7332.16015625,0.0363499975204467,call,1.0297101862354046,0.0164383561643835,3.7
SPXW260615C07555000,2026-06-09 15:25:34+00:00,7555.0,4.4,3.4,3.6,-4.52,-50.672646,129.0,230.0,0.1381922119140625,False,REGULAR,USD,2026-06-15,7332.16015625,0.0363499975204467,call,1.030392113511057,0.0164383561643835,3.5
SPXW260615C07560000,2026-06-09 15:27:17+00:00,7560.0,3.6,3.2,3.4,-5.1,-58.62069,573.0,568.0,0.1388788505554199,False,REGULAR,USD,2026-06-15,7332.16015625,0.0363499975204467,call,1.0310740407867096,0.0164383561643835,3.3
SPXW260615C07565000,2026-06-09 15:27:37+00:00,7565.0,3.2,2.6,2.8,-4.3,-57.333336,50.0,189.0,0.1357355714416504,False,REGULAR,USD,2026-06-15,7332.16015625,0.0363499975204467,call,1.0317559680623622,0.0164383561643835,2.7
SPXW260615C07570000,2026-06-09 15:04:20+00:00,7570.0,4.55,2.6,2.75,-2.6099997,-36.45251,159.0,1640.0,0.1375208319091797,False,REGULAR,USD,2026-06-15,7332.16015625,0.0363499975204467,call,1.0324378953380149,0.0164383561643835,2.675
SPXW260615C07575000,2026-06-09 15:29:54+00:00,7575.0,2.2,2.2,2.35,-4.3900003,-66.61609,163.0,1155.0,0.1356135023498535,False,REGULAR,USD,2026-06-15,7332.16015625,0.0363499975204467,call,1.0331198226136675,0.0164383561643835,2.2750000000000004
SPXW260615C07580000,2026-06-09 15:09:15+00:00,7580.0,3.7,1.85,2.0,-1.6000001,-30.18868,324.0,1405.0,0.1337672073364257,False,REGULAR,USD,2026-06-15,7332.16015625,0.0363499975204467,call,1.03380174988932,0.0164383561643835,1.925
SPXW260615C07585000,2026-06-09 15:28:01+00:00,7585.0,2.0,1.7,1.85,-3.15,-61.165047,91.0,197.0,0.1340418627929687,False,REGULAR,USD,2026-06-15,7332.16015625,0.0363499975204467,call,1.0344836771649726,0.0164383561643835,1.775
SPXW260615C07590000,2026-06-09 15:29:14+00:00,7590.0,1.62,1.5,1.6,-2.7800002,-63.181824,133.0,197.0,0.1327906546020508,False,REGULAR,USD,2026-06-15,7332.16015625,0.0363499975204467,call,1.0351656044406252,0.0164383561643835,1.55
SPXW260615C07595000,2026-06-09 15:19:35+00:00,7595.0,2.52,1.35,1.5,-1.28,-33.68421,42.0,262.0,0.1334162586975097,False,REGULAR,USD,2026-06-15,7332.16015625,0.0363499975204467,call,1.035847531716278,0.0164383561643835,1.425
SPXW260615C07600000,2026-06-09 15:18:29+00:00,7600.0,2.45,1.4,1.5,-1.1499999,-31.94444,1589.0,3708.0,0.135476174621582,False,REGULAR,USD,2026-06-15,7332.16015625,0.0363499975204467,call,1.0365294589919305,0.0164383561643835,1.45
SPXW260615C07605000,2026-06-09 15:28:06+00:00,7605.0,1.35,1.1,1.2,-1.65,-55.0,434.0,2125.0,0.1326380682373047,False,REGULAR,USD,2026-06-15,7332.16015625,0.0363499975204467,call,1.037211386267583,0.0164383561643835,1.15
SPXW260615C07610000,2026-06-09 15:05:38+00:00,7610.0,1.65,1.0,1.15,-1.4499999,-46.774197,114.0,250.0,0.1337366900634765,False,REGULAR,USD,2026-06-15,7332.16015625,0.0363499975204467,call,1.0378933135432356,0.0164383561643835,1.075
SPXW260615C07615000,2026-06-09 15:23:10+00:00,7615.0,1.53,1.1,1.15,-0.81999993,-34.893616,92.0,233.0,0.1357203128051758,False,REGULAR,USD,2026-06-15,7332.16015625,0.0363499975204467,call,1.0385752408188882,0.0164383561643835,1.125
SPXW260615C07620000,2026-06-09 15:23:42+00:00,7620.0,1.25,0.95,1.05,-1.0999999,-46.80851,163.0,263.0,0.1358118646240234,False,REGULAR,USD,2026-06-15,7332.16015625,0.0363499975204467,call,1.0392571680945406,0.0164383561643835,1.0
SPXW260615C07625000,2026-06-09 15:25:08+00:00,7625.0,1.05,0.65,0.8,-1.0,-48.780487,96.0,694.0,0.1323328955078125,False,REGULAR,USD,2026-06-15,7332.16015625,0.0363499975204467,call,1.0399390953701932,0.0164383561643835,0.7250000000000001
SPXW260615C07630000,2026-06-09 15:23:10+00:00,7630.0,1.0,0.65,0.75,-0.79999995,-44.444443,255.0,355.0,0.1330042755126953,False,REGULAR,USD,2026-06-15,7332.16015625,0.0363499975204467,call,1.040621022645846,0.0164383561643835,0.7
SPXW260615C07635000,2026-06-09 15:22:42+00:00,7635.0,0.95,0.65,0.75,-0.7,-42.424244,42.0,266.0,0.1348658291625977,False,REGULAR,USD,2026-06-15,7332.16015625,0.0363499975204467,call,1.0413029499214983,0.0164383561643835,0.7
SPXW260615C07640000,2026-06-09 15:14:48+00:00,7640.0,1.1,0.55,0.65,-0.29999995,-21.42857,243.0,353.0,0.1340418627929687,False,REGULAR,USD,2026-06-15,7332.16015625,0.0363499975204467,call,1.041984877197151,0.0164383561643835,0.6000000000000001
SPXW260615C07645000,2026-06-09 14:57:48+00:00,7645.0,0.85,0.5,0.6,-0.39999998,-31.999996,19.0,334.0,0.1344080700683594,False,REGULAR,USD,2026-06-15,7332.16015625,0.0363499975204467,call,1.0426668044728036,0.0164383561643835,0.55
SPXW260615C07650000,2026-06-09 15:22:33+00:00,7650.0,0.7,0.45,0.55,-0.45,-39.130436,209.0,1147.0,0.1346522082519531,False,REGULAR,USD,2026-06-15,7332.16015625,0.0363499975204467,call,1.0433487317484562,0.0164383561643835,0.5
SPXW260615C07675000,2026-06-09 14:52:21+00:00,7675.0,0.4,0.3,0.4,-0.15,-27.272728,18.0,790.0,0.1379480737304687,False,REGULAR,USD,2026-06-15,7332.16015625,0.0363499975204467,call,1.0467583681267192,0.0164383561643835,0.35
SPXW260615C07695000,2026-06-09 13:45:24+00:00,7695.0,0.66,0.2,0.25,0.41000003,164.00002,33.0,243.0,0.1370935900878906,False,REGULAR,USD,2026-06-15,7332.16015625,0.0363499975204467,call,1.0494860772293295,0.0164383561643835,0.225
SPXW260615C07705000,2026-06-09 15:10:05+00:00,7705.0,0.25,0.2,0.25,0.049999997,24.999998,55.0,241.0,0.1403894555664062,False,REGULAR,USD,2026-06-15,7332.16015625,0.0363499975204467,call,1.0508499317806346,0.0164383561643835,0.225
SPXW260615C07710000,2026-06-09 15:02:53+00:00,7710.0,0.19,0.2,0.25,-0.060000002,-24.0,23.0,228.0,0.1420984228515625,False,REGULAR,USD,2026-06-15,7332.16015625,0.0363499975204467,call,1.0515318590562872,0.0164383561643835,0.225
SPXW260615C07715000,2026-06-09 14:55:22+00:00,7715.0,0.27,0.15,0.2,0.07000001,35.000004,199.0,282.0,0.1402673864746093,False,REGULAR,USD,2026-06-15,7332.16015625,0.0363499975204467,call,1.0522137863319398,0.0164383561643835,0.175
SPXW260615C07725000,2026-06-09 14:00:11+00:00,7725.0,0.18,0.15,0.2,0.080000006,80.00001,37.0,362.0,0.1434411828613281,False,REGULAR,USD,2026-06-15,7332.16015625,0.0363499975204467,call,1.053577640883245,0.0164383561643835,0.175
SPXW260615C07730000,2026-06-09 15:08:38+00:00,7730.0,0.12,0.15,0.2,0.019999996,19.999994,2.0,167.0,0.1450280810546875,False,REGULAR,USD,2026-06-15,7332.16015625,0.0363499975204467,call,1.0542595681588975,0.0164383561643835,0.175
SPXW260616C07260000,2026-06-05 16:03:21+00:00,7260.0,175.84,120.3,121.1,-68.79001,-28.120022,1.0,2.0,0.1853719158935546,True,REGULAR,USD,2026-06-16,7332.16015625,0.0363499975204467,call,0.9901584042475544,0.0191780821917808,120.7
SPXW260616C07265000,2026-06-05 14:40:54+00:00,7265.0,266.66,116.8,117.4,0.0,0.0,1.0,1.0,0.1840329705429076,True,REGULAR,USD,2026-06-16,7332.16015625,0.0363499975204467,call,0.990840331523207,0.0191780821917808,117.1
SPXW260616C07270000,2026-06-09 14:08:18+00:00,7270.0,203.76,106.7,118.9,35.059998,20.782454,2.0,9.0,0.1952328097152709,True,REGULAR,USD,2026-06-16,7332.16015625,0.0363499975204467,call,0.9915222587988596,0.0191780821917808,112.8
SPXW260616C07275000,2026-06-09 13:47:55+00:00,7275.0,216.22,109.7,110.4,53.009995,32.47962,2.0,8.0,0.1820379038238525,True,REGULAR,USD,2026-06-16,7332.16015625,0.0363499975204467,call,0.9922041860745124,0.0191780821917808,110.05
SPXW260616C07280000,2026-06-09 14:43:22+00:00,7280.0,164.35,111.2,111.6,-6.349991,-3.7199712,5.0,7.0,0.1921543798065186,True,REGULAR,USD,2026-06-16,7332.16015625,0.0363499975204467,call,0.9928861133501647,0.0191780821917808,111.4
SPXW260616C07290000,2026-06-09 15:18:34+00:00,7290.0,131.95,99.6,100.5,-173.50002,-56.801445,2.0,2.0,0.1797033324432373,True,REGULAR,USD,2026-06-16,7332.16015625,0.0363499975204467,call,0.99424996790147,0.0191780821917808,100.05
SPXW260616C07300000,2026-06-05 18:10:01+00:00,7300.0,129.84,97.0,97.5,-52.67,-28.858694,9.0,19.0,0.1860509252166748,True,REGULAR,USD,2026-06-16,7332.16015625,0.0363499975204467,call,0.9956138224527752,0.0191780821917808,97.25
SPXW260616C07310000,2026-06-09 14:15:53+00:00,7310.0,148.37,86.4,87.2,-155.64001,-51.19569,2.0,3.0,0.1748320127487182,True,REGULAR,USD,2026-06-16,7332.16015625,0.0363499975204467,call,0.9969776770040804,0.0191780821917808,86.80000000000001
SPXW260616C07315000,2026-06-09 15:07:18+00:00,7315.0,115.29,83.8,84.3,-26.159996,-18.494165,2.0,16.0,0.1743246630859375,True,REGULAR,USD,2026-06-16,7332.16015625,0.0363499975204467,call,0.997659604279733,0.0191780821917808,84.05
SPXW260616C07320000,2026-06-09 14:57:17+00:00,7320.0,107.77,84.0,84.4,-49.409996,-31.435295,3.0,5.0,0.1806417385864258,True,REGULAR,USD,2026-06-16,7332.16015625,0.0363499975204467,call,0.9983415315553856,0.0191780821917808,84.2
SPXW260616C07325000,2026-06-05 19:27:33+00:00,7325.0,144.73,79.2,83.2,10.529999,7.846497,3.0,32.0,0.1838155349731445,True,REGULAR,USD,2026-06-16,7332.16015625,0.0363499975204467,call,0.9990234588310382,0.0191780821917808,81.2
SPXW260616C07330000,2026-06-09 15:26:15+00:00,7330.0,86.72,77.9,78.4,-58.630005,-40.33712,4.0,6.0,0.1785474907302856,True,REGULAR,USD,2026-06-16,7332.16015625,0.0363499975204467,call,0.9997053861066908,0.0191780821917808,78.15
SPXW260616C07335000,2026-06-09 14:42:05+00:00,7335.0,125.68,68.9,74.2,-12.519997,-9.059332,7.0,1.0,0.1745535426330566,False,REGULAR,USD,2026-06-16,7332.16015625,0.0363499975204467,call,1.000387313382343,0.0191780821917808,71.55000000000001
SPXW260616C07340000,2026-06-09 15:00:30+00:00,7340.0,101.68,69.3,69.7,-11.669998,-10.295543,64.0,6.0,0.169743257484436,False,REGULAR,USD,2026-06-16,7332.16015625,0.0363499975204467,call,1.001069240657996,0.0191780821917808,69.5
SPXW260616C07350000,2026-06-09 15:19:36+00:00,7350.0,88.21,67.6,68.0,-28.489998,-24.413023,65.0,127.0,0.1766325318527221,False,REGULAR,USD,2026-06-16,7332.16015625,0.0363499975204467,call,1.002433095209301,0.0191780821917808,67.8
SPXW260616C07355000,2026-06-09 14:05:40+00:00,7355.0,132.91,65.2,65.7,-3.3300018,-2.4442174,1.0,1.0,0.1765486093521118,False,REGULAR,USD,2026-06-16,7332.16015625,0.0363499975204467,call,1.0031150224849537,0.0191780821917808,65.45
SPXW260616C07360000,2026-06-09 15:26:15+00:00,7360.0,68.84,61.5,61.9,-171.03,-71.301125,26.0,14.0,0.172848390007019,False,REGULAR,USD,2026-06-16,7332.16015625,0.0363499975204467,call,1.0037969497606063,0.0191780821917808,61.7
SPXW260616C07365000,2026-06-09 14:13:54+00:00,7365.0,108.6,57.7,60.4,1.2999954,1.211552,1.0,10.0,0.1743780683135986,False,REGULAR,USD,2026-06-16,7332.16015625,0.0363499975204467,call,1.0044788770362587,0.0191780821917808,59.05
SPXW260616C07370000,2026-06-09 14:42:09+00:00,7370.0,100.9,55.8,56.4,-71.799995,-41.57498,4.0,24.0,0.1699263611221314,False,REGULAR,USD,2026-06-16,7332.16015625,0.0363499975204467,call,1.0051608043119111,0.0191780821917808,56.1
SPXW260616C07375000,2026-06-09 15:10:35+00:00,7375.0,81.25,51.6,52.4,-19.449997,-19.314795,22.0,55.0,0.1652953649520874,False,REGULAR,USD,2026-06-16,7332.16015625,0.0363499975204467,call,1.005842731587564,0.0191780821917808,52.0
SPXW260616C07380000,2026-06-09 15:27:56+00:00,7380.0,54.7,50.5,51.0,-55.7,-50.452896,20.0,102.0,0.1666762715530396,False,REGULAR,USD,2026-06-16,7332.16015625,0.0363499975204467,call,1.0065246588632166,0.0191780821917808,50.75
SPXW260616C07385000,2026-06-09 15:16:24+00:00,7385.0,69.0,47.1,47.5,-15.919998,-18.747053,145.0,6.0,0.1629035736846924,False,REGULAR,USD,2026-06-16,7332.16015625,0.0363499975204467,call,1.0072065861388693,0.0191780821917808,47.3
SPXW260616C07390000,2026-06-09 15:26:15+00:00,7390.0,53.01,48.1,48.5,-26.420002,-33.261993,23.0,70.0,0.1698386239624023,False,REGULAR,USD,2026-06-16,7332.16015625,0.0363499975204467,call,1.0078885134145217,0.0191780821917808,48.3
SPXW260616C07395000,2026-06-09 15:00:51+00:00,7395.0,67.4,44.7,45.0,-23.07,-25.500166,4.0,25.0,0.1657836413192749,False,REGULAR,USD,2026-06-16,7332.16015625,0.0363499975204467,call,1.0085704406901743,0.0191780821917808,44.85
SPXW260616C07400000,2026-06-09 15:22:43+00:00,7400.0,54.02,40.1,40.8,-21.399998,-28.374434,74.0,301.0,0.1597793678665161,False,REGULAR,USD,2026-06-16,7332.16015625,0.0363499975204467,call,1.009252367965827,0.0191780821917808,40.45
SPXW260616C07405000,2026-06-09 14:43:16+00:00,7405.0,74.6,40.3,40.7,-26.270004,-26.043427,14.0,1.0,0.1637695013046264,False,REGULAR,USD,2026-06-16,7332.16015625,0.0363499975204467,call,1.0099342952414796,0.0191780821917808,40.5
SPXW260616C07410000,2026-06-09 15:20:57+00:00,7410.0,53.3,37.7,38.2,-16.500004,-23.638973,73.0,94.0,0.1616485508346557,False,REGULAR,USD,2026-06-16,7332.16015625,0.0363499975204467,call,1.010616222517132,0.0191780821917808,37.95
SPXW260616C07415000,2026-06-09 15:21:44+00:00,7415.0,50.1,34.7,35.3,-27.0,-35.019455,33.0,7.0,0.158310724105835,False,REGULAR,USD,2026-06-16,7332.16015625,0.0363499975204467,call,1.0112981497927849,0.0191780821917808,35.0
SPXW260616C07420000,2026-06-09 15:21:55+00:00,7420.0,47.9,34.4,34.8,-13.329998,-21.77037,17.0,124.0,0.1610038734436035,False,REGULAR,USD,2026-06-16,7332.16015625,0.0363499975204467,call,1.0119800770684373,0.0191780821917808,34.599999999999994
SPXW260616C07425000,2026-06-09 15:28:20+00:00,7425.0,33.4,32.7,33.0,-25.059998,-42.866913,115.0,120.0,0.1602066096878052,False,REGULAR,USD,2026-06-16,7332.16015625,0.0363499975204467,call,1.01266200434409,0.0191780821917808,32.85
SPXW260616C07430000,2026-06-09 14:33:11+00:00,7430.0,65.4,28.4,30.4,11.25,20.775623,61.0,114.0,0.1570976625061035,False,REGULAR,USD,2026-06-16,7332.16015625,0.0363499975204467,call,1.0133439316197423,0.0191780821917808,29.4
SPXW260616C07435000,2026-06-09 14:52:42+00:00,7435.0,42.7,29.5,29.8,-19.32,-31.151241,25.0,19.0,0.1592262422943115,False,REGULAR,USD,2026-06-16,7332.16015625,0.0363499975204467,call,1.014025858895395,0.0191780821917808,29.65
SPXW260616C07440000,2026-06-09 15:27:58+00:00,7440.0,29.0,25.9,26.3,-21.52,-42.596992,140.0,59.0,0.1531952662277221,False,REGULAR,USD,2026-06-16,7332.16015625,0.0363499975204467,call,1.0147077861710476,0.0191780821917808,26.1
SPXW260616C07445000,2026-06-09 15:24:52+00:00,7445.0,31.64,25.9,26.2,-18.43,-36.808468,44.0,17.0,0.1565063903427124,False,REGULAR,USD,2026-06-16,7332.16015625,0.0363499975204467,call,1.0153897134467005,0.0191780821917808,26.05
SPXW260616C07450000,2026-06-09 15:25:51+00:00,7450.0,28.81,25.9,26.3,-19.53,-40.401325,149.0,626.0,0.1603553813934326,False,REGULAR,USD,2026-06-16,7332.16015625,0.0363499975204467,call,1.016071640722353,0.0191780821917808,26.1
SPXW260616C07455000,2026-06-09 15:17:00+00:00,7455.0,28.1,21.5,22.2,-25.949999,-48.0111,122.0,14.0,0.1517952863311767,False,REGULAR,USD,2026-06-16,7332.16015625,0.0363499975204467,call,1.016753567998005,0.0191780821917808,21.85
SPXW260616C07460000,2026-06-09 15:16:46+00:00,7460.0,32.0,21.5,21.7,-10.810001,-25.251112,73.0,111.0,0.1536644692993164,False,REGULAR,USD,2026-06-16,7332.16015625,0.0363499975204467,call,1.017435495273658,0.0191780821917808,21.6
SPXW260616C07465000,2026-06-09 15:22:36+00:00,7465.0,27.0,18.7,19.3,-12.799999,-32.1608,48.0,39.0,0.1495026762008667,False,REGULAR,USD,2026-06-16,7332.16015625,0.0363499975204467,call,1.0181174225493106,0.0191780821917808,19.0
SPXW260616C07470000,2026-06-09 15:09:37+00:00,7470.0,30.89,18.6,18.9,-11.48,-27.094643,30.0,32.0,0.1514672256469726,False,REGULAR,USD,2026-06-16,7332.16015625,0.0363499975204467,call,1.0187993498249632,0.0191780821917808,18.75
SPXW260616C07475000,2026-06-09 15:28:14+00:00,7475.0,18.1,16.4,17.1,-18.960001,-51.160282,117.0,86.0,0.1487359297180175,False,REGULAR,USD,2026-06-16,7332.16015625,0.0363499975204467,call,1.0194812771006156,0.0191780821917808,16.75
SPXW260616C07480000,2026-06-09 15:28:14+00:00,7480.0,16.8,16.5,16.8,-17.86,-51.52914,208.0,43.0,0.150849250869751,False,REGULAR,USD,2026-06-16,7332.16015625,0.0363499975204467,call,1.0201632043762685,0.0191780821917808,16.65
SPXW260616C07485000,2026-06-09 14:17:25+00:00,7485.0,36.0,14.5,14.8,4.209999,13.243155,79.0,7.0,0.1469354106140136,False,REGULAR,USD,2026-06-16,7332.16015625,0.0363499975204467,call,1.020845131651921,0.0191780821917808,14.65
SPXW260616C07490000,2026-06-09 15:25:51+00:00,7490.0,17.15,14.3,14.8,-11.15,-39.399296,32.0,30.0,0.149948991317749,False,REGULAR,USD,2026-06-16,7332.16015625,0.0363499975204467,call,1.0215270589275736,0.0191780821917808,14.55
SPXW260616C07495000,2026-06-09 15:20:32+00:00,7495.0,20.2,12.5,12.9,-6.3499985,-23.917133,20.0,7.0,0.1458291594696044,False,REGULAR,USD,2026-06-16,7332.16015625,0.0363499975204467,call,1.022208986203226,0.0191780821917808,12.7
SPXW260616C07500000,2026-06-09 15:22:05+00:00,7500.0,17.7,12.0,12.3,-8.23,-31.739296,180.0,477.0,0.146393729019165,False,REGULAR,USD,2026-06-16,7332.16015625,0.0363499975204467,call,1.0228909134788786,0.0191780821917808,12.15
SPXW260616C07505000,2026-06-09 15:17:43+00:00,7505.0,17.09,10.5,11.0,-7.17,-29.554823,15.0,21.0,0.1439752351379394,False,REGULAR,USD,2026-06-16,7332.16015625,0.0363499975204467,call,1.0235728407545313,0.0191780821917808,10.75
SPXW260616C07510000,2026-06-09 15:26:06+00:00,7510.0,12.46,11.1,11.3,-9.740001,-43.873875,51.0,135.0,0.1480111444854736,False,REGULAR,USD,2026-06-16,7332.16015625,0.0363499975204467,call,1.024254768030184,0.0191780821917808,11.2
SPXW260616C07515000,2026-06-09 15:13:11+00:00,7515.0,15.99,9.6,9.9,-4.8099995,-23.124998,35.0,55.0,0.1447839428710937,False,REGULAR,USD,2026-06-16,7332.16015625,0.0363499975204467,call,1.0249366953058363,0.0191780821917808,9.75
SPXW260616C07520000,2026-06-09 15:22:47+00:00,7520.0,12.35,8.9,9.2,-8.42,-40.539238,64.0,103.0,0.1443185544586181,False,REGULAR,USD,2026-06-16,7332.16015625,0.0363499975204467,call,1.025618622581489,0.0191780821917808,9.05
SPXW260616C07525000,2026-06-09 15:09:29+00:00,7525.0,14.01,8.4,8.7,-4.1399994,-22.809914,49.0,155.0,0.1446313565063476,False,REGULAR,USD,2026-06-16,7332.16015625,0.0363499975204467,call,1.0263005498571416,0.0191780821917808,8.55
SPXW260616C07530000,2026-06-09 15:22:09+00:00,7530.0,11.0,7.0,7.3,-5.299999,-32.515335,69.0,99.0,0.1402826451110839,False,REGULAR,USD,2026-06-16,7332.16015625,0.0363499975204467,call,1.0269824771327942,0.0191780821917808,7.15
SPXW260616C07535000,2026-06-09 15:17:21+00:00,7535.0,10.85,6.4,6.7,-5.539999,-33.80109,57.0,35.0,0.1396112651062012,False,REGULAR,USD,2026-06-16,7332.16015625,0.0363499975204467,call,1.0276644044084466,0.0191780821917808,6.550000000000001
SPXW260616C07540000,2026-06-09 15:12:59+00:00,7540.0,10.7,5.9,6.1,-4.88,-31.322208,46.0,123.0,0.1387262641906738,False,REGULAR,USD,2026-06-16,7332.16015625,0.0363499975204467,call,1.0283463316840993,0.0191780821917808,6.0
SPXW260616C07545000,2026-06-09 14:15:46+00:00,7545.0,14.03,5.8,6.1,-7.170001,-33.82076,28.0,27.0,0.1411676460266113,False,REGULAR,USD,2026-06-16,7332.16015625,0.0363499975204467,call,1.029028258959752,0.0191780821917808,5.949999999999999
SPXW260616C07550000,2026-06-09 15:30:01+00:00,7550.0,5.17,5.0,5.4,-7.74,-59.630203,163.0,275.0,0.1393671269226074,False,REGULAR,USD,2026-06-16,7332.16015625,0.0363499975204467,call,1.0297101862354046,0.0191780821917808,5.2
SPXW260616C07555000,2026-06-09 15:25:35+00:00,7555.0,6.1,4.8,5.0,-5.4,-46.95652,190.0,113.0,0.1391840232849121,False,REGULAR,USD,2026-06-16,7332.16015625,0.0363499975204467,call,1.030392113511057,0.0191780821917808,4.9
SPXW260616C07560000,2026-06-09 15:22:47+00:00,7560.0,5.9,4.1,4.4,-5.1,-46.363636,392.0,220.0,0.137429280090332,False,REGULAR,USD,2026-06-16,7332.16015625,0.0363499975204467,call,1.0310740407867096,0.0191780821917808,4.25
SPXW260616C07565000,2026-06-09 15:01:13+00:00,7565.0,5.2,4.0,4.2,-4.41,-45.889698,140.0,53.0,0.1382685050964355,False,REGULAR,USD,2026-06-16,7332.16015625,0.0363499975204467,call,1.0317559680623622,0.0191780821917808,4.1
SPXW260616C07570000,2026-06-09 15:00:52+00:00,7570.0,6.65,3.6,3.8,-2.65,-28.494623,64.0,138.0,0.1375055732727051,False,REGULAR,USD,2026-06-16,7332.16015625,0.0363499975204467,call,1.0324378953380149,0.0191780821917808,3.7
SPXW260616C07575000,2026-06-09 15:23:00+00:00,7575.0,4.86,3.4,3.7,-3.1299996,-39.173965,85.0,192.0,0.1389398851013183,False,REGULAR,USD,2026-06-16,7332.16015625,0.0363499975204467,call,1.0331198226136675,0.0191780821917808,3.55
SPXW260616C07580000,2026-06-09 15:27:09+00:00,7580.0,3.43,3.0,3.2,-4.4700003,-56.58228,96.0,143.0,0.1369562623596191,False,REGULAR,USD,2026-06-16,7332.16015625,0.0363499975204467,call,1.03380174988932,0.0191780821917808,3.1
SPXW260616C07585000,2026-06-09 14:53:16+00:00,7585.0,4.5,2.85,3.0,-2.19,-32.735424,89.0,73.0,0.1373224696350098,False,REGULAR,USD,2026-06-16,7332.16015625,0.0363499975204467,call,1.0344836771649726,0.0191780821917808,2.925
SPXW260616C07590000,2026-06-09 14:10:22+00:00,7590.0,7.42,2.6,2.75,0.8699999,13.28244,131.0,287.0,0.1370935900878906,False,REGULAR,USD,2026-06-16,7332.16015625,0.0363499975204467,call,1.0351656044406252,0.0191780821917808,2.675
SPXW260616C07595000,2026-06-09 14:53:16+00:00,7595.0,3.65,2.1,2.4,-2.4499998,-40.163933,91.0,84.0,0.1356287609863281,False,REGULAR,USD,2026-06-16,7332.16015625,0.0363499975204467,call,1.035847531716278,0.0191780821917808,2.25
SPXW260616C07600000,2026-06-09 15:27:39+00:00,7600.0,2.35,2.25,2.45,-2.5700002,-52.23578,183.0,524.0,0.1382074705505371,False,REGULAR,USD,2026-06-16,7332.16015625,0.0363499975204467,call,1.0365294589919305,0.0191780821917808,2.35
SPXW260616C07605000,2026-06-09 15:23:00+00:00,7605.0,2.77,1.7,1.9,-1.73,-38.444443,147.0,116.0,0.133950310974121,False,REGULAR,USD,2026-06-16,7332.16015625,0.0363499975204467,call,1.037211386267583,0.0191780821917808,1.7999999999999998
SPXW260616C07610000,2026-06-09 15:07:14+00:00,7610.0,2.75,1.7,1.85,-1.3000002,-32.098766,41.0,142.0,0.1353083296203613,False,REGULAR,USD,2026-06-16,7332.16015625,0.0363499975204467,call,1.0378933135432356,0.0191780821917808,1.775
SPXW260616C07615000,2026-06-09 15:17:09+00:00,7615.0,2.58,1.6,1.75,-2.2200003,-46.250004,117.0,221.0,0.1359644509887695,False,REGULAR,USD,2026-06-16,7332.16015625,0.0363499975204467,call,1.0385752408188882,0.0191780821917808,1.675
SPXW260616C07620000,2026-06-09 15:19:58+00:00,7620.0,2.21,1.35,1.6,-0.88999987,-28.709673,30.0,166.0,0.1358423818969726,False,REGULAR,USD,2026-06-16,7332.16015625,0.0363499975204467,call,1.0392571680945406,0.0191780821917808,1.475
SPXW260616C07625000,2026-06-09 14:19:30+00:00,7625.0,2.3,1.3,1.5,-0.6200001,-21.23288,52.0,180.0,0.1363001409912109,False,REGULAR,USD,2026-06-16,7332.16015625,0.0363499975204467,call,1.0399390953701932,0.0191780821917808,1.4
SPXW260616C07630000,2026-06-09 14:00:51+00:00,7630.0,2.5,1.1,1.25,-0.20000005,-7.4074087,26.0,62.0,0.134224966430664,False,REGULAR,USD,2026-06-16,7332.16015625,0.0363499975204467,call,1.040621022645846,0.0191780821917808,1.175
SPXW260616C07635000,2026-06-09 15:17:10+00:00,7635.0,1.75,0.95,1.1,-0.3499999,-16.666664,27.0,119.0,0.1334315173339843,False,REGULAR,USD,2026-06-16,7332.16015625,0.0363499975204467,call,1.0413029499214983,0.0191780821917808,1.025
SPXW260616C07640000,2026-06-09 13:50:27+00:00,7640.0,1.23,0.8,1.0,-1.75,-58.72483,32.0,274.0,0.1333094482421875,False,REGULAR,USD,2026-06-16,7332.16015625,0.0363499975204467,call,1.041984877197151,0.0191780821917808,0.9
SPXW260616C07645000,2026-06-09 14:26:56+00:00,7645.0,2.55,0.9,1.1,0.9,54.545456,3.0,84.0,0.1370630728149414,False,REGULAR,USD,2026-06-16,7332.16015625,0.0363499975204467,call,1.0426668044728036,0.0191780821917808,1.0
SPXW260616C07650000,2026-06-09 15:26:35+00:00,7650.0,0.95,0.7,0.85,-1.2,-55.813953,132.0,800.0,0.1337366900634765,False,REGULAR,USD,2026-06-16,7332.16015625,0.0363499975204467,call,1.0433487317484562,0.0191780821917808,0.7749999999999999
SPXW260616C07655000,2026-06-09 14:10:22+00:00,7655.0,2.12,0.7,0.85,0.7499999,54.744514,55.0,144.0,0.135476174621582,False,REGULAR,USD,2026-06-16,7332.16015625,0.0363499975204467,call,1.0440306590241089,0.0191780821917808,0.7749999999999999
SPXW260616C07660000,2026-06-09 15:19:21+00:00,7660.0,0.97,0.55,0.7,-0.9499999,-49.479164,54.0,151.0,0.1335535864257812,False,REGULAR,USD,2026-06-16,7332.16015625,0.0363499975204467,call,1.0447125862997613,0.0191780821917808,0.625
SPXW260616C07680000,2026-06-09 13:32:56+00:00,7680.0,2.52,0.45,0.55,1.72,215.00002,4.0,89.0,0.1359949682617187,False,REGULAR,USD,2026-06-16,7332.16015625,0.0363499975204467,call,1.0474402954023718,0.0191780821917808,0.5
SPXW260616C07685000,2026-06-08 19:14:35+00:00,7685.0,0.9,0.35,0.45,0.0,0.0,52.0,60.0,0.134224966430664,False,REGULAR,USD,2026-06-16,7332.16015625,0.0363499975204467,call,1.0481222226780242,0.0191780821917808,0.4
SPXW260616C07700000,2026-06-09 15:25:34+00:00,7700.0,0.4,0.3,0.4,-0.15,-27.272728,106.0,583.0,0.1370935900878906,False,REGULAR,USD,2026-06-16,7332.16015625,0.0363499975204467,call,1.0501680045049822,0.0191780821917808,0.35
SPXW260616C07755000,2026-06-09 14:51:39+00:00,7755.0,0.15,0.15,0.2,-0.099999994,-39.999996,7.0,66.0,0.1429529064941406,False,REGULAR,USD,2026-06-16,7332.16015625,0.0363499975204467,call,1.0576692045371603,0.0191780821917808,0.175
SPXW260617C07260000,2026-06-09 15:10:35+00:00,7260.0,173.7,132.2,134.5,-44.070007,-20.236952,2.0,9.0,0.2057536395645141,True,REGULAR,USD,2026-06-17,7332.16015625,0.0363499975204467,call,0.9901584042475544,0.021917808219178,133.35
SPXW260617C07270000,2026-06-09 13:40:11+00:00,7270.0,209.16,124.9,125.6,-10.300003,-4.6933393,1.0,43.0,0.199314494972229,True,REGULAR,USD,2026-06-17,7332.16015625,0.0363499975204467,call,0.9915222587988596,0.021917808219178,125.25
SPXW260617C07275000,2026-05-19 18:43:05+00:00,7275.0,201.58,118.6,120.8,0.0,0.0,1.0,14.0,0.1952175510787963,True,REGULAR,USD,2026-06-17,7332.16015625,0.0363499975204467,call,0.9922041860745124,0.021917808219178,119.7
SPXW260617C07280000,2026-06-05 17:12:54+00:00,7280.0,209.16,117.9,118.6,0.0,0.0,1.0,14.0,0.1969074450683593,True,REGULAR,USD,2026-06-17,7332.16015625,0.0363499975204467,call,0.9928861133501647,0.021917808219178,118.25
SPXW260617C07290000,2026-06-05 17:12:54+00:00,7290.0,200.98,109.4,110.4,0.0,0.0,32.0,124.0,0.1914982584381103,True,REGULAR,USD,2026-06-17,7332.16015625,0.0363499975204467,call,0.99424996790147,0.021917808219178,109.9
SPXW260617C07295000,2026-06-09 13:32:50+00:00,7295.0,187.61,105.8,111.0,31.309998,20.031988,1.0,6.0,0.1990818007659912,True,REGULAR,USD,2026-06-17,7332.16015625,0.0363499975204467,call,0.9949318951771228,0.021917808219178,108.4
SPXW260617C07300000,2026-06-09 14:18:34+00:00,7300.0,155.07,103.5,104.2,3.130005,2.060027,5.0,22.0,0.1902012743377686,True,REGULAR,USD,2026-06-17,7332.16015625,0.0363499975204467,call,0.9956138224527752,0.021917808219178,103.85
SPXW260617C07310000,2026-06-05 20:11:56+00:00,7310.0,130.5,96.0,96.9,0.0,0.0,4.0,7.0,0.1861119597625732,True,REGULAR,USD,2026-06-17,7332.16015625,0.0363499975204467,call,0.9969776770040804,0.021917808219178,96.45
SPXW260617C07315000,2026-06-05 13:48:39+00:00,7315.0,225.61,95.8,96.6,0.0,0.0,1.0,1.0,0.1912617495727539,True,REGULAR,USD,2026-06-17,7332.16015625,0.0363499975204467,call,0.997659604279733,0.021917808219178,96.2
SPXW260617C07320000,2026-06-08 19:19:50+00:00,7320.0,138.0,91.1,93.1,0.0,0.0,8.0,16.0,0.1893010147857666,True,REGULAR,USD,2026-06-17,7332.16015625,0.0363499975204467,call,0.9983415315553856,0.021917808219178,92.1
SPXW260617C07325000,2026-06-08 13:35:03+00:00,7325.0,157.28,87.4,88.3,0.0,0.0,2.0,16.0,0.1844182511138915,True,REGULAR,USD,2026-06-17,7332.16015625,0.0363499975204467,call,0.9990234588310382,0.021917808219178,87.85
SPXW260617C07330000,2026-06-09 15:27:47+00:00,7330.0,90.1,84.9,85.6,-50.000008,-35.6888,3.0,10.0,0.1840138972473144,True,REGULAR,USD,2026-06-17,7332.16015625,0.0363499975204467,call,0.9997053861066908,0.021917808219178,85.25
SPXW260617C07335000,2026-06-08 15:59:12+00:00,7335.0,150.34,83.8,84.4,0.0,0.0,6.0,6.0,0.1867757104492187,False,REGULAR,USD,2026-06-17,7332.16015625,0.0363499975204467,call,1.000387313382343,0.021917808219178,84.1
SPXW260617C07340000,2026-06-09 15:27:47+00:00,7340.0,84.15,77.9,78.6,-51.71,-38.06124,2.0,78.0,0.1794172330093383,False,REGULAR,USD,2026-06-17,7332.16015625,0.0363499975204467,call,1.001069240657996,0.021917808219178,78.25
SPXW260617C07350000,2026-06-09 15:19:36+00:00,7350.0,97.03,72.9,73.6,-20.970001,-17.771187,3.0,58.0,0.1787572969818115,False,REGULAR,USD,2026-06-17,7332.16015625,0.0363499975204467,call,1.002433095209301,0.021917808219178,73.25
SPXW260617C07355000,2026-06-08 12:57:23+00:00,7355.0,146.0,73.4,74.0,0.0,0.0,3.0,3.0,0.1846089840698241,False,REGULAR,USD,2026-06-17,7332.16015625,0.0363499975204467,call,1.0031150224849537,0.021917808219178,73.7
SPXW260617C07360000,2026-06-08 17:11:53+00:00,7360.0,91.38,67.2,68.1,-25.480003,-21.80387,2.0,229.0,0.1765714973068237,False,REGULAR,USD,2026-06-17,7332.16015625,0.0363499975204467,call,1.0037969497606063,0.021917808219178,67.65
SPXW260617C07365000,2026-06-09 11:25:56+00:00,7365.0,121.29,68.3,69.1,-2.3600006,-1.9086134,3.0,2.0,0.1835599528121947,False,REGULAR,USD,2026-06-17,7332.16015625,0.0363499975204467,call,1.0044788770362587,0.021917808219178,68.69999999999999
SPXW260617C07370000,2026-06-08 17:54:02+00:00,7370.0,116.36,65.0,65.6,0.0,0.0,2.0,45.0,0.1805578160858154,False,REGULAR,USD,2026-06-17,7332.16015625,0.0363499975204467,call,1.0051608043119111,0.021917808219178,65.3
SPXW260617C07375000,2026-06-09 15:17:19+00:00,7375.0,81.93,62.5,63.4,-25.760002,-23.920515,6.0,511.0,0.1803136779022217,False,REGULAR,USD,2026-06-17,7332.16015625,0.0363499975204467,call,1.005842731587564,0.021917808219178,62.95
SPXW260617C07380000,2026-06-09 14:39:31+00:00,7380.0,81.41,60.5,61.1,-24.339996,-23.016544,91.0,40.0,0.1797376643753052,False,REGULAR,USD,2026-06-17,7332.16015625,0.0363499975204467,call,1.0065246588632166,0.021917808219178,60.8
SPXW260617C07385000,2026-06-08 13:31:15+00:00,7385.0,128.55,51.5,61.2,0.0,0.0,2.0,26.0,0.1844258804321288,False,REGULAR,USD,2026-06-17,7332.16015625,0.0363499975204467,call,1.0072065861388693,0.021917808219178,56.35
SPXW260617C07390000,2026-06-08 19:15:09+00:00,7390.0,90.3,54.9,55.7,0.69000244,0.77000606,3.0,70.0,0.1764456135559082,False,REGULAR,USD,2026-06-17,7332.16015625,0.0363499975204467,call,1.0078885134145217,0.021917808219178,55.3
SPXW260617C07395000,2026-06-09 15:10:35+00:00,7395.0,78.0,51.4,52.1,-32.129997,-29.17461,6.0,10.0,0.1725622905731201,False,REGULAR,USD,2026-06-17,7332.16015625,0.0363499975204467,call,1.0085704406901743,0.021917808219178,51.75
SPXW260617C07400000,2026-06-09 15:22:43+00:00,7400.0,62.71,50.8,51.3,-19.760002,-23.96023,16.0,447.0,0.1749311938858032,False,REGULAR,USD,2026-06-17,7332.16015625,0.0363499975204467,call,1.009252367965827,0.021917808219178,51.05
SPXW260617C07405000,2026-06-08 18:14:51+00:00,7405.0,90.8,48.6,49.2,0.0,0.0,8.0,33.0,0.1742254819488525,False,REGULAR,USD,2026-06-17,7332.16015625,0.0363499975204467,call,1.0099342952414796,0.021917808219178,48.900000000000006
SPXW260617C07410000,2026-06-09 03:37:05+00:00,7410.0,84.3,44.2,44.9,5.100006,6.439402,12.0,85.0,0.168251725769043,False,REGULAR,USD,2026-06-17,7332.16015625,0.0363499975204467,call,1.010616222517132,0.021917808219178,44.55
SPXW260617C07415000,2026-06-09 15:23:10+00:00,7415.0,56.7,42.9,43.6,-25.3,-30.853659,3.0,20.0,0.169140541343689,False,REGULAR,USD,2026-06-17,7332.16015625,0.0363499975204467,call,1.0112981497927849,0.021917808219178,43.25
SPXW260617C07420000,2026-06-08 19:29:35+00:00,7420.0,74.65,41.9,42.5,4.239998,6.0218687,2.0,22.0,0.1704184521484375,False,REGULAR,USD,2026-06-17,7332.16015625,0.0363499975204467,call,1.0119800770684373,0.021917808219178,42.2
SPXW260617C07425000,2026-06-09 15:26:39+00:00,7425.0,44.0,38.4,38.9,-23.64,-34.949734,40.0,731.0,0.1655547617721557,False,REGULAR,USD,2026-06-17,7332.16015625,0.0363499975204467,call,1.01266200434409,0.021917808219178,38.65
SPXW260617C07430000,2026-06-09 14:45:12+00:00,7430.0,62.38,37.1,37.8,-5.5200005,-8.129603,7.0,120.0,0.1666037930297852,False,REGULAR,USD,2026-06-17,7332.16015625,0.0363499975204467,call,1.0133439316197423,0.021917808219178,37.45
SPXW260617C07435000,2026-06-09 14:56:12+00:00,7435.0,51.9,38.4,39.1,-18.549995,-26.330725,18.0,7.0,0.1735045113754272,False,REGULAR,USD,2026-06-17,7332.16015625,0.0363499975204467,call,1.014025858895395,0.021917808219178,38.75
SPXW260617C07440000,2026-06-09 14:01:59+00:00,7440.0,83.06,34.2,34.8,22.609997,37.40281,15.0,42.0,0.1664206893920898,False,REGULAR,USD,2026-06-17,7332.16015625,0.0363499975204467,call,1.0147077861710476,0.021917808219178,34.5
SPXW260617C07445000,2026-06-09 15:27:57+00:00,7445.0,35.3,31.4,31.8,-22.600002,-39.032818,2.0,5.0,0.162293228225708,False,REGULAR,USD,2026-06-17,7332.16015625,0.0363499975204467,call,1.0153897134467005,0.021917808219178,31.6
SPXW260617C07450000,2026-06-09 15:25:00+00:00,7450.0,37.1,29.7,30.2,-16.850002,-31.232626,85.0,868.0,0.1615837016296386,False,REGULAR,USD,2026-06-17,7332.16015625,0.0363499975204467,call,1.016071640722353,0.021917808219178,29.95
SPXW260617C07455000,2026-06-09 15:27:57+00:00,7455.0,31.8,28.2,28.6,-26.93,-45.85391,1.0,42.0,0.1607330326461792,False,REGULAR,USD,2026-06-17,7332.16015625,0.0363499975204467,call,1.016753567998005,0.021917808219178,28.4
SPXW260617C07460000,2026-06-09 15:28:22+00:00,7460.0,28.7,27.7,28.4,-22.189999,-43.603848,30.0,80.0,0.163544436416626,False,REGULAR,USD,2026-06-17,7332.16015625,0.0363499975204467,call,1.017435495273658,0.021917808219178,28.05
SPXW260617C07465000,2026-06-09 14:39:52+00:00,7465.0,33.5,25.3,25.9,-41.550003,-55.363094,5.0,15.0,0.159977730140686,False,REGULAR,USD,2026-06-17,7332.16015625,0.0363499975204467,call,1.0181174225493106,0.021917808219178,25.6
SPXW260617C07470000,2026-06-09 15:27:57+00:00,7470.0,27.0,25.1,25.7,-20.2,-42.79661,49.0,184.0,0.16265562084198,False,REGULAR,USD,2026-06-17,7332.16015625,0.0363499975204467,call,1.0187993498249632,0.021917808219178,25.4
SPXW260617C07475000,2026-06-09 14:27:05+00:00,7475.0,50.15,22.6,23.6,7.75,18.278301,6.0,92.0,0.1598442170715331,False,REGULAR,USD,2026-06-17,7332.16015625,0.0363499975204467,call,1.0194812771006156,0.021917808219178,23.1
SPXW260617C07480000,2026-06-09 14:12:36+00:00,7480.0,51.52,21.4,22.0,0.8199997,1.6173564,12.0,134.0,0.1582649481964111,False,REGULAR,USD,2026-06-17,7332.16015625,0.0363499975204467,call,1.0201632043762685,0.021917808219178,21.7
SPXW260617C07485000,2026-06-09 14:57:17+00:00,7485.0,30.05,19.7,20.2,-10.860001,-26.546078,3.0,12.0,0.1558769715881348,False,REGULAR,USD,2026-06-17,7332.16015625,0.0363499975204467,call,1.020845131651921,0.021917808219178,19.95
SPXW260617C07490000,2026-06-09 15:22:02+00:00,7490.0,27.5,18.5,19.3,-10.099998,-26.8617,8.0,66.0,0.156071519203186,False,REGULAR,USD,2026-06-17,7332.16015625,0.0363499975204467,call,1.0215270589275736,0.021917808219178,18.9
SPXW260617C07495000,2026-06-09 15:20:04+00:00,7495.0,26.41,18.6,19.2,-9.790001,-27.0442,11.0,2869.0,0.1587150779724121,False,REGULAR,USD,2026-06-17,7332.16015625,0.0363499975204467,call,1.022208986203226,0.021917808219178,18.9
SPXW260617C07500000,2026-06-09 15:17:11+00:00,7500.0,26.12,16.6,17.0,-8.780001,-25.157595,70.0,732.0,0.1544769916915893,False,REGULAR,USD,2026-06-17,7332.16015625,0.0363499975204467,call,1.0228909134788786,0.021917808219178,16.8
SPXW260617C07505000,2026-06-08 15:29:26+00:00,7505.0,48.75,16.1,16.6,0.0,0.0,83.0,132.0,0.155983782043457,False,REGULAR,USD,2026-06-17,7332.16015625,0.0363499975204467,call,1.0235728407545313,0.021917808219178,16.35
SPXW260617C07510000,2026-06-09 14:09:42+00:00,7510.0,42.35,15.0,15.3,11.349998,36.6129,10.0,86.0,0.154316776008606,False,REGULAR,USD,2026-06-17,7332.16015625,0.0363499975204467,call,1.024254768030184,0.021917808219178,15.15
SPXW260617C07515000,2026-06-09 14:02:28+00:00,7515.0,18.8,14.0,14.3,-10.700001,-36.27119,13.0,66.0,0.153504253616333,False,REGULAR,USD,2026-06-17,7332.16015625,0.0363499975204467,call,1.0249366953058363,0.021917808219178,14.15
SPXW260617C07520000,2026-06-09 15:29:06+00:00,7520.0,13.07,12.6,12.9,-14.300001,-52.24699,49.0,115.0,0.1510094665527344,False,REGULAR,USD,2026-06-17,7332.16015625,0.0363499975204467,call,1.025618622581489,0.021917808219178,12.75
SPXW260617C07525000,2026-06-09 15:07:47+00:00,7525.0,16.0,11.6,12.2,-9.02,-36.051163,46.0,254.0,0.1509560613250733,False,REGULAR,USD,2026-06-17,7332.16015625,0.0363499975204467,call,1.0263005498571416,0.021917808219178,11.9
SPXW260617C07530000,2026-06-09 14:30:34+00:00,7530.0,25.85,10.9,11.4,1.5900002,6.553999,18.0,67.0,0.1503762331390381,False,REGULAR,USD,2026-06-17,7332.16015625,0.0363499975204467,call,1.0269824771327942,0.021917808219178,11.15
SPXW260617C07535000,2026-06-09 14:08:47+00:00,7535.0,16.5,10.7,11.2,-6.120001,-27.055704,27.0,48.0,0.1521309763336182,False,REGULAR,USD,2026-06-17,7332.16015625,0.0363499975204467,call,1.0276644044084466,0.021917808219178,10.95
SPXW260617C07540000,2026-06-09 14:37:10+00:00,7540.0,23.9,9.9,10.3,1.9499989,8.883821,13.0,87.0,0.1508721388244629,False,REGULAR,USD,2026-06-17,7332.16015625,0.0363499975204467,call,1.0283463316840993,0.021917808219178,10.1
SPXW260617C07545000,2026-06-08 19:59:31+00:00,7545.0,28.96,8.7,9.1,9.389999,47.9816,2.0,142.0,0.1480340324401856,False,REGULAR,USD,2026-06-17,7332.16015625,0.0363499975204467,call,1.029028258959752,0.021917808219178,8.899999999999999
SPXW260617C07550000,2026-06-09 15:08:21+00:00,7550.0,12.23,8.6,9.0,-6.0699997,-33.1694,30.0,729.0,0.1500100258636475,False,REGULAR,USD,2026-06-17,7332.16015625,0.0363499975204467,call,1.0297101862354046,0.021917808219178,8.8
SPXW260617C07555000,2026-06-09 14:36:30+00:00,7555.0,19.3,7.4,7.8,2.2699986,13.32941,16.0,302.0,0.1466378672027587,False,REGULAR,USD,2026-06-17,7332.16015625,0.0363499975204467,call,1.030392113511057,0.021917808219178,7.6
SPXW260617C07560000,2026-06-09 15:17:20+00:00,7560.0,11.18,6.9,7.4,-4.62,-29.240505,8.0,335.0,0.1469582985687255,False,REGULAR,USD,2026-06-17,7332.16015625,0.0363499975204467,call,1.0310740407867096,0.021917808219178,7.15
SPXW260617C07565000,2026-06-09 15:24:49+00:00,7565.0,8.55,6.5,6.9,-6.21,-42.07317,4.0,88.0,0.146645496520996,False,REGULAR,USD,2026-06-17,7332.16015625,0.0363499975204467,call,1.0317559680623622,0.021917808219178,6.7
SPXW260617C07570000,2026-06-09 15:29:06+00:00,7570.0,6.17,5.8,6.2,-11.719999,-65.51145,6.0,270.0,0.1450357103729248,False,REGULAR,USD,2026-06-17,7332.16015625,0.0363499975204467,call,1.0324378953380149,0.021917808219178,6.0
SPXW260617C07575000,2026-06-09 15:19:58+00:00,7575.0,8.85,5.5,6.0,-3.6799994,-29.369509,16.0,671.0,0.1461267028808593,False,REGULAR,USD,2026-06-17,7332.16015625,0.0363499975204467,call,1.0331198226136675,0.021917808219178,5.75
SPXW260617C07580000,2026-06-09 14:41:19+00:00,7580.0,13.72,4.9,5.3,-5.329999,-27.978998,22.0,76.0,0.1440820455932617,False,REGULAR,USD,2026-06-17,7332.16015625,0.0363499975204467,call,1.03380174988932,0.021917808219178,5.1
SPXW260617C07585000,2026-06-09 15:06:42+00:00,7585.0,8.05,4.6,5.1,-3.0500002,-27.47748,3.0,154.0,0.1449823051452636,False,REGULAR,USD,2026-06-17,7332.16015625,0.0363499975204467,call,1.0344836771649726,0.021917808219178,4.85
SPXW260617C07590000,2026-06-09 15:05:09+00:00,7590.0,5.9,4.5,4.8,-4.2400002,-41.814598,54.0,2906.0,0.1451348915100098,False,REGULAR,USD,2026-06-17,7332.16015625,0.0363499975204467,call,1.0351656044406252,0.021917808219178,4.65
SPXW260617C07595000,2026-06-09 01:02:11+00:00,7595.0,6.3,4.0,4.4,-2.7600002,-30.463577,6.0,138.0,0.1444787701416015,False,REGULAR,USD,2026-06-17,7332.16015625,0.0363499975204467,call,1.035847531716278,0.021917808219178,4.2
SPXW260617C07600000,2026-06-09 15:25:48+00:00,7600.0,4.8,4.1,4.4,-3.6999998,-43.529408,95.0,387.0,0.1465844619750976,False,REGULAR,USD,2026-06-17,7332.16015625,0.0363499975204467,call,1.0365294589919305,0.021917808219178,4.25
SPXW260617C07605000,2026-06-09 15:05:09+00:00,7605.0,6.16,3.3,3.6,-4.66,-43.068394,11.0,627.0,0.1425561819458007,False,REGULAR,USD,2026-06-17,7332.16015625,0.0363499975204467,call,1.037211386267583,0.021917808219178,3.45
SPXW260617C07610000,2026-06-09 15:18:05+00:00,7610.0,5.21,3.0,3.3,-4.4799995,-46.233227,47.0,695.0,0.1420679055786132,False,REGULAR,USD,2026-06-17,7332.16015625,0.0363499975204467,call,1.0378933135432356,0.021917808219178,3.15
SPXW260617C07615000,2026-06-09 14:53:29+00:00,7615.0,4.66,2.7,3.1,-2.3400002,-33.428574,12.0,57.0,0.1422967851257324,False,REGULAR,USD,2026-06-17,7332.16015625,0.0363499975204467,call,1.0385752408188882,0.021917808219178,2.9000000000000004
SPXW260617C07620000,2026-06-09 15:09:57+00:00,7620.0,4.9,2.55,2.85,-1.1999998,-19.672129,66.0,54.0,0.141961095123291,False,REGULAR,USD,2026-06-17,7332.16015625,0.0363499975204467,call,1.0392571680945406,0.021917808219178,2.7
SPXW260617C07625000,2026-06-09 15:29:27+00:00,7625.0,2.39,2.25,2.7,-3.14,-56.781193,620.0,581.0,0.1424341128540039,False,REGULAR,USD,2026-06-17,7332.16015625,0.0363499975204467,call,1.0399390953701932,0.021917808219178,2.475
SPXW260617C07630000,2026-06-09 14:51:31+00:00,7630.0,3.5,2.3,2.55,-1.5999999,-31.372547,14.0,161.0,0.1428460960388183,False,REGULAR,USD,2026-06-17,7332.16015625,0.0363499975204467,call,1.040621022645846,0.021917808219178,2.425
SPXW260617C07635000,2026-06-09 14:08:36+00:00,7635.0,7.8,2.05,2.25,2.6000004,50.000008,10.0,51.0,0.1415185946655273,False,REGULAR,USD,2026-06-17,7332.16015625,0.0363499975204467,call,1.0413029499214983,0.021917808219178,2.15
SPXW260617C07640000,2026-06-09 15:29:27+00:00,7640.0,1.84,1.7,2.0,-2.5499997,-53.797466,591.0,67.0,0.1404657487487793,False,REGULAR,USD,2026-06-17,7332.16015625,0.0363499975204467,call,1.041984877197151,0.021917808219178,1.85
SPXW260617C07645000,2026-06-09 15:18:05+00:00,7645.0,2.86,1.7,1.9,-0.9000001,-23.936172,1.0,53.0,0.141060835571289,False,REGULAR,USD,2026-06-17,7332.16015625,0.0363499975204467,call,1.0426668044728036,0.021917808219178,1.7999999999999998
SPXW260617C07650000,2026-06-09 15:12:51+00:00,7650.0,2.75,1.45,1.7,-1.0899999,-28.385416,15.0,301.0,0.1402368692016601,False,REGULAR,USD,2026-06-17,7332.16015625,0.0363499975204467,call,1.0433487317484562,0.021917808219178,1.575
SPXW260617C07655000,2026-06-08 18:58:52+00:00,7655.0,2.25,1.45,1.6,-2.15,-48.86364,1.0,35.0,0.14063359375,False,REGULAR,USD,2026-06-17,7332.16015625,0.0363499975204467,call,1.0440306590241089,0.021917808219178,1.525
SPXW260617C07660000,2026-06-09 14:47:47+00:00,7660.0,2.38,1.2,1.45,-0.54999995,-18.77133,12.0,147.0,0.1401758346557617,False,REGULAR,USD,2026-06-17,7332.16015625,0.0363499975204467,call,1.0447125862997613,0.021917808219178,1.325
SPXW260617C07665000,2026-06-08 19:18:15+00:00,7665.0,1.81,1.15,1.35,-1.22,-40.264027,4.0,67.0,0.140358938293457,False,REGULAR,USD,2026-06-17,7332.16015625,0.0363499975204467,call,1.045394513575414,0.021917808219178,1.25
SPXW260617C07670000,2026-06-09 14:47:47+00:00,7670.0,1.84,1.15,1.3,-0.7399999,-28.682169,15.0,67.0,0.1412439392089844,False,REGULAR,USD,2026-06-17,7332.16015625,0.0363499975204467,call,1.0460764408510663,0.021917808219178,1.225
SPXW260617C07675000,2026-06-09 14:25:47+00:00,7675.0,3.05,1.1,1.25,0.8699999,39.90825,55.0,264.0,0.1421289401245117,False,REGULAR,USD,2026-06-17,7332.16015625,0.0363499975204467,call,1.0467583681267192,0.021917808219178,1.175
SPXW260617C07680000,2026-06-09 15:19:43+00:00,7680.0,1.5,1.05,1.2,-0.5,-25.0,20.0,226.0,0.1429529064941406,False,REGULAR,USD,2026-06-17,7332.16015625,0.0363499975204467,call,1.0474402954023718,0.021917808219178,1.125
SPXW260617C07685000,2026-06-09 14:44:14+00:00,7685.0,2.0,0.95,1.15,-0.3499999,-14.893615,1.0,102.0,0.1437158383178711,False,REGULAR,USD,2026-06-17,7332.16015625,0.0363499975204467,call,1.0481222226780242,0.021917808219178,1.0499999999999998
SPXW260617C07690000,2026-06-09 14:43:02+00:00,7690.0,2.05,0.9,1.05,-0.10000014,-4.6511693,2.0,102.0,0.1434717001342773,False,REGULAR,USD,2026-06-17,7332.16015625,0.0363499975204467,call,1.0488041499536769,0.021917808219178,0.975
SPXW260617C07695000,2026-06-08 18:58:53+00:00,7695.0,1.9,0.7,0.9,0.0,0.0,10.0,17.0,0.1419763537597656,False,REGULAR,USD,2026-06-17,7332.16015625,0.0363499975204467,call,1.0494860772293295,0.021917808219178,0.8
SPXW260617C07700000,2026-06-09 15:03:52+00:00,7700.0,1.0,0.7,0.9,-0.75,-42.857143,49.0,506.0,0.1436242864990234,False,REGULAR,USD,2026-06-17,7332.16015625,0.0363499975204467,call,1.0501680045049822,0.021917808219178,0.8
SPXW260617C07705000,2026-06-09 14:13:30+00:00,7705.0,1.7,0.65,0.85,0.1500001,9.677425,2.0,70.0,0.1440820455932617,False,REGULAR,USD,2026-06-17,7332.16015625,0.0363499975204467,call,1.0508499317806346,0.021917808219178,0.75
SPXW260617C07710000,2026-06-09 14:55:07+00:00,7710.0,0.8,0.6,0.75,-0.65000004,-44.827583,546.0,1530.0,0.1432580792236328,False,REGULAR,USD,2026-06-17,7332.16015625,0.0363499975204467,call,1.0515318590562872,0.021917808219178,0.675
SPX260618C07260000,2026-06-08 17:23:10+00:00,7260.0,199.54,138.3,139.7,0.0,0.0,1.0,901.0,0.2063945022964477,True,REGULAR,USD,2026-06-18,7332.16015625,0.0363499975204467,call,0.9901584042475544,0.0246575342465753,139.0
SPX260618C07270000,2026-06-08 15:39:55+00:00,7270.0,197.82,126.1,127.3,-18.039993,-8.357265,1.0,3578.0,0.1926617294692993,True,REGULAR,USD,2026-06-18,7332.16015625,0.0363499975204467,call,0.9915222587988596,0.0246575342465753,126.7
SPX260618C07275000,2026-06-08 18:16:27+00:00,7275.0,194.71,122.8,124.0,0.0,0.0,15.0,5445.0,0.1919674615097046,True,REGULAR,USD,2026-06-18,7332.16015625,0.0363499975204467,call,0.9922041860745124,0.0246575342465753,123.4
SPXW260618C07280000,2026-06-09 15:28:03+00:00,7280.0,126.31,123.0,124.2,-51.070007,-28.7913,2.0,76.0,0.1986278563308715,True,REGULAR,USD,2026-06-18,7332.16015625,0.0363499975204467,call,0.9928861133501647,0.0246575342465753,123.6
SPXW260618C07285000,2026-06-08 13:32:00+00:00,7285.0,209.97,120.2,120.8,0.0,0.0,1.0,18.0,0.197525419845581,True,REGULAR,USD,2026-06-18,7332.16015625,0.0363499975204467,call,0.9935680406258176,0.0246575342465753,120.5
SPXW260618C07290000,2026-06-08 17:18:22+00:00,7290.0,199.95,115.8,116.2,22.649994,12.774955,2.0,145.0,0.193817571182251,True,REGULAR,USD,2026-06-18,7332.16015625,0.0363499975204467,call,0.99424996790147,0.0246575342465753,116.0
SPXW260618C07295000,2026-06-01 19:05:09+00:00,7295.0,345.72,112.5,113.1,0.0,0.0,2.0,127.0,0.1931995964050293,True,REGULAR,USD,2026-06-18,7332.16015625,0.0363499975204467,call,0.9949318951771228,0.0246575342465753,112.8
SPXW260618C07300000,2026-06-09 15:28:31+00:00,7300.0,114.39,110.4,111.1,-48.089996,-29.597486,21.0,1130.0,0.1947941239166259,True,REGULAR,USD,2026-06-18,7332.16015625,0.0363499975204467,call,0.9956138224527752,0.0246575342465753,110.75
SPX260618C07305000,2026-06-08 14:14:07+00:00,7305.0,176.2,104.8,106.1,0.0,0.0,7.0,96.0,0.1900410586547852,True,REGULAR,USD,2026-06-18,7332.16015625,0.0363499975204467,call,0.9962957497284278,0.0246575342465753,105.45
SPX260618C07310000,2026-06-05 17:02:21+00:00,7310.0,193.88,103.8,104.8,0.0,0.0,4.0,421.0,0.1929134969711303,True,REGULAR,USD,2026-06-18,7332.16015625,0.0363499975204467,call,0.9969776770040804,0.0246575342465753,104.3
SPX260618C07315000,2026-06-05 19:57:45+00:00,7315.0,152.7,105.6,106.7,0.0,0.0,14.0,81.0,0.202320446357727,True,REGULAR,USD,2026-06-18,7332.16015625,0.0363499975204467,call,0.997659604279733,0.0246575342465753,106.15
SPXW260618C07320000,2026-06-09 15:27:25+00:00,7320.0,106.05,100.8,101.4,-42.5,-28.609896,15.0,246.0,0.1967052681350707,True,REGULAR,USD,2026-06-18,7332.16015625,0.0363499975204467,call,0.9983415315553856,0.0246575342465753,101.1
SPX260618C07325000,2026-06-08 19:23:19+00:00,7325.0,141.28,95.5,96.8,4.169998,3.0413523,2.0,3207.0,0.1924633671951294,True,REGULAR,USD,2026-06-18,7332.16015625,0.0363499975204467,call,0.9990234588310382,0.0246575342465753,96.15
SPX260618C07330000,2026-06-08 17:54:51+00:00,7330.0,150.73,88.2,89.4,0.0,0.0,5.0,2592.0,0.1823583351898193,True,REGULAR,USD,2026-06-18,7332.16015625,0.0363499975204467,call,0.9997053861066908,0.0246575342465753,88.80000000000001
SPXW260618C07335000,2026-06-09 15:28:45+00:00,7335.0,91.7,88.5,89.5,-69.90001,-43.254955,3.0,42.0,0.1876607113647461,False,REGULAR,USD,2026-06-18,7332.16015625,0.0363499975204467,call,1.000387313382343,0.0246575342465753,89.0
SPXW260618C07340000,2026-06-09 15:29:27+00:00,7340.0,83.58,85.5,86.1,-48.58,-36.758472,8.0,263.0,0.185642756690979,False,REGULAR,USD,2026-06-18,7332.16015625,0.0363499975204467,call,1.001069240657996,0.0246575342465753,85.8
SPX260618C07345000,2026-06-08 17:19:35+00:00,7345.0,132.38,79.9,80.8,0.0,0.0,3.0,846.0,0.1796041513061523,False,REGULAR,USD,2026-06-18,7332.16015625,0.0363499975204467,call,1.0017511679336484,0.0246575342465753,80.35
SPX260618C07350000,2026-06-09 14:37:08+00:00,7350.0,128.8,77.4,78.6,7.350006,6.0518785,29.0,11124.0,0.1798749921035766,False,REGULAR,USD,2026-06-18,7332.16015625,0.0363499975204467,call,1.002433095209301,0.0246575342465753,78.0
SPX260618C07355000,2026-06-09 10:06:55+00:00,7355.0,98.92,75.3,76.4,-57.020004,-36.56535,5.0,1126.0,0.1800542810821533,False,REGULAR,USD,2026-06-18,7332.16015625,0.0363499975204467,call,1.0031150224849537,0.0246575342465753,75.85
SPX260618C07360000,2026-06-09 15:24:29+00:00,7360.0,86.84,72.2,73.4,-25.620003,-22.781435,3.0,3124.0,0.1784750122070312,False,REGULAR,USD,2026-06-18,7332.16015625,0.0363499975204467,call,1.0037969497606063,0.0246575342465753,72.80000000000001
SPX260618C07365000,2026-06-09 00:15:01+00:00,7365.0,96.5,69.9,71.3,-14.849998,-13.336326,161.0,5648.0,0.1786695598220825,False,REGULAR,USD,2026-06-18,7332.16015625,0.0363499975204467,call,1.0044788770362587,0.0246575342465753,70.6
SPX260618C07370000,2026-06-09 14:56:44+00:00,7370.0,88.5,70.1,71.3,-35.42,-28.582954,5.0,7213.0,0.1831632282638549,False,REGULAR,USD,2026-06-18,7332.16015625,0.0363499975204467,call,1.0051608043119111,0.0246575342465753,70.69999999999999
SPX260618C07375000,2026-06-09 15:08:12+00:00,7375.0,91.1,64.7,65.8,-26.590004,-22.593258,18.0,13623.0,0.1760488890075683,False,REGULAR,USD,2026-06-18,7332.16015625,0.0363499975204467,call,1.005842731587564,0.0246575342465753,65.25
SPX260618C07380000,2026-06-09 15:29:17+00:00,7380.0,63.17,62.2,63.2,-44.03,-41.07276,38.0,4327.0,0.1748968619537353,False,REGULAR,USD,2026-06-18,7332.16015625,0.0363499975204467,call,1.0065246588632166,0.0246575342465753,62.7
SPX260618C07385000,2026-06-09 15:24:15+00:00,7385.0,81.0,59.5,60.6,-25.57,-23.99362,275.0,3693.0,0.1736342097854614,False,REGULAR,USD,2026-06-18,7332.16015625,0.0363499975204467,call,1.0072065861388693,0.0246575342465753,60.05
SPX260618C07390000,2026-06-09 15:12:45+00:00,7390.0,81.97,59.7,60.9,-12.43,-13.167373,90.0,6017.0,0.1784483095932006,False,REGULAR,USD,2026-06-18,7332.16015625,0.0363499975204467,call,1.0078885134145217,0.0246575342465753,60.3
SPXW260618C07395000,2026-06-09 15:01:23+00:00,7395.0,82.47,57.2,57.8,-47.559998,-36.576176,10.0,42.0,0.1759306345748901,False,REGULAR,USD,2026-06-18,7332.16015625,0.0363499975204467,call,1.0085704406901743,0.0246575342465753,57.5
SPX260618C07400000,2026-06-09 15:25:47+00:00,7400.0,61.6,54.8,55.8,-28.29,-31.4718,679.0,61068.0,0.1756597937774658,False,REGULAR,USD,2026-06-18,7332.16015625,0.0363499975204467,call,1.009252367965827,0.0246575342465753,55.3
SPXW260618C07405000,2026-06-09 15:18:17+00:00,7405.0,74.0,55.2,56.0,-14.550003,-16.431396,136.0,306.0,0.1800733543777465,False,REGULAR,USD,2026-06-18,7332.16015625,0.0363499975204467,call,1.0099342952414796,0.0246575342465753,55.6
SPXW260618C07410000,2026-06-09 15:17:49+00:00,7410.0,69.4,55.1,55.6,-16.07,-18.801918,21.0,439.0,0.1831365256500244,False,REGULAR,USD,2026-06-18,7332.16015625,0.0363499975204467,call,1.010616222517132,0.0246575342465753,55.35
SPXW260618C07415000,2026-06-09 14:22:30+00:00,7415.0,85.7,48.6,49.1,1.5,1.7814728,6.0,170.0,0.1726881743240356,False,REGULAR,USD,2026-06-18,7332.16015625,0.0363499975204467,call,1.0112981497927849,0.0246575342465753,48.85
SPXW260618C07420000,2026-06-09 15:24:39+00:00,7420.0,57.08,47.5,48.2,-22.54,-28.30947,99.0,231.0,0.1744543614959717,False,REGULAR,USD,2026-06-18,7332.16015625,0.0363499975204467,call,1.0119800770684373,0.0246575342465753,47.85
SPX260618C07425000,2026-06-09 15:25:57+00:00,7425.0,50.1,41.9,42.9,-24.79,-33.101883,306.0,7569.0,0.1661841805267334,False,REGULAR,USD,2026-06-18,7332.16015625,0.0363499975204467,call,1.01266200434409,0.0246575342465753,42.4
SPXW260618C07430000,2026-06-09 15:14:56+00:00,7430.0,63.94,43.6,44.3,-10.259998,-13.827492,16.0,266.0,0.1730047910308838,False,REGULAR,USD,2026-06-18,7332.16015625,0.0363499975204467,call,1.0133439316197423,0.0246575342465753,43.95
SPXW260618C07435000,2026-06-09 15:17:21+00:00,7435.0,56.9,40.7,41.1,-12.349998,-17.833933,25.0,162.0,0.1692130198669433,False,REGULAR,USD,2026-06-18,7332.16015625,0.0363499975204467,call,1.014025858895395,0.0246575342465753,40.900000000000006
SPXW260618C07440000,2026-06-09 15:25:48+00:00,7440.0,46.44,42.3,42.9,-22.640003,-32.773598,80.0,260.0,0.1769262606048584,False,REGULAR,USD,2026-06-18,7332.16015625,0.0363499975204467,call,1.0147077861710476,0.0246575342465753,42.6
SPX260618C07445000,2026-06-09 13:30:57+00:00,7445.0,49.0,35.0,35.9,-16.5,-25.19084,34.0,5791.0,0.1638724971008301,False,REGULAR,USD,2026-06-18,7332.16015625,0.0363499975204467,call,1.0153897134467005,0.0246575342465753,35.45
SPXW260618C07450000,2026-06-09 15:29:30+00:00,7450.0,35.17,34.9,35.4,-26.830002,-43.274197,282.0,1007.0,0.1660315941619873,False,REGULAR,USD,2026-06-18,7332.16015625,0.0363499975204467,call,1.016071640722353,0.0246575342465753,35.15
SPXW260618C07455000,2026-06-09 14:56:39+00:00,7455.0,48.1,36.1,36.8,-12.700001,-20.88816,36.0,202.0,0.1727759114837646,False,REGULAR,USD,2026-06-18,7332.16015625,0.0363499975204467,call,1.016753567998005,0.0246575342465753,36.45
SPXW260618C07460000,2026-06-09 15:16:45+00:00,7460.0,43.03,31.8,32.3,-13.760002,-24.229622,30.0,582.0,0.1649940068817138,False,REGULAR,USD,2026-06-18,7332.16015625,0.0363499975204467,call,1.017435495273658,0.0246575342465753,32.05
SPX260618C07465000,2026-06-09 14:15:05+00:00,7465.0,52.8,28.2,29.1,0.79999924,1.53846,509.0,2720.0,0.1600730966186523,False,REGULAR,USD,2026-06-18,7332.16015625,0.0363499975204467,call,1.0181174225493106,0.0246575342465753,28.65
SPX260618C07470000,2026-06-09 15:27:46+00:00,7470.0,29.7,29.5,30.2,-22.5,-42.613636,766.0,3800.0,0.1660544821166992,False,REGULAR,USD,2026-06-18,7332.16015625,0.0363499975204467,call,1.0187993498249632,0.0246575342465753,29.85
SPXW260618C07475000,2026-06-09 15:28:33+00:00,7475.0,29.2,27.3,27.9,-22.399998,-43.41085,124.0,503.0,0.1631782291412354,False,REGULAR,USD,2026-06-18,7332.16015625,0.0363499975204467,call,1.0194812771006156,0.0246575342465753,27.6
SPXW260618C07480000,2026-06-09 15:29:07+00:00,7480.0,26.77,26.2,26.8,-21.95,-45.053364,121.0,251.0,0.1633079275512695,False,REGULAR,USD,2026-06-18,7332.16015625,0.0363499975204467,call,1.0201632043762685,0.0246575342465753,26.5
SPX260618C07485000,2026-06-09 15:03:06+00:00,7485.0,35.45,23.9,24.5,-16.45,-31.69557,111.0,1432.0,0.1600425793457031,False,REGULAR,USD,2026-06-18,7332.16015625,0.0363499975204467,call,1.020845131651921,0.0246575342465753,24.2
SPX260618C07490000,2026-06-09 13:51:02+00:00,7490.0,42.07,21.2,22.1,1.0900002,2.6598344,56.0,4410.0,0.1562088469314575,False,REGULAR,USD,2026-06-18,7332.16015625,0.0363499975204467,call,1.0215270589275736,0.0246575342465753,21.65
SPXW260618C07495000,2026-06-09 15:06:13+00:00,7495.0,32.6,21.9,23.0,-8.610001,-20.892988,65.0,228.0,0.1616752534484863,False,REGULAR,USD,2026-06-18,7332.16015625,0.0363499975204467,call,1.022208986203226,0.0246575342465753,22.45
SPXW260618C07500000,2026-06-09 15:27:44+00:00,7500.0,23.0,21.2,21.7,-17.52,-43.237907,208.0,3419.0,0.1607826232147217,False,REGULAR,USD,2026-06-18,7332.16015625,0.0363499975204467,call,1.0228909134788786,0.0246575342465753,21.45
SPX260618C07505000,2026-06-09 13:58:17+00:00,7505.0,29.25,18.0,19.6,-23.349998,-44.391632,15.0,4090.0,0.1573189127349853,False,REGULAR,USD,2026-06-18,7332.16015625,0.0363499975204467,call,1.0235728407545313,0.0246575342465753,18.8
SPX260618C07510000,2026-06-09 14:09:34+00:00,7510.0,45.94,16.5,17.3,12.0,35.356514,19.0,4153.0,0.152878649520874,False,REGULAR,USD,2026-06-18,7332.16015625,0.0363499975204467,call,1.024254768030184,0.0246575342465753,16.9
SPX260618C07515000,2026-06-09 14:42:43+00:00,7515.0,34.5,17.3,18.0,2.75,8.661417,8.0,4992.0,0.1578071891021728,False,REGULAR,USD,2026-06-18,7332.16015625,0.0363499975204467,call,1.0249366953058363,0.0246575342465753,17.65
SPXW260618C07520000,2026-06-09 15:17:59+00:00,7520.0,21.32,16.4,17.2,-11.700001,-35.433075,82.0,382.0,0.1579139995574951,False,REGULAR,USD,2026-06-18,7332.16015625,0.0363499975204467,call,1.025618622581489,0.0246575342465753,16.799999999999997
SPXW260618C07525000,2026-06-09 15:27:31+00:00,7525.0,17.43,16.0,16.5,-13.85,-44.277493,47.0,513.0,0.1582535042190552,False,REGULAR,USD,2026-06-18,7332.16015625,0.0363499975204467,call,1.0263005498571416,0.0246575342465753,16.25
SPXW260618C07530000,2026-06-09 15:23:11+00:00,7530.0,19.12,14.8,15.3,-9.349998,-32.841583,85.0,1268.0,0.1567924897766113,False,REGULAR,USD,2026-06-18,7332.16015625,0.0363499975204467,call,1.0269824771327942,0.0246575342465753,15.05
SPX260618C07535000,2026-06-09 14:59:17+00:00,7535.0,20.35,12.6,13.3,-4.2700005,-17.343624,83.0,5066.0,0.1522301574707031,False,REGULAR,USD,2026-06-18,7332.16015625,0.0363499975204467,call,1.0276644044084466,0.0246575342465753,12.95
SPX260618C07540000,2026-06-09 15:17:29+00:00,7540.0,17.74,12.1,12.8,-6.26,-26.083334,5.0,4576.0,0.1528633908843994,False,REGULAR,USD,2026-06-18,7332.16015625,0.0363499975204467,call,1.0283463316840993,0.0246575342465753,12.45
SPXW260618C07545000,2026-06-09 15:28:02+00:00,7545.0,12.86,10.5,12.6,-10.89,-45.85263,125.0,264.0,0.1545723581695557,False,REGULAR,USD,2026-06-18,7332.16015625,0.0363499975204467,call,1.029028258959752,0.0246575342465753,11.55
SPX260618C07550000,2026-06-09 15:29:11+00:00,7550.0,10.0,9.8,10.4,-10.799999,-51.923073,2111.0,22792.0,0.1482629119873047,False,REGULAR,USD,2026-06-18,7332.16015625,0.0363499975204467,call,1.0297101862354046,0.0246575342465753,10.1
SPX260618C07555000,2026-06-08 19:31:56+00:00,7555.0,14.6,9.4,10.1,-6.6000004,-31.132078,7.0,2062.0,0.1493615338134765,False,REGULAR,USD,2026-06-18,7332.16015625,0.0363499975204467,call,1.030392113511057,0.0246575342465753,9.75
SPXW260618C07560000,2026-06-09 15:23:11+00:00,7560.0,13.8,9.5,9.9,-7.3,-34.597157,52.0,379.0,0.1508416215515137,False,REGULAR,USD,2026-06-18,7332.16015625,0.0363499975204467,call,1.0310740407867096,0.0246575342465753,9.7
SPXW260618C07565000,2026-06-09 15:23:11+00:00,7565.0,12.9,9.2,9.6,-5.8999996,-31.382977,31.0,631.0,0.1518486915588379,False,REGULAR,USD,2026-06-18,7332.16015625,0.0363499975204467,call,1.0317559680623622,0.0246575342465753,9.4
SPXW260618C07570000,2026-06-09 15:27:45+00:00,7570.0,9.3,8.8,9.3,-8.349999,-47.30878,131.0,757.0,0.152802356338501,False,REGULAR,USD,2026-06-18,7332.16015625,0.0363499975204467,call,1.0324378953380149,0.0246575342465753,9.05
SPX260618C07575000,2026-06-09 13:59:35+00:00,7575.0,11.65,7.6,8.0,-3.4500008,-22.847685,25.0,12135.0,0.148972438583374,False,REGULAR,USD,2026-06-18,7332.16015625,0.0363499975204467,call,1.0331198226136675,0.0246575342465753,7.8
SPX260618C07580000,2026-06-09 04:39:05+00:00,7580.0,9.73,6.3,6.9,-4.870001,-33.35617,12.0,5031.0,0.1456079092407226,False,REGULAR,USD,2026-06-18,7332.16015625,0.0363499975204467,call,1.03380174988932,0.0246575342465753,6.6
SPXW260618C07585000,2026-06-09 15:17:57+00:00,7585.0,10.6,6.8,7.2,-3.8499994,-26.643595,60.0,577.0,0.1493310165405273,False,REGULAR,USD,2026-06-18,7332.16015625,0.0363499975204467,call,1.0344836771649726,0.0246575342465753,7.0
SPXW260618C07590000,2026-06-09 15:25:01+00:00,7590.0,8.03,6.5,6.8,-5.1500006,-39.07436,74.0,447.0,0.1493615338134765,False,REGULAR,USD,2026-06-18,7332.16015625,0.0363499975204467,call,1.0351656044406252,0.0246575342465753,6.65
SPX260618C07595000,2026-06-09 15:25:20+00:00,7595.0,6.3,5.5,6.2,-6.2,-49.6,8.0,6102.0,0.1481637308502197,False,REGULAR,USD,2026-06-18,7332.16015625,0.0363499975204467,call,1.035847531716278,0.0246575342465753,5.85
SPX260618C07600000,2026-06-09 15:27:38+00:00,7600.0,5.4,5.2,5.7,-5.65,-44.34851,4460.0,50073.0,0.1473321351623535,False,REGULAR,USD,2026-06-18,7332.16015625,0.0363499975204467,call,1.0365294589919305,0.0246575342465753,5.45
SPX260618C07605000,2026-06-09 15:01:14+00:00,7605.0,7.5,4.4,4.9,-2.6000004,-25.742577,40.0,3813.0,0.1443719596862793,False,REGULAR,USD,2026-06-18,7332.16015625,0.0363499975204467,call,1.037211386267583,0.0246575342465753,4.65
SPXW260618C07610000,2026-06-09 15:17:58+00:00,7610.0,6.42,5.1,5.3,-4.3,-40.111942,104.0,956.0,0.1489648092651367,False,REGULAR,USD,2026-06-18,7332.16015625,0.0363499975204467,call,1.0378933135432356,0.0246575342465753,5.199999999999999
SPX260618C07615000,2026-06-09 13:46:09+00:00,7615.0,6.5,3.7,4.2,-1.6499996,-20.245396,7.0,1832.0,0.1435479933166504,False,REGULAR,USD,2026-06-18,7332.16015625,0.0363499975204467,call,1.0385752408188882,0.0246575342465753,3.95
SPXW260618C07620000,2026-06-09 15:27:11+00:00,7620.0,4.55,3.8,4.2,-4.0999994,-47.398838,108.0,665.0,0.1455010987854004,False,REGULAR,USD,2026-06-18,7332.16015625,0.0363499975204467,call,1.0392571680945406,0.0246575342465753,4.0
SPX260618C07625000,2026-06-09 15:24:38+00:00,7625.0,4.3,3.1,3.5,-3.1999998,-42.666664,65.0,5989.0,0.1420679055786132,False,REGULAR,USD,2026-06-18,7332.16015625,0.0363499975204467,call,1.0399390953701932,0.0246575342465753,3.3
SPXW260618C07630000,2026-06-09 15:24:45+00:00,7630.0,4.34,3.3,3.5,-3.52,-44.783714,149.0,1549.0,0.1439599765014648,False,REGULAR,USD,2026-06-18,7332.16015625,0.0363499975204467,call,1.040621022645846,0.0246575342465753,3.4
SPXW260618C07635000,2026-06-09 15:05:55+00:00,7635.0,4.77,3.2,3.5,-2.5300002,-34.657536,42.0,269.0,0.1458367887878418,False,REGULAR,USD,2026-06-18,7332.16015625,0.0363499975204467,call,1.0413029499214983,0.0246575342465753,3.35
SPXW260618C07640000,2026-06-09 15:26:55+00:00,7640.0,3.38,2.8,3.1,-2.92,-46.349205,157.0,663.0,0.1442804078674316,False,REGULAR,USD,2026-06-18,7332.16015625,0.0363499975204467,call,1.041984877197151,0.0246575342465753,2.95
SPX260618C07645000,2026-06-09 14:42:43+00:00,7645.0,6.05,2.2,2.6,-1.2199998,-16.78129,11.0,175.0,0.1414117842102051,False,REGULAR,USD,2026-06-18,7332.16015625,0.0363499975204467,call,1.0426668044728036,0.0246575342465753,2.4000000000000004
SPX260618C07650000,2026-06-09 15:22:10+00:00,7650.0,3.22,2.35,2.7,-1.3799999,-29.999998,272.0,12315.0,0.1442041146850585,False,REGULAR,USD,2026-06-18,7332.16015625,0.0363499975204467,call,1.0433487317484562,0.0246575342465753,2.5250000000000004
SPX260618C07655000,2026-06-09 13:38:34+00:00,7655.0,6.2,1.75,2.2,-1.7000003,-21.518991,24.0,648.0,0.1407556628417968,False,REGULAR,USD,2026-06-18,7332.16015625,0.0363499975204467,call,1.0440306590241089,0.0246575342465753,1.975
SPXW260618C07660000,2026-06-09 15:14:20+00:00,7660.0,3.88,2.1,2.3,-1.0699997,-21.616156,20.0,940.0,0.1436242864990234,False,REGULAR,USD,2026-06-18,7332.16015625,0.0363499975204467,call,1.0447125862997613,0.0246575342465753,2.2
SPX260618C07665000,2026-06-09 14:58:20+00:00,7665.0,2.78,1.45,1.9,-0.9200001,-24.864866,3.0,605.0,0.1406946282958984,False,REGULAR,USD,2026-06-18,7332.16015625,0.0363499975204467,call,1.045394513575414,0.0246575342465753,1.6749999999999998
SPX260618C07670000,2026-06-08 16:05:48+00:00,7670.0,6.2,1.55,1.85,0.0,0.0,41.0,1157.0,0.1417627328491211,False,REGULAR,USD,2026-06-18,7332.16015625,0.0363499975204467,call,1.0460764408510663,0.0246575342465753,1.7000000000000002
SPXW260618C07675000,2026-06-09 15:05:43+00:00,7675.0,2.5,1.7,1.9,-1.0,-28.571428,195.0,904.0,0.1441125628662109,False,REGULAR,USD,2026-06-18,7332.16015625,0.0363499975204467,call,1.0467583681267192,0.0246575342465753,1.7999999999999998
SPXW260618C07680000,2026-06-09 15:24:44+00:00,7680.0,2.02,1.55,1.7,-1.48,-42.285713,116.0,1510.0,0.1431665274047852,False,REGULAR,USD,2026-06-18,7332.16015625,0.0363499975204467,call,1.0474402954023718,0.0246575342465753,1.625
SPXW260618C07685000,2026-06-09 14:01:15+00:00,7685.0,2.15,1.4,1.6,-1.25,-36.764706,34.0,436.0,0.1434411828613281,False,REGULAR,USD,2026-06-18,7332.16015625,0.0363499975204467,call,1.0481222226780242,0.0246575342465753,1.5
SPXW260618C07695000,2026-06-09 15:05:27+00:00,7695.0,1.59,1.3,1.5,-1.0600001,-40.0,16.0,252.0,0.1452722192382812,False,REGULAR,USD,2026-06-18,7332.16015625,0.0363499975204467,call,1.0494860772293295,0.0246575342465753,1.4
SPXW260618C07700000,2026-06-09 15:28:12+00:00,7700.0,1.2,1.1,1.25,-1.2,-50.0,860.0,2277.0,0.1428613546752929,False,REGULAR,USD,2026-06-18,7332.16015625,0.0363499975204467,call,1.0501680045049822,0.0246575342465753,1.175
SPXW260618C07705000,2026-06-09 14:26:17+00:00,7705.0,1.44,1.0,1.25,-0.6099999,-29.756092,12.0,219.0,0.1444787701416015,False,REGULAR,USD,2026-06-18,7332.16015625,0.0363499975204467,call,1.0508499317806346,0.0246575342465753,1.125
SPX260618C07710000,2026-06-09 13:56:12+00:00,7710.0,1.36,0.9,1.1,-0.39,-22.285715,2.0,2004.0,0.1433496310424805,False,REGULAR,USD,2026-06-18,7332.16015625,0.0363499975204467,call,1.0515318590562872,0.0246575342465753,1.0
SPXW260618C07720000,2026-06-09 15:03:21+00:00,7720.0,1.09,0.75,0.95,-0.8399999,-43.52331,61.0,1369.0,0.1434717001342773,False,REGULAR,USD,2026-06-18,7332.16015625,0.0363499975204467,call,1.0528957136075925,0.0246575342465753,0.85
SPXW260618C07725000,2026-06-09 14:59:46+00:00,7725.0,1.17,0.8,1.0,-0.2800001,-19.31035,55.0,746.0,0.1460656683349609,False,REGULAR,USD,2026-06-18,7332.16015625,0.0363499975204467,call,1.053577640883245,0.0246575342465753,0.9
SPXW260618C07730000,2026-06-09 15:08:22+00:00,7730.0,1.05,0.65,0.85,-0.30000007,-22.222227,32.0,197.0,0.1442956665039062,False,REGULAR,USD,2026-06-18,7332.16015625,0.0363499975204467,call,1.0542595681588975,0.0246575342465753,0.75
SPXW260618C07770000,2026-06-09 14:55:40+00:00,7770.0,0.6,0.45,0.6,-0.19999999,-24.999998,13.0,348.0,0.149422568359375,False,REGULAR,USD,2026-06-18,7332.16015625,0.0363499975204467,call,1.0597149863641182,0.0246575342465753,0.525
SPXW260622C07260000,2026-06-08 19:34:56+00:00,7260.0,164.98,142.8,145.2,-35.199997,-17.584173,1.0,8.0,0.184467841682434,True,REGULAR,USD,2026-06-22,7332.16015625,0.0363499975204467,call,0.9901584042475544,0.0356164383561643,144.0
SPXW260622C07265000,2026-06-09 14:43:54+00:00,7265.0,194.85,140.7,147.3,-26.12999,-11.824595,2.0,1.0,0.1936687994766235,True,REGULAR,USD,2026-06-22,7332.16015625,0.0363499975204467,call,0.990840331523207,0.0356164383561643,144.0
SPXW260622C07270000,2026-06-09 15:18:54+00:00,7270.0,169.0,134.8,140.1,-54.690002,-24.449015,3.0,2.0,0.1859746320343017,True,REGULAR,USD,2026-06-22,7332.16015625,0.0363499975204467,call,0.9915222587988596,0.0356164383561643,137.45
SPXW260622C07275000,2026-06-05 15:27:38+00:00,7275.0,258.87,137.2,138.0,0.0,0.0,1.0,5.0,0.1874242024993896,True,REGULAR,USD,2026-06-22,7332.16015625,0.0363499975204467,call,0.9922041860745124,0.0356164383561643,137.6
SPXW260622C07280000,2026-06-05 19:53:19+00:00,7280.0,192.35,135.1,136.0,0.0,0.0,4.0,4.0,0.1889767687606811,True,REGULAR,USD,2026-06-22,7332.16015625,0.0363499975204467,call,0.9928861133501647,0.0356164383561643,135.55
SPXW260622C07300000,2026-06-09 14:08:18+00:00,7300.0,165.98,117.0,117.9,-1.7400055,-1.0374466,2.0,94.0,0.1766249025344848,True,REGULAR,USD,2026-06-22,7332.16015625,0.0363499975204467,call,0.9956138224527752,0.0356164383561643,117.45
SPXW260622C07310000,2026-06-08 13:41:15+00:00,7310.0,141.83,114.6,115.3,-39.740005,-21.886877,1.0,5.0,0.1814695196151733,True,REGULAR,USD,2026-06-22,7332.16015625,0.0363499975204467,call,0.9969776770040804,0.0356164383561643,114.95
SPXW260622C07315000,2026-06-08 13:41:15+00:00,7315.0,177.77,108.0,108.7,0.0,0.0,1.0,1.0,0.1744886934280395,True,REGULAR,USD,2026-06-22,7332.16015625,0.0363499975204467,call,0.997659604279733,0.0356164383561643,108.35
SPXW260622C07320000,2026-06-04 16:35:35+00:00,7320.0,289.98,104.7,105.5,0.0,0.0,1.0,5.0,0.1734091448974609,True,REGULAR,USD,2026-06-22,7332.16015625,0.0363499975204467,call,0.9983415315553856,0.0356164383561643,105.1
SPXW260622C07325000,2026-06-09 15:11:59+00:00,7325.0,137.6,101.5,102.4,-22.579987,-14.096633,116.0,16.0,0.1724402214813233,True,REGULAR,USD,2026-06-22,7332.16015625,0.0363499975204467,call,0.9990234588310382,0.0356164383561643,101.95
SPXW260622C07330000,2026-06-08 14:27:21+00:00,7330.0,173.4,98.7,99.6,1.0699921,0.6208972,1.0,4.0,0.1719214278411865,True,REGULAR,USD,2026-06-22,7332.16015625,0.0363499975204467,call,0.9997053861066908,0.0356164383561643,99.15
SPXW260622C07340000,2026-06-09 15:10:14+00:00,7340.0,129.05,94.0,95.1,-17.12999,-11.718423,4.0,23.0,0.1726004371643066,False,REGULAR,USD,2026-06-22,7332.16015625,0.0363499975204467,call,1.001069240657996,0.0356164383561643,94.55
SPXW260622C07350000,2026-06-08 17:21:34+00:00,7350.0,140.69,90.2,91.0,0.0,0.0,162.0,216.0,0.1736990589904785,False,REGULAR,USD,2026-06-22,7332.16015625,0.0363499975204467,call,1.002433095209301,0.0356164383561643,90.6
SPXW260622C07355000,2026-06-09 14:54:51+00:00,7355.0,110.7,87.2,88.0,-19.770004,-15.152912,150.0,2.0,0.1724821827316284,False,REGULAR,USD,2026-06-22,7332.16015625,0.0363499975204467,call,1.0031150224849537,0.0356164383561643,87.6
SPXW260622C07360000,2026-06-08 20:03:50+00:00,7360.0,124.49,84.8,85.4,0.0,0.0,38.0,45.0,0.1718928178977966,False,REGULAR,USD,2026-06-22,7332.16015625,0.0363499975204467,call,1.0037969497606063,0.0356164383561643,85.1
SPXW260622C07365000,2026-06-09 15:23:28+00:00,7365.0,94.31,79.3,80.1,-34.089996,-26.54984,30.0,35.0,0.1664855385971069,False,REGULAR,USD,2026-06-22,7332.16015625,0.0363499975204467,call,1.0044788770362587,0.0356164383561643,79.69999999999999
SPXW260622C07370000,2026-06-09 15:23:28+00:00,7370.0,91.41,79.9,80.9,-26.159996,-22.25057,31.0,50.0,0.1717287875556946,False,REGULAR,USD,2026-06-22,7332.16015625,0.0363499975204467,call,1.0051608043119111,0.0356164383561643,80.4
SPXW260622C07375000,2026-06-09 15:21:16+00:00,7375.0,95.66,77.5,78.4,-19.939995,-17.24913,4.0,1287.0,0.1710974614715576,False,REGULAR,USD,2026-06-22,7332.16015625,0.0363499975204467,call,1.005842731587564,0.0356164383561643,77.95
SPXW260622C07380000,2026-06-09 15:26:09+00:00,7380.0,81.43,71.4,76.4,-39.65,-32.746944,6.0,72.0,0.1712805651092529,False,REGULAR,USD,2026-06-22,7332.16015625,0.0363499975204467,call,1.0065246588632166,0.0356164383561643,73.9
SPXW260622C07385000,2026-06-08 14:46:13+00:00,7385.0,134.1,71.9,72.4,0.0,0.0,2.0,2.0,0.1678359279251099,False,REGULAR,USD,2026-06-22,7332.16015625,0.0363499975204467,call,1.0072065861388693,0.0356164383561643,72.15
SPXW260622C07390000,2026-06-09 15:26:09+00:00,7390.0,75.98,67.8,68.4,-50.289993,-39.82735,75.0,26.0,0.1642844802856445,False,REGULAR,USD,2026-06-22,7332.16015625,0.0363499975204467,call,1.0078885134145217,0.0356164383561643,68.1
SPXW260622C07400000,2026-06-09 15:21:22+00:00,7400.0,81.7,61.6,62.5,-15.900002,-16.290985,24.0,723.0,0.1606491101455688,False,REGULAR,USD,2026-06-22,7332.16015625,0.0363499975204467,call,1.009252367965827,0.0356164383561643,62.05
SPXW260622C07405000,2026-06-09 14:25:42+00:00,7405.0,72.1,62.4,63.2,-23.169998,-24.32035,16.0,32.0,0.1653411408615112,False,REGULAR,USD,2026-06-22,7332.16015625,0.0363499975204467,call,1.0099342952414796,0.0356164383561643,62.8
SPXW260622C07410000,2026-06-09 15:03:21+00:00,7410.0,81.35,57.6,58.9,-11.060005,-11.968407,5.0,105.0,0.1608474724197388,False,REGULAR,USD,2026-06-22,7332.16015625,0.0363499975204467,call,1.010616222517132,0.0356164383561643,58.25
SPXW260622C07415000,2026-06-09 14:59:19+00:00,7415.0,79.0,52.0,56.9,-10.779999,-12.007128,3.0,11.0,0.1604679138374329,False,REGULAR,USD,2026-06-22,7332.16015625,0.0363499975204467,call,1.0112981497927849,0.0356164383561643,54.45
SPXW260622C07420000,2026-06-09 14:46:42+00:00,7420.0,77.54,53.9,54.9,-8.459999,-9.837208,4.0,81.0,0.1600082474136352,False,REGULAR,USD,2026-06-22,7332.16015625,0.0363499975204467,call,1.0119800770684373,0.0356164383561643,54.4
SPXW260622C07425000,2026-06-09 14:54:51+00:00,7425.0,70.13,53.0,53.5,-14.57,-17.201889,153.0,164.0,0.160591890258789,False,REGULAR,USD,2026-06-22,7332.16015625,0.0363499975204467,call,1.01266200434409,0.0356164383561643,53.25
SPXW260622C07430000,2026-06-09 13:46:30+00:00,7430.0,110.85,51.2,51.8,30.129997,37.326557,2.0,48.0,0.1605461143493652,False,REGULAR,USD,2026-06-22,7332.16015625,0.0363499975204467,call,1.0133439316197423,0.0356164383561643,51.5
SPXW260622C07435000,2026-06-09 15:17:21+00:00,7435.0,63.7,47.4,48.2,-27.899998,-30.458513,2.0,27.0,0.1567810457992554,False,REGULAR,USD,2026-06-22,7332.16015625,0.0363499975204467,call,1.014025858895395,0.0356164383561643,47.8
SPXW260622C07440000,2026-06-09 15:05:31+00:00,7440.0,61.25,45.3,46.2,-14.970001,-19.640516,15.0,112.0,0.1559647087478637,False,REGULAR,USD,2026-06-22,7332.16015625,0.0363499975204467,call,1.0147077861710476,0.0356164383561643,45.75
SPXW260622C07445000,2026-06-09 14:30:46+00:00,7445.0,75.7,42.7,43.3,5.3899994,7.66605,3.0,13.0,0.1532830033874512,False,REGULAR,USD,2026-06-22,7332.16015625,0.0363499975204467,call,1.0153897134467005,0.0356164383561643,43.0
SPXW260622C07450000,2026-06-09 15:11:05+00:00,7450.0,62.43,40.9,41.9,-7.5199966,-10.750531,35.0,396.0,0.1534470337295532,False,REGULAR,USD,2026-06-22,7332.16015625,0.0363499975204467,call,1.016071640722353,0.0356164383561643,41.4
SPXW260622C07455000,2026-06-09 14:30:46+00:00,7455.0,70.25,39.6,40.5,2.4899979,3.674731,13.0,16.0,0.1535347708892822,False,REGULAR,USD,2026-06-22,7332.16015625,0.0363499975204467,call,1.016753567998005,0.0356164383561643,40.05
SPXW260622C07460000,2026-06-09 15:05:27+00:00,7460.0,51.8,39.2,39.8,-11.549999,-18.232042,13.0,81.0,0.1549805266952514,False,REGULAR,USD,2026-06-22,7332.16015625,0.0363499975204467,call,1.017435495273658,0.0356164383561643,39.5
SPXW260622C07465000,2026-06-09 15:28:14+00:00,7465.0,38.1,36.0,36.7,-24.41,-39.04975,14.0,29.0,0.1514176350784302,False,REGULAR,USD,2026-06-22,7332.16015625,0.0363499975204467,call,1.0181174225493106,0.0356164383561643,36.35
SPXW260622C07470000,2026-06-09 14:58:25+00:00,7470.0,50.7,34.4,35.0,-8.559998,-14.444816,9.0,54.0,0.1506165566635132,False,REGULAR,USD,2026-06-22,7332.16015625,0.0363499975204467,call,1.0187993498249632,0.0356164383561643,34.7
SPXW260622C07475000,2026-06-09 15:27:20+00:00,7475.0,35.87,35.6,36.1,-21.530003,-37.508713,17.0,99.0,0.1556709799957275,False,REGULAR,USD,2026-06-22,7332.16015625,0.0363499975204467,call,1.0194812771006156,0.0356164383561643,35.85
SPXW260622C07480000,2026-06-09 15:22:01+00:00,7480.0,42.63,32.6,33.2,-12.07,-22.065813,19.0,93.0,0.152176752243042,False,REGULAR,USD,2026-06-22,7332.16015625,0.0363499975204467,call,1.0201632043762685,0.0356164383561643,32.900000000000006
SPXW260622C07485000,2026-06-09 14:02:59+00:00,7485.0,70.82,29.8,30.4,17.810001,33.59744,2.0,27.0,0.1486825244903564,False,REGULAR,USD,2026-06-22,7332.16015625,0.0363499975204467,call,1.020845131651921,0.0356164383561643,30.1
SPXW260622C07490000,2026-06-09 15:28:14+00:00,7490.0,29.8,29.2,29.8,-25.2,-45.81818,16.0,106.0,0.1499375473403931,False,REGULAR,USD,2026-06-22,7332.16015625,0.0363499975204467,call,1.0215270589275736,0.0356164383561643,29.5
SPXW260622C07495000,2026-06-09 15:28:14+00:00,7495.0,28.3,26.8,27.5,-19.23,-40.45866,4.0,41.0,0.1472558419799804,False,REGULAR,USD,2026-06-22,7332.16015625,0.0363499975204467,call,1.022208986203226,0.0356164383561643,27.15
SPXW260622C07500000,2026-06-09 15:04:04+00:00,7500.0,38.5,26.4,26.9,-7.6500015,-16.576384,128.0,347.0,0.1483735371017456,False,REGULAR,USD,2026-06-22,7332.16015625,0.0363499975204467,call,1.0228909134788786,0.0356164383561643,26.65
SPXW260622C07505000,2026-06-09 15:18:50+00:00,7505.0,34.97,23.4,23.9,-9.139999,-20.720922,7.0,45.0,0.1436929503631591,False,REGULAR,USD,2026-06-22,7332.16015625,0.0363499975204467,call,1.0235728407545313,0.0356164383561643,23.65
SPXW260622C07510000,2026-06-09 15:28:14+00:00,7510.0,24.1,21.9,23.5,-19.699999,-44.977165,45.0,112.0,0.1451348915100098,False,REGULAR,USD,2026-06-22,7332.16015625,0.0363499975204467,call,1.024254768030184,0.0356164383561643,22.7
SPXW260622C07515000,2026-06-09 15:18:50+00:00,7515.0,31.67,21.1,21.9,-22.06,-41.057137,2.0,16.0,0.1435289200210571,False,REGULAR,USD,2026-06-22,7332.16015625,0.0363499975204467,call,1.0249366953058363,0.0356164383561643,21.5
SPXW260622C07520000,2026-06-09 15:17:15+00:00,7520.0,30.09,20.0,20.5,-9.279999,-23.571245,12.0,95.0,0.1422815264892578,False,REGULAR,USD,2026-06-22,7332.16015625,0.0363499975204467,call,1.025618622581489,0.0356164383561643,20.25
SPXW260622C07525000,2026-06-09 15:11:59+00:00,7525.0,31.19,18.9,19.4,-5.49,-14.967284,47.0,135.0,0.141686439666748,False,REGULAR,USD,2026-06-22,7332.16015625,0.0363499975204467,call,1.0263005498571416,0.0356164383561643,19.15
SPXW260622C07530000,2026-06-09 15:22:01+00:00,7530.0,25.83,17.7,18.2,-9.859999,-27.626783,38.0,210.0,0.1407022576141357,False,REGULAR,USD,2026-06-22,7332.16015625,0.0363499975204467,call,1.0269824771327942,0.0356164383561643,17.95
SPXW260622C07535000,2026-06-08 19:34:11+00:00,7535.0,42.5,17.5,18.0,9.290001,27.973507,4.0,8.0,0.14238833694458,False,REGULAR,USD,2026-06-22,7332.16015625,0.0363499975204467,call,1.0276644044084466,0.0356164383561643,17.75
SPXW260622C07540000,2026-06-09 14:04:30+00:00,7540.0,41.62,16.8,17.4,5.4399986,15.035928,3.0,258.0,0.14292620388031,False,REGULAR,USD,2026-06-22,7332.16015625,0.0363499975204467,call,1.0283463316840993,0.0356164383561643,17.1
SPXW260622C07545000,2026-06-08 19:11:33+00:00,7545.0,31.05,14.8,15.3,0.0,0.0,20.0,53.0,0.1389932903289795,False,REGULAR,USD,2026-06-22,7332.16015625,0.0363499975204467,call,1.029028258959752,0.0356164383561643,15.05
SPXW260622C07550000,2026-06-09 14:28:44+00:00,7550.0,28.56,14.0,14.5,0.9300003,3.365908,44.0,608.0,0.1387033762359619,False,REGULAR,USD,2026-06-22,7332.16015625,0.0363499975204467,call,1.0297101862354046,0.0356164383561643,14.25
SPXW260622C07555000,2026-06-09 14:40:36+00:00,7555.0,29.41,13.8,14.3,3.4300003,13.202465,7.0,30.0,0.1401910932922363,False,REGULAR,USD,2026-06-22,7332.16015625,0.0363499975204467,call,1.030392113511057,0.0356164383561643,14.05
SPXW260622C07560000,2026-06-09 14:57:37+00:00,7560.0,19.14,12.1,12.7,-6.41,-25.088064,17.0,98.0,0.1371469953155517,False,REGULAR,USD,2026-06-22,7332.16015625,0.0363499975204467,call,1.0310740407867096,0.0356164383561643,12.4
SPXW260622C07565000,2026-06-09 14:51:04+00:00,7565.0,17.3,12.9,13.3,-5.84,-25.237684,7.0,37.0,0.141160016708374,False,REGULAR,USD,2026-06-22,7332.16015625,0.0363499975204467,call,1.0317559680623622,0.0356164383561643,13.1
SPXW260622C07570000,2026-06-09 14:27:06+00:00,7570.0,25.3,11.4,11.8,-3.960001,-13.533837,21.0,77.0,0.1381693239593505,False,REGULAR,USD,2026-06-22,7332.16015625,0.0363499975204467,call,1.0324378953380149,0.0356164383561643,11.6
SPXW260622C07575000,2026-06-09 14:09:24+00:00,7575.0,21.52,11.0,11.6,0.960001,4.6692657,17.0,250.0,0.1394739373779297,False,REGULAR,USD,2026-06-22,7332.16015625,0.0363499975204467,call,1.0331198226136675,0.0356164383561643,11.3
SPXW260622C07580000,2026-06-09 15:19:04+00:00,7580.0,14.69,9.4,9.9,-5.1099997,-25.80808,13.0,209.0,0.1352701830291748,False,REGULAR,USD,2026-06-22,7332.16015625,0.0363499975204467,call,1.03380174988932,0.0356164383561643,9.65
SPXW260622C07585000,2026-06-09 15:19:58+00:00,7585.0,13.49,8.5,9.1,-5.75,-29.885654,12.0,41.0,0.1341028973388672,False,REGULAR,USD,2026-06-22,7332.16015625,0.0363499975204467,call,1.0344836771649726,0.0356164383561643,8.8
SPXW260622C07590000,2026-06-09 15:19:04+00:00,7590.0,12.94,8.3,8.9,-4.5700006,-26.099375,14.0,1101.0,0.1351938898468017,False,REGULAR,USD,2026-06-22,7332.16015625,0.0363499975204467,call,1.0351656044406252,0.0356164383561643,8.600000000000001
SPXW260622C07595000,2026-06-09 14:14:30+00:00,7595.0,18.64,8.0,8.3,2.039999,12.289151,9.0,682.0,0.1346064323425293,False,REGULAR,USD,2026-06-22,7332.16015625,0.0363499975204467,call,1.035847531716278,0.0356164383561643,8.15
SPXW260622C07600000,2026-06-09 15:26:28+00:00,7600.0,8.5,7.0,7.4,-6.41,-42.99128,24.0,737.0,0.1325617750549316,False,REGULAR,USD,2026-06-22,7332.16015625,0.0363499975204467,call,1.0365294589919305,0.0356164383561643,7.2
SPXW260622C07605000,2026-06-09 14:17:16+00:00,7605.0,14.9,7.0,7.3,0.5,3.4722223,16.0,97.0,0.1339197937011718,False,REGULAR,USD,2026-06-22,7332.16015625,0.0363499975204467,call,1.037211386267583,0.0356164383561643,7.15
SPXW260622C07610000,2026-06-09 14:52:33+00:00,7610.0,10.1,6.0,6.5,-2.8999996,-22.30769,6.0,139.0,0.1319743175506592,False,REGULAR,USD,2026-06-22,7332.16015625,0.0363499975204467,call,1.0378933135432356,0.0356164383561643,6.25
SPXW260622C07615000,2026-06-08 16:04:55+00:00,7615.0,19.25,5.9,6.2,0.0,0.0,92.0,222.0,0.1322642316436767,False,REGULAR,USD,2026-06-22,7332.16015625,0.0363499975204467,call,1.0385752408188882,0.0356164383561643,6.050000000000001
SPXW260622C07620000,2026-06-09 15:07:09+00:00,7620.0,8.9,5.8,6.1,-2.5900002,-22.54134,24.0,286.0,0.1335078105163574,False,REGULAR,USD,2026-06-22,7332.16015625,0.0363499975204467,call,1.0392571680945406,0.0356164383561643,5.949999999999999
SPXW260622C07625000,2026-06-09 15:15:21+00:00,7625.0,8.75,4.8,5.2,-1.9200001,-17.994377,64.0,782.0,0.1304637125396728,False,REGULAR,USD,2026-06-22,7332.16015625,0.0363499975204467,call,1.0399390953701932,0.0356164383561643,5.0
SPXW260622C07630000,2026-06-09 13:52:03+00:00,7630.0,19.16,4.7,5.0,9.01,88.76848,3.0,206.0,0.1310282820892333,False,REGULAR,USD,2026-06-22,7332.16015625,0.0363499975204467,call,1.040621022645846,0.0356164383561643,4.85
SPXW260622C07635000,2026-06-09 15:19:58+00:00,7635.0,6.7,4.5,4.8,-6.87,-50.626385,3.0,45.0,0.1315394464111328,False,REGULAR,USD,2026-06-22,7332.16015625,0.0363499975204467,call,1.0413029499214983,0.0356164383561643,4.65
SPXW260622C07640000,2026-06-09 14:58:38+00:00,7640.0,6.83,3.8,4.2,-2.0,-22.650057,5.0,161.0,0.1295253063964843,False,REGULAR,USD,2026-06-22,7332.16015625,0.0363499975204467,call,1.041984877197151,0.0356164383561643,4.0
SPXW260622C07645000,2026-06-08 15:41:25+00:00,7645.0,11.8,4.0,4.3,-2.4099998,-16.959887,5.0,182.0,0.1317835845947265,False,REGULAR,USD,2026-06-22,7332.16015625,0.0363499975204467,call,1.0426668044728036,0.0356164383561643,4.15
SPXW260622C07650000,2026-06-09 15:28:00+00:00,7650.0,3.83,3.1,3.5,-3.5300002,-47.96196,54.0,658.0,0.128014701385498,False,REGULAR,USD,2026-06-22,7332.16015625,0.0363499975204467,call,1.0433487317484562,0.0356164383561643,3.3
SPXW260622C07655000,2026-06-09 15:28:00+00:00,7655.0,3.53,2.95,3.3,-3.59,-50.42135,11.0,52.0,0.1281215118408203,False,REGULAR,USD,2026-06-22,7332.16015625,0.0363499975204467,call,1.0440306590241089,0.0356164383561643,3.125
SPXW260622C07660000,2026-06-09 13:57:51+00:00,7660.0,6.54,2.9,3.2,0.23999977,3.80952,8.0,98.0,0.1289149609375,False,REGULAR,USD,2026-06-22,7332.16015625,0.0363499975204467,call,1.0447125862997613,0.0356164383561643,3.05
SPXW260622C07665000,2026-06-09 13:59:29+00:00,7665.0,10.0,2.5,2.8,4.1,69.49152,4.0,49.0,0.1272670281982422,False,REGULAR,USD,2026-06-22,7332.16015625,0.0363499975204467,call,1.045394513575414,0.0356164383561643,2.65
SPXW260622C07670000,2026-06-09 14:49:11+00:00,7670.0,3.8,2.35,2.6,-3.8999999,-50.649353,5.0,289.0,0.1270686659240723,False,REGULAR,USD,2026-06-22,7332.16015625,0.0363499975204467,call,1.0460764408510663,0.0356164383561643,2.475
SPXW260622C07675000,2026-06-09 15:15:21+00:00,7675.0,4.15,2.45,2.6,-1.4899998,-26.418434,39.0,394.0,0.1285640122985839,False,REGULAR,USD,2026-06-22,7332.16015625,0.0363499975204467,call,1.0467583681267192,0.0356164383561643,2.5250000000000004
SPXW260622C07680000,2026-06-09 15:21:06+00:00,7680.0,3.3,1.95,2.25,-1.45,-30.526316,12.0,142.0,0.1268092691040039,False,REGULAR,USD,2026-06-22,7332.16015625,0.0363499975204467,call,1.0474402954023718,0.0356164383561643,2.1
SPXW260622C07685000,2026-06-08 17:34:02+00:00,7685.0,5.95,1.85,2.1,0.0,0.0,18.0,30.0,0.1267787518310547,False,REGULAR,USD,2026-06-22,7332.16015625,0.0363499975204467,call,1.0481222226780242,0.0356164383561643,1.975
SPXW260622C07690000,2026-06-09 13:30:05+00:00,7690.0,2.86,1.9,2.1,-1.6400001,-36.444447,6.0,294.0,0.1282130636596679,False,REGULAR,USD,2026-06-22,7332.16015625,0.0363499975204467,call,1.0488041499536769,0.0356164383561643,2.0
SPXW260622C07700000,2026-06-09 14:59:13+00:00,7700.0,2.5,1.5,1.7,-1.02,-28.977272,61.0,915.0,0.1266414241027831,False,REGULAR,USD,2026-06-22,7332.16015625,0.0363499975204467,call,1.0501680045049822,0.0356164383561643,1.6
SPXW260622C07710000,2026-06-09 14:51:17+00:00,7710.0,1.93,1.4,1.6,-4.07,-67.833336,3.0,132.0,0.1282130636596679,False,REGULAR,USD,2026-06-22,7332.16015625,0.0363499975204467,call,1.0515318590562872,0.0356164383561643,1.5
SPXW260622C07720000,2026-06-09 15:23:08+00:00,7720.0,1.7,1.1,1.25,-0.81999993,-32.53968,4.0,147.0,0.1261378890991211,False,REGULAR,USD,2026-06-22,7332.16015625,0.0363499975204467,call,1.0528957136075925,0.0356164383561643,1.175
SPXW260622C07725000,2026-06-09 14:52:54+00:00,7725.0,1.6,1.1,1.25,-1.9699999,-55.182068,33.0,219.0,0.1274806491088867,False,REGULAR,USD,2026-06-22,7332.16015625,0.0363499975204467,call,1.053577640883245,0.0356164383561643,1.175
SPXW260622C07730000,2026-06-08 14:33:14+00:00,7730.0,3.9,1.05,1.2,0.0,0.0,3.0,192.0,0.1280604772949218,False,REGULAR,USD,2026-06-22,7332.16015625,0.0363499975204467,call,1.0542595681588975,0.0356164383561643,1.125
SPXW260622C07740000,2026-06-08 18:51:10+00:00,7740.0,2.45,0.9,1.1,0.0,0.0,200.0,237.0,0.1290980645751953,False,REGULAR,USD,2026-06-22,7332.16015625,0.0363499975204467,call,1.0556234227102028,0.0356164383561643,1.0
SPXW260622C07750000,2026-06-09 15:27:49+00:00,7750.0,0.9,0.8,0.95,-0.5500001,-37.931038,565.0,882.0,0.1290370300292968,False,REGULAR,USD,2026-06-22,7332.16015625,0.0363499975204467,call,1.056987277261508,0.0356164383561643,0.875
SPXW260622C07770000,2026-06-08 17:01:22+00:00,7770.0,1.7,0.6,0.75,0.0,0.0,12.0,22.0,0.1299525482177734,False,REGULAR,USD,2026-06-22,7332.16015625,0.0363499975204467,call,1.0597149863641182,0.0356164383561643,0.675
SPXW260622C07800000,2026-06-09 15:10:55+00:00,7800.0,0.7,0.45,0.6,-0.050000012,-6.666668,8.0,572.0,0.1336146209716797,False,REGULAR,USD,2026-06-22,7332.16015625,0.0363499975204467,call,1.0638065500180338,0.0356164383561643,0.525
SPXW260623C07260000,2026-06-04 19:00:01+00:00,7260.0,186.12,148.0,155.9,-173.06,-48.181973,1.0,10.0,0.1969761089324951,True,REGULAR,USD,2026-06-23,7332.16015625,0.0363499975204467,call,0.9901584042475544,0.0383561643835616,151.95
SPXW260623C07265000,2026-06-08 14:42:47+00:00,7265.0,209.64,148.6,149.4,-12.339996,-5.5590577,1.0,1.0,0.1907620292282104,True,REGULAR,USD,2026-06-23,7332.16015625,0.0363499975204467,call,0.990840331523207,0.0383561643835616,149.0
SPXW260623C07270000,2026-06-09 15:05:15+00:00,7270.0,175.8,141.9,144.5,-164.09999,-48.278908,1.0,3.0,0.1873173920440674,True,REGULAR,USD,2026-06-23,7332.16015625,0.0363499975204467,call,0.9915222587988596,0.0383561643835616,143.2
SPXW260623C07275000,2026-06-08 16:10:54+00:00,7275.0,213.88,141.6,142.9,0.0,0.0,2.0,14.0,0.189548967628479,True,REGULAR,USD,2026-06-23,7332.16015625,0.0363499975204467,call,0.9922041860745124,0.0383561643835616,142.25
SPXW260623C07280000,2026-06-08 17:04:02+00:00,7280.0,196.21,136.1,137.1,0.0,0.0,3.0,3.0,0.1844640270233154,True,REGULAR,USD,2026-06-23,7332.16015625,0.0363499975204467,call,0.9928861133501647,0.0383561643835616,136.6
SPXW260623C07290000,2026-06-08 15:46:02+00:00,7290.0,212.97,128.4,130.3,0.0,0.0,2.0,4.0,0.1824308137130737,True,REGULAR,USD,2026-06-23,7332.16015625,0.0363499975204467,call,0.99424996790147,0.0383561643835616,129.35000000000002
SPXW260623C07300000,2026-06-09 14:34:00+00:00,7300.0,181.89,121.2,122.0,-13.100006,-6.718296,2.0,19.0,0.1776205285644531,True,REGULAR,USD,2026-06-23,7332.16015625,0.0363499975204467,call,0.9956138224527752,0.0383561643835616,121.6
SPXW260623C07325000,2026-06-08 20:13:13+00:00,7325.0,151.9,109.6,110.2,0.0,0.0,1.0,2.0,0.1797567376708984,True,REGULAR,USD,2026-06-23,7332.16015625,0.0363499975204467,call,0.9990234588310382,0.0383561643835616,109.9
SPXW260623C07330000,2026-06-09 15:18:34+00:00,7330.0,131.35,106.7,107.4,-44.929993,-25.487854,2.0,5.0,0.1792493880081176,True,REGULAR,USD,2026-06-23,7332.16015625,0.0363499975204467,call,0.9997053861066908,0.0383561643835616,107.05
SPXW260623C07345000,2026-06-09 13:40:34+00:00,7345.0,155.23,94.2,95.1,1.2299957,0.79869854,2.0,6.0,0.1707694007873535,False,REGULAR,USD,2026-06-23,7332.16015625,0.0363499975204467,call,1.0017511679336484,0.0383561643835616,94.65
SPXW260623C07350000,2026-06-09 15:28:01+00:00,7350.0,97.0,94.2,95.0,-37.300003,-27.773642,4.0,6.0,0.1745611719512939,False,REGULAR,USD,2026-06-23,7332.16015625,0.0363499975204467,call,1.002433095209301,0.0383561643835616,94.6
SPXW260623C07360000,2026-06-09 14:54:27+00:00,7360.0,110.9,85.8,86.8,-32.1,-22.44755,6.0,3.0,0.1684348294067383,False,REGULAR,USD,2026-06-23,7332.16015625,0.0363499975204467,call,1.0037969497606063,0.0383561643835616,86.3
SPXW260623C07365000,2026-06-09 13:40:32+00:00,7365.0,150.68,87.6,89.0,-11.060013,-6.8381424,1.0,2.0,0.1759439858818054,False,REGULAR,USD,2026-06-23,7332.16015625,0.0363499975204467,call,1.0044788770362587,0.0383561643835616,88.3
SPXW260623C07370000,2026-06-09 15:23:20+00:00,7370.0,98.4,83.2,84.2,-34.04,-25.702204,4.0,64.0,0.1715189813041687,False,REGULAR,USD,2026-06-23,7332.16015625,0.0363499975204467,call,1.0051608043119111,0.0383561643835616,83.7
SPXW260623C07375000,2026-06-09 15:21:04+00:00,7375.0,100.6,77.8,78.9,-39.769997,-28.332264,9.0,20.0,0.1661498485946655,False,REGULAR,USD,2026-06-23,7332.16015625,0.0363499975204467,call,1.005842731587564,0.0383561643835616,78.35
SPXW260623C07380000,2026-06-04 14:06:02+00:00,7380.0,210.08,75.8,76.9,0.0,0.0,1.0,61.0,0.1663291375732422,False,REGULAR,USD,2026-06-23,7332.16015625,0.0363499975204467,call,1.0065246588632166,0.0383561643835616,76.35
SPXW260623C07385000,2026-06-09 13:39:17+00:00,7385.0,138.8,73.6,74.3,-0.6399994,-0.45897833,17.0,1.0,0.1654098047256469,False,REGULAR,USD,2026-06-23,7332.16015625,0.0363499975204467,call,1.0072065861388693,0.0383561643835616,73.94999999999999
SPXW260623C07390000,2026-06-09 14:46:38+00:00,7390.0,99.19,73.6,74.2,-42.759995,-30.12328,18.0,8.0,0.1687323728179932,False,REGULAR,USD,2026-06-23,7332.16015625,0.0363499975204467,call,1.0078885134145217,0.0383561643835616,73.9
SPXW260623C07400000,2026-06-09 14:34:00+00:00,7400.0,91.3,68.5,69.0,-11.279999,-10.996294,23.0,1280.0,0.1665542024612427,False,REGULAR,USD,2026-06-23,7332.16015625,0.0363499975204467,call,1.009252367965827,0.0383561643835616,68.75
SPXW260623C07405000,2026-06-08 19:59:04+00:00,7405.0,129.82,64.3,65.1,30.390007,30.564224,1.0,2.0,0.1630695113563537,False,REGULAR,USD,2026-06-23,7332.16015625,0.0363499975204467,call,1.0099342952414796,0.0383561643835616,64.69999999999999
SPXW260623C07410000,2026-06-09 14:46:38+00:00,7410.0,87.54,63.6,64.2,-9.629997,-9.910464,1.0,25.0,0.164767034664154,False,REGULAR,USD,2026-06-23,7332.16015625,0.0363499975204467,call,1.010616222517132,0.0383561643835616,63.900000000000006
SPXW260623C07415000,2026-06-09 15:11:40+00:00,7415.0,72.2,59.4,60.3,-30.54,-29.725521,4.0,6.0,0.1610877959442138,False,REGULAR,USD,2026-06-23,7332.16015625,0.0363499975204467,call,1.0112981497927849,0.0383561643835616,59.85
SPXW260623C07420000,2026-06-09 15:10:23+00:00,7420.0,69.7,59.0,59.8,-22.300003,-24.239134,11.0,7.0,0.1633765914154053,False,REGULAR,USD,2026-06-23,7332.16015625,0.0363499975204467,call,1.0119800770684373,0.0383561643835616,59.4
SPXW260623C07425000,2026-06-09 15:24:58+00:00,7425.0,64.8,55.0,56.4,-31.199997,-32.499996,21.0,724.0,0.1603973426437377,False,REGULAR,USD,2026-06-23,7332.16015625,0.0363499975204467,call,1.01266200434409,0.0383561643835616,55.7
SPXW260623C07430000,2026-06-09 14:44:19+00:00,7430.0,69.0,54.1,54.8,-25.269997,-26.80598,14.0,19.0,0.1605766316223144,False,REGULAR,USD,2026-06-23,7332.16015625,0.0363499975204467,call,1.0133439316197423,0.0383561643835616,54.45
SPXW260623C07435000,2026-06-09 15:21:55+00:00,7435.0,67.01,52.2,52.8,-27.39,-29.01483,10.0,6.0,0.1599548421859741,False,REGULAR,USD,2026-06-23,7332.16015625,0.0363499975204467,call,1.014025858895395,0.0383561643835616,52.5
SPXW260623C07440000,2026-06-09 15:21:07+00:00,7440.0,64.68,49.8,50.8,-23.690002,-26.807741,66.0,6.0,0.1592548522377014,False,REGULAR,USD,2026-06-23,7332.16015625,0.0363499975204467,call,1.0147077861710476,0.0383561643835616,50.3
SPXW260623C07445000,2026-06-09 14:45:37+00:00,7445.0,68.42,46.1,46.8,-19.480003,-22.16155,4.0,14.0,0.1547135005569458,False,REGULAR,USD,2026-06-23,7332.16015625,0.0363499975204467,call,1.0153897134467005,0.0383561643835616,46.45
SPXW260623C07450000,2026-06-09 15:18:34+00:00,7450.0,61.4,44.2,45.3,-41.83,-40.521164,33.0,29.0,0.1547516471481323,False,REGULAR,USD,2026-06-23,7332.16015625,0.0363499975204467,call,1.016071640722353,0.0383561643835616,44.75
SPXW260623C07455000,2026-06-08 17:30:04+00:00,7455.0,82.73,44.4,45.0,0.0,0.0,7.0,9.0,0.1570213693237305,False,REGULAR,USD,2026-06-23,7332.16015625,0.0363499975204467,call,1.016753567998005,0.0383561643835616,44.7
SPXW260623C07460000,2026-06-09 15:27:00+00:00,7460.0,45.0,41.3,41.9,-28.199997,-38.52459,59.0,34.0,0.1538323143005371,False,REGULAR,USD,2026-06-23,7332.16015625,0.0363499975204467,call,1.017435495273658,0.0383561643835616,41.6
SPXW260623C07465000,2026-06-09 14:21:04+00:00,7465.0,62.6,42.2,42.8,-13.970001,-18.244745,15.0,9.0,0.1583565000152587,False,REGULAR,USD,2026-06-23,7332.16015625,0.0363499975204467,call,1.0181174225493106,0.0383561643835616,42.5
SPXW260623C07470000,2026-06-09 14:40:03+00:00,7470.0,68.72,38.4,39.2,-20.529999,-23.002802,3.0,79.0,0.1539772713470459,False,REGULAR,USD,2026-06-23,7332.16015625,0.0363499975204467,call,1.0187993498249632,0.0383561643835616,38.8
SPXW260623C07475000,2026-06-09 13:46:59+00:00,7475.0,87.55,32.6,36.2,-0.7199936,-0.8156719,38.0,65.0,0.1505974833679199,False,REGULAR,USD,2026-06-23,7332.16015625,0.0363499975204467,call,1.0194812771006156,0.0383561643835616,34.400000000000006
SPXW260623C07480000,2026-06-09 14:35:39+00:00,7480.0,62.3,35.5,36.0,-22.380001,-26.42891,2.0,11.0,0.1528176149749756,False,REGULAR,USD,2026-06-23,7332.16015625,0.0363499975204467,call,1.0201632043762685,0.0383561643835616,35.75
SPXW260623C07485000,2026-06-08 18:27:14+00:00,7485.0,66.09,32.9,33.6,0.0,0.0,1.0,2.0,0.1504258237075806,False,REGULAR,USD,2026-06-23,7332.16015625,0.0363499975204467,call,1.020845131651921,0.0383561643835616,33.25
SPXW260623C07490000,2026-06-09 15:21:07+00:00,7490.0,42.8,30.8,31.4,-12.220001,-22.210108,1.0,15.0,0.1483010585784912,False,REGULAR,USD,2026-06-23,7332.16015625,0.0363499975204467,call,1.0215270589275736,0.0383561643835616,31.1
SPXW260623C07495000,2026-06-09 14:05:34+00:00,7495.0,68.2,30.5,31.0,-20.230003,-22.876856,7.0,10.0,0.1499451766586303,False,REGULAR,USD,2026-06-23,7332.16015625,0.0363499975204467,call,1.022208986203226,0.0383561643835616,30.75
SPXW260623C07500000,2026-06-09 15:28:02+00:00,7500.0,30.05,29.2,29.7,-26.95,-47.2807,89.0,230.0,0.1495827840423584,False,REGULAR,USD,2026-06-23,7332.16015625,0.0363499975204467,call,1.0228909134788786,0.0383561643835616,29.45
SPXW260623C07510000,2026-06-09 15:18:21+00:00,7510.0,37.45,25.4,26.0,-8.919998,-19.236572,28.0,20.0,0.1460694829940795,False,REGULAR,USD,2026-06-23,7332.16015625,0.0363499975204467,call,1.024254768030184,0.0383561643835616,25.7
SPXW260623C07515000,2026-06-09 14:25:56+00:00,7515.0,50.13,25.0,25.6,0.6100006,1.2318268,1.0,16.0,0.1474999801635742,False,REGULAR,USD,2026-06-23,7332.16015625,0.0363499975204467,call,1.0249366953058363,0.0383561643835616,25.3
SPXW260623C07520000,2026-06-09 15:21:47+00:00,7520.0,32.09,22.3,23.1,-42.710003,-57.098934,9.0,12.0,0.1438684246826171,False,REGULAR,USD,2026-06-23,7332.16015625,0.0363499975204467,call,1.025618622581489,0.0383561643835616,22.700000000000003
SPXW260623C07525000,2026-06-09 15:10:16+00:00,7525.0,34.86,21.0,21.7,-4.3099976,-11.003313,8.0,111.0,0.1427049536514282,False,REGULAR,USD,2026-06-23,7332.16015625,0.0363499975204467,call,1.0263005498571416,0.0383561643835616,21.35
SPXW260623C07530000,2026-06-09 14:58:00+00:00,7530.0,30.42,21.2,21.8,-8.190001,-21.212122,5.0,13.0,0.1452035553741455,False,REGULAR,USD,2026-06-23,7332.16015625,0.0363499975204467,call,1.0269824771327942,0.0383561643835616,21.5
SPXW260623C07535000,2026-06-09 14:25:56+00:00,7535.0,41.81,20.0,20.6,0.3500023,0.8441927,1.0,17.0,0.1443834036636352,False,REGULAR,USD,2026-06-23,7332.16015625,0.0363499975204467,call,1.0276644044084466,0.0383561643835616,20.3
SPXW260623C07540000,2026-06-09 14:22:08+00:00,7540.0,27.79,18.8,19.3,-24.91,-47.26755,4.0,27.0,0.1431856007003784,False,REGULAR,USD,2026-06-23,7332.16015625,0.0363499975204467,call,1.0283463316840993,0.0383561643835616,19.05
SPXW260623C07545000,2026-06-09 14:22:08+00:00,7545.0,32.6,16.7,17.3,-14.540001,-30.844297,2.0,5.0,0.1399278818130493,False,REGULAR,USD,2026-06-23,7332.16015625,0.0363499975204467,call,1.029028258959752,0.0383561643835616,17.0
SPXW260623C07550000,2026-06-09 14:27:53+00:00,7550.0,35.63,15.9,20.0,5.0600014,16.55218,13.0,126.0,0.1493729777908325,False,REGULAR,USD,2026-06-23,7332.16015625,0.0363499975204467,call,1.0297101862354046,0.0383561643835616,17.95
SPXW260623C07555000,2026-06-09 14:14:54+00:00,7555.0,33.98,15.0,15.6,4.879999,16.769756,3.0,30.0,0.1392832044219971,False,REGULAR,USD,2026-06-23,7332.16015625,0.0363499975204467,call,1.030392113511057,0.0383561643835616,15.3
SPXW260623C07560000,2026-06-09 14:40:34+00:00,7560.0,30.7,14.7,15.2,1.9000015,6.5972276,5.0,46.0,0.1401605760192871,False,REGULAR,USD,2026-06-23,7332.16015625,0.0363499975204467,call,1.0310740407867096,0.0383561643835616,14.95
SPXW260623C07565000,2026-06-09 14:08:27+00:00,7565.0,36.22,13.9,14.3,10.85,42.767048,2.0,17.0,0.1394739373779297,False,REGULAR,USD,2026-06-23,7332.16015625,0.0363499975204467,call,1.0317559680623622,0.0383561643835616,14.1
SPXW260623C07570000,2026-06-09 14:22:08+00:00,7570.0,28.06,12.4,13.0,-9.660002,-25.60976,2.0,84.0,0.1373987628173828,False,REGULAR,USD,2026-06-23,7332.16015625,0.0363499975204467,call,1.0324378953380149,0.0383561643835616,12.7
SPXW260623C07575000,2026-06-09 14:16:00+00:00,7575.0,27.0,12.4,12.9,3.5499992,15.13859,32.0,182.0,0.1390390662384033,False,REGULAR,USD,2026-06-23,7332.16015625,0.0363499975204467,call,1.0331198226136675,0.0383561643835616,12.65
SPXW260623C07580000,2026-06-09 14:22:08+00:00,7580.0,14.5,10.8,11.6,-7.84,-35.094,9.0,41.0,0.1366663482666015,False,REGULAR,USD,2026-06-23,7332.16015625,0.0363499975204467,call,1.03380174988932,0.0383561643835616,11.2
SPXW260623C07585000,2026-06-09 14:17:25+00:00,7585.0,15.3,10.8,11.2,-8.679999,-36.196827,40.0,14.0,0.1371927712249756,False,REGULAR,USD,2026-06-23,7332.16015625,0.0363499975204467,call,1.0344836771649726,0.0383561643835616,11.0
SPXW260623C07590000,2026-06-08 15:24:25+00:00,7590.0,33.85,9.3,9.9,-0.80000305,-2.308811,3.0,24.0,0.134400440750122,False,REGULAR,USD,2026-06-23,7332.16015625,0.0363499975204467,call,1.0351656044406252,0.0383561643835616,9.6
SPXW260623C07595000,2026-06-09 14:44:28+00:00,7595.0,17.71,8.9,9.4,-0.34000015,-1.8836575,4.0,10.0,0.1343622941589355,False,REGULAR,USD,2026-06-23,7332.16015625,0.0363499975204467,call,1.035847531716278,0.0383561643835616,9.15
SPXW260623C07600000,2026-06-09 15:24:01+00:00,7600.0,11.0,8.7,9.4,-5.950001,-35.10325,27.0,104.0,0.1361857012176513,False,REGULAR,USD,2026-06-23,7332.16015625,0.0363499975204467,call,1.0365294589919305,0.0383561643835616,9.05
SPXW260623C07605000,2026-06-09 14:22:08+00:00,7605.0,16.4,7.7,8.2,-8.9,-35.177864,1.0,20.0,0.1332026377868652,False,REGULAR,USD,2026-06-23,7332.16015625,0.0363499975204467,call,1.037211386267583,0.0383561643835616,7.949999999999999
SPXW260623C07610000,2026-06-09 14:17:25+00:00,7610.0,16.2,7.1,7.5,-2.6899986,-14.240333,2.0,32.0,0.131997205505371,False,REGULAR,USD,2026-06-23,7332.16015625,0.0363499975204467,call,1.0378933135432356,0.0383561643835616,7.3
SPXW260623C07615000,2026-06-09 15:04:56+00:00,7615.0,10.75,6.6,7.1,-7.6499996,-41.576084,1.0,13.0,0.1319666882324218,False,REGULAR,USD,2026-06-23,7332.16015625,0.0363499975204467,call,1.0385752408188882,0.0383561643835616,6.85
SPXW260623C07620000,2026-06-09 14:00:58+00:00,7620.0,20.0,6.2,6.7,2.7000008,15.60694,4.0,41.0,0.131844619140625,False,REGULAR,USD,2026-06-23,7332.16015625,0.0363499975204467,call,1.0392571680945406,0.0383561643835616,6.45
SPXW260623C07625000,2026-06-09 15:04:56+00:00,7625.0,9.35,6.1,6.5,-3.25,-25.79365,35.0,755.0,0.1325999216461182,False,REGULAR,USD,2026-06-23,7332.16015625,0.0363499975204467,call,1.0399390953701932,0.0383561643835616,6.3
SPXW260623C07630000,2026-06-09 15:11:40+00:00,7630.0,9.96,5.3,5.7,-2.04,-17.0,22.0,64.0,0.1303034968566894,False,REGULAR,USD,2026-06-23,7332.16015625,0.0363499975204467,call,1.040621022645846,0.0383561643835616,5.5
SPXW260623C07635000,2026-06-09 15:06:51+00:00,7635.0,8.3,5.2,5.6,-7.5,-47.468353,4.0,19.0,0.1314326359558105,False,REGULAR,USD,2026-06-23,7332.16015625,0.0363499975204467,call,1.0413029499214983,0.0383561643835616,5.4
SPXW260623C07640000,2026-06-09 13:58:44+00:00,7640.0,16.73,4.8,5.1,3.6899996,28.297544,9.0,45.0,0.1303721607208251,False,REGULAR,USD,2026-06-23,7332.16015625,0.0363499975204467,call,1.041984877197151,0.0383561643835616,4.949999999999999
SPXW260623C07645000,2026-06-08 13:35:00+00:00,7645.0,17.35,4.2,4.6,0.0,0.0,3.0,3.0,0.1291133232116699,False,REGULAR,USD,2026-06-23,7332.16015625,0.0363499975204467,call,1.0426668044728036,0.0383561643835616,4.4
SPXW260623C07650000,2026-06-09 15:02:14+00:00,7650.0,6.59,3.9,4.2,-2.2799997,-25.704618,22.0,1714.0,0.1282588395690918,False,REGULAR,USD,2026-06-23,7332.16015625,0.0363499975204467,call,1.0433487317484562,0.0383561643835616,4.05
SPXW260623C07655000,2026-06-09 15:02:14+00:00,7655.0,6.1,3.9,4.3,-2.19,-26.41737,4.0,24.0,0.1304560832214355,False,REGULAR,USD,2026-06-23,7332.16015625,0.0363499975204467,call,1.0440306590241089,0.0383561643835616,4.1
SPXW260623C07660000,2026-06-09 14:44:25+00:00,7660.0,7.45,3.5,3.8,-0.24000025,-3.1209395,11.0,18.0,0.1287776332092285,False,REGULAR,USD,2026-06-23,7332.16015625,0.0363499975204467,call,1.0447125862997613,0.0383561643835616,3.65
SPXW260623C07665000,2026-06-09 13:42:36+00:00,7665.0,11.85,3.5,3.9,4.2300005,55.51182,1.0,9.0,0.1309748768615722,False,REGULAR,USD,2026-06-23,7332.16015625,0.0363499975204467,call,1.045394513575414,0.0383561643835616,3.7
SPXW260623C07670000,2026-06-08 19:40:07+00:00,7670.0,6.8,2.8,3.1,0.0,0.0,36.0,141.0,0.1267787518310547,False,REGULAR,USD,2026-06-23,7332.16015625,0.0363499975204467,call,1.0460764408510663,0.0383561643835616,2.95
SPXW260623C07675000,2026-06-09 14:23:15+00:00,7675.0,7.0,2.85,3.1,0.19999981,2.9411736,16.0,45.0,0.1282588395690918,False,REGULAR,USD,2026-06-23,7332.16015625,0.0363499975204467,call,1.0467583681267192,0.0383561643835616,2.975
SPXW260623C07680000,2026-06-08 19:35:07+00:00,7680.0,6.8,2.75,3.0,0.73,12.026359,4.0,43.0,0.1289607368469238,False,REGULAR,USD,2026-06-23,7332.16015625,0.0363499975204467,call,1.0474402954023718,0.0383561643835616,2.875
SPXW260623C07685000,2026-06-09 14:17:58+00:00,7685.0,4.5,2.4,2.65,-3.3200002,-42.455246,9.0,5.0,0.1275264250183105,False,REGULAR,USD,2026-06-23,7332.16015625,0.0363499975204467,call,1.0481222226780242,0.0383561643835616,2.525
SPXW260623C07690000,2026-06-09 14:33:06+00:00,7690.0,6.0,2.05,2.35,-2.1000004,-25.925928,4.0,18.0,0.1262752168273925,False,REGULAR,USD,2026-06-23,7332.16015625,0.0363499975204467,call,1.0488041499536769,0.0383561643835616,2.2
SPXW260623C07700000,2026-06-09 14:44:25+00:00,7700.0,4.05,2.05,2.3,-0.029999733,-0.7352876,15.0,199.0,0.1286250468444824,False,REGULAR,USD,2026-06-23,7332.16015625,0.0363499975204467,call,1.0501680045049822,0.0383561643835616,2.175
SPXW260623C07710000,2026-06-09 13:57:43+00:00,7710.0,4.5,1.55,2.05,-0.96000004,-17.582417,8.0,32.0,0.1289149609375,False,REGULAR,USD,2026-06-23,7332.16015625,0.0363499975204467,call,1.0515318590562872,0.0383561643835616,1.7999999999999998
SPXW260623C07720000,2026-06-09 06:22:55+00:00,7720.0,4.2,1.4,1.6,0.49999976,13.513507,2.0,23.0,0.1265346136474609,False,REGULAR,USD,2026-06-23,7332.16015625,0.0363499975204467,call,1.0528957136075925,0.0383561643835616,1.5
SPXW260623C07725000,2026-06-09 15:24:19+00:00,7725.0,1.7,1.4,1.65,-1.03,-37.72894,10.0,88.0,0.1284877191162109,False,REGULAR,USD,2026-06-23,7332.16015625,0.0363499975204467,call,1.053577640883245,0.0383561643835616,1.525
SPXW260623C07730000,2026-06-09 14:57:22+00:00,7730.0,1.81,1.2,1.4,-10.040001,-84.725746,2.0,8.0,0.1265956481933593,False,REGULAR,USD,2026-06-23,7332.16015625,0.0363499975204467,call,1.0542595681588975,0.0383561643835616,1.2999999999999998
SPXW260623C07750000,2026-06-09 13:55:25+00:00,7750.0,1.52,0.85,1.05,-0.43000007,-22.051285,17.0,290.0,0.126412544555664,False,REGULAR,USD,2026-06-23,7332.16015625,0.0363499975204467,call,1.056987277261508,0.0383561643835616,0.95
SPXW260623C07760000,2026-06-05 14:28:37+00:00,7760.0,6.95,0.8,1.0,0.0,0.0,11.0,11.0,0.1280299600219726,False,REGULAR,USD,2026-06-23,7332.16015625,0.0363499975204467,call,1.0583511318128132,0.0383561643835616,0.9
SPXW260623C07780000,2026-06-09 14:08:55+00:00,7780.0,1.97,0.6,0.8,0.120000005,6.4864864,19.0,13.0,0.129067547302246,False,REGULAR,USD,2026-06-23,7332.16015625,0.0363499975204467,call,1.0610788409154237,0.0383561643835616,0.7
SPXW260623C07790000,2026-06-08 16:02:45+00:00,7790.0,2.06,0.5,0.65,0.0,0.0,1.0,56.0,0.1279994427490234,False,REGULAR,USD,2026-06-23,7332.16015625,0.0363499975204467,call,1.0624426954667283,0.0383561643835616,0.575
SPXW260624C07275000,2026-06-08 17:01:07+00:00,7275.0,230.79,147.3,150.1,21.11,10.067722,1.0,11.0,0.1955646850585937,True,REGULAR,USD,2026-06-24,7332.16015625,0.0363499975204467,call,0.9922041860745124,0.0410958904109589,148.7
SPXW260624C07290000,2026-06-05 14:15:54+00:00,7290.0,167.38,132.5,133.4,-104.06,-38.33628,2.0,2.0,0.1817746923446655,True,REGULAR,USD,2026-06-24,7332.16015625,0.0363499975204467,call,0.99424996790147,0.0410958904109589,132.95
SPXW260624C07300000,2026-06-09 14:53:45+00:00,7300.0,150.07,126.6,127.7,-37.70999,-20.082006,2.0,31.0,0.181374153137207,True,REGULAR,USD,2026-06-24,7332.16015625,0.0363499975204467,call,0.9956138224527752,0.0410958904109589,127.15
SPXW260624C07310000,2026-06-09 14:53:45+00:00,7310.0,143.32,119.7,120.9,-68.009995,-32.181892,3.0,3.0,0.1789365859603881,True,REGULAR,USD,2026-06-24,7332.16015625,0.0363499975204467,call,0.9969776770040804,0.0410958904109589,120.3
SPXW260624C07325000,2026-05-29 18:12:11+00:00,7325.0,299.18,114.8,115.6,0.0,0.0,1.0,17.0,0.1828733141708373,True,REGULAR,USD,2026-06-24,7332.16015625,0.0363499975204467,call,0.9990234588310382,0.0410958904109589,115.2
SPXW260624C07330000,2026-06-09 15:25:17+00:00,7330.0,120.83,110.9,111.8,-116.45999,-49.07918,21.0,2.0,0.1807447343826294,True,REGULAR,USD,2026-06-24,7332.16015625,0.0363499975204467,call,0.9997053861066908,0.0410958904109589,111.35
SPXW260624C07340000,2026-06-04 14:08:50+00:00,7340.0,114.52,101.5,102.5,-133.6,-53.844917,20.0,2.0,0.1735350286483764,False,REGULAR,USD,2026-06-24,7332.16015625,0.0363499975204467,call,1.001069240657996,0.0410958904109589,102.0
SPXW260624C07350000,2026-06-08 15:39:47+00:00,7350.0,168.16,95.1,96.9,0.0,0.0,2.0,293.0,0.1721236047744751,False,REGULAR,USD,2026-06-24,7332.16015625,0.0363499975204467,call,1.002433095209301,0.0410958904109589,96.0
SPXW260624C07360000,2026-06-09 14:15:53+00:00,7360.0,141.06,92.8,93.6,-94.07001,-40.00766,1.0,2.0,0.1742331112670898,False,REGULAR,USD,2026-06-24,7332.16015625,0.0363499975204467,call,1.0037969497606063,0.0410958904109589,93.2
SPXW260624C07370000,2026-06-09 15:05:47+00:00,7370.0,108.2,84.7,85.9,-53.570007,-33.11492,3.0,10.0,0.1688697005462646,False,REGULAR,USD,2026-06-24,7332.16015625,0.0363499975204467,call,1.0051608043119111,0.0410958904109589,85.30000000000001
SPXW260624C07375000,2026-06-09 15:25:57+00:00,7375.0,93.0,82.9,84.6,-39.28,-29.694588,2.0,302.0,0.1702849390792847,False,REGULAR,USD,2026-06-24,7332.16015625,0.0363499975204467,call,1.005842731587564,0.0410958904109589,83.75
SPXW260624C07380000,2026-06-08 17:02:37+00:00,7380.0,102.52,82.4,83.0,-26.360008,-20.45314,2.0,98.0,0.1711508666992187,False,REGULAR,USD,2026-06-24,7332.16015625,0.0363499975204467,call,1.0065246588632166,0.0410958904109589,82.7
SPXW260624C07390000,2026-06-09 15:09:42+00:00,7390.0,102.3,74.2,75.1,-17.799995,-14.820978,2.0,2.0,0.1648757524490356,False,REGULAR,USD,2026-06-24,7332.16015625,0.0363499975204467,call,1.0078885134145217,0.0410958904109589,74.65
SPXW260624C07400000,2026-06-08 19:53:22+00:00,7400.0,134.16,72.0,72.6,28.160004,26.566042,1.0,73.0,0.1673304855918884,False,REGULAR,USD,2026-06-24,7332.16015625,0.0363499975204467,call,1.009252367965827,0.0410958904109589,72.3
SPXW260624C07410000,2026-06-08 19:27:42+00:00,7410.0,102.4,64.8,66.0,2.5999985,2.6052089,1.0,28.0,0.1626060302734375,False,REGULAR,USD,2026-06-24,7332.16015625,0.0363499975204467,call,1.010616222517132,0.0410958904109589,65.4
SPXW260624C07415000,2026-06-05 18:44:22+00:00,7415.0,105.68,64.6,65.4,-7.5199966,-6.6431065,1.0,9.0,0.1647307954025268,False,REGULAR,USD,2026-06-24,7332.16015625,0.0363499975204467,call,1.0112981497927849,0.0410958904109589,65.0
SPXW260624C07420000,2026-06-09 15:11:40+00:00,7420.0,85.95,63.2,63.9,-24.850006,-22.427801,5.0,106.0,0.1652667550086975,False,REGULAR,USD,2026-06-24,7332.16015625,0.0363499975204467,call,1.0119800770684373,0.0410958904109589,63.55
SPXW260624C07425000,2026-06-08 19:42:17+00:00,7425.0,79.65,59.7,60.8,-12.989998,-14.022018,2.0,39.0,0.1629722375488281,False,REGULAR,USD,2026-06-24,7332.16015625,0.0363499975204467,call,1.01266200434409,0.0410958904109589,60.25
SPXW260624C07430000,2026-06-09 14:24:17+00:00,7430.0,96.4,57.6,58.5,-4.5,-4.4598613,23.0,31.0,0.1619766115188599,False,REGULAR,USD,2026-06-24,7332.16015625,0.0363499975204467,call,1.0133439316197423,0.0410958904109589,58.05
SPXW260624C07435000,2026-06-09 15:21:55+00:00,7435.0,70.88,54.5,55.5,-29.120003,-29.120003,4.0,12.0,0.1596649280929565,False,REGULAR,USD,2026-06-24,7332.16015625,0.0363499975204467,call,1.014025858895395,0.0410958904109589,55.0
SPXW260624C07440000,2026-06-09 14:10:16+00:00,7440.0,90.56,53.8,54.4,-17.07,-15.859891,33.0,64.0,0.1606338515090942,False,REGULAR,USD,2026-06-24,7332.16015625,0.0363499975204467,call,1.0147077861710476,0.0410958904109589,54.1
SPXW260624C07445000,2026-06-08 17:09:37+00:00,7445.0,88.61,49.5,50.2,0.0,0.0,14.0,20.0,0.155972338066101,False,REGULAR,USD,2026-06-24,7332.16015625,0.0363499975204467,call,1.0153897134467005,0.0410958904109589,49.85
SPXW260624C07450000,2026-06-09 14:24:50+00:00,7450.0,67.31,49.8,50.8,-22.150002,-24.759672,12.0,59.0,0.159889992980957,False,REGULAR,USD,2026-06-24,7332.16015625,0.0363499975204467,call,1.016071640722353,0.0410958904109589,50.3
SPXW260624C07455000,2026-06-09 13:46:09+00:00,7455.0,82.04,45.4,46.2,-20.760002,-20.194553,3.0,28.0,0.1542557414627075,False,REGULAR,USD,2026-06-24,7332.16015625,0.0363499975204467,call,1.016753567998005,0.0410958904109589,45.8
SPXW260624C07460000,2026-06-09 13:38:51+00:00,7460.0,92.62,45.6,46.2,2.459999,2.7284815,1.0,46.0,0.1569984813690186,False,REGULAR,USD,2026-06-24,7332.16015625,0.0363499975204467,call,1.017435495273658,0.0410958904109589,45.900000000000006
SPXW260624C07465000,2026-06-09 15:03:47+00:00,7465.0,62.17,42.4,43.1,-5.330002,-7.896299,6.0,10.0,0.1538933488464355,False,REGULAR,USD,2026-06-24,7332.16015625,0.0363499975204467,call,1.0181174225493106,0.0410958904109589,42.75
SPXW260624C07470000,2026-06-09 15:03:47+00:00,7470.0,59.82,39.9,40.5,-33.78,-36.089745,7.0,7.0,0.1515931093978881,False,REGULAR,USD,2026-06-24,7332.16015625,0.0363499975204467,call,1.0187993498249632,0.0410958904109589,40.2
SPXW260624C07475000,2026-06-09 14:36:02+00:00,7475.0,68.7,40.2,41.0,2.8499985,4.328016,4.0,26.0,0.1551750743103027,False,REGULAR,USD,2026-06-24,7332.16015625,0.0363499975204467,call,1.0194812771006156,0.0410958904109589,40.6
SPXW260624C07480000,2026-06-08 19:24:21+00:00,7480.0,54.24,37.0,38.4,-6.3799973,-10.524575,2.0,13.0,0.1527069898605347,False,REGULAR,USD,2026-06-24,7332.16015625,0.0363499975204467,call,1.0201632043762685,0.0410958904109589,37.7
SPXW260624C07485000,2026-06-09 14:15:53+00:00,7485.0,64.82,34.8,35.8,-33.58,-34.12602,2.0,1.0,0.1500863190460205,False,REGULAR,USD,2026-06-24,7332.16015625,0.0363499975204467,call,1.020845131651921,0.0410958904109589,35.3
SPXW260624C07490000,2026-06-09 13:43:40+00:00,7490.0,78.9,35.3,36.5,21.7,37.93706,1.0,11.0,0.1540001593017578,False,REGULAR,USD,2026-06-24,7332.16015625,0.0363499975204467,call,1.0215270589275736,0.0410958904109589,35.9
SPXW260624C07495000,2026-06-05 15:19:25+00:00,7495.0,56.7,32.3,33.2,-44.38,-43.905815,1.0,2.0,0.1497582583618164,False,REGULAR,USD,2026-06-24,7332.16015625,0.0363499975204467,call,1.022208986203226,0.0410958904109589,32.75
SPXW260624C07500000,2026-06-09 13:55:17+00:00,7500.0,69.18,31.6,32.2,16.380001,31.02273,15.0,89.0,0.150113021659851,False,REGULAR,USD,2026-06-24,7332.16015625,0.0363499975204467,call,1.0228909134788786,0.0410958904109589,31.9
SPXW260624C07505000,2026-06-08 14:37:38+00:00,7505.0,53.3,28.8,29.5,-14.259998,-21.107162,2.0,11.0,0.1467751949310302,False,REGULAR,USD,2026-06-24,7332.16015625,0.0363499975204467,call,1.0235728407545313,0.0410958904109589,29.15
SPXW260624C07510000,2026-06-09 13:42:07+00:00,7510.0,65.2,28.6,29.2,15.079998,30.087786,2.0,61.0,0.1484841622161865,False,REGULAR,USD,2026-06-24,7332.16015625,0.0363499975204467,call,1.024254768030184,0.0410958904109589,28.9
SPXW260624C07515000,2026-06-09 14:52:45+00:00,7515.0,37.57,27.2,28.1,-43.43,-53.617283,5.0,10.0,0.1484040543746948,False,REGULAR,USD,2026-06-24,7332.16015625,0.0363499975204467,call,1.0249366953058363,0.0410958904109589,27.65
SPXW260624C07520000,2026-06-08 20:14:44+00:00,7520.0,45.8,26.6,27.1,1.25,2.8058362,1.0,92.0,0.1484765328979492,False,REGULAR,USD,2026-06-24,7332.16015625,0.0363499975204467,call,1.025618622581489,0.0410958904109589,26.85
SPXW260624C07525000,2026-06-09 14:52:45+00:00,7525.0,35.0,23.8,24.4,-29.900002,-46.07088,15.0,65.0,0.1445626926422119,False,REGULAR,USD,2026-06-24,7332.16015625,0.0363499975204467,call,1.0263005498571416,0.0410958904109589,24.1
SPXW260624C07530000,2026-06-08 14:30:17+00:00,7530.0,54.07,23.4,23.9,0.0,0.0,20.0,39.0,0.1456117238998412,False,REGULAR,USD,2026-06-24,7332.16015625,0.0363499975204467,call,1.0269824771327942,0.0410958904109589,23.65
SPXW260624C07535000,2026-06-08 14:33:33+00:00,7535.0,32.15,22.1,22.6,-20.349998,-38.7619,1.0,10.0,0.1447000203704833,False,REGULAR,USD,2026-06-24,7332.16015625,0.0363499975204467,call,1.0276644044084466,0.0410958904109589,22.35
SPXW260624C07540000,2026-06-09 15:16:30+00:00,7540.0,30.1,20.6,21.4,-23.390001,-43.727802,2.0,26.0,0.1439218299102783,False,REGULAR,USD,2026-06-24,7332.16015625,0.0363499975204467,call,1.0283463316840993,0.0410958904109589,21.0
SPXW260624C07550000,2026-06-09 14:26:34+00:00,7550.0,23.2,17.7,18.3,-11.639999,-33.409874,5.0,114.0,0.1401987226104736,False,REGULAR,USD,2026-06-24,7332.16015625,0.0363499975204467,call,1.0297101862354046,0.0410958904109589,18.0
SPXW260624C07555000,2026-06-09 14:55:50+00:00,7555.0,25.9,17.6,18.1,-6.7199993,-20.600857,2.0,20.0,0.1417245862579345,False,REGULAR,USD,2026-06-24,7332.16015625,0.0363499975204467,call,1.030392113511057,0.0410958904109589,17.85
SPXW260624C07560000,2026-06-09 13:42:07+00:00,7560.0,37.24,16.0,16.6,-7.949997,-17.592382,14.0,41.0,0.1396608556747436,False,REGULAR,USD,2026-06-24,7332.16015625,0.0363499975204467,call,1.0310740407867096,0.0410958904109589,16.3
SPXW260624C07570000,2026-06-08 14:09:29+00:00,7570.0,38.17,14.8,15.3,0.0,0.0,3.0,58.0,0.1399316964721679,False,REGULAR,USD,2026-06-24,7332.16015625,0.0363499975204467,call,1.0324378953380149,0.0410958904109589,15.05
SPXW260624C07575000,2026-06-08 19:37:52+00:00,7575.0,28.41,13.2,13.8,1.3600006,5.027729,1.0,112.0,0.1374063921356201,False,REGULAR,USD,2026-06-24,7332.16015625,0.0363499975204467,call,1.0331198226136675,0.0410958904109589,13.5
SPXW260624C07580000,2026-06-09 14:49:48+00:00,7580.0,18.69,12.3,12.9,-6.58,-26.03878,2.0,56.0,0.1365175765609741,False,REGULAR,USD,2026-06-24,7332.16015625,0.0363499975204467,call,1.03380174988932,0.0410958904109589,12.6
SPXW260624C07585000,2026-06-08 19:36:45+00:00,7585.0,23.6,13.1,13.5,0.0,0.0,13.0,23.0,0.1402940890884399,False,REGULAR,USD,2026-06-24,7332.16015625,0.0363499975204467,call,1.0344836771649726,0.0410958904109589,13.3
SPXW260624C07590000,2026-06-08 13:50:34+00:00,7590.0,32.7,12.2,12.6,0.0,0.0,1.0,27.0,0.1393137216949463,False,REGULAR,USD,2026-06-24,7332.16015625,0.0363499975204467,call,1.0351656044406252,0.0410958904109589,12.4
SPXW260624C07595000,2026-06-08 14:56:24+00:00,7595.0,32.21,10.8,11.2,0.0,0.0,1.0,3.0,0.1364985032653808,False,REGULAR,USD,2026-06-24,7332.16015625,0.0363499975204467,call,1.035847531716278,0.0410958904109589,11.0
SPXW260624C07600000,2026-06-09 15:06:29+00:00,7600.0,15.3,9.6,10.1,-5.499999,-26.442303,1011.0,2415.0,0.1344309580230712,False,REGULAR,USD,2026-06-24,7332.16015625,0.0363499975204467,call,1.0365294589919305,0.0410958904109589,9.85
SPXW260624C07605000,2026-06-05 16:05:26+00:00,7605.0,38.2,9.1,9.8,0.0,0.0,1.0,0.0,0.1351099673461914,False,REGULAR,USD,2026-06-24,7332.16015625,0.0363499975204467,call,1.037211386267583,0.0410958904109589,9.45
SPXW260624C07610000,2026-06-08 19:32:02+00:00,7610.0,18.6,8.7,9.1,0.0,0.0,27.0,41.0,0.1342325957489013,False,REGULAR,USD,2026-06-24,7332.16015625,0.0363499975204467,call,1.0378933135432356,0.0410958904109589,8.899999999999999
SPXW260624C07615000,2026-06-09 15:05:47+00:00,7615.0,12.05,7.7,8.2,-17.599998,-59.35919,2.0,2.0,0.1324015593719482,False,REGULAR,USD,2026-06-24,7332.16015625,0.0363499975204467,call,1.0385752408188882,0.0410958904109589,7.949999999999999
SPXW260624C07620000,2026-06-09 15:04:56+00:00,7620.0,11.75,7.7,8.3,-7.950001,-40.35533,1.0,16.0,0.1345148805236816,False,REGULAR,USD,2026-06-24,7332.16015625,0.0363499975204467,call,1.0392571680945406,0.0410958904109589,8.0
SPXW260624C07625000,2026-06-09 14:43:09+00:00,7625.0,14.81,6.7,7.2,0.31000042,2.137934,33.0,551.0,0.1315394464111328,False,REGULAR,USD,2026-06-24,7332.16015625,0.0363499975204467,call,1.0399390953701932,0.0410958904109589,6.95
SPXW260624C07630000,2026-06-09 13:41:50+00:00,7630.0,22.62,6.6,7.0,-6.75,-22.982635,6.0,7.0,0.1323100075531006,False,REGULAR,USD,2026-06-24,7332.16015625,0.0363499975204467,call,1.040621022645846,0.0410958904109589,6.8
SPXW260624C07635000,2026-06-09 15:11:40+00:00,7635.0,10.85,6.6,7.0,-17.75,-62.062935,2.0,2.0,0.1339579402923583,False,REGULAR,USD,2026-06-24,7332.16015625,0.0363499975204467,call,1.0413029499214983,0.0410958904109589,6.8
SPXW260624C07640000,2026-06-09 14:51:20+00:00,7640.0,8.6,5.7,6.1,-6.0,-41.09589,9.0,14.0,0.1313487134552002,False,REGULAR,USD,2026-06-24,7332.16015625,0.0363499975204467,call,1.041984877197151,0.0410958904109589,5.9
SPXW260624C07645000,2026-06-08 15:00:09+00:00,7645.0,17.8,5.3,5.6,-3.0700016,-14.710117,12.0,3.0,0.1304331952667236,False,REGULAR,USD,2026-06-24,7332.16015625,0.0363499975204467,call,1.0426668044728036,0.0410958904109589,5.449999999999999
SPXW260624C07650000,2026-06-09 15:27:38+00:00,7650.0,5.5,4.6,5.0,-7.8999996,-58.95522,13.0,355.0,0.1288081504821777,False,REGULAR,USD,2026-06-24,7332.16015625,0.0363499975204467,call,1.0433487317484562,0.0410958904109589,4.8
SPXW260624C07655000,2026-06-05 16:23:35+00:00,7655.0,12.65,4.4,4.8,-10.950001,-46.398308,2.0,0.0,0.1292353923034668,False,REGULAR,USD,2026-06-24,7332.16015625,0.0363499975204467,call,1.0440306590241089,0.0410958904109589,4.6
SPXW260624C07660000,2026-06-09 15:23:28+00:00,7660.0,5.65,3.9,4.4,-3.7999997,-40.21164,5.0,30.0,0.1284266845703124,False,REGULAR,USD,2026-06-24,7332.16015625,0.0363499975204467,call,1.0447125862997613,0.0410958904109589,4.15
SPXW260624C07670000,2026-06-08 15:50:32+00:00,7670.0,13.58,3.9,4.2,-0.27999973,-2.0202003,2.0,115.0,0.1302119450378417,False,REGULAR,USD,2026-06-24,7332.16015625,0.0363499975204467,call,1.0460764408510663,0.0410958904109589,4.05
SPXW260624C07675000,2026-06-09 14:47:51+00:00,7675.0,5.7,3.4,3.8,-6.4000006,-52.892567,8.0,89.0,0.1291133232116699,False,REGULAR,USD,2026-06-24,7332.16015625,0.0363499975204467,call,1.0467583681267192,0.0410958904109589,3.6
SPXW260624C07680000,2026-06-08 13:32:05+00:00,7680.0,10.5,3.0,3.3,-4.55,-30.23256,1.0,83.0,0.1270991831970214,False,REGULAR,USD,2026-06-24,7332.16015625,0.0363499975204467,call,1.0474402954023718,0.0410958904109589,3.15
SPXW260624C07690000,2026-06-05 18:00:07+00:00,7690.0,4.54,2.4,2.8,-9.08,-66.666664,2.0,18.0,0.1261073718261718,False,REGULAR,USD,2026-06-24,7332.16015625,0.0363499975204467,call,1.0488041499536769,0.0410958904109589,2.6
SPXW260624C07700000,2026-06-09 15:28:57+00:00,7700.0,2.37,2.15,2.4,-2.92,-55.198486,3.0,155.0,0.1254665090942383,False,REGULAR,USD,2026-06-24,7332.16015625,0.0363499975204467,call,1.0501680045049822,0.0410958904109589,2.275
SPXW260624C07710000,2026-06-09 15:25:26+00:00,7710.0,2.58,2.15,2.4,-1.9700003,-43.296707,11.0,50.0,0.1281825463867187,False,REGULAR,USD,2026-06-24,7332.16015625,0.0363499975204467,call,1.0515318590562872,0.0410958904109589,2.275
SPXW260624C07720000,2026-06-09 14:50:13+00:00,7720.0,3.0,1.55,1.8,-7.1000004,-70.297035,4.0,11.0,0.1248256463623046,False,REGULAR,USD,2026-06-24,7332.16015625,0.0363499975204467,call,1.0528957136075925,0.0410958904109589,1.675
SPXW260624C07725000,2026-06-09 15:15:21+00:00,7725.0,2.8,1.55,1.75,-1.9399998,-40.92827,98.0,103.0,0.1255733195495605,False,REGULAR,USD,2026-06-24,7332.16015625,0.0363499975204467,call,1.053577640883245,0.0410958904109589,1.65
SPXW260624C07730000,2026-06-09 14:57:26+00:00,7730.0,2.3,1.5,1.85,-4.13,-64.23017,1.0,18.0,0.1279994427490234,False,REGULAR,USD,2026-06-24,7332.16015625,0.0363499975204467,call,1.0542595681588975,0.0410958904109589,1.675
SPXW260624C07740000,2026-06-09 08:30:52+00:00,7740.0,1.97,1.3,1.65,-1.3299999,-40.303032,8.0,14.0,0.1282740982055664,False,REGULAR,USD,2026-06-24,7332.16015625,0.0363499975204467,call,1.0556234227102028,0.0410958904109589,1.475
SPXW260624C07750000,2026-06-08 19:56:03+00:00,7750.0,2.35,1.1,1.3,0.0,0.0,74.0,681.0,0.1262294409179687,False,REGULAR,USD,2026-06-24,7332.16015625,0.0363499975204467,call,1.056987277261508,0.0410958904109589,1.2000000000000002
SPXW260624C07760000,2026-06-08 13:30:59+00:00,7760.0,5.9,0.85,1.1,0.0,0.0,4.0,7.0,0.1256496127319336,False,REGULAR,USD,2026-06-24,7332.16015625,0.0363499975204467,call,1.0583511318128132,0.0410958904109589,0.975
SPXW260624C07775000,2026-06-09 15:15:21+00:00,7775.0,1.3,0.8,0.95,-1.05,-44.68085,92.0,202.0,0.126687200012207,False,REGULAR,USD,2026-06-24,7332.16015625,0.0363499975204467,call,1.0603969136397708,0.0410958904109589,0.875
SPXW260625C07275000,2026-06-08 14:51:23+00:00,7275.0,231.3,144.3,148.9,0.0,0.0,1.0,5.0,0.1877789657974243,True,REGULAR,USD,2026-06-25,7332.16015625,0.0363499975204467,call,0.9922041860745124,0.0438356164383561,146.60000000000002
SPXW260625C07290000,2026-06-05 16:54:31+00:00,7290.0,234.55,136.3,137.4,0.0,0.0,1.0,1.0,0.1827703183746337,True,REGULAR,USD,2026-06-25,7332.16015625,0.0363499975204467,call,0.99424996790147,0.0438356164383561,136.85000000000002
SPXW260625C07300000,2026-06-09 15:27:01+00:00,7300.0,139.6,131.7,132.5,-43.23999,-23.649088,34.0,110.0,0.1836286166763305,True,REGULAR,USD,2026-06-25,7332.16015625,0.0363499975204467,call,0.9956138224527752,0.0438356164383561,132.1
SPXW260625C07325000,2026-06-05 14:50:49+00:00,7325.0,236.13,115.2,116.3,0.0,0.0,1.0,6.0,0.1785226954460144,True,REGULAR,USD,2026-06-25,7332.16015625,0.0363499975204467,call,0.9990234588310382,0.0438356164383561,115.75
SPXW260625C07330000,2026-06-09 15:26:55+00:00,7330.0,121.8,114.6,115.4,-110.229996,-47.506786,2.0,1.0,0.1810499071121215,True,REGULAR,USD,2026-06-25,7332.16015625,0.0363499975204467,call,0.9997053861066908,0.0438356164383561,115.0
SPXW260625C07350000,2026-06-08 19:10:27+00:00,7350.0,119.02,103.6,105.0,-26.980003,-18.479454,1.0,55.0,0.1798292161941528,False,REGULAR,USD,2026-06-25,7332.16015625,0.0363499975204467,call,1.002433095209301,0.0438356164383561,104.3
SPXW260625C07360000,2026-06-08 19:35:12+00:00,7360.0,137.27,97.8,98.6,0.0,0.0,1.0,2.0,0.1769758511734008,False,REGULAR,USD,2026-06-25,7332.16015625,0.0363499975204467,call,1.0037969497606063,0.0438356164383561,98.2
SPXW260625C07370000,2026-06-09 15:26:55+00:00,7370.0,97.9,90.4,91.5,-47.6,-32.714775,1.0,2.0,0.1727644675064087,False,REGULAR,USD,2026-06-25,7332.16015625,0.0363499975204467,call,1.0051608043119111,0.0438356164383561,90.95
SPXW260625C07375000,2026-06-09 15:05:47+00:00,7375.0,109.61,81.4,88.5,-145.09,-56.965057,2.0,14.0,0.1714407807922363,False,REGULAR,USD,2026-06-25,7332.16015625,0.0363499975204467,call,1.005842731587564,0.0438356164383561,84.95
SPXW260625C07380000,2026-06-09 15:11:01+00:00,7380.0,115.25,86.8,87.6,-54.759995,-32.20987,4.0,90.0,0.1734167742156982,False,REGULAR,USD,2026-06-25,7332.16015625,0.0363499975204467,call,1.0065246588632166,0.0438356164383561,87.19999999999999
SPXW260625C07390000,2026-06-08 13:30:52+00:00,7390.0,104.32,78.6,79.5,-46.370003,-30.771786,2.0,60.0,0.1670691814422607,False,REGULAR,USD,2026-06-25,7332.16015625,0.0363499975204467,call,1.0078885134145217,0.0438356164383561,79.05
SPXW260625C07400000,2026-06-09 15:11:01+00:00,7400.0,102.95,77.1,77.8,-19.050003,-15.614756,4.0,195.0,0.17080754737854,False,REGULAR,USD,2026-06-25,7332.16015625,0.0363499975204467,call,1.009252367965827,0.0438356164383561,77.44999999999999
SPXW260625C07410000,2026-06-09 15:23:30+00:00,7410.0,82.7,68.9,70.1,-123.40001,-59.87385,2.0,1.0,0.1645133598327636,False,REGULAR,USD,2026-06-25,7332.16015625,0.0363499975204467,call,1.010616222517132,0.0438356164383561,69.5
SPXW260625C07420000,2026-06-08 19:50:10+00:00,7420.0,103.41,64.5,65.6,0.0,0.0,64.0,122.0,0.1631667851638794,False,REGULAR,USD,2026-06-25,7332.16015625,0.0363499975204467,call,1.0119800770684373,0.0438356164383561,65.05
SPXW260625C07425000,2026-06-08 14:11:26+00:00,7425.0,113.52,62.4,64.0,0.0,0.0,2.0,28.0,0.1634834018707275,False,REGULAR,USD,2026-06-25,7332.16015625,0.0363499975204467,call,1.01266200434409,0.0438356164383561,63.2
SPXW260625C07430000,2026-06-08 14:47:48+00:00,7430.0,72.8,61.6,62.7,-47.199997,-39.33333,2.0,77.0,0.1642501483535766,False,REGULAR,USD,2026-06-25,7332.16015625,0.0363499975204467,call,1.0133439316197423,0.0438356164383561,62.150000000000006
SPXW260625C07440000,2026-06-09 15:02:11+00:00,7440.0,75.76,58.6,59.2,-27.349998,-26.525068,50.0,53.0,0.1640899326705932,False,REGULAR,USD,2026-06-25,7332.16015625,0.0363499975204467,call,1.0147077861710476,0.0438356164383561,58.900000000000006
SPXW260625C07445000,2026-06-09 13:46:59+00:00,7445.0,115.0,55.4,56.2,0.76000214,0.665268,2.0,1.0,0.1617629906082153,False,REGULAR,USD,2026-06-25,7332.16015625,0.0363499975204467,call,1.0153897134467005,0.0438356164383561,55.8
SPXW260625C07450000,2026-06-09 15:03:58+00:00,7450.0,72.18,53.6,54.2,-18.349998,-20.269524,2.0,54.0,0.1610763519668579,False,REGULAR,USD,2026-06-25,7332.16015625,0.0363499975204467,call,1.016071640722353,0.0438356164383561,53.900000000000006
SPXW260625C07455000,2026-06-09 14:51:55+00:00,7455.0,66.24,51.6,52.2,-23.849998,-26.473524,1.0,16.0,0.1603134201431274,False,REGULAR,USD,2026-06-25,7332.16015625,0.0363499975204467,call,1.016753567998005,0.0438356164383561,51.900000000000006
SPXW260625C07460000,2026-06-09 14:09:56+00:00,7460.0,63.6,50.6,55.5,-30.050003,-32.087563,5.0,11.0,0.16885444190979,False,REGULAR,USD,2026-06-25,7332.16015625,0.0363499975204467,call,1.017435495273658,0.0438356164383561,53.05
SPXW260625C07465000,2026-06-09 15:27:57+00:00,7465.0,50.3,45.6,47.0,-41.070004,-44.949112,5.0,1.0,0.1563995798873901,False,REGULAR,USD,2026-06-25,7332.16015625,0.0363499975204467,call,1.0181174225493106,0.0438356164383561,46.3
SPXW260625C07470000,2026-06-08 12:53:26+00:00,7470.0,96.3,45.2,46.0,0.0,0.0,2.0,4.0,0.1572044729614258,False,REGULAR,USD,2026-06-25,7332.16015625,0.0363499975204467,call,1.0187993498249632,0.0438356164383561,45.6
SPXW260625C07475000,2026-06-09 15:27:57+00:00,7475.0,46.4,41.8,42.6,-35.07,-43.04652,6.0,132.0,0.1535271415710449,False,REGULAR,USD,2026-06-25,7332.16015625,0.0363499975204467,call,1.0194812771006156,0.0438356164383561,42.2
SPXW260625C07480000,2026-06-05 19:57:13+00:00,7480.0,74.26,40.3,41.0,0.0,0.0,6.0,16.0,0.1530693824768066,False,REGULAR,USD,2026-06-25,7332.16015625,0.0363499975204467,call,1.0201632043762685,0.0438356164383561,40.65
SPXW260625C07485000,2026-06-09 15:27:57+00:00,7485.0,42.7,38.4,39.7,-47.8,-52.81768,4.0,11.0,0.1531075290679932,False,REGULAR,USD,2026-06-25,7332.16015625,0.0363499975204467,call,1.020845131651921,0.0438356164383561,39.05
SPXW260625C07490000,2026-06-09 15:27:57+00:00,7490.0,40.9,38.6,39.2,-46.799995,-53.363735,58.0,71.0,0.1546257633972168,False,REGULAR,USD,2026-06-25,7332.16015625,0.0363499975204467,call,1.0215270589275736,0.0438356164383561,38.900000000000006
SPXW260625C07495000,2026-06-05 17:36:02+00:00,7495.0,49.89,35.2,36.6,-38.71,-43.690746,2.0,4.0,0.1520203512191772,False,REGULAR,USD,2026-06-25,7332.16015625,0.0363499975204467,call,1.022208986203226,0.0438356164383561,35.900000000000006
SPXW260625C07500000,2026-06-09 15:03:58+00:00,7500.0,49.27,35.2,36.3,-15.060001,-23.410542,5.0,1045.0,0.1538361289596557,False,REGULAR,USD,2026-06-25,7332.16015625,0.0363499975204467,call,1.0228909134788786,0.0438356164383561,35.75
SPXW260625C07505000,2026-06-08 15:13:39+00:00,7505.0,79.51,34.0,35.2,0.0,0.0,5.0,15.0,0.154030676574707,False,REGULAR,USD,2026-06-25,7332.16015625,0.0363499975204467,call,1.0235728407545313,0.0438356164383561,34.6
SPXW260625C07510000,2026-06-08 14:42:50+00:00,7510.0,65.55,31.9,32.5,0.0,0.0,7.0,24.0,0.1509064707565308,False,REGULAR,USD,2026-06-25,7332.16015625,0.0363499975204467,call,1.024254768030184,0.0438356164383561,32.2
SPXW260625C07515000,2026-06-09 15:27:57+00:00,7515.0,32.7,29.6,30.6,-32.859997,-50.122025,2.0,12.0,0.1492661673355103,False,REGULAR,USD,2026-06-25,7332.16015625,0.0363499975204467,call,1.0249366953058363,0.0438356164383561,30.1
SPXW260625C07520000,2026-06-08 19:50:10+00:00,7520.0,60.76,28.2,29.4,8.9299965,17.229397,1.0,75.0,0.1489953265380859,False,REGULAR,USD,2026-06-25,7332.16015625,0.0363499975204467,call,1.025618622581489,0.0438356164383561,28.8
SPXW260625C07525000,2026-06-09 13:43:36+00:00,7525.0,64.98,27.8,28.7,12.780003,24.482763,10.0,61.0,0.1497353704071045,False,REGULAR,USD,2026-06-25,7332.16015625,0.0363499975204467,call,1.0263005498571416,0.0438356164383561,28.25
SPXW260625C07530000,2026-06-09 14:37:59+00:00,7530.0,50.1,26.4,27.0,4.209999,9.17411,2.0,40.0,0.1482285800552368,False,REGULAR,USD,2026-06-25,7332.16015625,0.0363499975204467,call,1.0269824771327942,0.0438356164383561,26.7
SPXW260625C07535000,2026-06-05 13:31:20+00:00,7535.0,97.8,25.2,25.7,0.0,0.0,1.0,1.0,0.1474999801635742,False,REGULAR,USD,2026-06-25,7332.16015625,0.0363499975204467,call,1.0276644044084466,0.0438356164383561,25.45
SPXW260625C07540000,2026-06-09 13:41:38+00:00,7540.0,44.32,22.6,23.4,-6.010002,-11.941193,10.0,74.0,0.1443605157089233,False,REGULAR,USD,2026-06-25,7332.16015625,0.0363499975204467,call,1.0283463316840993,0.0438356164383561,23.0
SPXW260625C07550000,2026-06-09 14:27:08+00:00,7550.0,41.26,21.2,21.8,-3.9900017,-8.817683,36.0,186.0,0.1447305376434326,False,REGULAR,USD,2026-06-25,7332.16015625,0.0363499975204467,call,1.0297101862354046,0.0438356164383561,21.5
SPXW260625C07555000,2026-06-08 19:42:17+00:00,7555.0,31.2,19.2,19.8,-4.8999977,-13.573401,2.0,12.0,0.1418352113723754,False,REGULAR,USD,2026-06-25,7332.16015625,0.0363499975204467,call,1.030392113511057,0.0438356164383561,19.5
SPXW260625C07560000,2026-06-09 14:44:29+00:00,7560.0,32.17,19.3,19.8,-0.62000275,-1.8908287,3.0,26.0,0.1438455367279052,False,REGULAR,USD,2026-06-25,7332.16015625,0.0363499975204467,call,1.0310740407867096,0.0438356164383561,19.55
SPXW260625C07565000,2026-06-05 19:42:35+00:00,7565.0,33.3,17.2,18.5,-4.6800003,-12.322276,1.0,24.0,0.1424951473999023,False,REGULAR,USD,2026-06-25,7332.16015625,0.0363499975204467,call,1.0317559680623622,0.0438356164383561,17.85
SPXW260625C07570000,2026-06-09 14:19:13+00:00,7570.0,31.2,16.3,16.9,-15.259998,-32.845455,3.0,19.0,0.140183463973999,False,REGULAR,USD,2026-06-25,7332.16015625,0.0363499975204467,call,1.0324378953380149,0.0438356164383561,16.6
SPXW260625C07575000,2026-06-09 15:28:18+00:00,7575.0,16.92,16.1,16.6,-12.709999,-42.89571,12.0,176.0,0.1412897151184082,False,REGULAR,USD,2026-06-25,7332.16015625,0.0363499975204467,call,1.0331198226136675,0.0438356164383561,16.35
SPXW260625C07580000,2026-06-09 14:19:13+00:00,7580.0,28.8,14.4,15.0,-75.979996,-72.51383,14.0,59.0,0.13868048828125,False,REGULAR,USD,2026-06-25,7332.16015625,0.0363499975204467,call,1.03380174988932,0.0438356164383561,14.7
SPXW260625C07585000,2026-06-08 17:56:33+00:00,7585.0,31.36,13.4,14.4,0.0,0.0,2.0,3.0,0.1387949280548095,False,REGULAR,USD,2026-06-25,7332.16015625,0.0363499975204467,call,1.0344836771649726,0.0438356164383561,13.9
SPXW260625C07590000,2026-06-05 19:36:10+00:00,7590.0,31.9,12.7,13.4,0.0,0.0,34.0,51.0,0.1376352716827392,False,REGULAR,USD,2026-06-25,7332.16015625,0.0363499975204467,call,1.0351656044406252,0.0438356164383561,13.05
SPXW260625C07600000,2026-06-09 15:19:33+00:00,7600.0,17.35,11.4,11.9,-4.4400005,-20.376322,12.0,190.0,0.1364985032653808,False,REGULAR,USD,2026-06-25,7332.16015625,0.0363499975204467,call,1.0365294589919305,0.0438356164383561,11.65
SPXW260625C07605000,2026-06-08 16:05:51+00:00,7605.0,29.7,10.6,11.4,0.0,0.0,14.0,24.0,0.1366129430389404,False,REGULAR,USD,2026-06-25,7332.16015625,0.0363499975204467,call,1.037211386267583,0.0438356164383561,11.0
SPXW260625C07610000,2026-06-08 16:23:13+00:00,7610.0,29.55,10.3,11.1,0.0,0.0,3.0,17.0,0.137352986907959,False,REGULAR,USD,2026-06-25,7332.16015625,0.0363499975204467,call,1.0378933135432356,0.0438356164383561,10.7
SPXW260625C07615000,2026-06-05 19:15:30+00:00,7615.0,28.88,9.9,10.5,5.7699986,24.96754,5.0,2.0,0.137002038269043,False,REGULAR,USD,2026-06-25,7332.16015625,0.0363499975204467,call,1.0385752408188882,0.0438356164383561,10.2
SPXW260625C07620000,2026-06-09 15:05:47+00:00,7620.0,13.36,8.8,9.3,-7.510001,-35.984673,1.0,62.0,0.1343470355224609,False,REGULAR,USD,2026-06-25,7332.16015625,0.0363499975204467,call,1.0392571680945406,0.0438356164383561,9.05
SPXW260625C07625000,2026-06-09 15:17:20+00:00,7625.0,12.85,8.5,9.0,-8.299999,-39.243496,3.0,204.0,0.1348810877990723,False,REGULAR,USD,2026-06-25,7332.16015625,0.0363499975204467,call,1.0399390953701932,0.0438356164383561,8.75
SPXW260625C07630000,2026-06-08 15:48:11+00:00,7630.0,24.67,8.1,8.7,-0.97999954,-3.820661,10.0,136.0,0.1353846228027344,False,REGULAR,USD,2026-06-25,7332.16015625,0.0363499975204467,call,1.040621022645846,0.0438356164383561,8.399999999999999
SPXW260625C07635000,2026-06-08 14:03:04+00:00,7635.0,21.69,7.1,7.6,0.0,0.0,53.0,42.0,0.1325388871002197,False,REGULAR,USD,2026-06-25,7332.16015625,0.0363499975204467,call,1.0413029499214983,0.0438356164383561,7.35
SPXW260625C07640000,2026-06-08 17:11:26+00:00,7640.0,16.72,7.0,7.4,0.0,0.0,8.0,13.0,0.1332941896057128,False,REGULAR,USD,2026-06-25,7332.16015625,0.0363499975204467,call,1.041984877197151,0.0438356164383561,7.2
SPXW260625C07645000,2026-06-05 18:47:04+00:00,7645.0,19.3,6.2,6.7,0.0,0.0,48.0,46.0,0.1317835845947265,False,REGULAR,USD,2026-06-25,7332.16015625,0.0363499975204467,call,1.0426668044728036,0.0438356164383561,6.45
SPXW260625C07650000,2026-06-09 13:54:34+00:00,7650.0,10.1,5.8,6.3,-2.8099995,-21.766068,37.0,141.0,0.1314936705017089,False,REGULAR,USD,2026-06-25,7332.16015625,0.0363499975204467,call,1.0433487317484562,0.0438356164383561,6.05
SPXW260625C07655000,2026-06-09 14:48:16+00:00,7655.0,9.35,5.7,6.0,-4.379999,-31.900942,1.0,2.0,0.1315928516387939,False,REGULAR,USD,2026-06-25,7332.16015625,0.0363499975204467,call,1.0440306590241089,0.0438356164383561,5.85
SPXW260625C07660000,2026-06-09 13:43:07+00:00,7660.0,17.61,5.2,5.5,3.8700008,28.165945,10.0,86.0,0.1306086695861816,False,REGULAR,USD,2026-06-25,7332.16015625,0.0363499975204467,call,1.0447125862997613,0.0438356164383561,5.35
SPXW260625C07670000,2026-06-09 14:51:06+00:00,7670.0,7.11,4.3,4.8,-5.2400002,-42.42915,8.0,36.0,0.1298304791259765,False,REGULAR,USD,2026-06-25,7332.16015625,0.0363499975204467,call,1.0460764408510663,0.0438356164383561,4.55
SPXW260625C07675000,2026-06-09 13:44:40+00:00,7675.0,7.09,4.0,4.6,-5.79,-44.953415,5.0,174.0,0.1301509104919433,False,REGULAR,USD,2026-06-25,7332.16015625,0.0363499975204467,call,1.0467583681267192,0.0438356164383561,4.3
SPXW260625C07680000,2026-06-08 16:01:35+00:00,7680.0,13.01,4.3,4.7,0.0,0.0,2.0,33.0,0.1322031970977783,False,REGULAR,USD,2026-06-25,7332.16015625,0.0363499975204467,call,1.0474402954023718,0.0438356164383561,4.5
SPXW260625C07690000,2026-06-09 14:59:19+00:00,7690.0,5.9,3.6,4.2,-1.4200001,-19.398907,3.0,48.0,0.1321040159606933,False,REGULAR,USD,2026-06-25,7332.16015625,0.0363499975204467,call,1.0488041499536769,0.0438356164383561,3.9
SPXW260625C07700000,2026-06-09 14:12:45+00:00,7700.0,4.65,2.8,3.1,-2.1799998,-31.918007,48.0,127.0,0.127389097290039,False,REGULAR,USD,2026-06-25,7332.16015625,0.0363499975204467,call,1.0501680045049822,0.0438356164383561,2.95
SPXW260625C07710000,2026-06-09 14:10:14+00:00,7710.0,7.9,2.55,2.8,1.9700003,33.220917,4.0,439.0,0.1277553045654297,False,REGULAR,USD,2026-06-25,7332.16015625,0.0363499975204467,call,1.0515318590562872,0.0438356164383561,2.675
SPXW260625C07720000,2026-06-08 18:49:15+00:00,7720.0,6.45,2.15,2.4,0.0,0.0,3.0,49.0,0.1270076313781738,False,REGULAR,USD,2026-06-25,7332.16015625,0.0363499975204467,call,1.0528957136075925,0.0438356164383561,2.275
SPXW260625C07725000,2026-06-08 18:51:34+00:00,7725.0,6.0,2.0,2.2,0.0,0.0,62.0,118.0,0.1264430618286132,False,REGULAR,USD,2026-06-25,7332.16015625,0.0363499975204467,call,1.053577640883245,0.0438356164383561,2.1
SPXW260625C07730000,2026-06-09 15:26:06+00:00,7730.0,2.32,2.0,2.25,-4.38,-65.37314,2.0,52.0,0.1282283222961425,False,REGULAR,USD,2026-06-25,7332.16015625,0.0363499975204467,call,1.0542595681588975,0.0438356164383561,2.125
SPXW260625C07740000,2026-06-08 13:54:32+00:00,7740.0,4.2,1.55,1.8,-3.3000002,-44.000004,11.0,21.0,0.1261684063720703,False,REGULAR,USD,2026-06-25,7332.16015625,0.0363499975204467,call,1.0556234227102028,0.0438356164383561,1.675
SPXW260625C07750000,2026-06-09 13:54:34+00:00,7750.0,5.75,1.35,1.55,1.3899999,31.88073,19.0,277.0,0.1257259059143066,False,REGULAR,USD,2026-06-25,7332.16015625,0.0363499975204467,call,1.056987277261508,0.0438356164383561,1.4500000000000002
SPXW260625C07770000,2026-06-08 14:52:47+00:00,7770.0,4.7,1.0,1.2,0.0,0.0,1.0,6.0,0.1258021990966797,False,REGULAR,USD,2026-06-25,7332.16015625,0.0363499975204467,call,1.0597149863641182,0.0438356164383561,1.1
SPXW260625C07775000,2026-06-05 19:29:04+00:00,7775.0,1.64,0.95,1.15,-2.29,-58.269722,2.0,44.0,0.1262294409179687,False,REGULAR,USD,2026-06-25,7332.16015625,0.0363499975204467,call,1.0603969136397708,0.0438356164383561,1.0499999999999998
SPXW260625C07825000,2026-06-09 14:55:10+00:00,7825.0,0.75,0.55,0.7,-0.72,-48.97959,16.0,220.0,0.1291590991210937,False,REGULAR,USD,2026-06-25,7332.16015625,0.0363499975204467,call,1.0672161863962968,0.0438356164383561,0.625
SPXW260626C07260000,2026-06-09 14:59:35+00:00,7260.0,197.81,154.6,162.6,-17.869995,-8.28542,1.0,33.0,0.1904797444534302,True,REGULAR,USD,2026-06-26,7332.16015625,0.0363499975204467,call,0.9901584042475544,0.0465753424657534,158.6
SPXW260626C07270000,2026-06-08 16:02:22+00:00,7270.0,232.46,154.6,156.4,0.0,0.0,1.0,14.0,0.1898159937667847,True,REGULAR,USD,2026-06-26,7332.16015625,0.0363499975204467,call,0.9915222587988596,0.0465753424657534,155.5
SPXW260626C07275000,2026-06-08 16:02:22+00:00,7275.0,228.33,150.9,152.1,0.0,0.0,1.0,58.0,0.1875252909660339,True,REGULAR,USD,2026-06-26,7332.16015625,0.0363499975204467,call,0.9922041860745124,0.0465753424657534,151.5
SPXW260626C07280000,2026-06-09 15:03:02+00:00,7280.0,183.03,148.0,149.1,-17.430008,-8.695004,2.0,12.0,0.1872372842025756,True,REGULAR,USD,2026-06-26,7332.16015625,0.0363499975204467,call,0.9928861133501647,0.0465753424657534,148.55
SPXW260626C07290000,2026-06-08 13:46:13+00:00,7290.0,224.68,145.3,146.2,0.0,0.0,1.0,1.0,0.1913456720733642,True,REGULAR,USD,2026-06-26,7332.16015625,0.0363499975204467,call,0.99424996790147,0.0465753424657534,145.75
SPXW260626C07300000,2026-06-09 14:46:39+00:00,7300.0,168.5,140.6,141.4,-15.300003,-8.324266,5.0,402.0,0.1922650049209595,True,REGULAR,USD,2026-06-26,7332.16015625,0.0363499975204467,call,0.9956138224527752,0.0465753424657534,141.0
SPXW260626C07310000,2026-06-09 14:57:11+00:00,7310.0,155.83,129.2,130.7,-29.839996,-16.071522,1.0,15.0,0.1838574962234497,True,REGULAR,USD,2026-06-26,7332.16015625,0.0363499975204467,call,0.9969776770040804,0.0465753424657534,129.95
SPXW260626C07320000,2026-06-08 19:57:16+00:00,7320.0,152.82,123.6,125.2,-16.259995,-9.616747,2.0,8.0,0.183315814628601,True,REGULAR,USD,2026-06-26,7332.16015625,0.0363499975204467,call,0.9983415315553856,0.0465753424657534,124.4
SPXW260626C07325000,2026-06-08 18:44:46+00:00,7325.0,150.77,118.4,121.1,-25.589996,-14.51009,1.0,33.0,0.1808877840995788,True,REGULAR,USD,2026-06-26,7332.16015625,0.0363499975204467,call,0.9990234588310382,0.0465753424657534,119.75
SPXW260626C07330000,2026-06-09 14:50:31+00:00,7330.0,138.1,116.8,118.1,-23.029999,-14.292807,3.0,9.0,0.1801038716506958,True,REGULAR,USD,2026-06-26,7332.16015625,0.0363499975204467,call,0.9997053861066908,0.0465753424657534,117.45
SPXW260626C07340000,2026-06-05 19:14:11+00:00,7340.0,158.16,117.4,122.2,0.0,0.0,6.0,8.0,0.1939358256149292,False,REGULAR,USD,2026-06-26,7332.16015625,0.0363499975204467,call,1.001069240657996,0.0465753424657534,119.8
SPXW260626C07350000,2026-06-09 14:52:00+00:00,7350.0,121.5,104.6,105.6,-28.5,-19.0,5.0,234.0,0.175684589061737,False,REGULAR,USD,2026-06-26,7332.16015625,0.0363499975204467,call,1.002433095209301,0.0465753424657534,105.1
SPXW260626C07360000,2026-06-09 15:25:04+00:00,7360.0,113.0,102.2,103.0,-30.429993,-21.21592,10.0,33.0,0.1787820922660827,False,REGULAR,USD,2026-06-26,7332.16015625,0.0363499975204467,call,1.0037969497606063,0.0465753424657534,102.6
SPXW260626C07365000,2026-06-08 19:22:42+00:00,7365.0,138.78,99.6,100.4,0.0,0.0,6.0,7.0,0.1782461326599121,False,REGULAR,USD,2026-06-26,7332.16015625,0.0363499975204467,call,1.0044788770362587,0.0465753424657534,100.0
SPXW260626C07370000,2026-06-09 15:20:14+00:00,7370.0,116.54,93.8,95.2,-36.420006,-23.810148,9.0,30.0,0.1736303951263428,False,REGULAR,USD,2026-06-26,7332.16015625,0.0363499975204467,call,1.0051608043119111,0.0465753424657534,94.5
SPXW260626C07375000,2026-06-05 19:47:57+00:00,7375.0,113.8,92.4,93.4,-27.309998,-19.353693,1.0,112.0,0.1742216672897338,False,REGULAR,USD,2026-06-26,7332.16015625,0.0363499975204467,call,1.005842731587564,0.0465753424657534,92.9
SPXW260626C07380000,2026-06-09 15:19:53+00:00,7380.0,110.7,89.2,90.6,-19.970001,-15.282775,17.0,159.0,0.1732031533050537,False,REGULAR,USD,2026-06-26,7332.16015625,0.0363499975204467,call,1.0065246588632166,0.0465753424657534,89.9
SPXW260626C07385000,2026-06-09 15:20:58+00:00,7385.0,108.3,88.4,89.0,-26.009995,-19.365643,9.0,67.0,0.1739985097312927,False,REGULAR,USD,2026-06-26,7332.16015625,0.0363499975204467,call,1.0072065861388693,0.0465753424657534,88.7
SPXW260626C07390000,2026-06-09 14:47:05+00:00,7390.0,110.6,80.2,88.0,-14.419998,-11.534153,14.0,278.0,0.175684589061737,False,REGULAR,USD,2026-06-26,7332.16015625,0.0363499975204467,call,1.0078885134145217,0.0465753424657534,84.1
SPXW260626C07395000,2026-06-09 15:05:38+00:00,7395.0,102.75,82.0,85.5,-16.370003,-13.742446,10.0,11.0,0.1749731551361084,False,REGULAR,USD,2026-06-26,7332.16015625,0.0363499975204467,call,1.0085704406901743,0.0465753424657534,83.75
SPXW260626C07400000,2026-06-09 15:03:02+00:00,7400.0,102.86,78.4,79.7,-12.639999,-10.943723,65.0,788.0,0.1689955842971802,False,REGULAR,USD,2026-06-26,7332.16015625,0.0363499975204467,call,1.009252367965827,0.0465753424657534,79.05000000000001
SPXW260626C07405000,2026-06-09 14:57:18+00:00,7405.0,96.32,78.3,78.8,-31.879997,-24.867393,11.0,12.0,0.1706797562980652,False,REGULAR,USD,2026-06-26,7332.16015625,0.0363499975204467,call,1.0099342952414796,0.0465753424657534,78.55
SPXW260626C07410000,2026-06-09 14:56:01+00:00,7410.0,97.71,73.1,74.4,-12.620003,-11.438414,13.0,116.0,0.166748750076294,False,REGULAR,USD,2026-06-26,7332.16015625,0.0363499975204467,call,1.010616222517132,0.0465753424657534,73.75
SPXW260626C07415000,2026-06-05 16:17:30+00:00,7415.0,92.63,70.6,71.4,-54.04,-36.844616,4.0,10.0,0.1649634896087646,False,REGULAR,USD,2026-06-26,7332.16015625,0.0363499975204467,call,1.0112981497927849,0.0465753424657534,71.0
SPXW260626C07420000,2026-06-09 14:57:37+00:00,7420.0,89.17,68.3,69.2,-13.790001,-13.393552,5.0,196.0,0.1643912907409668,False,REGULAR,USD,2026-06-26,7332.16015625,0.0363499975204467,call,1.0119800770684373,0.0465753424657534,68.75
SPXW260626C07425000,2026-06-09 15:27:26+00:00,7425.0,72.37,66.5,67.4,-29.729996,-29.118507,66.0,1575.0,0.1644065493774414,False,REGULAR,USD,2026-06-26,7332.16015625,0.0363499975204467,call,1.01266200434409,0.0465753424657534,66.95
SPXW260626C07430000,2026-06-09 14:59:19+00:00,7430.0,87.7,65.9,66.9,-8.810005,-9.1285925,2.0,114.0,0.1664893532562256,False,REGULAR,USD,2026-06-26,7332.16015625,0.0363499975204467,call,1.0133439316197423,0.0465753424657534,66.4
SPXW260626C07435000,2026-06-09 14:26:35+00:00,7435.0,105.58,61.5,62.7,13.380005,14.511936,5.0,26.0,0.1624591658973694,False,REGULAR,USD,2026-06-26,7332.16015625,0.0363499975204467,call,1.014025858895395,0.0465753424657534,62.1
SPXW260626C07440000,2026-06-09 14:59:38+00:00,7440.0,70.99,61.6,62.4,-21.950005,-23.617392,14.0,138.0,0.1647765713119506,False,REGULAR,USD,2026-06-26,7332.16015625,0.0363499975204467,call,1.0147077861710476,0.0465753424657534,62.0
SPXW260626C07445000,2026-06-09 13:52:02+00:00,7445.0,121.0,57.3,58.4,32.1,36.107983,2.0,22.0,0.1608932483291626,False,REGULAR,USD,2026-06-26,7332.16015625,0.0363499975204467,call,1.0153897134467005,0.0465753424657534,57.85
SPXW260626C07450000,2026-06-09 15:27:26+00:00,7450.0,60.88,57.6,58.0,-27.319996,-30.975052,120.0,2327.0,0.1629569789123535,False,REGULAR,USD,2026-06-26,7332.16015625,0.0363499975204467,call,1.016071640722353,0.0465753424657534,57.8
SPXW260626C07455000,2026-06-09 14:04:46+00:00,7455.0,102.7,56.0,56.6,21.43,26.368895,17.0,39.0,0.1632964835739135,False,REGULAR,USD,2026-06-26,7332.16015625,0.0363499975204467,call,1.016753567998005,0.0465753424657534,56.3
SPXW260626C07460000,2026-06-09 14:54:53+00:00,7460.0,69.17,52.2,53.2,-13.020004,-15.841349,52.0,164.0,0.1601570191192627,False,REGULAR,USD,2026-06-26,7332.16015625,0.0363499975204467,call,1.017435495273658,0.0465753424657534,52.7
SPXW260626C07465000,2026-06-09 15:16:32+00:00,7465.0,66.46,50.7,51.8,-12.340004,-15.659903,34.0,75.0,0.1603668253707885,False,REGULAR,USD,2026-06-26,7332.16015625,0.0363499975204467,call,1.0181174225493106,0.0465753424657534,51.25
SPXW260626C07470000,2026-06-09 15:01:25+00:00,7470.0,65.99,47.8,49.4,-19.800003,-23.079617,78.0,117.0,0.1587684832000732,False,REGULAR,USD,2026-06-26,7332.16015625,0.0363499975204467,call,1.0187993498249632,0.0465753424657534,48.6
SPXW260626C07475000,2026-06-09 14:56:43+00:00,7475.0,60.2,47.6,48.2,-15.299999,-20.264898,91.0,163.0,0.1592071689987182,False,REGULAR,USD,2026-06-26,7332.16015625,0.0363499975204467,call,1.0194812771006156,0.0465753424657534,47.900000000000006
SPXW260626C07480000,2026-06-09 15:06:51+00:00,7480.0,61.4,44.6,45.7,-9.75,-13.703444,44.0,80.0,0.1572693221664428,False,REGULAR,USD,2026-06-26,7332.16015625,0.0363499975204467,call,1.0201632043762685,0.0465753424657534,45.150000000000006
SPXW260626C07485000,2026-06-09 13:52:13+00:00,7485.0,72.2,41.7,42.7,-3.7200012,-4.899896,10.0,18.0,0.1543091466903686,False,REGULAR,USD,2026-06-26,7332.16015625,0.0363499975204467,call,1.020845131651921,0.0465753424657534,42.2
SPXW260626C07490000,2026-06-09 15:04:23+00:00,7490.0,56.1,42.0,42.5,-10.770004,-16.105885,26.0,318.0,0.1563805065917969,False,REGULAR,USD,2026-06-26,7332.16015625,0.0363499975204467,call,1.0215270589275736,0.0465753424657534,42.25
SPXW260626C07495000,2026-06-09 14:48:07+00:00,7495.0,54.0,38.4,39.2,-4.290001,-7.3597546,4.0,25.0,0.1526535846328736,False,REGULAR,USD,2026-06-26,7332.16015625,0.0363499975204467,call,1.022208986203226,0.0465753424657534,38.8
SPXW260626C07500000,2026-06-09 15:24:16+00:00,7500.0,45.0,38.8,40.3,-17.509998,-28.011517,131.0,982.0,0.1570976625061035,False,REGULAR,USD,2026-06-26,7332.16015625,0.0363499975204467,call,1.0228909134788786,0.0465753424657534,39.55
SPXW260626C07505000,2026-06-09 14:58:03+00:00,7505.0,50.04,35.6,36.7,-8.459999,-14.461536,2.0,68.0,0.1525963647460937,False,REGULAR,USD,2026-06-26,7332.16015625,0.0363499975204467,call,1.0235728407545313,0.0465753424657534,36.150000000000006
SPXW260626C07510000,2026-06-09 15:21:16+00:00,7510.0,45.92,33.6,34.3,-10.52,-18.639263,8.0,183.0,0.1502198321151733,False,REGULAR,USD,2026-06-26,7332.16015625,0.0363499975204467,call,1.024254768030184,0.0465753424657534,33.95
SPXW260626C07515000,2026-06-09 14:01:53+00:00,7515.0,72.56,32.2,33.0,5.2999954,7.879862,2.0,82.0,0.1499032154083252,False,REGULAR,USD,2026-06-26,7332.16015625,0.0363499975204467,call,1.0249366953058363,0.0465753424657534,32.6
SPXW260626C07520000,2026-06-09 15:21:16+00:00,7520.0,42.22,27.6,31.7,-9.52,-18.39969,12.0,295.0,0.1495141201782227,False,REGULAR,USD,2026-06-26,7332.16015625,0.0363499975204467,call,1.025618622581489,0.0465753424657534,29.65
SPXW260626C07525000,2026-06-09 15:03:56+00:00,7525.0,43.75,31.5,32.6,-9.34,-17.592768,52.0,263.0,0.1535576588439941,False,REGULAR,USD,2026-06-26,7332.16015625,0.0363499975204467,call,1.0263005498571416,0.0465753424657534,32.05
SPXW260626C07530000,2026-06-09 13:36:30+00:00,7530.0,62.71,27.9,28.8,9.93,18.813946,3.0,284.0,0.1478814460754394,False,REGULAR,USD,2026-06-26,7332.16015625,0.0363499975204467,call,1.0269824771327942,0.0465753424657534,28.35
SPXW260626C07535000,2026-06-09 15:18:54+00:00,7535.0,37.8,26.6,28.2,-8.290001,-17.986551,84.0,106.0,0.1487550030136108,False,REGULAR,USD,2026-06-26,7332.16015625,0.0363499975204467,call,1.0276644044084466,0.0465753424657534,27.4
SPXW260626C07540000,2026-06-09 13:49:27+00:00,7540.0,57.31,25.6,29.7,13.620003,31.174189,5.0,375.0,0.1540840818023681,False,REGULAR,USD,2026-06-26,7332.16015625,0.0363499975204467,call,1.0283463316840993,0.0465753424657534,27.65
SPXW260626C07545000,2026-06-09 15:19:11+00:00,7545.0,34.04,25.4,25.9,-17.559998,-34.031006,8.0,58.0,0.1479653685760498,False,REGULAR,USD,2026-06-26,7332.16015625,0.0363499975204467,call,1.029028258959752,0.0465753424657534,25.65
SPXW260626C07550000,2026-06-09 15:00:30+00:00,7550.0,29.25,24.7,25.6,-12.099998,-29.262392,451.0,968.0,0.1493653484725952,False,REGULAR,USD,2026-06-26,7332.16015625,0.0363499975204467,call,1.0297101862354046,0.0465753424657534,25.15
SPXW260626C07555000,2026-06-08 18:07:47+00:00,7555.0,47.0,22.5,23.3,0.0,0.0,27.0,52.0,0.1461686641311645,False,REGULAR,USD,2026-06-26,7332.16015625,0.0363499975204467,call,1.030392113511057,0.0465753424657534,22.9
SPXW260626C07560000,2026-06-09 14:25:14+00:00,7560.0,42.58,20.7,24.9,4.5300026,11.905395,19.0,141.0,0.1518792088317871,False,REGULAR,USD,2026-06-26,7332.16015625,0.0363499975204467,call,1.0310740407867096,0.0465753424657534,22.8
SPXW260626C07565000,2026-06-09 14:00:25+00:00,7565.0,47.21,20.7,21.2,3.6599998,8.404134,2.0,58.0,0.1451730381011962,False,REGULAR,USD,2026-06-26,7332.16015625,0.0363499975204467,call,1.0317559680623622,0.0465753424657534,20.95
SPXW260626C07570000,2026-06-09 13:55:32+00:00,7570.0,27.82,19.6,20.1,-6.029999,-17.813883,26.0,123.0,0.1444253649139404,False,REGULAR,USD,2026-06-26,7332.16015625,0.0363499975204467,call,1.0324378953380149,0.0465753424657534,19.85
SPXW260626C07575000,2026-06-09 15:13:15+00:00,7575.0,27.17,18.5,19.0,-5.9699993,-18.014482,47.0,240.0,0.1435823252487182,False,REGULAR,USD,2026-06-26,7332.16015625,0.0363499975204467,call,1.0331198226136675,0.0465753424657534,18.75
SPXW260626C07580000,2026-06-09 15:27:25+00:00,7580.0,19.12,16.4,17.3,-11.679998,-37.922073,36.0,264.0,0.1410455769348144,False,REGULAR,USD,2026-06-26,7332.16015625,0.0363499975204467,call,1.03380174988932,0.0465753424657534,16.85
SPXW260626C07585000,2026-06-08 16:38:18+00:00,7585.0,37.23,16.6,17.1,0.0,0.0,10.0,89.0,0.1423807076263427,False,REGULAR,USD,2026-06-26,7332.16015625,0.0363499975204467,call,1.0344836771649726,0.0465753424657534,16.85
SPXW260626C07590000,2026-06-09 15:27:25+00:00,7590.0,17.17,14.8,15.4,-21.63,-55.747425,81.0,850.0,0.1395426012420654,False,REGULAR,USD,2026-06-26,7332.16015625,0.0363499975204467,call,1.0351656044406252,0.0465753424657534,15.1
SPXW260626C07595000,2026-06-09 14:12:39+00:00,7595.0,33.0,13.9,15.7,-4.5,-12.0,3.0,55.0,0.1422052333068847,False,REGULAR,USD,2026-06-26,7332.16015625,0.0363499975204467,call,1.035847531716278,0.0465753424657534,14.8
SPXW260626C07600000,2026-06-09 15:26:19+00:00,7600.0,16.0,13.2,13.8,-9.049999,-36.127743,866.0,3275.0,0.1384973846435547,False,REGULAR,USD,2026-06-26,7332.16015625,0.0363499975204467,call,1.0365294589919305,0.0465753424657534,13.5
SPXW260626C07605000,2026-06-09 14:27:48+00:00,7605.0,27.7,12.5,13.3,2.58,10.2707,48.0,219.0,0.1387491521453857,False,REGULAR,USD,2026-06-26,7332.16015625,0.0363499975204467,call,1.037211386267583,0.0465753424657534,12.9
SPXW260626C07610000,2026-06-09 14:27:48+00:00,7610.0,18.45,12.3,12.8,-4.6499996,-20.129868,13.0,378.0,0.1389475144195557,False,REGULAR,USD,2026-06-26,7332.16015625,0.0363499975204467,call,1.0378933135432356,0.0465753424657534,12.55
SPXW260626C07615000,2026-06-09 14:58:03+00:00,7615.0,16.91,11.0,11.5,-10.639999,-38.62069,2.0,72.0,0.1364985032653808,False,REGULAR,USD,2026-06-26,7332.16015625,0.0363499975204467,call,1.0385752408188882,0.0465753424657534,11.25
SPXW260626C07620000,2026-06-09 15:22:08+00:00,7620.0,15.0,8.2,11.0,-10.1,-40.239044,25.0,291.0,0.1365213912200928,False,REGULAR,USD,2026-06-26,7332.16015625,0.0363499975204467,call,1.0392571680945406,0.0465753424657534,9.6
SPXW260626C07625000,2026-06-09 15:14:59+00:00,7625.0,16.31,10.5,11.4,-3.7300014,-18.612782,12.0,583.0,0.1395502305603027,False,REGULAR,USD,2026-06-26,7332.16015625,0.0363499975204467,call,1.0399390953701932,0.0465753424657534,10.95
SPXW260626C07630000,2026-06-09 15:25:01+00:00,7630.0,11.8,9.1,9.6,-6.169999,-34.335,3.0,209.0,0.1349268637084961,False,REGULAR,USD,2026-06-26,7332.16015625,0.0363499975204467,call,1.040621022645846,0.0465753424657534,9.35
SPXW260626C07635000,2026-06-09 15:14:59+00:00,7635.0,14.5,8.6,9.1,-2.5200005,-14.806112,18.0,32.0,0.1346979841613769,False,REGULAR,USD,2026-06-26,7332.16015625,0.0363499975204467,call,1.0413029499214983,0.0465753424657534,8.85
SPXW260626C07640000,2026-06-09 15:22:27+00:00,7640.0,11.66,8.3,8.8,-5.67,-32.71783,10.0,430.0,0.1351557432556152,False,REGULAR,USD,2026-06-26,7332.16015625,0.0363499975204467,call,1.041984877197151,0.0465753424657534,8.55
SPXW260626C07645000,2026-06-08 17:45:13+00:00,7645.0,12.87,7.8,8.3,-5.13,-28.5,10.0,53.0,0.1347895359802246,False,REGULAR,USD,2026-06-26,7332.16015625,0.0363499975204467,call,1.0426668044728036,0.0465753424657534,8.05
SPXW260626C07650000,2026-06-09 15:25:11+00:00,7650.0,9.1,7.2,7.8,-5.45,-37.457043,264.0,1010.0,0.134324147567749,False,REGULAR,USD,2026-06-26,7332.16015625,0.0363499975204467,call,1.0433487317484562,0.0465753424657534,7.5
SPXW260626C07655000,2026-06-08 15:57:27+00:00,7655.0,10.45,6.6,7.0,-10.000001,-48.89976,1.0,25.0,0.1324549645996094,False,REGULAR,USD,2026-06-26,7332.16015625,0.0363499975204467,call,1.0440306590241089,0.0465753424657534,6.8
SPXW260626C07660000,2026-06-09 13:54:16+00:00,7660.0,19.85,7.0,7.4,5.6500006,39.78874,3.0,186.0,0.1357355714416504,False,REGULAR,USD,2026-06-26,7332.16015625,0.0363499975204467,call,1.0447125862997613,0.0465753424657534,7.2
SPXW260626C07665000,2026-06-09 15:25:37+00:00,7665.0,7.56,5.6,6.1,-7.15,-48.60639,4.0,39.0,0.1313487134552002,False,REGULAR,USD,2026-06-26,7332.16015625,0.0363499975204467,call,1.045394513575414,0.0465753424657534,5.85
SPXW260626C07670000,2026-06-09 15:15:55+00:00,7670.0,9.0,5.1,5.8,-2.7200003,-23.208193,16.0,273.0,0.1313716014099121,False,REGULAR,USD,2026-06-26,7332.16015625,0.0363499975204467,call,1.0460764408510663,0.0465753424657534,5.449999999999999
SPXW260626C07675000,2026-06-09 15:26:57+00:00,7675.0,6.03,4.9,5.4,-5.9599996,-49.708084,59.0,500.0,0.1308070318603515,False,REGULAR,USD,2026-06-26,7332.16015625,0.0363499975204467,call,1.0467583681267192,0.0465753424657534,5.15
SPXW260626C07680000,2026-06-09 15:25:01+00:00,7680.0,6.15,4.7,5.1,-3.65,-37.244896,17.0,763.0,0.1306773334503173,False,REGULAR,USD,2026-06-26,7332.16015625,0.0363499975204467,call,1.0474402954023718,0.0465753424657534,4.9
SPXW260626C07685000,2026-06-09 15:26:57+00:00,7685.0,5.23,4.6,5.0,-6.5899997,-55.752956,46.0,61.0,0.131569963684082,False,REGULAR,USD,2026-06-26,7332.16015625,0.0363499975204467,call,1.0481222226780242,0.0465753424657534,4.8
SPXW260626C07690000,2026-06-09 15:15:55+00:00,7690.0,6.9,4.1,4.6,-4.27,-38.227394,71.0,164.0,0.1307459973144531,False,REGULAR,USD,2026-06-26,7332.16015625,0.0363499975204467,call,1.0488041499536769,0.0465753424657534,4.35
SPXW260626C07700000,2026-06-09 15:21:26+00:00,7700.0,5.65,3.7,4.0,-1.9200001,-25.363276,468.0,2303.0,0.1299067723083495,False,REGULAR,USD,2026-06-26,7332.16015625,0.0363499975204467,call,1.0501680045049822,0.0465753424657534,3.85
SPXW260626C07710000,2026-06-09 15:29:08+00:00,7710.0,3.18,3.0,3.4,-3.49,-52.323837,25.0,1462.0,0.1286250468444824,False,REGULAR,USD,2026-06-26,7332.16015625,0.0363499975204467,call,1.0515318590562872,0.0465753424657534,3.2
SPXW260626C07720000,2026-06-09 15:27:13+00:00,7720.0,3.15,2.8,3.2,-4.85,-60.625,8.0,356.0,0.1298609963989258,False,REGULAR,USD,2026-06-26,7332.16015625,0.0363499975204467,call,1.0528957136075925,0.0465753424657534,3.0
SPXW260626C07725000,2026-06-09 15:29:31+00:00,7725.0,2.45,2.4,2.6,-2.9399998,-54.545452,52.0,1553.0,0.1264278031921386,False,REGULAR,USD,2026-06-26,7332.16015625,0.0363499975204467,call,1.053577640883245,0.0465753424657534,2.5
SPXW260626C07730000,2026-06-09 15:26:53+00:00,7730.0,2.85,2.2,2.45,-3.0,-51.28205,13.0,869.0,0.126412544555664,False,REGULAR,USD,2026-06-26,7332.16015625,0.0363499975204467,call,1.0542595681588975,0.0465753424657534,2.325
SPXW260626C07740000,2026-06-09 15:23:29+00:00,7740.0,2.82,1.9,2.15,-2.01,-41.614906,22.0,212.0,0.1261836650085449,False,REGULAR,USD,2026-06-26,7332.16015625,0.0363499975204467,call,1.0556234227102028,0.0465753424657534,2.025
SPXW260626C07750000,2026-06-09 15:23:10+00:00,7750.0,2.61,1.6,1.85,-1.0900002,-29.459463,87.0,1661.0,0.1255885781860352,False,REGULAR,USD,2026-06-26,7332.16015625,0.0363499975204467,call,1.056987277261508,0.0465753424657534,1.725
SPXW260626C07760000,2026-06-09 15:03:02+00:00,7760.0,2.34,1.4,1.6,-1.3600001,-36.75676,248.0,193.0,0.1251918536376953,False,REGULAR,USD,2026-06-26,7332.16015625,0.0363499975204467,call,1.0583511318128132,0.0465753424657534,1.5
SPXW260626C07770000,2026-06-09 13:31:46+00:00,7770.0,2.1,1.45,1.65,-1.2,-36.36364,131.0,411.0,0.1281825463867187,False,REGULAR,USD,2026-06-26,7332.16015625,0.0363499975204467,call,1.0597149863641182,0.0465753424657534,1.5499999999999998
SPXW260626C07775000,2026-06-09 15:10:55+00:00,7775.0,2.32,1.2,1.4,-0.58000016,-20.000004,323.0,731.0,0.1262141822814941,False,REGULAR,USD,2026-06-26,7332.16015625,0.0363499975204467,call,1.0603969136397708,0.0465753424657534,1.2999999999999998
SPXW260626C07780000,2026-06-09 14:12:40+00:00,7780.0,2.19,1.1,1.35,-0.49,-18.28358,3.0,421.0,0.1267177172851562,False,REGULAR,USD,2026-06-26,7332.16015625,0.0363499975204467,call,1.0610788409154237,0.0465753424657534,1.225
SPXW260626C07790000,2026-06-08 19:34:01+00:00,7790.0,1.89,0.9,1.15,-0.5400001,-22.222225,2.0,124.0,0.1261073718261718,False,REGULAR,USD,2026-06-26,7332.16015625,0.0363499975204467,call,1.0624426954667283,0.0465753424657534,1.025
SPXW260626C07800000,2026-06-09 15:29:35+00:00,7800.0,0.89,0.8,1.0,-0.96000004,-48.0,99.0,951.0,0.1259242681884765,False,REGULAR,USD,2026-06-26,7332.16015625,0.0363499975204467,call,1.0638065500180338,0.0465753424657534,0.9
SPXW260626C07810000,2026-06-08 19:06:13+00:00,7810.0,2.22,0.7,0.9,0.0,0.0,57.0,230.0,0.1263515100097656,False,REGULAR,USD,2026-06-26,7332.16015625,0.0363499975204467,call,1.0651704045693389,0.0465753424657534,0.8
SPXW260626C07820000,2026-06-08 16:51:15+00:00,7820.0,2.45,0.7,0.9,0.0,0.0,76.0,138.0,0.1285487536621093,False,REGULAR,USD,2026-06-26,7332.16015625,0.0363499975204467,call,1.066534259120644,0.0465753424657534,0.8
SPXW260626C07825000,2026-06-09 15:02:26+00:00,7825.0,0.97,0.6,0.8,-0.63,-39.375,34.0,503.0,0.127663752746582,False,REGULAR,USD,2026-06-26,7332.16015625,0.0363499975204467,call,1.0672161863962968,0.0465753424657534,0.7
SPXW260626C07830000,2026-06-08 19:52:22+00:00,7830.0,1.3,0.65,0.8,0.0,0.0,27.0,82.0,0.1287623745727539,False,REGULAR,USD,2026-06-26,7332.16015625,0.0363499975204467,call,1.0678981136719492,0.0465753424657534,0.7250000000000001
SPXW260629C07270000,2026-06-05 14:13:09+00:00,7270.0,292.33,160.8,162.5,0.0,0.0,1.0,1.0,0.1846356866836547,True,REGULAR,USD,2026-06-29,7332.16015625,0.0363499975204467,call,0.9915222587988596,0.0547945205479452,161.65
SPXW260629C07275000,2026-06-09 15:00:58+00:00,7275.0,195.49,156.3,157.0,-37.869995,-16.228144,2.0,8.0,0.18074282705307,True,REGULAR,USD,2026-06-29,7332.16015625,0.0363499975204467,call,0.9922041860745124,0.0547945205479452,156.65
SPXW260629C07280000,2026-06-08 14:30:24+00:00,7280.0,229.38,155.7,157.4,0.0,0.0,2.0,3.0,0.1853833598709106,True,REGULAR,USD,2026-06-29,7332.16015625,0.0363499975204467,call,0.9928861133501647,0.0547945205479452,156.55
SPXW260629C07300000,2026-06-09 14:57:11+00:00,7300.0,167.93,140.1,141.4,-44.680008,-21.015009,2.0,48.0,0.1779981798171997,True,REGULAR,USD,2026-06-29,7332.16015625,0.0363499975204467,call,0.9956138224527752,0.0547945205479452,140.75
SPXW260629C07320000,2026-06-08 18:32:27+00:00,7320.0,192.21,127.9,130.3,0.0,0.0,3.0,3.0,0.1769949244689941,True,REGULAR,USD,2026-06-29,7332.16015625,0.0363499975204467,call,0.9983415315553856,0.0547945205479452,129.10000000000002
SPXW260629C07325000,2026-06-08 13:30:06+00:00,7325.0,202.75,128.4,129.4,0.0,0.0,10.0,26.0,0.1793066078948974,True,REGULAR,USD,2026-06-29,7332.16015625,0.0363499975204467,call,0.9990234588310382,0.0547945205479452,128.9
SPXW260629C07330000,2026-06-09 14:55:25+00:00,7330.0,151.22,124.5,125.4,-36.679993,-19.521019,1.0,4.0,0.1771494181632995,True,REGULAR,USD,2026-06-29,7332.16015625,0.0363499975204467,call,0.9997053861066908,0.0547945205479452,124.95
SPXW260629C07340000,2026-06-05 18:39:05+00:00,7340.0,178.4,119.4,120.8,0.0,0.0,5.0,5.0,0.1775480500411987,False,REGULAR,USD,2026-06-29,7332.16015625,0.0363499975204467,call,1.001069240657996,0.0547945205479452,120.1
SPXW260629C07350000,2026-06-09 13:59:24+00:00,7350.0,184.2,110.1,111.2,8.589996,4.891519,2.0,140.0,0.1706358877182007,False,REGULAR,USD,2026-06-29,7332.16015625,0.0363499975204467,call,1.002433095209301,0.0547945205479452,110.65
SPXW260629C07360000,2026-06-08 19:50:10+00:00,7360.0,150.2,103.6,104.7,0.0,0.0,12.0,7.0,0.1679465530395508,False,REGULAR,USD,2026-06-29,7332.16015625,0.0363499975204467,call,1.0037969497606063,0.0547945205479452,104.15
SPXW260629C07370000,2026-06-09 14:52:43+00:00,7370.0,124.0,99.6,100.6,-34.100006,-21.56863,3.0,5.0,0.1684901419639587,False,REGULAR,USD,2026-06-29,7332.16015625,0.0363499975204467,call,1.0051608043119111,0.0547945205479452,100.1
SPXW260629C07375000,2026-06-08 18:47:26+00:00,7375.0,148.4,99.3,100.9,0.0,0.0,2.0,57.0,0.1720663848876953,False,REGULAR,USD,2026-06-29,7332.16015625,0.0363499975204467,call,1.005842731587564,0.0547945205479452,100.1
SPXW260629C07380000,2026-06-09 15:15:52+00:00,7380.0,119.7,96.6,97.9,-14.0,-10.471205,61.0,62.0,0.1708628599357605,False,REGULAR,USD,2026-06-29,7332.16015625,0.0363499975204467,call,1.0065246588632166,0.0547945205479452,97.25
SPXW260629C07400000,2026-06-08 19:22:42+00:00,7400.0,121.22,82.9,84.2,0.0,0.0,10.0,1170.0,0.1630275501060485,False,REGULAR,USD,2026-06-29,7332.16015625,0.0363499975204467,call,1.009252367965827,0.0547945205479452,83.55000000000001
SPXW260629C07410000,2026-06-09 15:08:14+00:00,7410.0,102.9,77.7,78.6,-25.0,-19.54652,7.0,14.0,0.1605690023040771,False,REGULAR,USD,2026-06-29,7332.16015625,0.0363499975204467,call,1.010616222517132,0.0547945205479452,78.15
SPXW260629C07420000,2026-06-09 14:40:02+00:00,7420.0,115.6,73.3,75.0,6.169998,5.638306,6.0,21.0,0.1608360284423828,False,REGULAR,USD,2026-06-29,7332.16015625,0.0363499975204467,call,1.0119800770684373,0.0547945205479452,74.15
SPXW260629C07425000,2026-06-09 14:24:20+00:00,7425.0,114.1,71.1,72.8,-1.6500015,-1.4254873,5.0,1197.0,0.1603019761657714,False,REGULAR,USD,2026-06-29,7332.16015625,0.0363499975204467,call,1.01266200434409,0.0547945205479452,71.94999999999999
SPXW260629C07430000,2026-06-09 14:32:29+00:00,7430.0,109.8,69.5,71.2,6.920006,6.7262893,7.0,23.0,0.1606109635543823,False,REGULAR,USD,2026-06-29,7332.16015625,0.0363499975204467,call,1.0133439316197423,0.0547945205479452,70.35
SPXW260629C07440000,2026-06-09 13:32:22+00:00,7440.0,115.76,64.0,64.6,5.060005,4.570917,2.0,76.0,0.1559151181793212,False,REGULAR,USD,2026-06-29,7332.16015625,0.0363499975204467,call,1.0147077861710476,0.0547945205479452,64.3
SPXW260629C07450000,2026-06-09 14:45:55+00:00,7450.0,79.65,61.8,62.7,-19.189995,-19.415213,41.0,71.0,0.1581543230819702,False,REGULAR,USD,2026-06-29,7332.16015625,0.0363499975204467,call,1.016071640722353,0.0547945205479452,62.25
SPXW260629C07460000,2026-06-09 15:16:46+00:00,7460.0,73.66,55.7,56.9,-25.919998,-26.02932,26.0,109.0,0.154129857711792,False,REGULAR,USD,2026-06-29,7332.16015625,0.0363499975204467,call,1.017435495273658,0.0547945205479452,56.3
SPXW260629C07470000,2026-06-08 19:22:42+00:00,7470.0,110.53,53.4,54.1,29.29,36.05367,4.0,36.0,0.154568543510437,False,REGULAR,USD,2026-06-29,7332.16015625,0.0363499975204467,call,1.0187993498249632,0.0547945205479452,53.75
SPXW260629C07475000,2026-06-09 14:19:54+00:00,7475.0,79.15,52.2,53.0,-1.6800003,-2.0784366,4.0,84.0,0.1551979622650146,False,REGULAR,USD,2026-06-29,7332.16015625,0.0363499975204467,call,1.0194812771006156,0.0547945205479452,52.6
SPXW260629C07480000,2026-06-09 14:04:00+00:00,7480.0,94.7,47.7,48.5,18.699997,24.60526,15.0,25.0,0.1502274614334107,False,REGULAR,USD,2026-06-29,7332.16015625,0.0363499975204467,call,1.0201632043762685,0.0547945205479452,48.1
SPXW260629C07490000,2026-06-09 14:23:02+00:00,7490.0,76.6,43.8,44.7,4.939995,6.8936567,30.0,65.0,0.1485032355117798,False,REGULAR,USD,2026-06-29,7332.16015625,0.0363499975204467,call,1.0215270589275736,0.0547945205479452,44.25
SPXW260629C07500000,2026-06-09 15:25:35+00:00,7500.0,47.9,40.6,41.2,-17.650002,-26.926012,235.0,187.0,0.1470002598190307,False,REGULAR,USD,2026-06-29,7332.16015625,0.0363499975204467,call,1.0228909134788786,0.0547945205479452,40.900000000000006
SPXW260629C07510000,2026-06-09 13:53:02+00:00,7510.0,87.3,37.7,39.0,19.510002,28.78006,1.0,144.0,0.1475152388000488,False,REGULAR,USD,2026-06-29,7332.16015625,0.0363499975204467,call,1.024254768030184,0.0547945205479452,38.35
SPXW260629C07520000,2026-06-09 15:15:07+00:00,7520.0,50.49,34.8,35.8,-8.259998,-14.059571,10.0,127.0,0.1460160777664184,False,REGULAR,USD,2026-06-29,7332.16015625,0.0363499975204467,call,1.025618622581489,0.0547945205479452,35.3
SPXW260629C07525000,2026-06-09 13:54:02+00:00,7525.0,72.67,32.9,34.0,18.07,33.095238,34.0,165.0,0.1447839428710937,False,REGULAR,USD,2026-06-29,7332.16015625,0.0363499975204467,call,1.0263005498571416,0.0547945205479452,33.45
SPXW260629C07530000,2026-06-09 15:28:31+00:00,7530.0,33.33,31.8,32.7,-19.029999,-36.344536,12.0,295.0,0.1443986623001099,False,REGULAR,USD,2026-06-29,7332.16015625,0.0363499975204467,call,1.0269824771327942,0.0547945205479452,32.25
SPXW260629C07540000,2026-06-09 13:41:38+00:00,7540.0,52.63,28.6,29.4,-2.3400002,-4.2568674,10.0,151.0,0.1420602762603759,False,REGULAR,USD,2026-06-29,7332.16015625,0.0363499975204467,call,1.0283463316840993,0.0547945205479452,29.0
SPXW260629C07550000,2026-06-09 15:15:07+00:00,7550.0,39.44,27.5,28.1,-6.0600014,-13.318684,122.0,258.0,0.1433954069519042,False,REGULAR,USD,2026-06-29,7332.16015625,0.0363499975204467,call,1.0297101862354046,0.0547945205479452,27.8
SPXW260629C07560000,2026-06-09 15:28:48+00:00,7560.0,25.07,23.6,24.5,-16.84,-40.18134,32.0,73.0,0.1397638514709472,False,REGULAR,USD,2026-06-29,7332.16015625,0.0363499975204467,call,1.0310740407867096,0.0547945205479452,24.05
SPXW260629C07570000,2026-06-09 15:28:48+00:00,7570.0,22.72,21.4,22.0,-25.1,-52.4885,9.0,84.0,0.1380167375946045,False,REGULAR,USD,2026-06-29,7332.16015625,0.0363499975204467,call,1.0324378953380149,0.0547945205479452,21.7
SPXW260629C07575000,2026-06-09 15:27:20+00:00,7575.0,22.85,20.3,20.9,-19.140001,-45.582283,14.0,156.0,0.1373453575897217,False,REGULAR,USD,2026-06-29,7332.16015625,0.0363499975204467,call,1.0331198226136675,0.0547945205479452,20.6
SPXW260629C07580000,2026-06-09 15:25:40+00:00,7580.0,23.9,19.6,21.4,-11.199999,-31.90883,23.0,128.0,0.1402864597702026,False,REGULAR,USD,2026-06-29,7332.16015625,0.0363499975204467,call,1.03380174988932,0.0547945205479452,20.5
SPXW260629C07590000,2026-06-09 14:36:12+00:00,7590.0,34.0,18.1,18.6,1.5900002,4.905894,20.0,137.0,0.1372347324752807,False,REGULAR,USD,2026-06-29,7332.16015625,0.0363499975204467,call,1.0351656044406252,0.0547945205479452,18.35
SPXW260629C07600000,2026-06-09 15:25:39+00:00,7600.0,19.48,16.3,16.9,-8.970001,-31.529001,14.0,834.0,0.1364374687194824,False,REGULAR,USD,2026-06-29,7332.16015625,0.0363499975204467,call,1.0365294589919305,0.0547945205479452,16.6
SPXW260629C07610000,2026-06-09 14:24:11+00:00,7610.0,29.14,13.8,14.4,3.2699986,12.640118,7.0,56.0,0.1331530472183227,False,REGULAR,USD,2026-06-29,7332.16015625,0.0363499975204467,call,1.0378933135432356,0.0547945205479452,14.1
SPXW260629C07620000,2026-06-09 15:23:10+00:00,7620.0,17.31,12.5,13.4,-6.1100006,-26.088816,2.0,82.0,0.1335841036987304,False,REGULAR,USD,2026-06-29,7332.16015625,0.0363499975204467,call,1.0392571680945406,0.0547945205479452,12.95
SPXW260629C07625000,2026-06-09 14:38:08+00:00,7625.0,25.43,11.8,12.3,1.7299995,7.299576,8.0,157.0,0.13194380027771,False,REGULAR,USD,2026-06-29,7332.16015625,0.0363499975204467,call,1.0399390953701932,0.0547945205479452,12.05
SPXW260629C07630000,2026-06-09 15:23:10+00:00,7630.0,15.54,11.1,11.6,-9.46,-37.84,1.0,133.0,0.1313792307281494,False,REGULAR,USD,2026-06-29,7332.16015625,0.0363499975204467,call,1.040621022645846,0.0547945205479452,11.35
SPXW260629C07640000,2026-06-08 19:54:19+00:00,7640.0,18.46,9.6,10.2,-1.0600014,-5.4303346,3.0,23.0,0.1299525482177734,False,REGULAR,USD,2026-06-29,7332.16015625,0.0363499975204467,call,1.041984877197151,0.0547945205479452,9.9
SPXW260629C07650000,2026-06-09 13:59:46+00:00,7650.0,19.61,8.9,9.4,2.2399998,12.895795,10.0,227.0,0.1302233890151977,False,REGULAR,USD,2026-06-29,7332.16015625,0.0363499975204467,call,1.0433487317484562,0.0547945205479452,9.15
SPXW260629C07660000,2026-06-09 15:27:30+00:00,7660.0,8.73,7.8,8.3,-9.02,-50.816906,3.0,33.0,0.1291590991210937,False,REGULAR,USD,2026-06-29,7332.16015625,0.0363499975204467,call,1.0447125862997613,0.0547945205479452,8.05
SPXW260629C07670000,2026-06-09 15:27:30+00:00,7670.0,7.68,6.6,7.1,-5.77,-42.899628,14.0,101.0,0.1272822868347168,False,REGULAR,USD,2026-06-29,7332.16015625,0.0363499975204467,call,1.0460764408510663,0.0547945205479452,6.85
SPXW260629C07675000,2026-06-09 15:05:57+00:00,7675.0,9.62,5.9,6.8,-3.5,-26.67683,14.0,623.0,0.1274196145629882,False,REGULAR,USD,2026-06-29,7332.16015625,0.0363499975204467,call,1.0467583681267192,0.0547945205479452,6.35
SPXW260629C07680000,2026-06-09 13:47:15+00:00,7680.0,21.1,6.3,6.6,8.780001,71.26624,10.0,25.0,0.1279536668395995,False,REGULAR,USD,2026-06-29,7332.16015625,0.0363499975204467,call,1.0474402954023718,0.0547945205479452,6.449999999999999
SPXW260629C07690000,2026-06-08 18:06:07+00:00,7690.0,13.8,5.0,5.5,0.0,0.0,6.0,7.0,0.1256267247772217,False,REGULAR,USD,2026-06-29,7332.16015625,0.0363499975204467,call,1.0488041499536769,0.0547945205479452,5.25
SPXW260629C07700000,2026-06-09 15:22:34+00:00,7700.0,6.6,4.6,5.0,-3.7000003,-35.922333,14.0,430.0,0.1257716818237305,False,REGULAR,USD,2026-06-29,7332.16015625,0.0363499975204467,call,1.0501680045049822,0.0547945205479452,4.8
SPXW260629C07710000,2026-06-09 08:50:51+00:00,7710.0,6.46,4.4,4.7,-1.9200001,-22.911694,9.0,24.0,0.1267940104675293,False,REGULAR,USD,2026-06-29,7332.16015625,0.0363499975204467,call,1.0515318590562872,0.0547945205479452,4.550000000000001
SPXW260629C07720000,2026-06-08 19:25:21+00:00,7720.0,4.6,3.5,3.9,-2.83,-38.08883,1.0,62.0,0.1247493531799316,False,REGULAR,USD,2026-06-29,7332.16015625,0.0363499975204467,call,1.0528957136075925,0.0547945205479452,3.7
SPXW260629C07725000,2026-06-09 15:22:34+00:00,7725.0,4.75,3.1,3.4,-2.4,-33.566437,4.0,779.0,0.1228115063476562,False,REGULAR,USD,2026-06-29,7332.16015625,0.0363499975204467,call,1.053577640883245,0.0547945205479452,3.25
SPXW260629C07730000,2026-06-08 19:15:07+00:00,7730.0,5.34,3.1,3.4,-1.6099997,-23.165464,1.0,22.0,0.124032197265625,False,REGULAR,USD,2026-06-29,7332.16015625,0.0363499975204467,call,1.0542595681588975,0.0547945205479452,3.25
SPXW260629C07740000,2026-06-09 13:48:08+00:00,7740.0,11.0,2.7,2.95,5.15,88.03419,12.0,42.0,0.1232997827148437,False,REGULAR,USD,2026-06-29,7332.16015625,0.0363499975204467,call,1.0556234227102028,0.0547945205479452,2.825
SPXW260629C07750000,2026-06-09 15:27:49+00:00,7750.0,2.61,2.2,2.5,-3.01,-53.55872,7.0,283.0,0.1221706436157226,False,REGULAR,USD,2026-06-29,7332.16015625,0.0363499975204467,call,1.056987277261508,0.0547945205479452,2.35
SPXW260629C07760000,2026-06-08 19:15:31+00:00,7760.0,4.64,2.25,2.5,0.0,0.0,18.0,19.0,0.1245052149963379,False,REGULAR,USD,2026-06-29,7332.16015625,0.0363499975204467,call,1.0583511318128132,0.0547945205479452,2.375
SPXW260629C07775000,2026-06-08 19:37:15+00:00,7775.0,3.41,1.5,1.75,-0.29999995,-8.086252,3.0,80.0,0.1208584008789062,False,REGULAR,USD,2026-06-29,7332.16015625,0.0363499975204467,call,1.0603969136397708,0.0547945205479452,1.625
SPXW260629C07800000,2026-06-09 15:27:25+00:00,7800.0,1.35,1.2,1.4,-1.0600001,-43.983402,555.0,998.0,0.1222621954345703,False,REGULAR,USD,2026-06-29,7332.16015625,0.0363499975204467,call,1.0638065500180338,0.0547945205479452,1.2999999999999998
SPXW260629C07825000,2026-06-09 15:13:58+00:00,7825.0,1.44,0.8,1.0,-1.06,-42.399998,25.0,84.0,0.1217434017944336,False,REGULAR,USD,2026-06-29,7332.16015625,0.0363499975204467,call,1.0672161863962968,0.0547945205479452,0.9
SPXW260629C07850000,2026-06-09 15:13:58+00:00,7850.0,1.05,0.65,0.85,-0.22000003,-17.322838,85.0,262.0,0.1241847836303711,False,REGULAR,USD,2026-06-29,7332.16015625,0.0363499975204467,call,1.0706258227745595,0.0547945205479452,0.75
SPXW260630C07260000,2026-06-09 14:54:51+00:00,7260.0,203.22,174.1,175.2,-72.06,-26.176983,2.0,98.0,0.1906475894546508,True,REGULAR,USD,2026-06-30,7332.16015625,0.0363499975204467,call,0.9901584042475544,0.0575342465753424,174.64999999999998
SPXW260630C07265000,2026-06-09 14:30:27+00:00,7265.0,226.27,167.2,175.3,-20.190002,-8.191999,1.0,49.0,0.194864695110321,True,REGULAR,USD,2026-06-30,7332.16015625,0.0363499975204467,call,0.990840331523207,0.0575342465753424,171.25
SPXW260630C07270000,2026-06-08 13:52:18+00:00,7270.0,241.06,166.9,168.3,0.0,0.0,1.0,127.0,0.1889195488739013,True,REGULAR,USD,2026-06-30,7332.16015625,0.0363499975204467,call,0.9915222587988596,0.0575342465753424,167.60000000000002
SPXW260630C07275000,2026-06-09 14:54:51+00:00,7275.0,192.17,156.8,161.9,-70.81001,-26.926006,2.0,437.0,0.1838155349731445,True,REGULAR,USD,2026-06-30,7332.16015625,0.0363499975204467,call,0.9922041860745124,0.0575342465753424,159.35000000000002
SPXW260630C07280000,2026-05-29 20:10:42+00:00,7280.0,355.72,160.6,161.7,0.0,0.0,2.0,85.0,0.1874718857383728,True,REGULAR,USD,2026-06-30,7332.16015625,0.0363499975204467,call,0.9928861133501647,0.0575342465753424,161.14999999999998
SPXW260630C07285000,2026-06-05 14:15:58+00:00,7285.0,289.25,155.4,160.4,0.0,0.0,1.0,602.0,0.1895127283668518,True,REGULAR,USD,2026-06-30,7332.16015625,0.0363499975204467,call,0.9935680406258176,0.0575342465753424,157.9
SPXW260630C07290000,2026-06-05 17:22:04+00:00,7290.0,238.45,158.6,159.4,0.0,0.0,3.0,26.0,0.1919255002593994,True,REGULAR,USD,2026-06-30,7332.16015625,0.0363499975204467,call,0.99424996790147,0.0575342465753424,159.0
SPXW260630C07295000,2026-06-05 17:22:04+00:00,7295.0,234.6,146.7,147.9,0.0,0.0,1.0,87.0,0.1795354874420166,True,REGULAR,USD,2026-06-30,7332.16015625,0.0363499975204467,call,0.9949318951771228,0.0575342465753424,147.3
SPXW260630C07300000,2026-06-08 14:52:23+00:00,7300.0,165.31,148.4,149.5,-61.839996,-27.2243,2.0,2033.0,0.1855206875991821,True,REGULAR,USD,2026-06-30,7332.16015625,0.0363499975204467,call,0.9956138224527752,0.0575342465753424,148.95
SPXW260630C07305000,2026-06-09 14:34:58+00:00,7305.0,199.16,145.3,146.5,22.270004,12.589747,1.0,55.0,0.185005708618164,True,REGULAR,USD,2026-06-30,7332.16015625,0.0363499975204467,call,0.9962957497284278,0.0575342465753424,145.9
SPXW260630C07310000,2026-06-08 18:33:21+00:00,7310.0,205.0,137.7,138.9,0.0,0.0,4.0,186.0,0.1780153457832336,True,REGULAR,USD,2026-06-30,7332.16015625,0.0363499975204467,call,0.9969776770040804,0.0575342465753424,138.3
SPXW260630C07315000,2026-06-08 17:38:10+00:00,7315.0,194.5,137.7,138.6,0.0,0.0,125.0,142.0,0.1811948641586303,True,REGULAR,USD,2026-06-30,7332.16015625,0.0363499975204467,call,0.997659604279733,0.0575342465753424,138.14999999999998
SPXW260630C07320000,2026-06-05 18:41:48+00:00,7320.0,197.37,132.0,132.9,0.0,0.0,1.0,190.0,0.1767927475357055,True,REGULAR,USD,2026-06-30,7332.16015625,0.0363499975204467,call,0.9983415315553856,0.0575342465753424,132.45
SPXW260630C07325000,2026-06-08 17:22:13+00:00,7325.0,183.8,132.0,132.8,0.0,0.0,7.0,340.0,0.1801610915374756,True,REGULAR,USD,2026-06-30,7332.16015625,0.0363499975204467,call,0.9990234588310382,0.0575342465753424,132.4
SPXW260630C07330000,2026-06-08 14:10:16+00:00,7330.0,194.4,129.6,130.6,0.0,0.0,1.0,90.0,0.1805540014266967,True,REGULAR,USD,2026-06-30,7332.16015625,0.0363499975204467,call,0.9997053861066908,0.0575342465753424,130.1
SPXW260630C07335000,2026-06-01 16:53:14+00:00,7335.0,314.64,122.6,124.4,0.0,0.0,6.0,22.0,0.1753355477523803,False,REGULAR,USD,2026-06-30,7332.16015625,0.0363499975204467,call,1.000387313382343,0.0575342465753424,123.5
SPXW260630C07340000,2026-06-05 18:59:01+00:00,7340.0,176.6,119.6,127.6,0.0,0.0,5.0,121.0,0.1831632282638549,False,REGULAR,USD,2026-06-30,7332.16015625,0.0363499975204467,call,1.001069240657996,0.0575342465753424,123.6
SPXW260630C07345000,2026-06-08 18:07:22+00:00,7345.0,146.83,116.7,117.9,-31.550003,-17.686962,9.0,46.0,0.1729857177352905,False,REGULAR,USD,2026-06-30,7332.16015625,0.0363499975204467,call,1.0017511679336484,0.0575342465753424,117.3
SPXW260630C07350000,2026-06-08 19:33:40+00:00,7350.0,131.6,115.6,116.4,-29.61,-18.367346,10.0,2334.0,0.1741797060394287,False,REGULAR,USD,2026-06-30,7332.16015625,0.0363499975204467,call,1.002433095209301,0.0575342465753424,116.0
SPXW260630C07355000,2026-06-08 07:25:38+00:00,7355.0,140.18,113.4,114.6,-23.560013,-14.388672,12.0,51.0,0.1749159352493286,False,REGULAR,USD,2026-06-30,7332.16015625,0.0363499975204467,call,1.0031150224849537,0.0575342465753424,114.0
SPXW260630C07360000,2026-06-05 16:51:52+00:00,7360.0,189.59,110.4,111.6,0.0,0.0,11.0,132.0,0.1739317531967163,False,REGULAR,USD,2026-06-30,7332.16015625,0.0363499975204467,call,1.0037969497606063,0.0575342465753424,111.0
SPXW260630C07365000,2026-06-05 18:15:29+00:00,7365.0,172.43,104.8,106.0,0.0,0.0,2.0,68.0,0.1692702397537231,False,REGULAR,USD,2026-06-30,7332.16015625,0.0363499975204467,call,1.0044788770362587,0.0575342465753424,105.4
SPXW260630C07370000,2026-06-08 18:07:22+00:00,7370.0,160.52,102.6,104.3,0.0,0.0,10.0,81.0,0.1700064689636231,False,REGULAR,USD,2026-06-30,7332.16015625,0.0363499975204467,call,1.0051608043119111,0.0575342465753424,103.45
SPXW260630C07375000,2026-06-09 14:52:48+00:00,7375.0,126.8,102.2,103.0,-36.0,-22.113022,412.0,1604.0,0.1712653064727783,False,REGULAR,USD,2026-06-30,7332.16015625,0.0363499975204467,call,1.005842731587564,0.0575342465753424,102.6
SPXW260630C07380000,2026-06-09 15:27:58+00:00,7380.0,103.0,100.5,101.5,-34.449997,-25.063658,110.0,90.0,0.1721998979568482,False,REGULAR,USD,2026-06-30,7332.16015625,0.0363499975204467,call,1.0065246588632166,0.0575342465753424,101.0
SPXW260630C07385000,2026-06-09 15:22:05+00:00,7385.0,114.78,100.3,101.2,-17.320007,-13.111284,15.0,48.0,0.1747843295097351,False,REGULAR,USD,2026-06-30,7332.16015625,0.0363499975204467,call,1.0072065861388693,0.0575342465753424,100.75
SPXW260630C07390000,2026-06-09 14:47:21+00:00,7390.0,115.12,91.1,92.1,-40.329994,-25.94403,16.0,143.0,0.1649100843811035,False,REGULAR,USD,2026-06-30,7332.16015625,0.0363499975204467,call,1.0078885134145217,0.0575342465753424,91.6
SPXW260630C07395000,2026-06-04 16:41:40+00:00,7395.0,248.63,89.1,90.3,0.0,0.0,2.0,50.0,0.1652762916564941,False,REGULAR,USD,2026-06-30,7332.16015625,0.0363499975204467,call,1.0085704406901743,0.0575342465753424,89.69999999999999
SPXW260630C07400000,2026-06-09 15:27:58+00:00,7400.0,92.2,86.8,87.6,-32.800003,-26.240002,168.0,3396.0,0.164316904888153,False,REGULAR,USD,2026-06-30,7332.16015625,0.0363499975204467,call,1.009252367965827,0.0575342465753424,87.19999999999999
SPXW260630C07405000,2026-06-09 14:34:58+00:00,7405.0,129.32,86.6,87.2,9.410004,7.847555,16.0,131.0,0.1665885343933106,False,REGULAR,USD,2026-06-30,7332.16015625,0.0363499975204467,call,1.0099342952414796,0.0575342465753424,86.9
SPXW260630C07410000,2026-06-09 15:24:01+00:00,7410.0,94.65,74.5,85.8,-23.07,-19.59735,1.0,99.0,0.1673991494560241,False,REGULAR,USD,2026-06-30,7332.16015625,0.0363499975204467,call,1.010616222517132,0.0575342465753424,80.15
SPXW260630C07415000,2026-06-09 15:28:03+00:00,7415.0,83.0,78.8,79.8,-48.800003,-37.0258,65.0,214.0,0.1615474623680114,False,REGULAR,USD,2026-06-30,7332.16015625,0.0363499975204467,call,1.0112981497927849,0.0575342465753424,79.3
SPXW260630C07420000,2026-06-09 15:28:03+00:00,7420.0,80.5,79.2,79.7,-29.699997,-26.950996,83.0,296.0,0.164135708580017,False,REGULAR,USD,2026-06-30,7332.16015625,0.0363499975204467,call,1.0119800770684373,0.0575342465753424,79.45
SPXW260630C07425000,2026-06-09 15:24:45+00:00,7425.0,85.61,76.7,77.0,-34.14,-28.509394,9.0,1132.0,0.162918832321167,False,REGULAR,USD,2026-06-30,7332.16015625,0.0363499975204467,call,1.01266200434409,0.0575342465753424,76.85
SPXW260630C07430000,2026-06-09 14:18:26+00:00,7430.0,106.9,71.8,73.0,2.5,2.394636,19.0,9674.0,0.1597374066162109,False,REGULAR,USD,2026-06-30,7332.16015625,0.0363499975204467,call,1.0133439316197423,0.0575342465753424,72.4
SPXW260630C07435000,2026-06-09 15:22:05+00:00,7435.0,86.78,70.6,74.2,-13.989998,-13.883099,1.0,21.0,0.1641280792617798,False,REGULAR,USD,2026-06-30,7332.16015625,0.0363499975204467,call,1.014025858895395,0.0575342465753424,72.4
SPXW260630C07440000,2026-06-09 14:59:38+00:00,7440.0,90.42,67.0,67.9,-28.68,-24.080605,140.0,156.0,0.1574180938720703,False,REGULAR,USD,2026-06-30,7332.16015625,0.0363499975204467,call,1.0147077861710476,0.0575342465753424,67.45
SPXW260630C07445000,2026-06-08 18:00:04+00:00,7445.0,107.01,67.2,67.9,-0.7200012,-0.6683386,1.0,55.0,0.159972008152008,False,REGULAR,USD,2026-06-30,7332.16015625,0.0363499975204467,call,1.0153897134467005,0.0575342465753424,67.55000000000001
SPXW260630C07450000,2026-06-09 15:17:01+00:00,7450.0,82.45,65.5,66.6,-14.950005,-15.349081,157.0,10724.0,0.1605575583267212,False,REGULAR,USD,2026-06-30,7332.16015625,0.0363499975204467,call,1.016071640722353,0.0575342465753424,66.05
SPXW260630C07455000,2026-06-09 14:42:41+00:00,7455.0,96.3,63.2,64.5,5.9000015,6.52655,20.0,338.0,0.1598938076400756,False,REGULAR,USD,2026-06-30,7332.16015625,0.0363499975204467,call,1.016753567998005,0.0575342465753424,63.85
SPXW260630C07460000,2026-06-09 15:24:01+00:00,7460.0,69.65,58.3,59.4,-19.470001,-21.846949,3.0,59.0,0.1545933387947083,False,REGULAR,USD,2026-06-30,7332.16015625,0.0363499975204467,call,1.017435495273658,0.0575342465753424,58.85
SPXW260630C07465000,2026-06-08 19:24:22+00:00,7465.0,92.6,56.7,57.6,7.4000015,8.685448,7.0,46.0,0.1542404828262329,False,REGULAR,USD,2026-06-30,7332.16015625,0.0363499975204467,call,1.0181174225493106,0.0575342465753424,57.150000000000006
SPXW260630C07470000,2026-06-09 15:00:21+00:00,7470.0,75.86,54.7,55.8,-38.04,-33.397717,10.0,144.0,0.1538304069709778,False,REGULAR,USD,2026-06-30,7332.16015625,0.0363499975204467,call,1.0187993498249632,0.0575342465753424,55.25
SPXW260630C07475000,2026-06-09 15:07:11+00:00,7475.0,71.42,55.5,56.1,-10.650002,-12.976728,135.0,2294.0,0.1566627913665771,False,REGULAR,USD,2026-06-30,7332.16015625,0.0363499975204467,call,1.0194812771006156,0.0575342465753424,55.8
SPXW260630C07480000,2026-06-09 15:24:45+00:00,7480.0,59.93,50.7,51.4,-25.07,-29.494118,30.0,322.0,0.1515702214431762,False,REGULAR,USD,2026-06-30,7332.16015625,0.0363499975204467,call,1.0201632043762685,0.0575342465753424,51.05
SPXW260630C07485000,2026-06-09 15:23:51+00:00,7485.0,58.87,49.0,50.7,-74.130005,-55.736847,16.0,17.0,0.1527451364517212,False,REGULAR,USD,2026-06-30,7332.16015625,0.0363499975204467,call,1.020845131651921,0.0575342465753424,49.85
SPXW260630C07490000,2026-06-09 14:30:39+00:00,7490.0,77.1,49.1,49.7,-4.419998,-5.4219804,2.0,108.0,0.153405072479248,False,REGULAR,USD,2026-06-30,7332.16015625,0.0363499975204467,call,1.0215270589275736,0.0575342465753424,49.400000000000006
SPXW260630C07495000,2026-06-09 15:23:51+00:00,7495.0,54.77,46.5,47.6,-21.630001,-28.311518,19.0,37.0,0.1522263428115844,False,REGULAR,USD,2026-06-30,7332.16015625,0.0363499975204467,call,1.022208986203226,0.0575342465753424,47.05
SPXW260630C07500000,2026-06-09 15:27:58+00:00,7500.0,47.1,44.1,44.7,-22.0,-31.837917,680.0,9495.0,0.1496438185882568,False,REGULAR,USD,2026-06-30,7332.16015625,0.0363499975204467,call,1.0228909134788786,0.0575342465753424,44.400000000000006
SPXW260630C07505000,2026-06-09 14:34:58+00:00,7505.0,72.68,42.1,42.8,-19.940002,-21.52883,161.0,476.0,0.1486291192626953,False,REGULAR,USD,2026-06-30,7332.16015625,0.0363499975204467,call,1.0235728407545313,0.0575342465753424,42.45
SPXW260630C07510000,2026-06-09 15:26:44+00:00,7510.0,45.73,40.1,41.5,-27.070004,-37.184067,171.0,130.0,0.1485661773872375,False,REGULAR,USD,2026-06-30,7332.16015625,0.0363499975204467,call,1.024254768030184,0.0575342465753424,40.8
SPXW260630C07515000,2026-06-09 15:26:44+00:00,7515.0,44.03,39.0,40.3,-26.770004,-37.81074,12.0,48.0,0.1486233972740173,False,REGULAR,USD,2026-06-30,7332.16015625,0.0363499975204467,call,1.0249366953058363,0.0575342465753424,39.65
SPXW260630C07520000,2026-06-09 15:02:48+00:00,7520.0,51.5,38.6,39.1,-13.949997,-21.313978,155.0,265.0,0.1486329339218139,False,REGULAR,USD,2026-06-30,7332.16015625,0.0363499975204467,call,1.025618622581489,0.0575342465753424,38.85
SPXW260630C07525000,2026-06-09 14:25:52+00:00,7525.0,65.8,35.8,36.3,7.250004,12.382586,10.0,1633.0,0.1457414223098754,False,REGULAR,USD,2026-06-30,7332.16015625,0.0363499975204467,call,1.0263005498571416,0.0575342465753424,36.05
SPXW260630C07530000,2026-06-09 15:25:59+00:00,7530.0,39.85,34.7,35.9,-15.780003,-28.365993,4.0,191.0,0.1470574797058105,False,REGULAR,USD,2026-06-30,7332.16015625,0.0363499975204467,call,1.0269824771327942,0.0575342465753424,35.3
SPXW260630C07535000,2026-06-08 19:53:48+00:00,7535.0,70.4,34.2,34.8,16.740002,31.196424,1.0,84.0,0.1470765530014038,False,REGULAR,USD,2026-06-30,7332.16015625,0.0363499975204467,call,1.0276644044084466,0.0575342465753424,34.5
SPXW260630C07540000,2026-06-09 14:19:35+00:00,7540.0,52.6,31.8,32.6,-22.060005,-29.547287,11.0,324.0,0.1449937491226196,False,REGULAR,USD,2026-06-30,7332.16015625,0.0363499975204467,call,1.0283463316840993,0.0575342465753424,32.2
SPXW260630C07545000,2026-06-09 15:02:48+00:00,7545.0,42.28,29.5,30.6,-10.010002,-19.143244,28.0,46.0,0.1431665274047852,False,REGULAR,USD,2026-06-30,7332.16015625,0.0363499975204467,call,1.029028258959752,0.0575342465753424,30.05
SPXW260630C07550000,2026-06-09 15:22:44+00:00,7550.0,36.7,30.1,30.6,-10.52,-22.278694,82.0,2825.0,0.1451005595779419,False,REGULAR,USD,2026-06-30,7332.16015625,0.0363499975204467,call,1.0297101862354046,0.0575342465753424,30.35
SPXW260630C07555000,2026-06-08 17:14:12+00:00,7555.0,51.6,27.1,27.8,0.0,0.0,6.0,29.0,0.1415262239837646,False,REGULAR,USD,2026-06-30,7332.16015625,0.0363499975204467,call,1.030392113511057,0.0575342465753424,27.450000000000003
SPXW260630C07560000,2026-06-09 15:25:59+00:00,7560.0,30.85,28.1,28.7,-14.949999,-32.64192,22.0,4634.0,0.1451997407150268,False,REGULAR,USD,2026-06-30,7332.16015625,0.0363499975204467,call,1.0310740407867096,0.0575342465753424,28.4
SPXW260630C07565000,2026-06-09 15:25:23+00:00,7565.0,30.1,26.1,26.9,-16.9,-35.957447,6.0,730.0,0.1434564414978027,False,REGULAR,USD,2026-06-30,7332.16015625,0.0363499975204467,call,1.0317559680623622,0.0575342465753424,26.5
SPXW260630C07570000,2026-06-09 14:23:03+00:00,7570.0,44.6,23.6,24.3,4.699997,11.779441,26.0,226.0,0.1399011791992187,False,REGULAR,USD,2026-06-30,7332.16015625,0.0363499975204467,call,1.0324378953380149,0.0575342465753424,23.950000000000003
SPXW260630C07575000,2026-06-09 15:25:23+00:00,7575.0,27.5,22.5,23.0,-13.259998,-32.53189,244.0,2830.0,0.1389246264648437,False,REGULAR,USD,2026-06-30,7332.16015625,0.0363499975204467,call,1.0331198226136675,0.0575342465753424,22.75
SPXW260630C07580000,2026-06-09 14:32:13+00:00,7580.0,30.23,22.4,23.0,-8.049999,-21.029257,29.0,126.0,0.140709886932373,False,REGULAR,USD,2026-06-30,7332.16015625,0.0363499975204467,call,1.03380174988932,0.0575342465753424,22.7
SPXW260630C07585000,2026-06-08 18:58:27+00:00,7585.0,43.3,20.3,21.0,1.8999977,4.5893664,2.0,297.0,0.1380319962310791,False,REGULAR,USD,2026-06-30,7332.16015625,0.0363499975204467,call,1.0344836771649726,0.0575342465753424,20.65
SPXW260630C07590000,2026-06-09 13:37:27+00:00,7590.0,46.0,19.2,20.0,6.299999,15.869016,19.0,222.0,0.1374788706588745,False,REGULAR,USD,2026-06-30,7332.16015625,0.0363499975204467,call,1.0351656044406252,0.0575342465753424,19.6
SPXW260630C07595000,2026-06-08 18:58:27+00:00,7595.0,36.4,18.3,18.9,-1.699997,-4.4619346,6.0,227.0,0.1366091283798218,False,REGULAR,USD,2026-06-30,7332.16015625,0.0363499975204467,call,1.035847531716278,0.0575342465753424,18.6
SPXW260630C07600000,2026-06-09 15:27:31+00:00,7600.0,20.0,17.7,18.4,-10.629999,-34.704536,641.0,8031.0,0.1371012194061279,False,REGULAR,USD,2026-06-30,7332.16015625,0.0363499975204467,call,1.0365294589919305,0.0575342465753424,18.05
SPXW260630C07605000,2026-06-09 15:28:12+00:00,7605.0,18.43,16.5,17.1,-11.369999,-38.154358,250.0,66.0,0.135575355758667,False,REGULAR,USD,2026-06-30,7332.16015625,0.0363499975204467,call,1.037211386267583,0.0575342465753424,16.8
SPXW260630C07610000,2026-06-09 14:55:13+00:00,7610.0,24.14,15.9,16.7,-4.870001,-16.787317,19.0,100.0,0.1362162184906006,False,REGULAR,USD,2026-06-30,7332.16015625,0.0363499975204467,call,1.0378933135432356,0.0575342465753424,16.3
SPXW260630C07615000,2026-06-09 15:25:58+00:00,7615.0,18.06,15.1,15.9,-13.440001,-42.666668,72.0,82.0,0.1357889766693115,False,REGULAR,USD,2026-06-30,7332.16015625,0.0363499975204467,call,1.0385752408188882,0.0575342465753424,15.5
SPXW260630C07620000,2026-06-09 14:54:09+00:00,7620.0,20.3,15.0,15.4,-6.17,-23.309408,130.0,171.0,0.1360865200805664,False,REGULAR,USD,2026-06-30,7332.16015625,0.0363499975204467,call,1.0392571680945406,0.0575342465753424,15.2
SPXW260630C07625000,2026-06-09 15:25:10+00:00,7625.0,16.64,13.9,14.3,-8.610001,-34.09901,32.0,2456.0,0.1347056134796142,False,REGULAR,USD,2026-06-30,7332.16015625,0.0363499975204467,call,1.0399390953701932,0.0575342465753424,14.1
SPXW260630C07630000,2026-06-09 14:54:35+00:00,7630.0,19.46,13.5,13.9,-4.8100014,-19.81871,88.0,207.0,0.1351671872329712,False,REGULAR,USD,2026-06-30,7332.16015625,0.0363499975204467,call,1.040621022645846,0.0575342465753424,13.7
SPXW260630C07635000,2026-06-09 15:06:30+00:00,7635.0,18.47,12.7,13.3,-8.280001,-30.953274,15.0,25.0,0.1350184155273437,False,REGULAR,USD,2026-06-30,7332.16015625,0.0363499975204467,call,1.0413029499214983,0.0575342465753424,13.0
SPXW260630C07640000,2026-06-09 15:14:50+00:00,7640.0,18.59,11.1,12.1,-3.1800003,-14.607259,21.0,169.0,0.1330195341491699,False,REGULAR,USD,2026-06-30,7332.16015625,0.0363499975204467,call,1.041984877197151,0.0575342465753424,11.6
SPXW260630C07645000,2026-06-09 14:47:52+00:00,7645.0,16.83,11.1,11.6,-8.15,-32.6261,18.0,312.0,0.1330080901718139,False,REGULAR,USD,2026-06-30,7332.16015625,0.0363499975204467,call,1.0426668044728036,0.0575342465753424,11.35
SPXW260630C07650000,2026-06-09 15:04:52+00:00,7650.0,15.42,10.2,10.6,-4.08,-20.923077,281.0,5226.0,0.1313334548187255,False,REGULAR,USD,2026-06-30,7332.16015625,0.0363499975204467,call,1.0433487317484562,0.0575342465753424,10.4
SPXW260630C07655000,2026-06-09 13:59:37+00:00,7655.0,20.8,9.3,9.8,-0.6000004,-2.8037403,14.0,131.0,0.1301509104919433,False,REGULAR,USD,2026-06-30,7332.16015625,0.0363499975204467,call,1.0440306590241089,0.0575342465753424,9.55
SPXW260630C07660000,2026-06-09 15:04:52+00:00,7660.0,13.78,9.3,9.7,-3.8000002,-21.615475,16.0,227.0,0.1312647909545898,False,REGULAR,USD,2026-06-30,7332.16015625,0.0363499975204467,call,1.0447125862997613,0.0575342465753424,9.5
SPXW260630C07665000,2026-06-09 15:10:46+00:00,7665.0,14.72,8.3,8.7,-4.4800005,-23.333336,106.0,384.0,0.1291743577575683,False,REGULAR,USD,2026-06-30,7332.16015625,0.0363499975204467,call,1.045394513575414,0.0575342465753424,8.5
SPXW260630C07670000,2026-06-09 14:55:43+00:00,7670.0,12.49,7.5,8.2,-2.6100006,-17.284771,28.0,122.0,0.128739486618042,False,REGULAR,USD,2026-06-30,7332.16015625,0.0363499975204467,call,1.0460764408510663,0.0575342465753424,7.85
SPXW260630C07675000,2026-06-09 15:25:10+00:00,7675.0,9.44,7.8,8.1,-4.8600006,-33.98602,225.0,4642.0,0.1297618152618408,False,REGULAR,USD,2026-06-30,7332.16015625,0.0363499975204467,call,1.0467583681267192,0.0575342465753424,7.949999999999999
SPXW260630C07680000,2026-06-09 14:56:53+00:00,7680.0,10.6,6.9,7.3,-3.5199995,-24.929174,65.0,103.0,0.1280070720672607,False,REGULAR,USD,2026-06-30,7332.16015625,0.0363499975204467,call,1.0474402954023718,0.0575342465753424,7.1
SPXW260630C07685000,2026-06-09 15:26:44+00:00,7685.0,7.8,6.9,7.3,-5.0,-39.0625,7.0,69.0,0.1293727200317382,False,REGULAR,USD,2026-06-30,7332.16015625,0.0363499975204467,call,1.0481222226780242,0.0575342465753424,7.1
SPXW260630C07690000,2026-06-09 14:28:45+00:00,7690.0,14.55,6.6,6.9,2.25,18.292683,1.0,169.0,0.1290828059387206,False,REGULAR,USD,2026-06-30,7332.16015625,0.0363499975204467,call,1.0488041499536769,0.0575342465753424,6.75
SPXW260630C07695000,2026-06-09 14:47:52+00:00,7695.0,8.36,6.4,6.8,-3.04,-26.666668,8.0,62.0,0.1300059534454345,False,REGULAR,USD,2026-06-30,7332.16015625,0.0363499975204467,call,1.0494860772293295,0.0575342465753424,6.6
SPXW260630C07700000,2026-06-09 15:28:17+00:00,7700.0,6.01,5.4,5.7,-4.79,-44.351852,558.0,7557.0,0.1263972859191894,False,REGULAR,USD,2026-06-30,7332.16015625,0.0363499975204467,call,1.0501680045049822,0.0575342465753424,5.550000000000001
SPXW260630C07705000,2026-06-09 15:28:17+00:00,7705.0,5.6,5.4,5.7,-5.2999997,-48.623856,36.0,71.0,0.1277018993377685,False,REGULAR,USD,2026-06-30,7332.16015625,0.0363499975204467,call,1.0508499317806346,0.0575342465753424,5.550000000000001
SPXW260630C07710000,2026-06-09 15:26:44+00:00,7710.0,5.7,4.7,5.1,-3.9000006,-40.625004,20.0,174.0,0.1260463372802734,False,REGULAR,USD,2026-06-30,7332.16015625,0.0363499975204467,call,1.0515318590562872,0.0575342465753424,4.9
SPXW260630C07715000,2026-06-09 13:48:57+00:00,7715.0,9.3,5.1,5.4,-0.39999962,-4.1237073,13.0,111.0,0.1288386677551269,False,REGULAR,USD,2026-06-30,7332.16015625,0.0363499975204467,call,1.0522137863319398,0.0575342465753424,5.25
SPXW260630C07720000,2026-06-09 15:01:21+00:00,7720.0,6.9,4.3,4.6,-2.2800002,-24.836601,4.0,124.0,0.1259624147796631,False,REGULAR,USD,2026-06-30,7332.16015625,0.0363499975204467,call,1.0528957136075925,0.0575342465753424,4.449999999999999
SPXW260630C07725000,2026-06-09 15:24:19+00:00,7725.0,5.24,3.9,4.2,-3.0100002,-36.48485,83.0,2678.0,0.1249629740905761,False,REGULAR,USD,2026-06-30,7332.16015625,0.0363499975204467,call,1.053577640883245,0.0575342465753424,4.05
SPXW260630C07730000,2026-06-09 15:10:32+00:00,7730.0,6.6,3.6,3.9,-1.5000005,-18.518524,73.0,931.0,0.1244289218139648,False,REGULAR,USD,2026-06-30,7332.16015625,0.0363499975204467,call,1.0542595681588975,0.0575342465753424,3.75
SPXW260630C07735000,2026-06-09 15:06:07+00:00,7735.0,5.37,3.3,3.7,-1.7400002,-24.472578,10.0,78.0,0.1244060338592529,False,REGULAR,USD,2026-06-30,7332.16015625,0.0363499975204467,call,1.0549414954345502,0.0575342465753424,3.5
SPXW260630C07740000,2026-06-09 14:44:17+00:00,7740.0,6.65,3.6,3.9,-0.4499998,-6.3380256,10.0,339.0,0.1268703036499023,False,REGULAR,USD,2026-06-30,7332.16015625,0.0363499975204467,call,1.0556234227102028,0.0575342465753424,3.75
SPXW260630C07745000,2026-06-09 14:24:50+00:00,7745.0,7.7,3.1,3.4,1.0,14.925374,5.0,43.0,0.1248714222717285,False,REGULAR,USD,2026-06-30,7332.16015625,0.0363499975204467,call,1.0563053499858552,0.0575342465753424,3.25
SPXW260630C07750000,2026-06-09 15:28:22+00:00,7750.0,3.15,2.8,3.1,-2.85,-47.5,431.0,1276.0,0.1239864213562011,False,REGULAR,USD,2026-06-30,7332.16015625,0.0363499975204467,call,1.056987277261508,0.0575342465753424,2.95
SPXW260630C07755000,2026-06-08 19:30:12+00:00,7755.0,5.9,2.9,3.2,0.0,0.0,34.0,91.0,0.1258784922790527,False,REGULAR,USD,2026-06-30,7332.16015625,0.0363499975204467,call,1.0576692045371603,0.0575342465753424,3.05
SPXW260630C07760000,2026-06-09 14:32:43+00:00,7760.0,6.2,2.6,2.8,0.5699997,10.124329,125.0,400.0,0.124108490447998,False,REGULAR,USD,2026-06-30,7332.16015625,0.0363499975204467,call,1.0583511318128132,0.0575342465753424,2.7
SPXW260630C07765000,2026-06-09 15:10:01+00:00,7765.0,4.12,2.35,2.6,-2.7800002,-40.28986,3.0,242.0,0.1236812486267089,False,REGULAR,USD,2026-06-30,7332.16015625,0.0363499975204467,call,1.0590330590884658,0.0575342465753424,2.475
SPXW260630C07770000,2026-06-09 14:59:39+00:00,7770.0,3.6,2.1,2.3,-1.3000002,-26.530615,100.0,176.0,0.1222927127075195,False,REGULAR,USD,2026-06-30,7332.16015625,0.0363499975204467,call,1.0597149863641182,0.0575342465753424,2.2
SPXW260630C07775000,2026-06-09 15:26:19+00:00,7775.0,2.55,2.1,2.3,-1.8500001,-42.045456,52.0,1649.0,0.1234218518066406,False,REGULAR,USD,2026-06-30,7332.16015625,0.0363499975204467,call,1.0603969136397708,0.0575342465753424,2.2
SPXW260630C07780000,2026-06-08 16:19:45+00:00,7780.0,3.07,1.85,2.05,-4.01,-56.638424,3.0,127.0,0.1222469367980957,False,REGULAR,USD,2026-06-30,7332.16015625,0.0363499975204467,call,1.0610788409154237,0.0575342465753424,1.95
SPXW260630C07785000,2026-06-09 15:12:16+00:00,7785.0,3.0,1.85,2.05,-2.1999998,-42.30769,277.0,767.0,0.1233608172607422,False,REGULAR,USD,2026-06-30,7332.16015625,0.0363499975204467,call,1.061760768191076,0.0575342465753424,1.95
SPXW260630C07790000,2026-06-09 15:10:01+00:00,7790.0,2.97,1.6,1.8,-0.8299999,-21.842104,70.0,884.0,0.1219417640686035,False,REGULAR,USD,2026-06-30,7332.16015625,0.0363499975204467,call,1.0624426954667283,0.0575342465753424,1.7000000000000002
SPXW260630C07795000,2026-06-08 13:42:54+00:00,7795.0,2.49,1.5,1.7,-3.61,-59.18033,12.0,41.0,0.1219570227050781,False,REGULAR,USD,2026-06-30,7332.16015625,0.0363499975204467,call,1.0631246227423812,0.0575342465753424,1.6
SPXW260630C07800000,2026-06-09 15:28:22+00:00,7800.0,1.65,1.4,1.6,-1.4,-45.90164,145.0,5603.0,0.1219112467956543,False,REGULAR,USD,2026-06-30,7332.16015625,0.0363499975204467,call,1.0638065500180338,0.0575342465753424,1.5
SPXW260630C07805000,2026-06-09 15:25:25+00:00,7805.0,1.78,1.45,1.65,-1.4200001,-44.375,26.0,72.0,0.1235439208984375,False,REGULAR,USD,2026-06-30,7332.16015625,0.0363499975204467,call,1.0644884772936865,0.0575342465753424,1.5499999999999998
SPXW260630C07810000,2026-06-09 15:03:40+00:00,7810.0,2.09,1.25,1.45,-1.9100001,-47.750004,30.0,149.0,0.1222469367980957,False,REGULAR,USD,2026-06-30,7332.16015625,0.0363499975204467,call,1.0651704045693389,0.0575342465753424,1.35
SPXW260630C07815000,2026-06-09 14:44:31+00:00,7815.0,1.96,1.15,1.35,-3.1399999,-61.56863,15.0,85.0,0.1220180572509765,False,REGULAR,USD,2026-06-30,7332.16015625,0.0363499975204467,call,1.0658523318449915,0.0575342465753424,1.25
SPXW260630C07820000,2026-06-09 13:40:26+00:00,7820.0,4.53,1.2,1.4,2.13,88.75,11.0,2681.0,0.1237117658996582,False,REGULAR,USD,2026-06-30,7332.16015625,0.0363499975204467,call,1.066534259120644,0.0575342465753424,1.2999999999999998
SPXW260630C07825000,2026-06-09 15:26:20+00:00,7825.0,1.32,1.1,1.25,-0.9799999,-42.608692,108.0,1441.0,0.1227504718017578,False,REGULAR,USD,2026-06-30,7332.16015625,0.0363499975204467,call,1.0672161863962968,0.0575342465753424,1.175
SPXW260630C07830000,2026-06-09 15:07:24+00:00,7830.0,1.59,1.05,1.25,-0.65999997,-29.333334,216.0,3254.0,0.1237880590820312,False,REGULAR,USD,2026-06-30,7332.16015625,0.0363499975204467,call,1.0678981136719492,0.0575342465753424,1.15
SPXW260630C07835000,2026-06-08 13:49:49+00:00,7835.0,2.4,0.9,1.1,-1.5,-38.461536,1.0,72.0,0.1225978854370117,False,REGULAR,USD,2026-06-30,7332.16015625,0.0363499975204467,call,1.0685800409476018,0.0575342465753424,1.0
SPXW260630C07840000,2026-06-09 14:06:35+00:00,7840.0,2.25,0.9,1.05,-0.45000005,-16.666668,8.0,211.0,0.1228420236206054,False,REGULAR,USD,2026-06-30,7332.16015625,0.0363499975204467,call,1.0692619682232545,0.0575342465753424,0.975
SPXW260630C07845000,2026-06-05 15:15:09+00:00,7845.0,5.3,0.85,1.0,0.0,0.0,11.0,21.0,0.1230251272583007,False,REGULAR,USD,2026-06-30,7332.16015625,0.0363499975204467,call,1.0699438954989071,0.0575342465753424,0.925
SPXW260630C07855000,2026-06-08 14:55:19+00:00,7855.0,2.87,0.7,0.9,0.0,0.0,1.0,142.0,0.1232997827148437,False,REGULAR,USD,2026-06-30,7332.16015625,0.0363499975204467,call,1.0713077500502122,0.0575342465753424,0.8
SPXW260630C07865000,2026-06-08 15:53:44+00:00,7865.0,1.6,0.6,0.8,-1.0600001,-39.849625,8.0,39.0,0.1233608172607422,False,REGULAR,USD,2026-06-30,7332.16015625,0.0363499975204467,call,1.0726716046015174,0.0575342465753424,0.7
SPXW260630C07870000,2026-06-08 00:30:33+00:00,7870.0,2.25,0.6,0.8,0.0,0.0,1.0,171.0,0.1243373699951172,False,REGULAR,USD,2026-06-30,7332.16015625,0.0363499975204467,call,1.07335353187717,0.0575342465753424,0.7
SPXW260630C07875000,2026-06-09 15:20:17+00:00,7875.0,0.85,0.65,0.85,-0.56999993,-40.140842,57.0,1296.0,0.1262599581909179,False,REGULAR,USD,2026-06-30,7332.16015625,0.0363499975204467,call,1.0740354591528225,0.0575342465753424,0.75
SPXW260701C07275000,2026-06-05 19:54:38+00:00,7275.0,225.41,164.4,165.4,0.0,0.0,1.0,1.0,0.1843686605453491,True,REGULAR,USD,2026-07-01,7332.16015625,0.0363499975204467,call,0.9922041860745124,0.0602739726027397,164.9
SPXW260701C07280000,2026-06-08 14:39:32+00:00,7280.0,240.5,165.9,167.7,0.0,0.0,1.0,1.0,0.1913876333236694,True,REGULAR,USD,2026-07-01,7332.16015625,0.0363499975204467,call,0.9928861133501647,0.0602739726027397,166.8
SPXW260701C07300000,2026-06-09 15:27:55+00:00,7300.0,157.4,149.5,150.6,-46.270004,-22.718124,9.0,5.0,0.1827035618400573,True,REGULAR,USD,2026-07-01,7332.16015625,0.0363499975204467,call,0.9956138224527752,0.0602739726027397,150.05
SPXW260701C07310000,2026-06-08 14:20:20+00:00,7310.0,209.73,148.0,156.8,0.0,0.0,2.0,2.0,0.198332220249176,True,REGULAR,USD,2026-07-01,7332.16015625,0.0363499975204467,call,0.9969776770040804,0.0602739726027397,152.4
SPXW260701C07340000,2026-06-08 14:59:01+00:00,7340.0,205.0,121.9,125.0,0.0,0.0,4.0,2.0,0.1753698796844482,False,REGULAR,USD,2026-07-01,7332.16015625,0.0363499975204467,call,1.001069240657996,0.0602739726027397,123.45
SPXW260701C07350000,2026-06-09 15:25:08+00:00,7350.0,131.25,120.9,123.4,-27.929993,-17.546171,5.0,21.0,0.1796709078407287,False,REGULAR,USD,2026-07-01,7332.16015625,0.0363499975204467,call,1.002433095209301,0.0602739726027397,122.15
SPXW260701C07360000,2026-06-08 15:30:09+00:00,7360.0,180.0,111.4,112.6,0.0,0.0,2.0,3.0,0.1712614918136596,False,REGULAR,USD,2026-07-01,7332.16015625,0.0363499975204467,call,1.0037969497606063,0.0602739726027397,112.0
SPXW260701C07375000,2026-06-08 19:20:14+00:00,7375.0,146.6,106.6,107.9,0.0,0.0,2.0,8.0,0.1740099537086487,False,REGULAR,USD,2026-07-01,7332.16015625,0.0363499975204467,call,1.005842731587564,0.0602739726027397,107.25
SPXW260701C07390000,2026-06-05 18:29:59+00:00,7390.0,154.6,95.9,97.8,0.0,0.0,7.0,9.0,0.1689612523651123,False,REGULAR,USD,2026-07-01,7332.16015625,0.0363499975204467,call,1.0078885134145217,0.0602739726027397,96.85
SPXW260701C07400000,2026-06-09 15:29:29+00:00,7400.0,90.3,90.0,91.0,-36.39,-28.723656,23.0,44.0,0.1652400523948669,False,REGULAR,USD,2026-07-01,7332.16015625,0.0363499975204467,call,1.009252367965827,0.0602739726027397,90.5
SPXW260701C07410000,2026-06-08 14:39:32+00:00,7410.0,145.54,84.9,86.2,0.0,0.0,5.0,18.0,0.1640899326705932,False,REGULAR,USD,2026-07-01,7332.16015625,0.0363499975204467,call,1.010616222517132,0.0602739726027397,85.55000000000001
SPXW260701C07420000,2026-06-09 00:49:32+00:00,7420.0,107.0,80.0,81.0,-38.5,-26.460482,1.0,18.0,0.1621806957817077,False,REGULAR,USD,2026-07-01,7332.16015625,0.0363499975204467,call,1.0119800770684373,0.0602739726027397,80.5
SPXW260701C07425000,2026-06-08 20:11:11+00:00,7425.0,138.0,77.4,78.6,23.800003,20.840633,8.0,16.0,0.1614292079353332,False,REGULAR,USD,2026-07-01,7332.16015625,0.0363499975204467,call,1.01266200434409,0.0602739726027397,78.0
SPXW260701C07430000,2026-06-08 14:02:09+00:00,7430.0,115.8,77.8,78.6,-13.800003,-10.6481495,1.0,11.0,0.1640498787498474,False,REGULAR,USD,2026-07-01,7332.16015625,0.0363499975204467,call,1.0133439316197423,0.0602739726027397,78.19999999999999
SPXW260701C07440000,2026-06-09 13:48:52+00:00,7440.0,139.6,73.6,74.4,27.90001,24.977629,2.0,30.0,0.1631858584594727,False,REGULAR,USD,2026-07-01,7332.16015625,0.0363499975204467,call,1.0147077861710476,0.0602739726027397,74.0
SPXW260701C07450000,2026-06-09 14:23:31+00:00,7450.0,104.5,68.4,69.3,-2.7200012,-2.5368412,155.0,513.0,0.1608093258285522,False,REGULAR,USD,2026-07-01,7332.16015625,0.0363499975204467,call,1.016071640722353,0.0602739726027397,68.85
SPXW260701C07460000,2026-06-08 16:39:45+00:00,7460.0,105.83,62.6,64.2,0.0,0.0,6.0,13.0,0.1581886550140381,False,REGULAR,USD,2026-07-01,7332.16015625,0.0363499975204467,call,1.017435495273658,0.0602739726027397,63.400000000000006
SPXW260701C07470000,2026-06-08 18:01:52+00:00,7470.0,99.4,57.9,58.8,0.0,0.0,26.0,20.0,0.15484319896698,False,REGULAR,USD,2026-07-01,7332.16015625,0.0363499975204467,call,1.0187993498249632,0.0602739726027397,58.35
SPXW260701C07475000,2026-06-09 14:26:12+00:00,7475.0,93.9,56.7,57.9,-8.080002,-7.923124,13.0,13.0,0.1558064003944397,False,REGULAR,USD,2026-07-01,7332.16015625,0.0363499975204467,call,1.0194812771006156,0.0602739726027397,57.3
SPXW260701C07480000,2026-06-09 13:43:36+00:00,7480.0,107.5,58.6,59.9,-4.260002,-3.8117414,1.0,5.0,0.1611679037857055,False,REGULAR,USD,2026-07-01,7332.16015625,0.0363499975204467,call,1.0201632043762685,0.0602739726027397,59.25
SPXW260701C07490000,2026-06-09 15:23:29+00:00,7490.0,61.6,50.1,51.0,-52.200005,-45.86995,1.0,4.0,0.1519287994003296,False,REGULAR,USD,2026-07-01,7332.16015625,0.0363499975204467,call,1.0215270589275736,0.0602739726027397,50.55
SPXW260701C07500000,2026-06-09 15:17:57+00:00,7500.0,62.0,48.5,49.2,-11.5,-15.646258,5.0,348.0,0.1534699216842651,False,REGULAR,USD,2026-07-01,7332.16015625,0.0363499975204467,call,1.0228909134788786,0.0602739726027397,48.85
SPXW260701C07510000,2026-06-08 14:20:20+00:00,7510.0,81.61,43.4,44.2,0.0,0.0,6.0,6.0,0.1496361892700195,False,REGULAR,USD,2026-07-01,7332.16015625,0.0363499975204467,call,1.024254768030184,0.0602739726027397,43.8
SPXW260701C07520000,2026-06-05 19:21:38+00:00,7520.0,67.77,39.9,40.8,0.0,0.0,10.0,33.0,0.1481179549407959,False,REGULAR,USD,2026-07-01,7332.16015625,0.0363499975204467,call,1.025618622581489,0.0602739726027397,40.35
SPXW260701C07525000,2026-06-09 15:24:54+00:00,7525.0,46.1,38.7,40.0,-47.800003,-50.905224,11.0,42.0,0.1488007789230346,False,REGULAR,USD,2026-07-01,7332.16015625,0.0363499975204467,call,1.0263005498571416,0.0602739726027397,39.35
SPXW260701C07530000,2026-06-09 00:15:03+00:00,7530.0,54.08,38.6,39.4,-18.470001,-25.458305,3.0,3.0,0.1497944976234436,False,REGULAR,USD,2026-07-01,7332.16015625,0.0363499975204467,call,1.0269824771327942,0.0602739726027397,39.0
SPXW260701C07540000,2026-06-08 16:30:40+00:00,7540.0,68.04,35.2,36.0,0.0,0.0,4.0,54.0,0.1478127822113037,False,REGULAR,USD,2026-07-01,7332.16015625,0.0363499975204467,call,1.0283463316840993,0.0602739726027397,35.6
SPXW260701C07550000,2026-06-09 15:07:16+00:00,7550.0,43.68,32.4,33.2,-8.119999,-15.6756735,2.0,25.0,0.1466187939071655,False,REGULAR,USD,2026-07-01,7332.16015625,0.0363499975204467,call,1.0297101862354046,0.0602739726027397,32.8
SPXW260701C07560000,2026-06-08 14:58:10+00:00,7560.0,66.2,26.0,29.4,0.0,0.0,6.0,36.0,0.1432351912689209,False,REGULAR,USD,2026-07-01,7332.16015625,0.0363499975204467,call,1.0310740407867096,0.0602739726027397,27.7
SPXW260701C07570000,2026-06-09 15:27:57+00:00,7570.0,29.0,26.1,27.6,-19.0,-39.583332,36.0,85.0,0.1433839629745483,False,REGULAR,USD,2026-07-01,7332.16015625,0.0363499975204467,call,1.0324378953380149,0.0602739726027397,26.85
SPXW260701C07575000,2026-06-08 19:12:03+00:00,7575.0,43.73,27.6,28.4,0.0,0.0,8.0,43.0,0.1467866389083862,False,REGULAR,USD,2026-07-01,7332.16015625,0.0363499975204467,call,1.0331198226136675,0.0602739726027397,28.0
SPXW260701C07580000,2026-06-08 17:59:20+00:00,7580.0,45.55,24.9,25.5,0.0,0.0,2.0,34.0,0.1427278416061401,False,REGULAR,USD,2026-07-01,7332.16015625,0.0363499975204467,call,1.03380174988932,0.0602739726027397,25.2
SPXW260701C07590000,2026-06-09 15:14:50+00:00,7590.0,33.11,21.8,22.9,-17.14,-34.10945,1.0,60.0,0.1407442188644409,False,REGULAR,USD,2026-07-01,7332.16015625,0.0363499975204467,call,1.0351656044406252,0.0602739726027397,22.35
SPXW260701C07600000,2026-06-09 15:07:16+00:00,7600.0,28.53,20.9,21.5,-5.870001,-17.063955,21.0,291.0,0.1410875381851196,False,REGULAR,USD,2026-07-01,7332.16015625,0.0363499975204467,call,1.0365294589919305,0.0602739726027397,21.2
SPXW260701C07610000,2026-06-09 14:41:43+00:00,7610.0,34.2,17.6,19.0,-21.8,-38.92857,28.0,19.0,0.1386766736221313,False,REGULAR,USD,2026-07-01,7332.16015625,0.0363499975204467,call,1.0378933135432356,0.0602739726027397,18.3
SPXW260701C07620000,2026-06-09 14:41:43+00:00,7620.0,31.3,17.2,17.7,2.6599998,9.287709,5.0,46.0,0.1387949280548095,False,REGULAR,USD,2026-07-01,7332.16015625,0.0363499975204467,call,1.0392571680945406,0.0602739726027397,17.45
SPXW260701C07625000,2026-06-09 13:43:10+00:00,7625.0,38.91,15.0,15.7,-3.540001,-8.339225,16.0,95.0,0.1353350322341919,False,REGULAR,USD,2026-07-01,7332.16015625,0.0363499975204467,call,1.0399390953701932,0.0602739726027397,15.35
SPXW260701C07630000,2026-06-09 13:42:47+00:00,7630.0,36.87,14.1,15.0,10.009998,37.267303,21.0,9.0,0.1350603767776489,False,REGULAR,USD,2026-07-01,7332.16015625,0.0363499975204467,call,1.040621022645846,0.0602739726027397,14.55
SPXW260701C07640000,2026-06-09 14:55:21+00:00,7640.0,20.0,13.2,13.7,-4.459999,-18.233849,39.0,36.0,0.134587359046936,False,REGULAR,USD,2026-07-01,7332.16015625,0.0363499975204467,call,1.041984877197151,0.0602739726027397,13.45
SPXW260701C07650000,2026-06-09 14:58:46+00:00,7650.0,18.47,11.5,12.1,-7.33,-28.410854,6.0,71.0,0.1329584996032715,False,REGULAR,USD,2026-07-01,7332.16015625,0.0363499975204467,call,1.0433487317484562,0.0602739726027397,11.8
SPXW260701C07660000,2026-06-09 13:43:33+00:00,7660.0,19.72,10.6,11.3,-2.3700008,-10.728841,11.0,16.0,0.1334467759704589,False,REGULAR,USD,2026-07-01,7332.16015625,0.0363499975204467,call,1.0447125862997613,0.0602739726027397,10.95
SPXW260701C07670000,2026-06-08 16:12:14+00:00,7670.0,14.6,9.1,9.6,-10.42,-41.646683,1.0,11.0,0.130768885269165,False,REGULAR,USD,2026-07-01,7332.16015625,0.0363499975204467,call,1.0460764408510663,0.0602739726027397,9.35
SPXW260701C07675000,2026-06-09 14:58:46+00:00,7675.0,14.17,8.8,9.4,-10.610001,-42.816788,1.0,79.0,0.131482226524353,False,REGULAR,USD,2026-07-01,7332.16015625,0.0363499975204467,call,1.0467583681267192,0.0602739726027397,9.1
SPXW260701C07680000,2026-06-09 15:00:25+00:00,7680.0,13.0,8.0,8.6,-3.2700005,-20.098343,24.0,460.0,0.1300288414001464,False,REGULAR,USD,2026-07-01,7332.16015625,0.0363499975204467,call,1.0474402954023718,0.0602739726027397,8.3
SPXW260701C07690000,2026-06-08 13:47:13+00:00,7690.0,20.05,7.2,7.6,-2.0500011,-9.276024,1.0,1500.0,0.1289607368469238,False,REGULAR,USD,2026-07-01,7332.16015625,0.0363499975204467,call,1.0488041499536769,0.0602739726027397,7.4
SPXW260701C07700000,2026-06-09 14:49:50+00:00,7700.0,8.5,6.3,6.8,-4.67,-35.459377,18.0,2218.0,0.1283732793426513,False,REGULAR,USD,2026-07-01,7332.16015625,0.0363499975204467,call,1.0501680045049822,0.0602739726027397,6.55
SPXW260701C07710000,2026-06-09 12:33:17+00:00,7710.0,14.4,5.9,6.4,-1.9500008,-11.92661,8.0,9.0,0.1292582802581787,False,REGULAR,USD,2026-07-01,7332.16015625,0.0363499975204467,call,1.0515318590562872,0.0602739726027397,6.15
SPXW260701C07720000,2026-06-09 08:36:36+00:00,7720.0,12.7,5.3,5.7,-9.45,-42.66366,2.0,5.0,0.1286250468444824,False,REGULAR,USD,2026-07-01,7332.16015625,0.0363499975204467,call,1.0528957136075925,0.0602739726027397,5.5
SPXW260701C07725000,2026-06-09 15:25:24+00:00,7725.0,6.1,4.7,5.1,-6.7000003,-52.34375,13.0,132.0,0.126938967514038,False,REGULAR,USD,2026-07-01,7332.16015625,0.0363499975204467,call,1.053577640883245,0.0602739726027397,4.9
SPXW260701C07730000,2026-06-08 13:46:55+00:00,7730.0,15.38,4.6,5.0,0.0,0.0,1.0,1.0,0.1276713820648193,False,REGULAR,USD,2026-07-01,7332.16015625,0.0363499975204467,call,1.0542595681588975,0.0602739726027397,4.8
SPXW260701C07750000,2026-06-09 15:10:11+00:00,7750.0,6.22,3.4,3.7,-2.6700006,-30.03375,32.0,142.0,0.1251384484100342,False,REGULAR,USD,2026-07-01,7332.16015625,0.0363499975204467,call,1.056987277261508,0.0602739726027397,3.55
SPXW260701C07775000,2026-06-09 14:55:06+00:00,7775.0,4.2,2.55,2.8,-3.79,-47.434296,2.0,342.0,0.1246883186340332,False,REGULAR,USD,2026-07-01,7332.16015625,0.0363499975204467,call,1.0603969136397708,0.0602739726027397,2.675
SPXW260701C07800000,2026-06-09 14:34:48+00:00,7800.0,2.9,2.0,2.3,-3.2999997,-53.225803,61.0,106.0,0.1261073718261718,False,REGULAR,USD,2026-07-01,7332.16015625,0.0363499975204467,call,1.0638065500180338,0.0602739726027397,2.15
SPXW260701C07825000,2026-06-08 17:05:27+00:00,7825.0,3.7,1.3,1.55,0.0,0.0,42.0,100.0,0.123757541809082,False,REGULAR,USD,2026-07-01,7332.16015625,0.0363499975204467,call,1.0672161863962968,0.0602739726027397,1.425
SPXW260701C07850000,2026-06-09 15:21:37+00:00,7850.0,1.55,1.05,1.25,-0.75,-32.608696,78.0,164.0,0.1249782327270507,False,REGULAR,USD,2026-07-01,7332.16015625,0.0363499975204467,call,1.0706258227745595,0.0602739726027397,1.15
SPXW260702C07275000,2026-06-09 14:56:35+00:00,7275.0,201.13,174.3,175.2,-39.369995,-16.37006,4.0,15.0,0.1940369140815735,True,REGULAR,USD,2026-07-02,7332.16015625,0.0363499975204467,call,0.9922041860745124,0.0630136986301369,174.75
SPXW260702C07300000,2026-06-09 15:27:35+00:00,7300.0,163.14,154.4,155.8,-42.309998,-20.593819,43.0,149.0,0.1860776278305053,True,REGULAR,USD,2026-07-02,7332.16015625,0.0363499975204467,call,0.9956138224527752,0.0630136986301369,155.10000000000002
SPXW260702C07320000,2026-06-09 14:52:44+00:00,7320.0,170.4,140.9,142.2,-39.11,-18.667368,2.0,4.0,0.1816831405258178,True,REGULAR,USD,2026-07-02,7332.16015625,0.0363499975204467,call,0.9983415315553856,0.0630136986301369,141.55
SPXW260702C07325000,2026-06-05 18:09:04+00:00,7325.0,219.87,138.4,139.8,0.0,0.0,1.0,4.0,0.1818280975723266,True,REGULAR,USD,2026-07-02,7332.16015625,0.0363499975204467,call,0.9990234588310382,0.0630136986301369,139.10000000000002
SPXW260702C07340000,2026-06-09 14:52:44+00:00,7340.0,156.9,130.5,131.3,-180.80002,-53.538647,2.0,1.0,0.1802965119361877,False,REGULAR,USD,2026-07-02,7332.16015625,0.0363499975204467,call,1.001069240657996,0.0630136986301369,130.9
SPXW260702C07350000,2026-06-08 19:47:34+00:00,7350.0,170.7,123.1,124.6,0.0,0.0,12.0,82.0,0.1777006364059448,False,REGULAR,USD,2026-07-02,7332.16015625,0.0363499975204467,call,1.002433095209301,0.0630136986301369,123.85
SPXW260702C07360000,2026-06-04 19:29:21+00:00,7360.0,299.58,120.3,121.2,0.0,0.0,1.0,8.0,0.1793523838043212,False,REGULAR,USD,2026-07-02,7332.16015625,0.0363499975204467,call,1.0037969497606063,0.0630136986301369,120.75
SPXW260702C07370000,2026-06-09 14:54:30+00:00,7370.0,137.4,117.4,118.7,-48.04001,-25.905958,16.0,7.0,0.1820531624603271,False,REGULAR,USD,2026-07-02,7332.16015625,0.0363499975204467,call,1.0051608043119111,0.0630136986301369,118.05
SPXW260702C07375000,2026-06-09 15:21:50+00:00,7375.0,132.8,108.6,109.8,-67.06,-33.553486,8.0,63.0,0.1730963428497314,False,REGULAR,USD,2026-07-02,7332.16015625,0.0363499975204467,call,1.005842731587564,0.0630136986301369,109.2
SPXW260702C07380000,2026-06-09 15:21:20+00:00,7380.0,129.2,106.8,107.7,-21.339996,-14.1756315,42.0,5.0,0.1732012459754944,False,REGULAR,USD,2026-07-02,7332.16015625,0.0363499975204467,call,1.0065246588632166,0.0630136986301369,107.25
SPXW260702C07385000,2026-06-09 15:16:36+00:00,7385.0,129.5,106.0,107.1,-18.5,-12.5,32.0,3.0,0.1752859571838378,False,REGULAR,USD,2026-07-02,7332.16015625,0.0363499975204467,call,1.0072065861388693,0.0630136986301369,106.55
SPXW260702C07390000,2026-06-09 15:16:01+00:00,7390.0,128.8,103.3,104.7,-12.580002,-8.898006,36.0,10.0,0.1749121205902099,False,REGULAR,USD,2026-07-02,7332.16015625,0.0363499975204467,call,1.0078885134145217,0.0630136986301369,104.0
SPXW260702C07395000,2026-06-09 15:14:17+00:00,7395.0,128.3,100.6,101.7,-10.889999,-7.8238378,8.0,4.0,0.1736838003540039,False,REGULAR,USD,2026-07-02,7332.16015625,0.0363499975204467,call,1.0085704406901743,0.0630136986301369,101.15
SPXW260702C07400000,2026-06-09 15:15:11+00:00,7400.0,123.89,98.1,98.9,-10.7400055,-7.9774227,10.0,281.0,0.1726805450057983,False,REGULAR,USD,2026-07-02,7332.16015625,0.0363499975204467,call,1.009252367965827,0.0630136986301369,98.5
SPXW260702C07410000,2026-06-08 19:53:15+00:00,7410.0,127.99,90.9,92.2,0.0,0.0,69.0,36.0,0.1690318235588074,False,REGULAR,USD,2026-07-02,7332.16015625,0.0363499975204467,call,1.010616222517132,0.0630136986301369,91.55
SPXW260702C07415000,2026-06-08 19:32:38+00:00,7415.0,132.17,87.7,88.6,2.1699982,1.6692294,15.0,,0.1667830820083619,False,REGULAR,USD,2026-07-02,7332.16015625,0.0363499975204467,call,1.0112981497927849,0.0630136986301369,88.15
SPXW260702C07420000,2026-06-09 14:31:26+00:00,7420.0,126.3,88.2,89.5,-0.3600006,-0.28422597,20.0,74.0,0.1706721269798279,False,REGULAR,USD,2026-07-02,7332.16015625,0.0363499975204467,call,1.0119800770684373,0.0630136986301369,88.85
SPXW260702C07425000,2026-06-09 14:32:21+00:00,7425.0,127.4,85.9,87.8,7.5,6.255213,20.0,102.0,0.1709563190841674,False,REGULAR,USD,2026-07-02,7332.16015625,0.0363499975204467,call,1.01266200434409,0.0630136986301369,86.85
SPXW260702C07430000,2026-06-09 14:30:08+00:00,7430.0,122.8,81.7,83.6,4.4300003,3.7425025,40.0,53.0,0.1677329321289062,False,REGULAR,USD,2026-07-02,7332.16015625,0.0363499975204467,call,1.0133439316197423,0.0630136986301369,82.65
SPXW260702C07435000,2026-06-09 14:27:01+00:00,7435.0,113.86,77.8,79.0,1.3600006,1.2088895,34.0,23.0,0.1638724971008301,False,REGULAR,USD,2026-07-02,7332.16015625,0.0363499975204467,call,1.014025858895395,0.0630136986301369,78.4
SPXW260702C07440000,2026-06-08 18:06:33+00:00,7440.0,123.86,75.8,77.0,0.0,0.0,445.0,71.0,0.1635825830078125,False,REGULAR,USD,2026-07-02,7332.16015625,0.0363499975204467,call,1.0147077861710476,0.0630136986301369,76.4
SPXW260702C07445000,2026-06-08 16:54:14+00:00,7445.0,137.0,76.1,76.8,12.790001,10.297078,1.0,64.0,0.1657931779670715,False,REGULAR,USD,2026-07-02,7332.16015625,0.0363499975204467,call,1.0153897134467005,0.0630136986301369,76.44999999999999
SPXW260702C07450000,2026-06-09 15:26:34+00:00,7450.0,78.16,73.6,74.6,-27.239998,-25.8444,171.0,577.0,0.1651427785873413,False,REGULAR,USD,2026-07-02,7332.16015625,0.0363499975204467,call,1.016071640722353,0.0630136986301369,74.1
SPXW260702C07455000,2026-06-09 13:37:33+00:00,7455.0,124.8,71.6,72.3,1.2000046,0.9708775,56.0,49.0,0.1643035535812377,False,REGULAR,USD,2026-07-02,7332.16015625,0.0363499975204467,call,1.016753567998005,0.0630136986301369,71.94999999999999
SPXW260702C07460000,2026-06-09 14:10:11+00:00,7460.0,110.2,69.0,70.0,10.879997,10.954488,106.0,36.0,0.1634071086883545,False,REGULAR,USD,2026-07-02,7332.16015625,0.0363499975204467,call,1.017435495273658,0.0630136986301369,69.5
SPXW260702C07465000,2026-06-09 13:58:42+00:00,7465.0,120.3,67.4,68.2,1.5300064,1.2882096,43.0,45.0,0.1631858584594727,False,REGULAR,USD,2026-07-02,7332.16015625,0.0363499975204467,call,1.0181174225493106,0.0630136986301369,67.80000000000001
SPXW260702C07470000,2026-06-09 13:56:06+00:00,7470.0,118.6,65.4,66.2,-4.300003,-3.498782,68.0,29.0,0.1626251035690307,False,REGULAR,USD,2026-07-02,7332.16015625,0.0363499975204467,call,1.0187993498249632,0.0630136986301369,65.80000000000001
SPXW260702C07475000,2026-06-09 13:54:09+00:00,7475.0,96.74,62.6,63.7,-13.75,-12.444566,69.0,80.0,0.1612785289001465,False,REGULAR,USD,2026-07-02,7332.16015625,0.0363499975204467,call,1.0194812771006156,0.0630136986301369,63.150000000000006
SPXW260702C07480000,2026-06-09 13:59:12+00:00,7480.0,106.9,58.6,59.5,18.71,21.215555,51.0,42.0,0.1573341713714599,False,REGULAR,USD,2026-07-02,7332.16015625,0.0363499975204467,call,1.0201632043762685,0.0630136986301369,59.05
SPXW260702C07490000,2026-06-09 14:25:11+00:00,7490.0,91.36,55.2,57.5,6.1600037,7.2300515,10.0,25.0,0.1588066297912598,False,REGULAR,USD,2026-07-02,7332.16015625,0.0363499975204467,call,1.0215270589275736,0.0630136986301369,56.35
SPXW260702C07500000,2026-06-09 15:21:09+00:00,7500.0,66.4,52.8,53.7,-10.900002,-14.100906,110.0,446.0,0.1573837619400024,False,REGULAR,USD,2026-07-02,7332.16015625,0.0363499975204467,call,1.0228909134788786,0.0630136986301369,53.25
SPXW260702C07510000,2026-06-09 13:51:09+00:00,7510.0,100.89,47.9,48.7,27.580002,37.621067,1.0,287.0,0.1538284996414184,False,REGULAR,USD,2026-07-02,7332.16015625,0.0363499975204467,call,1.024254768030184,0.0630136986301369,48.3
SPXW260702C07520000,2026-06-08 19:47:38+00:00,7520.0,71.12,46.2,47.6,0.0,0.0,10.0,46.0,0.1562393642044067,False,REGULAR,USD,2026-07-02,7332.16015625,0.0363499975204467,call,1.025618622581489,0.0630136986301369,46.900000000000006
SPXW260702C07525000,2026-06-09 13:30:03+00:00,7525.0,78.41,42.9,43.8,3.9100037,5.2483273,4.0,88.0,0.1521080883789062,False,REGULAR,USD,2026-07-02,7332.16015625,0.0363499975204467,call,1.0263005498571416,0.0630136986301369,43.35
SPXW260702C07530000,2026-06-09 14:16:07+00:00,7530.0,64.62,40.8,41.7,1.420002,2.2468386,22.0,46.0,0.1506394446182251,False,REGULAR,USD,2026-07-02,7332.16015625,0.0363499975204467,call,1.0269824771327942,0.0630136986301369,41.25
SPXW260702C07540000,2026-06-09 15:22:21+00:00,7540.0,48.4,37.8,38.6,-19.220001,-28.423544,68.0,966.0,0.1493348311996459,False,REGULAR,USD,2026-07-02,7332.16015625,0.0363499975204467,call,1.0283463316840993,0.0630136986301369,38.2
SPXW260702C07550000,2026-06-09 15:21:09+00:00,7550.0,46.7,35.1,39.0,-9.389999,-16.740952,86.0,1402.0,0.1539009781646728,False,REGULAR,USD,2026-07-02,7332.16015625,0.0363499975204467,call,1.0297101862354046,0.0630136986301369,37.05
SPXW260702C07560000,2026-06-08 19:24:00+00:00,7560.0,68.39,33.0,34.0,17.189999,33.574215,5.0,291.0,0.1488427401733398,False,REGULAR,USD,2026-07-02,7332.16015625,0.0363499975204467,call,1.0310740407867096,0.0630136986301369,33.5
SPXW260702C07570000,2026-06-08 19:52:58+00:00,7570.0,39.28,29.7,31.1,-8.670002,-18.081339,1.0,511.0,0.1471719194793701,False,REGULAR,USD,2026-07-02,7332.16015625,0.0363499975204467,call,1.0324378953380149,0.0630136986301369,30.4
SPXW260702C07575000,2026-06-09 14:43:39+00:00,7575.0,48.22,28.0,28.9,-0.07999802,-0.16562736,47.0,170.0,0.1447877575302124,False,REGULAR,USD,2026-07-02,7332.16015625,0.0363499975204467,call,1.0331198226136675,0.0630136986301369,28.45
SPXW260702C07580000,2026-06-09 14:55:32+00:00,7580.0,38.92,28.2,28.9,-7.6800003,-16.480688,36.0,1232.0,0.1465653886795044,False,REGULAR,USD,2026-07-02,7332.16015625,0.0363499975204467,call,1.03380174988932,0.0630136986301369,28.55
SPXW260702C07590000,2026-06-09 14:55:32+00:00,7590.0,35.87,26.0,27.0,-9.600002,-21.112827,36.0,106.0,0.1463326944732666,False,REGULAR,USD,2026-07-02,7332.16015625,0.0363499975204467,call,1.0351656044406252,0.0630136986301369,26.5
SPXW260702C07600000,2026-06-09 15:21:09+00:00,7600.0,31.2,22.5,23.3,-6.9799995,-18.28182,91.0,893.0,0.1421136814880371,False,REGULAR,USD,2026-07-02,7332.16015625,0.0363499975204467,call,1.0365294589919305,0.0630136986301369,22.9
SPXW260702C07610000,2026-06-09 15:22:21+00:00,7610.0,27.4,20.5,21.3,-8.199999,-23.033705,13.0,132.0,0.141083723526001,False,REGULAR,USD,2026-07-02,7332.16015625,0.0363499975204467,call,1.0378933135432356,0.0630136986301369,20.9
SPXW260702C07620000,2026-06-09 15:22:44+00:00,7620.0,23.7,18.4,19.3,-13.82,-36.833687,56.0,620.0,0.1397714807891845,False,REGULAR,USD,2026-07-02,7332.16015625,0.0363499975204467,call,1.0392571680945406,0.0630136986301369,18.85
SPXW260702C07625000,2026-06-09 14:04:26+00:00,7625.0,40.67,17.8,22.0,9.369999,29.9361,16.0,1028.0,0.1475495707321167,False,REGULAR,USD,2026-07-02,7332.16015625,0.0363499975204467,call,1.0399390953701932,0.0630136986301369,19.9
SPXW260702C07630000,2026-06-09 15:00:51+00:00,7630.0,25.8,18.1,18.7,-5.0300007,-16.315279,10.0,164.0,0.1415338533020019,False,REGULAR,USD,2026-07-02,7332.16015625,0.0363499975204467,call,1.040621022645846,0.0630136986301369,18.4
SPXW260702C07640000,2026-06-08 19:37:15+00:00,7640.0,27.58,16.0,16.6,0.0,0.0,10.0,97.0,0.1394853813552856,False,REGULAR,USD,2026-07-02,7332.16015625,0.0363499975204467,call,1.041984877197151,0.0630136986301369,16.3
SPXW260702C07650000,2026-06-09 15:07:15+00:00,7650.0,17.41,14.8,15.4,-6.99,-28.647541,27.0,503.0,0.1394243468093872,False,REGULAR,USD,2026-07-02,7332.16015625,0.0363499975204467,call,1.0433487317484562,0.0630136986301369,15.1
SPXW260702C07660000,2026-06-09 15:28:08+00:00,7660.0,13.62,12.4,13.1,-8.820001,-39.304813,31.0,94.0,0.1360636321258545,False,REGULAR,USD,2026-07-02,7332.16015625,0.0363499975204467,call,1.0447125862997613,0.0630136986301369,12.75
SPXW260702C07670000,2026-06-09 15:08:15+00:00,7670.0,17.2,11.1,11.7,-4.0999985,-19.24882,4.0,433.0,0.1348047946166992,False,REGULAR,USD,2026-07-02,7332.16015625,0.0363499975204467,call,1.0460764408510663,0.0630136986301369,11.4
SPXW260702C07675000,2026-06-09 15:28:08+00:00,7675.0,11.62,10.5,11.1,-7.8200006,-40.22634,20.0,627.0,0.1343622941589355,False,REGULAR,USD,2026-07-02,7332.16015625,0.0363499975204467,call,1.0467583681267192,0.0630136986301369,10.8
SPXW260702C07680000,2026-06-09 14:58:24+00:00,7680.0,15.57,10.7,11.6,-3.9300003,-20.153849,8.0,223.0,0.1373300989532471,False,REGULAR,USD,2026-07-02,7332.16015625,0.0363499975204467,call,1.0474402954023718,0.0630136986301369,11.15
SPXW260702C07690000,2026-06-09 14:58:09+00:00,7690.0,13.9,8.8,9.5,-3.7000008,-21.02273,2.0,59.0,0.133248413696289,False,REGULAR,USD,2026-07-02,7332.16015625,0.0363499975204467,call,1.0488041499536769,0.0630136986301369,9.15
SPXW260702C07700000,2026-06-09 15:26:54+00:00,7700.0,9.46,8.0,8.5,-6.49,-40.689655,146.0,2213.0,0.132371042098999,False,REGULAR,USD,2026-07-02,7332.16015625,0.0363499975204467,call,1.0501680045049822,0.0630136986301369,8.25
SPXW260702C07710000,2026-06-09 07:08:33+00:00,7710.0,16.6,7.0,7.5,-5.6800003,-25.493715,1.0,141.0,0.1311732391357422,False,REGULAR,USD,2026-07-02,7332.16015625,0.0363499975204467,call,1.0515318590562872,0.0630136986301369,7.25
SPXW260702C07720000,2026-06-09 15:23:15+00:00,7720.0,9.1,6.3,6.8,-3.0999994,-25.409832,7.0,97.0,0.1308756957244873,False,REGULAR,USD,2026-07-02,7332.16015625,0.0363499975204467,call,1.0528957136075925,0.0630136986301369,6.55
SPXW260702C07725000,2026-06-09 14:29:29+00:00,7725.0,9.08,6.0,6.6,-3.3199997,-26.774193,82.0,270.0,0.1312876789093017,False,REGULAR,USD,2026-07-02,7332.16015625,0.0363499975204467,call,1.053577640883245,0.0630136986301369,6.3
SPXW260702C07730000,2026-06-09 13:44:39+00:00,7730.0,17.0,5.2,6.1,3.0,21.428572,10.0,136.0,0.1303263848114013,False,REGULAR,USD,2026-07-02,7332.16015625,0.0363499975204467,call,1.0542595681588975,0.0630136986301369,5.65
SPXW260702C07740000,2026-06-09 14:59:58+00:00,7740.0,8.26,5.0,5.5,-5.6899996,-40.78853,1.0,626.0,0.1299830654907226,False,REGULAR,USD,2026-07-02,7332.16015625,0.0363499975204467,call,1.0556234227102028,0.0630136986301369,5.25
SPXW260702C07750000,2026-06-09 15:23:32+00:00,7750.0,6.0,4.5,4.9,-3.3199997,-35.622314,40.0,1125.0,0.1293727200317382,False,REGULAR,USD,2026-07-02,7332.16015625,0.0363499975204467,call,1.056987277261508,0.0630136986301369,4.7
SPXW260702C07760000,2026-06-08 19:15:08+00:00,7760.0,11.35,3.8,4.3,2.9800005,35.60335,2.0,48.0,0.128464831161499,False,REGULAR,USD,2026-07-02,7332.16015625,0.0363499975204467,call,1.0583511318128132,0.0630136986301369,4.05
SPXW260702C07770000,2026-06-08 18:13:17+00:00,7770.0,4.6,3.2,3.7,-4.27,-48.139797,2.0,234.0,0.1271754763793945,False,REGULAR,USD,2026-07-02,7332.16015625,0.0363499975204467,call,1.0597149863641182,0.0630136986301369,3.45
SPXW260702C07775000,2026-06-09 15:25:49+00:00,7775.0,4.2,3.2,3.5,-2.6000004,-38.2353,45.0,907.0,0.127038148651123,False,REGULAR,USD,2026-07-02,7332.16015625,0.0363499975204467,call,1.0603969136397708,0.0630136986301369,3.35
SPXW260702C07780000,2026-06-09 13:40:47+00:00,7780.0,9.54,3.4,3.7,2.8600001,42.814373,10.0,29.0,0.1294642718505859,False,REGULAR,USD,2026-07-02,7332.16015625,0.0363499975204467,call,1.0610788409154237,0.0630136986301369,3.55
SPXW260702C07790000,2026-06-08 19:15:25+00:00,7790.0,8.54,2.65,2.95,2.52,41.860466,1.0,31.0,0.1265651309204101,False,REGULAR,USD,2026-07-02,7332.16015625,0.0363499975204467,call,1.0624426954667283,0.0630136986301369,2.8
SPXW260702C07800000,2026-06-09 15:26:36+00:00,7800.0,2.94,2.7,2.95,-1.96,-40.0,160.0,602.0,0.1287623745727539,False,REGULAR,USD,2026-07-02,7332.16015625,0.0363499975204467,call,1.0638065500180338,0.0630136986301369,2.825
SPXW260702C07810000,2026-06-08 18:11:09+00:00,7810.0,7.2,2.1,2.3,1.3499999,23.076921,1.0,27.0,0.1256496127319336,False,REGULAR,USD,2026-07-02,7332.16015625,0.0363499975204467,call,1.0651704045693389,0.0630136986301369,2.2
SPXW260702C07820000,2026-06-09 14:14:21+00:00,7820.0,4.7,2.1,2.35,-0.5500002,-10.476194,1.0,42.0,0.1282130636596679,False,REGULAR,USD,2026-07-02,7332.16015625,0.0363499975204467,call,1.066534259120644,0.0630136986301369,2.225
SPXW260702C07825000,2026-06-09 14:32:52+00:00,7825.0,4.32,1.75,1.95,0.22000027,5.3658605,36.0,349.0,0.1255122850036621,False,REGULAR,USD,2026-07-02,7332.16015625,0.0363499975204467,call,1.0672161863962968,0.0630136986301369,1.85
SPXW260702C07830000,2026-06-09 14:25:00+00:00,7830.0,4.2,1.8,2.05,-0.10000038,-2.3255901,30.0,106.0,0.1275416836547852,False,REGULAR,USD,2026-07-02,7332.16015625,0.0363499975204467,call,1.0678981136719492,0.0630136986301369,1.925
SPXW260702C07850000,2026-06-09 15:16:51+00:00,7850.0,2.07,1.1,1.45,-1.4300001,-40.857143,62.0,522.0,0.1250392672729492,False,REGULAR,USD,2026-07-02,7332.16015625,0.0363499975204467,call,1.0706258227745595,0.0630136986301369,1.275
SPXW260702C07875000,2026-06-09 14:45:48+00:00,7875.0,1.92,1.05,1.25,-0.62,-24.409449,17.0,155.0,0.1272975454711914,False,REGULAR,USD,2026-07-02,7332.16015625,0.0363499975204467,call,1.0740354591528225,0.0630136986301369,1.15
SPXW260702C07900000,2026-06-09 15:16:51+00:00,7900.0,1.17,0.75,0.95,-0.43000007,-26.875004,17.0,668.0,0.1273280627441406,False,REGULAR,USD,2026-07-02,7332.16015625,0.0363499975204467,call,1.0774450955310857,0.0630136986301369,0.85
SPXW260706C07340000,2026-06-08 14:47:07+00:00,7340.0,209.37,135.1,137.2,0.0,0.0,1.0,1.0,0.1741987793350219,False,REGULAR,USD,2026-07-06,7332.16015625,0.0363499975204467,call,1.001069240657996,0.073972602739726,136.14999999999998
SPXW260706C07350000,2026-06-08 17:45:06+00:00,7350.0,180.1,127.3,128.2,0.0,0.0,1.0,3.0,0.1689612523651123,False,REGULAR,USD,2026-07-06,7332.16015625,0.0363499975204467,call,1.002433095209301,0.073972602739726,127.75
SPXW260706C07375000,2026-06-09 13:43:35+00:00,7375.0,187.4,116.1,117.0,20.399994,12.215566,1.0,24.0,0.1691882245826721,False,REGULAR,USD,2026-07-06,7332.16015625,0.0363499975204467,call,1.005842731587564,0.073972602739726,116.55
SPXW260706C07390000,2026-06-09 15:13:58+00:00,7390.0,136.1,108.7,110.1,-12.179993,-8.214185,16.0,1.0,0.1686732456016541,False,REGULAR,USD,2026-07-06,7332.16015625,0.0363499975204467,call,1.0078885134145217,0.073972602739726,109.4
SPXW260706C07400000,2026-06-09 15:08:09+00:00,7400.0,114.4,100.3,101.3,-24.629997,-17.7156,15.0,41.0,0.1628806857299805,False,REGULAR,USD,2026-07-06,7332.16015625,0.0363499975204467,call,1.009252367965827,0.073972602739726,100.8
SPXW260706C07410000,2026-06-08 08:22:42+00:00,7410.0,138.89,96.1,97.9,0.0,0.0,2.0,4.0,0.1636932081222534,False,REGULAR,USD,2026-07-06,7332.16015625,0.0363499975204467,call,1.010616222517132,0.073972602739726,97.0
SPXW260706C07420000,2026-06-08 17:45:06+00:00,7420.0,133.7,89.6,90.6,0.0,0.0,3.0,5.0,0.1594074386024475,False,REGULAR,USD,2026-07-06,7332.16015625,0.0363499975204467,call,1.0119800770684373,0.073972602739726,90.1
SPXW260706C07425000,2026-06-08 17:31:56+00:00,7425.0,144.94,87.5,91.7,7.9900055,5.8342505,3.0,14.0,0.1632507076644897,False,REGULAR,USD,2026-07-06,7332.16015625,0.0363499975204467,call,1.01266200434409,0.073972602739726,89.6
SPXW260706C07430000,2026-06-09 13:30:03+00:00,7430.0,98.9,85.2,87.0,-30.079994,-23.321442,2.0,12.0,0.1596534841156005,False,REGULAR,USD,2026-07-06,7332.16015625,0.0363499975204467,call,1.0133439316197423,0.073972602739726,86.1
SPXW260706C07440000,2026-06-08 18:06:33+00:00,7440.0,128.16,79.9,80.7,0.0,0.0,7.0,4.0,0.1562546228408813,False,REGULAR,USD,2026-07-06,7332.16015625,0.0363499975204467,call,1.0147077861710476,0.073972602739726,80.30000000000001
SPXW260706C07450000,2026-06-08 18:50:37+00:00,7450.0,117.8,78.4,79.2,0.0,0.0,54.0,66.0,0.1589229768943786,False,REGULAR,USD,2026-07-06,7332.16015625,0.0363499975204467,call,1.016071640722353,0.073972602739726,78.80000000000001
SPXW260706C07460000,2026-06-09 13:42:51+00:00,7460.0,114.7,73.5,74.4,11.0,10.607522,3.0,83.0,0.157130087108612,False,REGULAR,USD,2026-07-06,7332.16015625,0.0363499975204467,call,1.017435495273658,0.073972602739726,73.95
SPXW260706C07470000,2026-06-08 15:06:34+00:00,7470.0,128.07,67.0,68.0,0.0,0.0,1.0,8.0,0.1529873673057556,False,REGULAR,USD,2026-07-06,7332.16015625,0.0363499975204467,call,1.0187993498249632,0.073972602739726,67.5
SPXW260706C07475000,2026-06-09 13:34:31+00:00,7475.0,121.5,66.7,67.5,25.900002,27.092052,34.0,1627.0,0.1544731770324707,False,REGULAR,USD,2026-07-06,7332.16015625,0.0363499975204467,call,1.0194812771006156,0.073972602739726,67.1
SPXW260706C07480000,2026-06-08 15:06:36+00:00,7480.0,122.2,65.1,65.8,0.0,0.0,30.0,19.0,0.15430533203125,False,REGULAR,USD,2026-07-06,7332.16015625,0.0363499975204467,call,1.0201632043762685,0.073972602739726,65.44999999999999
SPXW260706C07490000,2026-06-08 17:45:06+00:00,7490.0,93.6,61.3,62.1,0.0,0.0,2.0,12.0,0.1534317750930786,False,REGULAR,USD,2026-07-06,7332.16015625,0.0363499975204467,call,1.0215270589275736,0.073972602739726,61.7
SPXW260706C07500000,2026-06-09 15:06:12+00:00,7500.0,72.0,54.7,55.6,-13.449997,-15.740196,16.0,1626.0,0.1484116836929321,False,REGULAR,USD,2026-07-06,7332.16015625,0.0363499975204467,call,1.0228909134788786,0.073972602739726,55.150000000000006
SPXW260706C07510000,2026-06-08 19:49:04+00:00,7510.0,64.36,51.6,52.4,-14.260002,-18.13788,1.0,57.0,0.1478089675521851,False,REGULAR,USD,2026-07-06,7332.16015625,0.0363499975204467,call,1.024254768030184,0.073972602739726,52.0
SPXW260706C07520000,2026-06-08 19:24:24+00:00,7520.0,71.88,48.0,49.8,0.0,0.0,43.0,50.0,0.1479062413597107,False,REGULAR,USD,2026-07-06,7332.16015625,0.0363499975204467,call,1.025618622581489,0.073972602739726,48.9
SPXW260706C07525000,2026-06-09 13:51:09+00:00,7525.0,69.23,47.6,48.5,-8.57,-11.015424,7.0,115.0,0.1478986120414734,False,REGULAR,USD,2026-07-06,7332.16015625,0.0363499975204467,call,1.0263005498571416,0.073972602739726,48.05
SPXW260706C07530000,2026-06-09 14:16:07+00:00,7530.0,74.59,44.4,45.3,12.989998,21.08766,6.0,90.0,0.144978490486145,False,REGULAR,USD,2026-07-06,7332.16015625,0.0363499975204467,call,1.0269824771327942,0.073972602739726,44.85
SPXW260706C07540000,2026-06-08 14:57:37+00:00,7540.0,85.0,43.2,43.9,0.0,0.0,20.0,97.0,0.1465539447021484,False,REGULAR,USD,2026-07-06,7332.16015625,0.0363499975204467,call,1.0283463316840993,0.073972602739726,43.55
SPXW260706C07550000,2026-06-09 14:46:12+00:00,7550.0,54.76,39.7,40.5,-11.439999,-17.280966,13.0,624.0,0.1448754946899414,False,REGULAR,USD,2026-07-06,7332.16015625,0.0363499975204467,call,1.0297101862354046,0.073972602739726,40.1
SPXW260706C07560000,2026-06-09 13:49:06+00:00,7560.0,81.4,36.8,37.5,25.800003,46.40288,1.0,38.0,0.1435937692260742,False,REGULAR,USD,2026-07-06,7332.16015625,0.0363499975204467,call,1.0310740407867096,0.073972602739726,37.15
SPXW260706C07570000,2026-06-09 13:49:06+00:00,7570.0,61.6,34.2,35.3,14.599998,31.063828,4.0,22.0,0.1434259242248535,False,REGULAR,USD,2026-07-06,7332.16015625,0.0363499975204467,call,1.0324378953380149,0.073972602739726,34.75
SPXW260706C07575000,2026-06-09 15:13:15+00:00,7575.0,44.32,31.7,32.4,-11.400002,-20.459442,10.0,204.0,0.1401910932922363,False,REGULAR,USD,2026-07-06,7332.16015625,0.0363499975204467,call,1.0331198226136675,0.073972602739726,32.05
SPXW260706C07580000,2026-06-08 19:36:45+00:00,7580.0,64.07,31.3,32.0,15.07,30.755102,2.0,30.0,0.1411752753448486,False,REGULAR,USD,2026-07-06,7332.16015625,0.0363499975204467,call,1.03380174988932,0.073972602739726,31.65
SPXW260706C07590000,2026-06-09 13:35:59+00:00,7590.0,57.7,29.2,29.8,12.720001,28.279238,1.0,32.0,0.1405916324996948,False,REGULAR,USD,2026-07-06,7332.16015625,0.0363499975204467,call,1.0351656044406252,0.073972602739726,29.5
SPXW260706C07600000,2026-06-09 14:46:27+00:00,7600.0,38.12,26.8,27.7,-3.4500008,-8.299255,5.0,241.0,0.1399889163589477,False,REGULAR,USD,2026-07-06,7332.16015625,0.0363499975204467,call,1.0365294589919305,0.073972602739726,27.25
SPXW260706C07610000,2026-06-09 14:11:34+00:00,7610.0,46.2,24.6,25.1,6.200001,15.500002,2.0,16.0,0.1382074705505371,False,REGULAR,USD,2026-07-06,7332.16015625,0.0363499975204467,call,1.0378933135432356,0.073972602739726,24.85
SPXW260706C07620000,2026-06-09 14:17:32+00:00,7620.0,37.14,22.2,23.1,-0.34000015,-0.9071509,2.0,19.0,0.1373339136123657,False,REGULAR,USD,2026-07-06,7332.16015625,0.0363499975204467,call,1.0392571680945406,0.073972602739726,22.65
SPXW260706C07625000,2026-06-09 14:46:27+00:00,7625.0,31.26,20.2,21.0,-12.140001,-27.972353,7.0,134.0,0.1345148805236816,False,REGULAR,USD,2026-07-06,7332.16015625,0.0363499975204467,call,1.0399390953701932,0.073972602739726,20.6
SPXW260706C07630000,2026-06-08 19:45:54+00:00,7630.0,33.75,19.4,20.1,0.0,0.0,8.0,83.0,0.1340876387023926,False,REGULAR,USD,2026-07-06,7332.16015625,0.0363499975204467,call,1.040621022645846,0.073972602739726,19.75
SPXW260706C07640000,2026-06-09 13:49:06+00:00,7640.0,47.5,18.6,19.2,11.599998,32.311974,2.0,14.0,0.1350565621185303,False,REGULAR,USD,2026-07-06,7332.16015625,0.0363499975204467,call,1.041984877197151,0.073972602739726,18.9
SPXW260706C07650000,2026-06-09 15:24:44+00:00,7650.0,20.0,16.2,16.9,-7.42,-27.06054,5.0,192.0,0.1326800294876098,False,REGULAR,USD,2026-07-06,7332.16015625,0.0363499975204467,call,1.0433487317484562,0.073972602739726,16.549999999999997
SPXW260706C07660000,2026-06-08 15:53:07+00:00,7660.0,36.78,15.3,15.8,0.0,0.0,3.0,23.0,0.1328440598297119,False,REGULAR,USD,2026-07-06,7332.16015625,0.0363499975204467,call,1.0447125862997613,0.073972602739726,15.55
SPXW260706C07670000,2026-06-08 20:09:31+00:00,7670.0,21.82,14.1,14.6,-0.87000084,-3.834292,3.0,18.0,0.1325922923278809,False,REGULAR,USD,2026-07-06,7332.16015625,0.0363499975204467,call,1.0460764408510663,0.073972602739726,14.35
SPXW260706C07675000,2026-06-08 17:02:00+00:00,7675.0,32.75,12.9,13.8,6.299999,23.818523,31.0,106.0,0.1318675070953369,False,REGULAR,USD,2026-07-06,7332.16015625,0.0363499975204467,call,1.0467583681267192,0.073972602739726,13.35
SPXW260706C07680000,2026-06-08 20:13:10+00:00,7680.0,21.18,11.8,12.8,0.0,0.0,5.0,5.0,0.1305094884490966,False,REGULAR,USD,2026-07-06,7332.16015625,0.0363499975204467,call,1.0474402954023718,0.073972602739726,12.3
SPXW260706C07700000,2026-06-09 15:26:49+00:00,7700.0,11.5,9.6,10.3,-6.8600006,-37.36384,3.0,669.0,0.1284037966156005,False,REGULAR,USD,2026-07-06,7332.16015625,0.0363499975204467,call,1.0501680045049822,0.073972602739726,9.95
SPXW260706C07725000,2026-06-09 15:23:51+00:00,7725.0,9.78,7.3,7.8,-5.9000006,-37.627556,17.0,144.0,0.1261455184173584,False,REGULAR,USD,2026-07-06,7332.16015625,0.0363499975204467,call,1.053577640883245,0.073972602739726,7.55
SPXW260706C07750000,2026-06-09 15:23:51+00:00,7750.0,7.48,5.6,6.0,-5.7000003,-43.247345,29.0,298.0,0.1248256463623046,False,REGULAR,USD,2026-07-06,7332.16015625,0.0363499975204467,call,1.056987277261508,0.073972602739726,5.8
SPXW260706C07775000,2026-06-09 15:25:49+00:00,7775.0,5.3,4.1,4.6,-3.25,-38.011696,30.0,87.0,0.123757541809082,False,REGULAR,USD,2026-07-06,7332.16015625,0.0363499975204467,call,1.0603969136397708,0.073972602739726,4.35
SPXW260706C07800000,2026-06-09 15:30:08+00:00,7800.0,3.32,3.1,3.5,-2.68,-33.374844,133.0,233.0,0.1228267649841308,False,REGULAR,USD,2026-07-06,7332.16015625,0.0363499975204467,call,1.0638065500180338,0.073972602739726,3.3
SPXW260706C07825000,2026-06-09 14:43:20+00:00,7825.0,4.7,2.35,2.65,-1.2200003,-20.608112,6.0,176.0,0.1220485745239257,False,REGULAR,USD,2026-07-06,7332.16015625,0.0363499975204467,call,1.0672161863962968,0.073972602739726,2.5
SPXW260706C07850000,2026-06-09 13:58:11+00:00,7850.0,3.7,2.0,2.25,-0.8700001,-19.0372,5.0,191.0,0.1236965072631836,False,REGULAR,USD,2026-07-06,7332.16015625,0.0363499975204467,call,1.0706258227745595,0.073972602739726,2.125
SPXW260706C07875000,2026-06-08 14:50:14+00:00,7875.0,4.44,1.55,1.75,0.0,0.0,12.0,181.0,0.1236659899902343,False,REGULAR,USD,2026-07-06,7332.16015625,0.0363499975204467,call,1.0740354591528225,0.073972602739726,1.65
SPXW260706C07900000,2026-06-08 18:55:35+00:00,7900.0,2.73,1.15,1.35,0.0,0.0,18.0,124.0,0.1236354727172851,False,REGULAR,USD,2026-07-06,7332.16015625,0.0363499975204467,call,1.0774450955310857,0.073972602739726,1.25
SPXW260706C07925000,2026-06-09 07:03:39+00:00,7925.0,2.03,0.85,1.1,0.27999997,15.999998,3.0,36.0,0.1245815081787109,False,REGULAR,USD,2026-07-06,7332.16015625,0.0363499975204467,call,1.0808547319093484,0.073972602739726,0.975
SPXW260707C07300000,2026-06-08 13:37:27+00:00,7300.0,232.46,170.2,171.0,0.0,0.0,1.0,3.0,0.1876053988075256,True,REGULAR,USD,2026-07-07,7332.16015625,0.0363499975204467,call,0.9956138224527752,0.0767123287671232,170.6
SPXW260707C07350000,2026-06-02 14:30:24+00:00,7350.0,150.67,131.0,133.1,-166.93001,-52.559822,1.0,1.0,0.1717707488059997,False,REGULAR,USD,2026-07-07,7332.16015625,0.0363499975204467,call,1.002433095209301,0.0767123287671232,132.05
SPXW260707C07360000,2026-06-08 14:50:56+00:00,7360.0,194.67,127.8,129.0,0.0,0.0,1.0,1.0,0.1724364068222046,False,REGULAR,USD,2026-07-07,7332.16015625,0.0363499975204467,call,1.0037969497606063,0.0767123287671232,128.4
SPXW260707C07390000,2026-06-09 15:09:43+00:00,7390.0,138.7,111.1,112.7,-12.830002,-8.466972,14.0,1.0,0.1687457241249085,False,REGULAR,USD,2026-07-07,7332.16015625,0.0363499975204467,call,1.0078885134145217,0.0767123287671232,111.9
SPXW260707C07400000,2026-06-05 14:27:19+00:00,7400.0,118.8,103.3,105.4,-86.83,-42.226326,1.0,3.0,0.1649253430175781,False,REGULAR,USD,2026-07-07,7332.16015625,0.0363499975204467,call,1.009252367965827,0.0767123287671232,104.35
SPXW260707C07410000,2026-06-05 16:01:01+00:00,7410.0,180.6,101.4,102.3,0.0,0.0,1.0,1.0,0.1661250533103943,False,REGULAR,USD,2026-07-07,7332.16015625,0.0363499975204467,call,1.010616222517132,0.0767123287671232,101.85
SPXW260707C07420000,2026-06-09 14:22:57+00:00,7420.0,138.3,95.0,96.0,-10.899994,-7.305626,4.0,4.0,0.1632125610733032,False,REGULAR,USD,2026-07-07,7332.16015625,0.0363499975204467,call,1.0119800770684373,0.0767123287671232,95.5
SPXW260707C07425000,2026-06-05 16:04:34+00:00,7425.0,172.2,93.9,94.8,0.0,0.0,4.0,2.0,0.1641280792617798,False,REGULAR,USD,2026-07-07,7332.16015625,0.0363499975204467,call,1.01266200434409,0.0767123287671232,94.35
SPXW260707C07430000,2026-06-08 19:05:01+00:00,7430.0,143.1,87.4,88.6,10.100006,7.5939894,1.0,4.0,0.1587303366088867,False,REGULAR,USD,2026-07-07,7332.16015625,0.0363499975204467,call,1.0133439316197423,0.0767123287671232,88.0
SPXW260707C07440000,2026-06-09 14:24:59+00:00,7440.0,128.7,85.3,86.4,2.399994,1.9002327,5.0,6.0,0.1606262221908569,False,REGULAR,USD,2026-07-07,7332.16015625,0.0363499975204467,call,1.0147077861710476,0.0767123287671232,85.85
SPXW260707C07450000,2026-06-09 14:38:28+00:00,7450.0,117.6,80.7,81.6,-5.0,-4.0783033,79.0,516.0,0.159083192577362,False,REGULAR,USD,2026-07-07,7332.16015625,0.0363499975204467,call,1.016071640722353,0.0767123287671232,81.15
SPXW260707C07460000,2026-06-09 14:01:46+00:00,7460.0,130.73,73.8,74.7,21.229996,19.388123,1.0,53.0,0.1546353000450134,False,REGULAR,USD,2026-07-07,7332.16015625,0.0363499975204467,call,1.017435495273658,0.0767123287671232,74.25
SPXW260707C07470000,2026-06-08 15:53:29+00:00,7470.0,125.18,72.1,72.9,0.0,0.0,1.0,1.0,0.1566399034118652,False,REGULAR,USD,2026-07-07,7332.16015625,0.0363499975204467,call,1.0187993498249632,0.0767123287671232,72.5
SPXW260707C07475000,2026-06-09 14:13:32+00:00,7475.0,109.3,69.7,70.5,3.300003,3.1132104,2.0,421.0,0.1556194820976257,False,REGULAR,USD,2026-07-07,7332.16015625,0.0363499975204467,call,1.0194812771006156,0.0767123287671232,70.1
SPXW260707C07480000,2026-06-05 17:54:55+00:00,7480.0,125.17,65.2,66.1,0.0,0.0,13.0,11.0,0.1518792088317871,False,REGULAR,USD,2026-07-07,7332.16015625,0.0363499975204467,call,1.0201632043762685,0.0767123287671232,65.65
SPXW260707C07490000,2026-06-09 14:52:10+00:00,7490.0,79.5,61.5,63.1,-30.86,-27.96303,10.0,13.0,0.1519802972984314,False,REGULAR,USD,2026-07-07,7332.16015625,0.0363499975204467,call,1.0215270589275736,0.0767123287671232,62.3
SPXW260707C07500000,2026-06-09 15:17:11+00:00,7500.0,75.17,57.7,58.5,-9.93,-11.668626,3.0,920.0,0.1497239264297485,False,REGULAR,USD,2026-07-07,7332.16015625,0.0363499975204467,call,1.0228909134788786,0.0767123287671232,58.1
SPXW260707C07510000,2026-06-08 14:44:01+00:00,7510.0,94.09,53.7,54.6,0.0,0.0,3.0,7.0,0.1482209507369995,False,REGULAR,USD,2026-07-07,7332.16015625,0.0363499975204467,call,1.024254768030184,0.0767123287671232,54.150000000000006
SPXW260707C07520000,2026-06-09 13:47:31+00:00,7520.0,103.53,52.1,52.8,-25.270004,-19.619568,1.0,16.0,0.1495255641555786,False,REGULAR,USD,2026-07-07,7332.16015625,0.0363499975204467,call,1.025618622581489,0.0767123287671232,52.45
SPXW260707C07525000,2026-06-08 18:43:34+00:00,7525.0,81.2,51.3,53.3,0.0,0.0,11.0,89.0,0.1521576789474487,False,REGULAR,USD,2026-07-07,7332.16015625,0.0363499975204467,call,1.0263005498571416,0.0767123287671232,52.3
SPXW260707C07530000,2026-06-08 13:54:42+00:00,7530.0,89.11,48.6,49.4,0.0,0.0,1.0,1.0,0.1483887957382202,False,REGULAR,USD,2026-07-07,7332.16015625,0.0363499975204467,call,1.0269824771327942,0.0767123287671232,49.0
SPXW260707C07540000,2026-06-09 08:19:52+00:00,7540.0,75.51,45.9,46.8,-79.10999,-51.164143,41.0,18.0,0.1482457460212708,False,REGULAR,USD,2026-07-07,7332.16015625,0.0363499975204467,call,1.0283463316840993,0.0767123287671232,46.35
SPXW260707C07550000,2026-06-09 15:02:34+00:00,7550.0,55.11,42.2,43.0,-9.159996,-14.252368,44.0,35.0,0.1461038149261474,False,REGULAR,USD,2026-07-07,7332.16015625,0.0363499975204467,call,1.0297101862354046,0.0767123287671232,42.6
SPXW260707C07560000,2026-06-09 14:20:41+00:00,7560.0,53.86,39.3,40.1,-4.369999,-7.5047207,2.0,9.0,0.1451196328735352,False,REGULAR,USD,2026-07-07,7332.16015625,0.0363499975204467,call,1.0310740407867096,0.0767123287671232,39.7
SPXW260707C07570000,2026-06-08 08:33:55+00:00,7570.0,61.3,35.1,36.1,0.0,0.0,11.0,13.0,0.1421289401245117,False,REGULAR,USD,2026-07-07,7332.16015625,0.0363499975204467,call,1.0324378953380149,0.0767123287671232,35.6
SPXW260707C07575000,2026-06-08 18:43:43+00:00,7575.0,58.8,35.1,35.8,0.0,0.0,24.0,26.0,0.1433267430877685,False,REGULAR,USD,2026-07-07,7332.16015625,0.0363499975204467,call,1.0331198226136675,0.0767123287671232,35.45
SPXW260707C07580000,2026-06-09 14:45:30+00:00,7580.0,49.42,33.6,34.4,-1.3800011,-2.7165375,2.0,5.0,0.142674436378479,False,REGULAR,USD,2026-07-07,7332.16015625,0.0363499975204467,call,1.03380174988932,0.0767123287671232,34.0
SPXW260707C07590000,2026-06-09 14:20:41+00:00,7590.0,47.7,29.7,30.6,-16.8,-26.046509,1.0,6.0,0.1394434201049805,False,REGULAR,USD,2026-07-07,7332.16015625,0.0363499975204467,call,1.0351656044406252,0.0767123287671232,30.15
SPXW260707C07600000,2026-06-09 15:02:34+00:00,7600.0,33.8,28.0,28.7,-15.950001,-32.060303,7.0,673.0,0.1392603164672852,False,REGULAR,USD,2026-07-07,7332.16015625,0.0363499975204467,call,1.0365294589919305,0.0767123287671232,28.35
SPXW260707C07610000,2026-06-08 16:45:21+00:00,7610.0,50.0,26.4,27.0,0.0,0.0,1.0,9.0,0.1392832044219971,False,REGULAR,USD,2026-07-07,7332.16015625,0.0363499975204467,call,1.0378933135432356,0.0767123287671232,26.7
SPXW260707C07620000,2026-06-09 14:48:10+00:00,7620.0,33.4,21.1,24.8,-78.5,-70.151924,3.0,1.0,0.1381769532775879,False,REGULAR,USD,2026-07-07,7332.16015625,0.0363499975204467,call,1.0392571680945406,0.0767123287671232,22.950000000000003
SPXW260707C07625000,2026-06-09 14:48:11+00:00,7625.0,32.1,22.3,23.5,-16.470001,-33.909824,11.0,3.0,0.1371355513381958,False,REGULAR,USD,2026-07-07,7332.16015625,0.0363499975204467,call,1.0399390953701932,0.0767123287671232,22.9
SPXW260707C07630000,2026-06-09 14:20:41+00:00,7630.0,35.3,21.1,22.0,-4.6500015,-11.639553,16.0,2.0,0.1356020583724975,False,REGULAR,USD,2026-07-07,7332.16015625,0.0363499975204467,call,1.040621022645846,0.0767123287671232,21.55
SPXW260707C07640000,2026-06-09 15:05:26+00:00,7640.0,28.05,19.3,20.0,-20.25,-41.925465,17.0,11.0,0.134335591545105,False,REGULAR,USD,2026-07-07,7332.16015625,0.0363499975204467,call,1.041984877197151,0.0767123287671232,19.65
SPXW260707C07650000,2026-06-09 14:10:32+00:00,7650.0,27.86,18.0,18.7,-12.59,-31.124846,11.0,34.0,0.1343546648406982,False,REGULAR,USD,2026-07-07,7332.16015625,0.0363499975204467,call,1.0433487317484562,0.0767123287671232,18.35
SPXW260707C07660000,2026-06-04 18:58:05+00:00,7660.0,24.0,15.7,16.7,-66.0,-73.333336,1.0,1.0,0.1325808483505249,False,REGULAR,USD,2026-07-07,7332.16015625,0.0363499975204467,call,1.0447125862997613,0.0767123287671232,16.2
SPXW260707C07670000,2026-06-09 14:10:24+00:00,7670.0,21.3,15.5,16.1,-9.5,-30.844156,6.0,13.0,0.1338892764282226,False,REGULAR,USD,2026-07-07,7332.16015625,0.0363499975204467,call,1.0460764408510663,0.0767123287671232,15.8
SPXW260707C07675000,2026-06-09 13:47:22+00:00,7675.0,30.0,14.0,15.0,-51.6,-63.235294,15.0,2.0,0.1325388871002197,False,REGULAR,USD,2026-07-07,7332.16015625,0.0363499975204467,call,1.0467583681267192,0.0767123287671232,14.5
SPXW260707C07680000,2026-06-08 19:30:09+00:00,7680.0,28.8,13.2,13.8,4.529999,18.665012,2.0,10.0,0.1307994025421142,False,REGULAR,USD,2026-07-07,7332.16015625,0.0363499975204467,call,1.0474402954023718,0.0767123287671232,13.5
SPXW260707C07700000,2026-06-09 14:51:10+00:00,7700.0,16.58,10.7,11.4,-13.52,-44.916943,4.0,70.0,0.1293650907135009,False,REGULAR,USD,2026-07-07,7332.16015625,0.0363499975204467,call,1.0501680045049822,0.0767123287671232,11.05
SPXW260707C07725000,2026-06-09 15:24:16+00:00,7725.0,10.85,8.8,9.3,-11.59,-51.64884,5.0,34.0,0.1290446593475341,False,REGULAR,USD,2026-07-07,7332.16015625,0.0363499975204467,call,1.053577640883245,0.0767123287671232,9.05
SPXW260707C07750000,2026-06-09 08:55:44+00:00,7750.0,14.21,6.4,6.9,2.1099997,17.438013,1.0,79.0,0.1262675875091552,False,REGULAR,USD,2026-07-07,7332.16015625,0.0363499975204467,call,1.056987277261508,0.0767123287671232,6.65
SPXW260707C07775000,2026-06-05 19:41:36+00:00,7775.0,11.53,4.7,5.4,0.0,0.0,8.0,76.0,0.1254283625030517,False,REGULAR,USD,2026-07-07,7332.16015625,0.0363499975204467,call,1.0603969136397708,0.0767123287671232,5.050000000000001
SPXW260707C07800000,2026-06-09 13:40:28+00:00,7800.0,10.24,3.7,4.5,-0.7600002,-6.909093,2.0,28.0,0.1263209927368164,False,REGULAR,USD,2026-07-07,7332.16015625,0.0363499975204467,call,1.0638065500180338,0.0767123287671232,4.1
SPXW260707C07825000,2026-06-09 14:09:19+00:00,7825.0,8.0,2.95,3.3,2.5900002,47.87431,4.0,42.0,0.1244060338592529,False,REGULAR,USD,2026-07-07,7332.16015625,0.0363499975204467,call,1.0672161863962968,0.0767123287671232,3.125
SPXW260707C07850000,2026-06-08 19:55:52+00:00,7850.0,4.15,2.3,2.55,0.0,0.0,6.0,53.0,0.1239406454467773,False,REGULAR,USD,2026-07-07,7332.16015625,0.0363499975204467,call,1.0706258227745595,0.0767123287671232,2.425
SPXW260707C07875000,2026-06-09 14:09:19+00:00,7875.0,4.7,1.7,1.95,1.2999997,38.235283,4.0,117.0,0.1234523690795898,False,REGULAR,USD,2026-07-07,7332.16015625,0.0363499975204467,call,1.0740354591528225,0.0767123287671232,1.825
SPXW260707C07900000,2026-06-08 14:41:45+00:00,7900.0,3.6,1.3,1.5,0.0,0.0,1.0,22.0,0.1232387481689453,False,REGULAR,USD,2026-07-07,7332.16015625,0.0363499975204467,call,1.0774450955310857,0.0767123287671232,1.4
SPXW260707C07925000,2026-06-08 20:11:07+00:00,7925.0,2.1,1.1,1.3,0.14999986,7.6923003,2.0,9.0,0.1251460777282714,False,REGULAR,USD,2026-07-07,7332.16015625,0.0363499975204467,call,1.0808547319093484,0.0767123287671232,1.2000000000000002
SPXW260707C07975000,2026-06-05 14:00:56+00:00,7975.0,2.87,0.65,0.85,0.0,0.0,1.0,2.0,0.1265956481933593,False,REGULAR,USD,2026-07-07,7332.16015625,0.0363499975204467,call,1.0876740046658744,0.0767123287671232,0.75
SPXW260708C07330000,2026-06-08 17:45:06+00:00,7330.0,200.78,149.6,150.6,0.0,0.0,1.0,1.0,0.1782652059555053,True,REGULAR,USD,2026-07-08,7332.16015625,0.0363499975204467,call,0.9997053861066908,0.0794520547945205,150.1
SPXW260708C07340000,2026-06-08 17:45:05+00:00,7340.0,193.55,139.8,141.3,0.0,0.0,2.0,2.0,0.1729819030761719,False,REGULAR,USD,2026-07-08,7332.16015625,0.0363499975204467,call,1.001069240657996,0.0794520547945205,140.55
SPXW260708C07350000,2026-06-08 17:45:15+00:00,7350.0,186.78,135.5,137.4,0.0,0.0,11.0,11.0,0.174011861038208,False,REGULAR,USD,2026-07-08,7332.16015625,0.0363499975204467,call,1.002433095209301,0.0794520547945205,136.45
SPXW260708C07375000,2026-06-05 16:04:32+00:00,7375.0,137.2,122.7,125.5,-73.7,-34.94547,1.0,13.0,0.1734511061477661,False,REGULAR,USD,2026-07-08,7332.16015625,0.0363499975204467,call,1.005842731587564,0.0794520547945205,124.1
SPXW260708C07380000,2026-06-09 15:22:18+00:00,7380.0,137.8,119.5,120.6,-50.819992,-26.943056,3.0,1.0,0.1702181825447083,False,REGULAR,USD,2026-07-08,7332.16015625,0.0363499975204467,call,1.0065246588632166,0.0794520547945205,120.05
SPXW260708C07400000,2026-06-09 13:44:58+00:00,7400.0,165.3,109.2,110.0,19.14,13.095238,4.0,104.0,0.1677176734924316,False,REGULAR,USD,2026-07-08,7332.16015625,0.0363499975204467,call,1.009252367965827,0.0794520547945205,109.6
SPXW260708C07410000,2026-06-05 15:22:28+00:00,7410.0,193.0,102.8,104.4,0.0,0.0,2.0,3.0,0.1658866371154785,False,REGULAR,USD,2026-07-08,7332.16015625,0.0363499975204467,call,1.010616222517132,0.0794520547945205,103.6
SPXW260708C07420000,2026-06-08 19:45:10+00:00,7420.0,156.4,96.2,98.4,22.0,16.36905,1.0,31.0,0.1634071086883545,False,REGULAR,USD,2026-07-08,7332.16015625,0.0363499975204467,call,1.0119800770684373,0.0794520547945205,97.3
SPXW260708C07425000,2026-06-08 17:27:41+00:00,7425.0,131.13,92.9,94.0,-8.069992,-5.797408,6.0,11.0,0.1603839913368225,False,REGULAR,USD,2026-07-08,7332.16015625,0.0363499975204467,call,1.01266200434409,0.0794520547945205,93.45
SPXW260708C07430000,2026-06-08 18:51:26+00:00,7430.0,137.3,94.2,95.1,0.0,0.0,4.0,5.0,0.1640899326705932,False,REGULAR,USD,2026-07-08,7332.16015625,0.0363499975204467,call,1.0133439316197423,0.0794520547945205,94.65
SPXW260708C07440000,2026-06-08 18:51:26+00:00,7440.0,131.12,86.6,88.7,0.0,0.0,18.0,18.0,0.1607902525329589,False,REGULAR,USD,2026-07-08,7332.16015625,0.0363499975204467,call,1.0147077861710476,0.0794520547945205,87.65
SPXW260708C07450000,2026-06-09 15:23:30+00:00,7450.0,95.5,81.0,81.8,-29.64,-23.685472,7.0,145.0,0.1566608840370178,False,REGULAR,USD,2026-07-08,7332.16015625,0.0363499975204467,call,1.016071640722353,0.0794520547945205,81.4
SPXW260708C07460000,2026-06-08 15:42:52+00:00,7460.0,90.5,76.8,78.0,-41.0,-31.178707,1.0,1.0,0.156246993522644,False,REGULAR,USD,2026-07-08,7332.16015625,0.0363499975204467,call,1.017435495273658,0.0794520547945205,77.4
SPXW260708C07470000,2026-06-08 19:54:00+00:00,7470.0,85.2,74.5,75.3,-19.170006,-18.367352,1.0,3.0,0.1570995698356628,False,REGULAR,USD,2026-07-08,7332.16015625,0.0363499975204467,call,1.0187993498249632,0.0794520547945205,74.9
SPXW260708C07475000,2026-06-08 19:45:37+00:00,7475.0,127.9,74.6,76.0,25.700005,25.146776,1.0,71.0,0.1601284091758728,False,REGULAR,USD,2026-07-08,7332.16015625,0.0363499975204467,call,1.0194812771006156,0.0794520547945205,75.3
SPXW260708C07480000,2026-06-08 11:15:02+00:00,7480.0,120.2,69.9,71.3,0.0,0.0,1.0,6.0,0.1561363684082031,False,REGULAR,USD,2026-07-08,7332.16015625,0.0363499975204467,call,1.0201632043762685,0.0794520547945205,70.6
SPXW260708C07490000,2026-06-08 17:45:15+00:00,7490.0,99.99,66.0,66.9,0.0,0.0,17.0,17.0,0.1544769916915893,False,REGULAR,USD,2026-07-08,7332.16015625,0.0363499975204467,call,1.0215270589275736,0.0794520547945205,66.45
SPXW260708C07500000,2026-06-09 14:50:19+00:00,7500.0,75.4,60.4,61.4,-13.0,-14.705882,6.0,830.0,0.1511391649627686,False,REGULAR,USD,2026-07-08,7332.16015625,0.0363499975204467,call,1.0228909134788786,0.0794520547945205,60.9
SPXW260708C07510000,2026-06-08 17:45:06+00:00,7510.0,110.57,58.5,59.7,20.879997,23.280184,1.0,5.0,0.1527584877586364,False,REGULAR,USD,2026-07-08,7332.16015625,0.0363499975204467,call,1.024254768030184,0.0794520547945205,59.1
SPXW260708C07520000,2026-06-08 13:58:17+00:00,7520.0,90.9,53.1,54.0,0.0,0.0,15.0,18.0,0.1487015977859497,False,REGULAR,USD,2026-07-08,7332.16015625,0.0363499975204467,call,1.025618622581489,0.0794520547945205,53.55
SPXW260708C07525000,2026-06-09 15:10:17+00:00,7525.0,71.85,51.1,51.9,-5.9300003,-7.624068,5.0,594.0,0.1476144199371337,False,REGULAR,USD,2026-07-08,7332.16015625,0.0363499975204467,call,1.0263005498571416,0.0794520547945205,51.5
SPXW260708C07530000,2026-06-09 14:19:36+00:00,7530.0,92.0,51.3,52.8,16.82,22.37297,170.0,136.0,0.150761513710022,False,REGULAR,USD,2026-07-08,7332.16015625,0.0363499975204467,call,1.0269824771327942,0.0794520547945205,52.05
SPXW260708C07540000,2026-06-08 19:54:00+00:00,7540.0,70.26,46.0,47.3,0.0,0.0,2.0,4.0,0.1464890954971313,False,REGULAR,USD,2026-07-08,7332.16015625,0.0363499975204467,call,1.0283463316840993,0.0794520547945205,46.65
SPXW260708C07550000,2026-06-09 15:27:08+00:00,7550.0,47.74,44.6,45.3,-18.630001,-28.069912,10.0,167.0,0.147107070274353,False,REGULAR,USD,2026-07-08,7332.16015625,0.0363499975204467,call,1.0297101862354046,0.0794520547945205,44.95
SPXW260708C07560000,2026-06-05 16:03:18+00:00,7560.0,93.6,41.4,42.2,0.0,0.0,1.0,1.0,0.1459207112884521,False,REGULAR,USD,2026-07-08,7332.16015625,0.0363499975204467,call,1.0310740407867096,0.0794520547945205,41.8
SPXW260708C07570000,2026-06-05 16:03:18+00:00,7570.0,88.5,37.0,37.9,0.0,0.0,1.0,17.0,0.1426210311508178,False,REGULAR,USD,2026-07-08,7332.16015625,0.0363499975204467,call,1.0324378953380149,0.0794520547945205,37.45
SPXW260708C07575000,2026-06-09 15:27:08+00:00,7575.0,39.99,36.0,37.6,-16.269997,-28.919298,10.0,18.0,0.1438226487731933,False,REGULAR,USD,2026-07-08,7332.16015625,0.0363499975204467,call,1.0331198226136675,0.0794520547945205,36.8
SPXW260708C07580000,2026-06-05 16:03:18+00:00,7580.0,83.4,36.0,36.5,0.0,0.0,3.0,5.0,0.1437120236587524,False,REGULAR,USD,2026-07-08,7332.16015625,0.0363499975204467,call,1.03380174988932,0.0794520547945205,36.25
SPXW260708C07600000,2026-06-09 01:25:36+00:00,7600.0,46.6,29.4,30.1,-0.8600006,-1.8120536,2.0,151.0,0.1393900148773193,False,REGULAR,USD,2026-07-08,7332.16015625,0.0363499975204467,call,1.0365294589919305,0.0794520547945205,29.75
SPXW260708C07610000,2026-06-08 19:11:15+00:00,7610.0,45.1,27.8,28.6,0.0,0.0,2.0,2.0,0.1398458666419983,False,REGULAR,USD,2026-07-08,7332.16015625,0.0363499975204467,call,1.0378933135432356,0.0794520547945205,28.200000000000003
SPXW260708C07620000,2026-06-08 17:00:46+00:00,7620.0,46.9,26.0,26.6,0.0,0.0,1.0,1.0,0.1392450578308106,False,REGULAR,USD,2026-07-08,7332.16015625,0.0363499975204467,call,1.0392571680945406,0.0794520547945205,26.3
SPXW260708C07625000,2026-06-08 19:36:57+00:00,7625.0,39.39,25.0,25.7,0.0,0.0,2.0,3.0,0.1390581395339966,False,REGULAR,USD,2026-07-08,7332.16015625,0.0363499975204467,call,1.0399390953701932,0.0794520547945205,25.35
SPXW260708C07630000,2026-06-08 19:36:57+00:00,7630.0,45.0,23.3,24.2,7.0099983,18.452219,1.0,1.0,0.1376696036148071,False,REGULAR,USD,2026-07-08,7332.16015625,0.0363499975204467,call,1.040621022645846,0.0794520547945205,23.75
SPXW260708C07640000,2026-06-08 19:58:55+00:00,7640.0,34.8,22.0,22.6,0.0,0.0,1.0,1.0,0.137429280090332,False,REGULAR,USD,2026-07-08,7332.16015625,0.0363499975204467,call,1.041984877197151,0.0794520547945205,22.3
SPXW260708C07650000,2026-06-08 15:43:13+00:00,7650.0,43.42,20.2,20.8,0.0,0.0,26.0,19.0,0.1365938697433472,False,REGULAR,USD,2026-07-08,7332.16015625,0.0363499975204467,call,1.0433487317484562,0.0794520547945205,20.5
SPXW260708C07660000,2026-06-08 19:24:07+00:00,7660.0,28.4,17.6,18.3,-0.87000084,-2.9723294,2.0,1.0,0.1339846429061889,False,REGULAR,USD,2026-07-08,7332.16015625,0.0363499975204467,call,1.0447125862997613,0.0794520547945205,17.950000000000003
SPXW260708C07675000,2026-06-09 14:44:04+00:00,7675.0,26.6,16.2,16.8,-0.10000038,-0.37453327,2.0,178.0,0.1346369496154785,False,REGULAR,USD,2026-07-08,7332.16015625,0.0363499975204467,call,1.0467583681267192,0.0794520547945205,16.5
SPXW260708C07700000,2026-06-09 14:19:25+00:00,7700.0,23.17,12.9,13.7,1.7700005,8.27103,3.0,160.0,0.1335001811981201,False,REGULAR,USD,2026-07-08,7332.16015625,0.0363499975204467,call,1.0501680045049822,0.0794520547945205,13.3
SPXW260708C07725000,2026-06-08 19:59:50+00:00,7725.0,12.7,9.4,10.0,-4.000001,-23.9521,5.0,243.0,0.1291133232116699,False,REGULAR,USD,2026-07-08,7332.16015625,0.0363499975204467,call,1.053577640883245,0.0794520547945205,9.7
SPXW260708C07750000,2026-06-09 14:29:43+00:00,7750.0,14.65,7.6,8.1,1.5499992,11.832055,6.0,160.0,0.1286250468444824,False,REGULAR,USD,2026-07-08,7332.16015625,0.0363499975204467,call,1.056987277261508,0.0794520547945205,7.85
SPXW260708C07775000,2026-06-09 14:29:43+00:00,7775.0,11.55,5.6,6.2,0.8600006,8.044908,3.0,20.0,0.1268474156951904,False,REGULAR,USD,2026-07-08,7332.16015625,0.0363499975204467,call,1.0603969136397708,0.0794520547945205,5.9
SPXW260708C07800000,2026-06-08 19:49:12+00:00,7800.0,6.5,4.3,4.8,-1.8500004,-22.155691,2.0,526.0,0.1257335352325439,False,REGULAR,USD,2026-07-08,7332.16015625,0.0363499975204467,call,1.0638065500180338,0.0794520547945205,4.55
SPXW260708C07825000,2026-06-09 14:51:45+00:00,7825.0,5.1,3.6,4.3,-2.75,-35.03185,3.0,541.0,0.1282588395690918,False,REGULAR,USD,2026-07-08,7332.16015625,0.0363499975204467,call,1.0672161863962968,0.0794520547945205,3.95
SPXW260708C07850000,2026-06-08 20:05:37+00:00,7850.0,8.6,2.55,3.2,3.6000004,72.00001,2.0,324.0,0.1265498722839355,False,REGULAR,USD,2026-07-08,7332.16015625,0.0363499975204467,call,1.0706258227745595,0.0794520547945205,2.875
SPXW260708C07875000,2026-06-08 20:05:37+00:00,7875.0,3.85,2.1,2.35,0.0,0.0,20.0,35.0,0.1249324568176269,False,REGULAR,USD,2026-07-08,7332.16015625,0.0363499975204467,call,1.0740354591528225,0.0794520547945205,2.225
SPXW260708C07900000,2026-06-09 14:55:51+00:00,7900.0,2.5,1.6,1.85,-2.0700002,-45.295406,1.0,31.0,0.1249171981811523,False,REGULAR,USD,2026-07-08,7332.16015625,0.0363499975204467,call,1.0774450955310857,0.0794520547945205,1.725
SPXW260708C07925000,2026-06-05 16:16:21+00:00,7925.0,4.72,1.25,1.5,0.0,0.0,1.0,9.0,0.1255275436401367,False,REGULAR,USD,2026-07-08,7332.16015625,0.0363499975204467,call,1.0808547319093484,0.0794520547945205,1.375
SPXW260708C07950000,2026-06-05 19:40:15+00:00,7950.0,2.49,1.0,1.25,0.0,0.0,4.0,12.0,0.1266261654663085,False,REGULAR,USD,2026-07-08,7332.16015625,0.0363499975204467,call,1.0842643682876114,0.0794520547945205,1.125
SPXW260708C07975000,2026-06-09 13:50:35+00:00,7975.0,2.0,0.8,1.05,-0.56999993,-22.178986,2.0,11.0,0.1278773736572265,False,REGULAR,USD,2026-07-08,7332.16015625,0.0363499975204467,call,1.0876740046658744,0.0794520547945205,0.925
SPXW260709C07325000,2026-06-05 18:53:35+00:00,7325.0,208.14,151.3,152.2,0.0,0.0,4.0,3.0,0.1743399217224121,True,REGULAR,USD,2026-07-09,7332.16015625,0.0363499975204467,call,0.9990234588310382,0.0821917808219178,151.75
SPXW260709C07350000,2026-06-05 18:53:35+00:00,7350.0,155.7,136.7,138.3,-35.089996,-18.391947,1.0,5.0,0.1722361372184754,False,REGULAR,USD,2026-07-09,7332.16015625,0.0363499975204467,call,1.002433095209301,0.0821917808219178,137.5
SPXW260709C07375000,2026-06-05 18:37:07+00:00,7375.0,182.16,122.5,126.0,0.0,0.0,2.0,2.0,0.1712176232337952,False,REGULAR,USD,2026-07-09,7332.16015625,0.0363499975204467,call,1.005842731587564,0.0821917808219178,124.25
SPXW260709C07400000,2026-06-08 19:30:17+00:00,7400.0,150.23,111.5,112.5,0.0,0.0,10.0,26.0,0.1679618116760254,False,REGULAR,USD,2026-07-09,7332.16015625,0.0363499975204467,call,1.009252367965827,0.0821917808219178,112.0
SPXW260709C07410000,2026-06-09 14:21:41+00:00,7410.0,143.7,103.6,105.3,1.300003,0.9129235,2.0,1.0,0.1642634996604919,False,REGULAR,USD,2026-07-09,7332.16015625,0.0363499975204467,call,1.010616222517132,0.0821917808219178,104.45
SPXW260709C07420000,2026-06-09 15:27:58+00:00,7420.0,104.5,101.7,102.9,-40.949997,-28.154003,2.0,3.0,0.1661651072311401,False,REGULAR,USD,2026-07-09,7332.16015625,0.0363499975204467,call,1.0119800770684373,0.0821917808219178,102.3
SPXW260709C07425000,2026-06-09 14:17:40+00:00,7425.0,134.28,96.2,98.1,3.25,2.480348,6.0,5.0,0.162731914024353,False,REGULAR,USD,2026-07-09,7332.16015625,0.0363499975204467,call,1.01266200434409,0.0821917808219178,97.15
SPXW260709C07430000,2026-06-08 19:32:07+00:00,7430.0,132.8,93.9,94.9,0.0,0.0,7.0,7.0,0.1611774404335021,False,REGULAR,USD,2026-07-09,7332.16015625,0.0363499975204467,call,1.0133439316197423,0.0821917808219178,94.4
SPXW260709C07440000,2026-06-08 19:09:51+00:00,7440.0,130.0,88.6,89.8,0.0,0.0,25.0,27.0,0.1595218783760071,False,REGULAR,USD,2026-07-09,7332.16015625,0.0363499975204467,call,1.0147077861710476,0.0821917808219178,89.19999999999999
SPXW260709C07450000,2026-06-08 20:11:51+00:00,7450.0,118.65,87.7,88.5,0.0,0.0,56.0,69.0,0.1623905020332336,False,REGULAR,USD,2026-07-09,7332.16015625,0.0363499975204467,call,1.016071640722353,0.0821917808219178,88.1
SPXW260709C07460000,2026-06-09 13:43:58+00:00,7460.0,139.5,79.4,80.6,7.880005,5.986936,12.0,5.0,0.1569584274482727,False,REGULAR,USD,2026-07-09,7332.16015625,0.0363499975204467,call,1.017435495273658,0.0821917808219178,80.0
SPXW260709C07470000,2026-06-09 13:44:12+00:00,7470.0,133.3,75.9,78.2,15.75,13.398554,4.0,9.0,0.1582077283096313,False,REGULAR,USD,2026-07-09,7332.16015625,0.0363499975204467,call,1.0187993498249632,0.0821917808219178,77.05000000000001
SPXW260709C07475000,2026-06-05 18:45:31+00:00,7475.0,117.4,75.7,80.9,0.0,0.0,9.0,11.0,0.1637237253952026,False,REGULAR,USD,2026-07-09,7332.16015625,0.0363499975204467,call,1.0194812771006156,0.0821917808219178,78.30000000000001
SPXW260709C07480000,2026-06-09 13:49:11+00:00,7480.0,132.0,70.7,71.8,-7.5,-5.376344,10.0,5.0,0.1542385754966735,False,REGULAR,USD,2026-07-09,7332.16015625,0.0363499975204467,call,1.0201632043762685,0.0821917808219178,71.25
SPXW260709C07490000,2026-06-09 14:03:46+00:00,7490.0,99.2,66.5,67.4,-34.0,-25.525526,7.0,1.0,0.152615438041687,False,REGULAR,USD,2026-07-09,7332.16015625,0.0363499975204467,call,1.0215270589275736,0.0821917808219178,66.95
SPXW260709C07500000,2026-06-09 13:31:06+00:00,7500.0,110.77,64.8,65.7,-7.7300034,-6.52321,4.0,28.0,0.1543701812362671,False,REGULAR,USD,2026-07-09,7332.16015625,0.0363499975204467,call,1.0228909134788786,0.0821917808219178,65.25
SPXW260709C07510000,2026-06-08 13:49:35+00:00,7510.0,103.64,61.2,62.1,0.0,0.0,1.0,2.0,0.1534947169685364,False,REGULAR,USD,2026-07-09,7332.16015625,0.0363499975204467,call,1.024254768030184,0.0821917808219178,61.650000000000006
SPXW260709C07525000,2026-06-05 16:05:26+00:00,7525.0,112.9,57.4,58.8,0.0,0.0,8.0,15.0,0.1547478324890137,False,REGULAR,USD,2026-07-09,7332.16015625,0.0363499975204467,call,1.0263005498571416,0.0821917808219178,58.1
SPXW260709C07530000,2026-06-05 16:01:01+00:00,7530.0,111.3,53.7,54.5,0.0,0.0,2.0,0.0,0.150679498538971,False,REGULAR,USD,2026-07-09,7332.16015625,0.0363499975204467,call,1.0269824771327942,0.0821917808219178,54.1
SPXW260709C07540000,2026-06-05 16:01:01+00:00,7540.0,105.9,50.7,52.0,0.0,0.0,1.0,1.0,0.1508225482559204,False,REGULAR,USD,2026-07-09,7332.16015625,0.0363499975204467,call,1.0283463316840993,0.0821917808219178,51.35
SPXW260709C07550000,2026-06-09 05:00:17+00:00,7550.0,74.5,47.5,48.4,-22.75,-23.393316,4.0,529.0,0.1492394647216797,False,REGULAR,USD,2026-07-09,7332.16015625,0.0363499975204467,call,1.0297101862354046,0.0821917808219178,47.95
SPXW260709C07560000,2026-06-08 14:58:54+00:00,7560.0,85.6,43.8,44.5,0.0,0.0,20.0,20.0,0.1469964451599121,False,REGULAR,USD,2026-07-09,7332.16015625,0.0363499975204467,call,1.0310740407867096,0.0821917808219178,44.15
SPXW260709C07570000,2026-06-05 16:04:32+00:00,7570.0,91.8,39.3,40.4,0.0,0.0,2.0,0.0,0.1441850413894653,False,REGULAR,USD,2026-07-09,7332.16015625,0.0363499975204467,call,1.0324378953380149,0.0821917808219178,39.85
SPXW260709C07575000,2026-06-08 14:58:54+00:00,7575.0,78.65,37.9,39.0,0.0,0.0,22.0,535.0,0.1436795990562439,False,REGULAR,USD,2026-07-09,7332.16015625,0.0363499975204467,call,1.0331198226136675,0.0821917808219178,38.45
SPXW260709C07600000,2026-06-08 14:06:54+00:00,7600.0,41.55,31.4,32.4,-19.650002,-32.107845,2.0,40.0,0.1410455769348144,False,REGULAR,USD,2026-07-09,7332.16015625,0.0363499975204467,call,1.0365294589919305,0.0821917808219178,31.9
SPXW260709C07610000,2026-06-09 15:25:47+00:00,7610.0,34.47,29.4,31.4,-38.729996,-52.909832,2.0,1.0,0.1424570008087158,False,REGULAR,USD,2026-07-09,7332.16015625,0.0363499975204467,call,1.0378933135432356,0.0821917808219178,30.4
SPXW260709C07625000,2026-06-08 13:41:23+00:00,7625.0,52.15,27.3,28.4,0.0,0.0,2.0,14.0,0.1417436595535278,False,REGULAR,USD,2026-07-09,7332.16015625,0.0363499975204467,call,1.0399390953701932,0.0821917808219178,27.85
SPXW260709C07630000,2026-06-05 16:04:32+00:00,7630.0,64.7,24.9,26.2,0.0,0.0,1.0,1.0,0.1392030965805054,False,REGULAR,USD,2026-07-09,7332.16015625,0.0363499975204467,call,1.040621022645846,0.0821917808219178,25.55
SPXW260709C07650000,2026-06-08 19:11:43+00:00,7650.0,28.65,21.8,22.4,-7.500002,-20.746893,2.0,25.0,0.1376314570236206,False,REGULAR,USD,2026-07-09,7332.16015625,0.0363499975204467,call,1.0433487317484562,0.0821917808219178,22.1
SPXW260709C07675000,2026-06-09 14:05:23+00:00,7675.0,37.7,17.7,18.2,7.800001,26.086962,32.0,3.0,0.1356287609863281,False,REGULAR,USD,2026-07-09,7332.16015625,0.0363499975204467,call,1.0467583681267192,0.0821917808219178,17.95
SPXW260709C07700000,2026-06-08 19:11:43+00:00,7700.0,19.93,13.5,14.4,-4.5699997,-18.65306,4.0,48.0,0.1331225299453735,False,REGULAR,USD,2026-07-09,7332.16015625,0.0363499975204467,call,1.0501680045049822,0.0821917808219178,13.95
SPXW260709C07725000,2026-06-09 15:08:09+00:00,7725.0,13.58,11.4,11.9,-5.2199993,-27.765955,3.0,57.0,0.1326304389190674,False,REGULAR,USD,2026-07-09,7332.16015625,0.0363499975204467,call,1.053577640883245,0.0821917808219178,11.65
SPXW260709C07750000,2026-06-09 15:26:22+00:00,7750.0,10.0,8.7,9.2,-5.05,-33.554817,31.0,98.0,0.1302958675384521,False,REGULAR,USD,2026-07-09,7332.16015625,0.0363499975204467,call,1.056987277261508,0.0821917808219178,8.95
SPXW260709C07775000,2026-06-09 15:21:38+00:00,7775.0,9.41,6.8,7.3,-8.559999,-47.634945,37.0,7.0,0.1291743577575683,False,REGULAR,USD,2026-07-09,7332.16015625,0.0363499975204467,call,1.0603969136397708,0.0821917808219178,7.05
SPXW260709C07800000,2026-06-09 15:21:38+00:00,7800.0,6.3,5.3,5.7,-2.8400002,-31.072208,79.0,297.0,0.127938408203125,False,REGULAR,USD,2026-07-09,7332.16015625,0.0363499975204467,call,1.0638065500180338,0.0821917808219178,5.5
SPXW260709C07825000,2026-06-09 15:07:57+00:00,7825.0,6.06,3.8,4.3,-5.28,-46.560844,8.0,22.0,0.1261760356903076,False,REGULAR,USD,2026-07-09,7332.16015625,0.0363499975204467,call,1.0672161863962968,0.0821917808219178,4.05
SPXW260709C07850000,2026-06-09 15:00:10+00:00,7850.0,4.96,3.0,3.4,-0.88999987,-15.213673,8.0,37.0,0.1258021990966797,False,REGULAR,USD,2026-07-09,7332.16015625,0.0363499975204467,call,1.0706258227745595,0.0821917808219178,3.2
SPXW260709C07875000,2026-06-09 15:25:47+00:00,7875.0,3.02,2.35,2.65,-1.3200002,-30.41475,3.0,32.0,0.1252834054565429,False,REGULAR,USD,2026-07-09,7332.16015625,0.0363499975204467,call,1.0740354591528225,0.0821917808219178,2.5
SPXW260709C07900000,2026-06-09 14:20:23+00:00,7900.0,2.9,1.75,2.1,-0.5999999,-17.142855,34.0,694.0,0.1252528881835937,False,REGULAR,USD,2026-07-09,7332.16015625,0.0363499975204467,call,1.0774450955310857,0.0821917808219178,1.925
SPXW260709C07925000,2026-06-08 20:08:42+00:00,7925.0,2.65,1.65,1.85,0.0,0.0,60.0,60.0,0.1272670281982422,False,REGULAR,USD,2026-07-09,7332.16015625,0.0363499975204467,call,1.0808547319093484,0.0821917808219178,1.75
SPXW260709C07950000,2026-06-08 13:54:33+00:00,7950.0,3.57,1.25,1.5,0.0,0.0,1.0,1.0,0.1277247872924805,False,REGULAR,USD,2026-07-09,7332.16015625,0.0363499975204467,call,1.0842643682876114,0.0821917808219178,1.375
SPXW260709C07975000,2026-06-05 19:11:22+00:00,7975.0,2.1,1.1,1.3,0.0,0.0,3.0,3.0,0.1294032373046875,False,REGULAR,USD,2026-07-09,7332.16015625,0.0363499975204467,call,1.0876740046658744,0.0821917808219178,1.2000000000000002
SPXW260709C08000000,2026-06-08 19:11:18+00:00,8000.0,1.59,0.8,1.05,0.0,0.0,26.0,69.0,0.1298304791259765,False,REGULAR,USD,2026-07-09,7332.16015625,0.0363499975204467,call,1.0910836410441371,0.0821917808219178,0.925
SPXW260710C07260000,2026-05-29 15:27:57+00:00,7260.0,397.17,198.9,200.2,0.0,0.0,12.0,9.0,0.1876301940917968,True,REGULAR,USD,2026-07-10,7332.16015625,0.0363499975204467,call,0.9901584042475544,0.084931506849315,199.55
SPXW260710C07275000,2026-06-08 15:30:10+00:00,7275.0,267.81,192.3,193.2,0.0,0.0,10.0,25.0,0.1891312624549865,True,REGULAR,USD,2026-07-10,7332.16015625,0.0363499975204467,call,0.9922041860745124,0.084931506849315,192.75
SPXW260710C07280000,2026-05-29 18:56:04+00:00,7280.0,371.35,188.2,189.3,0.0,0.0,32.0,39.0,0.1877408192062377,True,REGULAR,USD,2026-07-10,7332.16015625,0.0363499975204467,call,0.9928861133501647,0.084931506849315,188.75
SPXW260710C07300000,2026-06-09 14:08:12+00:00,7300.0,232.94,170.8,173.2,10.330002,4.6404037,8.0,193.0,0.1813550798416137,True,REGULAR,USD,2026-07-10,7332.16015625,0.0363499975204467,call,0.9956138224527752,0.084931506849315,172.0
SPXW260710C07310000,2026-06-05 18:48:49+00:00,7310.0,185.8,168.4,169.2,-36.59999,-16.456831,1.0,26.0,0.1827054691696166,True,REGULAR,USD,2026-07-10,7332.16015625,0.0363499975204467,call,0.9969776770040804,0.084931506849315,168.8
SPXW260710C07320000,2026-06-09 14:59:19+00:00,7320.0,193.3,158.8,160.4,-137.27998,-41.527008,1.0,9.0,0.1783834603881836,True,REGULAR,USD,2026-07-10,7332.16015625,0.0363499975204467,call,0.9983415315553856,0.084931506849315,159.60000000000002
SPXW260710C07325000,2026-06-05 19:09:18+00:00,7325.0,205.32,156.3,157.0,0.0,0.0,3.0,28.0,0.1773382437896728,True,REGULAR,USD,2026-07-10,7332.16015625,0.0363499975204467,call,0.9990234588310382,0.084931506849315,156.65
SPXW260710C07330000,2026-05-27 14:28:26+00:00,7330.0,295.78,154.4,156.2,0.0,0.0,1.0,4.0,0.1792684613037109,True,REGULAR,USD,2026-07-10,7332.16015625,0.0363499975204467,call,0.9997053861066908,0.084931506849315,155.3
SPXW260710C07350000,2026-06-08 19:48:05+00:00,7350.0,198.77,143.9,144.8,11.340012,6.0502653,11.0,86.0,0.1772161746978759,False,REGULAR,USD,2026-07-10,7332.16015625,0.0363499975204467,call,1.002433095209301,0.084931506849315,144.35000000000002
SPXW260710C07360000,2026-06-09 15:28:44+00:00,7360.0,138.7,134.5,136.1,-37.04001,-21.076595,15.0,39.0,0.1725432172775268,False,REGULAR,USD,2026-07-10,7332.16015625,0.0363499975204467,call,1.0037969497606063,0.084931506849315,135.3
SPXW260710C07370000,2026-06-08 14:55:00+00:00,7370.0,201.65,131.8,132.9,0.0,0.0,5.0,61.0,0.174105320186615,False,REGULAR,USD,2026-07-10,7332.16015625,0.0363499975204467,call,1.0051608043119111,0.084931506849315,132.35000000000002
SPXW260710C07375000,2026-06-09 15:26:38+00:00,7375.0,135.26,126.3,128.0,-83.17,-38.07627,21.0,37.0,0.1710173536300659,False,REGULAR,USD,2026-07-10,7332.16015625,0.0363499975204467,call,1.005842731587564,0.084931506849315,127.15
SPXW260710C07380000,2026-06-09 15:16:56+00:00,7380.0,149.53,123.2,124.2,-13.619995,-8.348144,6.0,25.0,0.1691672439575195,False,REGULAR,USD,2026-07-10,7332.16015625,0.0363499975204467,call,1.0065246588632166,0.084931506849315,123.7
SPXW260710C07390000,2026-06-09 15:27:44+00:00,7390.0,124.53,120.0,121.6,-53.839996,-30.184446,26.0,24.0,0.1711813839721679,False,REGULAR,USD,2026-07-10,7332.16015625,0.0363499975204467,call,1.0078885134145217,0.084931506849315,120.8
SPXW260710C07400000,2026-06-09 15:11:08+00:00,7400.0,144.18,115.2,116.1,-10.030014,-6.5041265,22.0,181.0,0.1696955742454529,False,REGULAR,USD,2026-07-10,7332.16015625,0.0363499975204467,call,1.009252367965827,0.084931506849315,115.65
SPXW260710C07410000,2026-06-09 15:11:08+00:00,7410.0,138.01,106.9,108.2,-10.4900055,-7.0639763,8.0,54.0,0.1652534037017822,False,REGULAR,USD,2026-07-10,7332.16015625,0.0363499975204467,call,1.010616222517132,0.084931506849315,107.55
SPXW260710C07420000,2026-06-09 14:18:08+00:00,7420.0,144.1,102.4,103.9,-23.799988,-14.175097,4.0,33.0,0.1648910110855103,False,REGULAR,USD,2026-07-10,7332.16015625,0.0363499975204467,call,1.0119800770684373,0.084931506849315,103.15
SPXW260710C07425000,2026-06-09 15:21:39+00:00,7425.0,120.7,100.0,102.6,-19.130005,-13.680902,22.0,133.0,0.1656711088752746,False,REGULAR,USD,2026-07-10,7332.16015625,0.0363499975204467,call,1.01266200434409,0.084931506849315,101.3
SPXW260710C07430000,2026-06-09 13:52:22+00:00,7430.0,123.1,99.4,100.9,-21.200005,-14.691618,10.0,30.0,0.1659476716613769,False,REGULAR,USD,2026-07-10,7332.16015625,0.0363499975204467,call,1.0133439316197423,0.084931506849315,100.15
SPXW260710C07440000,2026-06-08 14:41:36+00:00,7440.0,144.6,92.6,94.4,0.0,0.0,43.0,61.0,0.1626937674331665,False,REGULAR,USD,2026-07-10,7332.16015625,0.0363499975204467,call,1.0147077861710476,0.084931506849315,93.5
SPXW260710C07450000,2026-06-09 15:21:39+00:00,7450.0,107.12,86.2,88.7,-14.699997,-12.066982,35.0,100.0,0.1602256829833984,False,REGULAR,USD,2026-07-10,7332.16015625,0.0363499975204467,call,1.016071640722353,0.084931506849315,87.45
SPXW260710C07460000,2026-06-09 15:08:21+00:00,7460.0,106.43,79.5,87.7,-9.790001,-8.42368,170.0,26.0,0.1633308155059814,False,REGULAR,USD,2026-07-10,7332.16015625,0.0363499975204467,call,1.017435495273658,0.084931506849315,83.6
SPXW260710C07470000,2026-06-09 13:42:39+00:00,7470.0,134.6,78.3,79.4,9.700005,7.7662168,2.0,47.0,0.1573494300079345,False,REGULAR,USD,2026-07-10,7332.16015625,0.0363499975204467,call,1.0187993498249632,0.084931506849315,78.85
SPXW260710C07475000,2026-06-09 15:16:53+00:00,7475.0,96.11,76.6,77.8,-12.779999,-11.736614,63.0,92.0,0.1574314451789855,False,REGULAR,USD,2026-07-10,7332.16015625,0.0363499975204467,call,1.0194812771006156,0.084931506849315,77.19999999999999
SPXW260710C07480000,2026-06-09 13:52:10+00:00,7480.0,136.8,76.2,77.0,32.380005,31.00939,2.0,16.0,0.1584842910957336,False,REGULAR,USD,2026-07-10,7332.16015625,0.0363499975204467,call,1.0201632043762685,0.084931506849315,76.6
SPXW260710C07490000,2026-06-05 16:05:27+00:00,7490.0,117.84,71.0,72.7,-18.960007,-13.859654,1.0,5.0,0.1571071991539001,False,REGULAR,USD,2026-07-10,7332.16015625,0.0363499975204467,call,1.0215270589275736,0.084931506849315,71.85
SPXW260710C07500000,2026-06-09 15:28:02+00:00,7500.0,70.0,68.4,69.2,-26.629997,-27.558727,698.0,795.0,0.1565922201728821,False,REGULAR,USD,2026-07-10,7332.16015625,0.0363499975204467,call,1.0228909134788786,0.084931506849315,68.80000000000001
SPXW260710C07510000,2026-06-09 13:40:43+00:00,7510.0,114.74,62.0,62.8,14.659996,14.648277,4.0,62.0,0.1521309763336182,False,REGULAR,USD,2026-07-10,7332.16015625,0.0363499975204467,call,1.024254768030184,0.084931506849315,62.4
SPXW260710C07520000,2026-06-09 14:49:45+00:00,7520.0,73.59,60.2,60.9,-15.2400055,-17.156372,2.0,12.0,0.1533898138427734,False,REGULAR,USD,2026-07-10,7332.16015625,0.0363499975204467,call,1.025618622581489,0.084931506849315,60.55
SPXW260710C07525000,2026-06-09 13:56:58+00:00,7525.0,104.5,58.5,59.2,19.970001,23.62475,3.0,583.0,0.1529740159988403,False,REGULAR,USD,2026-07-10,7332.16015625,0.0363499975204467,call,1.0263005498571416,0.084931506849315,58.85
SPXW260710C07530000,2026-06-08 14:38:46+00:00,7530.0,97.07,57.3,58.2,-0.34000397,-0.3490442,10.0,31.0,0.1534699216842651,False,REGULAR,USD,2026-07-10,7332.16015625,0.0363499975204467,call,1.0269824771327942,0.084931506849315,57.75
SPXW260710C07540000,2026-06-09 14:50:07+00:00,7540.0,66.5,52.3,53.4,-9.989998,-13.060528,2.0,13.0,0.1505173755264282,False,REGULAR,USD,2026-07-10,7332.16015625,0.0363499975204467,call,1.0283463316840993,0.084931506849315,52.85
SPXW260710C07550000,2026-06-09 14:30:39+00:00,7550.0,75.1,52.2,53.1,1.5899963,2.162966,18.0,1014.0,0.1536549326515198,False,REGULAR,USD,2026-07-10,7332.16015625,0.0363499975204467,call,1.0297101862354046,0.084931506849315,52.650000000000006
SPXW260710C07560000,2026-06-09 14:54:06+00:00,7560.0,58.0,45.7,46.5,-11.68,-16.762342,15.0,36.0,0.147721230392456,False,REGULAR,USD,2026-07-10,7332.16015625,0.0363499975204467,call,1.0310740407867096,0.084931506849315,46.1
SPXW260710C07570000,2026-06-09 14:20:07+00:00,7570.0,64.39,43.3,44.5,-1.4899979,-2.2616847,12.0,60.0,0.1481732674980163,False,REGULAR,USD,2026-07-10,7332.16015625,0.0363499975204467,call,1.0324378953380149,0.084931506849315,43.9
SPXW260710C07575000,2026-06-09 14:06:39+00:00,7575.0,65.46,37.0,41.6,1.579998,2.4733844,17.0,76.0,0.1454972841262817,False,REGULAR,USD,2026-07-10,7332.16015625,0.0363499975204467,call,1.0331198226136675,0.084931506849315,39.3
SPXW260710C07580000,2026-06-09 15:08:21+00:00,7580.0,53.26,40.8,41.4,-12.450001,-18.94689,4.0,31.0,0.146838136806488,False,REGULAR,USD,2026-07-10,7332.16015625,0.0363499975204467,call,1.03380174988932,0.084931506849315,41.1
SPXW260710C07590000,2026-06-08 17:57:01+00:00,7590.0,62.45,36.4,37.2,0.0,0.0,2.0,288.0,0.143563251953125,False,REGULAR,USD,2026-07-10,7332.16015625,0.0363499975204467,call,1.0351656044406252,0.084931506849315,36.8
SPXW260710C07600000,2026-06-09 14:40:53+00:00,7600.0,57.25,33.6,34.8,3.6699982,6.849567,7.0,446.0,0.1428727986526489,False,REGULAR,USD,2026-07-10,7332.16015625,0.0363499975204467,call,1.0365294589919305,0.084931506849315,34.2
SPXW260710C07610000,2026-06-08 13:45:50+00:00,7610.0,62.82,31.8,32.9,0.0,0.0,62.0,35.0,0.142838466720581,False,REGULAR,USD,2026-07-10,7332.16015625,0.0363499975204467,call,1.0378933135432356,0.084931506849315,32.35
SPXW260710C07620000,2026-06-08 17:29:09+00:00,7620.0,52.48,30.5,31.1,0.0,0.0,1.0,5.0,0.1428346520614624,False,REGULAR,USD,2026-07-10,7332.16015625,0.0363499975204467,call,1.0392571680945406,0.084931506849315,30.8
SPXW260710C07625000,2026-06-09 14:58:05+00:00,7625.0,38.6,27.9,28.7,-10.980003,-22.146032,4.0,148.0,0.1401453173828125,False,REGULAR,USD,2026-07-10,7332.16015625,0.0363499975204467,call,1.0399390953701932,0.084931506849315,28.3
SPXW260710C07630000,2026-06-08 13:41:32+00:00,7630.0,36.7,26.4,27.8,-16.669998,-31.234772,8.0,26.0,0.1400156189727783,False,REGULAR,USD,2026-07-10,7332.16015625,0.0363499975204467,call,1.040621022645846,0.084931506849315,27.1
SPXW260710C07640000,2026-06-08 20:02:35+00:00,7640.0,42.39,25.0,26.1,2.8899994,7.316454,7.0,45.0,0.1398134420394897,False,REGULAR,USD,2026-07-10,7332.16015625,0.0363499975204467,call,1.041984877197151,0.084931506849315,25.55
SPXW260710C07650000,2026-06-09 14:53:06+00:00,7650.0,30.86,22.9,23.6,-5.720001,-15.636963,99.0,236.0,0.1379137417984008,False,REGULAR,USD,2026-07-10,7332.16015625,0.0363499975204467,call,1.0433487317484562,0.084931506849315,23.25
SPXW260710C07660000,2026-06-08 19:31:56+00:00,7660.0,36.0,22.0,22.6,0.0,0.0,11.0,12.0,0.1387300788497925,False,REGULAR,USD,2026-07-10,7332.16015625,0.0363499975204467,call,1.0447125862997613,0.084931506849315,22.3
SPXW260710C07670000,2026-06-08 17:05:30+00:00,7670.0,35.88,20.8,21.4,0.0,0.0,4.0,66.0,0.1390466955566406,False,REGULAR,USD,2026-07-10,7332.16015625,0.0363499975204467,call,1.0460764408510663,0.084931506849315,21.1
SPXW260710C07675000,2026-06-09 15:17:25+00:00,7675.0,25.97,19.8,20.5,-9.3600025,-26.49307,43.0,127.0,0.1385279019165039,False,REGULAR,USD,2026-07-10,7332.16015625,0.0363499975204467,call,1.0467583681267192,0.084931506849315,20.15
SPXW260710C07680000,2026-06-09 14:38:48+00:00,7680.0,31.36,18.9,19.6,1.8600006,6.3050866,216.0,69.0,0.137955703048706,False,REGULAR,USD,2026-07-10,7332.16015625,0.0363499975204467,call,1.0474402954023718,0.084931506849315,19.25
SPXW260710C07700000,2026-06-09 14:38:56+00:00,7700.0,24.6,15.7,16.3,-1.0799999,-4.205607,110.0,852.0,0.1357317567825318,False,REGULAR,USD,2026-07-10,7332.16015625,0.0363499975204467,call,1.0501680045049822,0.084931506849315,16.0
SPXW260710C07725000,2026-06-09 14:41:20+00:00,7725.0,14.7,11.9,12.7,-5.750001,-28.117365,136.0,141.0,0.1328326158523559,False,REGULAR,USD,2026-07-10,7332.16015625,0.0363499975204467,call,1.053577640883245,0.084931506849315,12.3
SPXW260710C07750000,2026-06-09 15:20:26+00:00,7750.0,11.8,9.5,10.0,-4.749999,-28.700903,9.0,316.0,0.1308756957244873,False,REGULAR,USD,2026-07-10,7332.16015625,0.0363499975204467,call,1.056987277261508,0.084931506849315,9.75
SPXW260710C07775000,2026-06-09 15:26:31+00:00,7775.0,8.94,7.5,8.0,-4.2800007,-32.375195,37.0,434.0,0.1297999618530273,False,REGULAR,USD,2026-07-10,7332.16015625,0.0363499975204467,call,1.0603969136397708,0.084931506849315,7.75
SPXW260710C07800000,2026-06-09 15:26:31+00:00,7800.0,7.04,5.9,6.3,-4.3100004,-37.973568,54.0,1135.0,0.1285792709350585,False,REGULAR,USD,2026-07-10,7332.16015625,0.0363499975204467,call,1.0638065500180338,0.084931506849315,6.1
SPXW260710C07825000,2026-06-09 15:25:08+00:00,7825.0,5.84,4.7,5.3,-4.1499996,-41.54154,62.0,182.0,0.1292811682128906,False,REGULAR,USD,2026-07-10,7332.16015625,0.0363499975204467,call,1.0672161863962968,0.084931506849315,5.0
SPXW260710C07850000,2026-06-09 15:25:08+00:00,7850.0,4.6,3.8,4.2,-2.5500002,-35.664337,37.0,292.0,0.1286174175262451,False,REGULAR,USD,2026-07-10,7332.16015625,0.0363499975204467,call,1.0706258227745595,0.084931506849315,4.0
SPXW260710C07875000,2026-06-09 13:32:24+00:00,7875.0,7.01,2.75,3.1,1.6100001,29.814817,20.0,45.0,0.1266109068298339,False,REGULAR,USD,2026-07-10,7332.16015625,0.0363499975204467,call,1.0740354591528225,0.084931506849315,2.925
SPXW260710C07900000,2026-06-09 15:20:53+00:00,7900.0,3.28,2.2,2.45,-1.0200002,-23.720934,25.0,1060.0,0.126336251373291,False,REGULAR,USD,2026-07-10,7332.16015625,0.0363499975204467,call,1.0774450955310857,0.084931506849315,2.325
SPXW260710C07950000,2026-06-09 15:14:41+00:00,7950.0,2.2,1.4,1.65,-0.52,-19.117647,34.0,283.0,0.1274959077453613,False,REGULAR,USD,2026-07-10,7332.16015625,0.0363499975204467,call,1.0842643682876114,0.084931506849315,1.525
SPXW260710C08000000,2026-06-09 15:17:25+00:00,8000.0,1.32,0.85,1.15,-0.7399999,-35.92233,7.0,353.0,0.1293727200317382,False,REGULAR,USD,2026-07-10,7332.16015625,0.0363499975204467,call,1.0910836410441371,0.084931506849315,1.0
SPXW260710C08200000,2026-06-08 19:37:29+00:00,8200.0,0.3,0.4,0.5,-0.19999999,-39.999996,24.0,269.0,0.1456994610595703,False,REGULAR,USD,2026-07-10,7332.16015625,0.0363499975204467,call,1.118360732070241,0.084931506849315,0.45
SPXW260713C07300000,2026-06-09 15:27:15+00:00,7300.0,185.67,175.5,176.6,-21.369995,-10.321675,3.0,1.0,0.1772352479934692,True,REGULAR,USD,2026-07-13,7332.16015625,0.0363499975204467,call,0.9956138224527752,0.0931506849315068,176.05
SPXW260713C07325000,2026-06-05 16:04:34+00:00,7325.0,258.9,159.6,161.0,0.0,0.0,6.0,4.0,0.1740366563224792,True,REGULAR,USD,2026-07-13,7332.16015625,0.0363499975204467,call,0.9990234588310382,0.0931506849315068,160.3
SPXW260713C07350000,2026-06-05 19:18:26+00:00,7350.0,185.19,145.4,147.0,0.0,0.0,7.0,6.0,0.1719271498298645,False,REGULAR,USD,2026-07-13,7332.16015625,0.0363499975204467,call,1.002433095209301,0.0931506849315068,146.2
SPXW260713C07375000,2026-06-09 15:26:38+00:00,7375.0,139.21,129.5,130.6,-30.459991,-17.95249,22.0,12.0,0.1664492993354797,False,REGULAR,USD,2026-07-13,7332.16015625,0.0363499975204467,call,1.005842731587564,0.0931506849315068,130.05
SPXW260713C07400000,2026-06-09 13:55:58+00:00,7400.0,186.53,116.2,117.4,28.369995,17.937529,1.0,43.0,0.1637542426681518,False,REGULAR,USD,2026-07-13,7332.16015625,0.0363499975204467,call,1.009252367965827,0.0931506849315068,116.8
SPXW260713C07425000,2026-06-09 15:21:39+00:00,7425.0,124.55,103.2,104.2,-19.179993,-13.3444605,27.0,15.0,0.160263829574585,False,REGULAR,USD,2026-07-13,7332.16015625,0.0363499975204467,call,1.01266200434409,0.0931506849315068,103.7
SPXW260713C07450000,2026-06-09 15:21:39+00:00,7450.0,110.92,93.3,94.2,-45.660004,-29.160814,28.0,9.0,0.1596058008766174,False,REGULAR,USD,2026-07-13,7332.16015625,0.0363499975204467,call,1.016071640722353,0.0931506849315068,93.75
SPXW260713C07475000,2026-06-09 15:16:53+00:00,7475.0,99.91,79.9,81.4,-12.7599945,-11.325105,32.0,31.0,0.154848920955658,False,REGULAR,USD,2026-07-13,7332.16015625,0.0363499975204467,call,1.0194812771006156,0.0931506849315068,80.65
SPXW260713C07500000,2026-06-09 13:56:51+00:00,7500.0,122.06,69.1,70.2,21.729996,21.658522,4.0,52.0,0.1509942079162598,False,REGULAR,USD,2026-07-13,7332.16015625,0.0363499975204467,call,1.0228909134788786,0.0931506849315068,69.65
SPXW260713C07525000,2026-06-09 13:56:58+00:00,7525.0,71.85,61.9,63.4,-25.11,-25.897278,16.0,82.0,0.1516694025802612,False,REGULAR,USD,2026-07-13,7332.16015625,0.0363499975204467,call,1.0263005498571416,0.0931506849315068,62.65
SPXW260713C07550000,2026-06-09 15:27:15+00:00,7550.0,55.92,52.9,53.6,-52.08,-48.22222,3.0,28.0,0.1476220492553711,False,REGULAR,USD,2026-07-13,7332.16015625,0.0363499975204467,call,1.0297101862354046,0.0931506849315068,53.25
SPXW260713C07575000,2026-06-09 15:08:21+00:00,7575.0,58.33,44.8,45.6,-5.9000015,-9.18574,29.0,54.0,0.1448716800308228,False,REGULAR,USD,2026-07-13,7332.16015625,0.0363499975204467,call,1.0331198226136675,0.0931506849315068,45.2
SPXW260713C07600000,2026-06-09 13:55:55+00:00,7600.0,71.78,36.3,37.2,15.0,26.417753,3.0,63.0,0.1403360503387451,False,REGULAR,USD,2026-07-13,7332.16015625,0.0363499975204467,call,1.0365294589919305,0.0931506849315068,36.75
SPXW260713C07625000,2026-06-05 20:14:34+00:00,7625.0,42.21,31.5,32.3,0.0,0.0,13.0,15.0,0.1400041749954224,False,REGULAR,USD,2026-07-13,7332.16015625,0.0363499975204467,call,1.0399390953701932,0.0931506849315068,31.9
SPXW260713C07650000,2026-06-09 15:04:00+00:00,7650.0,35.73,25.2,26.1,-16.970001,-32.20114,102.0,48.0,0.136452727355957,False,REGULAR,USD,2026-07-13,7332.16015625,0.0363499975204467,call,1.0433487317484562,0.0931506849315068,25.65
SPXW260713C07675000,2026-06-09 14:47:10+00:00,7675.0,30.7,21.4,22.0,-3.119999,-9.2253065,2.0,45.0,0.1354532866668701,False,REGULAR,USD,2026-07-13,7332.16015625,0.0363499975204467,call,1.0467583681267192,0.0931506849315068,21.7
SPXW260713C07700000,2026-06-09 14:46:38+00:00,7700.0,24.75,17.6,18.8,-3.2800007,-11.70175,13.0,85.0,0.135300700302124,False,REGULAR,USD,2026-07-13,7332.16015625,0.0363499975204467,call,1.0501680045049822,0.0931506849315068,18.200000000000003
SPXW260713C07725000,2026-06-08 14:30:46+00:00,7725.0,30.0,14.3,15.0,0.5,1.6949153,7.0,12.0,0.1327830252838135,False,REGULAR,USD,2026-07-13,7332.16015625,0.0363499975204467,call,1.053577640883245,0.0931506849315068,14.65
SPXW260713C07750000,2026-06-09 15:23:31+00:00,7750.0,14.2,10.9,11.5,-4.1400003,-22.57361,18.0,67.0,0.1294947891235351,False,REGULAR,USD,2026-07-13,7332.16015625,0.0363499975204467,call,1.056987277261508,0.0931506849315068,11.2
SPXW260713C07775000,2026-06-08 13:40:38+00:00,7775.0,20.1,8.9,9.5,0.0,0.0,1.0,11.0,0.1290599179840087,False,REGULAR,USD,2026-07-13,7332.16015625,0.0363499975204467,call,1.0603969136397708,0.0931506849315068,9.2
SPXW260713C07800000,2026-06-09 14:46:38+00:00,7800.0,10.65,6.7,7.2,-2.1600008,-16.861832,18.0,198.0,0.1264430618286132,False,REGULAR,USD,2026-07-13,7332.16015625,0.0363499975204467,call,1.0638065500180338,0.0931506849315068,6.95
SPXW260713C07825000,2026-06-09 11:03:32+00:00,7825.0,11.76,5.9,6.3,-3.67,-23.784834,3.0,23.0,0.1279536668395995,False,REGULAR,USD,2026-07-13,7332.16015625,0.0363499975204467,call,1.0672161863962968,0.0931506849315068,6.1
SPXW260713C07850000,2026-06-09 14:46:21+00:00,7850.0,6.6,4.2,4.6,-1.0900002,-14.174254,7.0,56.0,0.1250697845458984,False,REGULAR,USD,2026-07-13,7332.16015625,0.0363499975204467,call,1.0706258227745595,0.0931506849315068,4.4
SPXW260713C07900000,2026-06-09 11:49:35+00:00,7900.0,5.61,2.8,3.1,0.36000013,6.857146,6.0,20.0,0.1254970263671875,False,REGULAR,USD,2026-07-13,7332.16015625,0.0363499975204467,call,1.0774450955310857,0.0931506849315068,2.95
SPXW260713C08000000,2026-06-09 11:49:35+00:00,8000.0,1.52,1.1,1.35,-1.4300001,-48.474575,5.0,50.0,0.1263820272827148,False,REGULAR,USD,2026-07-13,7332.16015625,0.0363499975204467,call,1.0910836410441371,0.0931506849315068,1.225
SPXW260714C07325000,2026-06-05 16:04:30+00:00,7325.0,261.3,166.6,167.4,0.0,0.0,16.0,1.0,0.1785741933441162,True,REGULAR,USD,2026-07-14,7332.16015625,0.0363499975204467,call,0.9990234588310382,0.0958904109589041,167.0
SPXW260714C07350000,2026-06-05 19:25:08+00:00,7350.0,194.64,148.7,153.1,0.0,0.0,18.0,8.0,0.1761633287811279,False,REGULAR,USD,2026-07-14,7332.16015625,0.0363499975204467,call,1.002433095209301,0.0958904109589041,150.89999999999998
SPXW260714C07375000,2026-06-05 19:25:08+00:00,7375.0,185.1,133.1,134.2,6.8600006,3.8487434,5.0,12.0,0.1680533634948731,False,REGULAR,USD,2026-07-14,7332.16015625,0.0363499975204467,call,1.005842731587564,0.0958904109589041,133.64999999999998
SPXW260714C07425000,2026-06-05 19:19:06+00:00,7425.0,143.87,107.0,108.2,0.0,0.0,24.0,4.0,0.1624896831703186,False,REGULAR,USD,2026-07-14,7332.16015625,0.0363499975204467,call,1.01266200434409,0.0958904109589041,107.6
SPXW260714C07450000,2026-06-05 16:04:30+00:00,7450.0,174.2,94.2,95.9,0.0,0.0,31.0,14.0,0.1593063501358032,False,REGULAR,USD,2026-07-14,7332.16015625,0.0363499975204467,call,1.016071640722353,0.0958904109589041,95.05
SPXW260714C07475000,2026-06-08 15:01:58+00:00,7475.0,145.1,83.2,85.1,0.0,0.0,16.0,33.0,0.1570003886985779,False,REGULAR,USD,2026-07-14,7332.16015625,0.0363499975204467,call,1.0194812771006156,0.0958904109589041,84.15
SPXW260714C07500000,2026-06-09 13:48:25+00:00,7500.0,129.4,72.2,73.4,-12.400009,-8.744718,8.0,13.0,0.1527451364517212,False,REGULAR,USD,2026-07-14,7332.16015625,0.0363499975204467,call,1.0228909134788786,0.0958904109589041,72.80000000000001
SPXW260714C07525000,2026-06-05 16:04:31+00:00,7525.0,127.4,64.6,65.4,0.0,0.0,34.0,12.0,0.1520470538330078,False,REGULAR,USD,2026-07-14,7332.16015625,0.0363499975204467,call,1.0263005498571416,0.0958904109589041,65.0
SPXW260714C07550000,2026-06-08 13:59:05+00:00,7550.0,90.3,55.6,56.4,0.0,0.0,1.0,10.0,0.1492280207443237,False,REGULAR,USD,2026-07-14,7332.16015625,0.0363499975204467,call,1.0297101862354046,0.0958904109589041,56.0
SPXW260714C07575000,2026-06-08 14:11:41+00:00,7575.0,81.06,45.6,46.8,0.0,0.0,1.0,6.0,0.1445131020736694,False,REGULAR,USD,2026-07-14,7332.16015625,0.0363499975204467,call,1.0331198226136675,0.0958904109589041,46.2
SPXW260714C07600000,2026-06-08 19:04:37+00:00,7600.0,65.2,38.8,39.7,0.0,0.0,18.0,22.0,0.1421022375106811,False,REGULAR,USD,2026-07-14,7332.16015625,0.0363499975204467,call,1.0365294589919305,0.0958904109589041,39.25
SPXW260714C07625000,2026-06-05 16:02:52+00:00,7625.0,75.8,33.9,34.8,0.0,0.0,4.0,3.0,0.1420183150100707,False,REGULAR,USD,2026-07-14,7332.16015625,0.0363499975204467,call,1.0399390953701932,0.0958904109589041,34.349999999999994
SPXW260714C07650000,2026-06-08 17:03:01+00:00,7650.0,51.66,28.5,29.1,4.799999,10.243277,2.0,10.0,0.139744778175354,False,REGULAR,USD,2026-07-14,7332.16015625,0.0363499975204467,call,1.0433487317484562,0.0958904109589041,28.8
SPXW260714C07675000,2026-06-08 20:10:56+00:00,7675.0,36.18,22.4,23.1,0.0,0.0,1.0,4.0,0.135663092918396,False,REGULAR,USD,2026-07-14,7332.16015625,0.0363499975204467,call,1.0467583681267192,0.0958904109589041,22.75
SPXW260714C07700000,2026-06-09 14:51:51+00:00,7700.0,25.1,18.3,19.5,-8.129999,-24.465843,2.0,46.0,0.1348696438217163,False,REGULAR,USD,2026-07-14,7332.16015625,0.0363499975204467,call,1.0501680045049822,0.0958904109589041,18.9
SPXW260714C07725000,2026-06-05 16:03:22+00:00,7725.0,41.7,15.7,16.3,0.0,0.0,9.0,3.0,0.1339579402923583,False,REGULAR,USD,2026-07-14,7332.16015625,0.0363499975204467,call,1.053577640883245,0.0958904109589041,16.0
SPXW260714C07750000,2026-06-08 19:05:06+00:00,7750.0,23.4,12.7,13.2,0.0,0.0,26.0,29.0,0.1322146410751343,False,REGULAR,USD,2026-07-14,7332.16015625,0.0363499975204467,call,1.056987277261508,0.0958904109589041,12.95
SPXW260714C07775000,2026-06-05 16:02:52+00:00,7775.0,28.2,10.4,11.0,0.0,0.0,11.0,4.0,0.13174543800354,False,REGULAR,USD,2026-07-14,7332.16015625,0.0363499975204467,call,1.0603969136397708,0.0958904109589041,10.7
SPXW260714C07800000,2026-06-09 15:13:17+00:00,7800.0,11.81,8.2,8.6,-3.9899998,-25.253162,2.0,48.0,0.1295901556015014,False,REGULAR,USD,2026-07-14,7332.16015625,0.0363499975204467,call,1.0638065500180338,0.0958904109589041,8.399999999999999
SPXW260714C07825000,2026-06-08 13:53:21+00:00,7825.0,15.6,6.8,7.2,0.0,0.0,1.0,11.0,0.1296855220794678,False,REGULAR,USD,2026-07-14,7332.16015625,0.0363499975204467,call,1.0672161863962968,0.0958904109589041,7.0
SPXW260714C07850000,2026-06-05 17:34:17+00:00,7850.0,13.6,4.9,5.4,0.0,0.0,34.0,30.0,0.1271220711517333,False,REGULAR,USD,2026-07-14,7332.16015625,0.0363499975204467,call,1.0706258227745595,0.0958904109589041,5.15
SPXW260714C07875000,2026-06-09 14:32:17+00:00,7875.0,6.77,4.2,4.6,-5.2900004,-43.864017,3.0,4.0,0.1279460375213623,False,REGULAR,USD,2026-07-14,7332.16015625,0.0363499975204467,call,1.0740354591528225,0.0958904109589041,4.4
SPXW260714C07900000,2026-06-09 15:13:17+00:00,7900.0,4.81,3.4,3.7,-2.75,-36.37566,6.0,3.0,0.1275111663818359,False,REGULAR,USD,2026-07-14,7332.16015625,0.0363499975204467,call,1.0774450955310857,0.0958904109589041,3.55
SPXW260714C08000000,2026-06-09 14:54:37+00:00,8000.0,1.89,1.35,1.65,-1.2700001,-40.189877,3.0,4.0,0.1281062532043457,False,REGULAR,USD,2026-07-14,7332.16015625,0.0363499975204467,call,1.0910836410441371,0.0958904109589041,1.5
SPXW260715C07350000,2026-06-08 16:29:31+00:00,7350.0,215.03,157.2,158.2,0.0,0.0,3.0,3.0,0.1792417586898803,False,REGULAR,USD,2026-07-15,7332.16015625,0.0363499975204467,call,1.002433095209301,0.0986301369863013,157.7
SPXW260715C07375000,2026-06-08 14:26:31+00:00,7375.0,201.82,136.0,137.7,0.0,0.0,2.0,2.0,0.1695372658920288,False,REGULAR,USD,2026-07-15,7332.16015625,0.0363499975204467,call,1.005842731587564,0.0986301369863013,136.85
SPXW260715C07425000,2026-06-09 13:55:27+00:00,7425.0,179.5,112.6,113.4,-0.80000305,-0.44370663,6.0,8.0,0.1659934475708008,False,REGULAR,USD,2026-07-15,7332.16015625,0.0363499975204467,call,1.01266200434409,0.0986301369863013,113.0
SPXW260715C07500000,2026-06-08 19:58:18+00:00,7500.0,105.07,77.9,78.9,0.0,0.0,12.0,12.0,0.1571663263702392,False,REGULAR,USD,2026-07-15,7332.16015625,0.0363499975204467,call,1.0228909134788786,0.0986301369863013,78.4
SPXW260715C07550000,2026-06-08 16:29:31+00:00,7550.0,94.37,58.2,59.0,0.0,0.0,1.0,1.0,0.1505288195037842,False,REGULAR,USD,2026-07-15,7332.16015625,0.0363499975204467,call,1.0297101862354046,0.0986301369863013,58.6
SPXW260715C07575000,2026-06-08 15:16:56+00:00,7575.0,93.6,50.3,52.2,0.0,0.0,23.0,14.0,0.1498421808624267,False,REGULAR,USD,2026-07-15,7332.16015625,0.0363499975204467,call,1.0331198226136675,0.0986301369863013,51.25
SPXW260715C07600000,2026-06-08 19:58:18+00:00,7600.0,61.05,40.9,42.2,0.0,0.0,25.0,25.0,0.1437845021820068,False,REGULAR,USD,2026-07-15,7332.16015625,0.0363499975204467,call,1.0365294589919305,0.0986301369863013,41.55
SPXW260715C07625000,2026-06-09 14:32:11+00:00,7625.0,56.57,35.9,36.7,-15.129997,-21.10181,1.0,11.0,0.1430063117218017,False,REGULAR,USD,2026-07-15,7332.16015625,0.0363499975204467,call,1.0399390953701932,0.0986301369863013,36.3
SPXW260715C07650000,2026-06-08 17:15:30+00:00,7650.0,49.32,29.0,30.2,0.0,0.0,2.0,2.0,0.1396799289703369,False,REGULAR,USD,2026-07-15,7332.16015625,0.0363499975204467,call,1.0433487317484562,0.0986301369863013,29.6
SPXW260715C07675000,2026-06-09 14:32:11+00:00,7675.0,41.07,23.9,24.8,3.4700012,9.228727,1.0,6.0,0.1369486330413818,False,REGULAR,USD,2026-07-15,7332.16015625,0.0363499975204467,call,1.0467583681267192,0.0986301369863013,24.35
SPXW260715C07700000,2026-06-09 15:21:36+00:00,7700.0,26.6,20.5,21.3,-8.539999,-24.302786,7.0,7.0,0.1366510896301269,False,REGULAR,USD,2026-07-15,7332.16015625,0.0363499975204467,call,1.0501680045049822,0.0986301369863013,20.9
SPXW260715C07800000,2026-06-09 14:44:41+00:00,7800.0,14.31,9.2,9.7,-2.79,-16.315788,2.0,29.0,0.1313563427734375,False,REGULAR,USD,2026-07-15,7332.16015625,0.0363499975204467,call,1.0638065500180338,0.0986301369863013,9.45
SPXW260715C07900000,2026-06-09 15:26:12+00:00,7900.0,4.3,3.6,4.0,-3.2399998,-42.970818,2.0,13.0,0.1274959077453613,False,REGULAR,USD,2026-07-15,7332.16015625,0.0363499975204467,call,1.0774450955310857,0.0986301369863013,3.8
SPXW260715C08000000,2026-06-09 14:19:44+00:00,8000.0,2.67,1.4,1.7,-1.6300001,-37.90698,2.0,9.0,0.1269008209228515,False,REGULAR,USD,2026-07-15,7332.16015625,0.0363499975204467,call,1.0910836410441371,0.0986301369863013,1.5499999999999998
SPXW260716C07275000,2026-06-08 14:17:38+00:00,7275.0,268.5,205.8,207.0,0.0,0.0,2.0,2.0,0.1883702379608154,True,REGULAR,USD,2026-07-16,7332.16015625,0.0363499975204467,call,0.9922041860745124,0.1013698630136986,206.4
SPXW260716C07300000,2026-06-08 20:00:01+00:00,7300.0,233.8,187.8,189.0,0.0,0.0,10.0,11.0,0.1832509654235839,True,REGULAR,USD,2026-07-16,7332.16015625,0.0363499975204467,call,0.9956138224527752,0.1013698630136986,188.4
SPXW260716C07325000,2026-06-08 15:18:38+00:00,7325.0,253.2,174.2,175.0,0.0,0.0,7.0,7.0,0.1818204682540893,True,REGULAR,USD,2026-07-16,7332.16015625,0.0363499975204467,call,0.9990234588310382,0.1013698630136986,174.6
SPXW260716C07350000,2026-06-05 19:39:15+00:00,7350.0,206.58,158.1,160.1,0.0,0.0,3.0,3.0,0.1788335901641845,False,REGULAR,USD,2026-07-16,7332.16015625,0.0363499975204467,call,1.002433095209301,0.1013698630136986,159.1
SPXW260716C07375000,2026-06-05 19:39:15+00:00,7375.0,189.83,141.8,143.0,0.0,0.0,7.0,7.0,0.1728789072799682,False,REGULAR,USD,2026-07-16,7332.16015625,0.0363499975204467,call,1.005842731587564,0.1013698630136986,142.4
SPXW260716C07400000,2026-06-08 13:57:38+00:00,7400.0,181.5,125.7,127.4,0.0,0.0,20.0,34.0,0.1678282986068726,False,REGULAR,USD,2026-07-16,7332.16015625,0.0363499975204467,call,1.009252367965827,0.1013698630136986,126.55
SPXW260716C07425000,2026-06-09 13:55:27+00:00,7425.0,182.7,114.6,115.8,-12.199997,-6.259619,6.0,1.0,0.1663539328575135,False,REGULAR,USD,2026-07-16,7332.16015625,0.0363499975204467,call,1.01266200434409,0.1013698630136986,115.2
SPXW260716C07450000,2026-06-08 19:23:42+00:00,7450.0,133.53,103.8,104.7,0.0,0.0,2.0,5.0,0.1647250734138488,False,REGULAR,USD,2026-07-16,7332.16015625,0.0363499975204467,call,1.016071640722353,0.1013698630136986,104.25
SPXW260716C07475000,2026-06-05 16:39:51+00:00,7475.0,155.6,90.9,91.8,0.0,0.0,3.0,3.0,0.1603420300865173,False,REGULAR,USD,2026-07-16,7332.16015625,0.0363499975204467,call,1.0194812771006156,0.1013698630136986,91.35
SPXW260716C07500000,2026-06-08 14:47:12+00:00,7500.0,131.67,77.1,78.2,0.0,0.0,1.0,6.0,0.1542366681671142,False,REGULAR,USD,2026-07-16,7332.16015625,0.0363499975204467,call,1.0228909134788786,0.1013698630136986,77.65
SPXW260716C07525000,2026-06-05 16:04:32+00:00,7525.0,133.1,69.5,70.2,0.0,0.0,4.0,7.0,0.1537483917999267,False,REGULAR,USD,2026-07-16,7332.16015625,0.0363499975204467,call,1.0263005498571416,0.1013698630136986,69.85
SPXW260716C07550000,2026-06-05 16:04:32+00:00,7550.0,119.1,58.8,59.7,0.0,0.0,8.0,14.0,0.1493844217681884,False,REGULAR,USD,2026-07-16,7332.16015625,0.0363499975204467,call,1.0297101862354046,0.1013698630136986,59.25
SPXW260716C07575000,2026-06-05 16:04:32+00:00,7575.0,106.0,50.6,51.5,0.0,0.0,4.0,5.0,0.1469048933410644,False,REGULAR,USD,2026-07-16,7332.16015625,0.0363499975204467,call,1.0331198226136675,0.1013698630136986,51.05
SPXW260716C07600000,2026-06-05 19:35:11+00:00,7600.0,68.02,44.0,45.2,0.0,0.0,3.0,25.0,0.1460618536758423,False,REGULAR,USD,2026-07-16,7332.16015625,0.0363499975204467,call,1.0365294589919305,0.1013698630136986,44.6
SPXW260716C07625000,2026-06-08 15:28:20+00:00,7625.0,72.5,36.2,37.1,0.0,0.0,7.0,16.0,0.141686439666748,False,REGULAR,USD,2026-07-16,7332.16015625,0.0363499975204467,call,1.0399390953701932,0.1013698630136986,36.650000000000006
SPXW260716C07650000,2026-06-08 19:59:16+00:00,7650.0,47.18,30.8,32.1,0.0,0.0,1.0,5.0,0.1408815465927124,False,REGULAR,USD,2026-07-16,7332.16015625,0.0363499975204467,call,1.0433487317484562,0.1013698630136986,31.450000000000003
SPXW260716C07675000,2026-06-09 15:27:30+00:00,7675.0,28.34,25.5,26.3,-11.689999,-29.203096,3.0,5.0,0.13777450674057,False,REGULAR,USD,2026-07-16,7332.16015625,0.0363499975204467,call,1.0467583681267192,0.1013698630136986,25.9
SPXW260716C07700000,2026-06-09 15:26:39+00:00,7700.0,24.6,21.2,22.0,-21.199999,-46.28821,8.0,13.0,0.1361742572402954,False,REGULAR,USD,2026-07-16,7332.16015625,0.0363499975204467,call,1.0501680045049822,0.1013698630136986,21.6
SPXW260716C07725000,2026-06-09 15:03:38+00:00,7725.0,21.99,18.5,19.8,-6.200001,-21.993616,8.0,36.0,0.1378488925933838,False,REGULAR,USD,2026-07-16,7332.16015625,0.0363499975204467,call,1.053577640883245,0.1013698630136986,19.15
SPXW260716C07750000,2026-06-09 14:46:27+00:00,7750.0,21.74,14.3,15.1,-1.7000008,-7.252563,7.0,49.0,0.1332980042648315,False,REGULAR,USD,2026-07-16,7332.16015625,0.0363499975204467,call,1.056987277261508,0.1013698630136986,14.7
SPXW260716C07775000,2026-06-09 15:27:30+00:00,7775.0,13.24,12.6,13.2,-10.219999,-43.56351,7.0,37.0,0.1341334146118164,False,REGULAR,USD,2026-07-16,7332.16015625,0.0363499975204467,call,1.0603969136397708,0.1013698630136986,12.9
SPXW260716C07800000,2026-06-09 15:26:39+00:00,7800.0,11.5,9.5,10.1,-4.67,-28.880644,20.0,35.0,0.1308108465194701,False,REGULAR,USD,2026-07-16,7332.16015625,0.0363499975204467,call,1.0638065500180338,0.1013698630136986,9.8
SPXW260716C07825000,2026-06-09 14:19:11+00:00,7825.0,11.62,7.6,8.2,-2.5500002,-17.995768,5.0,16.0,0.1297618152618408,False,REGULAR,USD,2026-07-16,7332.16015625,0.0363499975204467,call,1.0672161863962968,0.1013698630136986,7.899999999999999
SPXW260716C07850000,2026-06-09 14:25:51+00:00,7850.0,9.29,6.9,7.3,-0.9800005,-9.54236,10.0,13.0,0.1314173773193359,False,REGULAR,USD,2026-07-16,7332.16015625,0.0363499975204467,call,1.0706258227745595,0.1013698630136986,7.1
SPXW260716C07875000,2026-06-09 07:58:21+00:00,7875.0,14.3,4.9,5.5,5.9800005,71.87501,5.0,21.0,0.1287623745727539,False,REGULAR,USD,2026-07-16,7332.16015625,0.0363499975204467,call,1.0740354591528225,0.1013698630136986,5.2
SPXW260716C07900000,2026-06-09 14:46:02+00:00,7900.0,6.6,4.1,4.5,-0.42000008,-5.9829073,2.0,68.0,0.1284572018432617,False,REGULAR,USD,2026-07-16,7332.16015625,0.0363499975204467,call,1.0774450955310857,0.1013698630136986,4.3
SPXW260716C08000000,2026-06-08 19:47:54+00:00,8000.0,3.1,1.8,2.05,0.0,0.0,12.0,47.0,0.1286250468444824,False,REGULAR,USD,2026-07-16,7332.16015625,0.0363499975204467,call,1.0910836410441371,0.1013698630136986,1.925
SPXW260716C08100000,2026-06-08 19:47:54+00:00,8100.0,1.2,0.8,1.05,-0.19999993,-14.285709,3.0,13.0,0.1316615155029297,False,REGULAR,USD,2026-07-16,7332.16015625,0.0363499975204467,call,1.104722186557189,0.1013698630136986,0.925
SPX260717C07260000,2026-05-29 16:13:34+00:00,7260.0,414.52,214.0,215.8,0.0,0.0,2.0,116.0,0.1869302041435241,True,REGULAR,USD,2026-07-17,7332.16015625,0.0363499975204467,call,0.9901584042475544,0.1041095890410958,214.9
SPXW260717C07265000,2026-06-05 16:50:03+00:00,7265.0,301.68,213.6,214.4,-7.360016,-2.381574,2.0,25.0,0.1883607013130188,True,REGULAR,USD,2026-07-17,7332.16015625,0.0363499975204467,call,0.990840331523207,0.1041095890410958,214.0
SPXW260717C07270000,2026-06-09 15:29:22+00:00,7270.0,209.96,208.6,211.0,-105.499985,-33.443222,3.0,104.0,0.1876416380691528,True,REGULAR,USD,2026-07-17,7332.16015625,0.0363499975204467,call,0.9915222587988596,0.1041095890410958,209.8
SPX260717C07275000,2026-06-04 13:31:45+00:00,7275.0,356.7,208.4,209.6,0.0,0.0,63.0,2645.0,0.1890187300109863,True,REGULAR,USD,2026-07-17,7332.16015625,0.0363499975204467,call,0.9922041860745124,0.1041095890410958,209.0
SPXW260717C07280000,2026-05-18 13:34:00+00:00,7280.0,295.6,206.1,207.7,0.0,0.0,5.0,34.0,0.1898388817214966,True,REGULAR,USD,2026-07-17,7332.16015625,0.0363499975204467,call,0.9928861133501647,0.1041095890410958,206.9
SPX260717C07285000,2026-06-04 14:17:07+00:00,7285.0,356.0,200.8,202.3,0.0,0.0,2.0,13.0,0.1869397407913208,True,REGULAR,USD,2026-07-17,7332.16015625,0.0363499975204467,call,0.9935680406258176,0.1041095890410958,201.55
SPXW260717C07290000,2026-06-09 15:28:26+00:00,7290.0,200.34,195.4,198.8,-208.9,-51.04584,2.0,24.0,0.1860280372619628,True,REGULAR,USD,2026-07-17,7332.16015625,0.0363499975204467,call,0.99424996790147,0.1041095890410958,197.1
SPXW260717C07295000,2026-05-29 19:24:37+00:00,7295.0,379.86,197.1,198.8,0.0,0.0,7.0,46.0,0.1887803138160705,True,REGULAR,USD,2026-07-17,7332.16015625,0.0363499975204467,call,0.9949318951771228,0.1041095890410958,197.95
SPXW260717C07300000,2026-06-09 13:46:58+00:00,7300.0,280.0,193.3,194.4,20.799988,8.024686,1.0,467.0,0.1868748915863037,True,REGULAR,USD,2026-07-17,7332.16015625,0.0363499975204467,call,0.9956138224527752,0.1041095890410958,193.85
SPX260717C07305000,2026-05-27 15:19:09+00:00,7305.0,327.9,183.9,185.7,0.0,0.0,2.0,92.0,0.1804357469940185,True,REGULAR,USD,2026-07-17,7332.16015625,0.0363499975204467,call,0.9962957497284278,0.1041095890410958,184.8
SPX260717C07310000,2026-06-08 17:07:15+00:00,7310.0,242.99,186.7,188.5,0.0,0.0,1.0,338.0,0.1860509252166748,True,REGULAR,USD,2026-07-17,7332.16015625,0.0363499975204467,call,0.9969776770040804,0.1041095890410958,187.6
SPXW260717C07320000,2026-06-04 15:00:07+00:00,7320.0,334.36,175.4,176.1,0.0,0.0,2.0,96.0,0.1783243331718445,True,REGULAR,USD,2026-07-17,7332.16015625,0.0363499975204467,call,0.9983415315553856,0.1041095890410958,175.75
SPX260717C07325000,2026-06-09 14:49:38+00:00,7325.0,196.8,172.8,174.6,-27.569992,-12.287736,3.0,1488.0,0.1793542911338805,True,REGULAR,USD,2026-07-17,7332.16015625,0.0363499975204467,call,0.9990234588310382,0.1041095890410958,173.7
SPX260717C07330000,2026-06-09 14:50:41+00:00,7330.0,190.9,172.5,173.8,-153.79001,-44.616905,3.0,229.0,0.1810899610328674,True,REGULAR,USD,2026-07-17,7332.16015625,0.0363499975204467,call,0.9997053861066908,0.1041095890410958,173.15
SPXW260717C07335000,2026-05-18 16:37:52+00:00,7335.0,234.84,165.5,167.8,0.0,0.0,1.0,16.0,0.1773611317443847,False,REGULAR,USD,2026-07-17,7332.16015625,0.0363499975204467,call,1.000387313382343,0.1041095890410958,166.65
SPXW260717C07340000,2026-05-19 05:31:08+00:00,7340.0,232.97,167.0,167.9,0.0,0.0,4.0,41.0,0.1799913392066955,False,REGULAR,USD,2026-07-17,7332.16015625,0.0363499975204467,call,1.001069240657996,0.1041095890410958,167.45
SPXW260717C07345000,2026-06-05 16:02:52+00:00,7345.0,257.0,164.8,165.6,0.0,0.0,2.0,16.0,0.1800867056846618,False,REGULAR,USD,2026-07-17,7332.16015625,0.0363499975204467,call,1.0017511679336484,0.1041095890410958,165.2
SPX260717C07350000,2026-06-09 14:58:55+00:00,7350.0,189.0,156.7,158.1,-14.339996,-7.052226,12.0,4863.0,0.1747175729751587,False,REGULAR,USD,2026-07-17,7332.16015625,0.0363499975204467,call,1.002433095209301,0.1041095890410958,157.39999999999998
SPX260717C07355000,2026-06-05 18:05:29+00:00,7355.0,230.38,157.3,158.6,0.0,0.0,2.0,22.0,0.1776910997581481,False,REGULAR,USD,2026-07-17,7332.16015625,0.0363499975204467,call,1.0031150224849537,0.1041095890410958,157.95
SPXW260717C07360000,2026-06-05 17:05:27+00:00,7360.0,232.7,151.5,152.3,0.0,0.0,2.0,37.0,0.1735254920005798,False,REGULAR,USD,2026-07-17,7332.16015625,0.0363499975204467,call,1.0037969497606063,0.1041095890410958,151.9
SPX260717C07365000,2026-06-09 14:27:51+00:00,7365.0,203.7,151.2,152.7,4.699997,2.3618076,6.0,161.0,0.1763483397483826,False,REGULAR,USD,2026-07-17,7332.16015625,0.0363499975204467,call,1.0044788770362587,0.1041095890410958,151.95
SPX260717C07370000,2026-06-05 19:09:32+00:00,7370.0,191.63,147.4,148.8,0.0,0.0,2.0,177.0,0.1746431871223449,False,REGULAR,USD,2026-07-17,7332.16015625,0.0363499975204467,call,1.0051608043119111,0.1041095890410958,148.10000000000002
SPX260717C07375000,2026-06-08 19:28:16+00:00,7375.0,183.77,141.4,143.2,0.0,0.0,12.0,3176.0,0.1711279787445068,False,REGULAR,USD,2026-07-17,7332.16015625,0.0363499975204467,call,1.005842731587564,0.1041095890410958,142.3
SPXW260717C07380000,2026-06-09 15:23:30+00:00,7380.0,158.0,143.9,145.0,-46.899994,-22.889212,3.0,79.0,0.1753508063888549,False,REGULAR,USD,2026-07-17,7332.16015625,0.0363499975204467,call,1.0065246588632166,0.1041095890410958,144.45
SPXW260717C07385000,2026-06-09 14:48:39+00:00,7385.0,163.22,137.5,138.2,-19.449997,-10.6476145,1.0,83.0,0.1705176332855225,False,REGULAR,USD,2026-07-17,7332.16015625,0.0363499975204467,call,1.0072065861388693,0.1041095890410958,137.85
SPXW260717C07390000,2026-06-09 15:05:13+00:00,7390.0,161.57,134.4,135.2,-15.12999,-8.56253,1.0,78.0,0.1696459836769104,False,REGULAR,USD,2026-07-17,7332.16015625,0.0363499975204467,call,1.0078885134145217,0.1041095890410958,134.8
SPX260717C07395000,2026-06-04 16:39:13+00:00,7395.0,291.78,134.1,135.9,0.0,0.0,1.0,133.0,0.1726500277328491,False,REGULAR,USD,2026-07-17,7332.16015625,0.0363499975204467,call,1.0085704406901743,0.1041095890410958,135.0
SPX260717C07400000,2026-06-09 14:46:21+00:00,7400.0,154.7,127.3,129.9,-16.570007,-9.674787,71.0,15262.0,0.1685607131576538,False,REGULAR,USD,2026-07-17,7332.16015625,0.0363499975204467,call,1.009252367965827,0.1041095890410958,128.6
SPXW260717C07405000,2026-06-09 11:43:58+00:00,7405.0,205.1,129.5,131.0,49.72,31.99897,2.0,18.0,0.1719443157958984,False,REGULAR,USD,2026-07-17,7332.16015625,0.0363499975204467,call,1.0099342952414796,0.1041095890410958,130.25
SPXW260717C07410000,2026-06-09 13:49:04+00:00,7410.0,169.76,124.2,127.4,-14.7400055,-7.9891624,3.0,152.0,0.1703345296478271,False,REGULAR,USD,2026-07-17,7332.16015625,0.0363499975204467,call,1.010616222517132,0.1041095890410958,125.8
SPX260717C07415000,2026-06-09 14:55:31+00:00,7415.0,145.47,120.1,121.4,-22.720001,-13.508532,222.0,154.0,0.1661422192764282,False,REGULAR,USD,2026-07-17,7332.16015625,0.0363499975204467,call,1.0112981497927849,0.1041095890410958,120.75
SPXW260717C07420000,2026-06-08 17:00:41+00:00,7420.0,169.74,119.1,119.9,0.0,0.0,13.0,295.0,0.1666972521781921,False,REGULAR,USD,2026-07-17,7332.16015625,0.0363499975204467,call,1.0119800770684373,0.1041095890410958,119.5
SPXW260717C07425000,2026-06-08 19:31:10+00:00,7425.0,157.1,116.1,117.5,0.0,0.0,10.0,103.0,0.1662681030273438,False,REGULAR,USD,2026-07-17,7332.16015625,0.0363499975204467,call,1.01266200434409,0.1041095890410958,116.8
SPXW260717C07430000,2026-06-09 14:11:17+00:00,7430.0,161.0,116.5,117.3,8.0,5.2287583,55.0,72.0,0.1681678032684326,False,REGULAR,USD,2026-07-17,7332.16015625,0.0363499975204467,call,1.0133439316197423,0.1041095890410958,116.9
SPXW260717C07435000,2026-06-08 17:31:08+00:00,7435.0,163.6,110.5,111.9,0.0,0.0,5.0,7.0,0.1644675839233398,False,REGULAR,USD,2026-07-17,7332.16015625,0.0363499975204467,call,1.014025858895395,0.1041095890410958,111.2
SPXW260717C07440000,2026-06-09 15:12:14+00:00,7440.0,136.07,111.2,111.9,-10.929993,-7.435369,58.0,158.0,0.1665389438247681,False,REGULAR,USD,2026-07-17,7332.16015625,0.0363499975204467,call,1.0147077861710476,0.1041095890410958,111.55
SPXW260717C07445000,2026-06-05 20:07:58+00:00,7445.0,132.1,109.3,110.2,0.0,0.0,30.0,53.0,0.1667601940536499,False,REGULAR,USD,2026-07-17,7332.16015625,0.0363499975204467,call,1.0153897134467005,0.1041095890410958,109.75
SPXW260717C07450000,2026-06-09 13:52:02+00:00,7450.0,174.0,106.6,109.5,34.72,24.928202,2.0,896.0,0.1680400121879578,False,REGULAR,USD,2026-07-17,7332.16015625,0.0363499975204467,call,1.016071640722353,0.1041095890410958,108.05
SPXW260717C07455000,2026-06-08 18:06:32+00:00,7455.0,161.0,101.3,102.8,10.699997,7.1190934,1.0,20.0,0.1627738752746582,False,REGULAR,USD,2026-07-17,7332.16015625,0.0363499975204467,call,1.016753567998005,0.1041095890410958,102.05
SPXW260717C07460000,2026-06-09 13:53:20+00:00,7460.0,155.3,98.9,99.6,12.600006,8.829717,3.0,53.0,0.1612632702636718,False,REGULAR,USD,2026-07-17,7332.16015625,0.0363499975204467,call,1.017435495273658,0.1041095890410958,99.25
SPX260717C07465000,2026-06-08 14:44:43+00:00,7465.0,139.43,96.4,98.1,-8.150009,-5.5224347,1.0,57.0,0.1615856089591979,False,REGULAR,USD,2026-07-17,7332.16015625,0.0363499975204467,call,1.0181174225493106,0.1041095890410958,97.25
SPXW260717C07470000,2026-06-08 18:08:25+00:00,7470.0,140.57,94.0,95.0,0.0,0.0,4.0,57.0,0.1601150578689575,False,REGULAR,USD,2026-07-17,7332.16015625,0.0363499975204467,call,1.0187993498249632,0.1041095890410958,94.5
SPXW260717C07475000,2026-06-09 14:15:10+00:00,7475.0,134.1,94.3,94.9,-12.339996,-8.426657,10.0,105.0,0.1619346502685547,False,REGULAR,USD,2026-07-17,7332.16015625,0.0363499975204467,call,1.0194812771006156,0.1041095890410958,94.6
SPXW260717C07480000,2026-06-09 13:59:44+00:00,7480.0,145.79,92.5,93.7,14.639999,11.162791,50.0,51.0,0.1625182931137084,False,REGULAR,USD,2026-07-17,7332.16015625,0.0363499975204467,call,1.0201632043762685,0.1041095890410958,93.1
SPX260717C07485000,2026-06-08 19:16:04+00:00,7485.0,119.77,88.8,90.3,0.0,0.0,162.0,139.0,0.1606224075317383,False,REGULAR,USD,2026-07-17,7332.16015625,0.0363499975204467,call,1.020845131651921,0.1041095890410958,89.55
SPXW260717C07490000,2026-06-09 15:12:14+00:00,7490.0,109.12,87.3,88.2,-21.909996,-16.721357,12.0,146.0,0.1601398531532287,False,REGULAR,USD,2026-07-17,7332.16015625,0.0363499975204467,call,1.0215270589275736,0.1041095890410958,87.75
SPXW260717C07495000,2026-06-08 19:24:23+00:00,7495.0,113.0,82.6,83.4,0.0,0.0,5.0,60.0,0.1565674248886108,False,REGULAR,USD,2026-07-17,7332.16015625,0.0363499975204467,call,1.022208986203226,0.1041095890410958,83.0
SPX260717C07500000,2026-06-09 14:51:34+00:00,7500.0,96.9,82.2,83.7,-13.599998,-12.307692,1202.0,14727.0,0.1587417805862427,False,REGULAR,USD,2026-07-17,7332.16015625,0.0363499975204467,call,1.0228909134788786,0.1041095890410958,82.95
SPXW260717C07505000,2026-06-09 14:59:19+00:00,7505.0,101.1,81.2,81.9,-18.260002,-15.29826,1.0,203.0,0.1585090863800049,False,REGULAR,USD,2026-07-17,7332.16015625,0.0363499975204467,call,1.0235728407545313,0.1041095890410958,81.55000000000001
SPX260717C07510000,2026-06-08 18:06:23+00:00,7510.0,117.07,78.0,79.5,0.0,0.0,66.0,211.0,0.1575535142707824,False,REGULAR,USD,2026-07-17,7332.16015625,0.0363499975204467,call,1.024254768030184,0.1041095890410958,78.75
SPXW260717C07515000,2026-06-08 18:20:31+00:00,7515.0,126.87,74.9,75.5,12.870003,11.289475,81.0,115.0,0.1546982419204712,False,REGULAR,USD,2026-07-17,7332.16015625,0.0363499975204467,call,1.0249366953058363,0.1041095890410958,75.2
SPX260717C07520000,2026-06-09 14:48:17+00:00,7520.0,91.2,73.6,74.9,-12.300003,-11.88406,110.0,1148.0,0.1557587171554565,False,REGULAR,USD,2026-07-17,7332.16015625,0.0363499975204467,call,1.025618622581489,0.1041095890410958,74.25
SPX260717C07525000,2026-06-09 15:11:56+00:00,7525.0,86.5,69.9,71.2,-16.809998,-16.271414,31.0,3097.0,0.1531494903182984,False,REGULAR,USD,2026-07-17,7332.16015625,0.0363499975204467,call,1.0263005498571416,0.1041095890410958,70.55000000000001
SPX260717C07530000,2026-06-08 19:03:17+00:00,7530.0,103.86,69.5,71.0,0.0,0.0,31.0,217.0,0.1546372073745728,False,REGULAR,USD,2026-07-17,7332.16015625,0.0363499975204467,call,1.0269824771327942,0.1041095890410958,70.25
SPXW260717C07535000,2026-06-09 13:39:43+00:00,7535.0,119.1,67.0,68.4,14.599998,13.971291,7.0,20.0,0.153246764125824,False,REGULAR,USD,2026-07-17,7332.16015625,0.0363499975204467,call,1.0276644044084466,0.1041095890410958,67.7
SPXW260717C07540000,2026-06-08 18:29:07+00:00,7540.0,121.92,64.1,66.4,18.839996,18.277063,1.0,60.0,0.1525315155410767,False,REGULAR,USD,2026-07-17,7332.16015625,0.0363499975204467,call,1.0283463316840993,0.1041095890410958,65.25
SPXW260717C07545000,2026-06-08 18:41:12+00:00,7545.0,108.3,63.5,64.9,11.200005,11.534506,1.0,73.0,0.1523865584945679,False,REGULAR,USD,2026-07-17,7332.16015625,0.0363499975204467,call,1.029028258959752,0.1041095890410958,64.2
SPX260717C07550000,2026-06-09 15:27:07+00:00,7550.0,66.11,64.8,66.4,-20.159996,-23.36849,869.0,6893.0,0.1558788789176941,False,REGULAR,USD,2026-07-17,7332.16015625,0.0363499975204467,call,1.0297101862354046,0.1041095890410958,65.6
SPXW260717C07555000,2026-06-09 14:01:38+00:00,7555.0,92.74,59.7,60.4,-3.1100006,-3.2446537,13.0,32.0,0.1501473535919189,False,REGULAR,USD,2026-07-17,7332.16015625,0.0363499975204467,call,1.030392113511057,0.1041095890410958,60.05
SPX260717C07560000,2026-06-09 14:23:12+00:00,7560.0,87.5,58.7,60.0,6.300003,7.7586246,6.0,296.0,0.1512726780319214,False,REGULAR,USD,2026-07-17,7332.16015625,0.0363499975204467,call,1.0310740407867096,0.1041095890410958,59.35
SPXW260717C07565000,2026-06-09 15:20:42+00:00,7565.0,71.2,58.9,59.8,-15.600006,-17.972357,5.0,52.0,0.1526383259963989,False,REGULAR,USD,2026-07-17,7332.16015625,0.0363499975204467,call,1.0317559680623622,0.1041095890410958,59.35
SPXW260717C07570000,2026-06-08 18:20:31+00:00,7570.0,94.8,55.0,56.6,7.590004,8.703135,4.0,30.0,0.1501931295013428,False,REGULAR,USD,2026-07-17,7332.16015625,0.0363499975204467,call,1.0324378953380149,0.1041095890410958,55.8
SPX260717C07575000,2026-06-09 14:09:45+00:00,7575.0,87.25,52.4,54.0,11.580002,15.303294,11.0,3928.0,0.148434571647644,False,REGULAR,USD,2026-07-17,7332.16015625,0.0363499975204467,call,1.0331198226136675,0.1041095890410958,53.2
SPXW260717C07580000,2026-06-09 14:34:46+00:00,7580.0,81.0,52.2,53.6,-0.30000305,-0.36900744,11.0,105.0,0.1494797882461548,False,REGULAR,USD,2026-07-17,7332.16015625,0.0363499975204467,call,1.03380174988932,0.1041095890410958,52.900000000000006
SPXW260717C07585000,2026-06-09 15:01:51+00:00,7585.0,65.82,52.3,52.9,-13.330002,-16.841444,29.0,64.0,0.150118743648529,False,REGULAR,USD,2026-07-17,7332.16015625,0.0363499975204467,call,1.0344836771649726,0.1041095890410958,52.6
SPXW260717C07590000,2026-06-09 15:20:42+00:00,7590.0,61.9,50.1,50.8,-11.639999,-15.82812,18.0,46.0,0.1488923307418823,False,REGULAR,USD,2026-07-17,7332.16015625,0.0363499975204467,call,1.0351656044406252,0.1041095890410958,50.45
SPX260717C07595000,2026-06-08 15:15:56+00:00,7595.0,89.08,47.7,49.4,0.0,0.0,55.0,133.0,0.1485490114212036,False,REGULAR,USD,2026-07-17,7332.16015625,0.0363499975204467,call,1.035847531716278,0.1041095890410958,48.55
SPX260717C07600000,2026-06-09 15:01:36+00:00,7600.0,59.9,46.8,48.0,-5.5999985,-8.549617,1054.0,19388.0,0.1481694528388977,False,REGULAR,USD,2026-07-17,7332.16015625,0.0363499975204467,call,1.0365294589919305,0.1041095890410958,47.4
SPX260717C07605000,2026-06-08 14:02:36+00:00,7605.0,75.67,44.7,45.9,0.0,0.0,5.0,137.0,0.1467942682266235,False,REGULAR,USD,2026-07-17,7332.16015625,0.0363499975204467,call,1.037211386267583,0.1041095890410958,45.3
SPX260717C07610000,2026-06-09 14:55:54+00:00,7610.0,54.6,42.4,43.7,-7.9000015,-12.640002,12.0,493.0,0.1452169066810608,False,REGULAR,USD,2026-07-17,7332.16015625,0.0363499975204467,call,1.0378933135432356,0.1041095890410958,43.05
SPX260717C07615000,2026-06-05 20:07:44+00:00,7615.0,83.0,42.0,43.3,28.099998,51.183964,1.0,187.0,0.1461133515739441,False,REGULAR,USD,2026-07-17,7332.16015625,0.0363499975204467,call,1.0385752408188882,0.1041095890410958,42.65
SPX260717C07620000,2026-06-09 15:25:45+00:00,7620.0,45.59,39.3,40.6,-12.630001,-21.693577,2.0,178.0,0.1437139309883117,False,REGULAR,USD,2026-07-17,7332.16015625,0.0363499975204467,call,1.0392571680945406,0.1041095890410958,39.95
SPX260717C07625000,2026-06-09 13:30:02+00:00,7625.0,57.6,39.3,40.5,0.5999985,1.0526289,12.0,1548.0,0.1449975637817382,False,REGULAR,USD,2026-07-17,7332.16015625,0.0363499975204467,call,1.0399390953701932,0.1041095890410958,39.9
SPX260717C07630000,2026-06-09 14:34:42+00:00,7630.0,59.8,38.0,39.1,-5.130001,-7.900818,1.0,490.0,0.1443757743453979,False,REGULAR,USD,2026-07-17,7332.16015625,0.0363499975204467,call,1.040621022645846,0.1041095890410958,38.55
SPX260717C07635000,2026-06-09 14:45:07+00:00,7635.0,52.8,39.1,40.4,-1.1000023,-2.0408206,1.0,133.0,0.1476907131195068,False,REGULAR,USD,2026-07-17,7332.16015625,0.0363499975204467,call,1.0413029499214983,0.1041095890410958,39.75
SPX260717C07640000,2026-06-09 14:45:11+00:00,7640.0,51.5,34.2,35.6,-0.25,-0.4830918,11.0,190.0,0.1419382071685791,False,REGULAR,USD,2026-07-17,7332.16015625,0.0363499975204467,call,1.041984877197151,0.1041095890410958,34.900000000000006
SPX260717C07645000,2026-06-08 19:59:54+00:00,7645.0,50.2,33.7,34.8,0.0,0.0,2.0,177.0,0.1420831642150878,False,REGULAR,USD,2026-07-17,7332.16015625,0.0363499975204467,call,1.0426668044728036,0.1041095890410958,34.25
SPX260717C07650000,2026-06-09 15:19:46+00:00,7650.0,42.2,33.9,35.2,-5.5,-11.530398,124.0,3851.0,0.1440629722976684,False,REGULAR,USD,2026-07-17,7332.16015625,0.0363499975204467,call,1.0433487317484562,0.1041095890410958,34.55
SPXW260717C07655000,2026-06-08 19:50:11+00:00,7655.0,49.4,33.1,33.6,0.0,0.0,11.0,22.0,0.1429300185394287,False,REGULAR,USD,2026-07-17,7332.16015625,0.0363499975204467,call,1.0440306590241089,0.1041095890410958,33.35
SPX260717C07660000,2026-06-08 17:06:27+00:00,7660.0,50.66,33.1,34.0,0.0,0.0,2.0,801.0,0.1449060119628906,False,REGULAR,USD,2026-07-17,7332.16015625,0.0363499975204467,call,1.0447125862997613,0.1041095890410958,33.55
SPXW260717C07665000,2026-06-08 19:01:44+00:00,7665.0,49.2,29.9,31.4,0.0,0.0,28.0,22.0,0.1420946081924438,False,REGULAR,USD,2026-07-17,7332.16015625,0.0363499975204467,call,1.045394513575414,0.1041095890410958,30.65
SPX260717C07670000,2026-06-08 19:10:12+00:00,7670.0,44.6,29.0,30.1,0.0,0.0,13.0,673.0,0.1412820858001709,False,REGULAR,USD,2026-07-17,7332.16015625,0.0363499975204467,call,1.0460764408510663,0.1041095890410958,29.55
SPXW260717C07675000,2026-06-09 12:32:45+00:00,7675.0,35.5,27.6,28.3,-5.7599983,-13.960248,26.0,131.0,0.1395731185150146,False,REGULAR,USD,2026-07-17,7332.16015625,0.0363499975204467,call,1.0467583681267192,0.1041095890410958,27.950000000000003
SPXW260717C07680000,2026-06-09 14:24:35+00:00,7680.0,37.2,26.8,27.9,-4.5999985,-11.004781,5.0,91.0,0.1401796493148803,False,REGULAR,USD,2026-07-17,7332.16015625,0.0363499975204467,call,1.0474402954023718,0.1041095890410958,27.35
SPXW260717C07685000,2026-06-09 15:04:40+00:00,7685.0,35.28,28.2,28.7,-9.32,-20.896862,58.0,71.0,0.1428232080841064,False,REGULAR,USD,2026-07-17,7332.16015625,0.0363499975204467,call,1.0481222226780242,0.1041095890410958,28.45
SPX260717C07690000,2026-06-09 11:20:36+00:00,7690.0,43.54,25.6,26.8,1.1599998,2.7371397,12.0,260.0,0.1408205120468139,False,REGULAR,USD,2026-07-17,7332.16015625,0.0363499975204467,call,1.0488041499536769,0.1041095890410958,26.200000000000003
SPXW260717C07695000,2026-06-09 13:49:10+00:00,7695.0,54.9,24.0,24.7,16.7,43.71728,19.0,39.0,0.1383371689605712,False,REGULAR,USD,2026-07-17,7332.16015625,0.0363499975204467,call,1.0494860772293295,0.1041095890410958,24.35
SPXW260717C07700000,2026-06-09 15:26:26+00:00,7700.0,26.14,24.2,24.6,-9.209999,-26.053745,85.0,733.0,0.1393976441955566,False,REGULAR,USD,2026-07-17,7332.16015625,0.0363499975204467,call,1.0501680045049822,0.1041095890410958,24.4
SPXW260717C07705000,2026-06-09 14:42:23+00:00,7705.0,37.75,23.4,23.9,2.1500015,6.0393305,1.0,24.0,0.1393442389678955,False,REGULAR,USD,2026-07-17,7332.16015625,0.0363499975204467,call,1.0508499317806346,0.1041095890410958,23.65
SPX260717C07710000,2026-06-09 15:23:40+00:00,7710.0,25.9,21.8,22.6,-14.9,-36.519608,8.0,1024.0,0.1381273627090454,False,REGULAR,USD,2026-07-17,7332.16015625,0.0363499975204467,call,1.0515318590562872,0.1041095890410958,22.200000000000003
SPX260717C07715000,2026-06-08 19:48:26+00:00,7715.0,45.2,20.5,21.4,13.0,40.37267,150.0,631.0,0.1370211115646362,False,REGULAR,USD,2026-07-17,7332.16015625,0.0363499975204467,call,1.0522137863319398,0.1041095890410958,20.95
SPX260717C07720000,2026-06-09 14:30:04+00:00,7720.0,33.8,20.6,21.5,2.5,7.987221,7.0,566.0,0.1384134621429443,False,REGULAR,USD,2026-07-17,7332.16015625,0.0363499975204467,call,1.0528957136075925,0.1041095890410958,21.05
SPXW260717C07725000,2026-06-09 15:26:32+00:00,7725.0,21.85,19.7,20.3,-8.199999,-27.28785,15.0,1306.0,0.1372194738388061,False,REGULAR,USD,2026-07-17,7332.16015625,0.0363499975204467,call,1.053577640883245,0.1041095890410958,20.0
SPXW260717C07730000,2026-06-09 14:19:01+00:00,7730.0,26.17,18.5,19.1,-3.4799995,-11.736929,43.0,163.0,0.1359453776931762,False,REGULAR,USD,2026-07-17,7332.16015625,0.0363499975204467,call,1.0542595681588975,0.1041095890410958,18.8
SPX260717C07735000,2026-06-08 19:12:29+00:00,7735.0,28.5,17.3,18.2,0.0,0.0,2.0,61.0,0.1352167778015137,False,REGULAR,USD,2026-07-17,7332.16015625,0.0363499975204467,call,1.0549414954345502,0.1041095890410958,17.75
SPX260717C07740000,2026-06-08 19:45:31+00:00,7740.0,36.56,16.5,17.5,10.030001,37.80626,1.0,522.0,0.1348581998443604,False,REGULAR,USD,2026-07-17,7332.16015625,0.0363499975204467,call,1.0556234227102028,0.1041095890410958,17.0
SPXW260717C07745000,2026-06-08 18:05:33+00:00,7745.0,30.75,16.6,17.4,0.0,0.0,3.0,16.0,0.1357813473510742,False,REGULAR,USD,2026-07-17,7332.16015625,0.0363499975204467,call,1.0563053499858552,0.1041095890410958,17.0
SPXW260717C07750000,2026-06-09 15:04:43+00:00,7750.0,22.3,16.1,16.8,-3.33,-12.992587,53.0,464.0,0.1355906143951416,False,REGULAR,USD,2026-07-17,7332.16015625,0.0363499975204467,call,1.056987277261508,0.1041095890410958,16.450000000000003
SPX260717C07755000,2026-06-09 14:03:59+00:00,7755.0,31.23,16.2,17.0,6.9300003,28.51852,400.0,64.0,0.1371622539520264,False,REGULAR,USD,2026-07-17,7332.16015625,0.0363499975204467,call,1.0576692045371603,0.1041095890410958,16.6
SPX260717C07760000,2026-06-08 19:38:38+00:00,7760.0,23.56,14.1,15.0,0.0,0.0,329.0,410.0,0.1336832848358154,False,REGULAR,USD,2026-07-17,7332.16015625,0.0363499975204467,call,1.0583511318128132,0.1041095890410958,14.55
SPXW260717C07765000,2026-06-08 18:22:47+00:00,7765.0,26.68,14.0,15.0,0.0,0.0,20.0,40.0,0.134785721321106,False,REGULAR,USD,2026-07-17,7332.16015625,0.0363499975204467,call,1.0590330590884658,0.1041095890410958,14.5
SPXW260717C07770000,2026-06-09 13:40:08+00:00,7770.0,32.27,14.1,15.0,9.07,39.094826,12.0,170.0,0.1358843431472778,False,REGULAR,USD,2026-07-17,7332.16015625,0.0363499975204467,call,1.0597149863641182,0.1041095890410958,14.55
SPX260717C07775000,2026-06-09 14:02:21+00:00,7775.0,25.3,14.0,14.6,4.8999996,24.019608,28.0,3141.0,0.1360102268981933,False,REGULAR,USD,2026-07-17,7332.16015625,0.0363499975204467,call,1.0603969136397708,0.1041095890410958,14.3
SPX260717C07780000,2026-06-09 15:24:30+00:00,7780.0,15.1,12.7,13.5,-5.25,-25.798525,16.0,370.0,0.1343622941589355,False,REGULAR,USD,2026-07-17,7332.16015625,0.0363499975204467,call,1.0610788409154237,0.1041095890410958,13.1
SPXW260717C07785000,2026-06-08 19:56:58+00:00,7785.0,19.25,12.8,13.3,0.0,0.0,7.0,14.0,0.1349230490493774,False,REGULAR,USD,2026-07-17,7332.16015625,0.0363499975204467,call,1.061760768191076,0.1041095890410958,13.05
SPXW260717C07790000,2026-06-09 13:55:11+00:00,7790.0,26.34,12.3,12.9,7.200001,37.617558,5.0,172.0,0.134949751663208,False,REGULAR,USD,2026-07-17,7332.16015625,0.0363499975204467,call,1.0624426954667283,0.1041095890410958,12.6
SPX260717C07795000,2026-06-08 19:45:03+00:00,7795.0,17.7,10.7,11.6,0.0,0.0,14.0,4448.0,0.1325083698272705,False,REGULAR,USD,2026-07-17,7332.16015625,0.0363499975204467,call,1.0631246227423812,0.1041095890410958,11.15
SPX260717C07800000,2026-06-09 15:27:07+00:00,7800.0,11.71,10.2,11.1,-4.79,-29.030304,1027.0,13970.0,0.1321497918701172,False,REGULAR,USD,2026-07-17,7332.16015625,0.0363499975204467,call,1.0638065500180338,0.1041095890410958,10.65
SPX260717C07805000,2026-06-08 19:12:37+00:00,7805.0,17.82,10.5,11.2,0.7199993,4.210522,1.0,194.0,0.1334620346069335,False,REGULAR,USD,2026-07-17,7332.16015625,0.0363499975204467,call,1.0644884772936865,0.1041095890410958,10.85
SPX260717C07810000,2026-06-08 19:13:01+00:00,7810.0,19.9,9.4,10.2,3.6999989,22.839497,16.0,527.0,0.131569963684082,False,REGULAR,USD,2026-07-17,7332.16015625,0.0363499975204467,call,1.0651704045693389,0.1041095890410958,9.8
SPXW260717C07815000,2026-06-05 19:15:06+00:00,7815.0,17.7,9.9,10.3,0.6500015,3.812326,2.0,36.0,0.1328822064208984,False,REGULAR,USD,2026-07-17,7332.16015625,0.0363499975204467,call,1.0658523318449915,0.1041095890410958,10.1
SPXW260717C07820000,2026-06-08 18:22:05+00:00,7820.0,17.85,9.2,9.7,0.0,0.0,22.0,105.0,0.1320658693695068,False,REGULAR,USD,2026-07-17,7332.16015625,0.0363499975204467,call,1.066534259120644,0.1041095890410958,9.45
SPX260717C07825000,2026-06-09 15:18:55+00:00,7825.0,11.85,9.2,9.9,-1.7999992,-13.186808,96.0,6414.0,0.1336909141540527,False,REGULAR,USD,2026-07-17,7332.16015625,0.0363499975204467,call,1.0672161863962968,0.1041095890410958,9.55
SPX260717C07830000,2026-06-08 19:13:01+00:00,7830.0,15.4,8.2,8.9,1.5,10.791368,1.0,472.0,0.1315127437973022,False,REGULAR,USD,2026-07-17,7332.16015625,0.0363499975204467,call,1.0678981136719492,0.1041095890410958,8.55
SPXW260717C07835000,2026-06-09 15:22:08+00:00,7835.0,10.93,8.3,8.8,-2.12,-16.245209,1.0,26.0,0.1321650505065918,False,REGULAR,USD,2026-07-17,7332.16015625,0.0363499975204467,call,1.0685800409476018,0.1041095890410958,8.55
SPXW260717C07840000,2026-06-09 15:17:26+00:00,7840.0,10.96,8.4,8.8,-5.9900007,-35.339233,1.0,120.0,0.1331492325592041,False,REGULAR,USD,2026-07-17,7332.16015625,0.0363499975204467,call,1.0692619682232545,0.1041095890410958,8.600000000000001
SPX260717C07845000,2026-06-09 14:09:06+00:00,7845.0,15.6,6.8,7.6,2.3200006,17.469885,7.0,73.0,0.1299754361724853,False,REGULAR,USD,2026-07-17,7332.16015625,0.0363499975204467,call,1.0699438954989071,0.1041095890410958,7.199999999999999
SPX260717C07850000,2026-06-09 15:07:21+00:00,7850.0,9.9,7.2,7.9,-1.1200008,-10.163346,404.0,13011.0,0.1320048348236084,False,REGULAR,USD,2026-07-17,7332.16015625,0.0363499975204467,call,1.0706258227745595,0.1041095890410958,7.550000000000001
SPXW260717C07855000,2026-06-05 15:11:54+00:00,7855.0,21.98,7.0,7.5,0.0,0.0,1.0,42.0,0.1315165584564208,False,REGULAR,USD,2026-07-17,7332.16015625,0.0363499975204467,call,1.0713077500502122,0.1041095890410958,7.25
SPXW260717C07860000,2026-06-08 19:28:46+00:00,7860.0,10.97,6.6,7.1,0.0,0.0,6.0,115.0,0.1309748768615722,False,REGULAR,USD,2026-07-17,7332.16015625,0.0363499975204467,call,1.0719896773258648,0.1041095890410958,6.85
SPX260717C07865000,2026-06-08 16:17:35+00:00,7865.0,13.99,6.2,6.8,0.0,0.0,2.0,8.0,0.1307612559509277,False,REGULAR,USD,2026-07-17,7332.16015625,0.0363499975204467,call,1.0726716046015174,0.1041095890410958,6.5
SPX260717C07870000,2026-06-09 15:27:52+00:00,7870.0,6.5,5.8,6.6,-3.7399998,-36.523434,2.0,171.0,0.1309062129974365,False,REGULAR,USD,2026-07-17,7332.16015625,0.0363499975204467,call,1.07335353187717,0.1041095890410958,6.199999999999999
SPXW260717C07875000,2026-06-08 19:50:11+00:00,7875.0,9.9,5.4,6.3,0.0,0.0,30.0,85.0,0.1306162989044189,False,REGULAR,USD,2026-07-17,7332.16015625,0.0363499975204467,call,1.0740354591528225,0.1041095890410958,5.85
SPXW260717C07880000,2026-06-09 14:16:55+00:00,7880.0,10.27,5.9,6.3,0.77000046,8.105268,13.0,100.0,0.1315394464111328,False,REGULAR,USD,2026-07-17,7332.16015625,0.0363499975204467,call,1.0747173864284751,0.1041095890410958,6.1
SPX260717C07890000,2026-06-09 15:26:00+00:00,7890.0,5.9,5.0,5.6,-4.7000003,-44.339622,205.0,1297.0,0.1303645314025878,False,REGULAR,USD,2026-07-17,7332.16015625,0.0363499975204467,call,1.0760812409797804,0.1041095890410958,5.3
SPX260717C07900000,2026-06-09 14:52:46+00:00,7900.0,6.19,4.4,5.0,-1.0999999,-15.089162,233.0,11993.0,0.1293803493499755,False,REGULAR,USD,2026-07-17,7332.16015625,0.0363499975204467,call,1.0774450955310857,0.1041095890410958,4.7
SPXW260717C07910000,2026-06-09 13:47:29+00:00,7910.0,11.5,4.5,4.9,4.1,55.405403,1.0,119.0,0.1306620748138427,False,REGULAR,USD,2026-07-17,7332.16015625,0.0363499975204467,call,1.0788089500823907,0.1041095890410958,4.7
SPX260717C07920000,2026-06-08 17:01:12+00:00,7920.0,7.75,3.8,4.4,0.0,0.0,112.0,330.0,0.1298686257171631,False,REGULAR,USD,2026-07-17,7332.16015625,0.0363499975204467,call,1.0801728046336958,0.1041095890410958,4.1
SPX260717C07925000,2026-06-08 17:17:07+00:00,7925.0,6.8,3.5,4.1,-0.39999962,-5.5555506,2.0,629.0,0.1291133232116699,False,REGULAR,USD,2026-07-17,7332.16015625,0.0363499975204467,call,1.0808547319093484,0.1041095890410958,3.8
SPXW260717C07930000,2026-06-08 18:02:05+00:00,7930.0,7.5,3.4,3.9,0.0,0.0,19.0,48.0,0.1288386677551269,False,REGULAR,USD,2026-07-17,7332.16015625,0.0363499975204467,call,1.081536659185001,0.1041095890410958,3.65
SPX260717C07940000,2026-06-05 19:17:54+00:00,7940.0,5.7,3.3,3.8,0.0,0.0,153.0,245.0,0.1299525482177734,False,REGULAR,USD,2026-07-17,7332.16015625,0.0363499975204467,call,1.082900513736306,0.1041095890410958,3.55
SPX260717C07950000,2026-06-09 15:28:53+00:00,7950.0,3.07,2.75,3.3,-1.6800001,-35.36842,72.0,3017.0,0.1285640122985839,False,REGULAR,USD,2026-07-17,7332.16015625,0.0363499975204467,call,1.0842643682876114,0.1041095890410958,3.025
SPX260717C07960000,2026-06-09 14:10:05+00:00,7960.0,6.06,2.7,3.2,0.71000004,13.2710285,8.0,565.0,0.1295558236694335,False,REGULAR,USD,2026-07-17,7332.16015625,0.0363499975204467,call,1.0856282228389165,0.1041095890410958,2.95
SPX260717C07970000,2026-06-09 14:09:44+00:00,7970.0,5.69,2.45,2.85,0.63999987,12.673264,7.0,333.0,0.1287776332092285,False,REGULAR,USD,2026-07-17,7332.16015625,0.0363499975204467,call,1.0869920773902215,0.1041095890410958,2.6500000000000004
SPXW260717C07975000,2026-06-08 19:45:10+00:00,7975.0,4.2,2.65,2.9,0.0,0.0,36.0,386.0,0.1299372895812988,False,REGULAR,USD,2026-07-17,7332.16015625,0.0363499975204467,call,1.0876740046658744,0.1041095890410958,2.775
SPX260717C07980000,2026-06-09 15:28:53+00:00,7980.0,2.37,2.05,2.55,-2.46,-50.93168,36.0,231.0,0.1281367704772948,False,REGULAR,USD,2026-07-17,7332.16015625,0.0363499975204467,call,1.0883559319415268,0.1041095890410958,2.3
SPXW260717C07990000,2026-06-08 17:35:30+00:00,7990.0,4.6,2.15,2.45,0.0,0.0,7.0,172.0,0.1289149609375,False,REGULAR,USD,2026-07-17,7332.16015625,0.0363499975204467,call,1.089719786492832,0.1041095890410958,2.3
SPXW260717C08000000,2026-06-09 15:18:00+00:00,8000.0,2.65,2.1,2.3,-0.75,-22.058823,82.0,1737.0,0.1292506509399414,False,REGULAR,USD,2026-07-17,7332.16015625,0.0363499975204467,call,1.0910836410441371,0.1041095890410958,2.2
SPX260717C08010000,2026-06-09 13:48:17+00:00,8010.0,4.82,1.7,2.1,1.8200002,60.66667,50.0,247.0,0.1290522886657714,False,REGULAR,USD,2026-07-17,7332.16015625,0.0363499975204467,call,1.0924474955954424,0.1041095890410958,1.9
SPXW260717C08020000,2026-06-09 13:41:20+00:00,8020.0,4.3,1.75,2.0,1.4500003,50.877205,2.0,137.0,0.1296626341247558,False,REGULAR,USD,2026-07-17,7332.16015625,0.0363499975204467,call,1.0938113501467477,0.1041095890410958,1.875
SPX260717C08025000,2026-06-09 15:22:29+00:00,8025.0,2.05,1.5,1.9,-1.1000001,-34.92064,140.0,11074.0,0.1294642718505859,False,REGULAR,USD,2026-07-17,7332.16015625,0.0363499975204467,call,1.0944932774224,0.1041095890410958,1.7
SPX260717C08030000,2026-06-05 18:25:44+00:00,8030.0,3.3,1.35,1.8,0.0,0.0,11.0,1130.0,0.1292201336669922,False,REGULAR,USD,2026-07-17,7332.16015625,0.0363499975204467,call,1.0951752046980527,0.1041095890410958,1.5750000000000002
SPXW260717C08040000,2026-06-08 18:38:32+00:00,8040.0,3.1,1.5,1.75,0.0,0.0,2.0,177.0,0.1302119450378417,False,REGULAR,USD,2026-07-17,7332.16015625,0.0363499975204467,call,1.0965390592493578,0.1041095890410958,1.625
SPX260717C08050000,2026-06-09 14:53:30+00:00,8050.0,1.72,1.35,1.7,-0.44000006,-20.370373,22.0,7632.0,0.1311732391357422,False,REGULAR,USD,2026-07-17,7332.16015625,0.0363499975204467,call,1.097902913800663,0.1041095890410958,1.525
SPXW260717C08060000,2026-06-05 19:14:04+00:00,8060.0,1.7,1.25,1.45,-0.5999999,-26.086954,2.0,117.0,0.1297999618530273,False,REGULAR,USD,2026-07-17,7332.16015625,0.0363499975204467,call,1.0992667683519683,0.1041095890410958,1.35
SPXW260717C08075000,2026-06-09 14:08:19+00:00,8075.0,2.5,1.1,1.4,-0.21000004,-7.7490788,2.0,130.0,0.1313563427734375,False,REGULAR,USD,2026-07-17,7332.16015625,0.0363499975204467,call,1.101312550178926,0.1041095890410958,1.25
SPXW260717C08080000,2026-06-09 15:24:56+00:00,8080.0,1.37,1.1,1.3,-1.58,-53.559322,1.0,116.0,0.1308070318603515,False,REGULAR,USD,2026-07-17,7332.16015625,0.0363499975204467,call,1.101994477454579,0.1041095890410958,1.2000000000000002
SPXW260717C08150000,2026-06-08 17:49:44+00:00,8150.0,1.32,0.65,0.85,0.0,0.0,3.0,432.0,0.133523069152832,False,REGULAR,USD,2026-07-17,7332.16015625,0.0363499975204467,call,1.1115414593137147,0.1041095890410958,0.75
SPXW260724C07300000,2026-06-05 16:21:47+00:00,7300.0,301.38,204.0,205.1,0.0,0.0,1.0,15.0,0.1821790462112427,True,REGULAR,USD,2026-07-24,7332.16015625,0.0363499975204467,call,0.9956138224527752,0.1232876712328767,204.55
SPXW260724C07320000,2026-05-29 18:43:47+00:00,7320.0,372.8,195.4,197.0,0.0,0.0,1.0,1.0,0.1841188003730774,True,REGULAR,USD,2026-07-24,7332.16015625,0.0363499975204467,call,0.9983415315553856,0.1232876712328767,196.2
SPXW260724C07325000,2026-06-05 20:02:41+00:00,7325.0,223.12,186.9,190.5,0.0,0.0,1.0,1.0,0.1802373847198486,True,REGULAR,USD,2026-07-24,7332.16015625,0.0363499975204467,call,0.9990234588310382,0.1232876712328767,188.7
SPXW260724C07340000,2026-06-01 14:35:53+00:00,7340.0,350.76,178.7,181.0,0.0,0.0,1.0,2.0,0.1781183415794372,False,REGULAR,USD,2026-07-24,7332.16015625,0.0363499975204467,call,1.001069240657996,0.1232876712328767,179.85
SPXW260724C07350000,2026-06-05 16:51:19+00:00,7350.0,257.1,173.6,179.0,0.0,0.0,2.0,2.0,0.1807790663146972,False,REGULAR,USD,2026-07-24,7332.16015625,0.0363499975204467,call,1.002433095209301,0.1232876712328767,176.3
SPXW260724C07375000,2026-06-09 14:56:45+00:00,7375.0,183.14,162.1,163.1,-31.680008,-14.747233,2.0,15.0,0.1765657753181458,False,REGULAR,USD,2026-07-24,7332.16015625,0.0363499975204467,call,1.005842731587564,0.1232876712328767,162.6
SPXW260724C07380000,2026-06-09 15:05:17+00:00,7380.0,183.23,155.2,156.4,-22.970001,-11.13967,8.0,8.0,0.1722609325027466,False,REGULAR,USD,2026-07-24,7332.16015625,0.0363499975204467,call,1.0065246588632166,0.1232876712328767,155.8
SPXW260724C07390000,2026-06-09 15:03:47+00:00,7390.0,182.98,150.2,152.1,-12.690002,-6.48541,1.0,2.0,0.1723658356285095,False,REGULAR,USD,2026-07-24,7332.16015625,0.0363499975204467,call,1.0078885134145217,0.1232876712328767,151.14999999999998
SPXW260724C07400000,2026-06-09 14:50:01+00:00,7400.0,166.25,146.6,148.2,-20.279999,-10.872245,4.0,21.0,0.1727759114837646,False,REGULAR,USD,2026-07-24,7332.16015625,0.0363499975204467,call,1.009252367965827,0.1232876712328767,147.39999999999998
SPXW260724C07410000,2026-06-09 15:03:47+00:00,7410.0,170.53,139.1,145.6,-19.839996,-10.421808,1.0,7.0,0.174368531665802,False,REGULAR,USD,2026-07-24,7332.16015625,0.0363499975204467,call,1.010616222517132,0.1232876712328767,142.35
SPXW260724C07420000,2026-06-09 13:57:40+00:00,7420.0,201.27,136.6,137.6,27.090012,15.552884,1.0,5.0,0.1706168144226074,False,REGULAR,USD,2026-07-24,7332.16015625,0.0363499975204467,call,1.0119800770684373,0.1232876712328767,137.1
SPXW260724C07425000,2026-06-09 14:06:40+00:00,7425.0,195.43,134.7,136.2,22.369995,12.92615,10.0,14.0,0.1712424185180664,False,REGULAR,USD,2026-07-24,7332.16015625,0.0363499975204467,call,1.01266200434409,0.1232876712328767,135.45
SPXW260724C07430000,2026-06-09 15:05:54+00:00,7430.0,152.2,127.8,129.0,-30.40001,-16.648417,4.0,4.0,0.1661593852424621,False,REGULAR,USD,2026-07-24,7332.16015625,0.0363499975204467,call,1.0133439316197423,0.1232876712328767,128.4
SPXW260724C07440000,2026-06-09 15:05:54+00:00,7440.0,146.5,122.8,124.5,-35.28,-19.408075,4.0,11.0,0.1656157963180542,False,REGULAR,USD,2026-07-24,7332.16015625,0.0363499975204467,call,1.0147077861710476,0.1232876712328767,123.65
SPXW260724C07450000,2026-06-09 14:58:47+00:00,7450.0,145.7,124.2,128.9,-9.529999,-6.1392765,107.0,81.0,0.1737944254684448,False,REGULAR,USD,2026-07-24,7332.16015625,0.0363499975204467,call,1.016071640722353,0.1232876712328767,126.55
SPXW260724C07460000,2026-06-08 14:49:14+00:00,7460.0,174.61,114.3,116.3,0.0,0.0,2.0,7.0,0.1650512267684936,False,REGULAR,USD,2026-07-24,7332.16015625,0.0363499975204467,call,1.017435495273658,0.1232876712328767,115.3
SPXW260724C07470000,2026-06-08 18:54:24+00:00,7470.0,154.52,108.3,109.4,0.0,0.0,6.0,2.0,0.1618163958358764,False,REGULAR,USD,2026-07-24,7332.16015625,0.0363499975204467,call,1.0187993498249632,0.1232876712328767,108.85
SPXW260724C07475000,2026-06-09 14:14:14+00:00,7475.0,150.21,109.1,110.2,-21.199997,-12.368005,30.0,5.0,0.1644389739799499,False,REGULAR,USD,2026-07-24,7332.16015625,0.0363499975204467,call,1.0194812771006156,0.1232876712328767,109.65
SPXW260724C07480000,2026-06-09 14:14:14+00:00,7480.0,147.47,103.9,105.2,-6.7099915,-4.352051,20.0,47.0,0.1611831624221801,False,REGULAR,USD,2026-07-24,7332.16015625,0.0363499975204467,call,1.0201632043762685,0.1232876712328767,104.55
SPXW260724C07490000,2026-06-08 15:16:51+00:00,7490.0,162.28,102.4,103.4,0.0,0.0,7.0,42.0,0.1629016663551331,False,REGULAR,USD,2026-07-24,7332.16015625,0.0363499975204467,call,1.0215270589275736,0.1232876712328767,102.9
SPXW260724C07500000,2026-06-09 14:50:01+00:00,7500.0,112.63,97.1,98.3,-22.730003,-16.79226,2.0,37.0,0.1611640891265869,False,REGULAR,USD,2026-07-24,7332.16015625,0.0363499975204467,call,1.0228909134788786,0.1232876712328767,97.7
SPXW260724C07510000,2026-06-05 14:00:03+00:00,7510.0,173.88,92.2,93.4,0.0,0.0,3.0,4.0,0.1595123417282104,False,REGULAR,USD,2026-07-24,7332.16015625,0.0363499975204467,call,1.024254768030184,0.1232876712328767,92.8
SPXW260724C07520000,2026-06-08 17:30:35+00:00,7520.0,130.64,87.8,89.1,0.0,0.0,8.0,13.0,0.1583679439926147,False,REGULAR,USD,2026-07-24,7332.16015625,0.0363499975204467,call,1.025618622581489,0.1232876712328767,88.44999999999999
SPXW260724C07525000,2026-06-09 11:56:14+00:00,7525.0,124.82,87.4,88.6,2.7699966,2.269559,1.0,18.0,0.1594989904212951,False,REGULAR,USD,2026-07-24,7332.16015625,0.0363499975204467,call,1.0263005498571416,0.1232876712328767,88.0
SPXW260724C07530000,2026-06-09 11:56:14+00:00,7530.0,122.22,81.8,86.1,0.27000427,0.22140573,1.0,14.0,0.1584938277435303,False,REGULAR,USD,2026-07-24,7332.16015625,0.0363499975204467,call,1.0269824771327942,0.1232876712328767,83.94999999999999
SPXW260724C07550000,2026-06-09 14:57:36+00:00,7550.0,91.61,72.2,79.0,-21.82,-19.236534,3.0,39.0,0.1572883954620361,False,REGULAR,USD,2026-07-24,7332.16015625,0.0363499975204467,call,1.0297101862354046,0.1232876712328767,75.6
SPXW260724C07560000,2026-06-09 14:55:56+00:00,7560.0,87.81,71.9,73.5,-22.230003,-20.201746,1.0,19.0,0.1543701812362671,False,REGULAR,USD,2026-07-24,7332.16015625,0.0363499975204467,call,1.0310740407867096,0.1232876712328767,72.7
SPXW260724C07570000,2026-06-08 16:34:07+00:00,7570.0,105.83,67.2,69.6,0.0,0.0,1.0,7.0,0.1530731971359253,False,REGULAR,USD,2026-07-24,7332.16015625,0.0363499975204467,call,1.0324378953380149,0.1232876712328767,68.4
SPXW260724C07575000,2026-06-08 18:52:45+00:00,7575.0,99.58,65.1,66.0,0.0,0.0,3.0,14.0,0.1504963949012757,False,REGULAR,USD,2026-07-24,7332.16015625,0.0363499975204467,call,1.0331198226136675,0.1232876712328767,65.55
SPXW260724C07580000,2026-06-05 19:34:12+00:00,7580.0,92.05,65.8,66.8,0.0,0.0,2.0,3.0,0.1529034448051453,False,REGULAR,USD,2026-07-24,7332.16015625,0.0363499975204467,call,1.03380174988932,0.1232876712328767,66.3
SPXW260724C07590000,2026-05-29 14:03:57+00:00,7590.0,189.36,60.2,61.1,0.0,0.0,11.0,11.0,0.1492547233581543,False,REGULAR,USD,2026-07-24,7332.16015625,0.0363499975204467,call,1.0351656044406252,0.1232876712328767,60.650000000000006
SPXW260724C07600000,2026-06-09 15:07:08+00:00,7600.0,73.17,57.0,58.2,-7.9900055,-9.844757,22.0,563.0,0.1487130417633056,False,REGULAR,USD,2026-07-24,7332.16015625,0.0363499975204467,call,1.0365294589919305,0.1232876712328767,57.6
SPXW260724C07620000,2026-06-09 14:50:39+00:00,7620.0,62.86,52.6,53.4,-29.239998,-31.748098,3.0,25.0,0.148522308807373,False,REGULAR,USD,2026-07-24,7332.16015625,0.0363499975204467,call,1.0392571680945406,0.1232876712328767,53.0
SPXW260724C07625000,2026-06-09 15:07:08+00:00,7625.0,64.27,51.4,52.2,-17.780006,-21.66972,21.0,42.0,0.1484135910224915,False,REGULAR,USD,2026-07-24,7332.16015625,0.0363499975204467,call,1.0399390953701932,0.1232876712328767,51.8
SPXW260724C07630000,2026-06-09 13:37:51+00:00,7630.0,63.47,48.0,49.0,-13.279999,-17.30293,3.0,2.0,0.1457509589576721,False,REGULAR,USD,2026-07-24,7332.16015625,0.0363499975204467,call,1.040621022645846,0.1232876712328767,48.5
SPXW260724C07650000,2026-06-09 14:50:39+00:00,7650.0,53.38,42.7,44.0,-9.219997,-14.728431,9.0,86.0,0.1445779512786865,False,REGULAR,USD,2026-07-24,7332.16015625,0.0363499975204467,call,1.0433487317484562,0.1232876712328767,43.35
SPXW260724C07660000,2026-06-09 14:56:45+00:00,7660.0,52.39,40.2,41.1,-6.84,-11.548202,15.0,50.0,0.1432618938827514,False,REGULAR,USD,2026-07-24,7332.16015625,0.0363499975204467,call,1.0447125862997613,0.1232876712328767,40.650000000000006
SPXW260724C07670000,2026-06-09 14:54:26+00:00,7670.0,48.95,38.1,39.9,-9.649998,-16.467573,5.0,1.0,0.1441583387756347,False,REGULAR,USD,2026-07-24,7332.16015625,0.0363499975204467,call,1.0460764408510663,0.1232876712328767,39.0
SPXW260724C07675000,2026-06-08 16:21:53+00:00,7675.0,49.47,36.8,38.3,-18.229996,-26.927616,1.0,22.0,0.1431779713821411,False,REGULAR,USD,2026-07-24,7332.16015625,0.0363499975204467,call,1.0467583681267192,0.1232876712328767,37.55
SPXW260724C07680000,2026-06-09 09:01:00+00:00,7680.0,46.74,37.0,37.8,-6.0699997,-11.494035,4.0,7.0,0.1437158383178711,False,REGULAR,USD,2026-07-24,7332.16015625,0.0363499975204467,call,1.0474402954023718,0.1232876712328767,37.4
SPXW260724C07700000,2026-06-09 15:28:55+00:00,7700.0,33.09,31.8,33.0,-13.75,-29.355251,13.0,41.0,0.1415719998931885,False,REGULAR,USD,2026-07-24,7332.16015625,0.0363499975204467,call,1.0501680045049822,0.1232876712328767,32.4
SPXW260724C07725000,2026-06-09 14:54:26+00:00,7725.0,35.35,27.9,28.6,-4.6800003,-11.691233,4.0,42.0,0.1405611152267455,False,REGULAR,USD,2026-07-24,7332.16015625,0.0363499975204467,call,1.053577640883245,0.1232876712328767,28.25
SPXW260724C07750000,2026-06-09 15:28:42+00:00,7750.0,24.73,22.8,23.5,-9.380001,-27.49927,23.0,68.0,0.137517017250061,False,REGULAR,USD,2026-07-24,7332.16015625,0.0363499975204467,call,1.056987277261508,0.1232876712328767,23.15
SPXW260724C07775000,2026-06-09 15:27:00+00:00,7775.0,21.49,20.0,20.7,-7.75,-26.504787,12.0,70.0,0.1377268235015869,False,REGULAR,USD,2026-07-24,7332.16015625,0.0363499975204467,call,1.0603969136397708,0.1232876712328767,20.35
SPXW260724C07800000,2026-06-09 15:00:44+00:00,7800.0,19.38,17.1,17.8,-6.210001,-24.267296,16.0,955.0,0.1371202927017212,False,REGULAR,USD,2026-07-24,7332.16015625,0.0363499975204467,call,1.0638065500180338,0.1232876712328767,17.450000000000003
SPXW260724C07825000,2026-06-09 14:46:36+00:00,7825.0,19.7,13.6,14.6,-2.3599987,-10.698091,12.0,26.0,0.1350413034820557,False,REGULAR,USD,2026-07-24,7332.16015625,0.0363499975204467,call,1.0672161863962968,0.1232876712328767,14.1
SPXW260724C07850000,2026-06-08 19:48:12+00:00,7850.0,19.59,11.6,12.2,1.2000008,6.52529,2.0,118.0,0.1339121643829345,False,REGULAR,USD,2026-07-24,7332.16015625,0.0363499975204467,call,1.0706258227745595,0.1232876712328767,11.9
SPXW260724C07875000,2026-06-09 15:00:25+00:00,7875.0,13.36,9.3,10.3,-2.1500006,-13.862028,7.0,33.0,0.1333094482421875,False,REGULAR,USD,2026-07-24,7332.16015625,0.0363499975204467,call,1.0740354591528225,0.1232876712328767,9.8
SPXW260724C07900000,2026-06-09 14:18:24+00:00,7900.0,9.55,8.3,8.8,-3.3999996,-26.254824,15.0,80.0,0.1331950084686279,False,REGULAR,USD,2026-07-24,7332.16015625,0.0363499975204467,call,1.0774450955310857,0.1232876712328767,8.55
SPXW260724C07950000,2026-06-09 14:32:09+00:00,7950.0,9.57,5.5,6.0,0.4699993,5.1648273,6.0,89.0,0.1315012998199462,False,REGULAR,USD,2026-07-24,7332.16015625,0.0363499975204467,call,1.0842643682876114,0.1232876712328767,5.75
SPXW260724C08000000,2026-06-09 14:52:38+00:00,8000.0,5.3,3.9,4.3,-0.5,-8.620689,18.0,247.0,0.1315470757293701,False,REGULAR,USD,2026-07-24,7332.16015625,0.0363499975204467,call,1.0910836410441371,0.1232876712328767,4.1
SPXW260724C08050000,2026-06-09 15:13:16+00:00,8050.0,3.71,2.5,3.2,-0.32000017,-7.94045,18.0,135.0,0.1326228096008301,False,REGULAR,USD,2026-07-24,7332.16015625,0.0363499975204467,call,1.097902913800663,0.1232876712328767,2.85
SPXW260724C08100000,2026-06-09 15:13:16+00:00,8100.0,2.55,1.7,2.1,-0.25,-8.928572,6.0,145.0,0.1313563427734375,False,REGULAR,USD,2026-07-24,7332.16015625,0.0363499975204467,call,1.104722186557189,0.1232876712328767,1.9
SPXW260724C08150000,2026-06-09 14:18:24+00:00,8150.0,2.15,1.4,1.65,0.06000018,2.8708222,3.0,42.0,0.1336756555175781,False,REGULAR,USD,2026-07-24,7332.16015625,0.0363499975204467,call,1.1115414593137147,0.1232876712328767,1.525
SPXW260724C08200000,2026-06-09 13:49:16+00:00,8200.0,2.31,0.95,1.2,0.14999986,6.9444375,30.0,64.0,0.1346216909790039,False,REGULAR,USD,2026-07-24,7332.16015625,0.0363499975204467,call,1.118360732070241,0.1232876712328767,1.075
SPXW260724C08300000,2026-06-09 14:20:41+00:00,8300.0,0.97,0.6,0.8,-0.029999971,-2.9999971,1.0,89.0,0.1402368692016601,False,REGULAR,USD,2026-07-24,7332.16015625,0.0363499975204467,call,1.1319992775832923,0.1232876712328767,0.7
SPXW260731C07260000,2026-06-03 17:48:49+00:00,7260.0,427.5,248.4,250.7,0.0,0.0,7.0,46.0,0.1921200478744507,True,REGULAR,USD,2026-07-31,7332.16015625,0.0363499975204467,call,0.9901584042475544,0.1424657534246575,249.55
SPXW260731C07265000,2026-05-12 19:36:54+00:00,7265.0,338.8,242.4,247.6,0.0,0.0,10.0,4.0,0.1917423966217041,True,REGULAR,USD,2026-07-31,7332.16015625,0.0363499975204467,call,0.990840331523207,0.1424657534246575,245.0
SPXW260731C07270000,2026-06-08 13:32:59+00:00,7270.0,327.31,242.6,244.2,0.0,0.0,3.0,10.0,0.1910767386054992,True,REGULAR,USD,2026-07-31,7332.16015625,0.0363499975204467,call,0.9915222587988596,0.1424657534246575,243.4
SPXW260731C07275000,2026-06-08 19:43:15+00:00,7275.0,289.7,242.2,243.4,0.0,0.0,2.0,836.0,0.1927532812881469,True,REGULAR,USD,2026-07-31,7332.16015625,0.0363499975204467,call,0.9922041860745124,0.1424657534246575,242.8
SPXW260731C07280000,2026-05-18 14:07:53+00:00,7280.0,332.53,235.2,236.7,0.0,0.0,2.0,24.0,0.1890664132499695,True,REGULAR,USD,2026-07-31,7332.16015625,0.0363499975204467,call,0.9928861133501647,0.1424657534246575,235.95
SPXW260731C07290000,2026-06-08 19:42:03+00:00,7290.0,279.79,228.7,231.2,0.0,0.0,2.0,30.0,0.1888032017707825,True,REGULAR,USD,2026-07-31,7332.16015625,0.0363499975204467,call,0.99424996790147,0.1424657534246575,229.95
SPXW260731C07300000,2026-06-08 15:24:48+00:00,7300.0,242.45,222.0,224.4,-67.97002,-21.896145,1.0,390.0,0.1873002260780334,True,REGULAR,USD,2026-07-31,7332.16015625,0.0363499975204467,call,0.9956138224527752,0.1424657534246575,223.2
SPXW260731C07310000,2026-06-05 19:01:12+00:00,7310.0,269.83,218.6,219.8,0.0,0.0,2.0,50.0,0.1877141165924072,True,REGULAR,USD,2026-07-31,7332.16015625,0.0363499975204467,call,0.9969776770040804,0.1424657534246575,219.2
SPXW260731C07315000,2026-05-29 16:06:34+00:00,7315.0,397.0,211.7,213.0,0.0,0.0,7.0,52.0,0.183847959575653,True,REGULAR,USD,2026-07-31,7332.16015625,0.0363499975204467,call,0.997659604279733,0.1424657534246575,212.35
SPXW260731C07320000,2026-06-01 15:30:31+00:00,7320.0,389.3,209.4,217.7,0.0,0.0,1.0,103.0,0.1903042701339721,True,REGULAR,USD,2026-07-31,7332.16015625,0.0363499975204467,call,0.9983415315553856,0.1424657534246575,213.55
SPXW260731C07325000,2026-06-03 15:34:07+00:00,7325.0,377.27,209.8,211.0,0.0,0.0,1.0,284.0,0.1864972403335571,True,REGULAR,USD,2026-07-31,7332.16015625,0.0363499975204467,call,0.9990234588310382,0.1424657534246575,210.4
SPXW260731C07330000,2026-05-29 16:16:06+00:00,7330.0,387.63,206.1,207.8,0.0,0.0,1.0,20.0,0.1858182310104369,True,REGULAR,USD,2026-07-31,7332.16015625,0.0363499975204467,call,0.9997053861066908,0.1424657534246575,206.95
SPXW260731C07335000,2026-06-05 17:44:14+00:00,7335.0,284.6,204.0,204.8,0.0,0.0,7.0,84.0,0.1853032520294189,False,REGULAR,USD,2026-07-31,7332.16015625,0.0363499975204467,call,1.000387313382343,0.1424657534246575,204.4
SPXW260731C07340000,2026-05-29 14:18:40+00:00,7340.0,378.28,200.9,202.9,0.0,0.0,6.0,103.0,0.1857581501293182,False,REGULAR,USD,2026-07-31,7332.16015625,0.0363499975204467,call,1.001069240657996,0.1424657534246575,201.9
SPXW260731C07345000,2026-06-01 15:30:31+00:00,7345.0,368.18,192.9,193.9,0.0,0.0,1.0,20.0,0.1798254015350341,False,REGULAR,USD,2026-07-31,7332.16015625,0.0363499975204467,call,1.0017511679336484,0.1424657534246575,193.4
SPXW260731C07350000,2026-06-05 19:29:50+00:00,7350.0,211.11,194.9,195.9,-30.720001,-12.703138,1.0,687.0,0.1837449637794494,False,REGULAR,USD,2026-07-31,7332.16015625,0.0363499975204467,call,1.002433095209301,0.1424657534246575,195.4
SPXW260731C07355000,2026-06-05 19:51:54+00:00,7355.0,242.1,190.6,191.6,0.0,0.0,5.0,13.0,0.181994035243988,False,REGULAR,USD,2026-07-31,7332.16015625,0.0363499975204467,call,1.0031150224849537,0.1424657534246575,191.1
SPXW260731C07360000,2026-05-21 14:43:02+00:00,7360.0,258.19,184.0,185.2,0.0,0.0,1.0,121.0,0.1783414991378784,False,REGULAR,USD,2026-07-31,7332.16015625,0.0363499975204467,call,1.0037969497606063,0.1424657534246575,184.6
SPXW260731C07365000,2026-06-05 19:51:54+00:00,7365.0,235.3,181.3,182.5,0.0,0.0,5.0,18.0,0.1779895968341827,False,REGULAR,USD,2026-07-31,7332.16015625,0.0363499975204467,call,1.0044788770362587,0.1424657534246575,181.9
SPXW260731C07370000,2026-06-09 15:28:00+00:00,7370.0,185.8,180.0,185.9,-36.229996,-16.317612,10.0,23.0,0.1830983790588378,False,REGULAR,USD,2026-07-31,7332.16015625,0.0363499975204467,call,1.0051608043119111,0.1424657534246575,182.95
SPXW260731C07375000,2026-06-03 13:48:51+00:00,7375.0,336.69,176.4,177.6,0.0,0.0,1.0,69.0,0.1776815631103515,False,REGULAR,USD,2026-07-31,7332.16015625,0.0363499975204467,call,1.005842731587564,0.1424657534246575,177.0
SPXW260731C07380000,2026-06-09 15:28:00+00:00,7380.0,179.85,173.0,174.8,-35.579987,-16.515799,10.0,42.0,0.177187564754486,False,REGULAR,USD,2026-07-31,7332.16015625,0.0363499975204467,call,1.0065246588632166,0.1424657534246575,173.9
SPXW260731C07385000,2026-06-01 16:24:06+00:00,7385.0,338.4,170.7,174.0,0.0,0.0,2.0,20.0,0.1784731048774719,False,REGULAR,USD,2026-07-31,7332.16015625,0.0363499975204467,call,1.0072065861388693,0.1424657534246575,172.35
SPXW260731C07390000,2026-06-08 15:35:06+00:00,7390.0,229.8,166.9,168.0,0.0,0.0,14.0,47.0,0.175058984966278,False,REGULAR,USD,2026-07-31,7332.16015625,0.0363499975204467,call,1.0078885134145217,0.1424657534246575,167.45
SPXW260731C07395000,2026-05-20 16:52:46+00:00,7395.0,243.51,167.0,168.0,0.0,0.0,4.0,7.0,0.1770311637306213,False,REGULAR,USD,2026-07-31,7332.16015625,0.0363499975204467,call,1.0085704406901743,0.1424657534246575,167.5
SPXW260731C07400000,2026-06-09 13:37:17+00:00,7400.0,231.19,162.4,169.6,30.64,15.277986,1.0,503.0,0.1804300250053405,False,REGULAR,USD,2026-07-31,7332.16015625,0.0363499975204467,call,1.009252367965827,0.1424657534246575,166.0
SPXW260731C07405000,2026-06-05 19:07:37+00:00,7405.0,207.02,159.1,160.5,0.0,0.0,3.0,31.0,0.1741577717494964,False,REGULAR,USD,2026-07-31,7332.16015625,0.0363499975204467,call,1.0099342952414796,0.1424657534246575,159.8
SPXW260731C07410000,2026-06-05 19:07:37+00:00,7410.0,203.82,155.3,158.7,0.0,0.0,8.0,65.0,0.1744524541664124,False,REGULAR,USD,2026-07-31,7332.16015625,0.0363499975204467,call,1.010616222517132,0.1424657534246575,157.0
SPXW260731C07415000,2026-06-09 15:14:31+00:00,7415.0,184.7,156.6,157.4,-125.95,-40.54402,2.0,14.0,0.1751829613876342,False,REGULAR,USD,2026-07-31,7332.16015625,0.0363499975204467,call,1.0112981497927849,0.1424657534246575,157.0
SPXW260731C07420000,2026-06-08 17:11:36+00:00,7420.0,197.5,153.0,154.8,0.0,0.0,11.0,80.0,0.174719480304718,False,REGULAR,USD,2026-07-31,7332.16015625,0.0363499975204467,call,1.0119800770684373,0.1424657534246575,153.9
SPXW260731C07425000,2026-06-09 15:05:14+00:00,7425.0,174.39,150.3,151.4,-28.619995,-14.097826,1.0,392.0,0.1735083260345458,False,REGULAR,USD,2026-07-31,7332.16015625,0.0363499975204467,call,1.01266200434409,0.1424657534246575,150.85000000000002
SPXW260731C07430000,2026-06-08 18:08:17+00:00,7430.0,205.3,145.4,148.7,6.699997,3.3736136,25.0,65.0,0.1729132392120361,False,REGULAR,USD,2026-07-31,7332.16015625,0.0363499975204467,call,1.0133439316197423,0.1424657534246575,147.05
SPXW260731C07435000,2026-06-08 17:00:39+00:00,7435.0,194.26,142.0,143.8,0.0,0.0,1.0,51.0,0.1702906610679626,False,REGULAR,USD,2026-07-31,7332.16015625,0.0363499975204467,call,1.014025858895395,0.1424657534246575,142.9
SPXW260731C07440000,2026-06-09 13:53:38+00:00,7440.0,213.4,140.5,142.4,23.699997,12.493409,1.0,41.0,0.1708380646514893,False,REGULAR,USD,2026-07-31,7332.16015625,0.0363499975204467,call,1.0147077861710476,0.1424657534246575,141.45
SPXW260731C07445000,2026-06-08 14:46:46+00:00,7445.0,201.1,138.0,152.0,0.0,0.0,2.0,59.0,0.1814294656944274,False,REGULAR,USD,2026-07-31,7332.16015625,0.0363499975204467,call,1.0153897134467005,0.1424657534246575,145.0
SPXW260731C07450000,2026-06-08 20:10:52+00:00,7450.0,159.26,135.5,138.0,-14.630005,-8.413367,5.0,1366.0,0.1704165448188782,False,REGULAR,USD,2026-07-31,7332.16015625,0.0363499975204467,call,1.016071640722353,0.1424657534246575,136.75
SPXW260731C07455000,2026-06-05 18:15:29+00:00,7455.0,190.23,132.2,133.5,0.0,0.0,107.0,49.0,0.1680609928131104,False,REGULAR,USD,2026-07-31,7332.16015625,0.0363499975204467,call,1.016753567998005,0.1424657534246575,132.85
SPXW260731C07460000,2026-06-05 18:15:29+00:00,7460.0,187.13,128.9,131.2,0.0,0.0,1.0,14.0,0.1677043221855163,False,REGULAR,USD,2026-07-31,7332.16015625,0.0363499975204467,call,1.017435495273658,0.1424657534246575,130.05
SPXW260731C07465000,2026-06-08 14:44:43+00:00,7465.0,182.33,126.1,127.3,0.0,0.0,47.0,182.0,0.1658446758651733,False,REGULAR,USD,2026-07-31,7332.16015625,0.0363499975204467,call,1.0181174225493106,0.1424657534246575,126.7
SPXW260731C07470000,2026-06-05 16:01:40+00:00,7470.0,204.58,125.2,126.5,0.0,0.0,2.0,1012.0,0.1668364872360229,False,REGULAR,USD,2026-07-31,7332.16015625,0.0363499975204467,call,1.0187993498249632,0.1424657534246575,125.85
SPXW260731C07475000,2026-06-09 14:50:43+00:00,7475.0,139.8,126.5,128.6,-48.319992,-25.685728,2.0,1643.0,0.1705138186264038,False,REGULAR,USD,2026-07-31,7332.16015625,0.0363499975204467,call,1.0194812771006156,0.1424657534246575,127.55
SPXW260731C07480000,2026-06-05 20:01:11+00:00,7480.0,152.27,121.8,123.0,0.0,0.0,53.0,63.0,0.1670081468963623,False,REGULAR,USD,2026-07-31,7332.16015625,0.0363499975204467,call,1.0201632043762685,0.1424657534246575,122.4
SPXW260731C07485000,2026-06-05 16:04:14+00:00,7485.0,194.9,119.4,120.9,0.0,0.0,7.0,21.0,0.166737306098938,False,REGULAR,USD,2026-07-31,7332.16015625,0.0363499975204467,call,1.020845131651921,0.1424657534246575,120.15
SPXW260731C07490000,2026-06-08 19:43:41+00:00,7490.0,150.36,117.5,119.0,0.0,0.0,6.0,21.0,0.1666343103027344,False,REGULAR,USD,2026-07-31,7332.16015625,0.0363499975204467,call,1.0215270589275736,0.1424657534246575,118.25
SPXW260731C07495000,2026-06-08 16:11:18+00:00,7495.0,165.07,111.0,113.2,0.0,0.0,2.0,42.0,0.162831095161438,False,REGULAR,USD,2026-07-31,7332.16015625,0.0363499975204467,call,1.022208986203226,0.1424657534246575,112.1
SPXW260731C07500000,2026-06-09 15:00:28+00:00,7500.0,134.05,110.5,111.3,-8.190002,-5.7578754,32.0,1645.0,0.1626766014671326,False,REGULAR,USD,2026-07-31,7332.16015625,0.0363499975204467,call,1.0228909134788786,0.1424657534246575,110.9
SPXW260731C07505000,2026-06-08 16:16:19+00:00,7505.0,162.95,108.8,114.3,0.0,0.0,4.0,70.0,0.1671626405906677,False,REGULAR,USD,2026-07-31,7332.16015625,0.0363499975204467,call,1.0235728407545313,0.1424657534246575,111.55
SPXW260731C07510000,2026-06-08 16:43:49+00:00,7510.0,151.32,106.1,110.1,0.0,0.0,3.0,35.0,0.1647937372779846,False,REGULAR,USD,2026-07-31,7332.16015625,0.0363499975204467,call,1.024254768030184,0.1424657534246575,108.1
SPXW260731C07515000,2026-06-08 16:43:49+00:00,7515.0,121.06,106.2,107.3,-27.559998,-18.543936,1.0,51.0,0.1637256327247619,False,REGULAR,USD,2026-07-31,7332.16015625,0.0363499975204467,call,1.0249366953058363,0.1424657534246575,106.75
SPXW260731C07520000,2026-06-08 19:23:27+00:00,7520.0,118.2,103.8,105.1,-14.449997,-10.893327,3.0,1017.0,0.1632087464141846,False,REGULAR,USD,2026-07-31,7332.16015625,0.0363499975204467,call,1.025618622581489,0.1424657534246575,104.45
SPXW260731C07525000,2026-06-08 16:10:07+00:00,7525.0,142.8,100.2,102.1,-4.550003,-3.087888,1.0,1792.0,0.1618945963478088,False,REGULAR,USD,2026-07-31,7332.16015625,0.0363499975204467,call,1.0263005498571416,0.1424657534246575,101.15
SPXW260731C07530000,2026-06-09 13:33:59+00:00,7530.0,113.09,99.2,100.5,-14.460007,-11.336736,6.0,77.0,0.1619098549842834,False,REGULAR,USD,2026-07-31,7332.16015625,0.0363499975204467,call,1.0269824771327942,0.1424657534246575,99.85
SPXW260731C07535000,2026-06-08 15:24:04+00:00,7535.0,152.82,94.5,95.6,0.0,0.0,6.0,50.0,0.1586769313812256,False,REGULAR,USD,2026-07-31,7332.16015625,0.0363499975204467,call,1.0276644044084466,0.1424657534246575,95.05
SPXW260731C07540000,2026-06-05 13:50:09+00:00,7540.0,176.7,91.0,99.6,0.0,0.0,1.0,84.0,0.1641395232391357,False,REGULAR,USD,2026-07-31,7332.16015625,0.0363499975204467,call,1.0283463316840993,0.1424657534246575,95.3
SPXW260731C07545000,2026-06-08 16:10:07+00:00,7545.0,136.62,93.3,94.2,0.0,0.0,2.0,25.0,0.1603649180412292,False,REGULAR,USD,2026-07-31,7332.16015625,0.0363499975204467,call,1.029028258959752,0.1424657534246575,93.75
SPXW260731C07550000,2026-06-09 15:07:15+00:00,7550.0,109.29,89.4,91.5,-8.889999,-7.522423,24.0,1152.0,0.1592052616691589,False,REGULAR,USD,2026-07-31,7332.16015625,0.0363499975204467,call,1.0297101862354046,0.1424657534246575,90.45
SPXW260731C07555000,2026-06-08 18:52:41+00:00,7555.0,125.6,85.7,88.2,0.0,0.0,6.0,58.0,0.1574123718833923,False,REGULAR,USD,2026-07-31,7332.16015625,0.0363499975204467,call,1.030392113511057,0.1424657534246575,86.95
SPXW260731C07560000,2026-06-05 16:44:27+00:00,7560.0,141.0,85.9,91.2,0.0,0.0,3.0,117.0,0.1619098549842834,False,REGULAR,USD,2026-07-31,7332.16015625,0.0363499975204467,call,1.0310740407867096,0.1424657534246575,88.55000000000001
SPXW260731C07565000,2026-06-05 19:59:54+00:00,7565.0,111.6,85.7,87.0,0.0,0.0,3.0,134.0,0.1591728370666504,False,REGULAR,USD,2026-07-31,7332.16015625,0.0363499975204467,call,1.0317559680623622,0.1424657534246575,86.35
SPXW260731C07570000,2026-06-09 08:35:25+00:00,7570.0,119.48,83.1,84.2,5.2700043,4.6143107,10.0,194.0,0.1578014671134948,False,REGULAR,USD,2026-07-31,7332.16015625,0.0363499975204467,call,1.0324378953380149,0.1424657534246575,83.65
SPXW260731C07575000,2026-06-08 19:25:05+00:00,7575.0,106.13,79.2,80.3,0.0,0.0,6.0,67.0,0.1552628114700318,False,REGULAR,USD,2026-07-31,7332.16015625,0.0363499975204467,call,1.0331198226136675,0.1424657534246575,79.75
SPXW260731C07580000,2026-06-08 19:26:58+00:00,7580.0,103.71,77.8,78.8,0.0,0.0,3.0,43.0,0.1551502790260315,False,REGULAR,USD,2026-07-31,7332.16015625,0.0363499975204467,call,1.03380174988932,0.1424657534246575,78.3
SPXW260731C07585000,2026-06-02 18:43:55+00:00,7585.0,210.23,76.7,78.9,0.0,0.0,1.0,4.0,0.1566818646621704,False,REGULAR,USD,2026-07-31,7332.16015625,0.0363499975204467,call,1.0344836771649726,0.1424657534246575,77.80000000000001
SPXW260731C07590000,2026-06-08 15:06:09+00:00,7590.0,124.31,76.2,77.2,0.0,0.0,2.0,36.0,0.1563309160232544,False,REGULAR,USD,2026-07-31,7332.16015625,0.0363499975204467,call,1.0351656044406252,0.1424657534246575,76.7
SPXW260731C07595000,2026-06-05 13:43:58+00:00,7595.0,150.0,74.1,75.0,0.0,0.0,3.0,18.0,0.1554287491416931,False,REGULAR,USD,2026-07-31,7332.16015625,0.0363499975204467,call,1.035847531716278,0.1424657534246575,74.55
SPXW260731C07600000,2026-06-09 15:22:04+00:00,7600.0,84.85,72.7,73.4,-9.950005,-10.495786,5.0,1485.0,0.1551312057304382,False,REGULAR,USD,2026-07-31,7332.16015625,0.0363499975204467,call,1.0365294589919305,0.1424657534246575,73.05000000000001
SPXW260731C07605000,2026-06-08 19:24:55+00:00,7605.0,85.88,71.1,72.2,-6.6600037,-7.196892,1.0,81.0,0.1552380161857605,False,REGULAR,USD,2026-07-31,7332.16015625,0.0363499975204467,call,1.037211386267583,0.1424657534246575,71.65
SPXW260731C07610000,2026-06-08 14:55:00+00:00,7610.0,110.66,68.7,69.9,0.0,0.0,4.0,71.0,0.1541432090187073,False,REGULAR,USD,2026-07-31,7332.16015625,0.0363499975204467,call,1.0378933135432356,0.1424657534246575,69.30000000000001
SPXW260731C07615000,2026-06-08 14:03:28+00:00,7615.0,102.47,67.3,68.4,0.0,0.0,1.0,126.0,0.1538799975395202,False,REGULAR,USD,2026-07-31,7332.16015625,0.0363499975204467,call,1.0385752408188882,0.1424657534246575,67.85
SPXW260731C07620000,2026-06-08 18:28:16+00:00,7620.0,109.59,65.6,66.4,13.309998,13.82426,2.0,52.0,0.1530464945220947,False,REGULAR,USD,2026-07-31,7332.16015625,0.0363499975204467,call,1.0392571680945406,0.1424657534246575,66.0
SPXW260731C07625000,2026-06-08 17:45:24+00:00,7625.0,78.33,64.0,64.9,-12.549995,-13.809414,1.0,132.0,0.1527317851448059,False,REGULAR,USD,2026-07-31,7332.16015625,0.0363499975204467,call,1.0399390953701932,0.1424657534246575,64.45
SPXW260731C07630000,2026-06-04 13:54:50+00:00,7630.0,144.65,62.5,63.4,0.0,0.0,1.0,65.0,0.1523922804832458,False,REGULAR,USD,2026-07-31,7332.16015625,0.0363499975204467,call,1.040621022645846,0.1424657534246575,62.95
SPXW260731C07635000,2026-06-05 14:00:22+00:00,7635.0,121.52,59.3,61.0,0.0,0.0,1.0,38.0,0.1510151885414124,False,REGULAR,USD,2026-07-31,7332.16015625,0.0363499975204467,call,1.0413029499214983,0.1424657534246575,60.15
SPXW260731C07640000,2026-06-08 19:20:57+00:00,7640.0,102.97,58.1,60.6,21.440002,26.297071,1.0,95.0,0.1518658575248718,False,REGULAR,USD,2026-07-31,7332.16015625,0.0363499975204467,call,1.041984877197151,0.1424657534246575,59.35
SPXW260731C07645000,2026-06-09 15:16:10+00:00,7645.0,71.5,56.4,58.1,-15.080002,-17.41742,5.0,57.0,0.150305661945343,False,REGULAR,USD,2026-07-31,7332.16015625,0.0363499975204467,call,1.0426668044728036,0.1424657534246575,57.25
SPXW260731C07650000,2026-06-09 15:07:15+00:00,7650.0,69.42,54.5,55.8,-8.290001,-10.66787,14.0,688.0,0.1489247553443908,False,REGULAR,USD,2026-07-31,7332.16015625,0.0363499975204467,call,1.0433487317484562,0.1424657534246575,55.15
SPXW260731C07655000,2026-06-08 18:52:41+00:00,7655.0,81.65,53.7,54.7,0.0,0.0,8.0,53.0,0.1489056820487976,False,REGULAR,USD,2026-07-31,7332.16015625,0.0363499975204467,call,1.0440306590241089,0.1424657534246575,54.2
SPXW260731C07660000,2026-06-08 16:18:45+00:00,7660.0,87.46,52.3,53.9,0.0,0.0,6.0,56.0,0.1492203914260864,False,REGULAR,USD,2026-07-31,7332.16015625,0.0363499975204467,call,1.0447125862997613,0.1424657534246575,53.1
SPXW260731C07665000,2026-06-09 15:16:10+00:00,7665.0,64.94,50.9,52.2,-92.61,-58.781338,5.0,14.0,0.1484479229545593,False,REGULAR,USD,2026-07-31,7332.16015625,0.0363499975204467,call,1.045394513575414,0.1424657534246575,51.55
SPXW260731C07670000,2026-06-08 19:20:57+00:00,7670.0,83.8,51.0,51.8,13.220001,18.73052,2.0,87.0,0.1492070401191711,False,REGULAR,USD,2026-07-31,7332.16015625,0.0363499975204467,call,1.0460764408510663,0.1424657534246575,51.4
SPXW260731C07675000,2026-06-09 15:22:04+00:00,7675.0,59.15,48.2,48.9,-9.479996,-13.813195,5.0,1551.0,0.1469125226593017,False,REGULAR,USD,2026-07-31,7332.16015625,0.0363499975204467,call,1.0467583681267192,0.1424657534246575,48.55
SPXW260731C07680000,2026-06-09 14:25:57+00:00,7680.0,72.9,48.4,49.3,5.880005,8.773508,1.0,23.0,0.148621489944458,False,REGULAR,USD,2026-07-31,7332.16015625,0.0363499975204467,call,1.0474402954023718,0.1424657534246575,48.85
SPXW260731C07685000,2026-06-05 19:51:25+00:00,7685.0,70.82,47.7,48.8,0.0,0.0,12.0,70.0,0.1492184840965271,False,REGULAR,USD,2026-07-31,7332.16015625,0.0363499975204467,call,1.0481222226780242,0.1424657534246575,48.25
SPXW260731C07690000,2026-06-08 19:46:32+00:00,7690.0,63.4,45.7,46.5,-0.36999893,-0.5802085,1.0,59.0,0.1475552927207947,False,REGULAR,USD,2026-07-31,7332.16015625,0.0363499975204467,call,1.0488041499536769,0.1424657534246575,46.1
SPXW260731C07695000,2026-06-04 18:13:16+00:00,7695.0,135.1,42.9,43.8,0.0,0.0,7.0,78.0,0.1453141804885864,False,REGULAR,USD,2026-07-31,7332.16015625,0.0363499975204467,call,1.0494860772293295,0.1424657534246575,43.35
SPXW260731C07700000,2026-06-08 20:13:33+00:00,7700.0,79.41,42.6,43.5,20.140003,33.9801,12.0,2391.0,0.1461038149261474,False,REGULAR,USD,2026-07-31,7332.16015625,0.0363499975204467,call,1.0501680045049822,0.1424657534246575,43.05
SPXW260731C07705000,2026-06-02 00:37:56+00:00,7705.0,129.79,41.0,42.0,0.0,0.0,1.0,18.0,0.1453218098068237,False,REGULAR,USD,2026-07-31,7332.16015625,0.0363499975204467,call,1.0508499317806346,0.1424657534246575,41.5
SPXW260731C07710000,2026-06-08 20:13:33+00:00,7710.0,56.32,39.5,40.5,0.0,0.0,10.0,61.0,0.1444978434371948,False,REGULAR,USD,2026-07-31,7332.16015625,0.0363499975204467,call,1.0515318590562872,0.1424657534246575,40.0
SPXW260731C07715000,2026-06-08 17:07:04+00:00,7715.0,60.5,41.6,42.5,0.0,0.0,56.0,42.0,0.1482972439193725,False,REGULAR,USD,2026-07-31,7332.16015625,0.0363499975204467,call,1.0522137863319398,0.1424657534246575,42.05
SPXW260731C07720000,2026-06-09 13:23:04+00:00,7720.0,48.84,37.9,42.5,-3.7799988,-7.183578,5.0,141.0,0.1494511783027649,False,REGULAR,USD,2026-07-31,7332.16015625,0.0363499975204467,call,1.0528957136075925,0.1424657534246575,40.2
SPXW260731C07725000,2026-06-09 15:26:44+00:00,7725.0,40.45,36.8,41.6,-23.349998,-36.598743,19.0,209.0,0.1494073097229004,False,REGULAR,USD,2026-07-31,7332.16015625,0.0363499975204467,call,1.053577640883245,0.1424657534246575,39.2
SPXW260731C07730000,2026-06-09 14:52:24+00:00,7730.0,46.85,35.4,36.3,-3.130001,-6.2625074,15.0,69.0,0.1433076697921753,False,REGULAR,USD,2026-07-31,7332.16015625,0.0363499975204467,call,1.0542595681588975,0.1424657534246575,35.849999999999994
SPXW260731C07735000,2026-06-09 14:52:24+00:00,7735.0,45.65,34.3,35.2,-56.049995,-55.113075,10.0,26.0,0.1428689839935303,False,REGULAR,USD,2026-07-31,7332.16015625,0.0363499975204467,call,1.0549414954345502,0.1424657534246575,34.75
SPXW260731C07740000,2026-06-04 17:48:33+00:00,7740.0,110.68,34.7,35.8,0.0,0.0,2.0,114.0,0.1448259041213989,False,REGULAR,USD,2026-07-31,7332.16015625,0.0363499975204467,call,1.0556234227102028,0.1424657534246575,35.25
SPXW260731C07745000,2026-06-08 18:12:43+00:00,7745.0,51.6,32.3,33.3,0.0,0.0,6.0,52.0,0.1423330243873596,False,REGULAR,USD,2026-07-31,7332.16015625,0.0363499975204467,call,1.0563053499858552,0.1424657534246575,32.8
SPXW260731C07750000,2026-06-09 15:26:44+00:00,7750.0,35.16,31.6,32.2,-13.799999,-28.186272,24.0,1191.0,0.1418008794403076,False,REGULAR,USD,2026-07-31,7332.16015625,0.0363499975204467,call,1.056987277261508,0.1424657534246575,31.9
SPXW260731C07755000,2026-06-08 14:01:17+00:00,7755.0,40.31,30.6,31.5,-10.889999,-21.269531,1.0,33.0,0.1418352113723754,False,REGULAR,USD,2026-07-31,7332.16015625,0.0363499975204467,call,1.0576692045371603,0.1424657534246575,31.05
SPXW260731C07760000,2026-06-05 19:59:55+00:00,7760.0,44.12,31.1,31.8,0.0,0.0,1.0,17.0,0.1433572603607178,False,REGULAR,USD,2026-07-31,7332.16015625,0.0363499975204467,call,1.0583511318128132,0.1424657534246575,31.450000000000003
SPXW260731C07765000,2026-06-09 15:18:05+00:00,7765.0,37.7,28.7,30.0,-24.8,-39.68,2.0,26.0,0.1416902543258666,False,REGULAR,USD,2026-07-31,7332.16015625,0.0363499975204467,call,1.0590330590884658,0.1424657534246575,29.35
SPXW260731C07770000,2026-06-08 09:07:47+00:00,7770.0,55.61,29.4,30.3,11.400002,25.786024,1.0,193.0,0.1432084886550903,False,REGULAR,USD,2026-07-31,7332.16015625,0.0363499975204467,call,1.0597149863641182,0.1424657534246575,29.85
SPXW260731C07775000,2026-06-09 14:27:04+00:00,7775.0,43.66,27.2,28.0,-5.8600006,-11.833604,2.0,34.0,0.1406641110229492,False,REGULAR,USD,2026-07-31,7332.16015625,0.0363499975204467,call,1.0603969136397708,0.1424657534246575,27.6
SPXW260731C07780000,2026-06-08 19:45:10+00:00,7780.0,47.59,26.4,27.2,8.490002,21.71356,1.0,32.0,0.1404180655097961,False,REGULAR,USD,2026-07-31,7332.16015625,0.0363499975204467,call,1.0610788409154237,0.1424657534246575,26.8
SPXW260731C07785000,2026-06-03 13:53:33+00:00,7785.0,91.8,26.9,27.7,0.0,0.0,4.0,18.0,0.1422548238754272,False,REGULAR,USD,2026-07-31,7332.16015625,0.0363499975204467,call,1.061760768191076,0.1424657534246575,27.3
SPXW260731C07790000,2026-06-08 14:01:17+00:00,7790.0,42.5,24.8,25.6,0.0,0.0,16.0,39.0,0.1398439593124389,False,REGULAR,USD,2026-07-31,7332.16015625,0.0363499975204467,call,1.0624426954667283,0.1424657534246575,25.200000000000003
SPXW260731C07795000,2026-05-29 15:44:20+00:00,7795.0,95.6,25.0,25.7,0.0,0.0,10.0,10.0,0.1410265036392212,False,REGULAR,USD,2026-07-31,7332.16015625,0.0363499975204467,call,1.0631246227423812,0.1424657534246575,25.35
SPXW260731C07800000,2026-06-09 15:08:08+00:00,7800.0,31.71,23.8,24.3,-2.790001,-8.086959,88.0,2109.0,0.1396646703338623,False,REGULAR,USD,2026-07-31,7332.16015625,0.0363499975204467,call,1.0638065500180338,0.1424657534246575,24.05
SPXW260731C07810000,2026-06-09 15:07:19+00:00,7810.0,29.49,22.8,23.5,-6.960001,-19.094654,21.0,41.0,0.1402731084632873,False,REGULAR,USD,2026-07-31,7332.16015625,0.0363499975204467,call,1.0651704045693389,0.1424657534246575,23.15
SPXW260731C07820000,2026-06-09 15:08:08+00:00,7820.0,28.13,21.6,22.4,-5.67,-16.775148,41.0,84.0,0.1402902744293212,False,REGULAR,USD,2026-07-31,7332.16015625,0.0363499975204467,call,1.066534259120644,0.1424657534246575,22.0
SPXW260731C07825000,2026-06-09 13:42:48+00:00,7825.0,43.12,20.8,21.5,6.9300003,19.148937,2.0,57.0,0.1396265237426758,False,REGULAR,USD,2026-07-31,7332.16015625,0.0363499975204467,call,1.0672161863962968,0.1424657534246575,21.15
SPXW260731C07830000,2026-06-09 14:25:52+00:00,7830.0,33.0,20.3,21.1,-6.450001,-16.349812,5.0,81.0,0.1398554032897949,False,REGULAR,USD,2026-07-31,7332.16015625,0.0363499975204467,call,1.0678981136719492,0.1424657534246575,20.700000000000003
SPXW260731C07840000,2026-06-09 14:25:52+00:00,7840.0,31.15,18.3,19.1,-6.1499996,-16.487934,4.0,98.0,0.1379480737304687,False,REGULAR,USD,2026-07-31,7332.16015625,0.0363499975204467,call,1.0692619682232545,0.1424657534246575,18.700000000000003
SPXW260731C07850000,2026-06-09 14:35:34+00:00,7850.0,23.2,18.2,18.7,-2.7999992,-10.769228,25.0,1443.0,0.1390390662384033,False,REGULAR,USD,2026-07-31,7332.16015625,0.0363499975204467,call,1.0706258227745595,0.1424657534246575,18.45
SPXW260731C07860000,2026-06-09 13:59:01+00:00,7860.0,32.3,16.0,17.1,3.5900002,12.5043545,23.0,55.0,0.1376314570236206,False,REGULAR,USD,2026-07-31,7332.16015625,0.0363499975204467,call,1.0719896773258648,0.1424657534246575,16.55
SPXW260731C07870000,2026-06-05 14:35:05+00:00,7870.0,41.8,15.7,16.4,0.0,0.0,14.0,65.0,0.1379785910034179,False,REGULAR,USD,2026-07-31,7332.16015625,0.0363499975204467,call,1.07335353187717,0.1424657534246575,16.049999999999997
SPXW260731C07875000,2026-06-08 15:14:42+00:00,7875.0,30.29,15.2,15.9,0.0,0.0,27.0,62.0,0.1377993020248413,False,REGULAR,USD,2026-07-31,7332.16015625,0.0363499975204467,call,1.0740354591528225,0.1424657534246575,15.55
SPXW260731C07880000,2026-06-08 19:26:58+00:00,7880.0,21.34,14.2,15.2,0.0,0.0,1.0,100.0,0.1371469953155517,False,REGULAR,USD,2026-07-31,7332.16015625,0.0363499975204467,call,1.0747173864284751,0.1424657534246575,14.7
SPXW260731C07890000,2026-06-08 13:39:47+00:00,7890.0,24.95,13.9,14.6,0.0,0.0,1.0,83.0,0.1375627931594849,False,REGULAR,USD,2026-07-31,7332.16015625,0.0363499975204467,call,1.0760812409797804,0.1424657534246575,14.25
SPXW260731C07900000,2026-06-09 15:05:46+00:00,7900.0,15.42,12.4,13.1,-6.370001,-29.233595,20.0,1071.0,0.135750830078125,False,REGULAR,USD,2026-07-31,7332.16015625,0.0363499975204467,call,1.0774450955310857,0.1424657534246575,12.75
SPXW260731C07910000,2026-06-09 15:17:27+00:00,7910.0,15.75,11.6,12.3,-17.61,-52.78777,10.0,41.0,0.135476174621582,False,REGULAR,USD,2026-07-31,7332.16015625,0.0363499975204467,call,1.0788089500823907,0.1424657534246575,11.95
SPXW260731C07920000,2026-06-09 15:17:27+00:00,7920.0,14.8,11.0,11.8,-10.95,-42.524273,5.0,115.0,0.1358881578063965,False,REGULAR,USD,2026-07-31,7332.16015625,0.0363499975204467,call,1.0801728046336958,0.1424657534246575,11.4
SPXW260731C07925000,2026-06-05 20:05:17+00:00,7925.0,17.89,10.9,11.5,3.0599995,20.633846,1.0,276.0,0.1359415630340576,False,REGULAR,USD,2026-07-31,7332.16015625,0.0363499975204467,call,1.0808547319093484,0.1424657534246575,11.2
SPXW260731C07930000,2026-06-05 19:55:39+00:00,7930.0,17.3,10.6,11.2,0.0,0.0,32.0,86.0,0.1359720803070068,False,REGULAR,USD,2026-07-31,7332.16015625,0.0363499975204467,call,1.081536659185001,0.1424657534246575,10.9
SPXW260731C07940000,2026-06-08 15:53:11+00:00,7940.0,20.0,9.7,10.3,0.0,0.0,10.0,123.0,0.1351328553009033,False,REGULAR,USD,2026-07-31,7332.16015625,0.0363499975204467,call,1.082900513736306,0.1424657534246575,10.0
SPXW260731C07950000,2026-06-09 15:05:46+00:00,7950.0,11.93,8.9,9.3,-1.9699993,-14.172658,14.0,602.0,0.1338206125640869,False,REGULAR,USD,2026-07-31,7332.16015625,0.0363499975204467,call,1.0842643682876114,0.1424657534246575,9.1
SPXW260731C07960000,2026-06-09 14:15:25+00:00,7960.0,14.6,8.3,9.0,-0.09999943,-0.6802682,2.0,109.0,0.1345072512054443,False,REGULAR,USD,2026-07-31,7332.16015625,0.0363499975204467,call,1.0856282228389165,0.1424657534246575,8.65
SPXW260731C07970000,2026-06-08 16:24:32+00:00,7970.0,15.5,7.8,8.4,0.0,0.0,2.0,19.0,0.1341944491577148,False,REGULAR,USD,2026-07-31,7332.16015625,0.0363499975204467,call,1.0869920773902215,0.1424657534246575,8.1
SPXW260731C07975000,2026-06-08 18:38:42+00:00,7975.0,13.71,7.6,8.2,0.0,0.0,6.0,89.0,0.134324147567749,False,REGULAR,USD,2026-07-31,7332.16015625,0.0363499975204467,call,1.0876740046658744,0.1424657534246575,7.899999999999999
SPXW260731C07980000,2026-06-08 18:03:12+00:00,7980.0,13.2,7.3,7.9,0.0,0.0,6.0,203.0,0.1341028973388672,False,REGULAR,USD,2026-07-31,7332.16015625,0.0363499975204467,call,1.0883559319415268,0.1424657534246575,7.6
SPXW260731C07990000,2026-06-05 20:08:03+00:00,7990.0,9.7,6.9,7.5,0.0,0.0,5.0,47.0,0.1342783716583252,False,REGULAR,USD,2026-07-31,7332.16015625,0.0363499975204467,call,1.089719786492832,0.1424657534246575,7.2
SPXW260731C08000000,2026-06-09 15:24:16+00:00,8000.0,7.95,6.5,7.0,-2.4499998,-23.557692,12.0,1802.0,0.1340113455200195,False,REGULAR,USD,2026-07-31,7332.16015625,0.0363499975204467,call,1.0910836410441371,0.1424657534246575,6.75
SPXW260731C08010000,2026-06-08 14:09:29+00:00,8010.0,11.65,6.2,6.7,0.0,0.0,22.0,125.0,0.1344080700683594,False,REGULAR,USD,2026-07-31,7332.16015625,0.0363499975204467,call,1.0924474955954424,0.1424657534246575,6.45
SPXW260731C08020000,2026-06-08 15:06:35+00:00,8020.0,12.7,5.7,6.1,0.0,0.0,1.0,112.0,0.1335535864257812,False,REGULAR,USD,2026-07-31,7332.16015625,0.0363499975204467,call,1.0938113501467477,0.1424657534246575,5.9
SPXW260731C08025000,2026-06-08 13:48:08+00:00,8025.0,11.23,5.6,6.1,0.0,0.0,3.0,11.0,0.1343012596130371,False,REGULAR,USD,2026-07-31,7332.16015625,0.0363499975204467,call,1.0944932774224,0.1424657534246575,5.85
SPXW260731C08030000,2026-06-05 14:07:17+00:00,8030.0,15.05,5.7,6.2,0.0,0.0,8.0,23.0,0.1354532866668701,False,REGULAR,USD,2026-07-31,7332.16015625,0.0363499975204467,call,1.0951752046980527,0.1424657534246575,5.95
SPXW260731C08040000,2026-06-05 20:12:02+00:00,8040.0,6.32,5.0,5.5,0.0,0.0,1.0,12.0,0.1339808282470703,False,REGULAR,USD,2026-07-31,7332.16015625,0.0363499975204467,call,1.0965390592493578,0.1424657534246575,5.25
SPXW260731C08050000,2026-06-09 15:29:13+00:00,8050.0,4.9,4.5,4.9,-3.9999995,-44.943817,1.0,74.0,0.1327067321014404,False,REGULAR,USD,2026-07-31,7332.16015625,0.0363499975204467,call,1.097902913800663,0.1424657534246575,4.7
SPXW260731C08060000,2026-06-05 18:03:27+00:00,8060.0,9.06,4.2,5.0,0.0,0.0,10.0,53.0,0.1346216909790039,False,REGULAR,USD,2026-07-31,7332.16015625,0.0363499975204467,call,1.0992667683519683,0.1424657534246575,4.6
SPXW260731C08070000,2026-05-26 15:29:29+00:00,8070.0,25.83,4.3,4.7,0.0,0.0,10.0,72.0,0.1346064323425293,False,REGULAR,USD,2026-07-31,7332.16015625,0.0363499975204467,call,1.1006306229032734,0.1424657534246575,4.5
SPXW260731C08075000,2026-06-05 19:59:10+00:00,8075.0,6.51,4.0,4.4,0.0,0.0,4.0,57.0,0.1338053539276123,False,REGULAR,USD,2026-07-31,7332.16015625,0.0363499975204467,call,1.101312550178926,0.1424657534246575,4.2
SPXW260731C08080000,2026-06-05 13:47:45+00:00,8080.0,10.67,3.9,4.3,0.0,0.0,1.0,140.0,0.1339960868835449,False,REGULAR,USD,2026-07-31,7332.16015625,0.0363499975204467,call,1.101994477454579,0.1424657534246575,4.1
SPXW260731C08090000,2026-06-05 20:05:37+00:00,8090.0,5.0,3.5,3.8,0.0,0.0,9.0,91.0,0.1326533268737793,False,REGULAR,USD,2026-07-31,7332.16015625,0.0363499975204467,call,1.1033583320058835,0.1424657534246575,3.65
SPXW260731C08100000,2026-06-09 15:24:16+00:00,8100.0,4.1,3.4,3.7,-1.2000003,-22.641514,18.0,2238.0,0.1334620346069335,False,REGULAR,USD,2026-07-31,7332.16015625,0.0363499975204467,call,1.104722186557189,0.1424657534246575,3.55
SPXW260731C08125000,2026-06-09 14:55:29+00:00,8125.0,3.9,2.75,3.4,-1.6700001,-29.982046,1.0,60.0,0.135048932800293,False,REGULAR,USD,2026-07-31,7332.16015625,0.0363499975204467,call,1.1081318229354518,0.1424657534246575,3.075
SPXW260731C08150000,2026-06-08 20:04:24+00:00,8150.0,3.68,2.35,2.65,0.0,0.0,31.0,145.0,0.133248413696289,False,REGULAR,USD,2026-07-31,7332.16015625,0.0363499975204467,call,1.1115414593137147,0.1424657534246575,2.5
SPXW260731C08175000,2026-06-09 15:26:50+00:00,8175.0,2.4,2.2,2.45,-3.73,-60.848286,2.0,140.0,0.1349421223449707,False,REGULAR,USD,2026-07-31,7332.16015625,0.0363499975204467,call,1.1149510956919777,0.1424657534246575,2.325
SPXW260731C08200000,2026-06-09 14:47:02+00:00,8200.0,2.5,1.7,2.0,-1.02,-28.977272,1.0,22943.0,0.134224966430664,False,REGULAR,USD,2026-07-31,7332.16015625,0.0363499975204467,call,1.118360732070241,0.1424657534246575,1.85
SPXW260731C08225000,2026-06-09 13:59:54+00:00,8225.0,3.1,1.55,1.8,0.12999988,4.3771,1.0,50.0,0.1353693641662598,False,REGULAR,USD,2026-07-31,7332.16015625,0.0363499975204467,call,1.1217703684485036,0.1424657534246575,1.675
SPXW260731C08250000,2026-06-08 20:00:10+00:00,8250.0,2.0,1.35,1.65,0.0,0.0,11.0,82.0,0.1368341932678223,False,REGULAR,USD,2026-07-31,7332.16015625,0.0363499975204467,call,1.1251800048267664,0.1424657534246575,1.5
SPXW260731C08275000,2026-06-05 19:59:10+00:00,8275.0,1.92,1.15,1.4,0.0,0.0,5.0,92.0,0.1368952278137207,False,REGULAR,USD,2026-07-31,7332.16015625,0.0363499975204467,call,1.1285896412050294,0.1424657534246575,1.275
SPXW260731C08300000,2026-06-09 13:32:51+00:00,8300.0,1.95,1.0,1.35,0.05000007,2.6315827,1.0,14949.0,0.1391992819213867,False,REGULAR,USD,2026-07-31,7332.16015625,0.0363499975204467,call,1.1319992775832923,0.1424657534246575,1.175
SPXW260731C08375000,2026-06-08 15:48:57+00:00,8375.0,1.42,0.75,0.95,0.0,0.0,10.0,2213.0,0.1417627328491211,False,REGULAR,USD,2026-07-31,7332.16015625,0.0363499975204467,call,1.1422281867180812,0.1424657534246575,0.85
SPXW260731C08500000,2026-06-08 15:05:36+00:00,8500.0,0.75,0.5,0.65,-0.050000012,-6.250001,2.0,25139.0,0.1490868783569335,False,REGULAR,USD,2026-07-31,7332.16015625,0.0363499975204467,call,1.159276368609396,0.1424657534246575,0.575
SPXW260807C07300000,2026-06-05 15:10:00+00:00,7300.0,356.95,236.0,236.9,0.0,0.0,2.0,6.0,0.186619309425354,True,REGULAR,USD,2026-08-07,7332.16015625,0.0363499975204467,call,0.9956138224527752,0.1616438356164383,236.45
SPXW260807C07325000,2026-06-05 20:14:26+00:00,7325.0,250.3,219.6,221.0,0.0,0.0,14.0,14.0,0.1837182611656188,True,REGULAR,USD,2026-08-07,7332.16015625,0.0363499975204467,call,0.9990234588310382,0.1616438356164383,220.3
SPXW260807C07350000,2026-06-09 14:21:55+00:00,7350.0,254.15,206.3,208.5,-17.850006,-6.5625024,2.0,21.0,0.1833139072990417,False,REGULAR,USD,2026-08-07,7332.16015625,0.0363499975204467,call,1.002433095209301,0.1616438356164383,207.4
SPXW260807C07400000,2026-06-09 15:25:51+00:00,7400.0,189.2,175.0,176.3,-44.100006,-18.902702,10.0,3.0,0.17525162525177,False,REGULAR,USD,2026-08-07,7332.16015625,0.0363499975204467,call,1.009252367965827,0.1616438356164383,175.65
SPXW260807C07425000,2026-06-09 15:25:49+00:00,7425.0,174.8,164.7,165.6,-47.800003,-21.473497,4.0,7.0,0.1751791467285156,False,REGULAR,USD,2026-08-07,7332.16015625,0.0363499975204467,call,1.01266200434409,0.1616438356164383,165.14999999999998
SPXW260807C07450000,2026-06-09 13:59:59+00:00,7450.0,214.0,148.9,156.6,28.0,15.053763,2.0,32.0,0.1761690507698059,False,REGULAR,USD,2026-08-07,7332.16015625,0.0363499975204467,call,1.016071640722353,0.1616438356164383,152.75
SPXW260807C07460000,2026-06-09 14:20:20+00:00,7460.0,166.0,142.6,144.0,-47.0,-22.065727,4.0,3.0,0.168696133556366,False,REGULAR,USD,2026-08-07,7332.16015625,0.0363499975204467,call,1.017435495273658,0.1616438356164383,143.3
SPXW260807C07470000,2026-06-08 15:18:09+00:00,7470.0,204.6,137.9,139.0,0.0,0.0,1.0,1.0,0.1676795269012451,False,REGULAR,USD,2026-08-07,7332.16015625,0.0363499975204467,call,1.0187993498249632,0.1616438356164383,138.45
SPXW260807C07475000,2026-06-08 12:18:49+00:00,7475.0,201.0,138.4,139.5,6.0,3.0769231,6.0,4.0,0.1697527941322327,False,REGULAR,USD,2026-08-07,7332.16015625,0.0363499975204467,call,1.0194812771006156,0.1616438356164383,138.95
SPXW260807C07480000,2026-06-08 15:18:09+00:00,7480.0,198.4,136.2,137.7,0.0,0.0,1.0,2.0,0.1698138286781311,False,REGULAR,USD,2026-08-07,7332.16015625,0.0363499975204467,call,1.0201632043762685,0.1616438356164383,136.95
SPXW260807C07500000,2026-06-05 17:56:17+00:00,7500.0,189.81,123.9,125.5,0.0,0.0,26.0,23.0,0.165491819896698,False,REGULAR,USD,2026-08-07,7332.16015625,0.0363499975204467,call,1.0228909134788786,0.1616438356164383,124.7
SPXW260807C07510000,2026-06-05 15:00:40+00:00,7510.0,213.0,118.7,120.6,0.0,0.0,13.0,13.0,0.164257777671814,False,REGULAR,USD,2026-08-07,7332.16015625,0.0363499975204467,call,1.024254768030184,0.1616438356164383,119.65
SPXW260807C07520000,2026-06-08 16:19:39+00:00,7520.0,170.12,117.4,118.5,0.0,0.0,1.0,17.0,0.1654479513168334,False,REGULAR,USD,2026-08-07,7332.16015625,0.0363499975204467,call,1.025618622581489,0.1616438356164383,117.95
SPXW260807C07525000,2026-06-05 15:41:43+00:00,7525.0,185.55,113.1,114.7,0.0,0.0,3.0,3.0,0.1635539730644226,False,REGULAR,USD,2026-08-07,7332.16015625,0.0363499975204467,call,1.0263005498571416,0.1616438356164383,113.9
SPXW260807C07530000,2026-06-05 14:28:00+00:00,7530.0,196.26,111.0,112.2,0.0,0.0,5.0,5.0,0.1628005778884887,False,REGULAR,USD,2026-08-07,7332.16015625,0.0363499975204467,call,1.0269824771327942,0.1616438356164383,111.6
SPXW260807C07540000,2026-06-05 16:45:57+00:00,7540.0,164.45,107.1,108.3,0.0,0.0,2.0,2.0,0.1622283790206909,False,REGULAR,USD,2026-08-07,7332.16015625,0.0363499975204467,call,1.0283463316840993,0.1616438356164383,107.7
SPXW260807C07550000,2026-06-08 18:39:08+00:00,7550.0,142.38,102.7,104.5,0.0,0.0,1.0,6.0,0.1616714387893676,False,REGULAR,USD,2026-08-07,7332.16015625,0.0363499975204467,call,1.0297101862354046,0.1616438356164383,103.6
SPXW260807C07570000,2026-06-08 15:09:43+00:00,7570.0,148.9,93.7,95.4,0.0,0.0,3.0,29.0,0.1589210695648193,False,REGULAR,USD,2026-08-07,7332.16015625,0.0363499975204467,call,1.0324378953380149,0.1616438356164383,94.55
SPXW260807C07580000,2026-06-09 14:21:55+00:00,7580.0,101.86,88.9,91.3,-22.489998,-18.086046,5.0,2.0,0.1578262623977661,False,REGULAR,USD,2026-08-07,7332.16015625,0.0363499975204467,call,1.03380174988932,0.1616438356164383,90.1
SPXW260807C07590000,2026-06-08 15:09:43+00:00,7590.0,138.55,86.1,87.7,0.0,0.0,3.0,4.0,0.1571224577903747,False,REGULAR,USD,2026-08-07,7332.16015625,0.0363499975204467,call,1.0351656044406252,0.1616438356164383,86.9
SPXW260807C07600000,2026-06-08 19:37:06+00:00,7600.0,109.7,82.1,83.0,0.0,0.0,1.0,81.0,0.1552628114700318,False,REGULAR,USD,2026-08-07,7332.16015625,0.0363499975204467,call,1.0365294589919305,0.1616438356164383,82.55
SPXW260807C07610000,2026-06-08 20:12:36+00:00,7610.0,105.19,80.7,81.7,0.0,0.0,2.0,3.0,0.1566399034118652,False,REGULAR,USD,2026-08-07,7332.16015625,0.0363499975204467,call,1.0378933135432356,0.1616438356164383,81.2
SPXW260807C07620000,2026-06-08 20:12:36+00:00,7620.0,100.99,75.9,81.4,0.0,0.0,2.0,3.0,0.1589706601333618,False,REGULAR,USD,2026-08-07,7332.16015625,0.0363499975204467,call,1.0392571680945406,0.1616438356164383,78.65
SPXW260807C07625000,2026-06-08 19:39:09+00:00,7625.0,100.86,73.9,76.0,0.0,0.0,54.0,84.0,0.1548794382286072,False,REGULAR,USD,2026-08-07,7332.16015625,0.0363499975204467,call,1.0399390953701932,0.1616438356164383,74.95
SPXW260807C07640000,2026-06-08 09:34:50+00:00,7640.0,98.08,68.5,69.6,0.0,0.0,2.0,1.0,0.1521634009361267,False,REGULAR,USD,2026-08-07,7332.16015625,0.0363499975204467,call,1.041984877197151,0.1616438356164383,69.05
SPXW260807C07650000,2026-06-09 14:42:37+00:00,7650.0,92.73,65.5,67.4,-8.359993,-8.269852,1.0,6.0,0.152363670539856,False,REGULAR,USD,2026-08-07,7332.16015625,0.0363499975204467,call,1.0433487317484562,0.1616438356164383,66.45
SPXW260807C07670000,2026-06-05 16:45:57+00:00,7670.0,101.25,61.3,62.2,0.0,0.0,2.0,35.0,0.1517056418418884,False,REGULAR,USD,2026-08-07,7332.16015625,0.0363499975204467,call,1.0460764408510663,0.1616438356164383,61.75
SPXW260807C07675000,2026-06-05 19:33:57+00:00,7675.0,81.86,58.2,59.2,0.0,0.0,207.0,167.0,0.1496361892700195,False,REGULAR,USD,2026-08-07,7332.16015625,0.0363499975204467,call,1.0467583681267192,0.1616438356164383,58.7
SPXW260807C07680000,2026-06-09 14:42:37+00:00,7680.0,81.43,56.6,57.6,-9.449997,-10.398324,2.0,4.0,0.1490525464248657,False,REGULAR,USD,2026-08-07,7332.16015625,0.0363499975204467,call,1.0474402954023718,0.1616438356164383,57.1
SPXW260807C07700000,2026-06-08 15:32:25+00:00,7700.0,83.38,52.8,54.1,0.0,0.0,2.0,195.0,0.1497639803504944,False,REGULAR,USD,2026-08-07,7332.16015625,0.0363499975204467,call,1.0501680045049822,0.1616438356164383,53.45
SPXW260807C07725000,2026-06-09 15:24:16+00:00,7725.0,52.45,47.2,48.1,-16.319996,-23.731274,2.0,36.0,0.1483792590904236,False,REGULAR,USD,2026-08-07,7332.16015625,0.0363499975204467,call,1.053577640883245,0.1616438356164383,47.650000000000006
SPXW260807C07750000,2026-06-08 18:39:08+00:00,7750.0,61.74,39.7,41.1,0.0,0.0,2.0,10.0,0.1451234475326538,False,REGULAR,USD,2026-08-07,7332.16015625,0.0363499975204467,call,1.056987277261508,0.1616438356164383,40.400000000000006
SPXW260807C07775000,2026-06-08 20:10:56+00:00,7775.0,50.11,36.0,38.0,0.0,0.0,10.0,28.0,0.1462869185638427,False,REGULAR,USD,2026-08-07,7332.16015625,0.0363499975204467,call,1.0603969136397708,0.1616438356164383,37.0
SPXW260807C07800000,2026-06-09 15:27:25+00:00,7800.0,33.4,31.6,32.3,-13.799999,-29.237286,2.0,20.0,0.1434182949066162,False,REGULAR,USD,2026-08-07,7332.16015625,0.0363499975204467,call,1.0638065500180338,0.1616438356164383,31.95
SPXW260807C07825000,2026-06-08 00:35:44+00:00,7825.0,41.68,26.8,27.9,0.0,0.0,1.0,1.0,0.1416845323371887,False,REGULAR,USD,2026-08-07,7332.16015625,0.0363499975204467,call,1.0672161863962968,0.1616438356164383,27.35
SPXW260807C07850000,2026-06-08 18:07:01+00:00,7850.0,38.7,23.1,24.0,0.0,0.0,910.0,905.0,0.1400575802230834,False,REGULAR,USD,2026-08-07,7332.16015625,0.0363499975204467,call,1.0706258227745595,0.1616438356164383,23.55
SPXW260807C07875000,2026-06-08 19:23:17+00:00,7875.0,25.64,20.6,21.4,-3.6000004,-12.311903,4.0,7.0,0.1400537655639648,False,REGULAR,USD,2026-08-07,7332.16015625,0.0363499975204467,call,1.0740354591528225,0.1616438356164383,21.0
SPXW260807C07900000,2026-06-09 15:27:25+00:00,7900.0,19.17,17.2,17.9,-8.539999,-30.819195,2.0,7.0,0.1378107460021972,False,REGULAR,USD,2026-08-07,7332.16015625,0.0363499975204467,call,1.0774450955310857,0.1616438356164383,17.549999999999997
SPXW260807C07950000,2026-06-08 18:39:08+00:00,7950.0,21.7,13.2,13.9,0.0,0.0,17.0,44.0,0.1375513491821289,False,REGULAR,USD,2026-08-07,7332.16015625,0.0363499975204467,call,1.0842643682876114,0.1616438356164383,13.55
SPXW260807C08000000,2026-06-09 14:46:09+00:00,8000.0,13.7,9.5,10.2,-0.53999996,-3.7921345,13.0,27.0,0.135926304397583,False,REGULAR,USD,2026-08-07,7332.16015625,0.0363499975204467,call,1.0910836410441371,0.1616438356164383,9.85
SPXW260807C08050000,2026-06-08 20:04:24+00:00,8050.0,11.82,6.9,7.5,1.3400002,12.786262,1.0,22.0,0.1348658291625977,False,REGULAR,USD,2026-08-07,7332.16015625,0.0363499975204467,call,1.097902913800663,0.1616438356164383,7.2
SPXW260807C08100000,2026-06-08 19:16:58+00:00,8100.0,8.0,5.1,5.5,0.0,0.0,24.0,31.0,0.1341181559753418,False,REGULAR,USD,2026-08-07,7332.16015625,0.0363499975204467,call,1.104722186557189,0.1616438356164383,5.3
SPXW260807C08150000,2026-06-08 16:30:38+00:00,8150.0,7.1,3.7,4.4,0.0,0.0,9.0,10.0,0.1355982437133789,False,REGULAR,USD,2026-08-07,7332.16015625,0.0363499975204467,call,1.1115414593137147,0.1616438356164383,4.050000000000001
SPXW260807C08200000,2026-06-08 15:33:07+00:00,8200.0,5.4,2.6,3.1,0.0,0.0,2.0,59.0,0.1344233287048339,False,REGULAR,USD,2026-08-07,7332.16015625,0.0363499975204467,call,1.118360732070241,0.1616438356164383,2.85
SPXW260807C08250000,2026-06-08 17:57:13+00:00,8250.0,3.65,2.15,2.55,0.0,0.0,1.0,42.0,0.1365595378112793,False,REGULAR,USD,2026-08-07,7332.16015625,0.0363499975204467,call,1.1251800048267664,0.1616438356164383,2.35
SPXW260807C08300000,2026-06-08 20:01:13+00:00,8300.0,2.4,1.7,2.0,0.0,0.0,2703.0,5200.0,0.1377344528198242,False,REGULAR,USD,2026-08-07,7332.16015625,0.0363499975204467,call,1.1319992775832923,0.1616438356164383,1.85
SPXW260807C08350000,2026-06-09 14:15:02+00:00,8350.0,2.1,1.3,1.55,-0.10000014,-4.545461,2.0,5313.0,0.1387110055541992,False,REGULAR,USD,2026-08-07,7332.16015625,0.0363499975204467,call,1.1388185503398185,0.1616438356164383,1.425
SPXW260807C08400000,2026-06-08 14:25:30+00:00,8400.0,2.2,1.05,1.35,0.43000007,24.29379,1.0,4.0,0.1417016983032226,False,REGULAR,USD,2026-08-07,7332.16015625,0.0363499975204467,call,1.145637823096344,0.1616438356164383,1.2000000000000002
SPX260821C07260000,2026-06-09 14:47:47+00:00,7260.0,322.87,288.9,291.3,-155.93,-32.566833,1.0,541.0,0.1938137565231323,True,REGULAR,USD,2026-08-21,7332.16015625,0.0363499975204467,call,0.9901584042475544,0.2,290.1
SPX260821C07265000,2026-05-19 19:50:00+00:00,7265.0,332.58,287.6,289.1,0.0,0.0,30.0,43.0,0.1941437245368958,True,REGULAR,USD,2026-08-21,7332.16015625,0.0363499975204467,call,0.990840331523207,0.2,288.35
SPXW260821C07270000,2026-06-01 14:04:03+00:00,7270.0,459.32,281.3,282.5,0.0,0.0,10.0,40.0,0.1910853215885162,True,REGULAR,USD,2026-08-21,7332.16015625,0.0363499975204467,call,0.9915222587988596,0.2,281.9
SPX260821C07275000,2026-06-08 16:33:05+00:00,7275.0,351.6,281.7,283.3,0.0,0.0,2.0,912.0,0.1936916874313354,True,REGULAR,USD,2026-08-21,7332.16015625,0.0363499975204467,call,0.9922041860745124,0.2,282.5
SPXW260821C07280000,2026-06-09 14:55:26+00:00,7280.0,309.5,275.6,278.0,-141.82,-31.423382,6.0,26.0,0.1916107908821106,True,REGULAR,USD,2026-08-21,7332.16015625,0.0363499975204467,call,0.9928861133501647,0.2,276.8
SPX260821C07290000,2026-06-04 19:52:10+00:00,7290.0,456.2,267.0,268.8,0.0,0.0,1.0,19.0,0.1884961217117309,True,REGULAR,USD,2026-08-21,7332.16015625,0.0363499975204467,call,0.99424996790147,0.2,267.9
SPX260821C07300000,2026-06-09 14:41:26+00:00,7300.0,307.7,264.5,266.1,-42.97,-12.253685,205.0,4509.0,0.1903004554748535,True,REGULAR,USD,2026-08-21,7332.16015625,0.0363499975204467,call,0.9956138224527752,0.2,265.3
SPX260821C07305000,2026-06-08 14:20:02+00:00,7305.0,325.6,259.0,260.5,0.0,0.0,2.0,13.0,0.1879429961395263,True,REGULAR,USD,2026-08-21,7332.16015625,0.0363499975204467,call,0.9962957497284278,0.2,259.75
SPX260821C07310000,2026-06-02 19:33:29+00:00,7310.0,458.41,255.1,256.8,0.0,0.0,10.0,187.0,0.1870236632919311,True,REGULAR,USD,2026-08-21,7332.16015625,0.0363499975204467,call,0.9969776770040804,0.2,255.95
SPX260821C07320000,2026-06-01 11:40:00+00:00,7320.0,446.7,249.1,250.9,0.0,0.0,6.0,81.0,0.1862931560707092,True,REGULAR,USD,2026-08-21,7332.16015625,0.0363499975204467,call,0.9983415315553856,0.2,250.0
SPXW260821C07325000,2026-06-05 07:24:09+00:00,7325.0,391.4,250.1,251.1,0.0,0.0,3.0,32.0,0.1883044350910186,True,REGULAR,USD,2026-08-21,7332.16015625,0.0363499975204467,call,0.9990234588310382,0.2,250.6
SPX260821C07330000,2026-06-08 13:51:15+00:00,7330.0,312.7,243.6,245.5,0.0,0.0,2.0,22.0,0.1858935705280304,True,REGULAR,USD,2026-08-21,7332.16015625,0.0363499975204467,call,0.9997053861066908,0.2,244.55
SPX260821C07335000,2026-06-05 19:55:10+00:00,7335.0,291.4,238.2,240.0,0.0,0.0,9.0,10.0,0.1835485088348388,False,REGULAR,USD,2026-08-21,7332.16015625,0.0363499975204467,call,1.000387313382343,0.2,239.1
SPXW260821C07340000,2026-05-28 19:47:27+00:00,7340.0,406.8,240.2,241.4,0.0,0.0,5.0,17.0,0.1864333447933197,False,REGULAR,USD,2026-08-21,7332.16015625,0.0363499975204467,call,1.001069240657996,0.2,240.8
SPXW260821C07345000,2026-06-05 07:42:50+00:00,7345.0,379.7,232.9,242.9,0.0,0.0,3.0,16.0,0.1893811226272583,False,REGULAR,USD,2026-08-21,7332.16015625,0.0363499975204467,call,1.0017511679336484,0.2,237.9
SPXW260821C07350000,2026-06-05 19:08:04+00:00,7350.0,280.1,230.4,238.9,0.0,0.0,24.0,166.0,0.1881394510841369,False,REGULAR,USD,2026-08-21,7332.16015625,0.0363499975204467,call,1.002433095209301,0.2,234.65
SPXW260821C07355000,2026-06-05 07:42:50+00:00,7355.0,372.1,227.9,229.4,0.0,0.0,3.0,28.0,0.1827092838287353,False,REGULAR,USD,2026-08-21,7332.16015625,0.0363499975204467,call,1.0031150224849537,0.2,228.65
SPXW260821C07360000,2026-05-29 14:50:37+00:00,7360.0,390.2,225.4,226.9,0.0,0.0,3.0,29.0,0.1825814927482605,False,REGULAR,USD,2026-08-21,7332.16015625,0.0363499975204467,call,1.0037969497606063,0.2,226.15
SPX260821C07370000,2026-06-05 19:56:13+00:00,7370.0,269.9,220.5,222.1,0.0,0.0,52.0,90.0,0.1824422576904296,False,REGULAR,USD,2026-08-21,7332.16015625,0.0363499975204467,call,1.0051608043119111,0.2,221.3
SPX260821C07375000,2026-06-08 16:52:16+00:00,7375.0,279.7,219.3,221.2,0.0,0.0,2.0,2058.0,0.1834931962776183,False,REGULAR,USD,2026-08-21,7332.16015625,0.0363499975204467,call,1.005842731587564,0.2,220.25
SPXW260821C07380000,2026-05-29 16:57:50+00:00,7380.0,382.7,212.9,214.4,0.0,0.0,3.0,7.0,0.1800485590934753,False,REGULAR,USD,2026-08-21,7332.16015625,0.0363499975204467,call,1.0065246588632166,0.2,213.65
SPXW260821C07385000,2026-06-05 18:46:59+00:00,7385.0,264.6,210.2,219.0,0.0,0.0,1.0,5.0,0.1852555687904357,False,REGULAR,USD,2026-08-21,7332.16015625,0.0363499975204467,call,1.0072065861388693,0.2,214.6
SPXW260821C07390000,2026-06-05 15:14:36+00:00,7390.0,312.07,209.8,211.4,0.0,0.0,1.0,34.0,0.1811757908630371,False,REGULAR,USD,2026-08-21,7332.16015625,0.0363499975204467,call,1.0078885134145217,0.2,210.6
SPXW260821C07395000,2026-06-04 08:58:22+00:00,7395.0,335.0,203.1,205.0,0.0,0.0,5.0,9.0,0.1779924578285217,False,REGULAR,USD,2026-08-21,7332.16015625,0.0363499975204467,call,1.0085704406901743,0.2,204.05
SPXW260821C07400000,2026-06-09 12:13:39+00:00,7400.0,260.6,203.8,205.7,5.800003,2.2762964,18.0,250.0,0.1801992381286621,False,REGULAR,USD,2026-08-21,7332.16015625,0.0363499975204467,call,1.009252367965827,0.2,204.75
SPXW260821C07405000,2026-06-09 13:43:08+00:00,7405.0,273.65,197.5,198.7,30.39,12.492806,1.0,22.0,0.1765295360565185,False,REGULAR,USD,2026-08-21,7332.16015625,0.0363499975204467,call,1.0099342952414796,0.2,198.1
SPX260821C07410000,2026-06-05 19:54:18+00:00,7410.0,243.2,195.1,196.8,0.0,0.0,15.0,34.0,0.1767317129898071,False,REGULAR,USD,2026-08-21,7332.16015625,0.0363499975204467,call,1.010616222517132,0.2,195.95
SPX260821C07415000,2026-06-05 19:57:45+00:00,7415.0,237.3,190.6,192.6,0.0,0.0,1.0,15.0,0.175163888092041,False,REGULAR,USD,2026-08-21,7332.16015625,0.0363499975204467,call,1.0112981497927849,0.2,191.6
SPX260821C07420000,2026-06-09 14:30:08+00:00,7420.0,239.2,195.2,196.5,-2.2799988,-0.9441771,1.0,106.0,0.1797700889778137,False,REGULAR,USD,2026-08-21,7332.16015625,0.0363499975204467,call,1.0119800770684373,0.2,195.85
SPX260821C07425000,2026-06-08 16:36:39+00:00,7425.0,246.9,188.7,190.3,0.0,0.0,3.0,713.0,0.1766477904891967,False,REGULAR,USD,2026-08-21,7332.16015625,0.0363499975204467,call,1.01266200434409,0.2,189.5
SPX260821C07430000,2026-06-05 18:40:05+00:00,7430.0,240.79,187.0,188.3,0.0,0.0,10.0,113.0,0.1767221763420105,False,REGULAR,USD,2026-08-21,7332.16015625,0.0363499975204467,call,1.0133439316197423,0.2,187.65
SPX260821C07435000,2026-06-08 19:35:04+00:00,7435.0,223.33,183.2,185.0,0.0,0.0,7.0,47.0,0.1757885385227203,False,REGULAR,USD,2026-08-21,7332.16015625,0.0363499975204467,call,1.014025858895395,0.2,184.1
SPXW260821C07440000,2026-06-08 17:17:07+00:00,7440.0,230.63,181.4,182.6,0.0,0.0,3.0,75.0,0.1755300953674316,False,REGULAR,USD,2026-08-21,7332.16015625,0.0363499975204467,call,1.0147077861710476,0.2,182.0
SPX260821C07445000,2026-06-04 13:47:12+00:00,7445.0,302.3,177.6,179.4,0.0,0.0,2.0,28.0,0.1746431871223449,False,REGULAR,USD,2026-08-21,7332.16015625,0.0363499975204467,call,1.0153897134467005,0.2,178.5
SPX260821C07450000,2026-06-09 14:56:57+00:00,7450.0,195.71,172.2,173.6,-20.39,-9.435447,34.0,3134.0,0.1717383242034912,False,REGULAR,USD,2026-08-21,7332.16015625,0.0363499975204467,call,1.016071640722353,0.2,172.89999999999998
SPX260821C07455000,2026-06-09 13:48:39+00:00,7455.0,211.6,169.9,171.9,-18.399994,-7.999997,3.0,79.0,0.1719748330688477,False,REGULAR,USD,2026-08-21,7332.16015625,0.0363499975204467,call,1.016753567998005,0.2,170.9
SPX260821C07460000,2026-06-08 19:55:57+00:00,7460.0,206.7,166.8,169.1,0.0,0.0,4.0,336.0,0.1713492289733886,False,REGULAR,USD,2026-08-21,7332.16015625,0.0363499975204467,call,1.017435495273658,0.2,167.95
SPXW260821C07465000,2026-05-27 17:07:38+00:00,7465.0,281.6,166.3,174.6,0.0,0.0,6.0,4.0,0.1771265302085876,False,REGULAR,USD,2026-08-21,7332.16015625,0.0363499975204467,call,1.0181174225493106,0.2,170.45
SPX260821C07470000,2026-06-09 13:56:23+00:00,7470.0,239.77,164.5,166.0,39.270004,19.586037,359.0,175.0,0.1719900917053223,False,REGULAR,USD,2026-08-21,7332.16015625,0.0363499975204467,call,1.0187993498249632,0.2,165.25
SPXW260821C07475000,2026-06-09 14:04:00+00:00,7475.0,206.09,160.4,164.5,6.119995,3.0604565,6.0,298.0,0.1723315036964416,False,REGULAR,USD,2026-08-21,7332.16015625,0.0363499975204467,call,1.0194812771006156,0.2,162.45
SPX260821C07480000,2026-06-09 13:52:25+00:00,7480.0,197.85,157.0,158.5,3.1500092,1.6178784,16.0,64.0,0.1691596146392822,False,REGULAR,USD,2026-08-21,7332.16015625,0.0363499975204467,call,1.0201632043762685,0.2,157.75
SPX260821C07485000,2026-06-08 19:55:52+00:00,7485.0,191.9,156.6,158.4,0.0,0.0,5.0,45.0,0.1705634091949463,False,REGULAR,USD,2026-08-21,7332.16015625,0.0363499975204467,call,1.020845131651921,0.2,157.5
SPX260821C07490000,2026-06-09 14:30:40+00:00,7490.0,173.57,151.8,153.8,-15.829987,-8.357965,35.0,128.0,0.1684415050601959,False,REGULAR,USD,2026-08-21,7332.16015625,0.0363499975204467,call,1.0215270589275736,0.2,152.8
SPX260821C07495000,2026-06-08 19:56:03+00:00,7495.0,186.4,156.2,159.2,0.0,0.0,52.0,105.0,0.1741282081413269,False,REGULAR,USD,2026-08-21,7332.16015625,0.0363499975204467,call,1.022208986203226,0.2,157.7
SPXW260821C07500000,2026-06-08 20:04:36+00:00,7500.0,185.97,147.1,153.7,0.0,0.0,21.0,250.0,0.1712777041149139,False,REGULAR,USD,2026-08-21,7332.16015625,0.0363499975204467,call,1.0228909134788786,0.2,150.39999999999998
SPXW260821C07505000,2026-06-08 17:17:07+00:00,7505.0,191.91,147.8,149.0,0.0,0.0,3.0,20.0,0.1690261015701294,False,REGULAR,USD,2026-08-21,7332.16015625,0.0363499975204467,call,1.0235728407545313,0.2,148.4
SPXW260821C07510000,2026-06-08 20:04:36+00:00,7510.0,180.37,143.7,149.7,0.0,0.0,5.0,77.0,0.1710116316413879,False,REGULAR,USD,2026-08-21,7332.16015625,0.0363499975204467,call,1.024254768030184,0.2,146.7
SPXW260821C07515000,2026-06-05 13:52:32+00:00,7515.0,238.5,144.0,145.1,0.0,0.0,1.0,5.0,0.1688029440116882,False,REGULAR,USD,2026-08-21,7332.16015625,0.0363499975204467,call,1.0249366953058363,0.2,144.55
SPXW260821C07520000,2026-06-09 10:21:32+00:00,7520.0,188.0,139.0,141.1,-98.04999,-34.27722,1.0,41.0,0.1670424788284302,False,REGULAR,USD,2026-08-21,7332.16015625,0.0363499975204467,call,1.025618622581489,0.2,140.05
SPXW260821C07525000,2026-06-09 10:22:14+00:00,7525.0,185.1,136.3,139.2,4.6600037,2.582578,3.0,66.0,0.1669318537139893,False,REGULAR,USD,2026-08-21,7332.16015625,0.0363499975204467,call,1.0263005498571416,0.2,137.75
SPXW260821C07530000,2026-06-08 06:34:05+00:00,7530.0,169.5,133.3,135.4,0.0,0.0,8.0,19.0,0.1652896429634094,False,REGULAR,USD,2026-08-21,7332.16015625,0.0363499975204467,call,1.0269824771327942,0.2,134.35000000000002
SPXW260821C07535000,2026-06-09 13:43:08+00:00,7535.0,192.2,131.3,132.0,24.64,14.70518,3.0,13.0,0.1639430682945251,False,REGULAR,USD,2026-08-21,7332.16015625,0.0363499975204467,call,1.0276644044084466,0.2,131.65
SPXW260821C07540000,2026-06-02 14:33:54+00:00,7540.0,281.6,129.4,130.4,0.0,0.0,5.0,54.0,0.1640231761360168,False,REGULAR,USD,2026-08-21,7332.16015625,0.0363499975204467,call,1.0283463316840993,0.2,129.9
SPXW260821C07545000,2026-06-08 13:31:03+00:00,7545.0,187.2,125.6,133.0,0.0,0.0,1.0,2.0,0.1674792572975159,False,REGULAR,USD,2026-08-21,7332.16015625,0.0363499975204467,call,1.029028258959752,0.2,129.3
SPXW260821C07550000,2026-06-09 14:19:15+00:00,7550.0,161.22,128.2,129.2,-5.6799927,-3.4032311,44.0,291.0,0.165766475353241,False,REGULAR,USD,2026-08-21,7332.16015625,0.0363499975204467,call,1.0297101862354046,0.2,128.7
SPXW260821C07555000,2026-06-09 10:22:47+00:00,7555.0,168.4,122.1,123.5,-65.90001,-28.126337,2.0,2.0,0.1624801465225219,False,REGULAR,USD,2026-08-21,7332.16015625,0.0363499975204467,call,1.030392113511057,0.2,122.8
SPX260821C07560000,2026-06-08 19:31:28+00:00,7560.0,154.9,119.1,120.8,0.0,0.0,2.0,89.0,0.1616046822547912,False,REGULAR,USD,2026-08-21,7332.16015625,0.0363499975204467,call,1.0310740407867096,0.2,119.95
SPX260821C07565000,2026-06-08 19:23:04+00:00,7565.0,149.65,120.0,121.8,0.0,0.0,2.0,18.0,0.1637447060203552,False,REGULAR,USD,2026-08-21,7332.16015625,0.0363499975204467,call,1.0317559680623622,0.2,120.9
SPXW260821C07570000,2026-06-08 18:07:00+00:00,7570.0,161.52,116.2,117.2,0.0,0.0,2.0,52.0,0.1612775752353668,False,REGULAR,USD,2026-08-21,7332.16015625,0.0363499975204467,call,1.0324378953380149,0.2,116.7
SPX260821C07575000,2026-06-08 16:22:28+00:00,7575.0,164.7,112.8,114.3,0.0,0.0,2.0,1832.0,0.1601818144035339,False,REGULAR,USD,2026-08-21,7332.16015625,0.0363499975204467,call,1.0331198226136675,0.2,113.55
SPXW260821C07580000,2026-06-03 19:29:50+00:00,7580.0,232.38,112.3,113.6,0.0,0.0,2.0,44.0,0.1608913409996032,False,REGULAR,USD,2026-08-21,7332.16015625,0.0363499975204467,call,1.03380174988932,0.2,112.95
SPX260821C07585000,2026-06-09 13:46:40+00:00,7585.0,167.87,108.8,110.4,19.59999,13.21912,20.0,178.0,0.1595066197395324,False,REGULAR,USD,2026-08-21,7332.16015625,0.0363499975204467,call,1.0344836771649726,0.2,109.6
SPXW260821C07590000,2026-06-03 18:52:57+00:00,7590.0,160.57,108.5,109.5,-70.2,-30.419895,1.0,27.0,0.1600254133796692,False,REGULAR,USD,2026-08-21,7332.16015625,0.0363499975204467,call,1.0351656044406252,0.2,109.0
SPXW260821C07595000,2026-06-09 15:19:15+00:00,7595.0,124.73,106.5,107.5,-24.189995,-16.243618,1.0,20.0,0.1596086618709564,False,REGULAR,USD,2026-08-21,7332.16015625,0.0363499975204467,call,1.035847531716278,0.2,107.0
SPX260821C07600000,2026-06-09 15:26:02+00:00,7600.0,112.25,105.3,107.2,-22.070007,-16.430916,92.0,7353.0,0.160611917219162,False,REGULAR,USD,2026-08-21,7332.16015625,0.0363499975204467,call,1.0365294589919305,0.2,106.25
SPXW260821C07605000,2026-06-09 15:19:15+00:00,7605.0,120.52,102.0,103.0,-36.620003,-23.304062,1.0,54.0,0.1582973727989197,False,REGULAR,USD,2026-08-21,7332.16015625,0.0363499975204467,call,1.037211386267583,0.2,102.5
SPX260821C07610000,2026-06-08 19:31:28+00:00,7610.0,130.9,100.2,101.9,0.0,0.0,21.0,140.0,0.1585968235397338,False,REGULAR,USD,2026-08-21,7332.16015625,0.0363499975204467,call,1.0378933135432356,0.2,101.05
SPXW260821C07615000,2026-06-08 14:03:28+00:00,7615.0,141.47,100.6,101.7,0.0,0.0,3.0,9.0,0.1596553914451599,False,REGULAR,USD,2026-08-21,7332.16015625,0.0363499975204467,call,1.0385752408188882,0.2,101.15
SPX260821C07620000,2026-06-09 14:14:06+00:00,7620.0,134.0,95.2,96.8,7.0,5.5118113,2.0,167.0,0.1566551620483398,False,REGULAR,USD,2026-08-21,7332.16015625,0.0363499975204467,call,1.0392571680945406,0.2,96.0
SPXW260821C07625000,2026-06-05 16:05:51+00:00,7625.0,156.3,97.0,98.9,0.0,0.0,1.0,74.0,0.1596849550533294,False,REGULAR,USD,2026-08-21,7332.16015625,0.0363499975204467,call,1.0399390953701932,0.2,97.95
SPXW260821C07630000,2026-06-09 13:43:40+00:00,7630.0,143.07,97.5,98.4,15.220009,11.904582,3.0,30.0,0.1604612381839752,False,REGULAR,USD,2026-08-21,7332.16015625,0.0363499975204467,call,1.040621022645846,0.2,97.95
SPXW260821C07635000,2026-06-09 13:43:40+00:00,7635.0,140.72,92.5,97.8,15.07,11.993633,3.0,21.0,0.1611431085014343,False,REGULAR,USD,2026-08-21,7332.16015625,0.0363499975204467,call,1.0413029499214983,0.2,95.15
SPXW260821C07640000,2026-06-08 18:45:17+00:00,7640.0,123.7,90.5,91.8,0.0,0.0,8.0,79.0,0.1570785892105102,False,REGULAR,USD,2026-08-21,7332.16015625,0.0363499975204467,call,1.041984877197151,0.2,91.15
SPX260821C07645000,2026-06-08 14:02:09+00:00,7645.0,127.4,87.5,89.5,0.0,0.0,10.0,48.0,0.1562212445735931,False,REGULAR,USD,2026-08-21,7332.16015625,0.0363499975204467,call,1.0426668044728036,0.2,88.5
SPXW260821C07650000,2026-06-08 17:25:11+00:00,7650.0,139.3,85.9,87.5,22.020004,18.775583,8.0,166.0,0.1556080381202698,False,REGULAR,USD,2026-08-21,7332.16015625,0.0363499975204467,call,1.0433487317484562,0.2,86.7
SPX260821C07655000,2026-06-05 18:45:04+00:00,7655.0,118.41,83.6,85.2,0.0,0.0,101.0,110.0,0.1547039639091491,False,REGULAR,USD,2026-08-21,7332.16015625,0.0363499975204467,call,1.0440306590241089,0.2,84.4
SPXW260821C07660000,2026-06-08 16:05:35+00:00,7660.0,115.86,82.4,83.2,-5.8499985,-4.806506,1.0,19.0,0.1540459352111816,False,REGULAR,USD,2026-08-21,7332.16015625,0.0363499975204467,call,1.0447125862997613,0.2,82.80000000000001
SPX260821C07665000,2026-06-08 14:18:02+00:00,7665.0,115.55,79.9,81.4,0.0,0.0,5.0,106.0,0.1535481221961975,False,REGULAR,USD,2026-08-21,7332.16015625,0.0363499975204467,call,1.045394513575414,0.2,80.65
SPXW260821C07670000,2026-06-08 15:10:18+00:00,7670.0,90.42,81.2,82.2,-36.08,-28.521742,6.0,27.0,0.1554153978347778,False,REGULAR,USD,2026-08-21,7332.16015625,0.0363499975204467,call,1.0460764408510663,0.2,81.7
SPXW260821C07675000,2026-06-08 16:07:52+00:00,7675.0,116.0,77.7,78.7,0.0,0.0,12.0,144.0,0.1533249646377563,False,REGULAR,USD,2026-08-21,7332.16015625,0.0363499975204467,call,1.0467583681267192,0.2,78.2
SPX260821C07680000,2026-06-08 19:31:42+00:00,7680.0,101.3,75.5,76.9,0.0,0.0,2.0,58.0,0.1527718390655517,False,REGULAR,USD,2026-08-21,7332.16015625,0.0363499975204467,call,1.0474402954023718,0.2,76.2
SPX260821C07685000,2026-06-03 19:01:40+00:00,7685.0,173.0,76.2,77.7,0.0,0.0,2.0,37.0,0.1546314853858948,False,REGULAR,USD,2026-08-21,7332.16015625,0.0363499975204467,call,1.0481222226780242,0.2,76.95
SPX260821C07690000,2026-06-08 19:31:39+00:00,7690.0,97.5,72.3,74.1,0.0,0.0,1.0,54.0,0.152357948551178,False,REGULAR,USD,2026-08-21,7332.16015625,0.0363499975204467,call,1.0488041499536769,0.2,73.19999999999999
SPX260821C07695000,2026-06-05 19:31:06+00:00,7695.0,96.54,70.7,72.2,0.0,0.0,161.0,103.0,0.1516503292846679,False,REGULAR,USD,2026-08-21,7332.16015625,0.0363499975204467,call,1.0494860772293295,0.2,71.45
SPX260821C07700000,2026-06-09 15:21:12+00:00,7700.0,83.3,70.2,71.8,-10.5,-11.19403,28.0,4075.0,0.1523560412216186,False,REGULAR,USD,2026-08-21,7332.16015625,0.0363499975204467,call,1.0501680045049822,0.2,71.0
SPX260821C07705000,2026-06-05 17:15:45+00:00,7705.0,110.01,68.1,69.8,0.0,0.0,100.0,103.0,0.1515149088859558,False,REGULAR,USD,2026-08-21,7332.16015625,0.0363499975204467,call,1.0508499317806346,0.2,68.94999999999999
SPX260821C07710000,2026-06-08 19:31:38+00:00,7710.0,90.2,66.3,67.6,0.0,0.0,1.0,255.0,0.1504487116622925,False,REGULAR,USD,2026-08-21,7332.16015625,0.0363499975204467,call,1.0515318590562872,0.2,66.94999999999999
SPXW260821C07715000,2026-06-09 15:04:59+00:00,7715.0,80.59,67.5,68.3,-30.010002,-27.133818,1.0,10.0,0.1521996401977539,False,REGULAR,USD,2026-08-21,7332.16015625,0.0363499975204467,call,1.0522137863319398,0.2,67.9
SPX260821C07720000,2026-06-08 19:31:38+00:00,7720.0,86.7,63.6,65.0,0.0,0.0,7.0,357.0,0.1500119331932068,False,REGULAR,USD,2026-08-21,7332.16015625,0.0363499975204467,call,1.0528957136075925,0.2,64.3
SPX260821C07725000,2026-06-08 20:13:18+00:00,7725.0,82.87,62.2,63.6,0.0,0.0,414.0,1095.0,0.1496667065429687,False,REGULAR,USD,2026-08-21,7332.16015625,0.0363499975204467,call,1.053577640883245,0.2,62.900000000000006
SPXW260821C07730000,2026-06-05 16:56:06+00:00,7730.0,104.6,62.6,65.8,0.0,0.0,3.0,139.0,0.1529072594642639,False,REGULAR,USD,2026-08-21,7332.16015625,0.0363499975204467,call,1.0542595681588975,0.2,64.2
SPX260821C07735000,2026-06-08 19:09:00+00:00,7735.0,84.35,60.8,62.6,0.0,0.0,5.0,13.0,0.1507443477439881,False,REGULAR,USD,2026-08-21,7332.16015625,0.0363499975204467,call,1.0549414954345502,0.2,61.7
SPXW260821C07740000,2026-06-09 15:26:30+00:00,7740.0,64.35,62.1,62.8,-36.550003,-36.223988,1.0,31.0,0.1519822046279907,False,REGULAR,USD,2026-08-21,7332.16015625,0.0363499975204467,call,1.0556234227102028,0.2,62.45
SPXW260821C07745000,2026-06-03 19:19:26+00:00,7745.0,143.9,59.2,60.0,0.0,0.0,1.0,10.0,0.1501549829101562,False,REGULAR,USD,2026-08-21,7332.16015625,0.0363499975204467,call,1.0563053499858552,0.2,59.6
SPX260821C07750000,2026-06-09 09:01:22+00:00,7750.0,82.54,57.3,58.6,5.840004,7.6140857,1.0,3625.0,0.1497277410888672,False,REGULAR,USD,2026-08-21,7332.16015625,0.0363499975204467,call,1.056987277261508,0.2,57.95
SPX260821C07755000,2026-06-05 14:11:40+00:00,7755.0,109.92,56.8,58.2,0.0,0.0,100.0,103.0,0.1503247352409362,False,REGULAR,USD,2026-08-21,7332.16015625,0.0363499975204467,call,1.0576692045371603,0.2,57.5
SPX260821C07760000,2026-06-08 19:31:39+00:00,7760.0,78.6,53.5,54.8,5.0,6.7934785,145.0,123.0,0.1477517476654053,False,REGULAR,USD,2026-08-21,7332.16015625,0.0363499975204467,call,1.0583511318128132,0.2,54.15
SPXW260821C07765000,2026-06-04 19:53:53+00:00,7765.0,141.1,54.6,55.4,0.0,0.0,7.0,25.0,0.1493844217681884,False,REGULAR,USD,2026-08-21,7332.16015625,0.0363499975204467,call,1.0590330590884658,0.2,55.0
SPX260821C07770000,2026-06-08 19:31:38+00:00,7770.0,70.6,52.4,53.8,0.0,0.0,2.0,267.0,0.1486672658538818,False,REGULAR,USD,2026-08-21,7332.16015625,0.0363499975204467,call,1.0597149863641182,0.2,53.1
SPXW260821C07775000,2026-06-08 13:31:03+00:00,7775.0,84.74,51.0,56.0,0.0,0.0,4.0,43.0,0.1520127219009399,False,REGULAR,USD,2026-08-21,7332.16015625,0.0363499975204467,call,1.0603969136397708,0.2,53.5
SPXW260821C07780000,2026-06-05 19:26:51+00:00,7780.0,68.15,49.8,52.5,0.0,0.0,10.0,58.0,0.1492261134147644,False,REGULAR,USD,2026-08-21,7332.16015625,0.0363499975204467,call,1.0610788409154237,0.2,51.15
SPXW260821C07785000,2026-06-05 14:23:09+00:00,7785.0,75.7,48.3,49.4,-24.100006,-24.1483,2.0,11.0,0.1467828242492675,False,REGULAR,USD,2026-08-21,7332.16015625,0.0363499975204467,call,1.061760768191076,0.2,48.85
SPXW260821C07790000,2026-06-05 13:43:36+00:00,7790.0,74.2,47.4,51.2,-26.0,-25.948105,2.0,61.0,0.1497468143844604,False,REGULAR,USD,2026-08-21,7332.16015625,0.0363499975204467,call,1.0624426954667283,0.2,49.3
SPXW260821C07800000,2026-06-09 14:50:32+00:00,7800.0,52.66,45.3,46.2,-15.539997,-22.785921,8.0,267.0,0.146031336402893,False,REGULAR,USD,2026-08-21,7332.16015625,0.0363499975204467,call,1.0638065500180338,0.2,45.75
SPX260821C07810000,2026-06-08 19:31:37+00:00,7810.0,59.5,42.9,44.4,0.0,0.0,59.0,583.0,0.1458272521400451,False,REGULAR,USD,2026-08-21,7332.16015625,0.0363499975204467,call,1.0651704045693389,0.2,43.65
SPX260821C07820000,2026-06-09 13:57:07+00:00,7820.0,69.5,40.6,41.8,14.200001,25.678122,3.0,577.0,0.1445989319038391,False,REGULAR,USD,2026-08-21,7332.16015625,0.0363499975204467,call,1.066534259120644,0.2,41.2
SPX260821C07825000,2026-06-09 13:45:58+00:00,7825.0,68.75,41.4,42.5,6.2599983,10.0176,1.0,859.0,0.1463593970870971,False,REGULAR,USD,2026-08-21,7332.16015625,0.0363499975204467,call,1.0672161863962968,0.2,41.95
SPXW260821C07830000,2026-06-09 15:08:08+00:00,7830.0,50.08,39.7,41.1,-19.470001,-27.99425,47.0,36.0,0.1455850212860107,False,REGULAR,USD,2026-08-21,7332.16015625,0.0363499975204467,call,1.0678981136719492,0.2,40.400000000000006
SPX260821C07840000,2026-06-09 14:02:33+00:00,7840.0,56.1,37.0,38.1,4.0999985,7.8846126,12.0,47.0,0.1436853210449218,False,REGULAR,USD,2026-08-21,7332.16015625,0.0363499975204467,call,1.0692619682232545,0.2,37.55
SPXW260821C07850000,2026-06-09 14:19:15+00:00,7850.0,42.0,35.6,36.4,-20.599998,-32.907345,63.0,105.0,0.1433038551330566,False,REGULAR,USD,2026-08-21,7332.16015625,0.0363499975204467,call,1.0706258227745595,0.2,36.0
SPXW260821C07860000,2026-06-09 14:37:09+00:00,7860.0,50.4,35.3,36.0,-11.799999,-18.97106,1.0,19.0,0.1445512486648559,False,REGULAR,USD,2026-08-21,7332.16015625,0.0363499975204467,call,1.0719896773258648,0.2,35.65
SPX260821C07870000,2026-06-08 09:04:25+00:00,7870.0,48.2,32.0,33.3,0.0,0.0,6.0,273.0,0.1427221196174621,False,REGULAR,USD,2026-08-21,7332.16015625,0.0363499975204467,call,1.07335353187717,0.2,32.65
SPX260821C07875000,2026-06-08 16:44:13+00:00,7875.0,48.8,32.2,33.3,0.0,0.0,59.0,739.0,0.1435861399078369,False,REGULAR,USD,2026-08-21,7332.16015625,0.0363499975204467,call,1.0740354591528225,0.2,32.75
SPX260821C07880000,2026-06-05 19:35:54+00:00,7880.0,44.4,30.6,31.5,0.0,0.0,5.0,110.0,0.1419801684188842,False,REGULAR,USD,2026-08-21,7332.16015625,0.0363499975204467,call,1.0747173864284751,0.2,31.05
SPXW260821C07890000,2026-06-09 12:31:55+00:00,7890.0,50.65,30.2,31.2,9.75,23.83863,16.0,60.0,0.1432580792236328,False,REGULAR,USD,2026-08-21,7332.16015625,0.0363499975204467,call,1.0760812409797804,0.2,30.7
SPXW260821C07900000,2026-06-09 14:50:32+00:00,7900.0,33.61,28.3,29.2,-9.639999,-22.289017,28.0,240.0,0.1420946081924438,False,REGULAR,USD,2026-08-21,7332.16015625,0.0363499975204467,call,1.0774450955310857,0.2,28.75
SPXW260821C07910000,2026-06-08 19:27:23+00:00,7910.0,37.2,27.3,28.4,0.0,0.0,17.0,29.0,0.14258669921875,False,REGULAR,USD,2026-08-21,7332.16015625,0.0363499975204467,call,1.0788089500823907,0.2,27.85
SPXW260821C07920000,2026-06-08 16:30:04+00:00,7920.0,41.65,25.3,26.0,0.0,0.0,5.0,38.0,0.1406126131248474,False,REGULAR,USD,2026-08-21,7332.16015625,0.0363499975204467,call,1.0801728046336958,0.2,25.65
SPX260821C07925000,2026-06-04 15:10:33+00:00,7925.0,70.8,24.7,25.7,0.0,0.0,60.0,248.0,0.1409578397750854,False,REGULAR,USD,2026-08-21,7332.16015625,0.0363499975204467,call,1.0808547319093484,0.2,25.2
SPX260821C07930000,2026-06-08 20:13:18+00:00,7930.0,33.21,24.4,25.4,0.0,0.0,6.0,40.0,0.1412973444366455,False,REGULAR,USD,2026-08-21,7332.16015625,0.0363499975204467,call,1.081536659185001,0.2,24.9
SPX260821C07940000,2026-06-08 15:33:27+00:00,7940.0,37.6,23.4,24.4,0.0,0.0,46.0,232.0,0.1413164177322388,False,REGULAR,USD,2026-08-21,7332.16015625,0.0363499975204467,call,1.082900513736306,0.2,23.9
SPX260821C07950000,2026-06-09 14:36:02+00:00,7950.0,27.79,22.3,23.2,-5.2299995,-15.838883,101.0,3851.0,0.1409502104568482,False,REGULAR,USD,2026-08-21,7332.16015625,0.0363499975204467,call,1.0842643682876114,0.2,22.75
SPX260821C07960000,2026-06-08 19:32:06+00:00,7960.0,29.7,20.4,21.2,0.0,0.0,12.0,42.0,0.1391382473754883,False,REGULAR,USD,2026-08-21,7332.16015625,0.0363499975204467,call,1.0856282228389165,0.2,20.8
SPX260821C07970000,2026-06-05 19:35:53+00:00,7970.0,28.9,19.3,20.2,0.0,0.0,6.0,75.0,0.1389208118057251,False,REGULAR,USD,2026-08-21,7332.16015625,0.0363499975204467,call,1.0869920773902215,0.2,19.75
SPX260821C07975000,2026-06-08 01:10:32+00:00,7975.0,28.94,18.9,19.7,0.0,0.0,1.0,681.0,0.1387872987365723,False,REGULAR,USD,2026-08-21,7332.16015625,0.0363499975204467,call,1.0876740046658744,0.2,19.3
SPXW260821C07980000,2026-06-08 15:27:59+00:00,7980.0,33.9,18.5,19.6,0.0,0.0,1.0,41.0,0.1393671269226074,False,REGULAR,USD,2026-08-21,7332.16015625,0.0363499975204467,call,1.0883559319415268,0.2,19.05
SPX260821C07990000,2026-06-05 19:35:53+00:00,7990.0,26.1,17.7,18.7,0.0,0.0,4.0,1087.0,0.1392164478874206,False,REGULAR,USD,2026-08-21,7332.16015625,0.0363499975204467,call,1.089719786492832,0.2,18.2
SPXW260821C08000000,2026-06-09 15:29:05+00:00,8000.0,17.5,16.8,17.5,-7.299999,-29.435482,194.0,811.0,0.1384210914611816,False,REGULAR,USD,2026-08-21,7332.16015625,0.0363499975204467,call,1.0910836410441371,0.2,17.15
SPXW260821C08010000,2026-06-09 13:49:27+00:00,8010.0,32.2,16.5,17.3,7.4000015,29.838715,16.0,110.0,0.1395044546508789,False,REGULAR,USD,2026-08-21,7332.16015625,0.0363499975204467,call,1.0924474955954424,0.2,16.9
SPX260821C08020000,2026-06-05 20:03:15+00:00,8020.0,20.0,14.8,15.6,0.0,0.0,53.0,64.0,0.1375322758865356,False,REGULAR,USD,2026-08-21,7332.16015625,0.0363499975204467,call,1.0938113501467477,0.2,15.2
SPX260821C08025000,2026-06-09 14:14:42+00:00,8025.0,19.09,14.5,15.2,-8.690001,-31.281498,9.0,209.0,0.1374140214538574,False,REGULAR,USD,2026-08-21,7332.16015625,0.0363499975204467,call,1.0944932774224,0.2,14.85
SPX260821C08030000,2026-06-08 19:26:04+00:00,8030.0,19.9,14.0,14.9,0.0,0.0,7.0,134.0,0.1374903146362305,False,REGULAR,USD,2026-08-21,7332.16015625,0.0363499975204467,call,1.0951752046980527,0.2,14.45
SPX260821C08040000,2026-06-05 20:01:56+00:00,8040.0,17.7,13.4,14.5,0.0,0.0,3.0,25.0,0.1380472548675537,False,REGULAR,USD,2026-08-21,7332.16015625,0.0363499975204467,call,1.0965390592493578,0.2,13.95
SPX260821C08050000,2026-06-09 15:24:15+00:00,8050.0,15.1,13.7,14.3,-6.0,-28.436018,14.0,1772.0,0.1390199929428101,False,REGULAR,USD,2026-08-21,7332.16015625,0.0363499975204467,call,1.097902913800663,0.2,14.0
SPX260821C08060000,2026-06-03 19:25:14+00:00,8060.0,40.7,12.9,13.6,0.0,0.0,1.0,64.0,0.1388483332824707,False,REGULAR,USD,2026-08-21,7332.16015625,0.0363499975204467,call,1.0992667683519683,0.2,13.25
SPXW260821C08070000,2026-06-09 13:45:00+00:00,8070.0,22.05,11.3,12.2,-18.89,-46.140694,10.0,18.0,0.1369295597457885,False,REGULAR,USD,2026-08-21,7332.16015625,0.0363499975204467,call,1.1006306229032734,0.2,11.75
SPXW260821C08075000,2026-06-05 19:21:14+00:00,8075.0,16.39,11.7,12.2,0.0,0.0,2.0,26.0,0.1376123837280273,False,REGULAR,USD,2026-08-21,7332.16015625,0.0363499975204467,call,1.101312550178926,0.2,11.95
SPXW260821C08080000,2026-06-04 15:30:05+00:00,8080.0,38.25,11.0,11.7,0.0,0.0,2.0,73.0,0.1370554434967041,False,REGULAR,USD,2026-08-21,7332.16015625,0.0363499975204467,call,1.101994477454579,0.2,11.35
SPX260821C08100000,2026-06-09 14:58:27+00:00,8100.0,12.91,9.8,10.6,-1.1900005,-8.43972,151.0,5620.0,0.1368952278137207,False,REGULAR,USD,2026-08-21,7332.16015625,0.0363499975204467,call,1.104722186557189,0.2,10.2
SPX260821C08110000,2026-06-05 20:01:54+00:00,8110.0,12.1,9.5,10.2,0.0,0.0,1.0,5.0,0.1371355513381958,False,REGULAR,USD,2026-08-21,7332.16015625,0.0363499975204467,call,1.106086041108494,0.2,9.85
SPX260821C08120000,2026-06-08 15:35:06+00:00,8120.0,15.45,8.6,9.6,0.0,0.0,2.0,70.0,0.1367655294036865,False,REGULAR,USD,2026-08-21,7332.16015625,0.0363499975204467,call,1.1074498956597991,0.2,9.1
SPX260821C08125000,2026-06-08 18:40:34+00:00,8125.0,14.23,8.4,9.2,0.0,0.0,230.0,379.0,0.1362543650817871,False,REGULAR,USD,2026-08-21,7332.16015625,0.0363499975204467,call,1.1081318229354518,0.2,8.8
SPXW260821C08130000,2026-06-08 18:48:11+00:00,8130.0,14.1,8.7,9.2,0.0,0.0,5.0,12.0,0.1368990424728393,False,REGULAR,USD,2026-08-21,7332.16015625,0.0363499975204467,call,1.1088137502111044,0.2,8.95
SPX260821C08140000,2026-06-08 19:50:11+00:00,8140.0,11.6,7.7,8.4,0.0,0.0,8.0,106.0,0.1357584593963623,False,REGULAR,USD,2026-08-21,7332.16015625,0.0363499975204467,call,1.1101776047624097,0.2,8.05
SPX260821C08150000,2026-06-08 19:44:26+00:00,8150.0,15.8,7.3,7.9,4.9000006,44.954136,44.0,3479.0,0.1354303987121582,False,REGULAR,USD,2026-08-21,7332.16015625,0.0363499975204467,call,1.1115414593137147,0.2,7.6
SPX260821C08160000,2026-06-05 15:52:56+00:00,8160.0,15.21,7.1,7.7,0.0,0.0,1.0,23.0,0.1360254855346679,False,REGULAR,USD,2026-08-21,7332.16015625,0.0363499975204467,call,1.11290531386502,0.2,7.4
SPXW260821C08170000,2026-05-29 14:37:55+00:00,8170.0,33.2,7.3,7.8,0.0,0.0,18.0,18.0,0.13760475440979,False,REGULAR,USD,2026-08-21,7332.16015625,0.0363499975204467,call,1.114269168416325,0.2,7.55
SPX260821C08175000,2026-06-08 19:32:30+00:00,8175.0,9.9,6.4,7.2,0.0,0.0,2.0,3662.0,0.1361933305358886,False,REGULAR,USD,2026-08-21,7332.16015625,0.0363499975204467,call,1.1149510956919777,0.2,6.800000000000001
SPXW260821C08200000,2026-06-08 18:21:22+00:00,8200.0,9.28,6.2,6.7,-0.3800001,-3.9337487,1.0,606.0,0.1374597973632813,False,REGULAR,USD,2026-08-21,7332.16015625,0.0363499975204467,call,1.118360732070241,0.2,6.45
SPXW260821C08225000,2026-06-08 17:42:50+00:00,8225.0,8.1,5.2,5.7,0.0,0.0,3.0,103.0,0.1365595378112793,False,REGULAR,USD,2026-08-21,7332.16015625,0.0363499975204467,call,1.1217703684485036,0.2,5.45
SPXW260821C08250000,2026-06-09 15:17:42+00:00,8250.0,5.9,4.4,4.9,-2.2999997,-28.048777,2.0,148.0,0.1359949682617187,False,REGULAR,USD,2026-08-21,7332.16015625,0.0363499975204467,call,1.1251800048267664,0.2,4.65
SPX260821C08275000,2026-06-05 19:54:32+00:00,8275.0,8.2,3.7,4.2,2.0,32.258064,39.0,1760.0,0.1354532866668701,False,REGULAR,USD,2026-08-21,7332.16015625,0.0363499975204467,call,1.1285896412050294,0.2,3.95
SPX260821C08300000,2026-06-08 19:43:41+00:00,8300.0,4.9,3.4,4.0,0.0,0.0,208.0,4585.0,0.1372004005432129,False,REGULAR,USD,2026-08-21,7332.16015625,0.0363499975204467,call,1.1319992775832923,0.2,3.7
SPX260821C08325000,2026-06-05 20:10:51+00:00,8325.0,3.78,3.0,3.5,0.0,0.0,9.0,93.0,0.1371317366790771,False,REGULAR,USD,2026-08-21,7332.16015625,0.0363499975204467,call,1.1354089139615553,0.2,3.25
SPX260821C08350000,2026-06-05 20:10:51+00:00,8350.0,3.33,2.75,3.2,0.0,0.0,7.0,548.0,0.1379938496398925,False,REGULAR,USD,2026-08-21,7332.16015625,0.0363499975204467,call,1.1388185503398185,0.2,2.975
SPX260821C08375000,2026-06-09 13:44:39+00:00,8375.0,3.2,2.45,2.85,-2.4999998,-43.859646,6.0,171.0,0.1383142810058593,False,REGULAR,USD,2026-08-21,7332.16015625,0.0363499975204467,call,1.1422281867180812,0.2,2.6500000000000004
SPX260821C08400000,2026-06-09 13:46:00+00:00,8400.0,3.17,2.15,2.55,0.17000008,5.6666694,12.0,16226.0,0.1387262641906738,False,REGULAR,USD,2026-08-21,7332.16015625,0.0363499975204467,call,1.145637823096344,0.2,2.35
SPX260821C08425000,2026-06-05 15:31:04+00:00,8425.0,4.0,1.95,2.35,0.0,0.0,20.0,9343.0,0.1397180755615234,False,REGULAR,USD,2026-08-21,7332.16015625,0.0363499975204467,call,1.149047459474607,0.2,2.15
SPX260821C08450000,2026-06-08 18:22:03+00:00,8450.0,2.77,1.75,2.15,0.0,0.0,1.0,89.0,0.1405573005676269,False,REGULAR,USD,2026-08-21,7332.16015625,0.0363499975204467,call,1.15245709585287,0.2,1.95
SPX260821C08475000,2026-06-08 13:48:40+00:00,8475.0,2.65,1.45,1.9,0.0,0.0,20.0,118.0,0.1407556628417968,False,REGULAR,USD,2026-08-21,7332.16015625,0.0363499975204467,call,1.155866732231133,0.2,1.6749999999999998
SPX260821C08500000,2026-06-09 14:34:39+00:00,8500.0,2.2,1.4,1.8,-0.29999995,-11.999998,2.0,21460.0,0.1422204919433593,False,REGULAR,USD,2026-08-21,7332.16015625,0.0363499975204467,call,1.159276368609396,0.2,1.6
SPX260821C08525000,2026-06-05 19:49:06+00:00,8525.0,1.85,1.3,1.7,0.0,0.0,26.0,25.0,0.1435937692260742,False,REGULAR,USD,2026-08-21,7332.16015625,0.0363499975204467,call,1.1626860049876586,0.2,1.5
SPXW260821C08550000,2026-06-05 19:46:56+00:00,8550.0,1.9,1.15,1.55,0.14999998,8.571427,1.0,206.0,0.1443261837768554,False,REGULAR,USD,2026-08-21,7332.16015625,0.0363499975204467,call,1.1660956413659216,0.2,1.35
SPXW260831C07275000,2026-06-01 19:45:53+00:00,7275.0,500.92,300.0,301.4,0.0,0.0,16.0,221.0,0.1947998459053039,True,REGULAR,USD,2026-08-31,7332.16015625,0.0363499975204467,call,0.9922041860745124,0.2273972602739726,300.7
SPXW260831C07280000,2026-05-18 14:07:53+00:00,7280.0,385.27,292.2,297.2,0.0,0.0,2.0,1.0,0.1936258845615387,True,REGULAR,USD,2026-08-31,7332.16015625,0.0363499975204467,call,0.9928861133501647,0.2273972602739726,294.7
SPXW260831C07285000,2026-06-05 18:57:39+00:00,7285.0,351.28,290.2,292.1,0.0,0.0,1.0,1.0,0.1917977091789245,True,REGULAR,USD,2026-08-31,7332.16015625,0.0363499975204467,call,0.9935680406258176,0.2273972602739726,291.15
SPXW260831C07290000,2026-06-08 14:10:03+00:00,7290.0,359.7,291.5,292.6,0.0,0.0,3.0,6.0,0.193975879535675,True,REGULAR,USD,2026-08-31,7332.16015625,0.0363499975204467,call,0.99424996790147,0.2273972602739726,292.05
SPXW260831C07300000,2026-06-05 18:12:06+00:00,7300.0,360.0,284.2,287.8,0.0,0.0,2.0,547.0,0.1941399098777771,True,REGULAR,USD,2026-08-31,7332.16015625,0.0363499975204467,call,0.9956138224527752,0.2273972602739726,286.0
SPXW260831C07305000,2026-06-08 16:09:41+00:00,7305.0,348.7,275.0,276.5,0.0,0.0,5.0,16.0,0.1878390466785431,True,REGULAR,USD,2026-08-31,7332.16015625,0.0363499975204467,call,0.9962957497284278,0.2273972602739726,275.75
SPXW260831C07310000,2026-05-22 18:04:20+00:00,7310.0,400.84,276.9,279.4,0.0,0.0,1.0,0.0,0.1916870840644836,True,REGULAR,USD,2026-08-31,7332.16015625,0.0363499975204467,call,0.9969776770040804,0.2273972602739726,278.15
SPXW260831C07315000,2026-05-29 16:51:03+00:00,7315.0,452.88,273.5,274.8,0.0,0.0,40.0,17.0,0.1901612204170227,True,REGULAR,USD,2026-08-31,7332.16015625,0.0363499975204467,call,0.997659604279733,0.2273972602739726,274.15
SPXW260831C07320000,2026-06-03 17:07:10+00:00,7320.0,431.8,267.5,270.2,0.0,0.0,2.0,3.0,0.1886267737865447,True,REGULAR,USD,2026-08-31,7332.16015625,0.0363499975204467,call,0.9983415315553856,0.2273972602739726,268.85
SPXW260831C07325000,2026-06-02 16:44:17+00:00,7325.0,464.3,267.7,268.9,0.0,0.0,1.0,462.0,0.1894383425140381,True,REGULAR,USD,2026-08-31,7332.16015625,0.0363499975204467,call,0.9990234588310382,0.2273972602739726,268.29999999999995
SPXW260831C07330000,2026-06-03 18:01:16+00:00,7330.0,431.2,259.3,261.0,0.0,0.0,7.0,8.0,0.185529270582199,True,REGULAR,USD,2026-08-31,7332.16015625,0.0363499975204467,call,0.9997053861066908,0.2273972602739726,260.15
SPXW260831C07335000,2026-06-03 18:02:43+00:00,7335.0,427.6,256.8,258.1,0.0,0.0,3.0,5.0,0.1851792756080627,False,REGULAR,USD,2026-08-31,7332.16015625,0.0363499975204467,call,1.000387313382343,0.2273972602739726,257.45000000000005
SPXW260831C07340000,2026-06-05 18:57:39+00:00,7340.0,312.72,258.0,260.4,0.0,0.0,1.0,14.0,0.1885256853199005,False,REGULAR,USD,2026-08-31,7332.16015625,0.0363499975204467,call,1.001069240657996,0.2273972602739726,259.2
SPXW260831C07345000,2026-06-05 20:10:33+00:00,7345.0,280.0,255.0,256.4,0.0,0.0,7.0,23.0,0.1873688899421692,False,REGULAR,USD,2026-08-31,7332.16015625,0.0363499975204467,call,1.0017511679336484,0.2273972602739726,255.7
SPXW260831C07350000,2026-06-05 20:11:17+00:00,7350.0,276.86,249.4,254.2,0.0,0.0,3.0,489.0,0.1874842833805084,False,REGULAR,USD,2026-08-31,7332.16015625,0.0363499975204467,call,1.002433095209301,0.2273972602739726,251.8
SPXW260831C07365000,2026-06-01 19:06:50+00:00,7365.0,434.52,238.1,239.9,0.0,0.0,1.0,1.0,0.1822791810131072,False,REGULAR,USD,2026-08-31,7332.16015625,0.0363499975204467,call,1.0044788770362587,0.2273972602739726,239.0
SPXW260831C07370000,2026-06-01 18:52:29+00:00,7370.0,429.55,234.9,236.7,0.0,0.0,1.0,6.0,0.1816392719459533,False,REGULAR,USD,2026-08-31,7332.16015625,0.0363499975204467,call,1.0051608043119111,0.2273972602739726,235.8
SPXW260831C07375000,2026-06-08 18:59:32+00:00,7375.0,289.39,235.0,236.1,0.0,0.0,2.0,72.0,0.1828408895683288,False,REGULAR,USD,2026-08-31,7332.16015625,0.0363499975204467,call,1.005842731587564,0.2273972602739726,235.55
SPXW260831C07380000,2026-06-05 19:22:28+00:00,7380.0,271.1,230.4,231.8,0.0,0.0,10.0,12.0,0.1813951337623596,False,REGULAR,USD,2026-08-31,7332.16015625,0.0363499975204467,call,1.0065246588632166,0.2273972602739726,231.1
SPXW260831C07385000,2026-06-08 17:54:15+00:00,7385.0,286.1,228.7,230.4,0.0,0.0,8.0,11.0,0.1820045255565643,False,REGULAR,USD,2026-08-31,7332.16015625,0.0363499975204467,call,1.0072065861388693,0.2273972602739726,229.55
SPXW260831C07390000,2026-06-03 16:31:42+00:00,7390.0,377.8,227.7,229.0,0.0,0.0,5.0,11.0,0.1826043807029724,False,REGULAR,USD,2026-08-31,7332.16015625,0.0363499975204467,call,1.0078885134145217,0.2273972602739726,228.35
SPXW260831C07395000,2026-06-05 19:38:49+00:00,7395.0,271.73,220.4,222.5,0.0,0.0,4.0,4.0,0.1795526534080505,False,REGULAR,USD,2026-08-31,7332.16015625,0.0363499975204467,call,1.0085704406901743,0.2273972602739726,221.45
SPXW260831C07400000,2026-06-09 14:19:38+00:00,7400.0,251.6,219.0,220.3,-9.73999,-3.726942,7.0,635.0,0.1795583753967285,False,REGULAR,USD,2026-08-31,7332.16015625,0.0363499975204467,call,1.009252367965827,0.2273972602739726,219.65
SPXW260831C07405000,2026-06-09 14:22:41+00:00,7405.0,246.1,219.5,221.5,-12.089996,-4.6825967,2.0,14.0,0.1819825912666321,False,REGULAR,USD,2026-08-31,7332.16015625,0.0363499975204467,call,1.0099342952414796,0.2273972602739726,220.5
SPXW260831C07410000,2026-06-03 14:36:11+00:00,7410.0,376.6,212.2,214.2,0.0,0.0,5.0,30.0,0.1783205185127258,False,REGULAR,USD,2026-08-31,7332.16015625,0.0363499975204467,call,1.010616222517132,0.2273972602739726,213.2
SPXW260831C07415000,2026-06-05 19:28:37+00:00,7415.0,257.1,216.2,217.4,0.0,0.0,15.0,22.0,0.1821561582565307,False,REGULAR,USD,2026-08-31,7332.16015625,0.0363499975204467,call,1.0112981497927849,0.2273972602739726,216.8
SPXW260831C07420000,2026-06-05 19:15:26+00:00,7420.0,246.3,205.8,208.0,0.0,0.0,21.0,28.0,0.1769644071960449,False,REGULAR,USD,2026-08-31,7332.16015625,0.0363499975204467,call,1.0119800770684373,0.2273972602739726,206.9
SPXW260831C07425000,2026-06-09 13:30:54+00:00,7425.0,272.51,203.4,212.2,14.490021,5.615852,6.0,482.0,0.1814981295585632,False,REGULAR,USD,2026-08-31,7332.16015625,0.0363499975204467,call,1.01266200434409,0.2273972602739726,207.8
SPXW260831C07430000,2026-06-09 13:30:54+00:00,7430.0,267.42,200.0,211.7,21.24002,8.627842,1.0,16.0,0.1826577859306335,False,REGULAR,USD,2026-08-31,7332.16015625,0.0363499975204467,call,1.0133439316197423,0.2273972602739726,205.85
SPXW260831C07435000,2026-06-09 14:29:19+00:00,7435.0,248.4,199.0,200.6,5.319992,2.1885767,3.0,52.0,0.1762005217075348,False,REGULAR,USD,2026-08-31,7332.16015625,0.0363499975204467,call,1.014025858895395,0.2273972602739726,199.8
SPXW260831C07440000,2026-06-05 13:08:18+00:00,7440.0,320.96,194.5,196.4,0.0,0.0,1.0,102.0,0.1746765653896331,False,REGULAR,USD,2026-08-31,7332.16015625,0.0363499975204467,call,1.0147077861710476,0.2273972602739726,195.45
SPXW260831C07445000,2026-06-05 15:13:24+00:00,7445.0,291.82,192.2,193.6,0.0,0.0,1.0,2.0,0.1741453741073608,False,REGULAR,USD,2026-08-31,7332.16015625,0.0363499975204467,call,1.0153897134467005,0.2273972602739726,192.9
SPXW260831C07450000,2026-06-08 17:41:20+00:00,7450.0,241.43,191.9,193.2,0.0,0.0,8.0,100.0,0.1753317330932617,False,REGULAR,USD,2026-08-31,7332.16015625,0.0363499975204467,call,1.016071640722353,0.2273972602739726,192.55
SPXW260831C07455000,2026-06-08 17:41:20+00:00,7455.0,238.33,190.1,191.3,0.0,0.0,3.0,4.0,0.175427099571228,False,REGULAR,USD,2026-08-31,7332.16015625,0.0363499975204467,call,1.016753567998005,0.2273972602739726,190.7
SPXW260831C07460000,2026-06-08 13:35:34+00:00,7460.0,244.6,188.1,189.4,0.0,0.0,1.0,2.0,0.175511975736618,False,REGULAR,USD,2026-08-31,7332.16015625,0.0363499975204467,call,1.017435495273658,0.2273972602739726,188.75
SPXW260831C07465000,2026-06-09 13:55:57+00:00,7465.0,254.7,181.0,182.3,-75.90001,-22.95826,1.0,6.0,0.1718222467041015,False,REGULAR,USD,2026-08-31,7332.16015625,0.0363499975204467,call,1.0181174225493106,0.2273972602739726,181.65
SPXW260831C07470000,2026-06-05 16:01:40+00:00,7470.0,265.34,182.3,183.3,0.0,0.0,2.0,13.0,0.1739822974300384,False,REGULAR,USD,2026-08-31,7332.16015625,0.0363499975204467,call,1.0187993498249632,0.2273972602739726,182.8
SPXW260831C07475000,2026-06-05 19:31:35+00:00,7475.0,220.0,177.9,185.2,0.0,0.0,61.0,68.0,0.1767889328765869,False,REGULAR,USD,2026-08-31,7332.16015625,0.0363499975204467,call,1.0194812771006156,0.2273972602739726,181.55
SPXW260831C07480000,2026-06-05 18:45:36+00:00,7480.0,225.02,173.7,175.2,0.0,0.0,2.0,24.0,0.1709429677772522,False,REGULAR,USD,2026-08-31,7332.16015625,0.0363499975204467,call,1.0201632043762685,0.2273972602739726,174.45
SPXW260831C07485000,2026-06-08 15:18:26+00:00,7485.0,240.7,174.6,179.6,0.0,0.0,1.0,8.0,0.1755529833221435,False,REGULAR,USD,2026-08-31,7332.16015625,0.0363499975204467,call,1.020845131651921,0.2273972602739726,177.1
SPXW260831C07490000,2026-06-08 15:43:18+00:00,7490.0,232.01,170.0,171.8,0.0,0.0,4.0,8.0,0.1712691211318969,False,REGULAR,USD,2026-08-31,7332.16015625,0.0363499975204467,call,1.0215270589275736,0.2273972602739726,170.9
SPXW260831C07495000,2026-06-03 15:29:36+00:00,7495.0,313.2,165.5,167.1,0.0,0.0,1.0,1.0,0.1692206491851806,False,REGULAR,USD,2026-08-31,7332.16015625,0.0363499975204467,call,1.022208986203226,0.2273972602739726,166.3
SPXW260831C07500000,2026-06-09 15:15:07+00:00,7500.0,193.94,164.8,167.9,-7.8399963,-3.885418,13.0,397.0,0.1711842449665069,False,REGULAR,USD,2026-08-31,7332.16015625,0.0363499975204467,call,1.0228909134788786,0.2273972602739726,166.35000000000002
SPXW260831C07505000,2026-06-09 14:29:46+00:00,7505.0,207.18,163.0,164.5,-13.410004,-6.079153,1.0,3.0,0.1700598741912842,False,REGULAR,USD,2026-08-31,7332.16015625,0.0363499975204467,call,1.0235728407545313,0.2273972602739726,163.75
SPXW260831C07510000,2026-06-08 16:55:11+00:00,7510.0,221.0,163.0,164.2,9.0,4.245283,3.0,45.0,0.1712004572677612,False,REGULAR,USD,2026-08-31,7332.16015625,0.0363499975204467,call,1.024254768030184,0.2273972602739726,163.6
SPXW260831C07515000,2026-06-05 13:58:36+00:00,7515.0,251.7,156.0,157.1,0.0,0.0,4.0,3.0,0.1673190416145325,False,REGULAR,USD,2026-08-31,7332.16015625,0.0363499975204467,call,1.0249366953058363,0.2273972602739726,156.55
SPXW260831C07520000,2026-06-08 15:01:37+00:00,7520.0,222.19,153.6,155.4,0.0,0.0,5.0,39.0,0.1674010567855834,False,REGULAR,USD,2026-08-31,7332.16015625,0.0363499975204467,call,1.025618622581489,0.2273972602739726,154.5
SPXW260831C07525000,2026-06-08 19:45:16+00:00,7525.0,189.38,154.2,155.7,0.0,0.0,11.0,104.0,0.168956484041214,False,REGULAR,USD,2026-08-31,7332.16015625,0.0363499975204467,call,1.0263005498571416,0.2273972602739726,154.95
SPXW260831C07530000,2026-06-05 19:00:50+00:00,7530.0,191.26,148.9,150.0,0.0,0.0,1.0,20.0,0.1660449454689026,False,REGULAR,USD,2026-08-31,7332.16015625,0.0363499975204467,call,1.0269824771327942,0.2273972602739726,149.45
SPXW260831C07535000,2026-06-08 14:58:59+00:00,7535.0,211.16,146.7,148.9,0.0,0.0,6.0,36.0,0.1665389438247681,False,REGULAR,USD,2026-08-31,7332.16015625,0.0363499975204467,call,1.0276644044084466,0.2273972602739726,147.8
SPXW260831C07540000,2026-06-05 16:13:57+00:00,7540.0,221.64,145.8,147.5,0.0,0.0,10.0,14.0,0.1667983406448365,False,REGULAR,USD,2026-08-31,7332.16015625,0.0363499975204467,call,1.0283463316840993,0.2273972602739726,146.65
SPXW260831C07545000,2026-06-05 14:48:33+00:00,7545.0,233.27,142.0,143.7,0.0,0.0,5.0,12.0,0.1652476817131042,False,REGULAR,USD,2026-08-31,7332.16015625,0.0363499975204467,call,1.029028258959752,0.2273972602739726,142.85
SPXW260831C07550000,2026-06-09 14:45:49+00:00,7550.0,158.59,140.3,144.5,-17.37001,-9.871567,5.0,200.0,0.1671378453063965,False,REGULAR,USD,2026-08-31,7332.16015625,0.0363499975204467,call,1.0297101862354046,0.2273972602739726,142.4
SPXW260831C07555000,2026-06-08 16:06:37+00:00,7555.0,192.2,137.8,141.1,0.0,0.0,1.0,7.0,0.1658580271720886,False,REGULAR,USD,2026-08-31,7332.16015625,0.0363499975204467,call,1.030392113511057,0.2273972602739726,139.45
SPXW260831C07560000,2026-06-05 19:11:17+00:00,7560.0,171.0,138.2,139.4,0.0,0.0,11.0,35.0,0.1658465831947327,False,REGULAR,USD,2026-08-31,7332.16015625,0.0363499975204467,call,1.0310740407867096,0.2273972602739726,138.8
SPXW260831C07565000,2026-06-05 14:21:54+00:00,7565.0,227.15,133.6,135.3,0.0,0.0,2.0,527.0,0.1640002881813049,False,REGULAR,USD,2026-08-31,7332.16015625,0.0363499975204467,call,1.0317559680623622,0.2273972602739726,134.45
SPXW260831C07570000,2026-06-08 17:21:21+00:00,7570.0,171.9,133.7,135.0,0.0,0.0,6.0,11.0,0.1650264314842224,False,REGULAR,USD,2026-08-31,7332.16015625,0.0363499975204467,call,1.0324378953380149,0.2273972602739726,134.35
SPXW260831C07575000,2026-06-09 14:45:49+00:00,7575.0,146.69,131.6,133.8,-68.61,-31.86716,5.0,70.0,0.1653583068275452,False,REGULAR,USD,2026-08-31,7332.16015625,0.0363499975204467,call,1.0331198226136675,0.2273972602739726,132.7
SPXW260831C07580000,2026-06-02 19:46:44+00:00,7580.0,278.43,126.7,128.3,0.0,0.0,2.0,5.0,0.1623828727149963,False,REGULAR,USD,2026-08-31,7332.16015625,0.0363499975204467,call,1.03380174988932,0.2273972602739726,127.5
SPXW260831C07585000,2026-06-05 18:47:21+00:00,7585.0,165.19,126.6,128.6,0.0,0.0,12.0,34.0,0.1638419798278809,False,REGULAR,USD,2026-08-31,7332.16015625,0.0363499975204467,call,1.0344836771649726,0.2273972602739726,127.6
SPXW260831C07590000,2026-06-09 15:29:13+00:00,7590.0,123.9,122.6,123.5,-110.9,-47.231686,3.0,23.0,0.1611221278762817,False,REGULAR,USD,2026-08-31,7332.16015625,0.0363499975204467,call,1.0351656044406252,0.2273972602739726,123.05
SPXW260831C07600000,2026-06-09 15:15:07+00:00,7600.0,143.44,118.3,120.0,-6.3899994,-4.264833,24.0,261.0,0.1608112331581115,False,REGULAR,USD,2026-08-31,7332.16015625,0.0363499975204467,call,1.0365294589919305,0.2273972602739726,119.15
SPXW260831C07605000,2026-06-09 13:41:44+00:00,7605.0,180.7,117.9,122.1,13.179993,7.8677125,3.0,14.0,0.1636493395423889,False,REGULAR,USD,2026-08-31,7332.16015625,0.0363499975204467,call,1.037211386267583,0.2273972602739726,120.0
SPXW260831C07610000,2026-06-09 13:06:10+00:00,7610.0,159.0,115.5,124.1,-75.7,-32.25394,2.0,14.0,0.1664063844203949,False,REGULAR,USD,2026-08-31,7332.16015625,0.0363499975204467,call,1.0378933135432356,0.2273972602739726,119.8
SPXW260831C07620000,2026-06-09 13:41:44+00:00,7620.0,172.9,112.0,113.3,13.059998,8.17067,3.0,10.0,0.1602714588928223,False,REGULAR,USD,2026-08-31,7332.16015625,0.0363499975204467,call,1.0392571680945406,0.2273972602739726,112.65
SPXW260831C07625000,2026-06-05 16:45:23+00:00,7625.0,123.73,109.2,111.5,-40.870003,-24.829891,1.0,133.0,0.1600044327545166,False,REGULAR,USD,2026-08-31,7332.16015625,0.0363499975204467,call,1.0399390953701932,0.2273972602739726,110.35
SPXW260831C07630000,2026-06-05 18:34:33+00:00,7630.0,147.92,107.2,108.4,0.0,0.0,4.0,18.0,0.1586826533699036,False,REGULAR,USD,2026-08-31,7332.16015625,0.0363499975204467,call,1.040621022645846,0.2273972602739726,107.8
SPXW260831C07640000,2026-06-05 17:18:53+00:00,7640.0,155.91,105.9,107.0,0.0,0.0,4.0,6.0,0.1598461244010925,False,REGULAR,USD,2026-08-31,7332.16015625,0.0363499975204467,call,1.041984877197151,0.2273972602739726,106.45
SPXW260831C07645000,2026-06-05 14:21:54+00:00,7645.0,181.95,102.4,104.3,0.0,0.0,2.0,3.0,0.1587951858139038,False,REGULAR,USD,2026-08-31,7332.16015625,0.0363499975204467,call,1.0426668044728036,0.2273972602739726,103.35
SPXW260831C07650000,2026-06-09 14:51:17+00:00,7650.0,110.88,99.9,102.1,-15.910004,-12.548311,2.0,523.0,0.1581295277976989,False,REGULAR,USD,2026-08-31,7332.16015625,0.0363499975204467,call,1.0433487317484562,0.2273972602739726,101.0
SPXW260831C07655000,2026-06-05 14:21:54+00:00,7655.0,176.75,99.5,100.9,0.0,0.0,2.0,24.0,0.1582668555259704,False,REGULAR,USD,2026-08-31,7332.16015625,0.0363499975204467,call,1.0440306590241089,0.2273972602739726,100.2
SPXW260831C07660000,2026-06-08 16:18:20+00:00,7660.0,141.2,95.7,96.5,0.0,0.0,2.0,25.0,0.1557491805076599,False,REGULAR,USD,2026-08-31,7332.16015625,0.0363499975204467,call,1.0447125862997613,0.2273972602739726,96.1
SPXW260831C07665000,2026-06-05 15:00:39+00:00,7665.0,122.56,94.0,94.8,-46.90001,-27.676153,1.0,3.0,0.1554363784599304,False,REGULAR,USD,2026-08-31,7332.16015625,0.0363499975204467,call,1.045394513575414,0.2273972602739726,94.4
SPXW260831C07670000,2026-06-09 15:11:59+00:00,7670.0,113.86,92.3,93.3,-11.18,-8.941139,10.0,43.0,0.155276162776947,False,REGULAR,USD,2026-08-31,7332.16015625,0.0363499975204467,call,1.0460764408510663,0.2273972602739726,92.8
SPXW260831C07675000,2026-06-09 15:22:04+00:00,7675.0,105.95,90.7,91.6,-36.92,-25.841673,6.0,46.0,0.1549328434562683,False,REGULAR,USD,2026-08-31,7332.16015625,0.0363499975204467,call,1.0467583681267192,0.2273972602739726,91.15
SPXW260831C07680000,2026-06-05 18:28:49+00:00,7680.0,127.11,89.8,91.7,0.0,0.0,2.0,15.0,0.1560982218170166,False,REGULAR,USD,2026-08-31,7332.16015625,0.0363499975204467,call,1.0474402954023718,0.2273972602739726,90.75
SPXW260831C07685000,2026-06-05 13:14:20+00:00,7685.0,170.2,87.4,88.5,0.0,0.0,25.0,34.0,0.1544560110664367,False,REGULAR,USD,2026-08-31,7332.16015625,0.0363499975204467,call,1.0481222226780242,0.2273972602739726,87.95
SPXW260831C07690000,2026-06-04 17:02:21+00:00,7690.0,126.3,88.0,88.8,-67.84,-34.94385,10.0,101.0,0.1557796977806091,False,REGULAR,USD,2026-08-31,7332.16015625,0.0363499975204467,call,1.0488041499536769,0.2273972602739726,88.4
SPXW260831C07695000,2026-05-29 19:46:27+00:00,7695.0,197.3,84.0,89.2,0.0,0.0,1.0,1.0,0.1571853996658325,False,REGULAR,USD,2026-08-31,7332.16015625,0.0363499975204467,call,1.0494860772293295,0.2273972602739726,86.6
SPXW260831C07700000,2026-06-09 14:51:39+00:00,7700.0,97.11,84.6,85.5,-10.089996,-9.412311,35.0,1502.0,0.1550606345367432,False,REGULAR,USD,2026-08-31,7332.16015625,0.0363499975204467,call,1.0501680045049822,0.2273972602739726,85.05
SPXW260831C07710000,2026-06-04 17:02:21+00:00,7710.0,183.39,79.6,80.5,0.0,0.0,5.0,17.0,0.1527832830429077,False,REGULAR,USD,2026-08-31,7332.16015625,0.0363499975204467,call,1.0515318590562872,0.2273972602739726,80.05
SPXW260831C07715000,2026-06-09 14:49:49+00:00,7715.0,92.08,79.9,80.7,-23.220001,-20.138767,20.0,1295.0,0.1539906226539611,False,REGULAR,USD,2026-08-31,7332.16015625,0.0363499975204467,call,1.0522137863319398,0.2273972602739726,80.30000000000001
SPXW260831C07725000,2026-06-09 14:51:39+00:00,7725.0,88.56,76.9,77.9,-29.79,-25.171103,1.0,102.0,0.1535538441848755,False,REGULAR,USD,2026-08-31,7332.16015625,0.0363499975204467,call,1.053577640883245,0.2273972602739726,77.4
SPXW260831C07730000,2026-06-05 16:24:01+00:00,7730.0,123.52,75.9,77.0,0.0,0.0,1.0,11.0,0.153761743106842,False,REGULAR,USD,2026-08-31,7332.16015625,0.0363499975204467,call,1.0542595681588975,0.2273972602739726,76.45
SPXW260831C07735000,2026-06-03 17:48:51+00:00,7735.0,165.5,72.2,73.3,0.0,0.0,5.0,6.0,0.1514195424079895,False,REGULAR,USD,2026-08-31,7332.16015625,0.0363499975204467,call,1.0549414954345502,0.2273972602739726,72.75
SPXW260831C07740000,2026-05-29 20:10:46+00:00,7740.0,171.5,71.8,85.0,0.0,0.0,823.0,824.0,0.1629207396507263,False,REGULAR,USD,2026-08-31,7332.16015625,0.0363499975204467,call,1.0556234227102028,0.2273972602739726,78.4
SPXW260831C07750000,2026-06-09 15:22:04+00:00,7750.0,80.45,68.0,68.7,-9.260002,-10.322152,5.0,361.0,0.1501492609214783,False,REGULAR,USD,2026-08-31,7332.16015625,0.0363499975204467,call,1.056987277261508,0.2273972602739726,68.35
SPXW260831C07765000,2026-06-05 18:52:53+00:00,7765.0,89.58,64.2,65.4,0.0,0.0,1.0,1.0,0.1499508986473083,False,REGULAR,USD,2026-08-31,7332.16015625,0.0363499975204467,call,1.0590330590884658,0.2273972602739726,64.80000000000001
SPXW260831C07770000,2026-06-04 15:34:36+00:00,7770.0,147.44,64.6,65.4,0.0,0.0,1.0,26.0,0.1509121927452087,False,REGULAR,USD,2026-08-31,7332.16015625,0.0363499975204467,call,1.0597149863641182,0.2273972602739726,65.0
SPXW260831C07775000,2026-06-02 19:12:41+00:00,7775.0,166.96,61.6,62.4,0.0,0.0,1.0,58.0,0.148978160572052,False,REGULAR,USD,2026-08-31,7332.16015625,0.0363499975204467,call,1.0603969136397708,0.2273972602739726,62.0
SPXW260831C07780000,2026-06-05 16:24:01+00:00,7780.0,103.85,60.4,61.2,0.0,0.0,1.0,30.0,0.1487550030136108,False,REGULAR,USD,2026-08-31,7332.16015625,0.0363499975204467,call,1.0610788409154237,0.2273972602739726,60.8
SPXW260831C07790000,2026-05-29 18:34:50+00:00,7790.0,148.9,59.4,60.2,0.0,0.0,27.0,25.0,0.1496495405769348,False,REGULAR,USD,2026-08-31,7332.16015625,0.0363499975204467,call,1.0624426954667283,0.2273972602739726,59.8
SPXW260831C07795000,2026-05-29 18:16:21+00:00,7795.0,142.7,58.3,59.2,0.0,0.0,27.0,27.0,0.1495904133605957,False,REGULAR,USD,2026-08-31,7332.16015625,0.0363499975204467,call,1.0631246227423812,0.2273972602739726,58.75
SPXW260831C07800000,2026-06-08 20:02:51+00:00,7800.0,73.7,56.8,57.9,0.0,0.0,9.0,428.0,0.1492165767669677,False,REGULAR,USD,2026-08-31,7332.16015625,0.0363499975204467,call,1.0638065500180338,0.2273972602739726,57.35
SPXW260831C07805000,2026-05-26 14:57:17+00:00,7805.0,134.8,53.3,56.5,0.0,0.0,10.0,10.0,0.1487225784111022,False,REGULAR,USD,2026-08-31,7332.16015625,0.0363499975204467,call,1.0644884772936865,0.2273972602739726,54.9
SPXW260831C07810000,2026-06-09 02:58:29+00:00,7810.0,72.81,53.3,54.1,0.80999756,1.1249967,1.0,42.0,0.1471795487976074,False,REGULAR,USD,2026-08-31,7332.16015625,0.0363499975204467,call,1.0651704045693389,0.2273972602739726,53.7
SPXW260831C07815000,2026-06-04 15:16:05+00:00,7815.0,128.43,53.0,54.3,0.0,0.0,3.0,14.0,0.1482934292602539,False,REGULAR,USD,2026-08-31,7332.16015625,0.0363499975204467,call,1.0658523318449915,0.2273972602739726,53.65
SPXW260831C07820000,2026-05-22 14:01:57+00:00,7820.0,114.38,51.5,53.3,0.0,0.0,2.0,1.0,0.1481580088615417,False,REGULAR,USD,2026-08-31,7332.16015625,0.0363499975204467,call,1.066534259120644,0.2273972602739726,52.4
SPXW260831C07825000,2026-06-05 17:40:13+00:00,7825.0,85.48,50.4,51.4,0.0,0.0,20.0,59.0,0.1470612943649292,False,REGULAR,USD,2026-08-31,7332.16015625,0.0363499975204467,call,1.0672161863962968,0.2273972602739726,50.9
SPXW260831C07835000,2026-06-05 15:12:34+00:00,7835.0,91.5,48.3,49.9,0.0,0.0,12.0,12.0,0.1472386760139465,False,REGULAR,USD,2026-08-31,7332.16015625,0.0363499975204467,call,1.0685800409476018,0.2273972602739726,49.1
SPXW260831C07850000,2026-06-08 15:29:58+00:00,7850.0,71.8,45.9,47.4,0.0,0.0,1.0,101.0,0.1471509388542175,False,REGULAR,USD,2026-08-31,7332.16015625,0.0363499975204467,call,1.0706258227745595,0.2273972602739726,46.65
SPXW260831C07855000,2026-06-08 17:36:12+00:00,7855.0,63.03,43.8,48.2,0.0,0.0,1.0,2.0,0.1488999600601196,False,REGULAR,USD,2026-08-31,7332.16015625,0.0363499975204467,call,1.0713077500502122,0.2273972602739726,46.0
SPXW260831C07860000,2026-05-29 14:31:09+00:00,7860.0,125.43,44.3,45.1,0.0,0.0,5.0,5.0,0.146317435836792,False,REGULAR,USD,2026-08-31,7332.16015625,0.0363499975204467,call,1.0719896773258648,0.2273972602739726,44.7
SPXW260831C07870000,2026-06-05 19:37:40+00:00,7870.0,58.23,41.8,43.1,0.0,0.0,7.0,20.0,0.1457452369689941,False,REGULAR,USD,2026-08-31,7332.16015625,0.0363499975204467,call,1.07335353187717,0.2273972602739726,42.45
SPXW260831C07875000,2026-06-08 15:44:42+00:00,7875.0,64.7,40.3,41.5,0.0,0.0,1.0,29.0,0.1447324449729919,False,REGULAR,USD,2026-08-31,7332.16015625,0.0363499975204467,call,1.0740354591528225,0.2273972602739726,40.9
SPXW260831C07885000,2026-05-28 14:40:30+00:00,7885.0,102.2,39.7,40.5,0.0,0.0,13.0,20.0,0.1452264433288574,False,REGULAR,USD,2026-08-31,7332.16015625,0.0363499975204467,call,1.0753993137041278,0.2273972602739726,40.1
SPXW260831C07895000,2026-06-09 14:01:59+00:00,7895.0,61.96,38.0,38.8,-50.129997,-44.72299,1.0,1.0,0.1448411627578735,False,REGULAR,USD,2026-08-31,7332.16015625,0.0363499975204467,call,1.0767631682554328,0.2273972602739726,38.4
SPXW260831C07900000,2026-06-08 15:44:42+00:00,7900.0,58.51,37.5,38.2,0.0,0.0,4.0,101.0,0.1449308072471618,False,REGULAR,USD,2026-08-31,7332.16015625,0.0363499975204467,call,1.0774450955310857,0.2273972602739726,37.85
SPXW260831C07905000,2026-06-09 14:01:59+00:00,7905.0,59.54,35.3,36.6,8.130001,15.814046,1.0,16.0,0.1437692435455322,False,REGULAR,USD,2026-08-31,7332.16015625,0.0363499975204467,call,1.078127022806738,0.2273972602739726,35.95
SPXW260831C07925000,2026-06-05 16:45:44+00:00,7925.0,54.28,30.5,33.2,0.0,0.0,1.0,7.0,0.1426267531394958,False,REGULAR,USD,2026-08-31,7332.16015625,0.0363499975204467,call,1.0808547319093484,0.2273972602739726,31.85
SPXW260831C07950000,2026-06-08 14:45:37+00:00,7950.0,37.1,28.7,29.5,-9.75,-20.8111,1.0,108.0,0.141522409324646,False,REGULAR,USD,2026-08-31,7332.16015625,0.0363499975204467,call,1.0842643682876114,0.2273972602739726,29.1
SPXW260831C07955000,2026-06-08 19:21:35+00:00,7955.0,39.6,28.9,29.6,0.0,0.0,18.0,14.0,0.1424264835357666,False,REGULAR,USD,2026-08-31,7332.16015625,0.0363499975204467,call,1.0849462955632638,0.2273972602739726,29.25
SPXW260831C07965000,2026-06-08 15:29:58+00:00,7965.0,45.15,27.0,27.9,0.0,0.0,1.0,1.0,0.1415376679611206,False,REGULAR,USD,2026-08-31,7332.16015625,0.0363499975204467,call,1.086310150114569,0.2273972602739726,27.45
SPXW260831C07970000,2026-06-08 18:01:07+00:00,7970.0,40.0,27.1,28.0,0.0,0.0,1.0,1.0,0.1424360201835632,False,REGULAR,USD,2026-08-31,7332.16015625,0.0363499975204467,call,1.0869920773902215,0.2273972602739726,27.55
SPXW260831C07975000,2026-06-08 17:03:17+00:00,7975.0,38.1,26.2,27.0,0.0,0.0,36.0,115.0,0.1417322155761718,False,REGULAR,USD,2026-08-31,7332.16015625,0.0363499975204467,call,1.0876740046658744,0.2273972602739726,26.6
SPXW260831C07980000,2026-06-09 14:21:20+00:00,7980.0,37.2,26.1,26.8,-23.61,-38.82585,2.0,3.0,0.1421823453521728,False,REGULAR,USD,2026-08-31,7332.16015625,0.0363499975204467,call,1.0883559319415268,0.2273972602739726,26.450000000000003
SPXW260831C07990000,2026-06-05 19:59:52+00:00,7990.0,33.6,24.6,27.4,0.0,0.0,1.0,49.0,0.1445607853126526,False,REGULAR,USD,2026-08-31,7332.16015625,0.0363499975204467,call,1.089719786492832,0.2273972602739726,26.0
SPXW260831C07995000,2026-05-27 15:36:39+00:00,7995.0,67.0,24.9,25.9,0.0,0.0,14.0,14.0,0.1430616242790222,False,REGULAR,USD,2026-08-31,7332.16015625,0.0363499975204467,call,1.0904017137684847,0.2273972602739726,25.4
SPXW260831C08000000,2026-06-09 13:37:23+00:00,8000.0,38.4,22.7,23.5,6.9000015,21.904766,1.0,742.0,0.1400747461891174,False,REGULAR,USD,2026-08-31,7332.16015625,0.0363499975204467,call,1.0910836410441371,0.2273972602739726,23.1
SPXW260831C08005000,2026-06-08 00:52:21+00:00,8005.0,32.3,22.8,23.7,0.0,0.0,1.0,1.0,0.1411161481285095,False,REGULAR,USD,2026-08-31,7332.16015625,0.0363499975204467,call,1.0917655683197898,0.2273972602739726,23.25
SPXW260831C08010000,2026-05-27 15:22:06+00:00,8010.0,63.51,23.1,23.9,0.0,0.0,1.0,13.0,0.1421575500679016,False,REGULAR,USD,2026-08-31,7332.16015625,0.0363499975204467,call,1.0924474955954424,0.2273972602739726,23.5
SPXW260831C08020000,2026-05-29 19:49:30+00:00,8020.0,70.55,21.3,22.0,0.0,0.0,2.0,2.0,0.1405191539764404,False,REGULAR,USD,2026-08-31,7332.16015625,0.0363499975204467,call,1.0938113501467477,0.2273972602739726,21.65
SPXW260831C08025000,2026-06-08 14:45:37+00:00,8025.0,33.85,20.2,21.2,0.0,0.0,1.0,42.0,0.1398935498809814,False,REGULAR,USD,2026-08-31,7332.16015625,0.0363499975204467,call,1.0944932774224,0.2273972602739726,20.7
SPXW260831C08030000,2026-06-04 15:22:33+00:00,8030.0,58.12,20.4,21.2,0.0,0.0,1.0,2.0,0.1405992618179321,False,REGULAR,USD,2026-08-31,7332.16015625,0.0363499975204467,call,1.0951752046980527,0.2273972602739726,20.8
SPXW260831C08035000,2026-05-22 17:05:22+00:00,8035.0,59.17,19.9,20.7,0.0,0.0,2.0,5.0,0.1404504901123047,False,REGULAR,USD,2026-08-31,7332.16015625,0.0363499975204467,call,1.0958571319737054,0.2273972602739726,20.3
SPXW260831C08040000,2026-06-01 14:20:37+00:00,8040.0,60.66,18.9,19.6,0.0,0.0,1.0,3.0,0.1392336138534546,False,REGULAR,USD,2026-08-31,7332.16015625,0.0363499975204467,call,1.0965390592493578,0.2273972602739726,19.25
SPXW260831C08050000,2026-06-05 13:31:33+00:00,8050.0,45.59,18.0,18.8,0.0,0.0,20.0,625.0,0.1391840232849121,False,REGULAR,USD,2026-08-31,7332.16015625,0.0363499975204467,call,1.097902913800663,0.2273972602739726,18.4
SPXW260831C08055000,2026-05-29 15:41:51+00:00,8055.0,64.33,18.0,18.8,0.0,0.0,1.0,1.0,0.1398706619262695,False,REGULAR,USD,2026-08-31,7332.16015625,0.0363499975204467,call,1.0985848410763157,0.2273972602739726,18.4
SPXW260831C08060000,2026-06-05 12:56:10+00:00,8060.0,43.72,17.6,18.2,0.0,0.0,1.0,17.0,0.1394548640823364,False,REGULAR,USD,2026-08-31,7332.16015625,0.0363499975204467,call,1.0992667683519683,0.2273972602739726,17.9
SPXW260831C08065000,2026-05-29 15:41:51+00:00,8065.0,62.1,16.5,17.5,0.0,0.0,3.0,4.0,0.1388216306686401,False,REGULAR,USD,2026-08-31,7332.16015625,0.0363499975204467,call,1.0999486956276208,0.2273972602739726,17.0
SPXW260831C08070000,2026-06-05 13:19:28+00:00,8070.0,41.51,16.1,17.1,0.0,0.0,1.0,1.0,0.1387338935089111,False,REGULAR,USD,2026-08-31,7332.16015625,0.0363499975204467,call,1.1006306229032734,0.2273972602739726,16.6
SPXW260831C08075000,2026-06-04 17:11:50+00:00,8075.0,51.35,15.9,16.6,0.0,0.0,9.0,9.0,0.1384363500976562,False,REGULAR,USD,2026-08-31,7332.16015625,0.0363499975204467,call,1.101312550178926,0.2273972602739726,16.25
SPXW260831C08080000,2026-06-04 13:35:53+00:00,8080.0,42.34,15.4,16.2,0.0,0.0,1.0,17.0,0.1383142810058593,False,REGULAR,USD,2026-08-31,7332.16015625,0.0363499975204467,call,1.101994477454579,0.2273972602739726,15.8
SPXW260831C08085000,2026-06-08 16:25:03+00:00,8085.0,26.0,15.6,16.3,0.0,0.0,1.0,2.0,0.1391802086257935,False,REGULAR,USD,2026-08-31,7332.16015625,0.0363499975204467,call,1.102676404730231,0.2273972602739726,15.95
SPXW260831C08100000,2026-06-08 19:20:29+00:00,8100.0,20.43,13.9,14.7,0.0,0.0,30.0,105.0,0.137879409866333,False,REGULAR,USD,2026-08-31,7332.16015625,0.0363499975204467,call,1.104722186557189,0.2273972602739726,14.3
SPXW260831C08115000,2026-06-08 17:31:07+00:00,8115.0,21.1,13.4,14.0,0.0,0.0,30.0,30.0,0.1383219103240967,False,REGULAR,USD,2026-08-31,7332.16015625,0.0363499975204467,call,1.1067679683841467,0.2273972602739726,13.7
SPXW260831C08125000,2026-05-26 15:07:04+00:00,8125.0,46.17,12.7,13.4,0.0,0.0,2.0,3.0,0.1382761344146728,False,REGULAR,USD,2026-08-31,7332.16015625,0.0363499975204467,call,1.1081318229354518,0.2273972602739726,13.05
SPXW260831C08135000,2026-06-08 15:43:18+00:00,8135.0,20.95,11.9,12.6,0.0,0.0,4.0,4.0,0.1377115648651123,False,REGULAR,USD,2026-08-31,7332.16015625,0.0363499975204467,call,1.109495677486757,0.2273972602739726,12.25
SPXW260831C08145000,2026-06-08 17:31:07+00:00,8145.0,18.3,11.9,12.5,0.0,0.0,33.0,13.0,0.1387377081680298,False,REGULAR,USD,2026-08-31,7332.16015625,0.0363499975204467,call,1.110859532038062,0.2273972602739726,12.2
SPXW260831C08150000,2026-06-01 16:52:12+00:00,8150.0,42.5,10.9,11.7,0.0,0.0,1.0,4.0,0.1374369094085693,False,REGULAR,USD,2026-08-31,7332.16015625,0.0363499975204467,call,1.1115414593137147,0.2273972602739726,11.3
SPXW260831C08190000,2026-06-05 20:11:31+00:00,8190.0,11.01,9.6,10.1,0.0,0.0,4.0,4.0,0.1382036558914184,False,REGULAR,USD,2026-08-31,7332.16015625,0.0363499975204467,call,1.1169968775189354,0.2273972602739726,9.85
SPXW260831C08200000,2026-06-05 19:34:09+00:00,8200.0,12.46,9.0,9.5,0.0,0.0,52.0,171.0,0.1377344528198242,False,REGULAR,USD,2026-08-31,7332.16015625,0.0363499975204467,call,1.118360732070241,0.2273972602739726,9.25
SPXW260831C08210000,2026-06-05 18:51:22+00:00,8210.0,12.6,8.5,9.1,0.0,0.0,1.0,1.0,0.1377725994110107,False,REGULAR,USD,2026-08-31,7332.16015625,0.0363499975204467,call,1.1197245866215455,0.2273972602739726,8.8
SPXW260831C08220000,2026-06-05 13:42:42+00:00,8220.0,19.5,7.9,8.5,0.0,0.0,1.0,1.0,0.137154624633789,False,REGULAR,USD,2026-08-31,7332.16015625,0.0363499975204467,call,1.121088441172851,0.2273972602739726,8.2
SPXW260831C08225000,2026-06-04 14:05:23+00:00,8225.0,21.7,7.5,8.1,0.0,0.0,29.0,30.0,0.1364985032653808,False,REGULAR,USD,2026-08-31,7332.16015625,0.0363499975204467,call,1.1217703684485036,0.2273972602739726,7.8
SPXW260831C08250000,2026-06-08 14:45:22+00:00,8250.0,11.79,6.6,7.2,0.0,0.0,3.0,40.0,0.1364145807647705,False,REGULAR,USD,2026-08-31,7332.16015625,0.0363499975204467,call,1.1251800048267664,0.2273972602739726,6.9
SPXW260831C08260000,2026-05-29 13:52:02+00:00,8260.0,31.9,6.7,7.2,0.0,0.0,6.0,6.0,0.1375475345230102,False,REGULAR,USD,2026-08-31,7332.16015625,0.0363499975204467,call,1.1265438593780717,0.2273972602739726,6.95
SPXW260831C08275000,2026-06-08 16:02:38+00:00,8275.0,10.4,6.1,6.6,0.0,0.0,3.0,46.0,0.1371088487243652,False,REGULAR,USD,2026-08-31,7332.16015625,0.0363499975204467,call,1.1285896412050294,0.2273972602739726,6.35
SPXW260831C08280000,2026-06-08 17:10:05+00:00,8280.0,9.15,5.9,6.4,0.0,0.0,1.0,2.0,0.1369257450866699,False,REGULAR,USD,2026-08-31,7332.16015625,0.0363499975204467,call,1.129271568480682,0.2273972602739726,6.15
SPXW260831C08290000,2026-05-26 15:57:04+00:00,8290.0,23.0,5.8,6.3,0.0,0.0,1.0,52.0,0.1376505303192139,False,REGULAR,USD,2026-08-31,7332.16015625,0.0363499975204467,call,1.1306354230319873,0.2273972602739726,6.05
SPXW260831C08300000,2026-06-08 19:15:19+00:00,8300.0,7.61,5.2,5.7,0.0,0.0,34.0,974.0,0.1364069514465332,False,REGULAR,USD,2026-08-31,7332.16015625,0.0363499975204467,call,1.1319992775832923,0.2273972602739726,5.45
SPXW260831C08310000,2026-06-08 19:27:35+00:00,8310.0,7.2,4.9,5.4,0.0,0.0,2.0,62.0,0.1362467357635498,False,REGULAR,USD,2026-08-31,7332.16015625,0.0363499975204467,call,1.1333631321345976,0.2273972602739726,5.15
SPXW260831C08320000,2026-06-05 16:09:49+00:00,8320.0,9.58,4.9,5.4,0.0,0.0,1.0,1.0,0.1373224696350098,False,REGULAR,USD,2026-08-31,7332.16015625,0.0363499975204467,call,1.1347269866859029,0.2273972602739726,5.15
SPXW260831C08350000,2026-06-05 19:30:28+00:00,8350.0,6.2,4.2,4.7,0.0,0.0,9.0,20.0,0.1373987628173828,False,REGULAR,USD,2026-08-31,7332.16015625,0.0363499975204467,call,1.1388185503398185,0.2273972602739726,4.45
SPXW260831C08370000,2026-06-01 16:33:21+00:00,8370.0,16.2,3.8,4.2,0.0,0.0,25.0,56.0,0.1370401848602295,False,REGULAR,USD,2026-08-31,7332.16015625,0.0363499975204467,call,1.1415462594424286,0.2273972602739726,4.0
SPXW260831C08380000,2026-06-08 17:10:05+00:00,8380.0,5.7,3.6,4.0,0.0,0.0,1.0,3.0,0.1370325555419922,False,REGULAR,USD,2026-08-31,7332.16015625,0.0363499975204467,call,1.1429101139937337,0.2273972602739726,3.8
SPXW260831C08400000,2026-06-08 05:42:06+00:00,8400.0,4.78,3.3,3.9,0.0,0.0,2.0,273.0,0.1385431605529785,False,REGULAR,USD,2026-08-31,7332.16015625,0.0363499975204467,call,1.145637823096344,0.2273972602739726,3.6
SPXW260831C08410000,2026-06-05 18:25:23+00:00,8410.0,5.1,3.2,3.6,0.0,0.0,1.0,5.0,0.137879409866333,False,REGULAR,USD,2026-08-31,7332.16015625,0.0363499975204467,call,1.1470016776476493,0.2273972602739726,3.4000000000000004
SPXW260831C08425000,2026-06-08 02:24:00+00:00,8425.0,4.63,3.0,3.4,0.0,0.0,2.0,2.0,0.1382074705505371,False,REGULAR,USD,2026-08-31,7332.16015625,0.0363499975204467,call,1.149047459474607,0.2273972602739726,3.2
SPXW260831C08430000,2026-06-05 14:02:47+00:00,8430.0,6.7,2.95,3.3,0.0,0.0,20.0,21.0,0.1381006600952148,False,REGULAR,USD,2026-08-31,7332.16015625,0.0363499975204467,call,1.1497293867502596,0.2273972602739726,3.125
SPXW260831C08440000,2026-06-05 14:46:00+00:00,8440.0,6.35,2.8,3.2,0.0,0.0,1.0,1.0,0.1384668673706054,False,REGULAR,USD,2026-08-31,7332.16015625,0.0363499975204467,call,1.1510932413015649,0.2273972602739726,3.0
SPXW260831C08450000,2026-06-08 05:42:06+00:00,8450.0,3.83,2.65,3.0,0.0,0.0,2.0,12.0,0.1381616946411132,False,REGULAR,USD,2026-08-31,7332.16015625,0.0363499975204467,call,1.15245709585287,0.2273972602739726,2.825
SPXW260831C08470000,2026-05-29 13:51:58+00:00,8470.0,13.8,2.55,2.85,0.0,0.0,25.0,25.0,0.1390924714660644,False,REGULAR,USD,2026-08-31,7332.16015625,0.0363499975204467,call,1.1551848049554805,0.2273972602739726,2.7
SPXW260831C08475000,2026-06-08 19:15:19+00:00,8475.0,3.46,2.55,2.85,0.0,0.0,1.0,2.0,0.1395654891967773,False,REGULAR,USD,2026-08-31,7332.16015625,0.0363499975204467,call,1.155866732231133,0.2273972602739726,2.7
SPXW260831C08490000,2026-06-05 14:46:00+00:00,8490.0,5.0,2.3,2.65,0.0,0.0,1.0,3.0,0.1395960064697265,False,REGULAR,USD,2026-08-31,7332.16015625,0.0363499975204467,call,1.1579125140580906,0.2273972602739726,2.475
SPXW260831C08500000,2026-06-08 16:34:16+00:00,8500.0,3.6,2.4,2.7,0.0,0.0,3.0,494.0,0.140908249206543,False,REGULAR,USD,2026-08-31,7332.16015625,0.0363499975204467,call,1.159276368609396,0.2273972602739726,2.55
SPXW260831C08540000,2026-06-08 01:52:15+00:00,8540.0,3.0,2.1,2.4,0.0,0.0,5.0,6.0,0.1424035955810547,False,REGULAR,USD,2026-08-31,7332.16015625,0.0363499975204467,call,1.1647317868146163,0.2273972602739726,2.25
SPXW260831C08550000,2026-06-08 18:34:08+00:00,8550.0,2.95,1.85,2.15,0.0,0.0,23.0,25.0,0.1412439392089844,False,REGULAR,USD,2026-08-31,7332.16015625,0.0363499975204467,call,1.1660956413659216,0.2273972602739726,2.0
SPXW260831C08600000,2026-06-09 00:37:57+00:00,8600.0,1.92,1.55,1.9,-0.48000014,-20.000006,10.0,469.0,0.1435174760437012,False,REGULAR,USD,2026-08-31,7332.16015625,0.0363499975204467,call,1.1729149141224475,0.2273972602739726,1.725
SPXW260831C08700000,2026-06-05 17:30:14+00:00,8700.0,1.8,1.3,1.55,0.0,0.0,33.0,89.0,0.1486596365356445,False,REGULAR,USD,2026-08-31,7332.16015625,0.0363499975204467,call,1.1865534596354992,0.2273972602739726,1.425
SPX260918C07260000,2026-06-08 17:01:40+00:00,7260.0,407.2,343.4,345.0,0.0,0.0,23.0,241.0,0.20018900557518,True,REGULAR,USD,2026-09-18,7332.16015625,0.0363499975204467,call,0.9901584042475544,0.2767123287671232,344.2
SPXW260918C07275000,2026-06-05 20:02:02+00:00,7275.0,370.2,329.0,330.5,0.0,0.0,6.0,301.0,0.195742066707611,True,REGULAR,USD,2026-09-18,7332.16015625,0.0363499975204467,call,0.9922041860745124,0.2767123287671232,329.75
SPX260918C07280000,2026-06-05 19:59:59+00:00,7280.0,375.0,331.1,333.0,0.0,0.0,11.0,79.0,0.1990245808792114,True,REGULAR,USD,2026-09-18,7332.16015625,0.0363499975204467,call,0.9928861133501647,0.2767123287671232,332.05
SPX260918C07300000,2026-06-09 14:41:54+00:00,7300.0,372.66,311.8,313.8,-16.73999,-4.298919,3.0,12263.0,0.1930565466880798,True,REGULAR,USD,2026-09-18,7332.16015625,0.0363499975204467,call,0.9956138224527752,0.2767123287671232,312.8
SPX260918C07320000,2026-05-22 19:33:42+00:00,7320.0,416.41,299.8,302.2,0.0,0.0,7.0,62.0,0.1919045196342468,True,REGULAR,USD,2026-09-18,7332.16015625,0.0363499975204467,call,0.9983415315553856,0.2767123287671232,301.0
SPX260918C07325000,2026-06-09 13:35:16+00:00,7325.0,373.2,296.9,298.9,-10.099976,-2.6350055,2.0,3503.0,0.1913361354255676,True,REGULAR,USD,2026-09-18,7332.16015625,0.0363499975204467,call,0.9990234588310382,0.2767123287671232,297.9
SPX260918C07330000,2026-05-18 16:15:27+00:00,7330.0,360.3,293.5,296.1,0.0,0.0,4.0,32.0,0.1910834142589569,True,REGULAR,USD,2026-09-18,7332.16015625,0.0363499975204467,call,0.9997053861066908,0.2767123287671232,294.8
SPXW260918C07340000,2026-06-02 01:56:21+00:00,7340.0,456.6,285.1,292.3,0.0,0.0,5.0,15.0,0.1917176013374329,False,REGULAR,USD,2026-09-18,7332.16015625,0.0363499975204467,call,1.001069240657996,0.2767123287671232,288.70000000000005
SPX260918C07350000,2026-06-08 19:43:29+00:00,7350.0,330.11,285.4,286.8,0.0,0.0,141.0,5406.0,0.1912178809928894,False,REGULAR,USD,2026-09-18,7332.16015625,0.0363499975204467,call,1.002433095209301,0.2767123287671232,286.1
SPX260918C07355000,2026-06-05 19:57:47+00:00,7355.0,328.8,277.1,278.9,0.0,0.0,10.0,10.0,0.1876225647735595,False,REGULAR,USD,2026-09-18,7332.16015625,0.0363499975204467,call,1.0031150224849537,0.2767123287671232,278.0
SPX260918C07360000,2026-05-27 15:00:56+00:00,7360.0,409.0,274.9,277.7,0.0,0.0,2.0,208.0,0.1883549793243408,False,REGULAR,USD,2026-09-18,7332.16015625,0.0363499975204467,call,1.0037969497606063,0.2767123287671232,276.29999999999995
SPX260918C07370000,2026-06-01 17:24:10+00:00,7370.0,449.1,267.8,269.5,0.0,0.0,1.0,26.0,0.1860394812393188,False,REGULAR,USD,2026-09-18,7332.16015625,0.0363499975204467,call,1.0051608043119111,0.2767123287671232,268.65
SPX260918C07375000,2026-06-05 19:48:37+00:00,7375.0,320.4,265.7,267.8,0.0,0.0,13.0,2909.0,0.186420947151184,False,REGULAR,USD,2026-09-18,7332.16015625,0.0363499975204467,call,1.005842731587564,0.2767123287671232,266.75
SPXW260918C07380000,2026-06-05 17:38:48+00:00,7380.0,352.7,267.2,268.4,0.0,0.0,1.0,2.0,0.1882805934715271,False,REGULAR,USD,2026-09-18,7332.16015625,0.0363499975204467,call,1.0065246588632166,0.2767123287671232,267.79999999999995
SPX260918C07385000,2026-05-29 14:31:57+00:00,7385.0,434.15,258.6,260.8,0.0,0.0,1.0,10.0,0.1848283269691467,False,REGULAR,USD,2026-09-18,7332.16015625,0.0363499975204467,call,1.0072065861388693,0.2767123287671232,259.70000000000005
SPX260918C07390000,2026-05-29 14:31:57+00:00,7390.0,430.5,259.8,261.8,0.0,0.0,1.0,18.0,0.1869302041435241,False,REGULAR,USD,2026-09-18,7332.16015625,0.0363499975204467,call,1.0078885134145217,0.2767123287671232,260.8
SPX260918C07395000,2026-05-27 14:54:11+00:00,7395.0,390.0,253.0,254.7,0.0,0.0,2.0,4.0,0.1837812030410766,False,REGULAR,USD,2026-09-18,7332.16015625,0.0363499975204467,call,1.0085704406901743,0.2767123287671232,253.85
SPXW260918C07400000,2026-06-09 00:56:59+00:00,7400.0,283.9,250.9,252.0,-14.0,-4.6995635,1.0,96.0,0.1834703083229064,False,REGULAR,USD,2026-09-18,7332.16015625,0.0363499975204467,call,1.009252367965827,0.2767123287671232,251.45
SPX260918C07405000,2026-05-22 19:52:22+00:00,7405.0,355.4,247.7,249.6,0.0,0.0,1.0,1.0,0.1833453782367706,False,REGULAR,USD,2026-09-18,7332.16015625,0.0363499975204467,call,1.0099342952414796,0.2767123287671232,248.65
SPX260918C07410000,2026-06-05 20:00:41+00:00,7410.0,288.8,247.8,249.3,0.0,0.0,12.0,189.0,0.1845717911434173,False,REGULAR,USD,2026-09-18,7332.16015625,0.0363499975204467,call,1.010616222517132,0.2767123287671232,248.55
SPX260918C07415000,2026-05-27 15:01:07+00:00,7415.0,371.9,241.9,244.2,0.0,0.0,2.0,3.0,0.1826787665557861,False,REGULAR,USD,2026-09-18,7332.16015625,0.0363499975204467,call,1.0112981497927849,0.2767123287671232,243.05
SPX260918C07420000,2026-06-09 14:33:02+00:00,7420.0,295.6,242.7,244.8,-82.29999,-21.778246,2.0,89.0,0.1844716563415527,False,REGULAR,USD,2026-09-18,7332.16015625,0.0363499975204467,call,1.0119800770684373,0.2767123287671232,243.75
SPX260918C07425000,2026-06-04 17:49:47+00:00,7425.0,404.43,235.5,237.2,0.0,0.0,20.0,1241.0,0.1809364210033416,False,REGULAR,USD,2026-09-18,7332.16015625,0.0363499975204467,call,1.01266200434409,0.2767123287671232,236.35
SPXW260918C07430000,2026-06-09 14:47:06+00:00,7430.0,266.8,233.8,234.9,-45.390015,-14.5392275,4.0,15.0,0.1808296105480194,False,REGULAR,USD,2026-09-18,7332.16015625,0.0363499975204467,call,1.0133439316197423,0.2767123287671232,234.35
SPX260918C07435000,2026-06-03 19:51:39+00:00,7435.0,382.7,230.1,231.7,0.0,0.0,8.0,10.0,0.180128666934967,False,REGULAR,USD,2026-09-18,7332.16015625,0.0363499975204467,call,1.014025858895395,0.2767123287671232,230.9
SPXW260918C07440000,2026-06-05 18:14:44+00:00,7440.0,296.7,231.1,232.4,0.0,0.0,3.0,7.0,0.1819539813232422,False,REGULAR,USD,2026-09-18,7332.16015625,0.0363499975204467,call,1.0147077861710476,0.2767123287671232,231.75
SPX260918C07445000,2026-05-22 19:52:22+00:00,7445.0,329.0,224.5,226.1,0.0,0.0,1.0,1.0,0.1792179170703887,False,REGULAR,USD,2026-09-18,7332.16015625,0.0363499975204467,call,1.0153897134467005,0.2767123287671232,225.3
SPXW260918C07450000,2026-06-08 19:32:31+00:00,7450.0,271.0,227.3,228.3,0.0,0.0,48.0,57.0,0.182005479221344,False,REGULAR,USD,2026-09-18,7332.16015625,0.0363499975204467,call,1.016071640722353,0.2767123287671232,227.8
SPX260918C07455000,2026-06-08 19:45:25+00:00,7455.0,262.69,224.3,226.1,0.0,0.0,2.0,7.0,0.1819196493911743,False,REGULAR,USD,2026-09-18,7332.16015625,0.0363499975204467,call,1.016753567998005,0.2767123287671232,225.2
SPXW260918C07460000,2026-06-09 13:53:20+00:00,7460.0,297.67,217.3,218.5,-99.32999,-25.02015,2.0,7.0,0.1782995378875732,False,REGULAR,USD,2026-09-18,7332.16015625,0.0363499975204467,call,1.017435495273658,0.2767123287671232,217.9
SPX260918C07465000,2026-06-08 05:47:06+00:00,7465.0,249.7,213.5,215.2,0.0,0.0,11.0,19.0,0.177473664188385,False,REGULAR,USD,2026-09-18,7332.16015625,0.0363499975204467,call,1.0181174225493106,0.2767123287671232,214.35
SPXW260918C07470000,2026-06-09 14:59:31+00:00,7470.0,243.26,215.9,217.0,-49.310013,-16.854092,1.0,17.0,0.1799722659111023,False,REGULAR,USD,2026-09-18,7332.16015625,0.0363499975204467,call,1.0187993498249632,0.2767123287671232,216.45
SPX260918C07475000,2026-06-08 19:42:19+00:00,7475.0,251.75,208.9,210.5,0.0,0.0,32.0,1236.0,0.1770330710601806,False,REGULAR,USD,2026-09-18,7332.16015625,0.0363499975204467,call,1.0194812771006156,0.2767123287671232,209.7
SPXW260918C07480000,2026-06-09 14:46:55+00:00,7480.0,238.0,206.3,208.8,-28.399994,-10.660659,2.0,7.0,0.1772247576808929,False,REGULAR,USD,2026-09-18,7332.16015625,0.0363499975204467,call,1.0201632043762685,0.2767123287671232,207.55
SPX260918C07485000,2026-06-08 05:47:06+00:00,7485.0,238.1,202.6,204.8,0.0,0.0,12.0,31.0,0.1758972563076019,False,REGULAR,USD,2026-09-18,7332.16015625,0.0363499975204467,call,1.020845131651921,0.2767123287671232,203.7
SPXW260918C07490000,2026-06-08 20:05:03+00:00,7490.0,243.4,201.8,204.0,0.0,0.0,1.0,17.0,0.1766620954608917,False,REGULAR,USD,2026-09-18,7332.16015625,0.0363499975204467,call,1.0215270589275736,0.2767123287671232,202.9
SPX260918C07495000,2026-05-22 13:44:27+00:00,7495.0,311.69,202.6,204.3,0.0,0.0,1.0,13.0,0.1781431368637084,False,REGULAR,USD,2026-09-18,7332.16015625,0.0363499975204467,call,1.022208986203226,0.2767123287671232,203.45
SPX260918C07500000,2026-06-09 14:44:20+00:00,7500.0,235.75,194.9,197.0,-0.91000366,-0.38451943,68.0,10819.0,0.1746088551902771,False,REGULAR,USD,2026-09-18,7332.16015625,0.0363499975204467,call,1.0228909134788786,0.2767123287671232,195.95
SPX260918C07505000,2026-06-08 19:39:13+00:00,7505.0,234.6,197.0,199.2,0.0,0.0,2.0,3.0,0.1773287071418762,False,REGULAR,USD,2026-09-18,7332.16015625,0.0363499975204467,call,1.0235728407545313,0.2767123287671232,198.1
SPX260918C07510000,2026-06-08 14:14:57+00:00,7510.0,245.0,190.0,191.6,0.0,0.0,3.0,208.0,0.173564592256546,False,REGULAR,USD,2026-09-18,7332.16015625,0.0363499975204467,call,1.024254768030184,0.2767123287671232,190.8
SPX260918C07515000,2026-06-08 19:54:20+00:00,7515.0,228.0,190.4,192.1,0.0,0.0,20.0,95.0,0.1751486294555664,False,REGULAR,USD,2026-09-18,7332.16015625,0.0363499975204467,call,1.0249366953058363,0.2767123287671232,191.25
SPX260918C07520000,2026-06-08 14:14:37+00:00,7520.0,239.7,192.3,193.9,0.0,0.0,1.0,47.0,0.1775881039619446,False,REGULAR,USD,2026-09-18,7332.16015625,0.0363499975204467,call,1.025618622581489,0.2767123287671232,193.1
SPX260918C07525000,2026-06-08 19:07:59+00:00,7525.0,238.53,183.1,184.8,7.8399963,3.3984985,1.0,3199.0,0.1727825871372223,False,REGULAR,USD,2026-09-18,7332.16015625,0.0363499975204467,call,1.0263005498571416,0.2767123287671232,183.95
SPX260918C07530000,2026-06-08 14:14:40+00:00,7530.0,234.0,179.9,182.0,0.0,0.0,2.0,180.0,0.1721455390644073,False,REGULAR,USD,2026-09-18,7332.16015625,0.0363499975204467,call,1.0269824771327942,0.2767123287671232,180.95
SPX260918C07535000,2026-06-09 13:30:46+00:00,7535.0,246.77,178.1,180.1,16.169998,7.012141,100.0,14.0,0.1720988094902038,False,REGULAR,USD,2026-09-18,7332.16015625,0.0363499975204467,call,1.0276644044084466,0.2767123287671232,179.1
SPXW260918C07540000,2026-06-04 16:16:18+00:00,7540.0,318.14,176.1,177.9,0.0,0.0,1.0,1.0,0.1718413199996948,False,REGULAR,USD,2026-09-18,7332.16015625,0.0363499975204467,call,1.0283463316840993,0.2767123287671232,177.0
SPX260918C07545000,2026-06-08 14:29:03+00:00,7545.0,228.5,172.7,174.5,0.0,0.0,1.0,7.0,0.1707694007873535,False,REGULAR,USD,2026-09-18,7332.16015625,0.0363499975204467,call,1.029028258959752,0.2767123287671232,173.6
SPXW260918C07550000,2026-06-08 17:15:50+00:00,7550.0,217.87,175.4,176.6,0.0,0.0,1.0,167.0,0.173380534954071,False,REGULAR,USD,2026-09-18,7332.16015625,0.0363499975204467,call,1.0297101862354046,0.2767123287671232,176.0
SPX260918C07555000,2026-06-08 14:24:42+00:00,7555.0,221.3,169.3,171.2,0.0,0.0,1.0,86.0,0.1709410604476928,False,REGULAR,USD,2026-09-18,7332.16015625,0.0363499975204467,call,1.030392113511057,0.2767123287671232,170.25
SPXW260918C07560000,2026-06-08 18:55:18+00:00,7560.0,214.26,170.2,172.7,0.0,0.0,3.0,3.0,0.1731402114295959,False,REGULAR,USD,2026-09-18,7332.16015625,0.0363499975204467,call,1.0310740407867096,0.2767123287671232,171.45
SPX260918C07565000,2026-06-08 14:30:00+00:00,7565.0,217.1,163.1,164.9,0.0,0.0,2.0,9.0,0.169047082195282,False,REGULAR,USD,2026-09-18,7332.16015625,0.0363499975204467,call,1.0317559680623622,0.2767123287671232,164.0
SPX260918C07570000,2026-06-05 17:26:00+00:00,7570.0,227.2,161.5,163.6,0.0,0.0,4.0,43.0,0.1693350889587402,False,REGULAR,USD,2026-09-18,7332.16015625,0.0363499975204467,call,1.0324378953380149,0.2767123287671232,162.55
SPXW260918C07575000,2026-06-05 14:57:32+00:00,7575.0,253.12,160.4,161.9,0.0,0.0,2.0,61.0,0.1693427182769775,False,REGULAR,USD,2026-09-18,7332.16015625,0.0363499975204467,call,1.0331198226136675,0.2767123287671232,161.15
SPXW260918C07580000,2026-06-09 15:10:23+00:00,7580.0,187.16,159.0,160.5,-15.639999,-7.7120314,2.0,22.0,0.1695468025398255,False,REGULAR,USD,2026-09-18,7332.16015625,0.0363499975204467,call,1.03380174988932,0.2767123287671232,159.75
SPX260918C07585000,2026-06-09 14:47:37+00:00,7585.0,179.05,154.3,156.6,-27.25,-13.208919,1.0,78.0,0.1680314292049408,False,REGULAR,USD,2026-09-18,7332.16015625,0.0363499975204467,call,1.0344836771649726,0.2767123287671232,155.45
SPXW260918C07590000,2026-06-08 16:41:17+00:00,7590.0,203.2,156.6,159.1,0.0,0.0,2.0,24.0,0.1708886088848114,False,REGULAR,USD,2026-09-18,7332.16015625,0.0363499975204467,call,1.0351656044406252,0.2767123287671232,157.85
SPX260918C07595000,2026-06-05 17:40:12+00:00,7595.0,218.3,149.8,152.0,0.0,0.0,3.0,10.0,0.1671502429485321,False,REGULAR,USD,2026-09-18,7332.16015625,0.0363499975204467,call,1.035847531716278,0.2767123287671232,150.9
SPXW260918C07600000,2026-06-09 14:21:44+00:00,7600.0,190.0,152.5,153.3,7.199997,3.938729,18.0,2594.0,0.1691767806053161,False,REGULAR,USD,2026-09-18,7332.16015625,0.0363499975204467,call,1.0365294589919305,0.2767123287671232,152.9
SPX260918C07605000,2026-06-08 14:26:36+00:00,7605.0,196.2,147.3,149.2,0.0,0.0,1.0,9.0,0.1674687669849396,False,REGULAR,USD,2026-09-18,7332.16015625,0.0363499975204467,call,1.037211386267583,0.2767123287671232,148.25
SPX260918C07610000,2026-06-08 16:52:22+00:00,7610.0,192.9,145.2,147.2,0.0,0.0,27.0,75.0,0.1671988798522949,False,REGULAR,USD,2026-09-18,7332.16015625,0.0363499975204467,call,1.0378933135432356,0.2767123287671232,146.2
SPX260918C07615000,2026-06-03 19:39:13+00:00,7615.0,266.85,143.8,145.4,0.0,0.0,1.0,2.0,0.1670567838001251,False,REGULAR,USD,2026-09-18,7332.16015625,0.0363499975204467,call,1.0385752408188882,0.2767123287671232,144.60000000000002
SPX260918C07620000,2026-06-05 18:12:48+00:00,7620.0,194.3,139.1,141.1,0.0,0.0,6.0,94.0,0.1651561298942566,False,REGULAR,USD,2026-09-18,7332.16015625,0.0363499975204467,call,1.0392571680945406,0.2767123287671232,140.1
SPX260918C07625000,2026-06-08 19:49:15+00:00,7625.0,197.12,137.4,138.7,26.440002,15.490979,2.0,1370.0,0.1645677187252044,False,REGULAR,USD,2026-09-18,7332.16015625,0.0363499975204467,call,1.0399390953701932,0.2767123287671232,138.05
SPX260918C07630000,2026-06-05 18:21:55+00:00,7630.0,184.7,139.1,140.7,0.0,0.0,5.0,29.0,0.1670634594535827,False,REGULAR,USD,2026-09-18,7332.16015625,0.0363499975204467,call,1.040621022645846,0.2767123287671232,139.89999999999998
SPX260918C07635000,2026-06-08 19:31:58+00:00,7635.0,168.3,135.7,137.1,0.0,0.0,10.0,19.0,0.1656119816589356,False,REGULAR,USD,2026-09-18,7332.16015625,0.0363499975204467,call,1.0413029499214983,0.2767123287671232,136.39999999999998
SPX260918C07640000,2026-06-04 19:50:00+00:00,7640.0,263.7,131.1,132.8,0.0,0.0,1.0,70.0,0.1636426638889313,False,REGULAR,USD,2026-09-18,7332.16015625,0.0363499975204467,call,1.041984877197151,0.2767123287671232,131.95
SPX260918C07645000,2026-06-08 14:29:32+00:00,7645.0,176.7,129.1,131.0,0.0,0.0,1.0,4.0,0.1634299966430664,False,REGULAR,USD,2026-09-18,7332.16015625,0.0363499975204467,call,1.0426668044728036,0.2767123287671232,130.05
SPX260918C07650000,2026-06-09 15:07:28+00:00,7650.0,149.0,127.9,129.6,-8.570007,-5.438857,16.0,7016.0,0.1634929385185241,False,REGULAR,USD,2026-09-18,7332.16015625,0.0363499975204467,call,1.0433487317484562,0.2767123287671232,128.75
SPX260918C07655000,2026-06-04 19:50:00+00:00,7655.0,254.8,125.2,126.8,0.0,0.0,4.0,19.0,0.1625411810684204,False,REGULAR,USD,2026-09-18,7332.16015625,0.0363499975204467,call,1.0440306590241089,0.2767123287671232,126.0
SPX260918C07660000,2026-06-05 17:40:07+00:00,7660.0,184.0,123.6,125.3,0.0,0.0,5.0,22.0,0.1625106637954712,False,REGULAR,USD,2026-09-18,7332.16015625,0.0363499975204467,call,1.0447125862997613,0.2767123287671232,124.45
SPX260918C07665000,2026-06-08 14:29:02+00:00,7665.0,166.4,121.2,122.8,0.0,0.0,1.0,289.0,0.1617458246421813,False,REGULAR,USD,2026-09-18,7332.16015625,0.0363499975204467,call,1.045394513575414,0.2767123287671232,122.0
SPX260918C07670000,2026-06-05 18:50:41+00:00,7670.0,157.6,119.6,121.0,0.0,0.0,43.0,79.0,0.1614749838447571,False,REGULAR,USD,2026-09-18,7332.16015625,0.0363499975204467,call,1.0460764408510663,0.2767123287671232,120.3
SPX260918C07675000,2026-06-09 14:16:27+00:00,7675.0,153.6,121.5,123.0,7.029999,4.796342,11.0,2394.0,0.1639621415901184,False,REGULAR,USD,2026-09-18,7332.16015625,0.0363499975204467,call,1.0467583681267192,0.2767123287671232,122.25
SPX260918C07680000,2026-06-05 18:57:18+00:00,7680.0,153.2,117.3,118.9,-0.5,-0.32530904,5.0,61.0,0.1619975921440124,False,REGULAR,USD,2026-09-18,7332.16015625,0.0363499975204467,call,1.0474402954023718,0.2767123287671232,118.1
SPX260918C07685000,2026-06-08 16:50:01+00:00,7685.0,156.3,114.9,116.6,0.0,0.0,31.0,65.0,0.1613281194686889,False,REGULAR,USD,2026-09-18,7332.16015625,0.0363499975204467,call,1.0481222226780242,0.2767123287671232,115.75
SPXW260918C07690000,2026-06-08 17:25:11+00:00,7690.0,147.9,113.4,114.2,0.7899933,0.5370085,2.0,47.0,0.1605690023040771,False,REGULAR,USD,2026-09-18,7332.16015625,0.0363499975204467,call,1.0488041499536769,0.2767123287671232,113.8
SPX260918C07695000,2026-06-05 17:25:01+00:00,7695.0,164.6,112.6,113.9,0.0,0.0,1.0,8.0,0.1613538684177398,False,REGULAR,USD,2026-09-18,7332.16015625,0.0363499975204467,call,1.0494860772293295,0.2767123287671232,113.25
SPXW260918C07700000,2026-06-09 14:18:16+00:00,7700.0,140.35,109.9,111.8,1.6200104,1.1677434,10.0,258.0,0.1607940671920776,False,REGULAR,USD,2026-09-18,7332.16015625,0.0363499975204467,call,1.0501680045049822,0.2767123287671232,110.85
SPX260918C07705000,2026-06-08 14:23:12+00:00,7705.0,145.8,109.5,110.7,0.0,0.0,1.0,9.0,0.160968587846756,False,REGULAR,USD,2026-09-18,7332.16015625,0.0363499975204467,call,1.0508499317806346,0.2767123287671232,110.1
SPXW260918C07710000,2026-05-29 13:52:04+00:00,7710.0,231.1,106.3,107.7,0.0,0.0,8.0,19.0,0.1597049820137024,False,REGULAR,USD,2026-09-18,7332.16015625,0.0363499975204467,call,1.0515318590562872,0.2767123287671232,107.0
SPX260918C07715000,2026-06-09 14:14:30+00:00,7715.0,139.0,105.9,107.2,-15.399994,-9.97409,4.0,18.0,0.1603115128135681,False,REGULAR,USD,2026-09-18,7332.16015625,0.0363499975204467,call,1.0522137863319398,0.2767123287671232,106.55
SPXW260918C07720000,2026-06-09 14:13:27+00:00,7720.0,140.0,103.0,104.3,-28.699997,-17.012447,1.0,26.0,0.15908891456604,False,REGULAR,USD,2026-09-18,7332.16015625,0.0363499975204467,call,1.0528957136075925,0.2767123287671232,103.65
SPXW260918C07725000,2026-06-08 17:30:34+00:00,7725.0,112.97,103.8,104.4,-25.630005,-18.492065,8.0,308.0,0.1601388994884491,False,REGULAR,USD,2026-09-18,7332.16015625,0.0363499975204467,call,1.053577640883245,0.2767123287671232,104.1
SPXW260918C07730000,2026-06-09 14:15:57+00:00,7730.0,132.6,102.4,103.4,-83.79999,-38.72458,3.0,28.0,0.1603439374160766,False,REGULAR,USD,2026-09-18,7332.16015625,0.0363499975204467,call,1.0542595681588975,0.2767123287671232,102.9
SPXW260918C07740000,2026-06-03 16:56:02+00:00,7740.0,194.0,98.3,99.3,0.0,0.0,8.0,23.0,0.1591060805320739,False,REGULAR,USD,2026-09-18,7332.16015625,0.0363499975204467,call,1.0556234227102028,0.2767123287671232,98.8
SPX260918C07750000,2026-06-09 14:20:23+00:00,7750.0,134.73,95.9,97.2,16.969994,14.410661,164.0,4169.0,0.159369292011261,False,REGULAR,USD,2026-09-18,7332.16015625,0.0363499975204467,call,1.056987277261508,0.2767123287671232,96.55
SPXW260918C07760000,2026-06-04 18:00:51+00:00,7760.0,196.6,90.3,91.0,0.0,0.0,8.0,19.0,0.1563499893188477,False,REGULAR,USD,2026-09-18,7332.16015625,0.0363499975204467,call,1.0583511318128132,0.2767123287671232,90.65
SPXW260918C07770000,2026-06-05 13:39:09+00:00,7770.0,159.6,88.5,90.2,0.0,0.0,4.0,15.0,0.1575620972537994,False,REGULAR,USD,2026-09-18,7332.16015625,0.0363499975204467,call,1.0597149863641182,0.2767123287671232,89.35
SPX260918C07775000,2026-06-08 17:14:36+00:00,7775.0,114.6,85.0,86.4,0.0,0.0,23.0,855.0,0.1554144441699982,False,REGULAR,USD,2026-09-18,7332.16015625,0.0363499975204467,call,1.0603969136397708,0.2767123287671232,85.7
SPXW260918C07780000,2026-06-05 17:36:05+00:00,7780.0,129.86,84.7,86.0,0.0,0.0,21.0,43.0,0.1560009480094909,False,REGULAR,USD,2026-09-18,7332.16015625,0.0363499975204467,call,1.0610788409154237,0.2767123287671232,85.35
SPX260918C07790000,2026-06-08 14:23:11+00:00,7790.0,112.2,82.8,84.0,0.0,0.0,1.0,63.0,0.1561726076698303,False,REGULAR,USD,2026-09-18,7332.16015625,0.0363499975204467,call,1.0624426954667283,0.2767123287671232,83.4
SPX260918C07800000,2026-06-09 14:50:02+00:00,7800.0,95.2,78.1,79.1,-3.800003,-3.838387,121.0,11961.0,0.1538904878520965,False,REGULAR,USD,2026-09-18,7332.16015625,0.0363499975204467,call,1.0638065500180338,0.2767123287671232,78.6
SPX260918C07810000,2026-06-01 19:58:27+00:00,7810.0,179.9,74.6,76.4,0.0,0.0,1.0,14.0,0.1533726478767395,False,REGULAR,USD,2026-09-18,7332.16015625,0.0363499975204467,call,1.0651704045693389,0.2767123287671232,75.5
SPXW260918C07820000,2026-06-09 14:49:50+00:00,7820.0,85.14,74.9,75.5,-8.690002,-9.261433,46.0,1846.0,0.1543492006111145,False,REGULAR,USD,2026-09-18,7332.16015625,0.0363499975204467,call,1.066534259120644,0.2767123287671232,75.2
SPXW260918C07825000,2026-06-09 14:09:37+00:00,7825.0,107.0,72.4,74.1,-58.800003,-35.464417,2.0,372.0,0.1540135106086731,False,REGULAR,USD,2026-09-18,7332.16015625,0.0363499975204467,call,1.0672161863962968,0.2767123287671232,73.25
SPXW260918C07830000,2026-06-03 19:32:54+00:00,7830.0,154.2,71.3,73.1,0.0,0.0,19.0,48.0,0.1540096959495544,False,REGULAR,USD,2026-09-18,7332.16015625,0.0363499975204467,call,1.0678981136719492,0.2767123287671232,72.19999999999999
SPXW260918C07840000,2026-06-09 14:12:26+00:00,7840.0,89.2,70.6,71.4,-0.7000046,-0.778648,6.0,24.0,0.1542366681671142,False,REGULAR,USD,2026-09-18,7332.16015625,0.0363499975204467,call,1.0692619682232545,0.2767123287671232,71.0
SPXW260918C07850000,2026-06-09 13:42:59+00:00,7850.0,86.6,67.4,68.2,1.25,1.4645578,3.0,769.0,0.1530960850906372,False,REGULAR,USD,2026-09-18,7332.16015625,0.0363499975204467,call,1.0706258227745595,0.2767123287671232,67.80000000000001
SPXW260918C07860000,2026-06-08 17:11:42+00:00,7860.0,85.6,63.6,64.8,0.0,0.0,22.0,42.0,0.1516980125236511,False,REGULAR,USD,2026-09-18,7332.16015625,0.0363499975204467,call,1.0719896773258648,0.2767123287671232,64.2
SPX260918C07870000,2026-06-08 14:28:15+00:00,7870.0,87.8,63.1,64.8,0.0,0.0,1.0,18.0,0.1533516672515869,False,REGULAR,USD,2026-09-18,7332.16015625,0.0363499975204467,call,1.07335353187717,0.2767123287671232,63.95
SPX260918C07875000,2026-06-08 17:37:58+00:00,7875.0,82.7,61.0,62.0,0.0,0.0,21.0,2978.0,0.1515892947387695,False,REGULAR,USD,2026-09-18,7332.16015625,0.0363499975204467,call,1.0740354591528225,0.2767123287671232,61.5
SPX260918C07880000,2026-06-08 14:28:25+00:00,7880.0,74.7,59.9,60.9,-9.800003,-11.597637,5.0,29.0,0.151375673828125,False,REGULAR,USD,2026-09-18,7332.16015625,0.0363499975204467,call,1.0747173864284751,0.2767123287671232,60.4
SPX260918C07890000,2026-06-08 14:29:19+00:00,7890.0,82.9,57.7,59.0,0.0,0.0,1.0,24.0,0.1511982921791077,False,REGULAR,USD,2026-09-18,7332.16015625,0.0363499975204467,call,1.0760812409797804,0.2767123287671232,58.35
SPXW260918C07900000,2026-06-09 14:13:58+00:00,7900.0,77.6,54.9,56.2,6.0999985,8.5314665,12.0,214.0,0.1501034850120544,False,REGULAR,USD,2026-09-18,7332.16015625,0.0363499975204467,call,1.0774450955310857,0.2767123287671232,55.55
SPXW260918C07910000,2026-06-09 14:10:23+00:00,7910.0,69.8,54.1,54.7,-0.7999954,-1.1331381,32.0,31.0,0.1502160174560547,False,REGULAR,USD,2026-09-18,7332.16015625,0.0363499975204467,call,1.0788089500823907,0.2767123287671232,54.400000000000006
SPXW260918C07920000,2026-06-09 14:04:08+00:00,7920.0,74.5,51.2,55.2,3.300003,4.6348357,8.0,33.0,0.1522778407096862,False,REGULAR,USD,2026-09-18,7332.16015625,0.0363499975204467,call,1.0801728046336958,0.2767123287671232,53.2
SPX260918C07925000,2026-06-09 14:30:16+00:00,7925.0,67.0,49.3,50.3,-1.5,-2.189781,3.0,332.0,0.1481408428955078,False,REGULAR,USD,2026-09-18,7332.16015625,0.0363499975204467,call,1.0808547319093484,0.2767123287671232,49.8
SPXW260918C07930000,2026-06-09 14:12:45+00:00,7930.0,71.7,50.2,50.8,2.199997,3.1654632,16.0,21.0,0.1494206610298157,False,REGULAR,USD,2026-09-18,7332.16015625,0.0363499975204467,call,1.081536659185001,0.2767123287671232,50.5
SPXW260918C07940000,2026-06-08 15:18:38+00:00,7940.0,72.6,48.6,49.3,-2.5999985,-3.457445,2.0,23.0,0.1494092170524597,False,REGULAR,USD,2026-09-18,7332.16015625,0.0363499975204467,call,1.082900513736306,0.2767123287671232,48.95
SPX260918C07950000,2026-06-08 18:39:04+00:00,7950.0,63.83,45.9,46.9,0.0,0.0,7.0,2260.0,0.1484116836929321,False,REGULAR,USD,2026-09-18,7332.16015625,0.0363499975204467,call,1.0842643682876114,0.2767123287671232,46.4
SPX260918C07960000,2026-06-08 14:29:24+00:00,7960.0,64.5,42.9,44.2,0.0,0.0,1.0,33.0,0.1470078891372681,False,REGULAR,USD,2026-09-18,7332.16015625,0.0363499975204467,call,1.0856282228389165,0.2767123287671232,43.55
SPXW260918C07970000,2026-06-08 15:23:39+00:00,7970.0,67.3,43.1,43.8,0.0,0.0,1.0,9.0,0.1480473837471008,False,REGULAR,USD,2026-09-18,7332.16015625,0.0363499975204467,call,1.0869920773902215,0.2767123287671232,43.45
SPXW260918C07975000,2026-06-08 17:31:08+00:00,7975.0,60.1,42.4,43.0,0.0,0.0,3.0,129.0,0.1479005193710327,False,REGULAR,USD,2026-09-18,7332.16015625,0.0363499975204467,call,1.0876740046658744,0.2767123287671232,42.7
SPXW260918C07980000,2026-06-09 13:54:43+00:00,7980.0,65.9,41.4,42.2,0.40000153,0.61068934,2.0,18.0,0.1477422110176086,False,REGULAR,USD,2026-09-18,7332.16015625,0.0363499975204467,call,1.0883559319415268,0.2767123287671232,41.8
SPXW260918C07990000,2026-06-04 19:51:44+00:00,7990.0,101.2,39.8,40.4,0.0,0.0,6.0,12.0,0.1471604755020141,False,REGULAR,USD,2026-09-18,7332.16015625,0.0363499975204467,call,1.089719786492832,0.2767123287671232,40.1
SPXW260918C08000000,2026-06-09 09:00:06+00:00,8000.0,53.7,37.4,38.8,4.1000023,8.266134,4.0,501.0,0.1467465849876403,False,REGULAR,USD,2026-09-18,7332.16015625,0.0363499975204467,call,1.0910836410441371,0.2767123287671232,38.1
SPXW260918C08010000,2026-06-05 14:42:34+00:00,8010.0,69.9,37.0,37.9,0.0,0.0,2.0,26.0,0.1471108849334717,False,REGULAR,USD,2026-09-18,7332.16015625,0.0363499975204467,call,1.0924474955954424,0.2767123287671232,37.45
SPXW260918C08025000,2026-06-08 17:31:08+00:00,8025.0,50.0,33.7,34.4,0.0,0.0,1.0,25.0,0.1449746758270263,False,REGULAR,USD,2026-09-18,7332.16015625,0.0363499975204467,call,1.0944932774224,0.2767123287671232,34.05
SPX260918C08030000,2026-06-08 14:28:27+00:00,8030.0,49.3,33.7,34.6,0.0,0.0,1.0,15.0,0.1459130819702148,False,REGULAR,USD,2026-09-18,7332.16015625,0.0363499975204467,call,1.0951752046980527,0.2767123287671232,34.150000000000006
SPX260918C08050000,2026-06-08 18:39:04+00:00,8050.0,44.06,30.1,30.9,0.0,0.0,33.0,1487.0,0.1439256445693969,False,REGULAR,USD,2026-09-18,7332.16015625,0.0363499975204467,call,1.097902913800663,0.2767123287671232,30.5
SPX260918C08060000,2026-06-08 17:01:25+00:00,8060.0,41.9,29.7,30.6,0.0,0.0,14.0,47.0,0.1448754946899414,False,REGULAR,USD,2026-09-18,7332.16015625,0.0363499975204467,call,1.0992667683519683,0.2767123287671232,30.15
SPXW260918C08070000,2026-06-08 15:33:34+00:00,8070.0,43.2,28.0,28.7,0.0,0.0,8.0,29.0,0.143645267124176,False,REGULAR,USD,2026-09-18,7332.16015625,0.0363499975204467,call,1.1006306229032734,0.2767123287671232,28.35
SPXW260918C08075000,2026-06-02 16:07:56+00:00,8075.0,87.7,27.5,28.5,0.0,0.0,2.0,14.0,0.1440324550247192,False,REGULAR,USD,2026-09-18,7332.16015625,0.0363499975204467,call,1.101312550178926,0.2767123287671232,28.0
SPX260918C08080000,2026-06-05 15:30:14+00:00,8080.0,51.8,26.5,27.4,0.0,0.0,15.0,20.0,0.1431569907569885,False,REGULAR,USD,2026-09-18,7332.16015625,0.0363499975204467,call,1.101994477454579,0.2767123287671232,26.95
SPX260918C08090000,2026-06-08 17:44:59+00:00,8090.0,36.5,25.7,26.5,0.0,0.0,7.0,34.0,0.1431817860412598,False,REGULAR,USD,2026-09-18,7332.16015625,0.0363499975204467,call,1.1033583320058835,0.2767123287671232,26.1
SPX260918C08100000,2026-06-09 13:37:55+00:00,8100.0,35.5,25.3,26.1,1.7999992,5.3412437,4.0,11077.0,0.1438970346260071,False,REGULAR,USD,2026-09-18,7332.16015625,0.0363499975204467,call,1.104722186557189,0.2767123287671232,25.700000000000003
SPX260918C08125000,2026-06-08 19:30:36+00:00,8125.0,38.8,22.7,23.5,8.699999,28.90365,2.0,1440.0,0.143189415359497,False,REGULAR,USD,2026-09-18,7332.16015625,0.0363499975204467,call,1.1081318229354518,0.2767123287671232,23.1
SPX260918C08150000,2026-06-08 18:59:15+00:00,8150.0,29.19,20.0,20.8,0.0,0.0,1340.0,3434.0,0.1419744464302063,False,REGULAR,USD,2026-09-18,7332.16015625,0.0363499975204467,call,1.1115414593137147,0.2767123287671232,20.4
SPX260918C08175000,2026-06-09 14:11:34+00:00,8175.0,28.03,17.8,18.5,3.83,15.826446,4.0,1385.0,0.1410493915939331,False,REGULAR,USD,2026-09-18,7332.16015625,0.0363499975204467,call,1.1149510956919777,0.2767123287671232,18.15
SPXW260918C08200000,2026-06-08 16:33:13+00:00,8200.0,25.9,16.6,17.3,0.0,0.0,6.0,274.0,0.1418237673950195,False,REGULAR,USD,2026-09-18,7332.16015625,0.0363499975204467,call,1.118360732070241,0.2767123287671232,16.950000000000003
SPX260918C08225000,2026-06-08 19:41:47+00:00,8225.0,19.72,14.7,15.2,0.0,0.0,433.0,492.0,0.1406488523864746,False,REGULAR,USD,2026-09-18,7332.16015625,0.0363499975204467,call,1.1217703684485036,0.2767123287671232,14.95
SPX260918C08250000,2026-06-09 14:27:08+00:00,8250.0,18.9,13.2,13.8,-0.2800007,-1.4598576,28.0,1110.0,0.1405611152267455,False,REGULAR,USD,2026-09-18,7332.16015625,0.0363499975204467,call,1.1251800048267664,0.2767123287671232,13.5
SPX260918C08275000,2026-06-08 14:27:36+00:00,8275.0,18.8,11.9,12.6,0.0,0.0,4.0,249.0,0.1406717403411865,False,REGULAR,USD,2026-09-18,7332.16015625,0.0363499975204467,call,1.1285896412050294,0.2767123287671232,12.25
SPX260918C08300000,2026-06-09 14:09:08+00:00,8300.0,17.5,10.2,10.9,2.8999996,19.86301,15.0,13369.0,0.139306092376709,False,REGULAR,USD,2026-09-18,7332.16015625,0.0363499975204467,call,1.1319992775832923,0.2767123287671232,10.55
SPX260918C08325000,2026-06-05 16:21:33+00:00,8325.0,18.32,9.2,9.9,0.0,0.0,408.0,406.0,0.1393594976043701,False,REGULAR,USD,2026-09-18,7332.16015625,0.0363499975204467,call,1.1354089139615553,0.2767123287671232,9.55
SPX260918C08350000,2026-06-08 19:32:01+00:00,8350.0,11.8,8.3,9.0,0.0,0.0,11.0,2156.0,0.1394586787414551,False,REGULAR,USD,2026-09-18,7332.16015625,0.0363499975204467,call,1.1388185503398185,0.2767123287671232,8.65
SPX260918C08375000,2026-06-08 19:46:54+00:00,8375.0,10.45,7.8,8.5,0.0,0.0,64.0,1120.0,0.1405458565902709,False,REGULAR,USD,2026-09-18,7332.16015625,0.0363499975204467,call,1.1422281867180812,0.2767123287671232,8.15
SPXW260918C08400000,2026-06-09 14:50:57+00:00,8400.0,8.46,6.9,7.4,-2.3400002,-21.666668,11.0,307.0,0.1395883771514892,False,REGULAR,USD,2026-09-18,7332.16015625,0.0363499975204467,call,1.145637823096344,0.2767123287671232,7.15
SPX260918C08425000,2026-06-05 15:31:08+00:00,8425.0,12.8,6.1,6.6,0.0,0.0,3.0,876.0,0.1392908337402344,False,REGULAR,USD,2026-09-18,7332.16015625,0.0363499975204467,call,1.149047459474607,0.2767123287671232,6.35
SPXW260918C08450000,2026-06-08 16:22:10+00:00,8450.0,9.65,5.6,6.1,0.0,0.0,4.0,63.0,0.1398630326080322,False,REGULAR,USD,2026-09-18,7332.16015625,0.0363499975204467,call,1.15245709585287,0.2767123287671232,5.85
SPX260918C08475000,2026-06-08 14:28:14+00:00,8475.0,7.9,5.1,5.7,0.0,0.0,1.0,282.0,0.1406793696594238,False,REGULAR,USD,2026-09-18,7332.16015625,0.0363499975204467,call,1.155866732231133,0.2767123287671232,5.4
SPX260918C08500000,2026-06-08 19:57:12+00:00,8500.0,6.04,4.5,5.0,0.0,0.0,171.0,8574.0,0.1400690242004394,False,REGULAR,USD,2026-09-18,7332.16015625,0.0363499975204467,call,1.159276368609396,0.2767123287671232,4.75
SPXW260918C08550000,2026-06-01 17:46:58+00:00,8550.0,16.0,3.9,4.6,0.0,0.0,2.0,29.0,0.1428155787658691,False,REGULAR,USD,2026-09-18,7332.16015625,0.0363499975204467,call,1.1660956413659216,0.2767123287671232,4.25
SPX260918C08575000,2026-06-09 13:50:13+00:00,8575.0,6.2,3.7,4.1,1.0999999,21.568626,20.0,26.0,0.1425790699005127,False,REGULAR,USD,2026-09-18,7332.16015625,0.0363499975204467,call,1.1695052777441846,0.2767123287671232,3.9
SPXW260918C08600000,2026-06-09 14:50:57+00:00,8600.0,3.93,3.2,3.5,-0.66999984,-14.565214,1.0,108.0,0.1414880773925781,False,REGULAR,USD,2026-09-18,7332.16015625,0.0363499975204467,call,1.1729149141224475,0.2767123287671232,3.35
SPXW260918C08650000,2026-06-08 18:54:33+00:00,8650.0,4.0,2.9,3.2,0.0,0.0,2.0,3.0,0.143990493774414,False,REGULAR,USD,2026-09-18,7332.16015625,0.0363499975204467,call,1.1797341868789737,0.2767123287671232,3.05
SPX260918C08700000,2026-06-08 18:50:59+00:00,8700.0,3.4,2.3,2.75,0.0,0.0,4.0,5689.0,0.1451806674194335,False,REGULAR,USD,2026-09-18,7332.16015625,0.0363499975204467,call,1.1865534596354992,0.2767123287671232,2.525
SPX260918C08800000,2026-06-08 16:27:32+00:00,8800.0,2.65,1.75,2.15,0.0,0.0,1.0,3143.0,0.1485833433532715,False,REGULAR,USD,2026-09-18,7332.16015625,0.0363499975204467,call,1.2001920051485508,0.2767123287671232,1.95
SPXW260918C08900000,2026-06-05 19:02:23+00:00,8900.0,1.7,1.4,1.8,0.0,0.0,3.0,136.0,0.1530693824768066,False,REGULAR,USD,2026-09-18,7332.16015625,0.0363499975204467,call,1.2138305506616027,0.2767123287671232,1.6
SPXW260918C09000000,2026-06-08 13:43:10+00:00,9000.0,1.7,1.15,1.4,0.0,0.0,12.0,192.0,0.1559990406799316,False,REGULAR,USD,2026-09-18,7332.16015625,0.0363499975204467,call,1.2274690961746544,0.2767123287671232,1.275
SPXW260930C07260000,2026-05-26 17:33:26+00:00,7260.0,499.5,362.5,364.3,0.0,0.0,9.0,146.0,0.2012828590774536,True,REGULAR,USD,2026-09-30,7332.16015625,0.0363499975204467,call,0.9901584042475544,0.3095890410958904,363.4
SPXW260930C07265000,2026-05-13 19:36:59+00:00,7265.0,483.63,352.6,359.0,0.0,0.0,2.0,63.0,0.1995881967639923,True,REGULAR,USD,2026-09-30,7332.16015625,0.0363499975204467,call,0.990840331523207,0.3095890410958904,355.8
SPXW260930C07275000,2026-05-14 19:47:51+00:00,7275.0,512.19,353.8,355.6,0.0,0.0,20.0,215.0,0.2006238767147063,True,REGULAR,USD,2026-09-30,7332.16015625,0.0363499975204467,call,0.9922041860745124,0.3095890410958904,354.70000000000005
SPXW260930C07280000,2026-05-01 13:39:14+00:00,7280.0,326.67,394.8,396.8,0.0,0.0,9.0,83.0,0.2275601384162902,True,REGULAR,USD,2026-09-30,7332.16015625,0.0363499975204467,call,0.9928861133501647,0.3095890410958904,395.8
SPXW260930C07285000,2026-04-29 19:02:11+00:00,7285.0,263.69,391.3,393.3,0.0,0.0,5.0,69.0,0.2269316733264922,True,REGULAR,USD,2026-09-30,7332.16015625,0.0363499975204467,call,0.9935680406258176,0.3095890410958904,392.3
SPXW260930C07290000,2026-05-11 14:54:05+00:00,7290.0,440.51,339.6,348.8,0.0,0.0,1.0,258.0,0.2010682845020294,True,REGULAR,USD,2026-09-30,7332.16015625,0.0363499975204467,call,0.99424996790147,0.3095890410958904,344.20000000000005
SPXW260930C07300000,2026-06-08 14:59:40+00:00,7300.0,422.03,332.9,334.1,0.0,0.0,10.0,3429.0,0.1950792696857452,True,REGULAR,USD,2026-09-30,7332.16015625,0.0363499975204467,call,0.9956138224527752,0.3095890410958904,333.5
SPXW260930C07305000,2026-05-29 07:25:42+00:00,7305.0,505.7,321.2,340.2,0.0,0.0,7.0,46.0,0.2003387309455871,True,REGULAR,USD,2026-09-30,7332.16015625,0.0363499975204467,call,0.9962957497284278,0.3095890410958904,330.7
SPXW260930C07310000,2026-06-05 18:55:06+00:00,7310.0,386.8,331.0,333.3,0.0,0.0,16.0,2031.0,0.1976055276870728,True,REGULAR,USD,2026-09-30,7332.16015625,0.0363499975204467,call,0.9969776770040804,0.3095890410958904,332.15
SPXW260930C07315000,2026-05-29 07:52:51+00:00,7315.0,498.6,325.0,332.6,0.0,0.0,3.0,252.0,0.1986707712459564,True,REGULAR,USD,2026-09-30,7332.16015625,0.0363499975204467,call,0.997659604279733,0.3095890410958904,328.8
SPXW260930C07320000,2026-06-05 18:14:32+00:00,7320.0,398.0,320.5,323.9,0.0,0.0,15.0,845.0,0.1948227338600158,True,REGULAR,USD,2026-09-30,7332.16015625,0.0363499975204467,call,0.9983415315553856,0.3095890410958904,322.2
SPXW260930C07325000,2026-06-05 14:44:52+00:00,7325.0,438.94,320.3,322.5,0.0,0.0,9.0,256.0,0.1954435696315765,True,REGULAR,USD,2026-09-30,7332.16015625,0.0363499975204467,call,0.9990234588310382,0.3095890410958904,321.4
SPXW260930C07330000,2026-06-02 15:01:48+00:00,7330.0,517.07,312.5,314.1,0.0,0.0,1.0,222.0,0.191768145570755,True,REGULAR,USD,2026-09-30,7332.16015625,0.0363499975204467,call,0.9997053861066908,0.3095890410958904,313.3
SPXW260930C07335000,2026-05-11 13:57:29+00:00,7335.0,400.1,314.1,316.2,0.0,0.0,1.0,199.0,0.194519468460083,False,REGULAR,USD,2026-09-30,7332.16015625,0.0363499975204467,call,1.000387313382343,0.3095890410958904,315.15
SPXW260930C07340000,2026-05-28 18:47:11+00:00,7340.0,474.0,306.2,307.8,0.0,0.0,3.0,285.0,0.1908306930923461,False,REGULAR,USD,2026-09-30,7332.16015625,0.0363499975204467,call,1.001069240657996,0.3095890410958904,307.0
SPXW260930C07345000,2026-05-28 18:32:57+00:00,7345.0,472.5,305.0,307.5,0.0,0.0,8.0,213.0,0.1920952525901794,False,REGULAR,USD,2026-09-30,7332.16015625,0.0363499975204467,call,1.0017511679336484,0.3095890410958904,306.25
SPXW260930C07350000,2026-06-05 16:13:43+00:00,7350.0,401.0,303.0,305.4,0.0,0.0,2.0,492.0,0.1922506999492645,False,REGULAR,USD,2026-09-30,7332.16015625,0.0363499975204467,call,1.002433095209301,0.3095890410958904,304.2
SPXW260930C07355000,2026-05-20 13:32:57+00:00,7355.0,350.0,301.4,302.8,0.0,0.0,1.0,2.0,0.1920914379310608,False,REGULAR,USD,2026-09-30,7332.16015625,0.0363499975204467,call,1.0031150224849537,0.3095890410958904,302.1
SPXW260930C07360000,2026-06-01 18:40:06+00:00,7360.0,492.53,299.1,300.5,0.0,0.0,4.0,18.0,0.1921086038970947,False,REGULAR,USD,2026-09-30,7332.16015625,0.0363499975204467,call,1.0037969497606063,0.3095890410958904,299.8
SPXW260930C07370000,2026-06-03 15:42:49+00:00,7370.0,453.37,289.9,292.7,0.0,0.0,10.0,13.0,0.1901612204170227,False,REGULAR,USD,2026-09-30,7332.16015625,0.0363499975204467,call,1.0051608043119111,0.3095890410958904,291.29999999999995
SPXW260930C07375000,2026-06-03 15:42:49+00:00,7375.0,449.72,285.2,289.2,0.0,0.0,10.0,141.0,0.1894211765480041,False,REGULAR,USD,2026-09-30,7332.16015625,0.0363499975204467,call,1.005842731587564,0.3095890410958904,287.2
SPXW260930C07380000,2026-06-05 20:11:05+00:00,7380.0,312.0,283.9,287.4,0.0,0.0,2.0,4.0,0.1897139516353607,False,REGULAR,USD,2026-09-30,7332.16015625,0.0363499975204467,call,1.0065246588632166,0.3095890410958904,285.65
SPXW260930C07385000,2026-06-09 15:17:08+00:00,7385.0,310.0,278.6,280.5,-129.1,-29.401049,3.0,11.0,0.1868777525806427,False,REGULAR,USD,2026-09-30,7332.16015625,0.0363499975204467,call,1.0072065861388693,0.3095890410958904,279.55
SPXW260930C07390000,2026-06-02 15:20:05+00:00,7390.0,474.8,276.7,278.8,0.0,0.0,3.0,43.0,0.1872153499126434,False,REGULAR,USD,2026-09-30,7332.16015625,0.0363499975204467,call,1.0078885134145217,0.3095890410958904,277.75
SPXW260930C07395000,2026-06-08 17:13:50+00:00,7395.0,329.8,276.7,278.4,0.0,0.0,1.0,1.0,0.1883406743526459,False,REGULAR,USD,2026-09-30,7332.16015625,0.0363499975204467,call,1.0085704406901743,0.3095890410958904,277.54999999999995
SPXW260930C07400000,2026-06-09 15:02:17+00:00,7400.0,303.35,269.9,271.4,-34.549988,-10.2249155,11.0,1639.0,0.1854186454677581,False,REGULAR,USD,2026-09-30,7332.16015625,0.0363499975204467,call,1.009252367965827,0.3095890410958904,270.65
SPXW260930C07405000,2026-06-08 19:20:36+00:00,7405.0,316.08,266.7,268.6,0.0,0.0,1.0,8.0,0.1850591138458251,False,REGULAR,USD,2026-09-30,7332.16015625,0.0363499975204467,call,1.0099342952414796,0.3095890410958904,267.65
SPXW260930C07410000,2026-06-09 13:30:03+00:00,7410.0,332.8,263.8,266.0,-7.210022,-2.1205323,1.0,18.0,0.184813068332672,False,REGULAR,USD,2026-09-30,7332.16015625,0.0363499975204467,call,1.010616222517132,0.3095890410958904,264.9
SPXW260930C07420000,2026-06-09 13:55:10+00:00,7420.0,339.5,262.8,264.2,33.01999,10.773946,1.0,945.0,0.1863828005599975,False,REGULAR,USD,2026-09-30,7332.16015625,0.0363499975204467,call,1.0119800770684373,0.3095890410958904,263.5
SPXW260930C07425000,2026-06-09 13:34:47+00:00,7425.0,323.54,259.1,260.4,12.26001,3.9385793,10.0,290.0,0.1853776378822326,False,REGULAR,USD,2026-09-30,7332.16015625,0.0363499975204467,call,1.01266200434409,0.3095890410958904,259.75
SPXW260930C07430000,2026-06-03 17:36:23+00:00,7430.0,407.68,252.4,253.7,0.0,0.0,1.0,42.0,0.1825853074073791,False,REGULAR,USD,2026-09-30,7332.16015625,0.0363499975204467,call,1.0133439316197423,0.3095890410958904,253.05
SPXW260930C07440000,2026-05-28 19:17:31+00:00,7440.0,401.5,246.3,247.9,0.0,0.0,6.0,33.0,0.181634503622055,False,REGULAR,USD,2026-09-30,7332.16015625,0.0363499975204467,call,1.0147077861710476,0.3095890410958904,247.1
SPXW260930C07450000,2026-06-08 17:04:20+00:00,7450.0,295.2,245.4,246.7,0.0,0.0,2.0,581.0,0.1834798449707031,False,REGULAR,USD,2026-09-30,7332.16015625,0.0363499975204467,call,1.016071640722353,0.3095890410958904,246.05
SPXW260930C07460000,2026-06-09 14:51:12+00:00,7460.0,260.5,240.6,242.2,-69.69,-21.10603,3.0,10.0,0.1832662240600585,False,REGULAR,USD,2026-09-30,7332.16015625,0.0363499975204467,call,1.017435495273658,0.3095890410958904,241.4
SPXW260930C07465000,2026-06-09 13:55:31+00:00,7465.0,257.5,233.4,236.1,-28.730011,-10.037386,2.0,6.0,0.1807733443260192,False,REGULAR,USD,2026-09-30,7332.16015625,0.0363499975204467,call,1.0181174225493106,0.3095890410958904,234.75
SPXW260930C07470000,2026-06-09 13:54:27+00:00,7470.0,274.8,231.2,243.6,-85.400024,-23.709055,2.0,6.0,0.1866603170108795,False,REGULAR,USD,2026-09-30,7332.16015625,0.0363499975204467,call,1.0187993498249632,0.3095890410958904,237.4
SPXW260930C07475000,2026-06-09 13:58:25+00:00,7475.0,300.4,227.7,229.0,13.889984,4.8479924,2.0,349.0,0.1788993930339813,False,REGULAR,USD,2026-09-30,7332.16015625,0.0363499975204467,call,1.0194812771006156,0.3095890410958904,228.35
SPXW260930C07480000,2026-06-09 15:02:17+00:00,7480.0,255.08,224.8,226.8,-133.59001,-34.371063,1.0,10.0,0.178783999595642,False,REGULAR,USD,2026-09-30,7332.16015625,0.0363499975204467,call,1.0201632043762685,0.3095890410958904,225.8
SPXW260930C07485000,2026-05-22 16:09:57+00:00,7485.0,334.5,221.8,224.0,0.0,0.0,2.0,1.0,0.1782871402454376,False,REGULAR,USD,2026-09-30,7332.16015625,0.0363499975204467,call,1.020845131651921,0.3095890410958904,222.9
SPXW260930C07490000,2026-05-22 16:56:13+00:00,7490.0,331.18,219.1,220.6,0.0,0.0,10.0,10.0,0.1774097686481475,False,REGULAR,USD,2026-09-30,7332.16015625,0.0363499975204467,call,1.0215270589275736,0.3095890410958904,219.85
SPXW260930C07500000,2026-06-09 15:24:59+00:00,7500.0,229.39,217.6,219.6,-29.250015,-11.30916,60.0,2104.0,0.1792303147125244,False,REGULAR,USD,2026-09-30,7332.16015625,0.0363499975204467,call,1.0228909134788786,0.3095890410958904,218.6
SPXW260930C07510000,2026-06-08 14:52:00+00:00,7510.0,276.48,209.0,215.6,0.0,0.0,1.0,15.0,0.17915783618927,False,REGULAR,USD,2026-09-30,7332.16015625,0.0363499975204467,call,1.024254768030184,0.3095890410958904,212.3
SPXW260930C07520000,2026-06-08 19:47:44+00:00,7520.0,247.07,204.1,210.3,0.0,0.0,21.0,7.0,0.1782423180007935,False,REGULAR,USD,2026-09-30,7332.16015625,0.0363499975204467,call,1.025618622581489,0.3095890410958904,207.2
SPXW260930C07525000,2026-06-09 15:24:59+00:00,7525.0,216.12,203.6,207.4,-27.950012,-11.451637,59.0,784.0,0.1776128992462158,False,REGULAR,USD,2026-09-30,7332.16015625,0.0363499975204467,call,1.0263005498571416,0.3095890410958904,205.5
SPXW260930C07530000,2026-06-05 20:13:01+00:00,7530.0,222.76,201.7,203.9,0.0,0.0,599.0,500.0,0.1765981999206543,False,REGULAR,USD,2026-09-30,7332.16015625,0.0363499975204467,call,1.0269824771327942,0.3095890410958904,202.8
SPXW260930C07540000,2026-06-05 16:45:44+00:00,7540.0,262.07,189.6,198.0,0.0,0.0,20.0,26.0,0.1752268299674987,False,REGULAR,USD,2026-09-30,7332.16015625,0.0363499975204467,call,1.0283463316840993,0.3095890410958904,193.8
SPXW260930C07550000,2026-06-09 15:07:15+00:00,7550.0,215.73,189.7,195.2,-24.770004,-10.299378,4.0,538.0,0.1757713725566864,False,REGULAR,USD,2026-09-30,7332.16015625,0.0363499975204467,call,1.0297101862354046,0.3095890410958904,192.45
SPXW260930C07555000,2026-06-04 15:13:54+00:00,7555.0,322.59,188.8,190.0,0.0,0.0,6.0,6.0,0.1736294414615631,False,REGULAR,USD,2026-09-30,7332.16015625,0.0363499975204467,call,1.030392113511057,0.3095890410958904,189.4
SPXW260930C07560000,2026-06-08 11:53:44+00:00,7560.0,240.6,183.7,185.7,0.0,0.0,1.0,21.0,0.1720396822738647,False,REGULAR,USD,2026-09-30,7332.16015625,0.0363499975204467,call,1.0310740407867096,0.3095890410958904,184.7
SPXW260930C07565000,2026-06-05 18:40:12+00:00,7565.0,233.16,182.0,184.3,0.0,0.0,1.0,4.0,0.1722800057983398,False,REGULAR,USD,2026-09-30,7332.16015625,0.0363499975204467,call,1.0317559680623622,0.3095890410958904,183.15
SPXW260930C07570000,2026-06-08 13:35:29+00:00,7570.0,234.7,180.2,183.2,0.0,0.0,7.0,13.0,0.1727034329605102,False,REGULAR,USD,2026-09-30,7332.16015625,0.0363499975204467,call,1.0324378953380149,0.3095890410958904,181.7
SPXW260930C07575000,2026-06-05 19:21:32+00:00,7575.0,197.39,176.9,178.3,-15.0099945,-7.066853,1.0,141.0,0.1706950149345398,False,REGULAR,USD,2026-09-30,7332.16015625,0.0363499975204467,call,1.0331198226136675,0.3095890410958904,177.60000000000002
SPXW260930C07580000,2026-06-05 19:47:43+00:00,7580.0,216.73,178.0,179.5,0.0,0.0,12.0,20.0,0.1725727808856964,False,REGULAR,USD,2026-09-30,7332.16015625,0.0363499975204467,call,1.03380174988932,0.3095890410958904,178.75
SPXW260930C07585000,2026-06-05 18:47:22+00:00,7585.0,216.89,176.0,178.1,0.0,0.0,5.0,8.0,0.1727835408020019,False,REGULAR,USD,2026-09-30,7332.16015625,0.0363499975204467,call,1.0344836771649726,0.3095890410958904,177.05
SPXW260930C07590000,2026-06-03 19:26:58+00:00,7590.0,300.33,171.6,173.5,0.0,0.0,2.0,16.0,0.1709305701351166,False,REGULAR,USD,2026-09-30,7332.16015625,0.0363499975204467,call,1.0351656044406252,0.3095890410958904,172.55
SPXW260930C07595000,2026-06-04 15:15:59+00:00,7595.0,299.13,170.4,172.3,0.0,0.0,1.0,2.0,0.1712510015010834,False,REGULAR,USD,2026-09-30,7332.16015625,0.0363499975204467,call,1.035847531716278,0.3095890410958904,171.35000000000002
SPXW260930C07600000,2026-06-09 15:07:15+00:00,7600.0,190.24,168.1,169.6,-13.330002,-6.548117,4.0,901.0,0.1705958337974548,False,REGULAR,USD,2026-09-30,7332.16015625,0.0363499975204467,call,1.0365294589919305,0.3095890410958904,168.85
SPXW260930C07605000,2026-06-02 14:25:19+00:00,7605.0,310.0,163.2,165.0,0.0,0.0,5.0,16.0,0.168698994550705,False,REGULAR,USD,2026-09-30,7332.16015625,0.0363499975204467,call,1.037211386267583,0.3095890410958904,164.1
SPXW260930C07610000,2026-06-08 11:36:30+00:00,7610.0,217.43,161.1,168.7,0.0,0.0,1.0,55.0,0.1721722416782379,False,REGULAR,USD,2026-09-30,7332.16015625,0.0363499975204467,call,1.0378933135432356,0.3095890410958904,164.89999999999998
SPXW260930C07615000,2026-06-05 19:53:01+00:00,7615.0,201.07,161.6,163.0,0.0,0.0,1.0,5.0,0.1695391732215881,False,REGULAR,USD,2026-09-30,7332.16015625,0.0363499975204467,call,1.0385752408188882,0.3095890410958904,162.3
SPXW260930C07620000,2026-06-08 19:47:50+00:00,7620.0,193.58,156.7,158.5,0.0,0.0,10.0,8.0,0.1676642682647705,False,REGULAR,USD,2026-09-30,7332.16015625,0.0363499975204467,call,1.0392571680945406,0.3095890410958904,157.6
SPXW260930C07625000,2026-06-09 14:31:17+00:00,7625.0,176.7,154.3,155.6,-29.919998,-14.480688,6.0,119.0,0.166819321269989,False,REGULAR,USD,2026-09-30,7332.16015625,0.0363499975204467,call,1.0399390953701932,0.3095890410958904,154.95
SPXW260930C07630000,2026-06-04 15:04:52+00:00,7630.0,269.86,156.0,157.4,0.0,0.0,5.0,10.0,0.1690489895248413,False,REGULAR,USD,2026-09-30,7332.16015625,0.0363499975204467,call,1.040621022645846,0.3095890410958904,156.7
SPXW260930C07635000,2026-06-02 15:59:39+00:00,7635.0,303.3,153.1,154.5,0.0,0.0,1.0,4.0,0.1681868765640259,False,REGULAR,USD,2026-09-30,7332.16015625,0.0363499975204467,call,1.0413029499214983,0.3095890410958904,153.8
SPXW260930C07640000,2026-05-27 17:13:51+00:00,7640.0,247.6,145.2,151.5,0.0,0.0,1.0,12.0,0.1672446557617187,False,REGULAR,USD,2026-09-30,7332.16015625,0.0363499975204467,call,1.041984877197151,0.3095890410958904,148.35
SPXW260930C07645000,2026-05-22 19:50:01+00:00,7645.0,231.03,145.7,148.0,0.0,0.0,1.0,3.0,0.1659572083091736,False,REGULAR,USD,2026-09-30,7332.16015625,0.0363499975204467,call,1.0426668044728036,0.3095890410958904,146.85
SPXW260930C07650000,2026-06-09 15:11:59+00:00,7650.0,170.3,144.3,147.1,-7.669998,-4.309714,11.0,371.0,0.166383496465683,False,REGULAR,USD,2026-09-30,7332.16015625,0.0363499975204467,call,1.0433487317484562,0.3095890410958904,145.7
SPXW260930C07660000,2026-06-05 17:12:02+00:00,7660.0,197.59,140.3,142.3,0.0,0.0,3.0,21.0,0.1652095351219177,False,REGULAR,USD,2026-09-30,7332.16015625,0.0363499975204467,call,1.0447125862997613,0.3095890410958904,141.3
SPXW260930C07665000,2026-06-03 19:08:22+00:00,7665.0,258.85,142.3,143.9,0.0,0.0,1.0,6.0,0.1672923390007019,False,REGULAR,USD,2026-09-30,7332.16015625,0.0363499975204467,call,1.045394513575414,0.3095890410958904,143.10000000000002
SPXW260930C07670000,2026-06-05 17:12:02+00:00,7670.0,192.64,136.1,138.3,0.0,0.0,3.0,13.0,0.1645267111396789,False,REGULAR,USD,2026-09-30,7332.16015625,0.0363499975204467,call,1.0460764408510663,0.3095890410958904,137.2
SPXW260930C07675000,2026-06-09 14:52:11+00:00,7675.0,153.43,134.2,135.6,-36.08,-19.038574,11.0,2014.0,0.1636951154518127,False,REGULAR,USD,2026-09-30,7332.16015625,0.0363499975204467,call,1.0467583681267192,0.3095890410958904,134.89999999999998
SPXW260930C07680000,2026-06-05 16:11:49+00:00,7680.0,199.28,137.2,144.0,0.0,0.0,1.0,10.0,0.170368861579895,False,REGULAR,USD,2026-09-30,7332.16015625,0.0363499975204467,call,1.0474402954023718,0.3095890410958904,140.6
SPXW260930C07690000,2026-05-14 15:12:32+00:00,7690.0,252.39,128.5,129.8,0.0,0.0,1.0,1.0,0.1626880454444885,False,REGULAR,USD,2026-09-30,7332.16015625,0.0363499975204467,call,1.0488041499536769,0.3095890410958904,129.15
SPXW260930C07700000,2026-06-09 14:52:19+00:00,7700.0,143.81,124.7,126.0,-24.290009,-14.449738,1.0,718.0,0.1620090361213683,False,REGULAR,USD,2026-09-30,7332.16015625,0.0363499975204467,call,1.0501680045049822,0.3095890410958904,125.35
SPXW260930C07710000,2026-06-05 19:30:21+00:00,7710.0,155.15,126.9,128.0,0.0,0.0,2.0,22.0,0.1653182529067993,False,REGULAR,USD,2026-09-30,7332.16015625,0.0363499975204467,call,1.0515318590562872,0.3095890410958904,127.45
SPXW260930C07715000,2026-06-08 16:50:35+00:00,7715.0,161.4,119.4,121.1,0.0,0.0,9.0,15.0,0.1614683081912994,False,REGULAR,USD,2026-09-30,7332.16015625,0.0363499975204467,call,1.0522137863319398,0.3095890410958904,120.25
SPXW260930C07720000,2026-06-09 15:11:59+00:00,7720.0,140.45,119.3,121.3,-18.75,-11.777638,10.0,44.0,0.162556439704895,False,REGULAR,USD,2026-09-30,7332.16015625,0.0363499975204467,call,1.0528957136075925,0.3095890410958904,120.3
SPXW260930C07725000,2026-06-09 14:52:19+00:00,7725.0,133.81,118.5,119.7,-11.199997,-7.7236037,1.0,87.0,0.162375243396759,False,REGULAR,USD,2026-09-30,7332.16015625,0.0363499975204467,call,1.053577640883245,0.3095890410958904,119.1
SPXW260930C07730000,2026-06-08 14:42:38+00:00,7730.0,154.91,113.8,115.2,0.0,0.0,6.0,6.0,0.1601284091758728,False,REGULAR,USD,2026-09-30,7332.16015625,0.0363499975204467,call,1.0542595681588975,0.3095890410958904,114.5
SPXW260930C07735000,2026-06-05 19:30:21+00:00,7735.0,144.65,112.2,113.6,0.0,0.0,2.0,2.0,0.1599186029243469,False,REGULAR,USD,2026-09-30,7332.16015625,0.0363499975204467,call,1.0549414954345502,0.3095890410958904,112.9
SPXW260930C07740000,2026-06-01 14:04:05+00:00,7740.0,218.19,110.5,111.7,0.0,0.0,2.0,1.0,0.1594837317848205,False,REGULAR,USD,2026-09-30,7332.16015625,0.0363499975204467,call,1.0556234227102028,0.3095890410958904,111.1
SPXW260930C07750000,2026-06-08 18:33:40+00:00,7750.0,145.2,107.0,109.2,0.0,0.0,10.0,411.0,0.1595180637168884,False,REGULAR,USD,2026-09-30,7332.16015625,0.0363499975204467,call,1.056987277261508,0.3095890410958904,108.1
SPXW260930C07760000,2026-06-01 17:43:29+00:00,7760.0,226.1,104.6,106.7,0.0,0.0,3.0,18.0,0.1595180637168884,False,REGULAR,USD,2026-09-30,7332.16015625,0.0363499975204467,call,1.0583511318128132,0.3095890410958904,105.65
SPXW260930C07770000,2026-06-08 19:31:20+00:00,7770.0,128.61,100.8,102.4,0.0,0.0,1.0,5.0,0.1581581377410888,False,REGULAR,USD,2026-09-30,7332.16015625,0.0363499975204467,call,1.0597149863641182,0.3095890410958904,101.6
SPXW260930C07775000,2026-06-08 14:53:33+00:00,7775.0,142.6,99.3,100.8,0.0,0.0,3.0,20.0,0.1578634553241729,False,REGULAR,USD,2026-09-30,7332.16015625,0.0363499975204467,call,1.0603969136397708,0.3095890410958904,100.05
SPXW260930C07780000,2026-06-05 18:05:36+00:00,7780.0,141.4,100.2,101.2,0.0,0.0,8.0,13.0,0.1590469533157348,False,REGULAR,USD,2026-09-30,7332.16015625,0.0363499975204467,call,1.0610788409154237,0.3095890410958904,100.7
SPXW260930C07800000,2026-06-08 14:28:11+00:00,7800.0,127.37,91.8,94.0,0.0,0.0,2.0,1250.0,0.157130087108612,False,REGULAR,USD,2026-09-30,7332.16015625,0.0363499975204467,call,1.0638065500180338,0.3095890410958904,92.9
SPXW260930C07810000,2026-06-05 15:38:29+00:00,7810.0,143.4,88.7,91.3,0.0,0.0,12.0,13.0,0.1567810457992554,False,REGULAR,USD,2026-09-30,7332.16015625,0.0363499975204467,call,1.0651704045693389,0.3095890410958904,90.0
SPXW260930C07820000,2026-06-04 15:08:33+00:00,7820.0,174.31,85.7,86.7,0.0,0.0,23.0,27.0,0.1549080481719971,False,REGULAR,USD,2026-09-30,7332.16015625,0.0363499975204467,call,1.066534259120644,0.3095890410958904,86.2
SPXW260930C07825000,2026-06-08 15:00:19+00:00,7825.0,125.7,84.5,85.8,0.0,0.0,1.0,47.0,0.1550434685707092,False,REGULAR,USD,2026-09-30,7332.16015625,0.0363499975204467,call,1.0672161863962968,0.3095890410958904,85.15
SPXW260930C07840000,2026-06-09 14:14:13+00:00,7840.0,108.72,80.0,81.7,-4.260002,-3.7705805,23.0,110.0,0.1542843514060974,False,REGULAR,USD,2026-09-30,7332.16015625,0.0363499975204467,call,1.0692619682232545,0.3095890410958904,80.85
SPXW260930C07850000,2026-06-08 17:26:22+00:00,7850.0,103.7,77.7,78.8,0.0,0.0,23.0,73.0,0.153586268787384,False,REGULAR,USD,2026-09-30,7332.16015625,0.0363499975204467,call,1.0706258227745595,0.3095890410958904,78.25
SPXW260930C07860000,2026-05-29 14:45:47+00:00,7860.0,165.11,75.3,76.5,0.0,0.0,2.0,2.0,0.153328779296875,False,REGULAR,USD,2026-09-30,7332.16015625,0.0363499975204467,call,1.0719896773258648,0.3095890410958904,75.9
SPXW260930C07875000,2026-05-26 16:39:20+00:00,7875.0,146.36,73.4,74.6,0.0,0.0,52.0,36.0,0.1541622823143005,False,REGULAR,USD,2026-09-30,7332.16015625,0.0363499975204467,call,1.0740354591528225,0.3095890410958904,74.0
SPXW260930C07880000,2026-05-29 17:22:02+00:00,7880.0,159.8,70.3,71.5,0.0,0.0,9.0,16.0,0.1523541338920593,False,REGULAR,USD,2026-09-30,7332.16015625,0.0363499975204467,call,1.0747173864284751,0.3095890410958904,70.9
SPXW260930C07890000,2026-06-08 15:00:42+00:00,7890.0,103.3,69.5,70.5,0.0,0.0,2.0,13.0,0.1530789191246033,False,REGULAR,USD,2026-09-30,7332.16015625,0.0363499975204467,call,1.0760812409797804,0.3095890410958904,70.0
SPXW260930C07900000,2026-06-08 14:02:11+00:00,7900.0,103.4,67.2,68.2,9.400002,10.000001,2.0,1963.0,0.1526631212806702,False,REGULAR,USD,2026-09-30,7332.16015625,0.0363499975204467,call,1.0774450955310857,0.3095890410958904,67.7
SPXW260930C07925000,2026-06-09 14:14:13+00:00,7925.0,83.07,60.2,61.5,-3.6100006,-4.1647444,28.0,155.0,0.1505650587654114,False,REGULAR,USD,2026-09-30,7332.16015625,0.0363499975204467,call,1.0808547319093484,0.3095890410958904,60.85
SPXW260930C07950000,2026-06-05 18:29:56+00:00,7950.0,79.3,55.4,56.4,0.0,0.0,1.0,94.0,0.1495846913719177,False,REGULAR,USD,2026-09-30,7332.16015625,0.0363499975204467,call,1.0842643682876114,0.3095890410958904,55.9
SPXW260930C07960000,2026-06-05 15:02:11+00:00,7960.0,97.0,53.1,54.4,0.0,0.0,4.0,6.0,0.1491498202323913,False,REGULAR,USD,2026-09-30,7332.16015625,0.0363499975204467,call,1.0856282228389165,0.3095890410958904,53.75
SPXW260930C07970000,2026-06-05 13:38:30+00:00,7970.0,101.1,54.0,54.9,0.0,0.0,1.0,4.0,0.1510781304168701,False,REGULAR,USD,2026-09-30,7332.16015625,0.0363499975204467,call,1.0869920773902215,0.3095890410958904,54.45
SPXW260930C07975000,2026-06-08 19:31:20+00:00,7975.0,67.08,50.6,52.0,0.0,0.0,6.0,43.0,0.1489934192085266,False,REGULAR,USD,2026-09-30,7332.16015625,0.0363499975204467,call,1.0876740046658744,0.3095890410958904,51.3
SPXW260930C07980000,2026-06-03 16:32:15+00:00,7980.0,60.4,50.2,51.5,-51.059998,-45.810158,23.0,6.0,0.1492165767669677,False,REGULAR,USD,2026-09-30,7332.16015625,0.0363499975204467,call,1.0883559319415268,0.3095890410958904,50.85
SPXW260930C07990000,2026-06-08 19:24:18+00:00,7990.0,61.5,49.7,50.6,0.0,0.0,5.0,5.0,0.1497487217140198,False,REGULAR,USD,2026-09-30,7332.16015625,0.0363499975204467,call,1.089719786492832,0.3095890410958904,50.150000000000006
SPXW260930C08000000,2026-06-09 15:26:59+00:00,8000.0,49.5,46.1,48.1,-15.800003,-24.19602,69.0,6945.0,0.1486424705696105,False,REGULAR,USD,2026-09-30,7332.16015625,0.0363499975204467,call,1.0910836410441371,0.3095890410958904,47.1
SPXW260930C08010000,2026-06-09 14:11:31+00:00,8010.0,65.5,44.5,45.6,4.5999985,7.5533633,2.0,8.0,0.1474561115837097,False,REGULAR,USD,2026-09-30,7332.16015625,0.0363499975204467,call,1.0924474955954424,0.3095890410958904,45.05
SPXW260930C08025000,2026-06-08 15:04:54+00:00,8025.0,66.25,41.5,43.3,0.0,0.0,1.0,103.0,0.1470822749900818,False,REGULAR,USD,2026-09-30,7332.16015625,0.0363499975204467,call,1.0944932774224,0.3095890410958904,42.4
SPXW260930C08050000,2026-06-08 16:01:51+00:00,8050.0,57.38,38.5,40.4,0.0,0.0,10.0,709.0,0.147282544593811,False,REGULAR,USD,2026-09-30,7332.16015625,0.0363499975204467,call,1.097902913800663,0.3095890410958904,39.45
SPXW260930C08075000,2026-06-04 18:23:20+00:00,8075.0,92.4,36.1,37.0,0.0,0.0,2.0,58.0,0.1466989017486572,False,REGULAR,USD,2026-09-30,7332.16015625,0.0363499975204467,call,1.101312550178926,0.3095890410958904,36.55
SPXW260930C08100000,2026-06-08 18:02:05+00:00,8100.0,46.3,32.7,33.6,0.0,0.0,15.0,438.0,0.1458386961174011,False,REGULAR,USD,2026-09-30,7332.16015625,0.0363499975204467,call,1.104722186557189,0.3095890410958904,33.150000000000006
SPXW260930C08125000,2026-06-08 13:35:29+00:00,8125.0,44.7,28.9,30.3,0.0,0.0,7.0,57.0,0.144797294178009,False,REGULAR,USD,2026-09-30,7332.16015625,0.0363499975204467,call,1.1081318229354518,0.3095890410958904,29.6
SPXW260930C08150000,2026-06-04 15:35:07+00:00,8150.0,67.4,26.8,27.7,0.0,0.0,7.0,20.0,0.1443834036636352,False,REGULAR,USD,2026-09-30,7332.16015625,0.0363499975204467,call,1.1115414593137147,0.3095890410958904,27.25
SPXW260930C08175000,2026-06-08 15:16:59+00:00,8175.0,39.7,24.5,25.9,0.0,0.0,1.0,2029.0,0.1448602360534668,False,REGULAR,USD,2026-09-30,7332.16015625,0.0363499975204467,call,1.1149510956919777,0.3095890410958904,25.2
SPXW260930C08200000,2026-06-08 13:44:42+00:00,8200.0,34.36,21.2,22.4,0.0,0.0,13.0,834.0,0.1425714405822754,False,REGULAR,USD,2026-09-30,7332.16015625,0.0363499975204467,call,1.118360732070241,0.3095890410958904,21.8
SPXW260930C08250000,2026-06-04 15:07:56+00:00,8250.0,46.39,18.0,18.7,0.0,0.0,1.0,61.0,0.1421441987609863,False,REGULAR,USD,2026-09-30,7332.16015625,0.0363499975204467,call,1.1251800048267664,0.3095890410958904,18.35
SPXW260930C08275000,2026-06-08 14:58:53+00:00,8275.0,27.0,16.5,17.2,0.0,0.0,2.0,33.0,0.1422052333068847,False,REGULAR,USD,2026-09-30,7332.16015625,0.0363499975204467,call,1.1285896412050294,0.3095890410958904,16.85
SPXW260930C08300000,2026-06-09 14:18:15+00:00,8300.0,22.74,14.7,15.9,1.9899998,9.59036,3000.0,1793.0,0.1424379275131225,False,REGULAR,USD,2026-09-30,7332.16015625,0.0363499975204467,call,1.1319992775832923,0.3095890410958904,15.3
SPXW260930C08325000,2026-06-08 13:30:03+00:00,8325.0,22.18,13.8,14.5,0.0,0.0,1.0,25.0,0.1422815264892578,False,REGULAR,USD,2026-09-30,7332.16015625,0.0363499975204467,call,1.1354089139615553,0.3095890410958904,14.15
SPXW260930C08350000,2026-06-08 17:37:28+00:00,8350.0,17.56,12.6,13.3,0.0,0.0,6.0,83.0,0.1423273023986816,False,REGULAR,USD,2026-09-30,7332.16015625,0.0363499975204467,call,1.1388185503398185,0.3095890410958904,12.95
SPXW260930C08375000,2026-06-05 15:55:24+00:00,8375.0,20.53,11.1,11.8,0.0,0.0,4.0,7.0,0.1414575601196289,False,REGULAR,USD,2026-09-30,7332.16015625,0.0363499975204467,call,1.1422281867180812,0.3095890410958904,11.45
SPXW260930C08400000,2026-06-05 19:41:27+00:00,8400.0,15.9,9.9,10.4,2.3099995,16.997787,17.0,3291.0,0.1404962660217285,False,REGULAR,USD,2026-09-30,7332.16015625,0.0363499975204467,call,1.145637823096344,0.3095890410958904,10.15
SPXW260930C08425000,2026-06-08 17:37:28+00:00,8425.0,13.15,9.1,9.7,0.0,0.0,6.0,5.0,0.141083723526001,False,REGULAR,USD,2026-09-30,7332.16015625,0.0363499975204467,call,1.149047459474607,0.3095890410958904,9.4
SPXW260930C08450000,2026-06-09 14:00:16+00:00,8450.0,13.0,8.2,8.7,-0.77999973,-5.660375,10.0,1032.0,0.1406717403411865,False,REGULAR,USD,2026-09-30,7332.16015625,0.0363499975204467,call,1.15245709585287,0.3095890410958904,8.45
SPXW260930C08475000,2026-06-05 15:58:05+00:00,8475.0,14.01,7.4,7.9,0.0,0.0,2.0,1.0,0.1406068911361694,False,REGULAR,USD,2026-09-30,7332.16015625,0.0363499975204467,call,1.155866732231133,0.3095890410958904,7.65
SPXW260930C08500000,2026-06-08 19:31:20+00:00,8500.0,9.15,6.6,7.0,0.0,0.0,14.0,1054.0,0.1399851016998291,False,REGULAR,USD,2026-09-30,7332.16015625,0.0363499975204467,call,1.159276368609396,0.3095890410958904,6.8
SPXW260930C08550000,2026-06-05 15:58:05+00:00,8550.0,10.4,5.7,6.3,0.0,0.0,2.0,5.0,0.1420068710327148,False,REGULAR,USD,2026-09-30,7332.16015625,0.0363499975204467,call,1.1660956413659216,0.3095890410958904,6.0
SPXW260930C08600000,2026-06-08 19:24:15+00:00,8600.0,6.0,4.7,5.1,0.0,0.0,12.0,764.0,0.1415872585296631,False,REGULAR,USD,2026-09-30,7332.16015625,0.0363499975204467,call,1.1729149141224475,0.3095890410958904,4.9
SPXW260930C08700000,2026-06-09 15:27:08+00:00,8700.0,3.5,3.5,3.9,-1.8000002,-25.352114,2.0,940.0,0.1442041146850585,False,REGULAR,USD,2026-09-30,7332.16015625,0.0363499975204467,call,1.1865534596354992,0.3095890410958904,3.7
SPXW260930C08800000,2026-06-09 13:55:15+00:00,8800.0,4.0,2.5,2.8,0.099999905,2.5641,2.0,1569.0,0.1454705815124511,False,REGULAR,USD,2026-09-30,7332.16015625,0.0363499975204467,call,1.2001920051485508,0.3095890410958904,2.65
SPXW260930C08900000,2026-06-05 14:03:06+00:00,8900.0,3.3,2.0,2.35,0.0,0.0,110.0,182.0,0.1496819651794433,False,REGULAR,USD,2026-09-30,7332.16015625,0.0363499975204467,call,1.2138305506616027,0.3095890410958904,2.175
SPXW260930C09000000,2026-06-05 18:21:22+00:00,9000.0,2.1,1.55,1.9,0.0,0.0,2.0,2022.0,0.1529930892944336,False,REGULAR,USD,2026-09-30,7332.16015625,0.0363499975204467,call,1.2274690961746544,0.3095890410958904,1.725
SPXW260930C09100000,2026-06-03 15:13:37+00:00,9100.0,2.8,1.3,1.6,0.0,0.0,1.0,5.0,0.156884041595459,False,REGULAR,USD,2026-09-30,7332.16015625,0.0363499975204467,call,1.241107641687706,0.3095890410958904,1.4500000000000002
SPX261016C07260000,2026-05-28 16:49:35+00:00,7260.0,565.0,388.1,391.3,0.0,0.0,4.0,60.0,0.2041066604900359,True,REGULAR,USD,2026-10-16,7332.16015625,0.0363499975204467,call,0.9901584042475544,0.3534246575342465,389.7000000000001
SPX261016C07270000,2026-05-19 16:06:12+00:00,7270.0,421.83,381.1,384.0,0.0,0.0,1.0,123.0,0.2028096763896941,True,REGULAR,USD,2026-10-16,7332.16015625,0.0363499975204467,call,0.9915222587988596,0.3534246575342465,382.55
SPX261016C07275000,2026-05-26 14:15:29+00:00,7275.0,535.71,381.6,383.9,0.0,0.0,2.0,911.0,0.2042029806327819,True,REGULAR,USD,2026-10-16,7332.16015625,0.0363499975204467,call,0.9922041860745124,0.3534246575342465,382.75
SPX261016C07290000,2026-05-20 14:32:16+00:00,7290.0,445.0,371.2,373.5,0.0,0.0,2.0,152.0,0.2025121329784392,True,REGULAR,USD,2026-10-16,7332.16015625,0.0363499975204467,call,0.99424996790147,0.3534246575342465,372.35
SPXW261016C07300000,2026-06-09 14:22:23+00:00,7300.0,419.91,361.9,363.6,-25.369995,-5.6975374,2.0,26.0,0.199648277645111,True,REGULAR,USD,2026-10-16,7332.16015625,0.0363499975204467,call,0.9956138224527752,0.3534246575342465,362.75
SPX261016C07310000,2026-05-20 14:45:05+00:00,7310.0,427.9,354.6,357.3,0.0,0.0,60.0,41.0,0.1988338479232788,True,REGULAR,USD,2026-10-16,7332.16015625,0.0363499975204467,call,0.9969776770040804,0.3534246575342465,355.95000000000005
SPXW261016C07325000,2026-06-05 15:17:58+00:00,7325.0,463.5,349.7,351.2,0.0,0.0,5.0,5.0,0.199489969291687,True,REGULAR,USD,2026-10-16,7332.16015625,0.0363499975204467,call,0.9990234588310382,0.3534246575342465,350.45
SPX261016C07330000,2026-05-28 16:48:24+00:00,7330.0,513.2,346.3,348.4,0.0,0.0,1.0,10.0,0.1992553677558899,True,REGULAR,USD,2026-10-16,7332.16015625,0.0363499975204467,call,0.9997053861066908,0.3534246575342465,347.35
SPX261016C07340000,2026-06-02 13:30:13+00:00,7340.0,518.7,340.7,342.8,0.0,0.0,1.0,29.0,0.1987661377239227,False,REGULAR,USD,2026-10-16,7332.16015625,0.0363499975204467,call,1.001069240657996,0.3534246575342465,341.75
SPX261016C07350000,2026-06-05 18:45:07+00:00,7350.0,391.3,330.1,332.5,0.0,0.0,4.0,2135.0,0.1955570557403564,False,REGULAR,USD,2026-10-16,7332.16015625,0.0363499975204467,call,1.002433095209301,0.3534246575342465,331.3
SPX261016C07360000,2026-06-08 15:27:24+00:00,7360.0,404.3,324.5,326.7,0.0,0.0,11.0,75.0,0.1949028417015075,False,REGULAR,USD,2026-10-16,7332.16015625,0.0363499975204467,call,1.0037969497606063,0.3534246575342465,325.6
SPX261016C07370000,2026-06-05 14:05:37+00:00,7370.0,436.3,322.4,324.7,0.0,0.0,8.0,77.0,0.1964000954055786,False,REGULAR,USD,2026-10-16,7332.16015625,0.0363499975204467,call,1.0051608043119111,0.3534246575342465,323.54999999999995
SPX261016C07375000,2026-06-03 15:48:10+00:00,7375.0,477.97,315.3,317.4,0.0,0.0,3.0,983.0,0.1935295644187927,False,REGULAR,USD,2026-10-16,7332.16015625,0.0363499975204467,call,1.005842731587564,0.3534246575342465,316.35
SPX261016C07380000,2026-05-29 18:11:28+00:00,7380.0,478.72,314.4,316.7,0.0,0.0,2.0,17.0,0.1944336386299133,False,REGULAR,USD,2026-10-16,7332.16015625,0.0363499975204467,call,1.0065246588632166,0.3534246575342465,315.54999999999995
SPX261016C07400000,2026-06-09 14:49:17+00:00,7400.0,325.12,302.4,304.1,-36.29001,-10.04123,3.0,5755.0,0.1923680007171631,False,REGULAR,USD,2026-10-16,7332.16015625,0.0363499975204467,call,1.009252367965827,0.3534246575342465,303.25
SPX261016C07410000,2026-06-03 16:56:02+00:00,7410.0,448.7,292.0,294.6,0.0,0.0,28.0,40.0,0.1894593231391907,False,REGULAR,USD,2026-10-16,7332.16015625,0.0363499975204467,call,1.010616222517132,0.3534246575342465,293.3
SPX261016C07420000,2026-06-04 16:51:01+00:00,7420.0,455.1,286.3,288.4,0.0,0.0,2.0,22.0,0.1884141065406799,False,REGULAR,USD,2026-10-16,7332.16015625,0.0363499975204467,call,1.0119800770684373,0.3534246575342465,287.35
SPX261016C07425000,2026-06-02 13:39:09+00:00,7425.0,455.82,284.1,286.5,0.0,0.0,1.0,465.0,0.1885705075645447,False,REGULAR,USD,2026-10-16,7332.16015625,0.0363499975204467,call,1.01266200434409,0.3534246575342465,285.3
SPX261016C07430000,2026-06-05 20:02:59+00:00,7430.0,315.33,280.2,282.8,0.0,0.0,15.0,29.0,0.1876855066490173,False,REGULAR,USD,2026-10-16,7332.16015625,0.0363499975204467,call,1.0133439316197423,0.3534246575342465,281.5
SPX261016C07440000,2026-06-03 15:44:34+00:00,7440.0,433.2,279.2,281.5,0.0,0.0,9.0,24.0,0.1893982885932922,False,REGULAR,USD,2026-10-16,7332.16015625,0.0363499975204467,call,1.0147077861710476,0.3534246575342465,280.35
SPXW261016C07450000,2026-06-08 16:42:34+00:00,7450.0,333.02,270.3,271.6,0.0,0.0,8.0,11.0,0.1861424770355224,False,REGULAR,USD,2026-10-16,7332.16015625,0.0363499975204467,call,1.016071640722353,0.3534246575342465,270.95000000000005
SPX261016C07460000,2026-06-03 13:50:24+00:00,7460.0,418.5,269.1,271.1,0.0,0.0,9.0,64.0,0.1882643811702728,False,REGULAR,USD,2026-10-16,7332.16015625,0.0363499975204467,call,1.017435495273658,0.3534246575342465,270.1
SPX261016C07470000,2026-06-05 16:27:16+00:00,7470.0,346.0,261.3,263.4,0.0,0.0,1.0,80.0,0.1862130482292175,False,REGULAR,USD,2026-10-16,7332.16015625,0.0363499975204467,call,1.0187993498249632,0.3534246575342465,262.35
SPX261016C07480000,2026-06-08 19:42:19+00:00,7480.0,297.7,256.5,258.5,0.0,0.0,15.0,41.0,0.1857467061519622,False,REGULAR,USD,2026-10-16,7332.16015625,0.0363499975204467,call,1.0201632043762685,0.3534246575342465,257.5
SPX261016C07490000,2026-06-04 16:46:52+00:00,7490.0,405.5,250.2,252.5,0.0,0.0,1.0,13.0,0.1846147060585021,False,REGULAR,USD,2026-10-16,7332.16015625,0.0363499975204467,call,1.0215270589275736,0.3534246575342465,251.35
SPXW261016C07500000,2026-06-09 14:26:33+00:00,7500.0,298.87,246.0,247.3,-93.82001,-23.891623,1.0,26.0,0.1839156697750091,False,REGULAR,USD,2026-10-16,7332.16015625,0.0363499975204467,call,1.0228909134788786,0.3534246575342465,246.65
SPX261016C07510000,2026-06-08 19:39:07+00:00,7510.0,282.9,239.6,241.7,1.8999939,0.67615443,5.0,20.0,0.1829534220123291,False,REGULAR,USD,2026-10-16,7332.16015625,0.0363499975204467,call,1.024254768030184,0.3534246575342465,240.65
SPX261016C07520000,2026-06-08 19:39:37+00:00,7520.0,273.9,234.2,236.3,0.0,0.0,3.0,9.0,0.1820779577445983,False,REGULAR,USD,2026-10-16,7332.16015625,0.0363499975204467,call,1.025618622581489,0.3534246575342465,235.25
SPXW261016C07525000,2026-06-08 12:20:05+00:00,7525.0,294.3,230.0,235.8,0.0,0.0,8.0,32.0,0.1829095534324645,False,REGULAR,USD,2026-10-16,7332.16015625,0.0363499975204467,call,1.0263005498571416,0.3534246575342465,232.9
SPX261016C07530000,2026-06-08 19:55:42+00:00,7530.0,266.1,229.5,231.6,0.0,0.0,7.0,22.0,0.1815782374000549,False,REGULAR,USD,2026-10-16,7332.16015625,0.0363499975204467,call,1.0269824771327942,0.3534246575342465,230.55
SPX261016C07540000,2026-06-08 19:55:25+00:00,7540.0,260.7,221.1,223.4,0.0,0.0,7.0,24.0,0.1790004815006255,False,REGULAR,USD,2026-10-16,7332.16015625,0.0363499975204467,call,1.0283463316840993,0.3534246575342465,222.25
SPX261016C07550000,2026-06-08 19:59:12+00:00,7550.0,249.2,215.7,218.3,-7.2700043,-2.8346412,11.0,785.0,0.1782003567504883,False,REGULAR,USD,2026-10-16,7332.16015625,0.0363499975204467,call,1.0297101862354046,0.3534246575342465,217.0
SPX261016C07560000,2026-06-08 19:39:12+00:00,7560.0,252.1,212.0,215.6,0.0,0.0,1.0,35.0,0.178781138601303,False,REGULAR,USD,2026-10-16,7332.16015625,0.0363499975204467,call,1.0310740407867096,0.3534246575342465,213.8
SPX261016C07570000,2026-06-08 19:55:42+00:00,7570.0,243.9,212.3,214.4,0.0,0.0,2.0,38.0,0.1802240334129333,False,REGULAR,USD,2026-10-16,7332.16015625,0.0363499975204467,call,1.0324378953380149,0.3534246575342465,213.35
SPX261016C07575000,2026-06-08 19:59:12+00:00,7575.0,235.8,208.3,211.0,-6.919998,-2.851021,11.0,439.0,0.1792818126106262,False,REGULAR,USD,2026-10-16,7332.16015625,0.0363499975204467,call,1.0331198226136675,0.3534246575342465,209.65
SPX261016C07580000,2026-06-08 19:55:21+00:00,7580.0,238.1,208.2,210.0,0.0,0.0,2.0,336.0,0.1797519693470001,False,REGULAR,USD,2026-10-16,7332.16015625,0.0363499975204467,call,1.03380174988932,0.3534246575342465,209.1
SPX261016C07590000,2026-06-08 19:55:41+00:00,7590.0,233.1,202.6,205.7,0.0,0.0,3.0,20.0,0.1793104225540161,False,REGULAR,USD,2026-10-16,7332.16015625,0.0363499975204467,call,1.0351656044406252,0.3534246575342465,204.15
SPX261016C07600000,2026-06-09 13:49:19+00:00,7600.0,265.3,192.0,195.0,37.399994,16.410706,14.0,4039.0,0.1750160700511932,False,REGULAR,USD,2026-10-16,7332.16015625,0.0363499975204467,call,1.0365294589919305,0.3534246575342465,193.5
SPX261016C07610000,2026-06-09 15:18:12+00:00,7610.0,211.72,187.1,189.1,-14.279999,-6.3185835,10.0,574.0,0.1735369359779358,False,REGULAR,USD,2026-10-16,7332.16015625,0.0363499975204467,call,1.0378933135432356,0.3534246575342465,188.1
SPX261016C07620000,2026-06-08 14:14:51+00:00,7620.0,232.4,185.9,187.8,0.0,0.0,4.0,16.0,0.1747900514984131,False,REGULAR,USD,2026-10-16,7332.16015625,0.0363499975204467,call,1.0392571680945406,0.3534246575342465,186.85
SPX261016C07625000,2026-06-01 19:04:01+00:00,7625.0,337.02,179.7,182.0,0.0,0.0,2.0,576.0,0.1722990790939331,False,REGULAR,USD,2026-10-16,7332.16015625,0.0363499975204467,call,1.0399390953701932,0.3534246575342465,180.85
SPX261016C07630000,2026-05-22 18:17:52+00:00,7630.0,275.66,177.7,180.0,0.0,0.0,10.0,16.0,0.1720911801719665,False,REGULAR,USD,2026-10-16,7332.16015625,0.0363499975204467,call,1.040621022645846,0.3534246575342465,178.85
SPX261016C07640000,2026-06-04 14:02:06+00:00,7640.0,286.4,176.1,177.8,0.0,0.0,2.0,77.0,0.1727473015403747,False,REGULAR,USD,2026-10-16,7332.16015625,0.0363499975204467,call,1.041984877197151,0.3534246575342465,176.95
SPXW261016C07650000,2026-06-08 20:13:38+00:00,7650.0,203.48,172.1,176.4,0.0,0.0,35.0,71.0,0.1738688113212585,False,REGULAR,USD,2026-10-16,7332.16015625,0.0363499975204467,call,1.0433487317484562,0.3534246575342465,174.25
SPX261016C07660000,2026-06-05 14:48:05+00:00,7660.0,251.38,166.1,168.8,0.0,0.0,300.0,473.0,0.1711661253356933,False,REGULAR,USD,2026-10-16,7332.16015625,0.0363499975204467,call,1.0447125862997613,0.3534246575342465,167.45
SPX261016C07670000,2026-05-28 18:14:17+00:00,7670.0,287.68,163.1,165.1,0.0,0.0,1.0,28.0,0.1708151766967773,False,REGULAR,USD,2026-10-16,7332.16015625,0.0363499975204467,call,1.0460764408510663,0.3534246575342465,164.1
SPXW261016C07675000,2026-06-08 19:47:44+00:00,7675.0,195.14,162.5,163.9,0.0,0.0,21.0,73.0,0.1710307049369812,False,REGULAR,USD,2026-10-16,7332.16015625,0.0363499975204467,call,1.0467583681267192,0.3534246575342465,163.2
SPX261016C07680000,2026-06-01 16:36:19+00:00,7680.0,288.2,157.4,159.9,0.0,0.0,2.0,2.0,0.1694991193008423,False,REGULAR,USD,2026-10-16,7332.16015625,0.0363499975204467,call,1.0474402954023718,0.3534246575342465,158.65
SPX261016C07690000,2026-06-08 19:31:56+00:00,7690.0,187.7,151.9,154.0,0.0,0.0,5.0,28.0,0.1677005075263977,False,REGULAR,USD,2026-10-16,7332.16015625,0.0363499975204467,call,1.0488041499536769,0.3534246575342465,152.95
SPXW261016C07700000,2026-06-09 14:26:33+00:00,7700.0,168.04,149.3,151.5,-15.460007,-8.425072,31.0,221.0,0.1679961436080932,False,REGULAR,USD,2026-10-16,7332.16015625,0.0363499975204467,call,1.0501680045049822,0.3534246575342465,150.4
SPX261016C07710000,2026-06-05 18:53:05+00:00,7710.0,182.7,146.7,148.5,0.0,0.0,50.0,135.0,0.1679503676986694,False,REGULAR,USD,2026-10-16,7332.16015625,0.0363499975204467,call,1.0515318590562872,0.3534246575342465,147.6
SPX261016C07720000,2026-06-02 15:42:05+00:00,7720.0,281.8,143.0,145.0,0.0,0.0,3.0,32.0,0.1675555504798889,False,REGULAR,USD,2026-10-16,7332.16015625,0.0363499975204467,call,1.0528957136075925,0.3534246575342465,144.0
SPXW261016C07725000,2026-06-04 15:23:32+00:00,7725.0,157.67,142.3,143.8,-94.89,-37.57127,30.0,155.0,0.1676986001968384,False,REGULAR,USD,2026-10-16,7332.16015625,0.0363499975204467,call,1.053577640883245,0.3534246575342465,143.05
SPX261016C07730000,2026-06-05 13:49:31+00:00,7730.0,217.16,136.6,139.0,0.0,0.0,14.0,128.0,0.1655185225105286,False,REGULAR,USD,2026-10-16,7332.16015625,0.0363499975204467,call,1.0542595681588975,0.3534246575342465,137.8
SPX261016C07740000,2026-06-03 15:41:48+00:00,7740.0,245.2,133.4,136.1,0.0,0.0,1.0,29.0,0.1654346000099182,False,REGULAR,USD,2026-10-16,7332.16015625,0.0363499975204467,call,1.0556234227102028,0.3534246575342465,134.75
SPX261016C07750000,2026-06-08 16:34:25+00:00,7750.0,171.31,130.3,132.3,0.0,0.0,8.0,2401.0,0.1647327027320861,False,REGULAR,USD,2026-10-16,7332.16015625,0.0363499975204467,call,1.056987277261508,0.3534246575342465,131.3
SPX261016C07760000,2026-06-05 16:44:15+00:00,7760.0,179.03,128.1,129.7,0.0,0.0,1.0,31.0,0.1647822933006286,False,REGULAR,USD,2026-10-16,7332.16015625,0.0363499975204467,call,1.0583511318128132,0.3534246575342465,128.89999999999998
SPX261016C07770000,2026-06-04 19:21:31+00:00,7770.0,240.8,126.1,127.9,0.0,0.0,1.0,85.0,0.1653354188728333,False,REGULAR,USD,2026-10-16,7332.16015625,0.0363499975204467,call,1.0597149863641182,0.3534246575342465,127.0
SPX261016C07775000,2026-06-05 19:59:46+00:00,7775.0,150.49,120.7,122.7,0.9600067,0.6420161,1.0,588.0,0.162737636013031,False,REGULAR,USD,2026-10-16,7332.16015625,0.0363499975204467,call,1.0603969136397708,0.3534246575342465,121.7
SPX261016C07780000,2026-06-05 18:49:42+00:00,7780.0,155.02,118.8,120.8,0.0,0.0,1.0,35.0,0.1623199308395385,False,REGULAR,USD,2026-10-16,7332.16015625,0.0363499975204467,call,1.0610788409154237,0.3534246575342465,119.8
SPX261016C07800000,2026-06-08 18:38:07+00:00,7800.0,146.74,112.3,113.9,0.0,0.0,7.0,11307.0,0.1610229467391967,False,REGULAR,USD,2026-10-16,7332.16015625,0.0363499975204467,call,1.0638065500180338,0.3534246575342465,113.1
SPX261016C07810000,2026-06-08 19:23:31+00:00,7810.0,134.3,109.1,111.2,0.0,0.0,10.0,53.0,0.1608312601184845,False,REGULAR,USD,2026-10-16,7332.16015625,0.0363499975204467,call,1.0651704045693389,0.3534246575342465,110.15
SPX261016C07825000,2026-06-05 17:30:25+00:00,7825.0,153.13,104.3,106.7,0.0,0.0,4.0,1116.0,0.1601684630966186,False,REGULAR,USD,2026-10-16,7332.16015625,0.0363499975204467,call,1.0672161863962968,0.3534246575342465,105.5
SPX261016C07840000,2026-05-29 14:31:53+00:00,7840.0,208.91,100.4,102.5,0.0,0.0,1.0,1.0,0.1596363181495666,False,REGULAR,USD,2026-10-16,7332.16015625,0.0363499975204467,call,1.0692619682232545,0.3534246575342465,101.45
SPXW261016C07850000,2026-06-09 15:23:40+00:00,7850.0,108.6,99.8,100.7,-26.230003,-19.454128,12.0,7.0,0.1599529348564148,False,REGULAR,USD,2026-10-16,7332.16015625,0.0363499975204467,call,1.0706258227745595,0.3534246575342465,100.25
SPX261016C07860000,2026-06-05 15:51:23+00:00,7860.0,147.4,94.4,96.3,0.0,0.0,1.0,2.0,0.158364129333496,False,REGULAR,USD,2026-10-16,7332.16015625,0.0363499975204467,call,1.0719896773258648,0.3534246575342465,95.35
SPXW261016C07875000,2026-06-04 13:46:43+00:00,7875.0,166.8,92.7,93.9,0.0,0.0,6.0,10.0,0.1589563551616669,False,REGULAR,USD,2026-10-16,7332.16015625,0.0363499975204467,call,1.0740354591528225,0.3534246575342465,93.3
SPX261016C07900000,2026-06-09 14:13:36+00:00,7900.0,95.0,83.3,84.9,-16.5,-14.798206,262.0,5627.0,0.1560543532371521,False,REGULAR,USD,2026-10-16,7332.16015625,0.0363499975204467,call,1.0774450955310857,0.3534246575342465,84.1
SPX261016C07910000,2026-06-08 14:56:11+00:00,7910.0,116.0,80.7,82.2,0.0,0.0,5.0,37.0,0.1554859690284729,False,REGULAR,USD,2026-10-16,7332.16015625,0.0363499975204467,call,1.0788089500823907,0.3534246575342465,81.45
SPX261016C07925000,2026-06-09 13:30:02+00:00,7925.0,100.0,77.1,78.5,2.4000015,2.459018,27.0,250.0,0.1548298476600647,False,REGULAR,USD,2026-10-16,7332.16015625,0.0363499975204467,call,1.0808547319093484,0.3534246575342465,77.8
SPX261016C07930000,2026-06-01 15:09:41+00:00,7930.0,158.82,77.5,78.9,0.0,0.0,1.0,3.0,0.1558788789176941,False,REGULAR,USD,2026-10-16,7332.16015625,0.0363499975204467,call,1.081536659185001,0.3534246575342465,78.2
SPX261016C07940000,2026-06-05 18:36:30+00:00,7940.0,101.46,76.1,77.6,0.0,0.0,1.0,4.0,0.1563156573867798,False,REGULAR,USD,2026-10-16,7332.16015625,0.0363499975204467,call,1.082900513736306,0.3534246575342465,76.85
SPX261016C07950000,2026-06-08 15:04:58+00:00,7950.0,106.05,75.8,77.2,0.0,0.0,275.0,2280.0,0.1574524258041381,False,REGULAR,USD,2026-10-16,7332.16015625,0.0363499975204467,call,1.0842643682876114,0.3534246575342465,76.5
SPX261016C07970000,2026-06-02 16:41:40+00:00,7970.0,159.21,68.5,69.9,0.0,0.0,2.0,3.0,0.1543797178840637,False,REGULAR,USD,2026-10-16,7332.16015625,0.0363499975204467,call,1.0869920773902215,0.3534246575342465,69.2
SPX261016C07975000,2026-06-08 14:56:47+00:00,7975.0,96.33,65.8,67.1,0.0,0.0,5.0,1758.0,0.1527451364517212,False,REGULAR,USD,2026-10-16,7332.16015625,0.0363499975204467,call,1.0876740046658744,0.3534246575342465,66.44999999999999
SPX261016C07980000,2026-06-05 19:28:12+00:00,7980.0,85.07,64.7,66.2,0.0,0.0,4.0,8.0,0.1526841019058228,False,REGULAR,USD,2026-10-16,7332.16015625,0.0363499975204467,call,1.0883559319415268,0.3534246575342465,65.45
SPXW261016C08000000,2026-06-05 19:48:29+00:00,8000.0,82.5,61.4,66.2,0.0,0.0,1.0,341.0,0.1554611737442016,False,REGULAR,USD,2026-10-16,7332.16015625,0.0363499975204467,call,1.0910836410441371,0.3534246575342465,63.8
SPXW261016C08025000,2026-06-08 16:08:49+00:00,8025.0,81.2,57.8,58.9,0.0,0.0,5.0,13.0,0.1524800176429749,False,REGULAR,USD,2026-10-16,7332.16015625,0.0363499975204467,call,1.0944932774224,0.3534246575342465,58.35
SPX261016C08030000,2026-06-05 14:26:58+00:00,8030.0,98.22,56.6,58.5,0.0,0.0,10.0,10.0,0.1527890050315857,False,REGULAR,USD,2026-10-16,7332.16015625,0.0363499975204467,call,1.0951752046980527,0.3534246575342465,57.55
SPX261016C08050000,2026-06-05 19:18:31+00:00,8050.0,65.33,51.4,53.0,0.0,0.0,1.0,124.0,0.1503686038208008,False,REGULAR,USD,2026-10-16,7332.16015625,0.0363499975204467,call,1.097902913800663,0.3534246575342465,52.2
SPX261016C08075000,2026-06-05 18:41:15+00:00,8075.0,66.88,49.0,50.2,0.0,0.0,4.0,158.0,0.1509236367225647,False,REGULAR,USD,2026-10-16,7332.16015625,0.0363499975204467,call,1.101312550178926,0.3534246575342465,49.6
SPXW261016C08100000,2026-06-04 19:42:02+00:00,8100.0,107.6,44.0,47.7,0.0,0.0,12.0,60.0,0.1516350706481933,False,REGULAR,USD,2026-10-16,7332.16015625,0.0363499975204467,call,1.104722186557189,0.3534246575342465,45.85
SPXW261016C08125000,2026-06-05 18:22:04+00:00,8125.0,59.9,38.6,41.5,0.0,0.0,15.0,39.0,0.1483277611923217,False,REGULAR,USD,2026-10-16,7332.16015625,0.0363499975204467,call,1.1081318229354518,0.3534246575342465,40.05
SPXW261016C08150000,2026-06-05 18:21:06+00:00,8150.0,55.0,38.1,39.0,0.0,0.0,15.0,30.0,0.148627211933136,False,REGULAR,USD,2026-10-16,7332.16015625,0.0363499975204467,call,1.1115414593137147,0.3534246575342465,38.55
SPX261016C08175000,2026-06-04 16:46:46+00:00,8175.0,82.5,34.5,35.5,0.0,0.0,15.0,24.0,0.1476067906188964,False,REGULAR,USD,2026-10-16,7332.16015625,0.0363499975204467,call,1.1149510956919777,0.3534246575342465,35.0
SPX261016C08200000,2026-06-08 15:01:40+00:00,8200.0,49.4,31.7,32.5,0.0,0.0,102.0,1803.0,0.1469125226593017,False,REGULAR,USD,2026-10-16,7332.16015625,0.0363499975204467,call,1.118360732070241,0.3534246575342465,32.1
SPX261016C08225000,2026-06-03 18:40:28+00:00,8225.0,70.55,28.2,29.3,0.0,0.0,133.0,272.0,0.1457051830482482,False,REGULAR,USD,2026-10-16,7332.16015625,0.0363499975204467,call,1.1217703684485036,0.3534246575342465,28.75
SPXW261016C08250000,2026-06-05 14:52:24+00:00,8250.0,50.3,26.4,27.3,0.0,0.0,17.0,23.0,0.1458177154922485,False,REGULAR,USD,2026-10-16,7332.16015625,0.0363499975204467,call,1.1251800048267664,0.3534246575342465,26.85
SPX261016C08275000,2026-06-04 17:29:20+00:00,8275.0,61.95,23.4,24.3,0.0,0.0,2.0,503.0,0.1443223691177368,False,REGULAR,USD,2026-10-16,7332.16015625,0.0363499975204467,call,1.1285896412050294,0.3534246575342465,23.85
SPX261016C08300000,2026-06-08 19:32:22+00:00,8300.0,29.1,22.5,23.4,0.0,0.0,6.0,678.0,0.1456536851501464,False,REGULAR,USD,2026-10-16,7332.16015625,0.0363499975204467,call,1.1319992775832923,0.3534246575342465,22.95
SPX261016C08325000,2026-06-08 19:54:00+00:00,8325.0,25.83,20.5,21.5,0.0,0.0,1.0,102.0,0.1453523270797729,False,REGULAR,USD,2026-10-16,7332.16015625,0.0363499975204467,call,1.1354089139615553,0.3534246575342465,21.0
SPX261016C08350000,2026-06-05 19:42:47+00:00,8350.0,24.28,18.8,19.9,0.0,0.0,1.0,607.0,0.1453370684432983,False,REGULAR,USD,2026-10-16,7332.16015625,0.0363499975204467,call,1.1388185503398185,0.3534246575342465,19.35
SPX261016C08400000,2026-06-08 19:54:00+00:00,8400.0,19.68,15.4,16.1,0.0,0.0,20.0,6424.0,0.1436090278625488,False,REGULAR,USD,2026-10-16,7332.16015625,0.0363499975204467,call,1.145637823096344,0.3534246575342465,15.75
SPX261016C08425000,2026-06-09 13:42:37+00:00,8425.0,21.75,13.4,14.3,-22.05,-50.34247,1.0,1.0,0.142487518081665,False,REGULAR,USD,2026-10-16,7332.16015625,0.0363499975204467,call,1.149047459474607,0.3534246575342465,13.85
SPX261016C08450000,2026-06-05 18:49:42+00:00,8450.0,17.9,12.7,13.4,0.0,0.0,2.0,15.0,0.1429757944488525,False,REGULAR,USD,2026-10-16,7332.16015625,0.0363499975204467,call,1.15245709585287,0.3534246575342465,13.05
SPX261016C08475000,2026-06-08 14:52:25+00:00,8475.0,18.5,11.0,11.9,0.0,0.0,43.0,160.0,0.1419687244415283,False,REGULAR,USD,2026-10-16,7332.16015625,0.0363499975204467,call,1.155866732231133,0.3534246575342465,11.45
SPXW261016C08500000,2026-06-08 14:57:32+00:00,8500.0,17.2,10.9,11.5,0.0,0.0,2.0,106.0,0.1433152991104126,False,REGULAR,USD,2026-10-16,7332.16015625,0.0363499975204467,call,1.159276368609396,0.3534246575342465,11.2
SPX261016C08525000,2026-06-05 16:51:50+00:00,8525.0,16.1,10.1,10.9,0.0,0.0,2.0,6.0,0.1441163775253295,False,REGULAR,USD,2026-10-16,7332.16015625,0.0363499975204467,call,1.1626860049876586,0.3534246575342465,10.5
SPX261016C08600000,2026-06-08 19:15:31+00:00,8600.0,9.7,7.3,7.9,0.0,0.0,51.0,4730.0,0.1423959662628174,False,REGULAR,USD,2026-10-16,7332.16015625,0.0363499975204467,call,1.1729149141224475,0.3534246575342465,7.6
SPXW261016C08700000,2026-06-02 15:29:53+00:00,8700.0,18.7,5.4,5.9,0.0,0.0,4.0,33.0,0.1437616142272949,False,REGULAR,USD,2026-10-16,7332.16015625,0.0363499975204467,call,1.1865534596354992,0.3534246575342465,5.65
SPX261016C08800000,2026-06-05 19:21:07+00:00,8800.0,4.8,3.6,4.2,0.0,0.0,3.0,1686.0,0.1441354508209228,False,REGULAR,USD,2026-10-16,7332.16015625,0.0363499975204467,call,1.2001920051485508,0.3534246575342465,3.9
SPXW261016C08900000,2026-06-08 16:20:49+00:00,8900.0,4.44,2.9,3.3,0.0,0.0,2.0,21.0,0.1465997206115722,False,REGULAR,USD,2026-10-16,7332.16015625,0.0363499975204467,call,1.2138305506616027,0.3534246575342465,3.1
SPXW261016C09000000,2026-06-08 15:12:32+00:00,9000.0,2.7,2.2,2.6,-0.79999995,-22.857141,10.0,37.0,0.1490105851745605,False,REGULAR,USD,2026-10-16,7332.16015625,0.0363499975204467,call,1.2274690961746544,0.3534246575342465,2.4000000000000004
SPX261016C09100000,2026-06-04 15:26:59+00:00,9100.0,3.95,1.65,2.2,0.0,0.0,2.0,205.0,0.1526421406555176,False,REGULAR,USD,2026-10-16,7332.16015625,0.0363499975204467,call,1.241107641687706,0.3534246575342465,1.925
SPXW261016C09200000,2026-06-08 16:20:49+00:00,9200.0,2.14,1.45,1.85,0.0,0.0,2.0,56.0,0.155983782043457,False,REGULAR,USD,2026-10-16,7332.16015625,0.0363499975204467,call,1.2547461872007577,0.3534246575342465,1.65
SPXW261030C07260000,2026-06-05 14:16:33+00:00,7260.0,551.8,414.4,416.0,0.0,0.0,3.0,25.0,0.2073863136672973,True,REGULAR,USD,2026-10-30,7332.16015625,0.0363499975204467,call,0.9901584042475544,0.3917808219178082,415.2
SPXW261030C07270000,2026-06-05 20:02:04+00:00,7270.0,448.8,413.5,415.9,0.0,0.0,20.0,23.0,0.2100880459880828,True,REGULAR,USD,2026-10-30,7332.16015625,0.0363499975204467,call,0.9915222587988596,0.3917808219178082,414.7
SPXW261030C07280000,2026-05-28 19:07:17+00:00,7280.0,576.0,405.0,406.6,0.0,0.0,3.0,303.0,0.2077162816810607,True,REGULAR,USD,2026-10-30,7332.16015625,0.0363499975204467,call,0.9928861133501647,0.3917808219178082,405.8
SPXW261030C07300000,2026-05-28 15:42:20+00:00,7300.0,558.3,387.3,389.0,0.0,0.0,3.0,59.0,0.2034667514228821,True,REGULAR,USD,2026-10-30,7332.16015625,0.0363499975204467,call,0.9956138224527752,0.3917808219178082,388.15
SPXW261030C07325000,2026-05-14 17:05:23+00:00,7325.0,529.0,371.1,373.3,0.0,0.0,4.0,11.0,0.2014859896755218,True,REGULAR,USD,2026-10-30,7332.16015625,0.0363499975204467,call,0.9990234588310382,0.3917808219178082,372.2000000000001
SPXW261030C07340000,2026-05-20 18:00:29+00:00,7340.0,442.87,363.7,366.7,0.0,0.0,18.0,18.0,0.2017692281150818,False,REGULAR,USD,2026-10-30,7332.16015625,0.0363499975204467,call,1.001069240657996,0.3917808219178082,365.2
SPXW261030C07350000,2026-06-02 13:46:32+00:00,7350.0,539.8,359.8,362.7,0.0,0.0,3.0,33.0,0.2021459257030486,False,REGULAR,USD,2026-10-30,7332.16015625,0.0363499975204467,call,1.002433095209301,0.3917808219178082,361.25
SPXW261030C07360000,2026-05-22 14:41:14+00:00,7360.0,464.3,350.9,352.6,0.0,0.0,6.0,13.0,0.1991771672439575,False,REGULAR,USD,2026-10-30,7332.16015625,0.0363499975204467,call,1.0037969497606063,0.3917808219178082,351.75
SPXW261030C07370000,2026-05-19 19:09:54+00:00,7370.0,394.6,346.8,348.6,0.0,0.0,9.0,26.0,0.1995080889225006,False,REGULAR,USD,2026-10-30,7332.16015625,0.0363499975204467,call,1.0051608043119111,0.3917808219178082,347.70000000000005
SPXW261030C07380000,2026-06-09 14:55:51+00:00,7380.0,369.0,337.4,339.4,-147.37,-28.539614,6.0,31.0,0.1969856455802917,False,REGULAR,USD,2026-10-30,7332.16015625,0.0363499975204467,call,1.0065246588632166,0.3917808219178082,338.4
SPXW261030C07390000,2026-05-28 17:30:28+00:00,7390.0,494.68,330.4,331.6,0.0,0.0,1.0,19.0,0.1952013387775421,False,REGULAR,USD,2026-10-30,7332.16015625,0.0363499975204467,call,1.0078885134145217,0.3917808219178082,331.0
SPXW261030C07400000,2026-06-08 19:33:58+00:00,7400.0,403.0,324.2,326.0,28.399994,7.581419,1.0,166.0,0.1945919469833373,False,REGULAR,USD,2026-10-30,7332.16015625,0.0363499975204467,call,1.009252367965827,0.3917808219178082,325.1
SPXW261030C07410000,2026-05-19 15:42:14+00:00,7410.0,357.7,322.2,324.0,0.0,0.0,4.0,5.0,0.1959175410270691,False,REGULAR,USD,2026-10-30,7332.16015625,0.0363499975204467,call,1.010616222517132,0.3917808219178082,323.1
SPXW261030C07420000,2026-05-18 18:43:47+00:00,7420.0,359.8,317.2,321.0,0.0,0.0,9.0,27.0,0.1966757045269012,False,REGULAR,USD,2026-10-30,7332.16015625,0.0363499975204467,call,1.0119800770684373,0.3917808219178082,319.1
SPXW261030C07425000,2026-05-28 17:05:53+00:00,7425.0,472.48,313.2,315.0,0.0,0.0,2.0,44.0,0.1945948079776763,False,REGULAR,USD,2026-10-30,7332.16015625,0.0363499975204467,call,1.01266200434409,0.3917808219178082,314.1
SPXW261030C07430000,2026-06-09 15:28:20+00:00,7430.0,313.3,306.4,307.8,-163.51001,-34.29249,3.0,42.0,0.191853021736145,False,REGULAR,USD,2026-10-30,7332.16015625,0.0363499975204467,call,1.0133439316197423,0.3917808219178082,307.1
SPXW261030C07440000,2026-05-20 15:31:26+00:00,7440.0,376.83,298.3,304.1,0.0,0.0,1.0,2.0,0.1921810824203491,False,REGULAR,USD,2026-10-30,7332.16015625,0.0363499975204467,call,1.0147077861710476,0.3917808219178082,301.20000000000005
SPXW261030C07450000,2026-06-08 16:40:25+00:00,7450.0,358.12,294.8,297.1,0.0,0.0,4.0,22.0,0.1906847823810577,False,REGULAR,USD,2026-10-30,7332.16015625,0.0363499975204467,call,1.016071640722353,0.3917808219178082,295.95000000000005
SPXW261030C07460000,2026-06-08 16:38:47+00:00,7460.0,354.1,288.8,291.3,3.7000122,1.0559396,10.0,223.0,0.189817901096344,False,REGULAR,USD,2026-10-30,7332.16015625,0.0363499975204467,call,1.017435495273658,0.3917808219178082,290.05
SPXW261030C07475000,2026-06-05 19:33:41+00:00,7475.0,328.52,285.3,286.7,0.0,0.0,9.0,47.0,0.1907114849948883,False,REGULAR,USD,2026-10-30,7332.16015625,0.0363499975204467,call,1.0194812771006156,0.3917808219178082,286.0
SPXW261030C07480000,2026-05-29 17:37:40+00:00,7480.0,437.65,278.6,280.9,0.0,0.0,1.0,10.0,0.1886620593833923,False,REGULAR,USD,2026-10-30,7332.16015625,0.0363499975204467,call,1.0201632043762685,0.3917808219178082,279.75
SPXW261030C07500000,2026-06-05 16:33:53+00:00,7500.0,347.4,267.2,269.5,0.0,0.0,15.0,67.0,0.1868558182907104,False,REGULAR,USD,2026-10-30,7332.16015625,0.0363499975204467,call,1.0228909134788786,0.3917808219178082,268.35
SPXW261030C07510000,2026-05-22 15:36:21+00:00,7510.0,377.04,262.8,265.6,0.0,0.0,1.0,5.0,0.1869025478649139,False,REGULAR,USD,2026-10-30,7332.16015625,0.0363499975204467,call,1.024254768030184,0.3917808219178082,264.20000000000005
SPXW261030C07520000,2026-05-29 15:40:31+00:00,7520.0,417.67,254.3,262.0,0.0,0.0,10.0,10.0,0.1870904198265076,False,REGULAR,USD,2026-10-30,7332.16015625,0.0363499975204467,call,1.025618622581489,0.3917808219178082,258.15
SPXW261030C07525000,2026-06-04 13:47:24+00:00,7525.0,381.79,257.0,258.6,0.0,0.0,4.0,42.0,0.1862931560707092,False,REGULAR,USD,2026-10-30,7332.16015625,0.0363499975204467,call,1.0263005498571416,0.3917808219178082,257.8
SPXW261030C07530000,2026-06-09 15:28:20+00:00,7530.0,256.9,250.8,257.1,-32.700012,-11.29144,1.0,10.0,0.186537294254303,False,REGULAR,USD,2026-10-30,7332.16015625,0.0363499975204467,call,1.0269824771327942,0.3917808219178082,253.95
SPXW261030C07550000,2026-06-08 20:12:42+00:00,7550.0,280.87,241.6,243.7,0.0,0.0,23.0,72.0,0.1833549148845672,False,REGULAR,USD,2026-10-30,7332.16015625,0.0363499975204467,call,1.0297101862354046,0.3917808219178082,242.65
SPXW261030C07560000,2026-06-04 16:06:13+00:00,7560.0,378.32,235.9,238.7,0.0,0.0,2.0,16.0,0.1826616005897521,False,REGULAR,USD,2026-10-30,7332.16015625,0.0363499975204467,call,1.0310740407867096,0.3917808219178082,237.3
SPXW261030C07570000,2026-06-03 15:16:40+00:00,7570.0,376.96,230.2,231.5,0.0,0.0,5.0,9.0,0.1807123097801208,False,REGULAR,USD,2026-10-30,7332.16015625,0.0363499975204467,call,1.0324378953380149,0.3917808219178082,230.85
SPXW261030C07575000,2026-06-08 20:12:42+00:00,7575.0,267.02,231.2,233.0,0.0,0.0,23.0,60.0,0.1825748170948028,False,REGULAR,USD,2026-10-30,7332.16015625,0.0363499975204467,call,1.0331198226136675,0.3917808219178082,232.1
SPXW261030C07590000,2026-06-08 15:14:51+00:00,7590.0,289.33,223.2,224.9,0.0,0.0,4.0,10.0,0.1810861463737487,False,REGULAR,USD,2026-10-30,7332.16015625,0.0363499975204467,call,1.0351656044406252,0.3917808219178082,224.05
SPXW261030C07600000,2026-06-08 19:56:25+00:00,7600.0,252.5,215.8,218.0,0.0,0.0,5.0,112.0,0.1792102877521514,False,REGULAR,USD,2026-10-30,7332.16015625,0.0363499975204467,call,1.0365294589919305,0.3917808219178082,216.9
SPXW261030C07610000,2026-06-05 20:14:27+00:00,7610.0,235.0,214.6,216.0,0.0,0.0,35.0,46.0,0.1800666787242889,False,REGULAR,USD,2026-10-30,7332.16015625,0.0363499975204467,call,1.0378933135432356,0.3917808219178082,215.3
SPXW261030C07620000,2026-06-01 13:45:26+00:00,7620.0,344.78,206.1,208.5,0.0,0.0,12.0,40.0,0.1777855125713348,False,REGULAR,USD,2026-10-30,7332.16015625,0.0363499975204467,call,1.0392571680945406,0.3917808219178082,207.3
SPXW261030C07625000,2026-06-08 19:56:25+00:00,7625.0,239.41,204.6,206.5,0.0,0.0,5.0,48.0,0.1776243432235718,False,REGULAR,USD,2026-10-30,7332.16015625,0.0363499975204467,call,1.0399390953701932,0.3917808219178082,205.55
SPXW261030C07630000,2026-06-03 16:26:18+00:00,7630.0,328.28,200.9,202.4,0.0,0.0,11.0,30.0,0.1762596489238739,False,REGULAR,USD,2026-10-30,7332.16015625,0.0363499975204467,call,1.040621022645846,0.3917808219178082,201.65
SPXW261030C07640000,2026-06-03 14:11:36+00:00,7640.0,336.8,197.1,198.6,0.0,0.0,1.0,4.0,0.1760126497459411,False,REGULAR,USD,2026-10-30,7332.16015625,0.0363499975204467,call,1.041984877197151,0.3917808219178082,197.85
SPXW261030C07650000,2026-06-05 19:41:22+00:00,7650.0,212.81,196.8,201.8,-17.90001,-7.758662,1.0,123.0,0.1797548303413391,False,REGULAR,USD,2026-10-30,7332.16015625,0.0363499975204467,call,1.0433487317484562,0.3917808219178082,199.3
SPXW261030C07660000,2026-06-05 18:20:43+00:00,7660.0,241.16,190.8,192.6,0.0,0.0,75.0,22.0,0.1763616910552979,False,REGULAR,USD,2026-10-30,7332.16015625,0.0363499975204467,call,1.0447125862997613,0.3917808219178082,191.7
SPXW261030C07675000,2026-06-05 19:41:22+00:00,7675.0,201.01,184.3,186.0,-17.440002,-7.9835215,1.0,49.0,0.1753431770706177,False,REGULAR,USD,2026-10-30,7332.16015625,0.0363499975204467,call,1.0467583681267192,0.3917808219178082,185.15
SPXW261030C07680000,2026-06-01 18:20:07+00:00,7680.0,330.68,181.8,183.4,0.0,0.0,2.0,7.0,0.1747557195663452,False,REGULAR,USD,2026-10-30,7332.16015625,0.0363499975204467,call,1.0474402954023718,0.3917808219178082,182.6
SPXW261030C07700000,2026-06-09 14:55:52+00:00,7700.0,192.46,170.9,172.4,-10.679993,-5.2574544,2.0,159.0,0.1719586207675934,False,REGULAR,USD,2026-10-30,7332.16015625,0.0363499975204467,call,1.0501680045049822,0.3917808219178082,171.65
SPXW261030C07710000,2026-06-08 20:13:19+00:00,7710.0,198.59,169.1,170.4,0.0,0.0,25.0,25.0,0.1725737345504761,False,REGULAR,USD,2026-10-30,7332.16015625,0.0363499975204467,call,1.0515318590562872,0.3917808219178082,169.75
SPXW261030C07720000,2026-06-08 12:42:34+00:00,7720.0,219.8,165.6,167.3,0.0,0.0,8.0,12.0,0.1725146073341369,False,REGULAR,USD,2026-10-30,7332.16015625,0.0363499975204467,call,1.0528957136075925,0.3917808219178082,166.45
SPXW261030C07725000,2026-06-09 14:51:57+00:00,7725.0,180.22,160.2,162.1,-124.32001,-40.822227,1.0,49.0,0.1702963830566406,False,REGULAR,USD,2026-10-30,7332.16015625,0.0363499975204467,call,1.053577640883245,0.3917808219178082,161.14999999999998
SPXW261030C07740000,2026-06-08 19:59:06+00:00,7740.0,185.1,154.9,156.8,-1.5,-0.8038585,1.0,5.0,0.1697318135070801,False,REGULAR,USD,2026-10-30,7332.16015625,0.0363499975204467,call,1.0556234227102028,0.3917808219178082,155.85000000000002
SPXW261030C07750000,2026-06-08 19:22:08+00:00,7750.0,183.1,148.1,157.4,0.0,0.0,4.0,57.0,0.1718241540336609,False,REGULAR,USD,2026-10-30,7332.16015625,0.0363499975204467,call,1.056987277261508,0.3917808219178082,152.75
SPXW261030C07770000,2026-06-05 19:27:46+00:00,7770.0,176.31,145.6,147.0,0.0,0.0,5.0,6.0,0.1688935421657562,False,REGULAR,USD,2026-10-30,7332.16015625,0.0363499975204467,call,1.0597149863641182,0.3917808219178082,146.3
SPXW261030C07775000,2026-06-05 19:20:57+00:00,7775.0,170.11,144.0,145.5,0.0,0.0,4.0,50.0,0.1688105733299255,False,REGULAR,USD,2026-10-30,7332.16015625,0.0363499975204467,call,1.0603969136397708,0.3917808219178082,144.75
SPXW261030C07800000,2026-06-02 18:31:44+00:00,7800.0,157.1,135.1,136.5,-103.01999,-39.604794,2.0,90.0,0.1673552808761597,False,REGULAR,USD,2026-10-30,7332.16015625,0.0363499975204467,call,1.0638065500180338,0.3917808219178082,135.8
SPXW261030C07825000,2026-06-05 13:39:23+00:00,7825.0,204.92,126.8,128.0,0.0,0.0,60.0,80.0,0.1660087062072754,False,REGULAR,USD,2026-10-30,7332.16015625,0.0363499975204467,call,1.0672161863962968,0.3917808219178082,127.4
SPXW261030C07850000,2026-06-08 17:00:15+00:00,7850.0,150.84,116.1,117.0,0.0,0.0,20.0,125.0,0.162808207206726,False,REGULAR,USD,2026-10-30,7332.16015625,0.0363499975204467,call,1.0706258227745595,0.3917808219178082,116.55
SPXW261030C07860000,2026-06-08 18:11:38+00:00,7860.0,146.41,114.9,116.0,0.0,0.0,1.0,1.0,0.1636970227813721,False,REGULAR,USD,2026-10-30,7332.16015625,0.0363499975204467,call,1.0719896773258648,0.3917808219178082,115.45
SPXW261030C07870000,2026-06-08 18:11:38+00:00,7870.0,142.83,111.7,113.2,0.0,0.0,1.0,1.0,0.1633737304210663,False,REGULAR,USD,2026-10-30,7332.16015625,0.0363499975204467,call,1.07335353187717,0.3917808219178082,112.45
SPXW261030C07875000,2026-06-08 12:53:58+00:00,7875.0,151.14,109.9,111.2,0.0,0.0,6.0,47.0,0.1627986705589294,False,REGULAR,USD,2026-10-30,7332.16015625,0.0363499975204467,call,1.0740354591528225,0.3917808219178082,110.55
SPXW261030C07880000,2026-06-01 17:51:12+00:00,7880.0,223.4,106.9,108.7,0.0,0.0,1.0,13.0,0.1618736157226562,False,REGULAR,USD,2026-10-30,7332.16015625,0.0363499975204467,call,1.0747173864284751,0.3917808219178082,107.8
SPXW261030C07900000,2026-06-08 16:44:49+00:00,7900.0,148.1,103.5,104.5,13.910004,10.365902,1.0,89.0,0.1620109434509277,False,REGULAR,USD,2026-10-30,7332.16015625,0.0363499975204467,call,1.0774450955310857,0.3917808219178082,104.0
SPXW261030C07925000,2026-06-08 12:29:30+00:00,7925.0,132.75,96.0,97.0,0.0,0.0,4.0,71.0,0.1604621918487549,False,REGULAR,USD,2026-10-30,7332.16015625,0.0363499975204467,call,1.0808547319093484,0.3917808219178082,96.5
SPXW261030C07950000,2026-06-08 18:32:42+00:00,7950.0,117.15,89.4,90.6,0.0,0.0,6.0,121.0,0.1594694268131256,False,REGULAR,USD,2026-10-30,7332.16015625,0.0363499975204467,call,1.0842643682876114,0.3917808219178082,90.0
SPXW261030C07975000,2026-06-08 18:17:15+00:00,7975.0,107.86,77.9,83.2,0.0,0.0,6.0,44.0,0.1575134603500366,False,REGULAR,USD,2026-10-30,7332.16015625,0.0363499975204467,call,1.0876740046658744,0.3917808219178082,80.55000000000001
SPXW261030C08000000,2026-06-09 13:47:36+00:00,8000.0,106.51,77.6,78.6,3.8499985,3.750242,58.0,495.0,0.1574390744972229,False,REGULAR,USD,2026-10-30,7332.16015625,0.0363499975204467,call,1.0910836410441371,0.3917808219178082,78.1
SPXW261030C08025000,2026-06-09 08:57:08+00:00,8025.0,93.88,70.3,72.3,-54.22001,-36.610405,4.0,56.0,0.1558493153095245,False,REGULAR,USD,2026-10-30,7332.16015625,0.0363499975204467,call,1.0944932774224,0.3917808219178082,71.3
SPXW261030C08050000,2026-06-02 13:30:04+00:00,8050.0,142.54,65.3,66.3,0.0,0.0,1.0,110.0,0.1542366681671142,False,REGULAR,USD,2026-10-30,7332.16015625,0.0363499975204467,call,1.097902913800663,0.3917808219178082,65.8
SPXW261030C08075000,2026-06-08 20:09:11+00:00,8075.0,76.01,61.3,62.0,0.0,0.0,1.0,128.0,0.1538065653514862,False,REGULAR,USD,2026-10-30,7332.16015625,0.0363499975204467,call,1.101312550178926,0.3917808219178082,61.65
SPXW261030C08100000,2026-06-08 20:13:15+00:00,8100.0,70.17,55.8,56.8,0.0,0.0,1.0,264.0,0.1523846511650085,False,REGULAR,USD,2026-10-30,7332.16015625,0.0363499975204467,call,1.104722186557189,0.3917808219178082,56.3
SPXW261030C08125000,2026-06-05 20:14:28+00:00,8125.0,60.37,53.0,53.7,0.0,0.0,2.0,18.0,0.1526287893486023,False,REGULAR,USD,2026-10-30,7332.16015625,0.0363499975204467,call,1.1081318229354518,0.3917808219178082,53.35
SPXW261030C08150000,2026-06-08 13:39:46+00:00,8150.0,68.05,49.1,50.0,0.0,0.0,2.0,147.0,0.1521576789474487,False,REGULAR,USD,2026-10-30,7332.16015625,0.0363499975204467,call,1.1115414593137147,0.3917808219178082,49.55
SPXW261030C08175000,2026-06-08 20:13:15+00:00,8175.0,55.87,45.3,46.3,0.0,0.0,1.0,61.0,0.1514882062721252,False,REGULAR,USD,2026-10-30,7332.16015625,0.0363499975204467,call,1.1149510956919777,0.3917808219178082,45.8
SPXW261030C08200000,2026-06-08 16:01:51+00:00,8200.0,61.0,41.7,42.4,2.2599983,3.8474605,1.0,179.0,0.150393399105072,False,REGULAR,USD,2026-10-30,7332.16015625,0.0363499975204467,call,1.118360732070241,0.3917808219178082,42.05
SPXW261030C08250000,2026-06-08 16:01:51+00:00,8250.0,50.46,34.2,35.7,0.0,0.0,10.0,95.0,0.1486520072174072,False,REGULAR,USD,2026-10-30,7332.16015625,0.0363499975204467,call,1.1251800048267664,0.3917808219178082,34.95
SPXW261030C08300000,2026-06-08 13:34:35+00:00,8300.0,44.5,29.3,30.2,0.0,0.0,1.0,179.0,0.1473931697082519,False,REGULAR,USD,2026-10-30,7332.16015625,0.0363499975204467,call,1.1319992775832923,0.3917808219178082,29.75
SPXW261030C08350000,2026-06-08 15:14:51+00:00,8350.0,39.35,26.2,27.1,0.0,0.0,4.0,15.0,0.1484879768753051,False,REGULAR,USD,2026-10-30,7332.16015625,0.0363499975204467,call,1.1388185503398185,0.3917808219178082,26.65
SPXW261030C08375000,2026-06-08 18:32:42+00:00,8375.0,33.15,23.5,24.3,0.0,0.0,12.0,16.0,0.1470860896492004,False,REGULAR,USD,2026-10-30,7332.16015625,0.0363499975204467,call,1.1422281867180812,0.3917808219178082,23.9
SPXW261030C08400000,2026-06-09 14:27:21+00:00,8400.0,29.4,21.4,22.2,-1.5200005,-4.9159136,1.0,45.0,0.1464280609512329,False,REGULAR,USD,2026-10-30,7332.16015625,0.0363499975204467,call,1.145637823096344,0.3917808219178082,21.8
SPXW261030C08500000,2026-06-08 19:08:09+00:00,8500.0,20.9,14.7,15.6,0.0,0.0,4.0,141.0,0.1445893952560424,False,REGULAR,USD,2026-10-30,7332.16015625,0.0363499975204467,call,1.159276368609396,0.3917808219178082,15.15
SPXW261030C08600000,2026-06-08 16:21:17+00:00,8600.0,16.91,10.6,11.3,0.0,0.0,2.0,272.0,0.144177412071228,False,REGULAR,USD,2026-10-30,7332.16015625,0.0363499975204467,call,1.1729149141224475,0.3917808219178082,10.95
SPXW261030C08700000,2026-06-08 12:53:58+00:00,8700.0,12.65,7.7,8.2,0.0,0.0,6.0,145.0,0.1441125628662109,False,REGULAR,USD,2026-10-30,7332.16015625,0.0363499975204467,call,1.1865534596354992,0.3917808219178082,7.949999999999999
SPXW261030C08800000,2026-06-08 19:35:48+00:00,8800.0,7.2,5.6,6.0,0.0,0.0,15.0,221.0,0.1444635115051269,False,REGULAR,USD,2026-10-30,7332.16015625,0.0363499975204467,call,1.2001920051485508,0.3917808219178082,5.8
SPXW261030C08900000,2026-06-08 19:15:59+00:00,8900.0,5.3,4.2,4.8,0.0,0.0,2.0,167.0,0.146843858795166,False,REGULAR,USD,2026-10-30,7332.16015625,0.0363499975204467,call,1.2138305506616027,0.3917808219178082,4.5
SPXW261030C09000000,2026-06-09 15:25:59+00:00,9000.0,3.4,3.0,3.4,-1.0,-22.727272,10.0,98.0,0.146645496520996,False,REGULAR,USD,2026-10-30,7332.16015625,0.0363499975204467,call,1.2274690961746544,0.3917808219178082,3.2
SPXW261030C09200000,2026-06-08 01:15:08+00:00,9200.0,2.25,1.9,2.2,0.0,0.0,1.0,202.0,0.1513146392822266,False,REGULAR,USD,2026-10-30,7332.16015625,0.0363499975204467,call,1.2547461872007577,0.3917808219178082,2.05
SPX261120C07270000,2026-06-05 18:15:20+00:00,7270.0,520.6,439.9,443.4,0.0,0.0,2.0,1.0,0.2104637899112701,True,REGULAR,USD,2026-11-20,7332.16015625,0.0363499975204467,call,0.9915222587988596,0.4493150684931506,441.65
SPX261120C07275000,2026-06-09 02:26:12+00:00,7275.0,491.25,437.0,439.5,-27.150024,-5.237273,10.0,162.0,0.2097323290252685,True,REGULAR,USD,2026-11-20,7332.16015625,0.0363499975204467,call,0.9922041860745124,0.4493150684931506,438.25
SPX261120C07280000,2026-06-08 12:51:02+00:00,7280.0,518.4,432.4,435.0,0.0,0.0,23.0,23.0,0.2086899734210967,True,REGULAR,USD,2026-11-20,7332.16015625,0.0363499975204467,call,0.9928861133501647,0.4493150684931506,433.7
SPX261120C07300000,2026-06-08 14:37:54+00:00,7300.0,500.56,419.7,421.9,0.0,0.0,1.0,3406.0,0.2069848207950591,True,REGULAR,USD,2026-11-20,7332.16015625,0.0363499975204467,call,0.9956138224527752,0.4493150684931506,420.8
SPX261120C07325000,2026-06-08 14:37:54+00:00,7325.0,483.05,407.8,409.8,0.0,0.0,1.0,409.0,0.206931415567398,True,REGULAR,USD,2026-11-20,7332.16015625,0.0363499975204467,call,0.9990234588310382,0.4493150684931506,408.8
SPX261120C07350000,2026-06-02 15:26:15+00:00,7350.0,593.57,388.2,390.5,0.0,0.0,10.0,1454.0,0.2030871928405761,False,REGULAR,USD,2026-11-20,7332.16015625,0.0363499975204467,call,1.002433095209301,0.4493150684931506,389.35
SPX261120C07375000,2026-06-09 14:54:06+00:00,7375.0,400.7,376.3,378.3,-50.72998,-11.237618,1.0,558.0,0.2027381515312194,False,REGULAR,USD,2026-11-20,7332.16015625,0.0363499975204467,call,1.005842731587564,0.4493150684931506,377.3
SPX261120C07380000,2026-06-08 15:01:10+00:00,7380.0,455.89,375.2,377.1,0.0,0.0,1.0,1.0,0.2032846014499664,False,REGULAR,USD,2026-11-20,7332.16015625,0.0363499975204467,call,1.0065246588632166,0.4493150684931506,376.15
SPX261120C07400000,2026-06-08 19:28:41+00:00,7400.0,378.68,362.7,364.0,-26.5,-5.955725,2.0,4400.0,0.2011970292472839,False,REGULAR,USD,2026-11-20,7332.16015625,0.0363499975204467,call,1.009252367965827,0.4493150684931506,363.35
SPX261120C07425000,2026-06-04 13:54:39+00:00,7425.0,483.3,342.2,345.1,0.0,0.0,4.0,395.0,0.1971906835079193,False,REGULAR,USD,2026-11-20,7332.16015625,0.0363499975204467,call,1.01266200434409,0.4493150684931506,343.65
SPX261120C07430000,2026-06-08 14:40:54+00:00,7430.0,412.61,338.2,340.3,0.0,0.0,2.0,0.0,0.1958545991516113,False,REGULAR,USD,2026-11-20,7332.16015625,0.0363499975204467,call,1.0133439316197423,0.4493150684931506,339.25
SPX261120C07440000,2026-06-09 15:28:20+00:00,7440.0,339.65,333.7,336.6,-66.45999,-16.365023,1.0,1.0,0.1961683548641205,False,REGULAR,USD,2026-11-20,7332.16015625,0.0363499975204467,call,1.0147077861710476,0.4493150684931506,335.15
SPX261120C07450000,2026-06-05 19:55:00+00:00,7450.0,418.0,326.9,328.8,36.899994,9.682497,1.0,1868.0,0.1943735577487945,False,REGULAR,USD,2026-11-20,7332.16015625,0.0363499975204467,call,1.016071640722353,0.4493150684931506,327.85
SPX261120C07475000,2026-06-09 15:17:57+00:00,7475.0,341.63,312.2,314.1,-142.07,-29.371513,22.0,1649.0,0.1922373486423492,False,REGULAR,USD,2026-11-20,7332.16015625,0.0363499975204467,call,1.0194812771006156,0.4493150684931506,313.15
SPX261120C07480000,2026-06-05 15:41:58+00:00,7480.0,404.92,310.5,314.1,0.0,0.0,2.0,2.0,0.1932940092182159,False,REGULAR,USD,2026-11-20,7332.16015625,0.0363499975204467,call,1.0201632043762685,0.4493150684931506,312.3
SPX261120C07500000,2026-06-09 15:27:17+00:00,7500.0,308.4,298.2,300.1,-52.330017,-14.5067,4.0,5155.0,0.1903195287704467,False,REGULAR,USD,2026-11-20,7332.16015625,0.0363499975204467,call,1.0228909134788786,0.4493150684931506,299.15
SPX261120C07510000,2026-06-09 14:12:32+00:00,7510.0,356.6,294.7,297.0,10.220001,2.9505172,2.0,3.0,0.1907935001659393,False,REGULAR,USD,2026-11-20,7332.16015625,0.0363499975204467,call,1.024254768030184,0.4493150684931506,295.85
SPX261120C07525000,2026-06-08 17:45:01+00:00,7525.0,336.02,284.5,287.2,0.0,0.0,60.0,639.0,0.1888251360607147,False,REGULAR,USD,2026-11-20,7332.16015625,0.0363499975204467,call,1.0263005498571416,0.4493150684931506,285.85
SPX261120C07540000,2026-06-09 15:28:20+00:00,7540.0,283.0,279.8,281.6,-45.799988,-13.929438,26.0,1.0,0.1889624637889862,False,REGULAR,USD,2026-11-20,7332.16015625,0.0363499975204467,call,1.0283463316840993,0.4493150684931506,280.70000000000005
SPX261120C07550000,2026-06-08 17:45:46+00:00,7550.0,321.16,276.2,278.2,0.0,0.0,2.0,928.0,0.189200879983902,False,REGULAR,USD,2026-11-20,7332.16015625,0.0363499975204467,call,1.0297101862354046,0.4493150684931506,277.2
SPX261120C07560000,2026-06-08 14:24:41+00:00,7560.0,325.6,265.7,268.0,0.0,0.0,2.0,3.0,0.1859050145053863,False,REGULAR,USD,2026-11-20,7332.16015625,0.0363499975204467,call,1.0310740407867096,0.4493150684931506,266.85
SPX261120C07570000,2026-06-08 14:38:33+00:00,7570.0,324.9,264.9,267.0,0.0,0.0,3.0,3.0,0.1873402799987792,False,REGULAR,USD,2026-11-20,7332.16015625,0.0363499975204467,call,1.0324378953380149,0.4493150684931506,265.95
SPX261120C07575000,2026-06-08 14:38:33+00:00,7575.0,322.0,260.0,262.2,0.0,0.0,2.0,452.0,0.1858229993343353,False,REGULAR,USD,2026-11-20,7332.16015625,0.0363499975204467,call,1.0331198226136675,0.4493150684931506,261.1
SPX261120C07580000,2026-06-09 14:47:15+00:00,7580.0,287.58,255.9,258.0,-31.120026,-9.764676,50.0,6.0,0.1846070767402648,False,REGULAR,USD,2026-11-20,7332.16015625,0.0363499975204467,call,1.03380174988932,0.4493150684931506,256.95
SPX261120C07590000,2026-06-08 15:32:16+00:00,7590.0,296.4,250.0,252.6,-15.600006,-5.000002,5.0,6.0,0.1837144465065002,False,REGULAR,USD,2026-11-20,7332.16015625,0.0363499975204467,call,1.0351656044406252,0.4493150684931506,251.3
SPX261120C07600000,2026-06-09 15:27:32+00:00,7600.0,254.48,245.2,247.7,-30.84999,-10.812039,19.0,3411.0,0.1830573714733123,False,REGULAR,USD,2026-11-20,7332.16015625,0.0363499975204467,call,1.0365294589919305,0.4493150684931506,246.45
SPX261120C07610000,2026-06-08 14:24:49+00:00,7610.0,297.5,240.5,243.8,0.0,0.0,3.0,5.0,0.1829000167846679,False,REGULAR,USD,2026-11-20,7332.16015625,0.0363499975204467,call,1.0378933135432356,0.4493150684931506,242.15
SPX261120C07620000,2026-06-08 14:24:57+00:00,7620.0,292.0,236.0,238.4,0.0,0.0,3.0,10.0,0.1819320470333099,False,REGULAR,USD,2026-11-20,7332.16015625,0.0363499975204467,call,1.0392571680945406,0.4493150684931506,237.2
SPX261120C07625000,2026-06-09 14:12:26+00:00,7625.0,287.13,233.1,235.3,0.13000488,0.04529787,75.0,561.0,0.1812282424259185,False,REGULAR,USD,2026-11-20,7332.16015625,0.0363499975204467,call,1.0399390953701932,0.4493150684931506,234.2
SPX261120C07630000,2026-06-08 14:38:35+00:00,7630.0,290.9,230.5,232.9,0.0,0.0,1.0,1.0,0.1808858767700195,False,REGULAR,USD,2026-11-20,7332.16015625,0.0363499975204467,call,1.040621022645846,0.4493150684931506,231.7
SPX261120C07640000,2026-06-08 14:24:59+00:00,7640.0,280.8,227.2,229.7,0.0,0.0,1.0,1.0,0.1810270191574096,False,REGULAR,USD,2026-11-20,7332.16015625,0.0363499975204467,call,1.041984877197151,0.4493150684931506,228.45
SPX261120C07650000,2026-06-05 19:36:14+00:00,7650.0,263.4,221.8,225.1,0.0,0.0,4.0,1065.0,0.180406183385849,False,REGULAR,USD,2026-11-20,7332.16015625,0.0363499975204467,call,1.0433487317484562,0.4493150684931506,223.45
SPX261120C07660000,2026-06-08 14:38:35+00:00,7660.0,274.7,220.0,222.0,0.0,0.0,1.0,6.0,0.1805578160858154,False,REGULAR,USD,2026-11-20,7332.16015625,0.0363499975204467,call,1.0447125862997613,0.4493150684931506,221.0
SPX261120C07675000,2026-06-05 19:57:13+00:00,7675.0,280.51,209.6,212.1,27.210007,10.742206,4.0,316.0,0.1779390526008606,False,REGULAR,USD,2026-11-20,7332.16015625,0.0363499975204467,call,1.0467583681267192,0.4493150684931506,210.85
SPX261120C07680000,2026-06-05 16:56:05+00:00,7680.0,277.5,212.1,214.2,0.0,0.0,3.0,4.0,0.179944609632492,False,REGULAR,USD,2026-11-20,7332.16015625,0.0363499975204467,call,1.0474402954023718,0.4493150684931506,213.15
SPX261120C07690000,2026-06-05 19:36:19+00:00,7690.0,242.6,206.2,208.1,0.0,0.0,5.0,5.0,0.1784196996498108,False,REGULAR,USD,2026-11-20,7332.16015625,0.0363499975204467,call,1.0488041499536769,0.4493150684931506,207.15
SPX261120C07700000,2026-06-08 20:05:06+00:00,7700.0,234.8,198.6,201.6,0.0,0.0,529.0,2804.0,0.1766439758300781,False,REGULAR,USD,2026-11-20,7332.16015625,0.0363499975204467,call,1.0501680045049822,0.4493150684931506,200.1
SPX261120C07710000,2026-06-09 14:55:52+00:00,7710.0,217.71,197.8,199.7,-16.189987,-6.9217563,1.0,2.0,0.1773306144714355,False,REGULAR,USD,2026-11-20,7332.16015625,0.0363499975204467,call,1.0515318590562872,0.4493150684931506,198.75
SPX261120C07725000,2026-06-08 19:22:08+00:00,7725.0,224.2,192.3,195.2,0.0,0.0,1.0,589.0,0.1774307492733001,False,REGULAR,USD,2026-11-20,7332.16015625,0.0363499975204467,call,1.053577640883245,0.4493150684931506,193.75
SPX261120C07750000,2026-06-09 15:18:20+00:00,7750.0,201.1,177.8,179.5,-10.599991,-5.007081,9.0,1091.0,0.1729552004623413,False,REGULAR,USD,2026-11-20,7332.16015625,0.0363499975204467,call,1.056987277261508,0.4493150684931506,178.65
SPX261120C07760000,2026-06-08 17:48:13+00:00,7760.0,228.5,173.9,176.3,13.699997,6.378025,5.0,12.0,0.1728121507453918,False,REGULAR,USD,2026-11-20,7332.16015625,0.0363499975204467,call,1.0583511318128132,0.4493150684931506,175.10000000000002
SPX261120C07775000,2026-06-08 19:28:41+00:00,7775.0,199.83,171.4,173.2,0.0,0.0,2.0,651.0,0.1735092796993255,False,REGULAR,USD,2026-11-20,7332.16015625,0.0363499975204467,call,1.0603969136397708,0.4493150684931506,172.3
SPX261120C07790000,2026-06-08 15:14:41+00:00,7790.0,214.6,164.4,166.3,-3.2099915,-1.4737576,5.0,17.0,0.1720177479839325,False,REGULAR,USD,2026-11-20,7332.16015625,0.0363499975204467,call,1.0624426954667283,0.4493150684931506,165.35000000000002
SPX261120C07800000,2026-06-08 19:51:33+00:00,7800.0,210.1,158.6,160.7,22.800003,12.172986,5.0,3081.0,0.1704108228302002,False,REGULAR,USD,2026-11-20,7332.16015625,0.0363499975204467,call,1.0638065500180338,0.4493150684931506,159.64999999999998
SPX261120C07810000,2026-06-05 17:12:22+00:00,7810.0,208.9,159.9,161.8,0.0,0.0,1.0,2.0,0.1726080664825439,False,REGULAR,USD,2026-11-20,7332.16015625,0.0363499975204467,call,1.0651704045693389,0.4493150684931506,160.85000000000002
SPX261120C07820000,2026-06-08 17:43:48+00:00,7820.0,187.44,154.6,156.8,0.0,0.0,2.0,3.0,0.1712920090866088,False,REGULAR,USD,2026-11-20,7332.16015625,0.0363499975204467,call,1.066534259120644,0.4493150684931506,155.7
SPX261120C07825000,2026-06-08 15:41:03+00:00,7825.0,197.91,151.6,153.2,0.0,0.0,2.0,531.0,0.1699816736793518,False,REGULAR,USD,2026-11-20,7332.16015625,0.0363499975204467,call,1.0672161863962968,0.4493150684931506,152.39999999999998
SPX261120C07830000,2026-06-08 17:45:01+00:00,7830.0,182.46,147.1,149.3,0.0,0.0,60.0,33.0,0.1684806053161621,False,REGULAR,USD,2026-11-20,7332.16015625,0.0363499975204467,call,1.0678981136719492,0.4493150684931506,148.2
SPX261120C07840000,2026-06-05 16:32:42+00:00,7840.0,200.0,143.7,145.6,0.0,0.0,3.0,3.0,0.1678359279251099,False,REGULAR,USD,2026-11-20,7332.16015625,0.0363499975204467,call,1.0692619682232545,0.4493150684931506,144.64999999999998
SPX261120C07850000,2026-06-09 14:34:22+00:00,7850.0,175.8,143.5,145.1,0.44999695,0.25662786,4.0,1535.0,0.1690508968544006,False,REGULAR,USD,2026-11-20,7332.16015625,0.0363499975204467,call,1.0706258227745595,0.4493150684931506,144.3
SPX261120C07860000,2026-06-09 14:34:00+00:00,7860.0,171.74,139.3,140.9,-20.36,-10.598646,4.0,4.0,0.1680629001426697,False,REGULAR,USD,2026-11-20,7332.16015625,0.0363499975204467,call,1.0719896773258648,0.4493150684931506,140.10000000000002
SPX261120C07870000,2026-06-05 16:32:33+00:00,7870.0,187.7,133.3,135.4,0.0,0.0,1.0,2.0,0.1662576127147675,False,REGULAR,USD,2026-11-20,7332.16015625,0.0363499975204467,call,1.07335353187717,0.4493150684931506,134.35000000000002
SPX261120C07875000,2026-06-08 16:46:19+00:00,7875.0,170.53,134.8,136.6,0.0,0.0,2.0,670.0,0.1677148124980926,False,REGULAR,USD,2026-11-20,7332.16015625,0.0363499975204467,call,1.0740354591528225,0.4493150684931506,135.7
SPX261120C07880000,2026-06-08 15:44:22+00:00,7880.0,174.22,130.5,132.1,0.0,0.0,2.0,2.0,0.1657340507507324,False,REGULAR,USD,2026-11-20,7332.16015625,0.0363499975204467,call,1.0747173864284751,0.4493150684931506,131.3
SPX261120C07900000,2026-06-09 15:25:51+00:00,7900.0,133.16,124.9,126.8,-25.300003,-15.966175,642.0,4019.0,0.1653964534187317,False,REGULAR,USD,2026-11-20,7332.16015625,0.0363499975204467,call,1.0774450955310857,0.4493150684931506,125.85
SPX261120C07910000,2026-06-08 14:56:11+00:00,7910.0,163.5,121.2,123.3,0.0,0.0,5.0,8.0,0.1646640388679504,False,REGULAR,USD,2026-11-20,7332.16015625,0.0363499975204467,call,1.0788089500823907,0.4493150684931506,122.25
SPX261120C07920000,2026-06-05 17:45:39+00:00,7920.0,165.21,118.0,120.0,0.0,0.0,5.0,5.0,0.1640241298007965,False,REGULAR,USD,2026-11-20,7332.16015625,0.0363499975204467,call,1.0801728046336958,0.4493150684931506,119.0
SPX261120C07925000,2026-06-08 19:30:15+00:00,7925.0,142.69,116.4,118.2,0.0,0.0,2.0,907.0,0.1635968879795075,False,REGULAR,USD,2026-11-20,7332.16015625,0.0363499975204467,call,1.0808547319093484,0.4493150684931506,117.3
SPX261120C07930000,2026-06-05 16:53:42+00:00,7930.0,164.8,114.9,116.7,0.0,0.0,9.0,13.0,0.1633508424663544,False,REGULAR,USD,2026-11-20,7332.16015625,0.0363499975204467,call,1.081536659185001,0.4493150684931506,115.8
SPX261120C07940000,2026-06-08 17:43:48+00:00,7940.0,142.0,114.6,116.2,0.0,0.0,2.0,6.0,0.1644265763378143,False,REGULAR,USD,2026-11-20,7332.16015625,0.0363499975204467,call,1.082900513736306,0.4493150684931506,115.4
SPX261120C07950000,2026-06-09 14:29:34+00:00,7950.0,138.33,110.3,112.9,2.380005,1.7506473,5.0,330.0,0.1637046520996094,False,REGULAR,USD,2026-11-20,7332.16015625,0.0363499975204467,call,1.0842643682876114,0.4493150684931506,111.6
SPX261120C07960000,2026-06-09 14:17:26+00:00,7960.0,133.1,106.5,108.2,4.100006,3.1782992,3.0,62.0,0.1620385997295379,False,REGULAR,USD,2026-11-20,7332.16015625,0.0363499975204467,call,1.0856282228389165,0.4493150684931506,107.35
SPX261120C07975000,2026-06-08 18:34:51+00:00,7975.0,133.42,104.4,105.7,0.0,0.0,78.0,468.0,0.1624343706130981,False,REGULAR,USD,2026-11-20,7332.16015625,0.0363499975204467,call,1.0876740046658744,0.4493150684931506,105.05
SPX261120C07980000,2026-06-05 18:36:30+00:00,7980.0,133.3,101.3,102.9,0.0,0.0,1.0,1.0,0.1612575482749939,False,REGULAR,USD,2026-11-20,7332.16015625,0.0363499975204467,call,1.0883559319415268,0.4493150684931506,102.1
SPX261120C07990000,2026-06-08 19:01:29+00:00,7990.0,142.42,99.0,100.8,17.119995,13.663204,1.0,7.0,0.1611907917404174,False,REGULAR,USD,2026-11-20,7332.16015625,0.0363499975204467,call,1.089719786492832,0.4493150684931506,99.9
SPX261120C08000000,2026-06-09 13:53:43+00:00,8000.0,137.71,99.7,101.2,15.460007,12.646223,55.0,3022.0,0.1627815045928955,False,REGULAR,USD,2026-11-20,7332.16015625,0.0363499975204467,call,1.0910836410441371,0.4493150684931506,100.45
SPX261120C08025000,2026-06-09 08:58:30+00:00,8025.0,111.1,91.6,92.9,0.0,0.0,7.0,137.0,0.1603954353141784,False,REGULAR,USD,2026-11-20,7332.16015625,0.0363499975204467,call,1.0944932774224,0.4493150684931506,92.25
SPX261120C08050000,2026-06-05 20:10:39+00:00,8050.0,96.87,86.1,87.4,0.0,0.0,277.0,262.0,0.1597297772979736,False,REGULAR,USD,2026-11-20,7332.16015625,0.0363499975204467,call,1.097902913800663,0.4493150684931506,86.75
SPX261120C08075000,2026-06-08 19:33:41+00:00,8075.0,101.85,80.6,81.8,3.75,3.82263,8.0,437.0,0.158819981098175,False,REGULAR,USD,2026-11-20,7332.16015625,0.0363499975204467,call,1.101312550178926,0.4493150684931506,81.19999999999999
SPX261120C08100000,2026-06-08 19:15:54+00:00,8100.0,108.62,75.4,76.7,17.420006,19.100885,1.0,1414.0,0.1580971031951904,False,REGULAR,USD,2026-11-20,7332.16015625,0.0363499975204467,call,1.104722186557189,0.4493150684931506,76.05000000000001
SPX261120C08125000,2026-06-08 18:40:35+00:00,8125.0,90.85,69.6,70.9,0.0,0.0,241.0,1339.0,0.1566523010540008,False,REGULAR,USD,2026-11-20,7332.16015625,0.0363499975204467,call,1.1081318229354518,0.4493150684931506,70.25
SPX261120C08150000,2026-06-08 19:49:36+00:00,8150.0,79.13,63.4,64.7,0.0,0.0,302.0,404.0,0.154650558681488,False,REGULAR,USD,2026-11-20,7332.16015625,0.0363499975204467,call,1.1115414593137147,0.4493150684931506,64.05
SPX261120C08175000,2026-06-08 19:57:03+00:00,8175.0,73.5,59.2,60.4,0.0,0.0,34.0,123.0,0.1539639200401306,False,REGULAR,USD,2026-11-20,7332.16015625,0.0363499975204467,call,1.1149510956919777,0.4493150684931506,59.8
SPX261120C08200000,2026-06-09 13:31:08+00:00,8200.0,77.6,55.4,56.7,9.099998,13.28467,21.0,1321.0,0.1536120177364349,False,REGULAR,USD,2026-11-20,7332.16015625,0.0363499975204467,call,1.118360732070241,0.4493150684931506,56.05
SPX261120C08225000,2026-06-05 16:00:16+00:00,8225.0,82.87,51.1,52.4,0.0,0.0,20.0,155.0,0.1525601254844665,False,REGULAR,USD,2026-11-20,7332.16015625,0.0363499975204467,call,1.1217703684485036,0.4493150684931506,51.75
SPX261120C08250000,2026-06-05 18:11:43+00:00,8250.0,69.5,47.6,48.6,0.0,0.0,27.0,323.0,0.1517571397399902,False,REGULAR,USD,2026-11-20,7332.16015625,0.0363499975204467,call,1.1251800048267664,0.4493150684931506,48.1
SPX261120C08275000,2026-06-08 17:45:46+00:00,8275.0,58.56,45.2,46.1,0.0,0.0,2.0,843.0,0.1520184438896179,False,REGULAR,USD,2026-11-20,7332.16015625,0.0363499975204467,call,1.1285896412050294,0.4493150684931506,45.650000000000006
SPX261120C08300000,2026-06-04 17:00:32+00:00,8300.0,91.45,40.5,42.3,0.0,0.0,11.0,3111.0,0.150854972858429,False,REGULAR,USD,2026-11-20,7332.16015625,0.0363499975204467,call,1.1319992775832923,0.4493150684931506,41.4
SPX261120C08325000,2026-06-05 16:21:10+00:00,8325.0,61.2,39.1,40.0,0.0,0.0,2.0,233.0,0.1510323545074463,False,REGULAR,USD,2026-11-20,7332.16015625,0.0363499975204467,call,1.1354089139615553,0.4493150684931506,39.55
SPX261120C08350000,2026-06-04 19:28:05+00:00,8350.0,84.66,35.2,36.2,0.0,0.0,2.0,249.0,0.1494454563140869,False,REGULAR,USD,2026-11-20,7332.16015625,0.0363499975204467,call,1.1388185503398185,0.4493150684931506,35.7
SPX261120C08375000,2026-06-08 00:17:05+00:00,8375.0,43.48,32.6,33.7,0.0,0.0,1.0,1.0,0.1490735270500182,False,REGULAR,USD,2026-11-20,7332.16015625,0.0363499975204467,call,1.1422281867180812,0.4493150684931506,33.150000000000006
SPX261120C08400000,2026-06-09 15:28:00+00:00,8400.0,32.0,30.8,31.4,-14.799999,-31.62393,4.0,2303.0,0.1487721689796448,False,REGULAR,USD,2026-11-20,7332.16015625,0.0363499975204467,call,1.145637823096344,0.4493150684931506,31.1
SPX261120C08450000,2026-06-08 14:55:59+00:00,8450.0,39.24,27.1,27.9,0.0,0.0,1.0,4.0,0.1490983223342895,False,REGULAR,USD,2026-11-20,7332.16015625,0.0363499975204467,call,1.15245709585287,0.4493150684931506,27.5
SPX261120C08500000,2026-06-09 02:26:48+00:00,8500.0,28.6,23.0,23.9,-4.4299984,-13.4120455,10.0,869.0,0.1482095067596436,False,REGULAR,USD,2026-11-20,7332.16015625,0.0363499975204467,call,1.159276368609396,0.4493150684931506,23.45
SPX261120C08525000,2026-05-29 19:36:09+00:00,8525.0,53.5,21.2,21.9,0.0,0.0,20.0,20.0,0.1474923508453369,False,REGULAR,USD,2026-11-20,7332.16015625,0.0363499975204467,call,1.1626860049876586,0.4493150684931506,21.55
SPX261120C08550000,2026-06-08 19:33:39+00:00,8550.0,25.05,18.8,19.7,0.0,0.0,503.0,501.0,0.1462449573135376,False,REGULAR,USD,2026-11-20,7332.16015625,0.0363499975204467,call,1.1660956413659216,0.4493150684931506,19.25
SPX261120C08575000,2026-06-05 18:12:50+00:00,8575.0,26.9,18.1,18.7,0.0,0.0,141.0,141.0,0.1467370483398437,False,REGULAR,USD,2026-11-20,7332.16015625,0.0363499975204467,call,1.1695052777441846,0.4493150684931506,18.4
SPX261120C08600000,2026-06-09 14:34:00+00:00,8600.0,22.48,16.3,17.0,-2.5600014,-10.223647,8.0,2411.0,0.1459188039588927,False,REGULAR,USD,2026-11-20,7332.16015625,0.0363499975204467,call,1.1729149141224475,0.4493150684931506,16.65
SPX261120C08650000,2026-06-08 16:46:19+00:00,8650.0,20.35,14.2,14.9,0.0,0.0,9.0,44.0,0.1461267028808593,False,REGULAR,USD,2026-11-20,7332.16015625,0.0363499975204467,call,1.1797341868789737,0.4493150684931506,14.55
SPX261120C08700000,2026-06-09 13:49:12+00:00,8700.0,20.1,12.3,13.0,3.6499996,22.188446,60.0,3545.0,0.1462411426544189,False,REGULAR,USD,2026-11-20,7332.16015625,0.0363499975204467,call,1.1865534596354992,0.4493150684931506,12.65
SPX261120C08800000,2026-06-09 13:58:27+00:00,8800.0,12.1,8.4,9.1,-0.79999924,-6.201545,2.0,1439.0,0.1444863994598388,False,REGULAR,USD,2026-11-20,7332.16015625,0.0363499975204467,call,1.2001920051485508,0.4493150684931506,8.75
SPX261120C08900000,2026-06-09 15:25:21+00:00,8900.0,6.9,6.2,7.1,-1.5999999,-18.823528,2.0,2758.0,0.1456842024230957,False,REGULAR,USD,2026-11-20,7332.16015625,0.0363499975204467,call,1.2138305506616027,0.4493150684931506,6.65
SPX261120C09000000,2026-06-09 14:52:56+00:00,9000.0,5.8,5.0,5.6,-0.87999964,-13.173647,10.0,2347.0,0.1471261435699462,False,REGULAR,USD,2026-11-20,7332.16015625,0.0363499975204467,call,1.2274690961746544,0.4493150684931506,5.3
SPX261120C09100000,2026-06-08 17:12:55+00:00,9100.0,5.03,3.5,4.2,0.0,0.0,2.0,68.0,0.1474923508453369,False,REGULAR,USD,2026-11-20,7332.16015625,0.0363499975204467,call,1.241107641687706,0.4493150684931506,3.85
SPX261120C09200000,2026-06-05 20:05:40+00:00,9200.0,3.6,2.85,3.4,0.0,0.0,44.0,1333.0,0.1494378269958496,False,REGULAR,USD,2026-11-20,7332.16015625,0.0363499975204467,call,1.2547461872007577,0.4493150684931506,3.125
SPX261120C09400000,2026-06-09 15:22:02+00:00,9400.0,2.2,1.8,2.3,-0.39999986,-15.38461,6.0,542.0,0.1537102452087402,False,REGULAR,USD,2026-11-20,7332.16015625,0.0363499975204467,call,1.2820232782268612,0.4493150684931506,2.05
SPXW261130C07350000,2026-06-05 16:46:19+00:00,7350.0,488.81,400.7,402.6,0.0,0.0,2.0,1.0,0.2031768373298645,False,REGULAR,USD,2026-11-30,7332.16015625,0.0363499975204467,call,1.002433095209301,0.4767123287671233,401.65
SPXW261130C07375000,2026-06-08 15:33:02+00:00,7375.0,456.6,388.6,390.9,0.0,0.0,24.0,23.0,0.2030795635223388,False,REGULAR,USD,2026-11-30,7332.16015625,0.0363499975204467,call,1.005842731587564,0.4767123287671233,389.75
SPXW261130C07380000,2026-06-08 15:01:10+00:00,7380.0,469.44,384.3,392.1,0.0,0.0,2.0,2.0,0.2047952064609527,False,REGULAR,USD,2026-11-30,7332.16015625,0.0363499975204467,call,1.0065246588632166,0.4767123287671233,388.2000000000001
SPXW261130C07390000,2026-06-08 16:28:03+00:00,7390.0,449.78,375.3,378.3,0.0,0.0,1.0,1.0,0.2002099862003326,False,REGULAR,USD,2026-11-30,7332.16015625,0.0363499975204467,call,1.0078885134145217,0.4767123287671233,376.8
SPXW261130C07440000,2026-06-08 18:49:02+00:00,7440.0,406.6,345.4,347.7,0.0,0.0,9.0,9.0,0.1959623632717132,False,REGULAR,USD,2026-11-30,7332.16015625,0.0363499975204467,call,1.0147077861710476,0.4767123287671233,346.54999999999995
SPXW261130C07500000,2026-06-08 17:06:32+00:00,7500.0,367.6,311.0,313.0,0.0,0.0,1.0,30.0,0.1912054833507538,False,REGULAR,USD,2026-11-30,7332.16015625,0.0363499975204467,call,1.0228909134788786,0.4767123287671233,312.0
SPXW261130C07510000,2026-06-05 19:05:26+00:00,7510.0,357.0,305.7,309.1,0.0,0.0,9.0,9.0,0.1912751008796692,False,REGULAR,USD,2026-11-30,7332.16015625,0.0363499975204467,call,1.024254768030184,0.4767123287671233,307.4
SPXW261130C07530000,2026-06-05 16:25:17+00:00,7530.0,381.5,297.8,299.7,0.0,0.0,10.0,10.0,0.1905608059597015,False,REGULAR,USD,2026-11-30,7332.16015625,0.0363499975204467,call,1.0269824771327942,0.4767123287671233,298.75
SPXW261130C07540000,2026-06-05 20:02:36+00:00,7540.0,321.18,296.7,298.7,0.0,0.0,20.0,29.0,0.1920199130725861,False,REGULAR,USD,2026-11-30,7332.16015625,0.0363499975204467,call,1.0283463316840993,0.4767123287671233,297.7
SPXW261130C07560000,2026-06-05 16:25:17+00:00,7560.0,363.25,282.0,283.4,0.0,0.0,10.0,10.0,0.1882348175621032,False,REGULAR,USD,2026-11-30,7332.16015625,0.0363499975204467,call,1.0310740407867096,0.4767123287671233,282.7
SPXW261130C07600000,2026-06-08 14:59:50+00:00,7600.0,329.4,261.2,262.8,0.0,0.0,8.0,16.0,0.1853909891891479,False,REGULAR,USD,2026-11-30,7332.16015625,0.0363499975204467,call,1.0365294589919305,0.4767123287671233,262.0
SPXW261130C07650000,2026-06-09 14:46:10+00:00,7650.0,266.8,233.5,237.1,-9.0,-3.2632344,3.0,16.0,0.1813388675403594,False,REGULAR,USD,2026-11-30,7332.16015625,0.0363499975204467,call,1.0433487317484562,0.4767123287671233,235.3
SPXW261130C07675000,2026-06-08 13:54:46+00:00,7675.0,280.8,221.9,223.6,0.0,0.0,1.0,1.0,0.1787439456748962,False,REGULAR,USD,2026-11-30,7332.16015625,0.0363499975204467,call,1.0467583681267192,0.4767123287671233,222.75
SPXW261130C07750000,2026-06-05 14:34:49+00:00,7750.0,280.91,193.2,194.5,0.0,0.0,1.0,1.0,0.1759821324729919,False,REGULAR,USD,2026-11-30,7332.16015625,0.0363499975204467,call,1.056987277261508,0.4767123287671233,193.85
SPXW261130C07800000,2026-06-09 13:38:00+00:00,7800.0,222.08,168.9,170.5,12.619995,6.0250144,5.0,6.0,0.1708800259017944,False,REGULAR,USD,2026-11-30,7332.16015625,0.0363499975204467,call,1.0638065500180338,0.4767123287671233,169.7
SPXW261130C07825000,2026-06-08 15:48:07+00:00,7825.0,210.71,162.6,164.8,0.0,0.0,10.0,10.0,0.1715428229236602,False,REGULAR,USD,2026-11-30,7332.16015625,0.0363499975204467,call,1.0672161863962968,0.4767123287671233,163.7
SPXW261130C07850000,2026-06-08 11:10:56+00:00,7850.0,192.0,150.4,152.2,0.0,0.0,10.0,13.0,0.1681945058822632,False,REGULAR,USD,2026-11-30,7332.16015625,0.0363499975204467,call,1.0706258227745595,0.4767123287671233,151.3
SPXW261130C07875000,2026-06-08 12:53:58+00:00,7875.0,190.24,144.4,146.0,0.0,0.0,6.0,8.0,0.1682975016784668,False,REGULAR,USD,2026-11-30,7332.16015625,0.0363499975204467,call,1.0740354591528225,0.4767123287671233,145.2
SPXW261130C07900000,2026-06-05 15:36:29+00:00,7900.0,197.4,136.7,137.8,0.0,0.0,9.0,13.0,0.1671054207038879,False,REGULAR,USD,2026-11-30,7332.16015625,0.0363499975204467,call,1.0774450955310857,0.4767123287671233,137.25
SPXW261130C07925000,2026-06-08 12:29:30+00:00,7925.0,170.0,127.6,129.2,0.0,0.0,4.0,4.0,0.1655032638740539,False,REGULAR,USD,2026-11-30,7332.16015625,0.0363499975204467,call,1.0808547319093484,0.4767123287671233,128.39999999999998
SPXW261130C08000000,2026-06-08 19:39:08+00:00,8000.0,128.24,104.5,105.8,0.0,0.0,8.0,22.0,0.1610334370517731,False,REGULAR,USD,2026-11-30,7332.16015625,0.0363499975204467,call,1.0910836410441371,0.4767123287671233,105.15
SPXW261130C08025000,2026-06-08 17:22:32+00:00,8025.0,123.78,100.2,101.4,0.0,0.0,11.0,18.0,0.1613796173667907,False,REGULAR,USD,2026-11-30,7332.16015625,0.0363499975204467,call,1.0944932774224,0.4767123287671233,100.8
SPXW261130C08050000,2026-06-05 14:22:43+00:00,8050.0,149.59,93.6,94.8,0.0,0.0,1.0,1.0,0.1601360384941101,False,REGULAR,USD,2026-11-30,7332.16015625,0.0363499975204467,call,1.097902913800663,0.4767123287671233,94.2
SPXW261130C08075000,2026-06-08 13:54:23+00:00,8075.0,119.1,88.8,90.2,0.0,0.0,1.0,2.0,0.1600807259368896,False,REGULAR,USD,2026-11-30,7332.16015625,0.0363499975204467,call,1.101312550178926,0.4767123287671233,89.5
SPXW261130C08100000,2026-06-08 18:52:05+00:00,8100.0,104.35,82.8,84.1,0.0,0.0,13.0,13.0,0.1588352397346496,False,REGULAR,USD,2026-11-30,7332.16015625,0.0363499975204467,call,1.104722186557189,0.4767123287671233,83.44999999999999
SPXW261130C08125000,2026-06-05 18:38:56+00:00,8125.0,99.32,75.2,76.5,0.0,0.0,17.0,17.0,0.1562870474433899,False,REGULAR,USD,2026-11-30,7332.16015625,0.0363499975204467,call,1.1081318229354518,0.4767123287671233,75.85
SPXW261130C08150000,2026-06-08 19:49:36+00:00,8150.0,86.83,71.9,73.0,0.0,0.0,15.0,11.0,0.1565597955703735,False,REGULAR,USD,2026-11-30,7332.16015625,0.0363499975204467,call,1.1115414593137147,0.4767123287671233,72.45
SPXW261130C08175000,2026-06-05 19:24:28+00:00,8175.0,81.31,65.4,67.1,0.0,0.0,2.0,22.0,0.1548479672908783,False,REGULAR,USD,2026-11-30,7332.16015625,0.0363499975204467,call,1.1149510956919777,0.4767123287671233,66.25
SPXW261130C08275000,2026-06-08 18:09:35+00:00,8275.0,66.44,50.8,52.1,0.0,0.0,480.0,600.0,0.1530979924201966,False,REGULAR,USD,2026-11-30,7332.16015625,0.0363499975204467,call,1.1285896412050294,0.4767123287671233,51.45
SPXW261130C08300000,2026-06-08 14:02:57+00:00,8300.0,63.9,46.2,47.7,0.0,0.0,4.0,22.0,0.15164460729599,False,REGULAR,USD,2026-11-30,7332.16015625,0.0363499975204467,call,1.1319992775832923,0.4767123287671233,46.95
SPXW261130C08350000,2026-06-08 13:54:05+00:00,8350.0,59.5,37.9,41.2,1.0999985,1.883559,8.0,14.0,0.150311383934021,False,REGULAR,USD,2026-11-30,7332.16015625,0.0363499975204467,call,1.1388185503398185,0.4767123287671233,39.55
SPXW261130C08400000,2026-06-08 15:05:32+00:00,8400.0,52.3,34.2,35.7,0.0,0.0,76.0,88.0,0.1493157579040527,False,REGULAR,USD,2026-11-30,7332.16015625,0.0363499975204467,call,1.145637823096344,0.4767123287671233,34.95
SPXW261130C08600000,2026-06-05 15:32:27+00:00,8600.0,33.74,19.3,20.2,0.0,0.0,2.0,2.0,0.1469125226593017,False,REGULAR,USD,2026-11-30,7332.16015625,0.0363499975204467,call,1.1729149141224475,0.4767123287671233,19.75
SPXW261130C08700000,2026-06-08 12:53:58+00:00,8700.0,23.2,14.6,15.4,0.95000076,4.269666,31.0,14.0,0.1467141603851318,False,REGULAR,USD,2026-11-30,7332.16015625,0.0363499975204467,call,1.1865534596354992,0.4767123287671233,15.0
SPXW261130C08800000,2026-06-05 15:32:27+00:00,8800.0,18.74,10.5,11.2,0.0,0.0,2.0,6.0,0.1454934694671631,False,REGULAR,USD,2026-11-30,7332.16015625,0.0363499975204467,call,1.2001920051485508,0.4767123287671233,10.85
SPXW261130C09000000,2026-06-05 16:17:17+00:00,9000.0,9.59,5.9,6.4,0.0,0.0,10.0,11.0,0.1457833835601806,False,REGULAR,USD,2026-11-30,7332.16015625,0.0363499975204467,call,1.2274690961746544,0.4767123287671233,6.15
SPXW261130C09100000,2026-06-08 16:31:32+00:00,9100.0,6.6,4.4,4.8,0.0,0.0,1.0,3.0,0.1459512285614013,False,REGULAR,USD,2026-11-30,7332.16015625,0.0363499975204467,call,1.241107641687706,0.4767123287671233,4.6
SPXW261130C09200000,2026-06-08 19:50:53+00:00,9200.0,4.4,3.5,3.9,0.0,0.0,1.0,1.0,0.1478051528930664,False,REGULAR,USD,2026-11-30,7332.16015625,0.0363499975204467,call,1.2547461872007577,0.4767123287671233,3.7
SPXW261130C09400000,2026-06-08 16:36:41+00:00,9400.0,3.2,2.35,2.75,0.0,0.0,25.0,25.0,0.1525734767913818,False,REGULAR,USD,2026-11-30,7332.16015625,0.0363499975204467,call,1.2820232782268612,0.4767123287671233,2.55
SPX261218C07275000,2026-06-08 16:15:22+00:00,7275.0,562.86,484.2,486.1,0.0,0.0,150.0,2680.0,0.215997906627655,True,REGULAR,USD,2026-12-18,7332.16015625,0.0363499975204467,call,0.9922041860745124,0.5260273972602739,485.15
SPX261218C07300000,2026-06-08 19:53:47+00:00,7300.0,516.72,472.7,474.9,0.0,0.0,60.0,6906.0,0.2164232411193847,True,REGULAR,USD,2026-12-18,7332.16015625,0.0363499975204467,call,0.9956138224527752,0.5260273972602739,473.8
SPX261218C07325000,2026-06-05 16:20:23+00:00,7325.0,547.23,452.1,454.3,0.0,0.0,1.0,7601.0,0.2123100849246978,True,REGULAR,USD,2026-12-18,7332.16015625,0.0363499975204467,call,0.9990234588310382,0.5260273972602739,453.2000000000001
SPX261218C07350000,2026-06-08 17:00:42+00:00,7350.0,498.7,431.5,433.1,0.0,0.0,35.0,7633.0,0.207825953130722,False,REGULAR,USD,2026-12-18,7332.16015625,0.0363499975204467,call,1.002433095209301,0.5260273972602739,432.3
SPX261218C07375000,2026-06-08 16:02:26+00:00,7375.0,489.64,415.7,418.8,0.0,0.0,40.0,851.0,0.2064955907630919,False,REGULAR,USD,2026-12-18,7332.16015625,0.0363499975204467,call,1.005842731587564,0.5260273972602739,417.25
SPX261218C07400000,2026-06-09 14:48:21+00:00,7400.0,434.41,409.0,410.3,-35.410004,-7.53693,20.0,15485.0,0.2077897138690948,False,REGULAR,USD,2026-12-18,7332.16015625,0.0363499975204467,call,1.009252367965827,0.5260273972602739,409.65
SPX261218C07425000,2026-06-08 19:31:58+00:00,7425.0,438.1,384.8,387.4,0.0,0.0,9.0,1728.0,0.2022079139137267,False,REGULAR,USD,2026-12-18,7332.16015625,0.0363499975204467,call,1.01266200434409,0.5260273972602739,386.1
SPX261218C07450000,2026-06-08 19:35:36+00:00,7450.0,418.92,371.7,373.4,0.0,0.0,843.0,5627.0,0.2007039845561981,False,REGULAR,USD,2026-12-18,7332.16015625,0.0363499975204467,call,1.016071640722353,0.5260273972602739,372.55
SPX261218C07475000,2026-06-05 19:44:02+00:00,7475.0,401.92,358.5,360.9,0.0,0.0,81.0,1239.0,0.1997980030155182,False,REGULAR,USD,2026-12-18,7332.16015625,0.0363499975204467,call,1.0194812771006156,0.5260273972602739,359.7
SPX261218C07500000,2026-06-09 15:18:42+00:00,7500.0,357.38,340.8,343.3,-28.23999,-7.3232694,129.0,24056.0,0.196376253786087,False,REGULAR,USD,2026-12-18,7332.16015625,0.0363499975204467,call,1.0228909134788786,0.5260273972602739,342.05
SPX261218C07525000,2026-06-08 14:16:50+00:00,7525.0,384.55,328.3,331.0,0.0,0.0,2.0,1072.0,0.1953405738353729,False,REGULAR,USD,2026-12-18,7332.16015625,0.0363499975204467,call,1.0263005498571416,0.5260273972602739,329.65
SPX261218C07550000,2026-06-08 15:02:03+00:00,7550.0,390.3,314.7,316.9,0.0,0.0,2.0,5301.0,0.1933369241333007,False,REGULAR,USD,2026-12-18,7332.16015625,0.0363499975204467,call,1.0297101862354046,0.5260273972602739,315.79999999999995
SPX261218C07575000,2026-06-08 19:32:45+00:00,7575.0,347.05,300.0,302.4,0.0,0.0,54.0,2172.0,0.1910214260482788,False,REGULAR,USD,2026-12-18,7332.16015625,0.0363499975204467,call,1.0331198226136675,0.5260273972602739,301.2
SPX261218C07600000,2026-06-09 15:22:35+00:00,7600.0,309.13,291.0,293.0,-18.949982,-5.784135,123.0,16643.0,0.1910204723834991,False,REGULAR,USD,2026-12-18,7332.16015625,0.0363499975204467,call,1.0365294589919305,0.5260273972602739,292.0
SPX261218C07625000,2026-06-09 15:28:43+00:00,7625.0,279.11,274.3,276.2,-45.130005,-13.918704,2.0,2176.0,0.1873498166465759,False,REGULAR,USD,2026-12-18,7332.16015625,0.0363499975204467,call,1.0399390953701932,0.5260273972602739,275.25
SPX261218C07650000,2026-06-09 14:26:13+00:00,7650.0,314.7,265.7,267.4,0.3500061,0.1113428,11.0,4360.0,0.187403221874237,False,REGULAR,USD,2026-12-18,7332.16015625,0.0363499975204467,call,1.0433487317484562,0.5260273972602739,266.54999999999995
SPX261218C07675000,2026-06-09 14:40:35+00:00,7675.0,296.8,249.6,252.3,-12.0,-3.8860104,2.0,4046.0,0.1842761550617218,False,REGULAR,USD,2026-12-18,7332.16015625,0.0363499975204467,call,1.0467583681267192,0.5260273972602739,250.95
SPX261218C07700000,2026-06-09 14:38:47+00:00,7700.0,282.9,238.5,240.7,4.899994,1.7625878,7.0,12399.0,0.1827150058174133,False,REGULAR,USD,2026-12-18,7332.16015625,0.0363499975204467,call,1.0501680045049822,0.5260273972602739,239.6
SPX261218C07725000,2026-06-09 14:22:09+00:00,7725.0,274.7,226.5,228.3,-8.399994,-2.967147,3.0,2157.0,0.1806207579612732,False,REGULAR,USD,2026-12-18,7332.16015625,0.0363499975204467,call,1.053577640883245,0.5260273972602739,227.4
SPX261218C07750000,2026-06-09 14:36:05+00:00,7750.0,256.5,215.7,217.6,-22.5,-8.064516,4.0,6544.0,0.179231268377304,False,REGULAR,USD,2026-12-18,7332.16015625,0.0363499975204467,call,1.056987277261508,0.5260273972602739,216.65
SPX261218C07775000,2026-06-08 19:37:52+00:00,7775.0,241.4,205.3,207.2,0.0,0.0,69.0,1234.0,0.1778551301002502,False,REGULAR,USD,2026-12-18,7332.16015625,0.0363499975204467,call,1.0603969136397708,0.5260273972602739,206.25
SPX261218C07800000,2026-06-09 14:18:10+00:00,7800.0,232.2,194.9,196.7,4.0,1.7528484,70.0,18233.0,0.1762882588672638,False,REGULAR,USD,2026-12-18,7332.16015625,0.0363499975204467,call,1.0638065500180338,0.5260273972602739,195.8
SPX261218C07825000,2026-06-09 14:21:11+00:00,7825.0,218.6,184.5,186.7,-9.029999,-3.9669633,9.0,3141.0,0.1748320127487182,False,REGULAR,USD,2026-12-18,7332.16015625,0.0363499975204467,call,1.0672161863962968,0.5260273972602739,185.6
SPX261218C07850000,2026-06-08 14:38:38+00:00,7850.0,211.6,178.8,180.3,-11.699997,-5.239587,1.0,3724.0,0.1751238341712951,False,REGULAR,USD,2026-12-18,7332.16015625,0.0363499975204467,call,1.0706258227745595,0.5260273972602739,179.55
SPX261218C07875000,2026-06-09 14:30:23+00:00,7875.0,201.2,166.3,169.3,-4.699997,-2.28266,22.0,915.0,0.172859833984375,False,REGULAR,USD,2026-12-18,7332.16015625,0.0363499975204467,call,1.0740354591528225,0.5260273972602739,167.8
SPX261218C07900000,2026-06-09 15:25:51+00:00,7900.0,167.46,159.8,161.1,-35.049988,-17.307781,642.0,16775.0,0.1719347791481018,False,REGULAR,USD,2026-12-18,7332.16015625,0.0363499975204467,call,1.0774450955310857,0.5260273972602739,160.45
SPX261218C07925000,2026-06-09 14:43:20+00:00,7925.0,180.37,149.6,151.7,4.169998,2.366628,8.0,1049.0,0.1702095995616913,False,REGULAR,USD,2026-12-18,7332.16015625,0.0363499975204467,call,1.0808547319093484,0.5260273972602739,150.64999999999998
SPX261218C07950000,2026-06-09 14:29:34+00:00,7950.0,173.58,140.5,142.3,2.7799988,1.6276339,24.0,2413.0,0.1683137139797211,False,REGULAR,USD,2026-12-18,7332.16015625,0.0363499975204467,call,1.0842643682876114,0.5260273972602739,141.4
SPX261218C07975000,2026-06-09 13:58:26+00:00,7975.0,178.06,132.9,134.6,17.259995,10.733828,1.0,508.0,0.1672112774944305,False,REGULAR,USD,2026-12-18,7332.16015625,0.0363499975204467,call,1.0876740046658744,0.5260273972602739,133.75
SPX261218C08000000,2026-06-09 15:11:24+00:00,8000.0,146.2,125.7,127.2,-3.199997,-2.1418989,54.0,51564.0,0.1661317289638519,False,REGULAR,USD,2026-12-18,7332.16015625,0.0363499975204467,call,1.0910836410441371,0.5260273972602739,126.45
SPX261218C08025000,2026-06-09 13:48:55+00:00,8025.0,165.65,118.5,120.9,9.919998,6.3699985,1.0,274.0,0.1655538081073761,False,REGULAR,USD,2026-12-18,7332.16015625,0.0363499975204467,call,1.0944932774224,0.5260273972602739,119.7
SPX261218C08050000,2026-06-09 14:11:49+00:00,8050.0,146.2,111.5,113.1,10.669998,7.872794,22.0,1544.0,0.1639249486637115,False,REGULAR,USD,2026-12-18,7332.16015625,0.0363499975204467,call,1.097902913800663,0.5260273972602739,112.3
SPX261218C08075000,2026-06-09 14:16:27+00:00,8075.0,129.24,105.2,107.0,-0.5,-0.38538614,5.0,425.0,0.163173460817337,False,REGULAR,USD,2026-12-18,7332.16015625,0.0363499975204467,call,1.101312550178926,0.5260273972602739,106.1
SPX261218C08100000,2026-06-08 15:30:13+00:00,8100.0,132.7,100.9,102.1,0.0,0.0,64.0,7836.0,0.1630428087425232,False,REGULAR,USD,2026-12-18,7332.16015625,0.0363499975204467,call,1.104722186557189,0.5260273972602739,101.5
SPX261218C08125000,2026-06-08 18:40:35+00:00,8125.0,114.62,93.2,94.6,-5.4300003,-4.523115,1.0,940.0,0.1610916106033325,False,REGULAR,USD,2026-12-18,7332.16015625,0.0363499975204467,call,1.1081318229354518,0.5260273972602739,93.9
SPX261218C08150000,2026-06-08 19:25:34+00:00,8150.0,104.62,91.0,92.3,-0.7099991,-0.6740711,1.0,3640.0,0.1624200656414032,False,REGULAR,USD,2026-12-18,7332.16015625,0.0363499975204467,call,1.1115414593137147,0.5260273972602739,91.65
SPX261218C08175000,2026-06-08 18:40:35+00:00,8175.0,113.3,84.5,85.7,6.4100037,5.996823,5.0,1046.0,0.1607521059417725,False,REGULAR,USD,2026-12-18,7332.16015625,0.0363499975204467,call,1.1149510956919777,0.5260273972602739,85.1
SPX261218C08200000,2026-06-09 14:09:30+00:00,8200.0,101.0,78.8,79.8,5.8199997,6.11473,52.0,12382.0,0.1593721530055999,False,REGULAR,USD,2026-12-18,7332.16015625,0.0363499975204467,call,1.118360732070241,0.5260273972602739,79.3
SPX261218C08225000,2026-06-09 14:05:23+00:00,8225.0,90.2,74.5,75.6,-3.0,-3.2188842,2.0,637.0,0.1590431386566162,False,REGULAR,USD,2026-12-18,7332.16015625,0.0363499975204467,call,1.1217703684485036,0.5260273972602739,75.05
SPX261218C08250000,2026-06-09 15:00:04+00:00,8250.0,80.5,68.2,69.1,-8.989998,-10.045813,30.0,5669.0,0.1568506633281708,False,REGULAR,USD,2026-12-18,7332.16015625,0.0363499975204467,call,1.1251800048267664,0.5260273972602739,68.65
SPX261218C08275000,2026-06-09 14:05:23+00:00,8275.0,82.66,63.4,64.8,-0.35999298,-0.433622,54.0,396.0,0.1561211097717285,False,REGULAR,USD,2026-12-18,7332.16015625,0.0363499975204467,call,1.1285896412050294,0.5260273972602739,64.1
SPX261218C08300000,2026-06-09 15:21:55+00:00,8300.0,68.75,62.3,63.2,-5.3700027,-7.2450113,46.0,8328.0,0.1574009279060364,False,REGULAR,USD,2026-12-18,7332.16015625,0.0363499975204467,call,1.1319992775832923,0.5260273972602739,62.75
SPX261218C08325000,2026-06-09 13:46:26+00:00,8325.0,68.07,57.3,58.1,-20.79,-23.396353,2.0,1523.0,0.1557587171554565,False,REGULAR,USD,2026-12-18,7332.16015625,0.0363499975204467,call,1.1354089139615553,0.5260273972602739,57.7
SPX261218C08350000,2026-06-08 19:25:34+00:00,8350.0,71.98,52.2,53.3,7.6500015,11.891809,8.0,2789.0,0.1541413016891479,False,REGULAR,USD,2026-12-18,7332.16015625,0.0363499975204467,call,1.1388185503398185,0.5260273972602739,52.75
SPX261218C08375000,2026-06-08 17:31:10+00:00,8375.0,66.0,49.3,50.4,0.0,0.0,12.0,106.0,0.1539963446426391,False,REGULAR,USD,2026-12-18,7332.16015625,0.0363499975204467,call,1.1422281867180812,0.5260273972602739,49.85
SPX261218C08400000,2026-06-09 14:08:23+00:00,8400.0,63.38,47.2,48.0,3.2200012,5.3523955,10.0,13661.0,0.1541870775985718,False,REGULAR,USD,2026-12-18,7332.16015625,0.0363499975204467,call,1.145637823096344,0.5260273972602739,47.6
SPX261218C08425000,2026-06-09 14:44:36+00:00,8425.0,53.0,42.3,44.1,-20.599998,-27.989128,5.0,15.0,0.1528481322479248,False,REGULAR,USD,2026-12-18,7332.16015625,0.0363499975204467,call,1.149047459474607,0.5260273972602739,43.2
SPX261218C08450000,2026-06-09 14:15:57+00:00,8450.0,52.36,39.9,40.8,-0.579998,-1.0955762,214.0,2610.0,0.1518906528091431,False,REGULAR,USD,2026-12-18,7332.16015625,0.0363499975204467,call,1.15245709585287,0.5260273972602739,40.35
SPX261218C08475000,2026-06-08 17:02:47+00:00,8475.0,50.9,38.3,39.2,1.300003,2.620974,5.0,19.0,0.1525067202568054,False,REGULAR,USD,2026-12-18,7332.16015625,0.0363499975204467,call,1.155866732231133,0.5260273972602739,38.75
SPX261218C08500000,2026-06-09 15:21:55+00:00,8500.0,40.65,34.9,36.1,-6.919998,-14.54698,21.0,12203.0,0.1514500596809387,False,REGULAR,USD,2026-12-18,7332.16015625,0.0363499975204467,call,1.159276368609396,0.5260273972602739,35.5
SPX261218C08525000,2026-06-05 16:36:57+00:00,8525.0,50.6,33.9,34.8,0.0,0.0,12.0,62.0,0.1522034548568726,False,REGULAR,USD,2026-12-18,7332.16015625,0.0363499975204467,call,1.1626860049876586,0.5260273972602739,34.349999999999994
SPX261218C08550000,2026-06-09 14:22:09+00:00,8550.0,39.4,30.6,32.0,-3.25,-7.620164,25.0,3388.0,0.1511734968948365,False,REGULAR,USD,2026-12-18,7332.16015625,0.0363499975204467,call,1.1660956413659216,0.5260273972602739,31.3
SPX261218C08575000,2026-06-09 14:11:34+00:00,8575.0,40.2,28.9,29.8,-4.3999977,-9.865466,6.0,40.0,0.150668054561615,False,REGULAR,USD,2026-12-18,7332.16015625,0.0363499975204467,call,1.1695052777441846,0.5260273972602739,29.35
SPX261218C08600000,2026-06-08 14:08:21+00:00,8600.0,36.7,27.7,28.4,0.0,0.0,2.0,8596.0,0.1510170958709717,False,REGULAR,USD,2026-12-18,7332.16015625,0.0363499975204467,call,1.1729149141224475,0.5260273972602739,28.05
SPX261218C08650000,2026-06-09 13:57:45+00:00,8650.0,34.2,23.3,24.3,2.58,8.159392,260.0,340.0,0.14969150182724,False,REGULAR,USD,2026-12-18,7332.16015625,0.0363499975204467,call,1.1797341868789737,0.5260273972602739,23.8
SPX261218C08700000,2026-06-08 17:14:54+00:00,8700.0,29.4,20.2,21.0,2.3999996,8.888887,70.0,5935.0,0.1488541841506958,False,REGULAR,USD,2026-12-18,7332.16015625,0.0363499975204467,call,1.1865534596354992,0.5260273972602739,20.6
SPX261218C08800000,2026-06-09 14:08:23+00:00,8800.0,22.45,14.7,15.5,1.6000004,7.6738625,2.0,18832.0,0.1471909927749634,False,REGULAR,USD,2026-12-18,7332.16015625,0.0363499975204467,call,1.2001920051485508,0.5260273972602739,15.1
SPX261218C08900000,2026-06-09 14:17:37+00:00,8900.0,14.82,11.1,11.9,0.2699995,1.8556666,41.0,2286.0,0.1469850011825561,False,REGULAR,USD,2026-12-18,7332.16015625,0.0363499975204467,call,1.2138305506616027,0.5260273972602739,11.5
SPX261218C09000000,2026-06-09 15:25:02+00:00,9000.0,9.51,8.5,9.1,-2.2399998,-19.063828,61.0,40323.0,0.1468591174316406,False,REGULAR,USD,2026-12-18,7332.16015625,0.0363499975204467,call,1.2274690961746544,0.5260273972602739,8.8
SPX261218C09100000,2026-06-09 15:22:10+00:00,9100.0,7.72,6.5,7.2,-1.7800002,-18.736843,1.0,4677.0,0.1476601958465576,False,REGULAR,USD,2026-12-18,7332.16015625,0.0363499975204467,call,1.241107641687706,0.5260273972602739,6.85
SPX261218C09200000,2026-06-09 15:25:02+00:00,9200.0,5.51,5.1,5.6,-1.2599998,-18.20809,10.0,28406.0,0.1481255842590332,False,REGULAR,USD,2026-12-18,7332.16015625,0.0363499975204467,call,1.2547461872007577,0.5260273972602739,5.35
SPX261218C09300000,2026-06-09 14:55:31+00:00,9300.0,4.79,3.9,4.5,-0.42999983,-8.237545,2.0,205.0,0.1493081285858154,False,REGULAR,USD,2026-12-18,7332.16015625,0.0363499975204467,call,1.2683847327138096,0.5260273972602739,4.2
SPX261218C09400000,2026-06-08 15:32:10+00:00,9400.0,4.5,3.0,3.6,0.0,0.0,1.0,6714.0,0.1503914917755127,False,REGULAR,USD,2026-12-18,7332.16015625,0.0363499975204467,call,1.2820232782268612,0.5260273972602739,3.3
SPX261218C09600000,2026-06-09 13:37:52+00:00,9600.0,3.1,2.0,2.55,0.27999997,9.929077,20.0,4298.0,0.154381625213623,False,REGULAR,USD,2026-12-18,7332.16015625,0.0363499975204467,call,1.3093003692529646,0.5260273972602739,2.275
SPX261218C09800000,2026-06-09 14:55:31+00:00,9800.0,1.79,1.55,1.95,-0.18000007,-9.137059,2.0,1100.0,0.1594322338867187,False,REGULAR,USD,2026-12-18,7332.16015625,0.0363499975204467,call,1.336577460279068,0.5260273972602739,1.75
SPX261218C10000000,2026-06-05 19:16:25+00:00,10000.0,1.3,1.15,1.55,0.0,0.0,5.0,34250.0,0.1648185325622558,False,REGULAR,USD,2026-12-18,7332.16015625,0.0363499975204467,call,1.3638545513051714,0.5260273972602739,1.35
SPXW261231C07260000,2026-04-24 19:52:15+00:00,7260.0,437.6,560.6,563.5,0.0,0.0,21.0,29.0,0.2412652549648284,True,REGULAR,USD,2026-12-31,7332.16015625,0.0363499975204467,call,0.9901584042475544,0.5616438356164384,562.05
SPXW261231C07265000,2026-04-30 16:25:21+00:00,7265.0,429.7,557.1,560.0,0.0,0.0,2.0,36.0,0.2407703029441833,True,REGULAR,USD,2026-12-31,7332.16015625,0.0363499975204467,call,0.990840331523207,0.5616438356164384,558.55
SPXW261231C07270000,2026-05-08 14:37:45+00:00,7270.0,574.69,553.6,556.5,0.0,0.0,10.0,16.0,0.2402734435939788,True,REGULAR,USD,2026-12-31,7332.16015625,0.0363499975204467,call,0.9915222587988596,0.5616438356164384,555.05
SPXW261231C07275000,2026-06-05 15:10:52+00:00,7275.0,626.63,507.6,510.4,0.0,0.0,60.0,76.0,0.2202169196128844,True,REGULAR,USD,2026-12-31,7332.16015625,0.0363499975204467,call,0.9922041860745124,0.5616438356164384,509.0
SPXW261231C07280000,2026-06-05 18:24:34+00:00,7280.0,576.7,500.3,505.0,0.0,0.0,1.0,47.0,0.2188512716484069,True,REGULAR,USD,2026-12-31,7332.16015625,0.0363499975204467,call,0.9928861133501647,0.5616438356164384,502.65
SPXW261231C07290000,2026-05-11 16:47:53+00:00,7290.0,585.38,488.4,490.4,0.0,0.0,25.0,207.0,0.2143738155078887,True,REGULAR,USD,2026-12-31,7332.16015625,0.0363499975204467,call,0.99424996790147,0.5616438356164384,489.4
SPXW261231C07295000,2026-06-08 14:56:58+00:00,7295.0,573.14,485.6,498.8,0.0,0.0,2.0,31.0,0.2193223820495605,True,REGULAR,USD,2026-12-31,7332.16015625,0.0363499975204467,call,0.9949318951771228,0.5616438356164384,492.2000000000001
SPXW261231C07300000,2026-06-08 14:57:01+00:00,7300.0,569.76,489.1,491.2,0.0,0.0,2.0,547.0,0.2169382201004028,True,REGULAR,USD,2026-12-31,7332.16015625,0.0363499975204467,call,0.9956138224527752,0.5616438356164384,490.15
SPXW261231C07305000,2026-05-21 18:41:00+00:00,7305.0,577.66,479.8,482.1,0.0,0.0,5.0,92.0,0.213866465845108,True,REGULAR,USD,2026-12-31,7332.16015625,0.0363499975204467,call,0.9962957497284278,0.5616438356164384,480.9500000000001
SPXW261231C07315000,2026-06-03 19:44:12+00:00,7315.0,648.7,476.1,481.4,0.0,0.0,10.0,25.0,0.2157194365119934,True,REGULAR,USD,2026-12-31,7332.16015625,0.0363499975204467,call,0.997659604279733,0.5616438356164384,478.75
SPXW261231C07320000,2026-06-05 20:00:21+00:00,7320.0,520.91,473.7,475.8,0.0,0.0,8.0,48.0,0.2142403024387359,True,REGULAR,USD,2026-12-31,7332.16015625,0.0363499975204467,call,0.9983415315553856,0.5616438356164384,474.75
SPXW261231C07325000,2026-06-05 09:34:39+00:00,7325.0,627.34,468.6,486.6,0.0,0.0,1.0,35.0,0.2202502978801727,True,REGULAR,USD,2026-12-31,7332.16015625,0.0363499975204467,call,0.9990234588310382,0.5616438356164384,477.6
SPXW261231C07330000,2026-05-29 17:53:13+00:00,7330.0,637.8,463.4,465.5,0.0,0.0,4.0,30.0,0.2116844808292388,True,REGULAR,USD,2026-12-31,7332.16015625,0.0363499975204467,call,0.9997053861066908,0.5616438356164384,464.45
SPXW261231C07335000,2026-05-19 14:45:13+00:00,7335.0,490.53,459.4,461.4,0.0,0.0,2.0,13.0,0.2108805414199829,False,REGULAR,USD,2026-12-31,7332.16015625,0.0363499975204467,call,1.000387313382343,0.5616438356164384,460.4
SPXW261231C07340000,2026-05-19 14:45:13+00:00,7340.0,487.23,456.4,464.3,0.0,0.0,2.0,7.0,0.2132685180282593,False,REGULAR,USD,2026-12-31,7332.16015625,0.0363499975204467,call,1.001069240657996,0.5616438356164384,460.35
SPXW261231C07350000,2026-06-04 16:14:54+00:00,7350.0,626.62,450.4,452.4,0.0,0.0,15.0,222.0,0.2099554865837097,False,REGULAR,USD,2026-12-31,7332.16015625,0.0363499975204467,call,1.002433095209301,0.5616438356164384,451.4
SPXW261231C07355000,2026-06-05 19:47:02+00:00,7355.0,504.9,448.0,456.3,0.0,0.0,1.0,705.0,0.2127859636497497,False,REGULAR,USD,2026-12-31,7332.16015625,0.0363499975204467,call,1.0031150224849537,0.5616438356164384,452.15
SPXW261231C07360000,2026-05-21 14:50:46+00:00,7360.0,506.89,441.0,452.8,0.0,0.0,1.0,26.0,0.2122376064014434,False,REGULAR,USD,2026-12-31,7332.16015625,0.0363499975204467,call,1.0037969497606063,0.5616438356164384,446.9
SPXW261231C07365000,2026-05-06 15:18:10+00:00,7365.0,478.15,488.8,491.8,0.0,0.0,1.0,9.0,0.2310581808280945,False,REGULAR,USD,2026-12-31,7332.16015625,0.0363499975204467,call,1.0044788770362587,0.5616438356164384,490.3
SPXW261231C07370000,2026-05-22 19:57:13+00:00,7370.0,549.0,436.7,448.8,0.0,0.0,10.0,31.0,0.2124970032215118,False,REGULAR,USD,2026-12-31,7332.16015625,0.0363499975204467,call,1.0051608043119111,0.5616438356164384,442.75
SPXW261231C07385000,2026-03-20 10:10:37+00:00,7385.0,151.4,314.6,318.1,0.0,0.0,12.0,12.0,0.1560944071578979,False,REGULAR,USD,2026-12-31,7332.16015625,0.0363499975204467,call,1.0072065861388693,0.5616438356164384,316.35
SPXW261231C07395000,2026-06-08 14:17:06+00:00,7395.0,486.0,426.9,428.9,0.0,0.0,7.0,21.0,0.2085717189884185,False,REGULAR,USD,2026-12-31,7332.16015625,0.0363499975204467,call,1.0085704406901743,0.5616438356164384,427.9
SPXW261231C07400000,2026-06-08 16:38:41+00:00,7400.0,486.83,423.3,427.9,0.0,0.0,205.0,907.0,0.2091315202140807,False,REGULAR,USD,2026-12-31,7332.16015625,0.0363499975204467,call,1.009252367965827,0.5616438356164384,425.6
SPXW261231C07405000,2026-05-21 18:33:38+00:00,7405.0,508.88,414.6,429.4,0.0,0.0,1.0,33.0,0.2108261825275421,False,REGULAR,USD,2026-12-31,7332.16015625,0.0363499975204467,call,1.0099342952414796,0.5616438356164384,422.0
SPXW261231C07410000,2026-05-18 13:39:27+00:00,7410.0,488.33,417.7,419.7,0.0,0.0,1.0,63.0,0.2074187382698058,False,REGULAR,USD,2026-12-31,7332.16015625,0.0363499975204467,call,1.010616222517132,0.5616438356164384,418.7
SPXW261231C07415000,2026-06-05 20:01:06+00:00,7415.0,455.1,404.7,412.3,0.0,0.0,1.0,13.0,0.2050546032810211,False,REGULAR,USD,2026-12-31,7332.16015625,0.0363499975204467,call,1.0112981497927849,0.5616438356164384,408.5
SPXW261231C07420000,2026-06-05 15:54:01+00:00,7420.0,511.23,410.1,412.1,0.0,0.0,2.0,40.0,0.20596344581604,False,REGULAR,USD,2026-12-31,7332.16015625,0.0363499975204467,call,1.0119800770684373,0.5616438356164384,411.1
SPXW261231C07425000,2026-06-05 20:04:05+00:00,7425.0,439.34,407.4,409.0,0.0,0.0,181.0,123.0,0.2055486016368865,False,REGULAR,USD,2026-12-31,7332.16015625,0.0363499975204467,call,1.01266200434409,0.5616438356164384,408.2
SPXW261231C07430000,2026-06-05 16:30:44+00:00,7430.0,492.13,404.4,407.2,0.0,0.0,1.0,17.0,0.2057212149620055,False,REGULAR,USD,2026-12-31,7332.16015625,0.0363499975204467,call,1.0133439316197423,0.5616438356164384,405.8
SPXW261231C07435000,2026-06-05 18:36:32+00:00,7435.0,464.26,399.2,401.7,0.0,0.0,1.0,18.0,0.2042067952919006,False,REGULAR,USD,2026-12-31,7332.16015625,0.0363499975204467,call,1.014025858895395,0.5616438356164384,400.45
SPXW261231C07440000,2026-06-05 16:30:44+00:00,7440.0,485.57,395.5,397.9,0.0,0.0,1.0,12.0,0.2034610294342041,False,REGULAR,USD,2026-12-31,7332.16015625,0.0363499975204467,call,1.0147077861710476,0.5616438356164384,396.7
SPXW261231C07445000,2026-05-22 14:24:00+00:00,7445.0,490.7,393.9,396.4,0.0,0.0,1.0,18.0,0.2037585728454589,False,REGULAR,USD,2026-12-31,7332.16015625,0.0363499975204467,call,1.0153897134467005,0.5616438356164384,395.15
SPXW261231C07450000,2026-06-09 13:32:54+00:00,7450.0,482.6,391.9,394.2,57.660004,13.568975,2.0,2525.0,0.2037337775611877,False,REGULAR,USD,2026-12-31,7332.16015625,0.0363499975204467,call,1.016071640722353,0.5616438356164384,393.05
SPXW261231C07455000,2026-05-14 14:00:47+00:00,7455.0,515.0,389.0,391.0,0.0,0.0,1.0,5.0,0.2032493158531188,False,REGULAR,USD,2026-12-31,7332.16015625,0.0363499975204467,call,1.016753567998005,0.5616438356164384,390.0
SPXW261231C07460000,2026-06-04 19:44:56+00:00,7460.0,560.75,383.0,385.1,0.0,0.0,6000.0,2293.0,0.2015317655849456,False,REGULAR,USD,2026-12-31,7332.16015625,0.0363499975204467,call,1.017435495273658,0.5616438356164384,384.05
SPXW261231C07465000,2026-05-26 14:07:36+00:00,7465.0,520.1,380.3,383.1,0.0,0.0,2.0,12.0,0.2015856476449966,False,REGULAR,USD,2026-12-31,7332.16015625,0.0363499975204467,call,1.0181174225493106,0.5616438356164384,381.7000000000001
SPXW261231C07470000,2026-04-16 13:59:53+00:00,7470.0,247.14,421.1,424.1,0.0,0.0,2.0,95.0,0.2212201749610901,False,REGULAR,USD,2026-12-31,7332.16015625,0.0363499975204467,call,1.0187993498249632,0.5616438356164384,422.6
SPXW261231C07475000,2026-06-05 19:44:02+00:00,7475.0,421.08,374.7,377.4,0.0,0.0,162.0,343.0,0.2009071151542663,False,REGULAR,USD,2026-12-31,7332.16015625,0.0363499975204467,call,1.0194812771006156,0.5616438356164384,376.05
SPXW261231C07480000,2026-06-01 19:16:14+00:00,7480.0,558.04,374.7,376.4,0.0,0.0,50.0,31.0,0.2014049281692504,False,REGULAR,USD,2026-12-31,7332.16015625,0.0363499975204467,call,1.0201632043762685,0.5616438356164384,375.55
SPXW261231C07490000,2026-06-03 17:47:41+00:00,7490.0,523.7,365.9,368.7,0.0,0.0,10.0,817.0,0.1997903736972809,False,REGULAR,USD,2026-12-31,7332.16015625,0.0363499975204467,call,1.0215270589275736,0.5616438356164384,367.3
SPXW261231C07500000,2026-06-08 19:26:51+00:00,7500.0,393.7,363.5,366.5,-10.220001,-2.5302043,2.0,1185.0,0.2006677452945708,False,REGULAR,USD,2026-12-31,7332.16015625,0.0363499975204467,call,1.0228909134788786,0.5616438356164384,365.0
SPXW261231C07510000,2026-06-05 16:02:54+00:00,7510.0,449.68,354.1,356.6,0.0,0.0,1.0,169.0,0.1980136962127685,False,REGULAR,USD,2026-12-31,7332.16015625,0.0363499975204467,call,1.024254768030184,0.5616438356164384,355.35
SPXW261231C07520000,2026-06-08 14:36:39+00:00,7520.0,400.96,352.6,354.4,-19.74002,-4.6921844,32.0,30.0,0.1988595968723296,False,REGULAR,USD,2026-12-31,7332.16015625,0.0363499975204467,call,1.025618622581489,0.5616438356164384,353.5
SPXW261231C07525000,2026-06-05 20:01:06+00:00,7525.0,387.3,344.7,346.8,0.0,0.0,98.0,110.0,0.1963037752628326,False,REGULAR,USD,2026-12-31,7332.16015625,0.0363499975204467,call,1.0263005498571416,0.5616438356164384,345.75
SPXW261231C07530000,2026-06-05 16:26:58+00:00,7530.0,433.06,346.4,349.1,0.0,0.0,1.0,40.0,0.1982721393680572,False,REGULAR,USD,2026-12-31,7332.16015625,0.0363499975204467,call,1.0269824771327942,0.5616438356164384,347.75
SPXW261231C07540000,2026-06-08 14:17:06+00:00,7540.0,394.4,338.5,340.6,0.0,0.0,8.0,29.0,0.1962026867961883,False,REGULAR,USD,2026-12-31,7332.16015625,0.0363499975204467,call,1.0283463316840993,0.5616438356164384,339.55
SPXW261231C07550000,2026-06-08 17:31:29+00:00,7550.0,383.06,331.7,333.6,-9.220001,-2.3503623,32.0,496.0,0.1947998459053039,False,REGULAR,USD,2026-12-31,7332.16015625,0.0363499975204467,call,1.0297101862354046,0.5616438356164384,332.65
SPXW261231C07560000,2026-04-30 15:00:24+00:00,7560.0,260.59,366.9,370.0,0.0,0.0,6.0,16.0,0.2132837766647338,False,REGULAR,USD,2026-12-31,7332.16015625,0.0363499975204467,call,1.0310740407867096,0.5616438356164384,368.45
SPXW261231C07570000,2026-06-08 16:38:57+00:00,7570.0,379.34,322.1,329.8,0.0,0.0,1.0,19.0,0.1966280212879181,False,REGULAR,USD,2026-12-31,7332.16015625,0.0363499975204467,call,1.0324378953380149,0.5616438356164384,325.95000000000005
SPXW261231C07575000,2026-06-05 20:04:46+00:00,7575.0,349.29,317.4,319.7,0.0,0.0,52.0,88.0,0.1928648600673675,False,REGULAR,USD,2026-12-31,7332.16015625,0.0363499975204467,call,1.0331198226136675,0.5616438356164384,318.54999999999995
SPXW261231C07580000,2026-06-01 16:53:11+00:00,7580.0,477.1,315.6,318.4,0.0,0.0,1.0,45.0,0.1931461911773681,False,REGULAR,USD,2026-12-31,7332.16015625,0.0363499975204467,call,1.03380174988932,0.5616438356164384,317.0
SPXW261231C07590000,2026-06-05 20:01:50+00:00,7590.0,343.95,309.5,311.5,0.0,0.0,4.0,178.0,0.1917137866783142,False,REGULAR,USD,2026-12-31,7332.16015625,0.0363499975204467,call,1.0351656044406252,0.5616438356164384,310.5
SPXW261231C07600000,2026-06-08 15:07:44+00:00,7600.0,380.75,304.0,306.0,0.0,0.0,13.0,503.0,0.1909079399394989,False,REGULAR,USD,2026-12-31,7332.16015625,0.0363499975204467,call,1.0365294589919305,0.5616438356164384,305.0
SPXW261231C07610000,2026-06-05 19:16:26+00:00,7610.0,337.58,303.2,304.9,0.0,0.0,1.0,13.0,0.1921205247068405,False,REGULAR,USD,2026-12-31,7332.16015625,0.0363499975204467,call,1.0378933135432356,0.5616438356164384,304.04999999999995
SPXW261231C07620000,2026-06-02 17:17:37+00:00,7620.0,465.4,293.3,296.3,0.0,0.0,2.0,17.0,0.1898417427158356,False,REGULAR,USD,2026-12-31,7332.16015625,0.0363499975204467,call,1.0392571680945406,0.5616438356164384,294.8
SPXW261231C07625000,2026-06-09 15:28:43+00:00,7625.0,296.69,294.5,296.6,-142.57,-32.45686,2.0,11.0,0.1908297394275665,False,REGULAR,USD,2026-12-31,7332.16015625,0.0363499975204467,call,1.0399390953701932,0.5616438356164384,295.55
SPXW261231C07630000,2026-06-03 16:28:08+00:00,7630.0,426.69,292.5,294.4,0.0,0.0,4.0,51.0,0.1906533114433288,False,REGULAR,USD,2026-12-31,7332.16015625,0.0363499975204467,call,1.040621022645846,0.5616438356164384,293.45
SPXW261231C07640000,2026-05-29 16:02:58+00:00,7640.0,434.61,288.2,290.1,0.0,0.0,53.0,253.0,0.1903338337421417,False,REGULAR,USD,2026-12-31,7332.16015625,0.0363499975204467,call,1.041984877197151,0.5616438356164384,289.15
SPXW261231C07650000,2026-06-08 17:31:29+00:00,7650.0,334.66,282.3,284.0,0.0,0.0,5.0,125.0,0.1891570114040374,False,REGULAR,USD,2026-12-31,7332.16015625,0.0363499975204467,call,1.0433487317484562,0.5616438356164384,283.15
SPXW261231C07660000,2026-05-27 17:00:24+00:00,7660.0,388.3,273.8,275.8,0.0,0.0,1.0,10.0,0.1869740727233886,False,REGULAR,USD,2026-12-31,7332.16015625,0.0363499975204467,call,1.0447125862997613,0.5616438356164384,274.8
SPXW261231C07670000,2026-05-01 15:12:48+00:00,7670.0,248.29,305.9,309.0,0.0,0.0,2.0,79.0,0.2041371777629851,False,REGULAR,USD,2026-12-31,7332.16015625,0.0363499975204467,call,1.0460764408510663,0.5616438356164384,307.45
SPXW261231C07675000,2026-06-04 19:48:39+00:00,7675.0,418.94,266.9,269.3,0.0,0.0,13.0,14.0,0.1863770785713196,False,REGULAR,USD,2026-12-31,7332.16015625,0.0363499975204467,call,1.0467583681267192,0.5616438356164384,268.1
SPXW261231C07680000,2026-06-08 19:47:05+00:00,7680.0,306.42,266.6,269.3,0.0,0.0,1.0,119.0,0.1871886472988128,False,REGULAR,USD,2026-12-31,7332.16015625,0.0363499975204467,call,1.0474402954023718,0.5616438356164384,267.95000000000005
SPXW261231C07690000,2026-06-08 13:37:40+00:00,7690.0,315.83,259.8,262.2,0.0,0.0,10.0,36.0,0.1854548847293853,False,REGULAR,USD,2026-12-31,7332.16015625,0.0363499975204467,call,1.0488041499536769,0.5616438356164384,261.0
SPXW261231C07700000,2026-06-09 15:26:06+00:00,7700.0,267.05,261.5,262.9,-25.390015,-8.682128,715.0,2267.0,0.1873879632377624,False,REGULAR,USD,2026-12-31,7332.16015625,0.0363499975204467,call,1.0501680045049822,0.5616438356164384,262.2
SPXW261231C07710000,2026-06-08 13:37:40+00:00,7710.0,305.45,250.2,252.4,0.0,0.0,10.0,206.0,0.1839986386108398,False,REGULAR,USD,2026-12-31,7332.16015625,0.0363499975204467,call,1.0515318590562872,0.5616438356164384,251.3
SPXW261231C07720000,2026-06-09 14:46:09+00:00,7720.0,277.79,249.8,251.3,-40.309998,-12.672114,10.0,24.0,0.1850505308628082,False,REGULAR,USD,2026-12-31,7332.16015625,0.0363499975204467,call,1.0528957136075925,0.5616438356164384,250.55
SPXW261231C07725000,2026-06-08 19:56:25+00:00,7725.0,279.36,245.6,247.9,0.0,0.0,22.0,91.0,0.184213213186264,False,REGULAR,USD,2026-12-31,7332.16015625,0.0363499975204467,call,1.053577640883245,0.5616438356164384,246.75
SPXW261231C07730000,2026-06-09 15:26:06+00:00,7730.0,252.98,241.0,242.5,-24.479996,-8.822892,705.0,1987.0,0.1824117404174804,False,REGULAR,USD,2026-12-31,7332.16015625,0.0363499975204467,call,1.0542595681588975,0.5616438356164384,241.75
SPXW261231C07740000,2026-06-08 20:11:28+00:00,7740.0,273.32,240.1,241.9,0.0,0.0,2.0,161.0,0.1836743925857544,False,REGULAR,USD,2026-12-31,7332.16015625,0.0363499975204467,call,1.0556234227102028,0.5616438356164384,241.0
SPXW261231C07750000,2026-06-05 20:11:31+00:00,7750.0,254.0,235.0,237.1,0.0,0.0,33.0,194.0,0.1829066924381255,False,REGULAR,USD,2026-12-31,7332.16015625,0.0363499975204467,call,1.056987277261508,0.5616438356164384,236.05
SPXW261231C07760000,2026-06-08 19:59:59+00:00,7760.0,263.4,230.8,234.4,0.0,0.0,13.0,67.0,0.183131757326126,False,REGULAR,USD,2026-12-31,7332.16015625,0.0363499975204467,call,1.0583511318128132,0.5616438356164384,232.6
SPXW261231C07770000,2026-05-12 19:48:19+00:00,7770.0,288.4,222.9,225.0,0.0,0.0,1.0,191.0,0.1800924276733398,False,REGULAR,USD,2026-12-31,7332.16015625,0.0363499975204467,call,1.0597149863641182,0.5616438356164384,223.95
SPXW261231C07775000,2026-06-09 14:13:39+00:00,7775.0,270.0,221.4,223.5,-53.799988,-16.615192,4.0,10.0,0.1801134082984924,False,REGULAR,USD,2026-12-31,7332.16015625,0.0363499975204467,call,1.0603969136397708,0.5616438356164384,222.45
SPXW261231C07780000,2026-06-05 18:23:25+00:00,7780.0,273.51,221.4,223.3,0.0,0.0,14.0,118.0,0.1807647613430023,False,REGULAR,USD,2026-12-31,7332.16015625,0.0363499975204467,call,1.0610788409154237,0.5616438356164384,222.35
SPXW261231C07790000,2026-06-01 18:59:35+00:00,7790.0,362.79,216.5,219.0,0.0,0.0,1.0,64.0,0.1801544158840179,False,REGULAR,USD,2026-12-31,7332.16015625,0.0363499975204467,call,1.0624426954667283,0.5616438356164384,217.75
SPXW261231C07800000,2026-06-09 15:05:46+00:00,7800.0,233.4,213.5,214.7,-10.600006,-4.344265,6.0,1891.0,0.179523089799881,False,REGULAR,USD,2026-12-31,7332.16015625,0.0363499975204467,call,1.0638065500180338,0.5616438356164384,214.1
SPXW261231C07810000,2026-06-08 13:30:02+00:00,7810.0,262.33,209.5,211.1,0.0,0.0,1.0,90.0,0.1792150560760498,False,REGULAR,USD,2026-12-31,7332.16015625,0.0363499975204467,call,1.0651704045693389,0.5616438356164384,210.3
SPXW261231C07820000,2026-06-08 19:42:24+00:00,7820.0,236.7,206.4,208.1,0.0,0.0,9.0,118.0,0.1791864461326598,False,REGULAR,USD,2026-12-31,7332.16015625,0.0363499975204467,call,1.066534259120644,0.5616438356164384,207.25
SPXW261231C07825000,2026-06-09 14:43:02+00:00,7825.0,238.2,199.8,201.7,-17.87999,-6.9821897,9.0,12.0,0.1767298056602478,False,REGULAR,USD,2026-12-31,7332.16015625,0.0363499975204467,call,1.0672161863962968,0.5616438356164384,200.75
SPXW261231C07830000,2026-06-08 19:51:33+00:00,7830.0,229.7,199.4,201.9,0.0,0.0,1.0,35.0,0.177547096376419,False,REGULAR,USD,2026-12-31,7332.16015625,0.0363499975204467,call,1.0678981136719492,0.5616438356164384,200.65
SPXW261231C07840000,2026-06-01 18:40:06+00:00,7840.0,335.41,191.1,197.1,0.0,0.0,8.0,151.0,0.1765772192955017,False,REGULAR,USD,2026-12-31,7332.16015625,0.0363499975204467,call,1.0692619682232545,0.5616438356164384,194.1
SPXW261231C07850000,2026-06-08 14:51:59+00:00,7850.0,244.06,190.7,192.5,0.0,0.0,1.0,90.0,0.175681728067398,False,REGULAR,USD,2026-12-31,7332.16015625,0.0363499975204467,call,1.0706258227745595,0.5616438356164384,191.6
SPXW261231C07860000,2026-06-05 18:16:14+00:00,7860.0,235.4,187.2,190.1,0.0,0.0,7.0,25.0,0.1758753220176697,False,REGULAR,USD,2026-12-31,7332.16015625,0.0363499975204467,call,1.0719896773258648,0.5616438356164384,188.65
SPXW261231C07870000,2026-06-08 19:42:24+00:00,7870.0,215.0,185.4,187.0,0.0,0.0,9.0,14.0,0.1756979403686523,False,REGULAR,USD,2026-12-31,7332.16015625,0.0363499975204467,call,1.07335353187717,0.5616438356164384,186.2
SPXW261231C07875000,2026-05-29 16:41:24+00:00,7875.0,307.53,184.3,185.7,0.0,0.0,1.0,4.0,0.1757294113063812,False,REGULAR,USD,2026-12-31,7332.16015625,0.0363499975204467,call,1.0740354591528225,0.5616438356164384,185.0
SPXW261231C07890000,2026-03-06 17:22:13+00:00,7890.0,71.5,33.5,34.9,0.0,0.0,2.0,0.0,0.0888686695098877,False,REGULAR,USD,2026-12-31,7332.16015625,0.0363499975204467,call,1.0760812409797804,0.5616438356164384,34.2
SPXW261231C07910000,2026-06-05 17:11:31+00:00,7910.0,222.8,168.2,170.4,0.0,0.0,2.0,16.0,0.1726223714542389,False,REGULAR,USD,2026-12-31,7332.16015625,0.0363499975204467,call,1.0788089500823907,0.5616438356164384,169.3
SPXW261231C07920000,2026-06-08 13:58:38+00:00,7920.0,203.48,164.7,166.4,0.0,0.0,10.0,34.0,0.171868976278305,False,REGULAR,USD,2026-12-31,7332.16015625,0.0363499975204467,call,1.0801728046336958,0.5616438356164384,165.55
SPXW261231C07930000,2026-06-05 18:05:36+00:00,7930.0,211.7,164.0,165.2,0.0,0.0,8.0,56.0,0.1725661052322388,False,REGULAR,USD,2026-12-31,7332.16015625,0.0363499975204467,call,1.081536659185001,0.5616438356164384,164.6
SPXW261231C07940000,2026-06-05 18:16:00+00:00,7940.0,201.1,157.6,159.4,0.0,0.0,2.0,114.0,0.1708151766967773,False,REGULAR,USD,2026-12-31,7332.16015625,0.0363499975204467,call,1.082900513736306,0.5616438356164384,158.5
SPXW261231C07950000,2026-06-08 19:20:25+00:00,7950.0,184.53,154.8,156.2,0.0,0.0,11.0,3496.0,0.1704146374893189,False,REGULAR,USD,2026-12-31,7332.16015625,0.0363499975204467,call,1.0842643682876114,0.5616438356164384,155.5
SPXW261231C07960000,2026-06-05 15:47:37+00:00,7960.0,214.5,151.7,153.4,0.0,0.0,2.0,9.0,0.1702086458969116,False,REGULAR,USD,2026-12-31,7332.16015625,0.0363499975204467,call,1.0856282228389165,0.5616438356164384,152.55
SPXW261231C07970000,2026-06-03 14:27:20+00:00,7970.0,253.7,151.2,152.7,0.0,0.0,1.0,22.0,0.1711184420967102,False,REGULAR,USD,2026-12-31,7332.16015625,0.0363499975204467,call,1.0869920773902215,0.5616438356164384,151.95
SPXW261231C07975000,2026-05-29 14:12:52+00:00,7975.0,263.9,146.7,149.2,0.0,0.0,18.0,33.0,0.1698624655818939,False,REGULAR,USD,2026-12-31,7332.16015625,0.0363499975204467,call,1.0876740046658744,0.5616438356164384,147.95
SPXW261231C07980000,2026-06-08 16:38:26+00:00,7980.0,181.1,144.9,146.3,0.0,0.0,2.0,8209.0,0.1689192911148072,False,REGULAR,USD,2026-12-31,7332.16015625,0.0363499975204467,call,1.0883559319415268,0.5616438356164384,145.60000000000002
SPXW261231C07985000,2026-05-08 16:06:14+00:00,7985.0,190.27,167.0,169.8,0.0,0.0,1.0,200.0,0.1822086098194122,False,REGULAR,USD,2026-12-31,7332.16015625,0.0363499975204467,call,1.0890378592171794,0.5616438356164384,168.4
SPXW261231C07990000,2026-06-08 16:03:04+00:00,7990.0,168.8,142.7,145.3,-12.899994,-7.0996113,1.0,9058.0,0.1696374006938934,False,REGULAR,USD,2026-12-31,7332.16015625,0.0363499975204467,call,1.089719786492832,0.5616438356164384,144.0
SPXW261231C07995000,2026-06-08 14:06:15+00:00,7995.0,177.23,142.2,143.8,0.0,0.0,5.0,105.0,0.1694438067436218,False,REGULAR,USD,2026-12-31,7332.16015625,0.0363499975204467,call,1.0904017137684847,0.5616438356164384,143.0
SPXW261231C08000000,2026-06-09 13:52:02+00:00,8000.0,154.56,138.6,139.6,-8.440002,-5.1779156,5.0,14225.0,0.1677491444301605,False,REGULAR,USD,2026-12-31,7332.16015625,0.0363499975204467,call,1.0910836410441371,0.5616438356164384,139.1
SPXW261231C08005000,2026-05-29 15:00:00+00:00,8005.0,241.03,137.0,138.5,0.0,0.0,10.0,89.0,0.1677615420722961,False,REGULAR,USD,2026-12-31,7332.16015625,0.0363499975204467,call,1.0917655683197898,0.5616438356164384,137.75
SPXW261231C08010000,2026-06-08 16:46:18+00:00,8010.0,171.2,136.2,138.0,0.0,0.0,3.0,11191.0,0.1681039077281952,False,REGULAR,USD,2026-12-31,7332.16015625,0.0363499975204467,call,1.0924474955954424,0.5616438356164384,137.1
SPXW261231C08015000,2026-06-09 14:43:42+00:00,8015.0,161.5,133.8,135.2,-77.8,-32.511494,1.0,14.0,0.1671569186019897,False,REGULAR,USD,2026-12-31,7332.16015625,0.0363499975204467,call,1.093129422871095,0.5616438356164384,134.5
SPXW261231C08020000,2026-06-08 14:06:15+00:00,8020.0,168.31,132.6,134.0,0.0,0.0,10.0,10252.0,0.1670987450504303,False,REGULAR,USD,2026-12-31,7332.16015625,0.0363499975204467,call,1.0938113501467477,0.5616438356164384,133.3
SPXW261231C08025000,2026-06-08 14:44:15+00:00,8025.0,167.8,133.3,134.3,0.0,0.0,1.0,102.0,0.1678817038345337,False,REGULAR,USD,2026-12-31,7332.16015625,0.0363499975204467,call,1.0944932774224,0.5616438356164384,133.8
SPXW261231C08030000,2026-06-01 17:44:02+00:00,8030.0,241.1,131.7,132.8,0.0,0.0,1.0,11759.0,0.1676471022987365,False,REGULAR,USD,2026-12-31,7332.16015625,0.0363499975204467,call,1.0951752046980527,0.5616438356164384,132.25
SPXW261231C08035000,2026-04-30 15:51:24+00:00,8035.0,94.7,150.0,152.7,0.0,0.0,2.0,52.0,0.1793485691452025,False,REGULAR,USD,2026-12-31,7332.16015625,0.0363499975204467,call,1.0958571319737054,0.5616438356164384,151.35
SPXW261231C08040000,2026-06-08 09:51:13+00:00,8040.0,158.8,127.7,129.3,0.0,0.0,6.0,48925.0,0.1668765411567688,False,REGULAR,USD,2026-12-31,7332.16015625,0.0363499975204467,call,1.0965390592493578,0.5616438356164384,128.5
SPXW261231C08045000,2026-06-08 19:02:56+00:00,8045.0,155.6,124.3,127.9,0.0,0.0,13.0,69.0,0.1666810398769379,False,REGULAR,USD,2026-12-31,7332.16015625,0.0363499975204467,call,1.0972209865250104,0.5616438356164384,126.1
SPXW261231C08050000,2026-06-09 15:11:58+00:00,8050.0,144.02,126.1,127.1,-5.0099945,-3.3617356,1.0,32506.0,0.166825043258667,False,REGULAR,USD,2026-12-31,7332.16015625,0.0363499975204467,call,1.097902913800663,0.5616438356164384,126.6
SPXW261231C08055000,2026-06-08 15:43:18+00:00,8055.0,161.48,122.3,123.7,0.0,0.0,8.0,90.0,0.1654632099533081,False,REGULAR,USD,2026-12-31,7332.16015625,0.0363499975204467,call,1.0985848410763157,0.5616438356164384,123.0
SPXW261231C08060000,2026-06-08 19:02:56+00:00,8060.0,150.7,122.2,123.3,0.0,0.0,10.0,14799.0,0.1658275098991394,False,REGULAR,USD,2026-12-31,7332.16015625,0.0363499975204467,call,1.0992667683519683,0.5616438356164384,122.75
SPXW261231C08065000,2026-06-08 19:02:56+00:00,8065.0,149.1,119.7,120.9,0.0,0.0,7.0,56.0,0.1650245241546631,False,REGULAR,USD,2026-12-31,7332.16015625,0.0363499975204467,call,1.0999486956276208,0.5616438356164384,120.3
SPXW261231C08070000,2026-06-08 16:01:32+00:00,8070.0,153.6,120.5,121.4,1.1000061,0.7213155,6.0,28847.0,0.1659095250701904,False,REGULAR,USD,2026-12-31,7332.16015625,0.0363499975204467,call,1.1006306229032734,0.5616438356164384,120.95
SPXW261231C08075000,2026-06-08 18:24:25+00:00,8075.0,147.72,117.1,118.4,0.0,0.0,3.0,50.0,0.1647403320503234,False,REGULAR,USD,2026-12-31,7332.16015625,0.0363499975204467,call,1.101312550178926,0.5616438356164384,117.75
SPXW261231C08080000,2026-06-08 09:53:06+00:00,8080.0,146.2,116.0,118.0,0.0,0.0,6.0,12981.0,0.1650922343540192,False,REGULAR,USD,2026-12-31,7332.16015625,0.0363499975204467,call,1.101994477454579,0.5616438356164384,117.0
SPXW261231C08085000,2026-05-19 14:03:57+00:00,8085.0,136.93,116.3,117.7,0.0,0.0,24.0,13.0,0.1655013565444946,False,REGULAR,USD,2026-12-31,7332.16015625,0.0363499975204467,call,1.102676404730231,0.5616438356164384,117.0
SPXW261231C08090000,2026-06-04 15:38:46+00:00,8090.0,199.45,114.2,116.6,0.0,0.0,1.0,17813.0,0.1654346000099182,False,REGULAR,USD,2026-12-31,7332.16015625,0.0363499975204467,call,1.1033583320058835,0.5616438356164384,115.4
SPXW261231C08095000,2026-06-05 18:26:07+00:00,8095.0,145.75,111.8,113.1,0.0,0.0,52.0,109.0,0.1639278096580505,False,REGULAR,USD,2026-12-31,7332.16015625,0.0363499975204467,call,1.1040402592815364,0.5616438356164384,112.45
SPXW261231C08100000,2026-06-09 15:11:58+00:00,8100.0,128.96,112.4,113.4,-9.73999,-7.0223436,3.0,41020.0,0.1646869268226623,False,REGULAR,USD,2026-12-31,7332.16015625,0.0363499975204467,call,1.104722186557189,0.5616438356164384,112.9
SPXW261231C08105000,2026-06-05 15:00:08+00:00,8105.0,168.9,109.4,111.5,0.0,0.0,1.0,31.0,0.1641204499435424,False,REGULAR,USD,2026-12-31,7332.16015625,0.0363499975204467,call,1.1054041138328414,0.5616438356164384,110.45
SPXW261231C08110000,2026-05-19 19:45:51+00:00,8110.0,128.96,110.6,111.7,0.0,0.0,10.0,16000.0,0.1648166252326965,False,REGULAR,USD,2026-12-31,7332.16015625,0.0363499975204467,call,1.106086041108494,0.5616438356164384,111.15
SPXW261231C08115000,2026-05-08 13:30:59+00:00,8115.0,135.3,125.6,128.3,0.0,0.0,2.0,2.0,0.175248764257431,False,REGULAR,USD,2026-12-31,7332.16015625,0.0363499975204467,call,1.1067679683841467,0.5616438356164384,126.95
SPXW261231C08120000,2026-06-08 15:16:24+00:00,8120.0,143.9,107.6,108.6,0.0,0.0,5.0,23782.0,0.1640784886932373,False,REGULAR,USD,2026-12-31,7332.16015625,0.0363499975204467,call,1.1074498956597991,0.5616438356164384,108.1
SPXW261231C08125000,2026-06-08 20:09:11+00:00,8125.0,125.11,103.9,109.6,0.0,0.0,1.0,67.0,0.1652591256904602,False,REGULAR,USD,2026-12-31,7332.16015625,0.0363499975204467,call,1.1081318229354518,0.5616438356164384,106.75
SPXW261231C08130000,2026-06-05 15:38:21+00:00,8130.0,152.97,103.1,104.5,0.0,0.0,1.0,28459.0,0.1626928137683868,False,REGULAR,USD,2026-12-31,7332.16015625,0.0363499975204467,call,1.1088137502111044,0.5616438356164384,103.8
SPXW261231C08135000,2026-06-05 19:24:28+00:00,8135.0,122.31,103.8,105.0,0.0,0.0,1.0,17.0,0.1635663707065582,False,REGULAR,USD,2026-12-31,7332.16015625,0.0363499975204467,call,1.109495677486757,0.5616438356164384,104.4
SPXW261231C08140000,2026-06-08 19:07:56+00:00,8140.0,126.13,102.5,103.4,0.0,0.0,1.0,20362.0,0.1631353142261505,False,REGULAR,USD,2026-12-31,7332.16015625,0.0363499975204467,call,1.1101776047624097,0.5616438356164384,102.95
SPXW261231C08150000,2026-06-09 15:11:58+00:00,8150.0,115.3,98.7,99.8,-8.169998,-6.6169906,4.0,41819.0,0.1619956848144531,False,REGULAR,USD,2026-12-31,7332.16015625,0.0363499975204467,call,1.1115414593137147,0.5616438356164384,99.25
SPXW261231C08160000,2026-06-05 17:47:08+00:00,8160.0,134.2,96.0,97.3,0.0,0.0,35005.0,45005.0,0.1615169450950622,False,REGULAR,USD,2026-12-31,7332.16015625,0.0363499975204467,call,1.11290531386502,0.5616438356164384,96.65
SPXW261231C08170000,2026-06-05 16:22:16+00:00,8170.0,135.74,93.8,94.8,0.0,0.0,35000.0,22396.0,0.1610124564266205,False,REGULAR,USD,2026-12-31,7332.16015625,0.0363499975204467,call,1.114269168416325,0.5616438356164384,94.3
SPXW261231C08175000,2026-06-02 14:35:59+00:00,8175.0,181.88,92.9,94.8,0.0,0.0,1.0,27.0,0.1615589063453674,False,REGULAR,USD,2026-12-31,7332.16015625,0.0363499975204467,call,1.1149510956919777,0.5616438356164384,93.85
SPXW261231C08180000,2026-06-05 17:40:52+00:00,8180.0,131.66,91.1,96.6,0.0,0.0,40003.0,57899.0,0.1632650126361847,False,REGULAR,USD,2026-12-31,7332.16015625,0.0363499975204467,call,1.1156330229676303,0.5616438356164384,93.85
SPXW261231C08190000,2026-06-05 16:22:16+00:00,8190.0,129.91,89.4,90.5,0.0,0.0,40004.0,42720.0,0.1603839913368225,False,REGULAR,USD,2026-12-31,7332.16015625,0.0363499975204467,call,1.1169968775189354,0.5616438356164384,89.95
SPXW261231C08200000,2026-06-09 15:28:19+00:00,8200.0,90.0,89.0,90.1,-20.720001,-18.713873,3.0,29726.0,0.1611955600643158,False,REGULAR,USD,2026-12-31,7332.16015625,0.0363499975204467,call,1.118360732070241,0.5616438356164384,89.55
SPXW261231C08210000,2026-06-04 15:31:49+00:00,8210.0,157.6,85.2,87.5,0.0,0.0,19.0,107.0,0.1605356240367889,False,REGULAR,USD,2026-12-31,7332.16015625,0.0363499975204467,call,1.1197245866215455,0.5616438356164384,86.35
SPXW261231C08220000,2026-06-04 15:32:02+00:00,8220.0,154.7,83.1,84.6,0.0,0.0,9.0,98.0,0.1596410864734649,False,REGULAR,USD,2026-12-31,7332.16015625,0.0363499975204467,call,1.121088441172851,0.5616438356164384,83.85
SPXW261231C08230000,2026-06-04 15:20:57+00:00,8230.0,150.4,81.0,82.4,0.0,0.0,7.0,59.0,0.1591900030326843,False,REGULAR,USD,2026-12-31,7332.16015625,0.0363499975204467,call,1.122452295724156,0.5616438356164384,81.7
SPXW261231C08240000,2026-06-04 16:31:14+00:00,8240.0,150.0,81.0,81.8,0.0,0.0,6.0,145.0,0.1598213291168212,False,REGULAR,USD,2026-12-31,7332.16015625,0.0363499975204467,call,1.1238161502754611,0.5616438356164384,81.4
SPXW261231C08250000,2026-06-09 14:45:44+00:00,8250.0,93.0,78.9,79.6,-18.830002,-16.83806,14.0,190.0,0.1593311454200744,False,REGULAR,USD,2026-12-31,7332.16015625,0.0363499975204467,call,1.1251800048267664,0.5616438356164384,79.25
SPXW261231C08260000,2026-06-02 18:21:22+00:00,8260.0,154.3,77.3,78.9,0.0,0.0,10.0,42.0,0.1598709196853637,False,REGULAR,USD,2026-12-31,7332.16015625,0.0363499975204467,call,1.1265438593780717,0.5616438356164384,78.1
SPXW261231C08270000,2026-06-09 13:42:34+00:00,8270.0,101.4,75.0,75.9,8.700005,9.3851185,14.0,67.0,0.1587684832000732,False,REGULAR,USD,2026-12-31,7332.16015625,0.0363499975204467,call,1.127907713929377,0.5616438356164384,75.45
SPXW261231C08280000,2026-06-08 19:14:24+00:00,8280.0,99.1,74.9,76.0,10.099998,11.348313,14.0,117.0,0.1598556610488891,False,REGULAR,USD,2026-12-31,7332.16015625,0.0363499975204467,call,1.129271568480682,0.5616438356164384,75.45
SPXW261231C08290000,2026-06-09 15:24:55+00:00,8290.0,76.2,69.9,71.0,-16.100006,-17.443127,4.0,142.0,0.1572330829048157,False,REGULAR,USD,2026-12-31,7332.16015625,0.0363499975204467,call,1.1306354230319873,0.5616438356164384,70.45
SPXW261231C08300000,2026-06-08 17:27:40+00:00,8300.0,82.6,69.3,70.6,-5.209999,-5.933264,16.0,365.0,0.157936887512207,False,REGULAR,USD,2026-12-31,7332.16015625,0.0363499975204467,call,1.1319992775832923,0.5616438356164384,69.94999999999999
SPXW261231C08350000,2026-06-08 19:44:13+00:00,8350.0,74.1,60.2,72.6,0.0,0.0,31.0,62.0,0.1643741247749328,False,REGULAR,USD,2026-12-31,7332.16015625,0.0363499975204467,call,1.1388185503398185,0.5616438356164384,66.4
SPXW261231C08400000,2026-06-08 13:39:41+00:00,8400.0,72.37,54.3,54.9,0.0,0.0,3.0,2008.0,0.1552017769241333,False,REGULAR,USD,2026-12-31,7332.16015625,0.0363499975204467,call,1.145637823096344,0.5616438356164384,54.6
SPXW261231C08450000,2026-06-08 11:10:54+00:00,8450.0,63.5,46.4,47.3,0.0,0.0,2.0,63.0,0.1531151583862305,False,REGULAR,USD,2026-12-31,7332.16015625,0.0363499975204467,call,1.15245709585287,0.5616438356164384,46.85
SPXW261231C08500000,2026-06-09 15:25:36+00:00,8500.0,44.5,41.9,42.7,-5.799999,-11.530814,6.0,2130.0,0.1532067102050781,False,REGULAR,USD,2026-12-31,7332.16015625,0.0363499975204467,call,1.159276368609396,0.5616438356164384,42.3
SPXW261231C08550000,2026-06-05 19:08:53+00:00,8550.0,46.23,36.5,37.6,0.0,0.0,1.0,41.0,0.1523655778694153,False,REGULAR,USD,2026-12-31,7332.16015625,0.0363499975204467,call,1.1660956413659216,0.5616438356164384,37.05
SPXW261231C08600000,2026-06-08 15:26:25+00:00,8600.0,46.1,30.8,32.5,0.0,0.0,5.0,985.0,0.1509636906433106,False,REGULAR,USD,2026-12-31,7332.16015625,0.0363499975204467,call,1.1729149141224475,0.5616438356164384,31.65
SPXW261231C08700000,2026-06-05 20:06:59+00:00,8700.0,28.65,24.3,25.1,0.0,0.0,4.0,108.0,0.1497830536460876,False,REGULAR,USD,2026-12-31,7332.16015625,0.0363499975204467,call,1.1865534596354992,0.5616438356164384,24.700000000000003
SPXW261231C08800000,2026-06-09 15:28:19+00:00,8800.0,18.8,18.1,18.7,-5.84,-23.7013,78.0,2655.0,0.1478700020980835,False,REGULAR,USD,2026-12-31,7332.16015625,0.0363499975204467,call,1.2001920051485508,0.5616438356164384,18.4
SPXW261231C08900000,2026-06-08 19:26:57+00:00,8900.0,18.4,13.6,14.3,0.94000053,5.3837376,4.0,110.0,0.1471375875473022,False,REGULAR,USD,2026-12-31,7332.16015625,0.0363499975204467,call,1.2138305506616027,0.5616438356164384,13.95
SPXW261231C09000000,2026-06-09 14:37:58+00:00,9000.0,14.4,10.9,11.4,1.0,7.462687,8.0,597.0,0.1477136010742187,False,REGULAR,USD,2026-12-31,7332.16015625,0.0363499975204467,call,1.2274690961746544,0.5616438356164384,11.15
SPX270115C07275000,2026-05-28 14:00:41+00:00,7275.0,669.99,523.3,529.0,0.0,0.0,1.0,258.0,0.2208482456970214,True,REGULAR,USD,2027-01-15,7332.16015625,0.0363499975204467,call,0.9922041860745124,0.6027397260273972,526.15
SPX270115C07300000,2026-06-08 16:00:01+00:00,7300.0,586.74,507.6,510.6,0.0,0.0,12.0,4854.0,0.2180158613014221,True,REGULAR,USD,2027-01-15,7332.16015625,0.0363499975204467,call,0.9956138224527752,0.6027397260273972,509.1
SPX270115C07325000,2026-05-26 15:05:37+00:00,7325.0,639.71,491.4,493.7,0.0,0.0,2.0,1767.0,0.2157699807453155,True,REGULAR,USD,2027-01-15,7332.16015625,0.0363499975204467,call,0.9990234588310382,0.6027397260273972,492.55
SPX270115C07350000,2026-06-08 19:48:47+00:00,7350.0,529.71,478.8,480.8,0.0,0.0,19.0,1476.0,0.215205411195755,False,REGULAR,USD,2027-01-15,7332.16015625,0.0363499975204467,call,1.002433095209301,0.6027397260273972,479.8
SPX270115C07375000,2026-05-28 15:06:14+00:00,7375.0,622.88,462.4,464.8,0.0,0.0,7.0,420.0,0.2131898406839371,False,REGULAR,USD,2027-01-15,7332.16015625,0.0363499975204467,call,1.005842731587564,0.6027397260273972,463.6
SPX270115C07400000,2026-06-09 13:38:14+00:00,7400.0,527.34,446.7,449.1,32.30002,6.5247293,5.0,5638.0,0.2112209997463225,False,REGULAR,USD,2027-01-15,7332.16015625,0.0363499975204467,call,1.009252367965827,0.6027397260273972,447.9
SPX270115C07425000,2026-06-08 19:30:09+00:00,7425.0,479.5,427.3,429.7,0.0,0.0,5.0,1009.0,0.2075398536968231,False,REGULAR,USD,2027-01-15,7332.16015625,0.0363499975204467,call,1.01266200434409,0.6027397260273972,428.5
SPX270115C07450000,2026-06-08 19:02:29+00:00,7450.0,505.0,412.8,415.2,33.0,6.9915257,1.0,2539.0,0.2059224382305144,False,REGULAR,USD,2027-01-15,7332.16015625,0.0363499975204467,call,1.016071640722353,0.6027397260273972,414.0
SPX270115C07475000,2026-06-08 17:12:06+00:00,7475.0,453.8,402.1,404.2,0.0,0.0,1.0,401.0,0.2057517322349548,False,REGULAR,USD,2027-01-15,7332.16015625,0.0363499975204467,call,1.0194812771006156,0.6027397260273972,403.15
SPX270115C07500000,2026-06-09 13:41:31+00:00,7500.0,459.3,386.6,389.4,27.149994,6.28254,171.0,8120.0,0.2038186537265777,False,REGULAR,USD,2027-01-15,7332.16015625,0.0363499975204467,call,1.0228909134788786,0.6027397260273972,388.0
SPX270115C07525000,2026-06-05 19:37:31+00:00,7525.0,420.21,368.5,371.6,0.0,0.0,44.0,361.0,0.2004665220260619,False,REGULAR,USD,2027-01-15,7332.16015625,0.0363499975204467,call,1.0263005498571416,0.6027397260273972,370.05
SPX270115C07550000,2026-06-08 18:59:44+00:00,7550.0,410.7,358.7,361.4,0.0,0.0,18.0,1235.0,0.2003692482185363,False,REGULAR,USD,2027-01-15,7332.16015625,0.0363499975204467,call,1.0297101862354046,0.6027397260273972,360.04999999999995
SPX270115C07575000,2026-06-08 17:12:08+00:00,7575.0,392.7,341.9,344.5,0.0,0.0,2.0,1378.0,0.1972107104682922,False,REGULAR,USD,2027-01-15,7332.16015625,0.0363499975204467,call,1.0331198226136675,0.6027397260273972,343.2
SPX270115C07600000,2026-06-09 14:52:08+00:00,7600.0,354.92,326.7,329.4,-16.919983,-4.5503397,24.0,4846.0,0.1947411955213546,False,REGULAR,USD,2027-01-15,7332.16015625,0.0363499975204467,call,1.0365294589919305,0.6027397260273972,328.04999999999995
SPX270115C07625000,2026-06-09 15:28:43+00:00,7625.0,319.17,317.1,319.8,-46.03,-12.604053,1.0,561.0,0.1946196032619476,False,REGULAR,USD,2027-01-15,7332.16015625,0.0363499975204467,call,1.0399390953701932,0.6027397260273972,318.45000000000005
SPX270115C07650000,2026-06-09 13:56:28+00:00,7650.0,374.42,300.7,303.7,24.52002,7.0077224,3.0,2706.0,0.1914858607959747,False,REGULAR,USD,2027-01-15,7332.16015625,0.0363499975204467,call,1.0433487317484562,0.6027397260273972,302.2
SPX270115C07675000,2026-06-09 15:11:59+00:00,7675.0,321.5,288.4,291.1,-14.700012,-4.3724008,4.0,495.0,0.189809318113327,False,REGULAR,USD,2027-01-15,7332.16015625,0.0363499975204467,call,1.0467583681267192,0.6027397260273972,289.75
SPX270115C07700000,2026-06-09 14:41:46+00:00,7700.0,324.31,284.2,290.6,-12.290009,-3.6512206,4.0,3747.0,0.1935143057823181,False,REGULAR,USD,2027-01-15,7332.16015625,0.0363499975204467,call,1.0501680045049822,0.6027397260273972,287.4
SPX270115C07725000,2026-06-08 19:36:18+00:00,7725.0,304.33,264.6,267.1,0.0,0.0,2.0,958.0,0.1866650853347778,False,REGULAR,USD,2027-01-15,7332.16015625,0.0363499975204467,call,1.053577640883245,0.6027397260273972,265.85
SPX270115C07750000,2026-06-08 19:36:18+00:00,7750.0,291.68,254.0,256.2,0.0,0.0,3.0,441.0,0.1854291357803344,False,REGULAR,USD,2027-01-15,7332.16015625,0.0363499975204467,call,1.056987277261508,0.6027397260273972,255.1
SPX270115C07775000,2026-06-08 16:15:32+00:00,7775.0,299.17,241.2,243.7,0.0,0.0,2.0,617.0,0.1833358415889739,False,REGULAR,USD,2027-01-15,7332.16015625,0.0363499975204467,call,1.0603969136397708,0.6027397260273972,242.45
SPX270115C07800000,2026-06-09 14:52:08+00:00,7800.0,253.46,231.9,234.4,-14.809982,-5.5205517,10.0,2850.0,0.1826158246803283,False,REGULAR,USD,2027-01-15,7332.16015625,0.0363499975204467,call,1.0638065500180338,0.6027397260273972,233.15
SPX270115C07825000,2026-06-08 16:31:30+00:00,7825.0,271.52,221.5,224.7,0.0,0.0,2.0,696.0,0.1816001716899871,False,REGULAR,USD,2027-01-15,7332.16015625,0.0363499975204467,call,1.0672161863962968,0.6027397260273972,223.1
SPX270115C07850000,2026-06-08 19:52:30+00:00,7850.0,242.2,209.5,211.9,0.0,0.0,20.0,1122.0,0.1789842691993713,False,REGULAR,USD,2027-01-15,7332.16015625,0.0363499975204467,call,1.0706258227745595,0.6027397260273972,210.7
SPX270115C07875000,2026-06-08 17:12:32+00:00,7875.0,238.57,199.6,202.0,0.0,0.0,47.0,1016.0,0.1776243432235718,False,REGULAR,USD,2027-01-15,7332.16015625,0.0363499975204467,call,1.0740354591528225,0.6027397260273972,200.8
SPX270115C07900000,2026-06-08 19:43:59+00:00,7900.0,222.99,193.8,195.4,0.0,0.0,4.0,1325.0,0.1777597636222839,False,REGULAR,USD,2027-01-15,7332.16015625,0.0363499975204467,call,1.0774450955310857,0.6027397260273972,194.6
SPX270115C07925000,2026-06-09 14:43:19+00:00,7925.0,215.77,181.3,183.2,-4.4299927,-2.011804,8.0,96.0,0.1750179773807525,False,REGULAR,USD,2027-01-15,7332.16015625,0.0363499975204467,call,1.0808547319093484,0.6027397260273972,182.25
SPX270115C07950000,2026-06-08 17:12:20+00:00,7950.0,194.01,172.3,174.1,-12.790009,-6.1847234,50.0,1826.0,0.1736733100414276,False,REGULAR,USD,2027-01-15,7332.16015625,0.0363499975204467,call,1.0842643682876114,0.6027397260273972,173.2
SPX270115C07975000,2026-06-08 18:34:51+00:00,7975.0,202.27,163.3,165.5,0.0,0.0,83.0,158.0,0.1724526191234589,False,REGULAR,USD,2027-01-15,7332.16015625,0.0363499975204467,call,1.0876740046658744,0.6027397260273972,164.4
SPX270115C08000000,2026-06-09 14:13:19+00:00,8000.0,185.07,155.5,158.5,3.4700012,1.9107935,81.0,7285.0,0.1719347791481018,False,REGULAR,USD,2027-01-15,7332.16015625,0.0363499975204467,call,1.0910836410441371,0.6027397260273972,157.0
SPX270115C08025000,2026-06-08 19:51:15+00:00,8025.0,176.27,147.6,149.3,3.5200043,2.0376291,77.0,1166.0,0.1701409356975555,False,REGULAR,USD,2027-01-15,7332.16015625,0.0363499975204467,call,1.0944932774224,0.6027397260273972,148.45
SPX270115C08050000,2026-06-08 13:55:14+00:00,8050.0,180.85,140.8,142.6,0.0,0.0,2.0,1245.0,0.1695410805511475,False,REGULAR,USD,2027-01-15,7332.16015625,0.0363499975204467,call,1.097902913800663,0.6027397260273972,141.7
SPX270115C08075000,2026-06-05 18:07:18+00:00,8075.0,176.65,133.2,135.5,0.0,0.0,7.0,91.0,0.1686064890670776,False,REGULAR,USD,2027-01-15,7332.16015625,0.0363499975204467,call,1.101312550178926,0.6027397260273972,134.35
SPX270115C08100000,2026-06-09 14:05:42+00:00,8100.0,151.74,128.2,129.7,-5.7299957,-3.6387856,2.0,1780.0,0.1682707990646362,False,REGULAR,USD,2027-01-15,7332.16015625,0.0363499975204467,call,1.104722186557189,0.6027397260273972,128.95
SPX270115C08125000,2026-06-05 19:40:24+00:00,8125.0,146.94,119.0,121.0,0.0,0.0,401.0,279.0,0.1661708292198181,False,REGULAR,USD,2027-01-15,7332.16015625,0.0363499975204467,call,1.1081318229354518,0.6027397260273972,120.0
SPX270115C08150000,2026-06-02 15:30:24+00:00,8150.0,216.98,114.3,115.8,0.0,0.0,2.0,508.0,0.165936227684021,False,REGULAR,USD,2027-01-15,7332.16015625,0.0363499975204467,call,1.1115414593137147,0.6027397260273972,115.05
SPX270115C08175000,2026-06-08 17:11:36+00:00,8175.0,131.6,106.4,108.3,0.0,0.0,10.0,38.0,0.1642224920749664,False,REGULAR,USD,2027-01-15,7332.16015625,0.0363499975204467,call,1.1149510956919777,0.6027397260273972,107.35
SPX270115C08200000,2026-06-09 10:36:54+00:00,8200.0,128.46,102.2,103.6,6.4600067,5.2950873,10.0,2130.0,0.1640508324146271,False,REGULAR,USD,2027-01-15,7332.16015625,0.0363499975204467,call,1.118360732070241,0.6027397260273972,102.9
SPX270115C08225000,2026-06-08 14:22:05+00:00,8225.0,122.04,94.9,96.9,0.0,0.0,1.0,315.0,0.1625240151023864,False,REGULAR,USD,2027-01-15,7332.16015625,0.0363499975204467,call,1.1217703684485036,0.6027397260273972,95.9
SPX270115C08250000,2026-06-08 17:12:19+00:00,8250.0,111.2,89.5,91.2,0.0,0.0,1.0,371.0,0.1614711691856384,False,REGULAR,USD,2027-01-15,7332.16015625,0.0363499975204467,call,1.1251800048267664,0.6027397260273972,90.35
SPX270115C08275000,2026-06-03 18:07:14+00:00,8275.0,155.63,86.4,87.8,0.0,0.0,40.0,85.0,0.1617896932220458,False,REGULAR,USD,2027-01-15,7332.16015625,0.0363499975204467,call,1.1285896412050294,0.6027397260273972,87.1
SPX270115C08300000,2026-06-08 16:48:10+00:00,8300.0,105.7,81.1,82.4,0.0,0.0,10.0,2274.0,0.1606777200889587,False,REGULAR,USD,2027-01-15,7332.16015625,0.0363499975204467,call,1.1319992775832923,0.6027397260273972,81.75
SPX270115C08325000,2026-06-04 18:11:47+00:00,8325.0,147.4,76.5,77.9,0.0,0.0,3.0,278.0,0.1600368573570251,False,REGULAR,USD,2027-01-15,7332.16015625,0.0363499975204467,call,1.1354089139615553,0.6027397260273972,77.2
SPX270115C08350000,2026-06-08 17:18:03+00:00,8350.0,96.62,70.8,72.1,6.5200043,7.2364087,50.0,245.0,0.1583355193901062,False,REGULAR,USD,2027-01-15,7332.16015625,0.0363499975204467,call,1.1388185503398185,0.6027397260273972,71.44999999999999
SPX270115C08375000,2026-06-08 15:00:19+00:00,8375.0,93.37,69.1,70.6,0.0,0.0,1.0,14.0,0.159609615535736,False,REGULAR,USD,2027-01-15,7332.16015625,0.0363499975204467,call,1.1422281867180812,0.6027397260273972,69.85
SPX270115C08400000,2026-06-08 17:39:32+00:00,8400.0,80.84,63.3,65.4,0.0,0.0,5.0,2719.0,0.1580665859222412,False,REGULAR,USD,2027-01-15,7332.16015625,0.0363499975204467,call,1.145637823096344,0.6027397260273972,64.35
SPX270115C08425000,2026-06-08 17:39:32+00:00,8425.0,76.34,60.0,61.4,0.0,0.0,2.0,1000.0,0.1572693221664428,False,REGULAR,USD,2027-01-15,7332.16015625,0.0363499975204467,call,1.149047459474607,0.6027397260273972,60.7
SPX270115C08475000,2026-06-08 17:18:09+00:00,8475.0,67.4,53.7,54.8,0.0,0.0,1.0,4.0,0.1564014872169494,False,REGULAR,USD,2027-01-15,7332.16015625,0.0363499975204467,call,1.155866732231133,0.6027397260273972,54.25
SPX270115C08500000,2026-06-08 17:18:20+00:00,8500.0,63.3,49.0,50.2,0.0,0.0,4.0,2228.0,0.1546600953292847,False,REGULAR,USD,2027-01-15,7332.16015625,0.0363499975204467,call,1.159276368609396,0.6027397260273972,49.6
SPX270115C08550000,2026-06-05 19:18:51+00:00,8550.0,54.0,43.1,44.5,0.0,0.0,150.0,150.0,0.153761743106842,False,REGULAR,USD,2027-01-15,7332.16015625,0.0363499975204467,call,1.1660956413659216,0.6027397260273972,43.8
SPX270115C08600000,2026-06-09 14:13:19+00:00,8600.0,51.9,38.7,39.9,4.140003,8.668348,1.0,8324.0,0.1534432190704346,False,REGULAR,USD,2027-01-15,7332.16015625,0.0363499975204467,call,1.1729149141224475,0.6027397260273972,39.3
SPX270115C08700000,2026-06-08 17:18:19+00:00,8700.0,38.9,30.1,31.2,0.0,0.0,61.0,2161.0,0.1520069999122619,False,REGULAR,USD,2027-01-15,7332.16015625,0.0363499975204467,call,1.1865534596354992,0.6027397260273972,30.65
SPX270115C08800000,2026-06-09 15:26:42+00:00,8800.0,24.52,22.4,23.5,-3.9799995,-13.9649105,36.0,1360.0,0.1497391850662232,False,REGULAR,USD,2027-01-15,7332.16015625,0.0363499975204467,call,1.2001920051485508,0.6027397260273972,22.95
SPX270115C08900000,2026-06-08 17:18:07+00:00,8900.0,23.6,17.8,18.9,0.0,0.0,21.0,410.0,0.1499299180221557,False,REGULAR,USD,2027-01-15,7332.16015625,0.0363499975204467,call,1.2138305506616027,0.6027397260273972,18.35
SPX270115C09000000,2026-06-09 15:02:27+00:00,9000.0,16.3,13.3,14.3,-0.88000107,-5.1222415,32.0,4341.0,0.148533752784729,False,REGULAR,USD,2027-01-15,7332.16015625,0.0363499975204467,call,1.2274690961746544,0.6027397260273972,13.8
SPX270115C09100000,2026-06-09 15:26:42+00:00,9100.0,11.32,10.1,11.2,-1.8800001,-14.242426,70.0,326.0,0.1483430198287963,False,REGULAR,USD,2027-01-15,7332.16015625,0.0363499975204467,call,1.241107641687706,0.6027397260273972,10.65
SPX270115C09200000,2026-06-08 15:04:25+00:00,9200.0,12.3,8.2,9.1,0.0,0.0,4.0,829.0,0.1491669861984252,False,REGULAR,USD,2027-01-15,7332.16015625,0.0363499975204467,call,1.2547461872007577,0.6027397260273972,8.649999999999999
SPX270115C09400000,2026-06-08 14:47:18+00:00,9400.0,7.6,4.9,5.6,0.0,0.0,12.0,641.0,0.1493310165405273,False,REGULAR,USD,2027-01-15,7332.16015625,0.0363499975204467,call,1.2820232782268612,0.6027397260273972,5.25
SPX270115C09600000,2026-06-05 18:14:19+00:00,9600.0,4.7,3.3,3.9,0.0,0.0,3.0,1262.0,0.1522148988342285,False,REGULAR,USD,2027-01-15,7332.16015625,0.0363499975204467,call,1.3093003692529646,0.6027397260273972,3.6
SPX270115C09800000,2026-06-08 14:52:21+00:00,9800.0,3.4,2.4,2.95,0.0,0.0,3.0,514.0,0.1564720584106445,False,REGULAR,USD,2027-01-15,7332.16015625,0.0363499975204467,call,1.336577460279068,0.6027397260273972,2.675
SPX270115C10000000,2026-06-09 15:21:05+00:00,10000.0,2.0,1.8,2.25,-0.28999996,-12.663754,1.0,1569.0,0.1605766316223144,False,REGULAR,USD,2027-01-15,7332.16015625,0.0363499975204467,call,1.3638545513051714,0.6027397260273972,2.025
SPX270115C11400000,2026-06-09 14:16:38+00:00,11400.0,0.55,0.5,0.65,-0.099999964,-13.333329,2.0,1817.0,0.1930622686767578,False,REGULAR,USD,2027-01-15,7332.16015625,0.0363499975204467,call,1.5547941884878955,0.6027397260273972,0.575
SPX270219C07275000,2026-05-11 17:39:05+00:00,7275.0,668.81,573.2,576.3,0.0,0.0,1.0,110.0,0.2246648121452331,True,REGULAR,USD,2027-02-19,7332.16015625,0.0363499975204467,call,0.9922041860745124,0.6986301369863014,574.75
SPX270219C07300000,2026-06-08 15:41:17+00:00,7300.0,641.01,556.6,559.4,0.0,0.0,4.0,1833.0,0.2226029888916015,True,REGULAR,USD,2027-02-19,7332.16015625,0.0363499975204467,call,0.9956138224527752,0.6986301369863014,558.0
SPX270219C07325000,2026-05-28 15:19:29+00:00,7325.0,704.22,539.1,542.1,0.0,0.0,1.0,614.0,0.2203108555936813,True,REGULAR,USD,2027-02-19,7332.16015625,0.0363499975204467,call,0.9990234588310382,0.6986301369863014,540.6
SPX270219C07350000,2026-06-08 19:47:51+00:00,7350.0,580.82,527.6,530.1,0.0,0.0,76.0,582.0,0.2201225067996978,False,REGULAR,USD,2027-02-19,7332.16015625,0.0363499975204467,call,1.002433095209301,0.6986301369863014,528.85
SPX270219C07375000,2026-05-29 14:06:48+00:00,7375.0,697.27,512.4,515.1,0.0,0.0,1.0,212.0,0.2186328824138641,False,REGULAR,USD,2027-02-19,7332.16015625,0.0363499975204467,call,1.005842731587564,0.6986301369863014,513.75
SPX270219C07400000,2026-06-08 15:10:40+00:00,7400.0,582.65,492.5,495.0,0.0,0.0,2.0,2875.0,0.2149879756259918,False,REGULAR,USD,2027-02-19,7332.16015625,0.0363499975204467,call,1.009252367965827,0.6986301369863014,493.75
SPX270219C07425000,2026-06-03 14:08:32+00:00,7425.0,651.28,485.6,488.1,0.0,0.0,1.0,78.0,0.2166626109790802,False,REGULAR,USD,2027-02-19,7332.16015625,0.0363499975204467,call,1.01266200434409,0.6986301369863014,486.85
SPX270219C07450000,2026-06-05 18:46:10+00:00,7450.0,522.25,464.9,467.8,0.0,0.0,2.0,4024.0,0.2127916856384277,False,REGULAR,USD,2027-02-19,7332.16015625,0.0363499975204467,call,1.016071640722353,0.6986301369863014,466.35
SPX270219C07475000,2026-06-08 14:00:56+00:00,7475.0,509.95,445.7,448.9,0.0,0.0,5.0,209.0,0.2094157123184203,False,REGULAR,USD,2027-02-19,7332.16015625,0.0363499975204467,call,1.0194812771006156,0.6986301369863014,447.3
SPX270219C07500000,2026-06-08 15:10:40+00:00,7500.0,516.63,431.0,433.5,0.0,0.0,2.0,4233.0,0.2073920356559753,False,REGULAR,USD,2027-02-19,7332.16015625,0.0363499975204467,call,1.0228909134788786,0.6986301369863014,432.25
SPX270219C07525000,2026-06-08 14:00:56+00:00,7525.0,478.79,416.7,420.3,0.0,0.0,5.0,553.0,0.206187080206871,False,REGULAR,USD,2027-02-19,7332.16015625,0.0363499975204467,call,1.0263005498571416,0.6986301369863014,418.5
SPX270219C07550000,2026-06-08 04:19:54+00:00,7550.0,454.96,405.8,408.8,0.0,0.0,1.0,1478.0,0.2055996227025985,False,REGULAR,USD,2027-02-19,7332.16015625,0.0363499975204467,call,1.0297101862354046,0.6986301369863014,407.3
SPX270219C07575000,2026-06-08 19:53:16+00:00,7575.0,434.15,393.4,396.1,0.0,0.0,1.0,150.0,0.2044413968276977,False,REGULAR,USD,2027-02-19,7332.16015625,0.0363499975204467,call,1.0331198226136675,0.6986301369863014,394.75
SPX270219C07600000,2026-06-05 18:01:34+00:00,7600.0,458.8,374.0,377.0,0.0,0.0,5.0,985.0,0.2005676104927062,False,REGULAR,USD,2027-02-19,7332.16015625,0.0363499975204467,call,1.0365294589919305,0.6986301369863014,375.5
SPX270219C07625000,2026-06-09 15:14:09+00:00,7625.0,392.49,361.1,364.0,4.8399963,1.248548,25.0,101.0,0.1991142253684997,False,REGULAR,USD,2027-02-19,7332.16015625,0.0363499975204467,call,1.0399390953701932,0.6986301369863014,362.55
SPX270219C07650000,2026-06-05 14:35:47+00:00,7650.0,462.9,346.8,350.2,0.0,0.0,7.0,235.0,0.1972421814060211,False,REGULAR,USD,2027-02-19,7332.16015625,0.0363499975204467,call,1.0433487317484562,0.6986301369863014,348.5
SPX270219C07675000,2026-05-21 19:33:35+00:00,7675.0,408.88,338.7,341.3,0.0,0.0,2.0,131.0,0.1973184745883942,False,REGULAR,USD,2027-02-19,7332.16015625,0.0363499975204467,call,1.0467583681267192,0.6986301369863014,340.0
SPX270219C07700000,2026-06-09 14:47:09+00:00,7700.0,354.63,329.7,332.0,-19.269989,-5.1537814,50.0,913.0,0.1971506295871734,False,REGULAR,USD,2027-02-19,7332.16015625,0.0363499975204467,call,1.0501680045049822,0.6986301369863014,330.85
SPX270219C07725000,2026-06-09 14:11:11+00:00,7725.0,366.24,313.3,316.0,-46.160004,-11.193018,75.0,207.0,0.1940922266387939,False,REGULAR,USD,2027-02-19,7332.16015625,0.0363499975204467,call,1.053577640883245,0.6986301369863014,314.65
SPX270219C07750000,2026-06-08 15:41:17+00:00,7750.0,360.84,297.0,300.0,0.0,0.0,2.0,349.0,0.1909222449111938,False,REGULAR,USD,2027-02-19,7332.16015625,0.0363499975204467,call,1.056987277261508,0.6986301369863014,298.5
SPX270219C07775000,2026-06-04 15:36:03+00:00,7775.0,355.22,286.7,290.6,-65.07999,-15.484175,3.0,397.0,0.1904444588565826,False,REGULAR,USD,2027-02-19,7332.16015625,0.0363499975204467,call,1.0603969136397708,0.6986301369863014,288.65
SPX270219C07800000,2026-06-08 19:47:51+00:00,7800.0,315.16,273.6,276.5,0.0,0.0,40.0,1822.0,0.1878686102867126,False,REGULAR,USD,2027-02-19,7332.16015625,0.0363499975204467,call,1.0638065500180338,0.6986301369863014,275.05
SPX270219C07825000,2026-06-08 16:31:30+00:00,7825.0,317.47,270.5,273.1,0.0,0.0,12.0,337.0,0.1897969204711914,False,REGULAR,USD,2027-02-19,7332.16015625,0.0363499975204467,call,1.0672161863962968,0.6986301369863014,271.8
SPX270219C07850000,2026-06-08 14:48:43+00:00,7850.0,310.7,251.5,254.4,0.0,0.0,4.0,275.0,0.1850209672546386,False,REGULAR,USD,2027-02-19,7332.16015625,0.0363499975204467,call,1.0706258227745595,0.6986301369863014,252.95
SPX270219C07875000,2026-06-04 19:50:01+00:00,7875.0,379.7,241.4,244.2,0.0,0.0,1.0,113.0,0.1838183959674835,False,REGULAR,USD,2027-02-19,7332.16015625,0.0363499975204467,call,1.0740354591528225,0.6986301369863014,242.8
SPX270219C07900000,2026-06-08 19:43:59+00:00,7900.0,266.59,233.6,236.0,0.0,0.0,4.0,256.0,0.1834045054531097,False,REGULAR,USD,2027-02-19,7332.16015625,0.0363499975204467,call,1.0774450955310857,0.6986301369863014,234.8
SPX270219C07925000,2026-06-03 17:13:02+00:00,7925.0,336.69,220.7,223.7,0.0,0.0,2.0,454.0,0.1810646889162063,False,REGULAR,USD,2027-02-19,7332.16015625,0.0363499975204467,call,1.0808547319093484,0.6986301369863014,222.2
SPX270219C07950000,2026-06-05 19:36:04+00:00,7950.0,248.4,214.0,216.2,0.0,0.0,8.0,293.0,0.1807762053203582,False,REGULAR,USD,2027-02-19,7332.16015625,0.0363499975204467,call,1.0842643682876114,0.6986301369863014,215.1
SPX270219C07975000,2026-06-05 18:46:10+00:00,7975.0,242.68,203.0,205.9,0.0,0.0,2.0,259.0,0.1791177822685241,False,REGULAR,USD,2027-02-19,7332.16015625,0.0363499975204467,call,1.0876740046658744,0.6986301369863014,204.45
SPX270219C08000000,2026-06-09 14:04:00+00:00,8000.0,229.23,195.5,197.4,-0.80000305,-0.34778205,44.0,4476.0,0.1781793761253357,False,REGULAR,USD,2027-02-19,7332.16015625,0.0363499975204467,call,1.0910836410441371,0.6986301369863014,196.45
SPX270219C08025000,2026-06-01 18:55:25+00:00,8025.0,312.87,187.0,189.0,0.0,0.0,50.0,116.0,0.1771866110897064,False,REGULAR,USD,2027-02-19,7332.16015625,0.0363499975204467,call,1.0944932774224,0.6986301369863014,188.0
SPX270219C08050000,2026-06-05 19:33:12+00:00,8050.0,206.87,180.5,183.2,0.0,0.0,2.0,332.0,0.1773296608066559,False,REGULAR,USD,2027-02-19,7332.16015625,0.0363499975204467,call,1.097902913800663,0.6986301369863014,181.85
SPX270219C08075000,2026-06-01 14:16:43+00:00,8075.0,272.7,169.6,171.7,0.0,0.0,1.0,30.0,0.1746422334575653,False,REGULAR,USD,2027-02-19,7332.16015625,0.0363499975204467,call,1.101312550178926,0.6986301369863014,170.64999999999998
SPX270219C08100000,2026-06-04 19:50:01+00:00,8100.0,270.5,160.1,162.6,0.0,0.0,5.0,682.0,0.1729752274227142,False,REGULAR,USD,2027-02-19,7332.16015625,0.0363499975204467,call,1.104722186557189,0.6986301369863014,161.35
SPX270219C08125000,2026-06-08 19:07:56+00:00,8125.0,180.12,152.6,154.9,-3.8099976,-2.071439,1.0,19.0,0.1718785129261017,False,REGULAR,USD,2027-02-19,7332.16015625,0.0363499975204467,call,1.1081318229354518,0.6986301369863014,153.75
SPX270219C08150000,2026-06-05 14:21:18+00:00,8150.0,216.99,147.4,149.2,0.0,0.0,5.0,297.0,0.1716877799701691,False,REGULAR,USD,2027-02-19,7332.16015625,0.0363499975204467,call,1.1115414593137147,0.6986301369863014,148.3
SPX270219C08175000,2026-06-08 15:14:51+00:00,8175.0,180.74,137.5,139.6,0.0,0.0,8.0,110.0,0.169389447851181,False,REGULAR,USD,2027-02-19,7332.16015625,0.0363499975204467,call,1.1149510956919777,0.6986301369863014,138.55
SPX270219C08200000,2026-06-09 14:04:00+00:00,8200.0,170.6,133.7,135.3,8.100006,4.984619,38.0,1553.0,0.1697318135070801,False,REGULAR,USD,2027-02-19,7332.16015625,0.0363499975204467,call,1.118360732070241,0.6986301369863014,134.5
SPX270219C08225000,2026-06-05 15:20:29+00:00,8225.0,181.75,124.3,126.1,0.0,0.0,4.0,78.0,0.1673686321830749,False,REGULAR,USD,2027-02-19,7332.16015625,0.0363499975204467,call,1.1217703684485036,0.6986301369863014,125.2
SPX270219C08250000,2026-06-04 17:02:05+00:00,8250.0,205.47,118.1,119.9,0.0,0.0,3.0,498.0,0.1664855385971069,False,REGULAR,USD,2027-02-19,7332.16015625,0.0363499975204467,call,1.1251800048267664,0.6986301369863014,119.0
SPX270219C08275000,2026-06-04 19:32:32+00:00,8275.0,204.0,114.6,116.2,0.0,0.0,1.0,94.0,0.1668917997932434,False,REGULAR,USD,2027-02-19,7332.16015625,0.0363499975204467,call,1.1285896412050294,0.6986301369863014,115.4
SPX270219C08300000,2026-06-09 13:56:15+00:00,8300.0,143.69,110.4,112.0,2.930008,2.081563,4.0,1787.0,0.1669490196800232,False,REGULAR,USD,2027-02-19,7332.16015625,0.0363499975204467,call,1.1319992775832923,0.6986301369863014,111.2
SPX270219C08325000,2026-06-04 19:50:01+00:00,8325.0,185.0,101.1,103.1,0.0,0.0,99.0,254.0,0.1641814844894409,False,REGULAR,USD,2027-02-19,7332.16015625,0.0363499975204467,call,1.1354089139615553,0.6986301369863014,102.1
SPX270219C08350000,2026-06-08 16:02:16+00:00,8350.0,124.1,96.5,98.3,0.0,0.0,1.0,143.0,0.1636684128379822,False,REGULAR,USD,2027-02-19,7332.16015625,0.0363499975204467,call,1.1388185503398185,0.6986301369863014,97.4
SPX270219C08375000,2026-06-09 14:38:17+00:00,8375.0,113.7,92.2,94.1,-2.300003,-1.9827613,6.0,81.0,0.1634223673248291,False,REGULAR,USD,2027-02-19,7332.16015625,0.0363499975204467,call,1.1422281867180812,0.6986301369863014,93.15
SPX270219C08400000,2026-06-09 14:04:00+00:00,8400.0,115.55,86.3,88.2,10.350006,9.838409,38.0,1421.0,0.1620166654396057,False,REGULAR,USD,2027-02-19,7332.16015625,0.0363499975204467,call,1.145637823096344,0.6986301369863014,87.25
SPX270219C08500000,2026-06-09 14:16:16+00:00,8500.0,87.77,71.3,72.8,-14.010002,-13.764986,2.0,1181.0,0.1605461143493652,False,REGULAR,USD,2027-02-19,7332.16015625,0.0363499975204467,call,1.159276368609396,0.6986301369863014,72.05
SPX270219C08550000,2026-06-01 20:03:39+00:00,8550.0,125.06,62.6,63.7,0.0,0.0,27.0,62.0,0.1581686280536651,False,REGULAR,USD,2027-02-19,7332.16015625,0.0363499975204467,call,1.1660956413659216,0.6986301369863014,63.150000000000006
SPX270219C08600000,2026-06-08 13:58:05+00:00,8600.0,72.42,56.8,57.7,0.0,0.0,17.0,790.0,0.1576183634757995,False,REGULAR,USD,2027-02-19,7332.16015625,0.0363499975204467,call,1.1729149141224475,0.6986301369863014,57.25
SPX270219C08700000,2026-06-08 16:24:43+00:00,8700.0,60.0,43.9,45.4,0.0,0.0,1.0,617.0,0.1550377465820313,False,REGULAR,USD,2027-02-19,7332.16015625,0.0363499975204467,call,1.1865534596354992,0.6986301369863014,44.65
SPX270219C08800000,2026-06-09 13:39:02+00:00,8800.0,48.6,35.7,36.5,1.8899994,4.0462418,20.0,2100.0,0.1538151483345032,False,REGULAR,USD,2027-02-19,7332.16015625,0.0363499975204467,call,1.2001920051485508,0.6986301369863014,36.1
SPX270219C08900000,2026-06-08 13:30:12+00:00,8900.0,39.7,28.0,28.9,0.0,0.0,2.0,1032.0,0.1523789291763306,False,REGULAR,USD,2027-02-19,7332.16015625,0.0363499975204467,call,1.2138305506616027,0.6986301369863014,28.45
SPX270219C09000000,2026-06-05 19:21:31+00:00,9000.0,27.33,21.9,22.7,0.0,0.0,20.0,513.0,0.1510209105300903,False,REGULAR,USD,2027-02-19,7332.16015625,0.0363499975204467,call,1.2274690961746544,0.6986301369863014,22.3
SPX270219C09100000,2026-06-08 19:53:16+00:00,9100.0,21.34,17.6,18.6,0.0,0.0,1.0,60.0,0.151188755531311,False,REGULAR,USD,2027-02-19,7332.16015625,0.0363499975204467,call,1.241107641687706,0.6986301369863014,18.1
SPX270219C09200000,2026-06-04 14:31:19+00:00,9200.0,27.33,13.2,14.1,0.0,0.0,2.0,337.0,0.1493272018814087,False,REGULAR,USD,2027-02-19,7332.16015625,0.0363499975204467,call,1.2547461872007577,0.6986301369863014,13.65
SPX270219C09300000,2026-06-05 13:46:26+00:00,9300.0,19.55,10.2,11.3,0.0,0.0,22.0,12.0,0.1491975034713745,False,REGULAR,USD,2027-02-19,7332.16015625,0.0363499975204467,call,1.2683847327138096,0.6986301369863014,10.75
SPX270219C09400000,2026-06-04 08:58:43+00:00,9400.0,12.4,8.3,9.1,-4.800001,-27.906982,3.0,566.0,0.1492852406311035,False,REGULAR,USD,2027-02-19,7332.16015625,0.0363499975204467,call,1.2820232782268612,0.6986301369863014,8.7
SPX270219C09600000,2026-06-05 19:28:13+00:00,9600.0,7.1,5.4,6.4,0.0,0.0,2.0,141.0,0.1514100057601928,False,REGULAR,USD,2027-02-19,7332.16015625,0.0363499975204467,call,1.3093003692529646,0.6986301369863014,5.9
SPX270219C09800000,2026-06-05 13:41:21+00:00,9800.0,6.85,3.7,4.5,0.0,0.0,2.0,63.0,0.1534355897521973,False,REGULAR,USD,2027-02-19,7332.16015625,0.0363499975204467,call,1.336577460279068,0.6986301369863014,4.1
SPX270219C10000000,2026-06-08 14:22:07+00:00,10000.0,3.6,2.75,3.5,0.0,0.0,1.0,1153.0,0.1573265420532226,False,REGULAR,USD,2027-02-19,7332.16015625,0.0363499975204467,call,1.3638545513051714,0.6986301369863014,3.125
SPX270219C10200000,2026-06-04 14:10:02+00:00,10200.0,3.58,2.0,2.65,0.0,0.0,2.0,268.0,0.1604240452575683,False,REGULAR,USD,2027-02-19,7332.16015625,0.0363499975204467,call,1.391131642331275,0.6986301369863014,2.325
SPX270319C07275000,2026-06-08 14:09:44+00:00,7275.0,676.9,612.6,615.9,-13.539978,-1.9610652,7.0,201.0,0.2288485395336151,True,REGULAR,USD,2027-03-19,7332.16015625,0.0363499975204467,call,0.9922041860745124,0.7753424657534247,614.25
SPX270319C07300000,2026-06-09 14:57:16+00:00,7300.0,628.03,599.8,602.0,-22.099976,-3.3993163,129.0,2826.0,0.2280245731639862,True,REGULAR,USD,2027-03-19,7332.16015625,0.0363499975204467,call,0.9956138224527752,0.7753424657534247,600.9
SPX270319C07325000,2026-06-08 15:48:38+00:00,7325.0,664.57,587.3,589.7,0.0,0.0,8.0,935.0,0.2277623153495788,True,REGULAR,USD,2027-03-19,7332.16015625,0.0363499975204467,call,0.9990234588310382,0.7753424657534247,588.5
SPX270319C07350000,2026-06-08 19:44:44+00:00,7350.0,616.64,562.2,566.3,0.0,0.0,82.0,1660.0,0.2231170142078399,False,REGULAR,USD,2027-03-19,7332.16015625,0.0363499975204467,call,1.002433095209301,0.7753424657534247,564.25
SPX270319C07375000,2026-06-09 14:44:08+00:00,7375.0,599.74,548.0,551.0,-1.4400024,-0.23952934,2.0,535.0,0.2215663552761077,False,REGULAR,USD,2027-03-19,7332.16015625,0.0363499975204467,call,1.005842731587564,0.7753424657534247,549.5
SPX270319C07400000,2026-06-09 14:37:08+00:00,7400.0,592.51,535.6,537.9,7.76001,1.3270645,10.0,3311.0,0.2208062844467163,False,REGULAR,USD,2027-03-19,7332.16015625,0.0363499975204467,call,1.009252367965827,0.7753424657534247,536.75
SPX270319C07425000,2026-06-08 16:17:05+00:00,7425.0,595.59,514.9,517.4,0.0,0.0,4.0,931.0,0.2171117870903015,False,REGULAR,USD,2027-03-19,7332.16015625,0.0363499975204467,call,1.01266200434409,0.7753424657534247,516.15
SPX270319C07450000,2026-06-08 19:46:10+00:00,7450.0,551.93,500.1,503.2,0.0,0.0,14.0,629.0,0.2157957296943664,False,REGULAR,USD,2027-03-19,7332.16015625,0.0363499975204467,call,1.016071640722353,0.7753424657534247,501.65
SPX270319C07475000,2026-06-08 19:47:16+00:00,7475.0,537.89,484.9,487.7,0.0,0.0,10.0,5120.0,0.2139103344249725,False,REGULAR,USD,2027-03-19,7332.16015625,0.0363499975204467,call,1.0194812771006156,0.7753424657534247,486.3
SPX270319C07500000,2026-06-09 14:29:46+00:00,7500.0,529.09,471.3,473.9,8.190002,1.5722791,130.0,10662.0,0.2126157344865799,False,REGULAR,USD,2027-03-19,7332.16015625,0.0363499975204467,call,1.0228909134788786,0.7753424657534247,472.6
SPX270319C07525000,2026-05-28 14:55:48+00:00,7525.0,598.25,461.5,463.8,0.0,0.0,64.0,373.0,0.2126886898422241,False,REGULAR,USD,2027-03-19,7332.16015625,0.0363499975204467,call,1.0263005498571416,0.7753424657534247,462.65
SPX270319C07550000,2026-06-05 19:54:04+00:00,7550.0,497.0,440.9,443.5,0.0,0.0,320.0,2541.0,0.2087324115037917,False,REGULAR,USD,2027-03-19,7332.16015625,0.0363499975204467,call,1.0297101862354046,0.7753424657534247,442.2
SPX270319C07575000,2026-05-29 15:29:35+00:00,7575.0,594.2,428.2,431.4,0.0,0.0,1.0,199.0,0.2078888950061797,False,REGULAR,USD,2027-03-19,7332.16015625,0.0363499975204467,call,1.0331198226136675,0.7753424657534247,429.8
SPX270319C07600000,2026-06-08 17:31:29+00:00,7600.0,475.3,412.1,414.6,0.0,0.0,155.0,6677.0,0.2051423404407501,False,REGULAR,USD,2027-03-19,7332.16015625,0.0363499975204467,call,1.0365294589919305,0.7753424657534247,413.35
SPX270319C07625000,2026-06-08 17:21:38+00:00,7625.0,454.13,402.1,404.7,0.0,0.0,2.0,216.0,0.2050131188631057,False,REGULAR,USD,2027-03-19,7332.16015625,0.0363499975204467,call,1.0399390953701932,0.7753424657534247,403.4
SPX270319C07650000,2026-06-08 15:10:33+00:00,7650.0,463.59,389.6,391.7,0.0,0.0,10.0,1427.0,0.2036012181568145,False,REGULAR,USD,2027-03-19,7332.16015625,0.0363499975204467,call,1.0433487317484562,0.7753424657534247,390.65
SPX270319C07675000,2026-06-08 17:26:48+00:00,7675.0,425.98,372.2,375.6,0.0,0.0,26.0,984.0,0.2008947175121307,False,REGULAR,USD,2027-03-19,7332.16015625,0.0363499975204467,call,1.0467583681267192,0.7753424657534247,373.9
SPX270319C07700000,2026-06-09 14:57:16+00:00,7700.0,385.17,362.3,364.8,-28.629974,-6.9187956,124.0,3676.0,0.2001928202342986,False,REGULAR,USD,2027-03-19,7332.16015625,0.0363499975204467,call,1.0501680045049822,0.7753424657534247,363.55
SPX270319C07725000,2026-06-08 19:52:37+00:00,7725.0,386.48,345.3,348.7,0.0,0.0,135.0,798.0,0.1973175209236145,False,REGULAR,USD,2027-03-19,7332.16015625,0.0363499975204467,call,1.053577640883245,0.7753424657534247,347.0
SPX270319C07750000,2026-06-09 14:44:08+00:00,7750.0,374.1,334.3,337.5,-0.9499817,-0.25329468,6.0,2975.0,0.1963009142684936,False,REGULAR,USD,2027-03-19,7332.16015625,0.0363499975204467,call,1.056987277261508,0.7753424657534247,335.9
SPX270319C07775000,2026-06-08 17:32:34+00:00,7775.0,374.5,325.4,328.3,0.0,0.0,1.0,147.0,0.1960062318515777,False,REGULAR,USD,2027-03-19,7332.16015625,0.0363499975204467,call,1.0603969136397708,0.7753424657534247,326.85
SPX270319C07800000,2026-06-08 19:43:12+00:00,7800.0,369.7,313.1,315.4,20.02002,5.72524,1.0,6376.0,0.194151353855133,False,REGULAR,USD,2027-03-19,7332.16015625,0.0363499975204467,call,1.0638065500180338,0.7753424657534247,314.25
SPX270319C07825000,2026-06-08 19:34:09+00:00,7825.0,326.86,299.9,302.1,-11.610016,-3.4301462,50.0,151.0,0.1920447083568573,False,REGULAR,USD,2027-03-19,7332.16015625,0.0363499975204467,call,1.0672161863962968,0.7753424657534247,301.0
SPX270319C07850000,2026-06-08 19:46:10+00:00,7850.0,325.43,288.0,290.9,0.0,0.0,16.0,2267.0,0.1906990873527526,False,REGULAR,USD,2027-03-19,7332.16015625,0.0363499975204467,call,1.0706258227745595,0.7753424657534247,289.45
SPX270319C07875000,2026-06-08 19:47:16+00:00,7875.0,314.89,275.7,278.4,0.0,0.0,262.0,396.0,0.1887326305770874,False,REGULAR,USD,2027-03-19,7332.16015625,0.0363499975204467,call,1.0740354591528225,0.7753424657534247,277.04999999999995
SPX270319C07900000,2026-06-09 14:45:15+00:00,7900.0,299.9,265.9,268.4,-2.850006,-0.9413728,4.0,3023.0,0.1877036262798309,False,REGULAR,USD,2027-03-19,7332.16015625,0.0363499975204467,call,1.0774450955310857,0.7753424657534247,267.15
SPX270319C07925000,2026-06-08 16:42:54+00:00,7925.0,302.8,254.4,257.0,0.0,0.0,1.0,66.0,0.1860041956424712,False,REGULAR,USD,2027-03-19,7332.16015625,0.0363499975204467,call,1.0808547319093484,0.7753424657534247,255.7
SPX270319C07950000,2026-06-08 16:14:02+00:00,7950.0,296.28,248.7,251.4,0.0,0.0,3.0,1959.0,0.1866555486869812,False,REGULAR,USD,2027-03-19,7332.16015625,0.0363499975204467,call,1.0842643682876114,0.7753424657534247,250.05
SPX270319C07975000,2026-06-08 17:21:38+00:00,7975.0,275.49,237.0,239.6,0.0,0.0,2.0,27.0,0.1846099377346038,False,REGULAR,USD,2027-03-19,7332.16015625,0.0363499975204467,call,1.0876740046658744,0.7753424657534247,238.3
SPX270319C08000000,2026-06-09 15:16:10+00:00,8000.0,248.23,226.0,228.1,-10.849991,-4.187892,47.0,15049.0,0.1825843537425995,False,REGULAR,USD,2027-03-19,7332.16015625,0.0363499975204467,call,1.0910836410441371,0.7753424657534247,227.05
SPX270319C08025000,2026-06-09 15:16:10+00:00,8025.0,238.37,216.3,219.8,-10.360001,-4.165159,57.0,1503.0,0.1818414488792419,False,REGULAR,USD,2027-03-19,7332.16015625,0.0363499975204467,call,1.0944932774224,0.7753424657534247,218.05
SPX270319C08050000,2026-06-05 15:01:55+00:00,8050.0,287.36,206.2,208.3,0.0,0.0,50.0,1654.0,0.179602243976593,False,REGULAR,USD,2027-03-19,7332.16015625,0.0363499975204467,call,1.097902913800663,0.7753424657534247,207.25
SPX270319C08075000,2026-06-05 15:16:03+00:00,8075.0,270.52,197.5,200.8,0.0,0.0,2.0,46.0,0.1790281377792358,False,REGULAR,USD,2027-03-19,7332.16015625,0.0363499975204467,call,1.101312550178926,0.7753424657534247,199.15
SPX270319C08100000,2026-06-05 19:57:13+00:00,8100.0,224.6,190.0,192.1,0.0,0.0,2.0,2995.0,0.1778293811511993,False,REGULAR,USD,2027-03-19,7332.16015625,0.0363499975204467,call,1.104722186557189,0.7753424657534247,191.05
SPX270319C08125000,2026-06-08 17:21:38+00:00,8125.0,215.55,180.4,182.7,0.0,0.0,40.0,59.0,0.1762091046905517,False,REGULAR,USD,2027-03-19,7332.16015625,0.0363499975204467,call,1.1081318229354518,0.7753424657534247,181.55
SPX270319C08150000,2026-06-08 15:39:56+00:00,8150.0,217.4,172.7,175.1,0.0,0.0,1.0,379.0,0.1753136134624481,False,REGULAR,USD,2027-03-19,7332.16015625,0.0363499975204467,call,1.1115414593137147,0.7753424657534247,173.89999999999998
SPX270319C08175000,2026-06-05 19:08:55+00:00,8175.0,195.17,164.8,167.0,0.0,0.0,18.0,67.0,0.1740872005558014,False,REGULAR,USD,2027-03-19,7332.16015625,0.0363499975204467,call,1.1149510956919777,0.7753424657534247,165.9
SPX270319C08200000,2026-06-09 14:53:57+00:00,8200.0,172.2,157.8,159.7,-11.449997,-6.2346845,6.0,7404.0,0.1731402114295959,False,REGULAR,USD,2027-03-19,7332.16015625,0.0363499975204467,call,1.118360732070241,0.7753424657534247,158.75
SPX270319C08225000,2026-06-04 17:24:05+00:00,8225.0,247.33,154.9,156.8,0.0,0.0,3.0,33.0,0.1742388332557678,False,REGULAR,USD,2027-03-19,7332.16015625,0.0363499975204467,call,1.1217703684485036,0.7753424657534247,155.85000000000002
SPX270319C08250000,2026-06-09 14:49:02+00:00,8250.0,158.56,143.9,145.6,-15.369995,-8.836886,6.0,372.0,0.1711947352790832,False,REGULAR,USD,2027-03-19,7332.16015625,0.0363499975204467,call,1.1251800048267664,0.7753424657534247,144.75
SPX270319C08275000,2026-06-08 17:33:10+00:00,8275.0,167.9,137.0,139.0,0.0,0.0,90.0,236.0,0.1702973367214203,False,REGULAR,USD,2027-03-19,7332.16015625,0.0363499975204467,call,1.1285896412050294,0.7753424657534247,138.0
SPX270319C08300000,2026-06-09 14:42:12+00:00,8300.0,158.6,131.5,134.5,3.4500122,2.2236624,25.0,5147.0,0.1703812592220306,False,REGULAR,USD,2027-03-19,7332.16015625,0.0363499975204467,call,1.1319992775832923,0.7753424657534247,133.0
SPX270319C08325000,2026-06-01 17:53:44+00:00,8325.0,222.6,128.6,130.6,0.0,0.0,2.0,1457.0,0.1707102735710144,False,REGULAR,USD,2027-03-19,7332.16015625,0.0363499975204467,call,1.1354089139615553,0.7753424657534247,129.6
SPX270319C08350000,2026-06-08 17:21:38+00:00,8350.0,144.71,118.9,120.8,0.0,0.0,6.0,337.0,0.1678416499137879,False,REGULAR,USD,2027-03-19,7332.16015625,0.0363499975204467,call,1.1388185503398185,0.7753424657534247,119.85
SPX270319C08375000,2026-06-08 13:57:15+00:00,8375.0,142.87,113.0,115.1,0.0,0.0,2.0,26.0,0.1670214982032776,False,REGULAR,USD,2027-03-19,7332.16015625,0.0363499975204467,call,1.1422281867180812,0.7753424657534247,114.05
SPX270319C08400000,2026-06-08 17:24:52+00:00,8400.0,131.0,107.7,109.5,0.0,0.0,394.0,7011.0,0.1661555705833435,False,REGULAR,USD,2027-03-19,7332.16015625,0.0363499975204467,call,1.145637823096344,0.7753424657534247,108.6
SPX270319C08425000,2026-06-09 14:22:09+00:00,8425.0,123.6,104.1,105.4,-7.4000015,-5.6488557,24.0,188.0,0.1660401771450043,False,REGULAR,USD,2027-03-19,7332.16015625,0.0363499975204467,call,1.149047459474607,0.7753424657534247,104.75
SPX270319C08450000,2026-06-02 19:03:52+00:00,8450.0,180.68,98.1,99.7,0.0,0.0,6.0,19.0,0.1649215283584594,False,REGULAR,USD,2027-03-19,7332.16015625,0.0363499975204467,call,1.15245709585287,0.7753424657534247,98.9
SPX270319C08475000,2026-06-05 16:26:44+00:00,8475.0,131.23,94.7,96.0,0.0,0.0,3.0,20.0,0.164874798784256,False,REGULAR,USD,2027-03-19,7332.16015625,0.0363499975204467,call,1.155866732231133,0.7753424657534247,95.35
SPX270319C08500000,2026-06-09 14:16:16+00:00,8500.0,109.32,88.7,91.6,4.3399963,4.134117,11.0,6666.0,0.1643321635246276,False,REGULAR,USD,2027-03-19,7332.16015625,0.0363499975204467,call,1.159276368609396,0.7753424657534247,90.15
SPX270319C08550000,2026-06-08 16:49:58+00:00,8550.0,101.7,79.6,80.9,0.0,0.0,10.0,22.0,0.1617496393013,False,REGULAR,USD,2027-03-19,7332.16015625,0.0363499975204467,call,1.1660956413659216,0.7753424657534247,80.25
SPX270319C08575000,2026-06-04 15:30:57+00:00,8575.0,134.5,75.7,77.0,0.0,0.0,65.0,107.0,0.1612098650360107,False,REGULAR,USD,2027-03-19,7332.16015625,0.0363499975204467,call,1.1695052777441846,0.7753424657534247,76.35
SPX270319C08600000,2026-06-04 13:50:21+00:00,8600.0,119.5,71.8,73.1,0.0,0.0,3.0,2482.0,0.1605766316223144,False,REGULAR,USD,2027-03-19,7332.16015625,0.0363499975204467,call,1.1729149141224475,0.7753424657534247,72.44999999999999
SPX270319C08700000,2026-06-09 14:15:13+00:00,8700.0,75.0,58.3,59.2,5.300003,7.604022,4.0,2038.0,0.1582487358951568,False,REGULAR,USD,2027-03-19,7332.16015625,0.0363499975204467,call,1.1865534596354992,0.7753424657534247,58.75
SPX270319C08800000,2026-06-08 19:52:37+00:00,8800.0,56.33,46.8,48.1,0.0,0.0,156.0,5672.0,0.1565416759395599,False,REGULAR,USD,2027-03-19,7332.16015625,0.0363499975204467,call,1.2001920051485508,0.7753424657534247,47.45
SPX270319C08900000,2026-06-03 17:24:55+00:00,8900.0,50.6,39.4,40.3,-22.32,-30.608887,5.0,210.0,0.156363340625763,False,REGULAR,USD,2027-03-19,7332.16015625,0.0363499975204467,call,1.2138305506616027,0.7753424657534247,39.85
SPX270319C09000000,2026-06-05 16:05:09+00:00,9000.0,47.2,30.1,31.0,0.0,0.0,1.0,3873.0,0.153328779296875,False,REGULAR,USD,2027-03-19,7332.16015625,0.0363499975204467,call,1.2274690961746544,0.7753424657534247,30.55
SPX270319C09100000,2026-06-04 19:06:57+00:00,9100.0,53.15,23.7,25.1,0.0,0.0,46.0,260.0,0.1524723883247375,False,REGULAR,USD,2027-03-19,7332.16015625,0.0363499975204467,call,1.241107641687706,0.7753424657534247,24.4
SPX270319C09200000,2026-06-08 19:35:05+00:00,9200.0,26.6,19.2,20.1,2.4300003,10.053787,20.0,4077.0,0.1514920209312439,False,REGULAR,USD,2027-03-19,7332.16015625,0.0363499975204467,call,1.2547461872007577,0.7753424657534247,19.65
SPX270319C09400000,2026-06-08 15:39:56+00:00,9400.0,16.3,12.4,13.2,-1.1000004,-6.3218412,10.0,1360.0,0.1507386257553101,False,REGULAR,USD,2027-03-19,7332.16015625,0.0363499975204467,call,1.2820232782268612,0.7753424657534247,12.8
SPX270319C09600000,2026-06-05 14:38:56+00:00,9600.0,14.44,8.6,9.3,0.0,0.0,1.0,582.0,0.152077571105957,False,REGULAR,USD,2027-03-19,7332.16015625,0.0363499975204467,call,1.3093003692529646,0.7753424657534247,8.95
SPX270319C09800000,2026-06-02 18:55:12+00:00,9800.0,13.45,5.6,6.4,0.0,0.0,31.0,316.0,0.1529167961120606,False,REGULAR,USD,2027-03-19,7332.16015625,0.0363499975204467,call,1.336577460279068,0.7753424657534247,6.0
SPX270319C10000000,2026-06-08 18:26:19+00:00,10000.0,5.4,4.1,4.8,0.0,0.0,7.0,864.0,0.1555717988586425,False,REGULAR,USD,2027-03-19,7332.16015625,0.0363499975204467,call,1.3638545513051714,0.7753424657534247,4.449999999999999
SPX270319C10200000,2026-06-04 17:46:07+00:00,10200.0,6.09,3.1,3.7,0.0,0.0,163.0,516.0,0.1585930088806152,False,REGULAR,USD,2027-03-19,7332.16015625,0.0363499975204467,call,1.391131642331275,0.7753424657534247,3.4000000000000004
SPX270319C10400000,2026-06-05 18:51:47+00:00,10400.0,3.05,2.35,2.95,0.0,0.0,3.0,268.0,0.1620567193603515,False,REGULAR,USD,2027-03-19,7332.16015625,0.0363499975204467,call,1.4184087333573785,0.7753424657534247,2.6500000000000004
SPX270319C10600000,2026-06-08 18:26:19+00:00,10600.0,2.4,1.8,2.35,0.0,0.0,4.0,558.0,0.1652762916564941,False,REGULAR,USD,2027-03-19,7332.16015625,0.0363499975204467,call,1.4456858243834818,0.7753424657534247,2.075
SPXW270331C07260000,2026-03-27 14:22:28+00:00,7260.0,232.4,681.1,686.5,0.0,0.0,2.0,0.0,0.2485274122619629,True,REGULAR,USD,2027-03-31,7332.16015625,0.0363499975204467,call,0.9901584042475544,0.8082191780821918,683.8
SPXW270331C07270000,2026-03-27 14:18:40+00:00,7270.0,227.9,674.0,679.7,0.0,0.0,2.0,0.0,0.2477272875118255,True,REGULAR,USD,2027-03-31,7332.16015625,0.0363499975204467,call,0.9915222587988596,0.8082191780821918,676.85
SPXW270331C07280000,2026-05-04 17:24:55+00:00,7280.0,560.62,674.6,678.2,0.0,0.0,1.0,7.0,0.2489527467536926,True,REGULAR,USD,2027-03-31,7332.16015625,0.0363499975204467,call,0.9928861133501647,0.8082191780821918,676.4000000000001
SPXW270331C07290000,2026-03-27 14:21:46+00:00,7290.0,221.0,660.5,666.3,0.0,0.0,2.0,0.0,0.246180443239212,True,REGULAR,USD,2027-03-31,7332.16015625,0.0363499975204467,call,0.99424996790147,0.8082191780821918,663.4
SPXW270331C07300000,2026-06-08 19:41:23+00:00,7300.0,664.55,614.4,616.2,0.0,0.0,18.0,105.0,0.2287827366638183,True,REGULAR,USD,2027-03-31,7332.16015625,0.0363499975204467,call,0.9956138224527752,0.8082191780821918,615.3
SPXW270331C07305000,2026-05-29 18:35:58+00:00,7305.0,787.64,598.4,617.8,0.0,0.0,1.0,2.0,0.2302876196861267,True,REGULAR,USD,2027-03-31,7332.16015625,0.0363499975204467,call,0.9962957497284278,0.8082191780821918,608.0999999999999
SPXW270331C07320000,2026-05-06 13:56:53+00:00,7320.0,607.36,647.8,651.0,0.0,0.0,2.0,5.0,0.2456339933204651,True,REGULAR,USD,2027-03-31,7332.16015625,0.0363499975204467,call,0.9983415315553856,0.8082191780821918,649.4
SPXW270331C07330000,2026-06-08 16:27:42+00:00,7330.0,671.09,590.0,593.0,0.0,0.0,76.0,39.0,0.2252331963539123,True,REGULAR,USD,2027-03-31,7332.16015625,0.0363499975204467,call,0.9997053861066908,0.8082191780821918,591.5
SPXW270331C07335000,2026-05-06 13:56:53+00:00,7335.0,597.63,637.7,641.0,0.0,0.0,2.0,4.0,0.2444328525304794,False,REGULAR,USD,2027-03-31,7332.16015625,0.0363499975204467,call,1.000387313382343,0.8082191780821918,639.35
SPXW270331C07340000,2026-06-05 17:04:36+00:00,7340.0,680.0,579.4,587.8,0.0,0.0,3.0,3.0,0.2249995484828948,False,REGULAR,USD,2027-03-31,7332.16015625,0.0363499975204467,call,1.001069240657996,0.8082191780821918,583.5999999999999
SPXW270331C07345000,2026-05-11 14:56:05+00:00,7345.0,664.6,580.0,586.8,0.0,0.0,1.0,5.0,0.225488778514862,False,REGULAR,USD,2027-03-31,7332.16015625,0.0363499975204467,call,1.0017511679336484,0.8082191780821918,583.4
SPXW270331C07350000,2026-06-08 16:42:34+00:00,7350.0,651.54,577.6,583.3,0.0,0.0,4.0,94.0,0.2250224364376067,False,REGULAR,USD,2027-03-31,7332.16015625,0.0363499975204467,call,1.002433095209301,0.8082191780821918,580.45
SPXW270331C07355000,2026-05-14 14:49:55+00:00,7355.0,721.26,575.0,579.0,0.0,0.0,1.0,2.0,0.2242490143013,False,REGULAR,USD,2027-03-31,7332.16015625,0.0363499975204467,call,1.0031150224849537,0.8082191780821918,577.0
SPXW270331C07360000,2026-05-06 19:13:31+00:00,7360.0,612.18,621.0,624.3,0.0,0.0,2.0,2.0,0.2423762744331359,False,REGULAR,USD,2027-03-31,7332.16015625,0.0363499975204467,call,1.0037969497606063,0.8082191780821918,622.65
SPXW270331C07365000,2026-05-14 14:49:55+00:00,7365.0,714.46,572.2,573.9,0.0,0.0,1.0,3.0,0.2240287177371978,False,REGULAR,USD,2027-03-31,7332.16015625,0.0363499975204467,call,1.0044788770362587,0.8082191780821918,573.05
SPXW270331C07370000,2026-05-14 14:45:24+00:00,7370.0,710.46,569.0,571.4,0.0,0.0,1.0,5.0,0.2239343049240111,False,REGULAR,USD,2027-03-31,7332.16015625,0.0363499975204467,call,1.0051608043119111,0.8082191780821918,570.2
SPXW270331C07375000,2026-05-14 14:45:24+00:00,7375.0,707.06,563.2,566.4,0.0,0.0,1.0,4.0,0.2228852736663818,False,REGULAR,USD,2027-03-31,7332.16015625,0.0363499975204467,call,1.005842731587564,0.8082191780821918,564.8
SPXW270331C07380000,2026-05-08 18:33:55+00:00,7380.0,627.12,607.8,611.1,0.0,0.0,2.0,3.0,0.2407545674753189,False,REGULAR,USD,2027-03-31,7332.16015625,0.0363499975204467,call,1.0065246588632166,0.8082191780821918,609.45
SPXW270331C07385000,2026-05-01 15:37:39+00:00,7385.0,522.26,604.5,607.8,0.0,0.0,2.0,2.0,0.2403440147876739,False,REGULAR,USD,2027-03-31,7332.16015625,0.0363499975204467,call,1.0072065861388693,0.8082191780821918,606.15
SPXW270331C07390000,2026-05-19 16:01:08+00:00,7390.0,583.66,553.4,557.7,0.0,0.0,1.0,2.0,0.2221232955074309,False,REGULAR,USD,2027-03-31,7332.16015625,0.0363499975204467,call,1.0078885134145217,0.8082191780821918,555.55
SPXW270331C07400000,2026-06-08 19:59:42+00:00,7400.0,598.8,547.8,551.4,0.0,0.0,42.0,225.0,0.221412815246582,False,REGULAR,USD,2027-03-31,7332.16015625,0.0363499975204467,call,1.009252367965827,0.8082191780821918,549.5999999999999
SPXW270331C07420000,2026-05-11 16:54:38+00:00,7420.0,615.88,540.0,544.2,0.0,0.0,1.0,31.0,0.2220145777225494,False,REGULAR,USD,2027-03-31,7332.16015625,0.0363499975204467,call,1.0119800770684373,0.8082191780821918,542.1
SPXW270331C07425000,2026-06-08 19:27:11+00:00,7425.0,580.62,537.2,539.3,0.0,0.0,10.0,21.0,0.2209808051013946,False,REGULAR,USD,2027-03-31,7332.16015625,0.0363499975204467,call,1.01266200434409,0.8082191780821918,538.25
SPXW270331C07430000,2026-05-27 19:33:06+00:00,7430.0,665.98,526.6,529.0,0.0,0.0,1.0,55.0,0.2178933153772353,False,REGULAR,USD,2027-03-31,7332.16015625,0.0363499975204467,call,1.0133439316197423,0.8082191780821918,527.8
SPXW270331C07440000,2026-05-11 16:13:53+00:00,7440.0,606.85,525.8,530.5,0.0,0.0,1.0,3.0,0.2201062944984435,False,REGULAR,USD,2027-03-31,7332.16015625,0.0363499975204467,call,1.0147077861710476,0.8082191780821918,528.15
SPXW270331C07445000,2026-06-08 13:53:41+00:00,7445.0,597.2,519.2,536.6,0.0,0.0,1.0,5.0,0.2232409906291961,False,REGULAR,USD,2027-03-31,7332.16015625,0.0363499975204467,call,1.0153897134467005,0.8082191780821918,527.9000000000001
SPXW270331C07450000,2026-06-08 19:28:31+00:00,7450.0,566.0,514.4,517.0,0.0,0.0,10.0,26.0,0.2166130204105377,False,REGULAR,USD,2027-03-31,7332.16015625,0.0363499975204467,call,1.016071640722353,0.8082191780821918,515.7
SPXW270331C07460000,2026-05-14 14:48:06+00:00,7460.0,651.56,509.6,517.2,0.0,0.0,2.0,5.0,0.2183114973831176,False,REGULAR,USD,2027-03-31,7332.16015625,0.0363499975204467,call,1.017435495273658,0.8082191780821918,513.4000000000001
SPXW270331C07480000,2026-06-08 15:16:31+00:00,7480.0,583.35,500.8,502.6,0.0,0.0,104.0,59.0,0.2159826479911804,False,REGULAR,USD,2027-03-31,7332.16015625,0.0363499975204467,call,1.0201632043762685,0.8082191780821918,501.7000000000001
SPXW270331C07485000,2026-06-08 15:17:35+00:00,7485.0,579.2,491.7,513.9,0.0,0.0,4.0,4.0,0.2210704495906829,False,REGULAR,USD,2027-03-31,7332.16015625,0.0363499975204467,call,1.020845131651921,0.8082191780821918,502.8
SPXW270331C07490000,2026-04-02 14:25:43+00:00,7490.0,166.4,531.8,537.8,0.0,0.0,2.0,0.0,0.2309399263954162,False,REGULAR,USD,2027-03-31,7332.16015625,0.0363499975204467,call,1.0215270589275736,0.8082191780821918,534.8
SPXW270331C07495000,2026-05-22 15:34:26+00:00,7495.0,604.59,491.8,494.4,0.0,0.0,1.0,6.0,0.2152530944347381,False,REGULAR,USD,2027-03-31,7332.16015625,0.0363499975204467,call,1.022208986203226,0.8082191780821918,493.1
SPXW270331C07500000,2026-06-08 15:19:04+00:00,7500.0,569.72,478.5,489.9,0.0,0.0,4.0,45.0,0.2143342384195327,False,REGULAR,USD,2027-03-31,7332.16015625,0.0363499975204467,call,1.0228909134788786,0.8082191780821918,484.2
SPXW270331C07505000,2026-05-26 16:46:08+00:00,7505.0,607.2,482.0,484.7,0.0,0.0,9.0,7.0,0.2131464489364624,False,REGULAR,USD,2027-03-31,7332.16015625,0.0363499975204467,call,1.0235728407545313,0.8082191780821918,483.35
SPXW270331C07510000,2026-06-01 15:17:45+00:00,7510.0,642.25,479.3,481.8,0.0,0.0,4.0,8.0,0.2128298322296142,False,REGULAR,USD,2027-03-31,7332.16015625,0.0363499975204467,call,1.024254768030184,0.8082191780821918,480.55
SPXW270331C07515000,2026-04-02 14:25:25+00:00,7515.0,158.5,516.4,522.5,0.0,0.0,2.0,0.0,0.2290693129301071,False,REGULAR,USD,2027-03-31,7332.16015625,0.0363499975204467,call,1.0249366953058363,0.8082191780821918,519.45
SPXW270331C07520000,2026-05-28 13:39:04+00:00,7520.0,596.5,476.9,478.6,0.0,0.0,1.0,7.0,0.2131760125446319,False,REGULAR,USD,2027-03-31,7332.16015625,0.0363499975204467,call,1.025618622581489,0.8082191780821918,477.75
SPXW270331C07525000,2026-05-27 14:23:39+00:00,7525.0,603.3,469.4,471.7,0.0,0.0,2.0,9.0,0.2113306711959838,False,REGULAR,USD,2027-03-31,7332.16015625,0.0363499975204467,call,1.0263005498571416,0.8082191780821918,470.55
SPXW270331C07530000,2026-05-26 16:45:21+00:00,7530.0,590.43,465.2,469.2,0.0,0.0,2.0,9.0,0.2111551968765258,False,REGULAR,USD,2027-03-31,7332.16015625,0.0363499975204467,call,1.0269824771327942,0.8082191780821918,467.2
SPXW270331C07535000,2026-05-29 17:48:44+00:00,7535.0,625.56,463.5,466.0,0.0,0.0,1.0,9.0,0.2107107890892028,False,REGULAR,USD,2027-03-31,7332.16015625,0.0363499975204467,call,1.0276644044084466,0.8082191780821918,464.75
SPXW270331C07540000,2026-04-02 14:25:47+00:00,7540.0,150.6,502.0,507.6,0.0,0.0,2.0,0.0,0.2272902512836456,False,REGULAR,USD,2027-03-31,7332.16015625,0.0363499975204467,call,1.0283463316840993,0.8082191780821918,504.8
SPXW270331C07545000,2026-04-02 14:25:32+00:00,7545.0,149.5,498.9,504.5,0.0,0.0,1.0,0.0,0.2268816059255599,False,REGULAR,USD,2027-03-31,7332.16015625,0.0363499975204467,call,1.029028258959752,0.8082191780821918,501.7
SPXW270331C07555000,2026-04-02 14:25:26+00:00,7555.0,146.3,492.4,498.6,0.0,0.0,1.0,0.0,0.2261706488323211,False,REGULAR,USD,2027-03-31,7332.16015625,0.0363499975204467,call,1.030392113511057,0.8082191780821918,495.5
SPXW270331C07560000,2026-05-19 13:55:52+00:00,7560.0,491.8,449.4,452.5,0.0,0.0,1.0,16.0,0.2093995000171661,False,REGULAR,USD,2027-03-31,7332.16015625,0.0363499975204467,call,1.0310740407867096,0.8082191780821918,450.95
SPXW270331C07570000,2026-06-01 19:34:03+00:00,7570.0,627.62,444.0,446.0,0.0,0.0,10.0,17.0,0.208437252254486,False,REGULAR,USD,2027-03-31,7332.16015625,0.0363499975204467,call,1.0324378953380149,0.8082191780821918,445.0
SPXW270331C07575000,2026-05-22 17:54:29+00:00,7575.0,548.58,444.2,446.7,0.0,0.0,6.0,8.0,0.209456243071556,False,REGULAR,USD,2027-03-31,7332.16015625,0.0363499975204467,call,1.0331198226136675,0.8082191780821918,445.45
SPXW270331C07580000,2026-05-22 17:54:29+00:00,7580.0,545.67,440.3,443.3,0.0,0.0,6.0,13.0,0.2089112236499785,False,REGULAR,USD,2027-03-31,7332.16015625,0.0363499975204467,call,1.03380174988932,0.8082191780821918,441.8
SPXW270331C07585000,2026-06-01 19:34:03+00:00,7585.0,617.87,439.4,441.2,0.0,0.0,10.0,17.0,0.2088587720870971,False,REGULAR,USD,2027-03-31,7332.16015625,0.0363499975204467,call,1.0344836771649726,0.8082191780821918,440.3
SPXW270331C07590000,2026-06-08 19:39:36+00:00,7590.0,481.67,436.9,439.2,0.0,0.0,2.0,8.0,0.2088416061210632,False,REGULAR,USD,2027-03-31,7332.16015625,0.0363499975204467,call,1.0351656044406252,0.8082191780821918,438.05
SPXW270331C07600000,2026-06-02 17:00:52+00:00,7600.0,612.7,436.7,438.6,0.0,0.0,6.0,133.0,0.2100971058034896,False,REGULAR,USD,2027-03-31,7332.16015625,0.0363499975204467,call,1.0365294589919305,0.8082191780821918,437.65
SPXW270331C07605000,2026-04-02 14:25:26+00:00,7605.0,132.2,463.9,469.6,0.0,0.0,1.0,0.0,0.2226535331249236,False,REGULAR,USD,2027-03-31,7332.16015625,0.0363499975204467,call,1.037211386267583,0.8082191780821918,466.75
SPXW270331C07610000,2026-06-02 18:56:07+00:00,7610.0,599.2,415.0,425.2,0.0,0.0,5.0,13.0,0.2064574441719054,False,REGULAR,USD,2027-03-31,7332.16015625,0.0363499975204467,call,1.0378933135432356,0.8082191780821918,420.1
SPXW270331C07615000,2026-04-20 14:17:40+00:00,7615.0,323.94,461.7,465.2,0.0,0.0,2.0,7.0,0.2224532635211944,False,REGULAR,USD,2027-03-31,7332.16015625,0.0363499975204467,call,1.0385752408188882,0.8082191780821918,463.45
SPXW270331C07620000,2026-06-03 19:59:14+00:00,7620.0,564.21,416.7,419.9,0.0,0.0,1.0,11.0,0.2058966892814635,False,REGULAR,USD,2027-03-31,7332.16015625,0.0363499975204467,call,1.0392571680945406,0.8082191780821918,418.3
SPXW270331C07625000,2026-06-02 18:56:07+00:00,7625.0,589.65,417.4,419.4,0.0,0.0,1.0,8.0,0.2064340793848037,False,REGULAR,USD,2027-03-31,7332.16015625,0.0363499975204467,call,1.0399390953701932,0.8082191780821918,418.4
SPXW270331C07630000,2026-04-02 14:25:26+00:00,7630.0,125.5,449.5,455.2,0.0,0.0,2.0,0.0,0.2208368017196655,False,REGULAR,USD,2027-03-31,7332.16015625,0.0363499975204467,call,1.040621022645846,0.8082191780821918,452.35
SPXW270331C07635000,2026-06-03 19:59:14+00:00,7635.0,555.25,408.4,410.6,0.0,0.0,2.0,7.0,0.2045176900100707,False,REGULAR,USD,2027-03-31,7332.16015625,0.0363499975204467,call,1.0413029499214983,0.8082191780821918,409.5
SPXW270331C07640000,2026-05-19 13:55:48+00:00,7640.0,445.7,410.5,412.8,0.0,0.0,4.0,9.0,0.2060807465839385,False,REGULAR,USD,2027-03-31,7332.16015625,0.0363499975204467,call,1.041984877197151,0.8082191780821918,411.65
SPXW270331C07645000,2026-04-02 14:25:26+00:00,7645.0,121.7,441.2,446.8,0.0,0.0,2.0,0.0,0.2198063669252395,False,REGULAR,USD,2027-03-31,7332.16015625,0.0363499975204467,call,1.0426668044728036,0.8082191780821918,444.0
SPXW270331C07650000,2026-06-03 15:12:14+00:00,7650.0,557.26,399.6,401.7,0.0,0.0,1.0,291.0,0.2032640976572036,False,REGULAR,USD,2027-03-31,7332.16015625,0.0363499975204467,call,1.0433487317484562,0.8082191780821918,400.65
SPXW270331C07655000,2026-04-02 14:25:26+00:00,7655.0,119.1,435.6,441.3,0.0,0.0,2.0,0.0,0.2191440467357635,False,REGULAR,USD,2027-03-31,7332.16015625,0.0363499975204467,call,1.0440306590241089,0.8082191780821918,438.4500000000001
SPXW270331C07660000,2026-04-08 15:33:00+00:00,7660.0,161.31,454.0,457.7,0.0,0.0,2.0,6.0,0.2261315485763549,False,REGULAR,USD,2027-03-31,7332.16015625,0.0363499975204467,call,1.0447125862997613,0.8082191780821918,455.85
SPXW270331C07665000,2026-04-02 14:27:14+00:00,7665.0,116.7,430.1,435.8,0.0,0.0,2.0,0.0,0.218471713066101,False,REGULAR,USD,2027-03-31,7332.16015625,0.0363499975204467,call,1.045394513575414,0.8082191780821918,432.9500000000001
SPXW270331C07670000,2026-04-02 14:24:22+00:00,7670.0,115.5,427.3,433.0,0.0,0.0,2.0,0.0,0.2181117046117782,False,REGULAR,USD,2027-03-31,7332.16015625,0.0363499975204467,call,1.0460764408510663,0.8082191780821918,430.15
SPXW270331C07680000,2026-04-02 14:26:02+00:00,7680.0,113.1,421.8,427.5,0.0,0.0,2.0,0.0,0.2174226818084716,False,REGULAR,USD,2027-03-31,7332.16015625,0.0363499975204467,call,1.0474402954023718,0.8082191780821918,424.65
SPXW270331C07685000,2026-04-14 16:27:05+00:00,7685.0,213.27,440.4,444.0,0.0,0.0,20.0,12.0,0.2244521448993682,False,REGULAR,USD,2027-03-31,7332.16015625,0.0363499975204467,call,1.0481222226780242,0.8082191780821918,442.2
SPXW270331C07690000,2026-04-02 14:29:50+00:00,7690.0,110.8,416.4,422.0,0.0,0.0,2.0,0.0,0.2167226918601989,False,REGULAR,USD,2027-03-31,7332.16015625,0.0363499975204467,call,1.0488041499536769,0.8082191780821918,419.2
SPXW270331C07695000,2026-04-20 14:17:40+00:00,7695.0,286.35,416.4,419.8,0.0,0.0,2.0,2.0,0.2165796421432494,False,REGULAR,USD,2027-03-31,7332.16015625,0.0363499975204467,call,1.0494860772293295,0.8082191780821918,418.1
SPXW270331C07700000,2026-06-04 20:13:10+00:00,7700.0,527.75,376.6,379.2,0.0,0.0,25.0,57.0,0.2016504968500137,False,REGULAR,USD,2027-03-31,7332.16015625,0.0363499975204467,call,1.0501680045049822,0.8082191780821918,377.9
SPXW270331C07705000,2026-06-01 14:22:16+00:00,7705.0,520.38,371.2,373.5,0.0,0.0,1.0,3.0,0.2001413223361969,False,REGULAR,USD,2027-03-31,7332.16015625,0.0363499975204467,call,1.0508499317806346,0.8082191780821918,372.35
SPXW270331C07710000,2026-06-04 20:13:10+00:00,7710.0,521.7,372.2,374.7,0.0,0.0,25.0,27.0,0.2012943030548095,False,REGULAR,USD,2027-03-31,7332.16015625,0.0363499975204467,call,1.0515318590562872,0.8082191780821918,373.45
SPXW270331C07720000,2026-06-01 17:59:03+00:00,7720.0,531.1,366.0,368.2,0.0,0.0,1.0,12.0,0.2001527663135528,False,REGULAR,USD,2027-03-31,7332.16015625,0.0363499975204467,call,1.0528957136075925,0.8082191780821918,367.1
SPXW270331C07725000,2026-06-01 17:59:03+00:00,7725.0,528.1,360.9,363.8,0.0,0.0,1.0,9.0,0.1991313913345336,False,REGULAR,USD,2027-03-31,7332.16015625,0.0363499975204467,call,1.053577640883245,0.8082191780821918,362.35
SPXW270331C07730000,2026-05-20 12:55:57+00:00,7730.0,401.7,357.5,359.7,0.0,0.0,10.0,21.0,0.1982215951347351,False,REGULAR,USD,2027-03-31,7332.16015625,0.0363499975204467,call,1.0542595681588975,0.8082191780821918,358.6
SPXW270331C07735000,2026-05-08 15:58:48+00:00,7735.0,410.15,394.7,398.1,0.0,0.0,1.0,3.0,0.2137606090545654,False,REGULAR,USD,2027-03-31,7332.16015625,0.0363499975204467,call,1.0549414954345502,0.8082191780821918,396.4
SPXW270331C07750000,2026-05-26 14:04:00+00:00,7750.0,466.71,347.8,350.0,0.0,0.0,2.0,34.0,0.1971487222576141,False,REGULAR,USD,2027-03-31,7332.16015625,0.0363499975204467,call,1.056987277261508,0.8082191780821918,348.9
SPXW270331C07780000,2026-06-08 16:27:42+00:00,7780.0,395.02,332.9,336.0,0.0,0.0,38.0,14.0,0.1956619588661194,False,REGULAR,USD,2027-03-31,7332.16015625,0.0363499975204467,call,1.0610788409154237,0.8082191780821918,334.45
SPXW270331C07785000,2026-06-05 18:41:27+00:00,7785.0,386.33,331.2,334.5,0.0,0.0,1.0,3.0,0.1957306227302551,False,REGULAR,USD,2027-03-31,7332.16015625,0.0363499975204467,call,1.061760768191076,0.8082191780821918,332.85
SPXW270331C07790000,2026-05-07 14:28:17+00:00,7790.0,365.08,365.8,369.2,0.0,0.0,1.0,3.0,0.2099449962711334,False,REGULAR,USD,2027-03-31,7332.16015625,0.0363499975204467,call,1.0624426954667283,0.8082191780821918,367.5
SPXW270331C07795000,2026-05-14 14:45:28+00:00,7795.0,450.23,326.9,330.1,0.0,0.0,6.0,7.0,0.195309102897644,False,REGULAR,USD,2027-03-31,7332.16015625,0.0363499975204467,call,1.0631246227423812,0.8082191780821918,328.5
SPXW270331C07800000,2026-06-08 19:59:42+00:00,7800.0,373.67,323.5,325.5,9.27002,2.5439131,27.0,50.0,0.1941504001903534,False,REGULAR,USD,2027-03-31,7332.16015625,0.0363499975204467,call,1.0638065500180338,0.8082191780821918,324.5
SPXW270331C07810000,2026-04-17 13:37:35+00:00,7810.0,226.77,355.6,359.0,0.0,0.0,1.0,8.0,0.2085879312896728,False,REGULAR,USD,2027-03-31,7332.16015625,0.0363499975204467,call,1.0651704045693389,0.8082191780821918,357.3
SPXW270331C07815000,2026-05-29 20:00:56+00:00,7815.0,456.6,316.3,318.3,0.0,0.0,2.0,2.0,0.1932468028116226,False,REGULAR,USD,2027-03-31,7332.16015625,0.0363499975204467,call,1.0658523318449915,0.8082191780821918,317.3
SPXW270331C07820000,2026-05-01 13:55:25+00:00,7820.0,283.04,350.6,354.0,0.0,0.0,2.0,3.0,0.2079308562564849,False,REGULAR,USD,2027-03-31,7332.16015625,0.0363499975204467,call,1.066534259120644,0.8082191780821918,352.3
SPXW270331C07825000,2026-06-08 19:27:11+00:00,7825.0,350.32,309.1,315.6,0.0,0.0,10.0,11.0,0.1934589932250977,False,REGULAR,USD,2027-03-31,7332.16015625,0.0363499975204467,call,1.0672161863962968,0.8082191780821918,312.35
SPXW270331C07835000,2026-06-05 18:41:27+00:00,7835.0,360.68,307.6,309.5,0.0,0.0,1.0,9.0,0.1923136418247223,False,REGULAR,USD,2027-03-31,7332.16015625,0.0363499975204467,call,1.0685800409476018,0.8082191780821918,308.55
SPXW270331C07845000,2026-05-28 14:09:04+00:00,7845.0,410.9,302.2,305.2,0.0,0.0,3.0,14.0,0.1918673267078399,False,REGULAR,USD,2027-03-31,7332.16015625,0.0363499975204467,call,1.0699438954989071,0.8082191780821918,303.7
SPXW270331C07850000,2026-06-08 19:28:31+00:00,7850.0,339.25,300.5,304.4,0.0,0.0,10.0,118.0,0.1921772677612305,False,REGULAR,USD,2027-03-31,7332.16015625,0.0363499975204467,call,1.0706258227745595,0.8082191780821918,302.45
SPXW270331C07855000,2026-05-19 13:41:53+00:00,7855.0,326.39,302.2,303.8,0.0,0.0,1.0,21.0,0.1925644556617737,False,REGULAR,USD,2027-03-31,7332.16015625,0.0363499975204467,call,1.0713077500502122,0.8082191780821918,303.0
SPXW270331C07860000,2026-04-14 17:22:58+00:00,7860.0,153.7,350.3,353.7,0.0,0.0,4.0,22.0,0.2129471329975128,False,REGULAR,USD,2027-03-31,7332.16015625,0.0363499975204467,call,1.0719896773258648,0.8082191780821918,352.0
SPXW270331C07870000,2026-04-14 17:53:23+00:00,7870.0,151.6,345.7,348.9,0.0,0.0,4.0,62.0,0.2123243898963928,False,REGULAR,USD,2027-03-31,7332.16015625,0.0363499975204467,call,1.07335353187717,0.8082191780821918,347.29999999999995
SPXW270331C07880000,2026-04-28 14:42:18+00:00,7880.0,214.49,321.3,324.7,0.0,0.0,1.0,75.0,0.2040036646938323,False,REGULAR,USD,2027-03-31,7332.16015625,0.0363499975204467,call,1.0747173864284751,0.8082191780821918,323.0
SPXW270331C07890000,2026-05-14 14:45:28+00:00,7890.0,400.43,285.8,287.9,0.0,0.0,6.0,108.0,0.1905274276924133,False,REGULAR,USD,2027-03-31,7332.16015625,0.0363499975204467,call,1.0760812409797804,0.8082191780821918,286.85
SPXW270331C07900000,2026-05-29 18:40:16+00:00,7900.0,410.33,281.3,283.2,0.0,0.0,3.0,96.0,0.1898512793636322,False,REGULAR,USD,2027-03-31,7332.16015625,0.0363499975204467,call,1.0774450955310857,0.8082191780821918,282.25
SPXW270331C07910000,2026-05-14 14:49:40+00:00,7910.0,390.64,278.8,280.8,0.0,0.0,2.0,89.0,0.1900916028881073,False,REGULAR,USD,2027-03-31,7332.16015625,0.0363499975204467,call,1.0788089500823907,0.8082191780821918,279.8
SPXW270331C07920000,2026-06-05 17:29:09+00:00,7920.0,335.0,271.4,284.7,0.0,0.0,210.0,253.0,0.1928763040447235,False,REGULAR,USD,2027-03-31,7332.16015625,0.0363499975204467,call,1.0801728046336958,0.8082191780821918,278.04999999999995
SPXW270331C07930000,2026-04-15 17:21:03+00:00,7930.0,152.0,317.6,320.7,0.0,0.0,6.0,19.0,0.2085717189884185,False,REGULAR,USD,2027-03-31,7332.16015625,0.0363499975204467,call,1.081536659185001,0.8082191780821918,319.15
SPXW270331C07940000,2026-05-29 18:43:35+00:00,7940.0,388.98,260.9,263.7,0.0,0.0,2.0,19.0,0.1867127685737609,False,REGULAR,USD,2027-03-31,7332.16015625,0.0363499975204467,call,1.082900513736306,0.8082191780821918,262.29999999999995
SPXW270331C07950000,2026-06-01 18:37:40+00:00,7950.0,403.27,257.3,260.0,0.0,0.0,4.0,37.0,0.1863723102474213,False,REGULAR,USD,2027-03-31,7332.16015625,0.0363499975204467,call,1.0842643682876114,0.8082191780821918,258.65
SPXW270331C07960000,2026-05-29 18:43:35+00:00,7960.0,378.73,256.1,257.8,0.0,0.0,2.0,13.0,0.1866374290561676,False,REGULAR,USD,2027-03-31,7332.16015625,0.0363499975204467,call,1.0856282228389165,0.8082191780821918,256.95000000000005
SPXW270331C07970000,2026-06-08 19:39:36+00:00,7970.0,284.66,251.5,253.6,0.0,0.0,4.0,11.0,0.1860661838531494,False,REGULAR,USD,2027-03-31,7332.16015625,0.0363499975204467,call,1.0869920773902215,0.8082191780821918,252.55
SPXW270331C07975000,2026-05-22 19:17:52+00:00,7975.0,324.63,247.6,251.9,0.0,0.0,2.0,0.0,0.1859412537670135,False,REGULAR,USD,2027-03-31,7332.16015625,0.0363499975204467,call,1.0876740046658744,0.8082191780821918,249.75
SPXW270331C07980000,2026-05-07 15:01:00+00:00,7980.0,283.69,276.0,279.3,0.0,0.0,6.0,15.0,0.1978038899612427,False,REGULAR,USD,2027-03-31,7332.16015625,0.0363499975204467,call,1.0883559319415268,0.8082191780821918,277.65
SPXW270331C07990000,2026-06-08 15:16:31+00:00,7990.0,300.25,244.4,246.1,0.0,0.0,52.0,37.0,0.1852565224552154,False,REGULAR,USD,2027-03-31,7332.16015625,0.0363499975204467,call,1.089719786492832,0.8082191780821918,245.25
SPXW270331C08000000,2026-06-08 15:41:42+00:00,8000.0,290.22,240.4,242.7,0.0,0.0,21.0,676.0,0.1849780523395537,False,REGULAR,USD,2027-03-31,7332.16015625,0.0363499975204467,call,1.0910836410441371,0.8082191780821918,241.55
SPXW270331C08010000,2026-05-11 13:33:53+00:00,8010.0,280.36,234.4,241.0,0.0,0.0,5.0,15.0,0.1854005258369445,False,REGULAR,USD,2027-03-31,7332.16015625,0.0363499975204467,call,1.0924474955954424,0.8082191780821918,237.7
SPXW270331C08020000,2026-04-15 17:58:46+00:00,8020.0,128.7,278.8,281.8,0.0,0.0,5.0,13.0,0.203475334405899,False,REGULAR,USD,2027-03-31,7332.16015625,0.0363499975204467,call,1.0938113501467477,0.8082191780821918,280.3
SPXW270331C08025000,2026-06-08 15:41:42+00:00,8025.0,279.2,227.1,231.1,0.0,0.0,17.0,116.0,0.1829162290859222,False,REGULAR,USD,2027-03-31,7332.16015625,0.0363499975204467,call,1.0944932774224,0.8082191780821918,229.1
SPXW270331C08030000,2026-06-01 18:23:52+00:00,8030.0,362.2,230.3,231.9,0.0,0.0,2.0,17.0,0.1838126739788055,False,REGULAR,USD,2027-03-31,7332.16015625,0.0363499975204467,call,1.0951752046980527,0.8082191780821918,231.1
SPXW270331C08040000,2026-06-01 15:17:45+00:00,8040.0,337.05,228.6,230.3,0.0,0.0,2.0,7.0,0.1842475451183318,False,REGULAR,USD,2027-03-31,7332.16015625,0.0363499975204467,call,1.0965390592493578,0.8082191780821918,229.45
SPXW270331C08050000,2026-06-05 18:14:40+00:00,8050.0,270.0,220.8,223.3,0.0,0.0,1.0,12.0,0.1823707328319549,False,REGULAR,USD,2027-03-31,7332.16015625,0.0363499975204467,call,1.097902913800663,0.8082191780821918,222.05
SPXW270331C08060000,2026-05-29 18:43:35+00:00,8060.0,330.23,214.8,217.5,0.0,0.0,2.0,9.0,0.1809798127508163,False,REGULAR,USD,2027-03-31,7332.16015625,0.0363499975204467,call,1.0992667683519683,0.8082191780821918,216.15
SPXW270331C08070000,2026-05-11 18:38:25+00:00,8070.0,275.06,211.4,226.5,0.0,0.0,4.0,40.0,0.185934101281166,False,REGULAR,USD,2027-03-31,7332.16015625,0.0363499975204467,call,1.1006306229032734,0.8082191780821918,218.95
SPXW270331C08080000,2026-05-11 15:31:29+00:00,8080.0,265.58,207.1,208.9,0.0,0.0,2.0,30.0,0.1794286769866943,False,REGULAR,USD,2027-03-31,7332.16015625,0.0363499975204467,call,1.101994477454579,0.8082191780821918,208.0
SPXW270331C08090000,2026-05-26 13:32:01+00:00,8090.0,287.8,203.6,205.4,0.0,0.0,3.0,38.0,0.1789756862163543,False,REGULAR,USD,2027-03-31,7332.16015625,0.0363499975204467,call,1.1033583320058835,0.8082191780821918,204.5
SPXW270331C08100000,2026-05-29 16:44:58+00:00,8100.0,318.17,200.1,202.2,0.0,0.0,5.0,149.0,0.1786399962139129,False,REGULAR,USD,2027-03-31,7332.16015625,0.0363499975204467,call,1.104722186557189,0.8082191780821918,201.15
SPXW270331C08125000,2026-06-08 13:47:03+00:00,8125.0,237.96,194.7,196.5,0.0,0.0,2.0,6.0,0.1787620653057098,False,REGULAR,USD,2027-03-31,7332.16015625,0.0363499975204467,call,1.1081318229354518,0.8082191780821918,195.6
SPXW270331C08150000,2026-06-08 13:47:03+00:00,8150.0,228.46,186.4,187.5,0.0,0.0,2.0,8.0,0.1773391974544525,False,REGULAR,USD,2027-03-31,7332.16015625,0.0363499975204467,call,1.1115414593137147,0.8082191780821918,186.95
SPXW270331C08200000,2026-06-09 02:58:11+00:00,8200.0,197.0,169.1,171.8,-10.300003,-4.9686456,1.0,483.0,0.1752411349391937,False,REGULAR,USD,2027-03-31,7332.16015625,0.0363499975204467,call,1.118360732070241,0.8082191780821918,170.45
SPXW270331C08250000,2026-06-01 18:42:31+00:00,8250.0,263.7,153.7,156.3,0.0,0.0,3.0,3.0,0.172851251001358,False,REGULAR,USD,2027-03-31,7332.16015625,0.0363499975204467,call,1.1251800048267664,0.8082191780821918,155.0
SPXW270331C08300000,2026-06-08 18:58:28+00:00,8300.0,170.0,142.5,143.5,0.0,0.0,2.0,1208.0,0.1713768852519989,False,REGULAR,USD,2027-03-31,7332.16015625,0.0363499975204467,call,1.1319992775832923,0.8082191780821918,143.0
SPXW270331C08350000,2026-06-08 19:39:36+00:00,8350.0,150.2,128.1,129.8,0.0,0.0,2.0,1216.0,0.1690747384738922,False,REGULAR,USD,2027-03-31,7332.16015625,0.0363499975204467,call,1.1388185503398185,0.8082191780821918,128.95
SPXW270331C08400000,2026-06-09 14:16:11+00:00,8400.0,142.64,117.0,118.7,-3.7599945,-2.5683024,2.0,2467.0,0.1677205344867706,False,REGULAR,USD,2027-03-31,7332.16015625,0.0363499975204467,call,1.145637823096344,0.8082191780821918,117.85
SPXW270331C08500000,2026-06-08 16:50:06+00:00,8500.0,121.2,97.8,99.1,0.0,0.0,18.0,126.0,0.1653649824810028,False,REGULAR,USD,2027-03-31,7332.16015625,0.0363499975204467,call,1.159276368609396,0.8082191780821918,98.45
SPXW270331C08600000,2026-06-09 13:39:00+00:00,8600.0,103.5,79.9,81.2,5.75,5.882353,4.0,87.0,0.162544995727539,False,REGULAR,USD,2027-03-31,7332.16015625,0.0363499975204467,call,1.1729149141224475,0.8082191780821918,80.55000000000001
SPXW270331C08700000,2026-06-05 15:02:00+00:00,8700.0,99.9,65.4,66.6,0.0,0.0,16.0,75.0,0.1603515667343139,False,REGULAR,USD,2027-03-31,7332.16015625,0.0363499975204467,call,1.1865534596354992,0.8082191780821918,66.0
SPXW270331C08800000,2026-06-09 14:16:11+00:00,8800.0,66.29,53.8,55.0,0.48999786,0.74467754,2.0,33.0,0.1589039035987854,False,REGULAR,USD,2027-03-31,7332.16015625,0.0363499975204467,call,1.2001920051485508,0.8082191780821918,54.4
SPXW270331C08900000,2026-06-09 14:18:02+00:00,8900.0,52.5,42.2,43.2,-29.980003,-36.348206,4.0,10.0,0.1558044930648803,False,REGULAR,USD,2027-03-31,7332.16015625,0.0363499975204467,call,1.2138305506616027,0.8082191780821918,42.7
SPXW270331C09000000,2026-06-09 14:04:46+00:00,9000.0,47.0,33.5,35.2,3.5,8.045977,1.0,43.0,0.1545914314651489,False,REGULAR,USD,2027-03-31,7332.16015625,0.0363499975204467,call,1.2274690961746544,0.8082191780821918,34.35
SPX270416C07275000,2026-06-08 14:18:34+00:00,7275.0,722.69,654.1,657.1,0.0,0.0,4.0,12.0,0.2337179518985748,True,REGULAR,USD,2027-04-16,7332.16015625,0.0363499975204467,call,0.9922041860745124,0.852054794520548,655.6
SPX270416C07300000,2026-06-08 18:05:14+00:00,7300.0,705.22,637.6,640.6,0.0,0.0,100.0,385.0,0.2319293536043166,True,REGULAR,USD,2027-04-16,7332.16015625,0.0363499975204467,call,0.9956138224527752,0.852054794520548,639.1
SPX270416C07325000,2026-06-08 20:09:46+00:00,7325.0,673.12,622.9,626.1,0.0,0.0,8.0,192.0,0.230833115940094,True,REGULAR,USD,2027-04-16,7332.16015625,0.0363499975204467,call,0.9990234588310382,0.852054794520548,624.5
SPX270416C07350000,2026-06-08 19:51:34+00:00,7350.0,653.58,600.6,606.3,0.0,0.0,108.0,1217.0,0.2277127247810363,False,REGULAR,USD,2027-04-16,7332.16015625,0.0363499975204467,call,1.002433095209301,0.852054794520548,603.45
SPX270416C07375000,2026-05-26 17:09:48+00:00,7375.0,716.12,589.6,592.8,0.0,0.0,12.0,262.0,0.2268796985960006,False,REGULAR,USD,2027-04-16,7332.16015625,0.0363499975204467,call,1.005842731587564,0.852054794520548,591.2
SPX270416C07400000,2026-06-05 16:49:26+00:00,7400.0,660.97,574.8,577.8,0.0,0.0,2.0,357.0,0.2254339427900314,False,REGULAR,USD,2027-04-16,7332.16015625,0.0363499975204467,call,1.009252367965827,0.852054794520548,576.3
SPX270416C07425000,2026-05-27 19:51:42+00:00,7425.0,692.5,557.5,560.5,0.0,0.0,7.0,79.0,0.2230807749462127,False,REGULAR,USD,2027-04-16,7332.16015625,0.0363499975204467,call,1.01266200434409,0.852054794520548,559.0
SPX270416C07450000,2026-06-08 17:37:10+00:00,7450.0,602.28,543.1,546.1,0.0,0.0,83.0,748.0,0.221743736925125,False,REGULAR,USD,2027-04-16,7332.16015625,0.0363499975204467,call,1.016071640722353,0.852054794520548,544.6
SPX270416C07475000,2026-06-09 14:38:43+00:00,7475.0,584.53,528.0,531.2,-112.50995,-16.141104,4.0,843.0,0.220164468050003,False,REGULAR,USD,2027-04-16,7332.16015625,0.0363499975204467,call,1.0194812771006156,0.852054794520548,529.6
SPX270416C07500000,2026-06-08 15:41:14+00:00,7500.0,586.42,510.0,513.9,-2.1000366,-0.35683352,110.0,1212.0,0.2176382100486755,False,REGULAR,USD,2027-04-16,7332.16015625,0.0363499975204467,call,1.0228909134788786,0.852054794520548,511.95
SPX270416C07525000,2026-06-05 18:38:26+00:00,7525.0,559.69,493.5,496.4,0.0,0.0,2.0,424.0,0.2149765316486358,False,REGULAR,USD,2027-04-16,7332.16015625,0.0363499975204467,call,1.0263005498571416,0.852054794520548,494.95
SPX270416C07550000,2026-06-01 17:29:54+00:00,7550.0,655.0,478.6,481.4,0.0,0.0,9.0,1044.0,0.2131779198741913,False,REGULAR,USD,2027-04-16,7332.16015625,0.0363499975204467,call,1.0297101862354046,0.852054794520548,480.0
SPX270416C07575000,2026-06-01 15:28:27+00:00,7575.0,624.7,467.3,470.2,0.0,0.0,4.0,96.0,0.2127239754390716,False,REGULAR,USD,2027-04-16,7332.16015625,0.0363499975204467,call,1.0331198226136675,0.852054794520548,468.75
SPX270416C07600000,2026-06-05 15:45:25+00:00,7600.0,549.8,455.3,458.1,0.0,0.0,6.0,1360.0,0.2118752137851715,False,REGULAR,USD,2027-04-16,7332.16015625,0.0363499975204467,call,1.0365294589919305,0.852054794520548,456.7000000000001
SPX270416C07625000,2026-06-05 14:02:22+00:00,7625.0,548.7,438.0,442.0,0.0,0.0,7.0,263.0,0.2094767468643188,False,REGULAR,USD,2027-04-16,7332.16015625,0.0363499975204467,call,1.0399390953701932,0.852054794520548,440.0
SPX270416C07650000,2026-06-01 16:40:59+00:00,7650.0,584.76,423.1,426.2,0.0,0.0,60.0,574.0,0.2071202411937713,False,REGULAR,USD,2027-04-16,7332.16015625,0.0363499975204467,call,1.0433487317484562,0.852054794520548,424.65
SPX270416C07675000,2026-05-27 16:13:54+00:00,7675.0,526.76,412.7,415.3,0.0,0.0,200.0,206.0,0.2065232470417022,False,REGULAR,USD,2027-04-16,7332.16015625,0.0363499975204467,call,1.0467583681267192,0.852054794520548,414.0
SPX270416C07700000,2026-06-04 16:56:12+00:00,7700.0,552.41,395.4,398.7,0.0,0.0,500.0,2404.0,0.2037271019077301,False,REGULAR,USD,2027-04-16,7332.16015625,0.0363499975204467,call,1.0501680045049822,0.852054794520548,397.05
SPX270416C07725000,2026-06-08 14:18:34+00:00,7725.0,440.19,389.4,392.8,0.0,0.0,2.0,802.0,0.204876267967224,False,REGULAR,USD,2027-04-16,7332.16015625,0.0363499975204467,call,1.053577640883245,0.852054794520548,391.1
SPX270416C07750000,2026-06-08 15:35:30+00:00,7750.0,431.14,373.6,376.7,0.0,0.0,50.0,603.0,0.2021244682455062,False,REGULAR,USD,2027-04-16,7332.16015625,0.0363499975204467,call,1.056987277261508,0.852054794520548,375.15
SPX270416C07775000,2026-06-08 17:32:35+00:00,7775.0,412.2,363.9,366.8,0.0,0.0,1.0,172.0,0.2016404833698272,False,REGULAR,USD,2027-04-16,7332.16015625,0.0363499975204467,call,1.0603969136397708,0.852054794520548,365.35
SPX270416C07800000,2026-06-08 20:09:46+00:00,7800.0,422.5,345.6,348.5,35.29001,9.11392,10.0,659.0,0.1978930576181412,False,REGULAR,USD,2027-04-16,7332.16015625,0.0363499975204467,call,1.0638065500180338,0.852054794520548,347.05
SPX270416C07825000,2026-06-08 19:36:09+00:00,7825.0,374.72,333.1,336.3,0.0,0.0,2.0,458.0,0.1963838831043243,False,REGULAR,USD,2027-04-16,7332.16015625,0.0363499975204467,call,1.0672161863962968,0.852054794520548,334.70000000000005
SPX270416C07850000,2026-06-08 19:51:34+00:00,7850.0,359.68,324.8,327.9,0.0,0.0,6.0,255.0,0.1962627676773071,False,REGULAR,USD,2027-04-16,7332.16015625,0.0363499975204467,call,1.0706258227745595,0.852054794520548,326.35
SPX270416C07875000,2026-06-04 18:58:07+00:00,7875.0,456.8,314.3,317.4,0.0,0.0,1.0,63.0,0.1952652343177795,False,REGULAR,USD,2027-04-16,7332.16015625,0.0363499975204467,call,1.0740354591528225,0.852054794520548,315.85
SPX270416C07900000,2026-06-04 18:58:09+00:00,7900.0,443.2,301.8,305.0,0.0,0.0,1.0,1025.0,0.193455178565979,False,REGULAR,USD,2027-04-16,7332.16015625,0.0363499975204467,call,1.0774450955310857,0.852054794520548,303.4
SPX270416C07925000,2026-06-08 17:20:29+00:00,7925.0,332.25,292.4,295.3,0.0,0.0,22.0,227.0,0.1926207218837737,False,REGULAR,USD,2027-04-16,7332.16015625,0.0363499975204467,call,1.0808547319093484,0.852054794520548,293.85
SPX270416C07950000,2026-06-08 17:19:28+00:00,7950.0,320.06,279.1,281.9,0.0,0.0,40.0,74.0,0.1902494344091415,False,REGULAR,USD,2027-04-16,7332.16015625,0.0363499975204467,call,1.0842643682876114,0.852054794520548,280.5
SPX270416C07975000,2026-06-08 18:49:38+00:00,7975.0,310.99,267.6,271.4,0.0,0.0,34.0,25.0,0.1889386221694946,False,REGULAR,USD,2027-04-16,7332.16015625,0.0363499975204467,call,1.0876740046658744,0.852054794520548,269.5
SPX270416C08000000,2026-06-09 14:38:43+00:00,8000.0,298.73,259.2,262.1,-2.269989,-0.7541492,2.0,2288.0,0.1880293028020858,False,REGULAR,USD,2027-04-16,7332.16015625,0.0363499975204467,call,1.0910836410441371,0.852054794520548,260.65
SPX270416C08025000,2026-06-04 13:53:13+00:00,8025.0,350.52,247.0,249.9,0.0,0.0,10.0,67.0,0.185863530087471,False,REGULAR,USD,2027-04-16,7332.16015625,0.0363499975204467,call,1.0944932774224,0.852054794520548,248.45
SPX270416C08050000,2026-06-08 18:50:17+00:00,8050.0,278.55,236.7,239.6,0.0,0.0,6.0,145.0,0.1843767666959762,False,REGULAR,USD,2027-04-16,7332.16015625,0.0363499975204467,call,1.097902913800663,0.852054794520548,238.15
SPX270416C08075000,2026-06-01 18:37:03+00:00,8075.0,362.3,228.0,231.2,0.0,0.0,4.0,8.0,0.1835895164203643,False,REGULAR,USD,2027-04-16,7332.16015625,0.0363499975204467,call,1.101312550178926,0.852054794520548,229.6
SPX270416C08100000,2026-06-05 14:57:06+00:00,8100.0,300.7,218.8,221.5,0.0,0.0,1.0,1490.0,0.1821790462112427,False,REGULAR,USD,2027-04-16,7332.16015625,0.0363499975204467,call,1.104722186557189,0.852054794520548,220.15
SPX270416C08125000,2026-06-08 16:15:40+00:00,8125.0,257.79,210.0,212.8,0.0,0.0,38.0,33.0,0.181102358675003,False,REGULAR,USD,2027-04-16,7332.16015625,0.0363499975204467,call,1.1081318229354518,0.852054794520548,211.4
SPX270416C08150000,2026-06-04 16:47:20+00:00,8150.0,312.0,202.6,205.4,0.0,0.0,100.0,157.0,0.180499642534256,False,REGULAR,USD,2027-04-16,7332.16015625,0.0363499975204467,call,1.1115414593137147,0.852054794520548,204.0
SPX270416C08175000,2026-06-08 17:16:34+00:00,8175.0,229.2,194.4,197.1,0.0,0.0,4.0,7.0,0.1794305843162536,False,REGULAR,USD,2027-04-16,7332.16015625,0.0363499975204467,call,1.1149510956919777,0.852054794520548,195.75
SPX270416C08200000,2026-06-08 17:19:28+00:00,8200.0,218.02,188.5,191.0,0.0,0.0,240.0,3330.0,0.1792436660194397,False,REGULAR,USD,2027-04-16,7332.16015625,0.0363499975204467,call,1.118360732070241,0.852054794520548,189.75
SPX270416C08225000,2026-06-08 18:58:02+00:00,8225.0,190.04,177.4,179.8,-21.39,-10.116824,10.0,49.0,0.1767107323646545,False,REGULAR,USD,2027-04-16,7332.16015625,0.0363499975204467,call,1.1217703684485036,0.852054794520548,178.60000000000002
SPX270416C08250000,2026-06-08 17:20:29+00:00,8250.0,215.2,171.9,174.5,13.800003,6.852037,4.0,61.0,0.1767269446659088,False,REGULAR,USD,2027-04-16,7332.16015625,0.0363499975204467,call,1.1251800048267664,0.852054794520548,173.2
SPX270416C08275000,2026-06-08 18:49:38+00:00,8275.0,194.43,165.1,167.5,0.0,0.0,257.0,365.0,0.1758991636371613,False,REGULAR,USD,2027-04-16,7332.16015625,0.0363499975204467,call,1.1285896412050294,0.852054794520548,166.3
SPX270416C08300000,2026-06-08 17:16:34+00:00,8300.0,186.7,156.1,158.8,0.0,0.0,10.0,1156.0,0.1741911500167847,False,REGULAR,USD,2027-04-16,7332.16015625,0.0363499975204467,call,1.1319992775832923,0.852054794520548,157.45
SPX270416C08325000,2026-06-08 17:19:28+00:00,8325.0,177.22,149.0,151.7,0.0,0.0,42.0,38.0,0.1731297211170196,False,REGULAR,USD,2027-04-16,7332.16015625,0.0363499975204467,call,1.1354089139615553,0.852054794520548,150.35
SPX270416C08350000,2026-06-08 18:50:17+00:00,8350.0,179.41,143.1,145.5,7.980011,4.654968,8.0,77.0,0.1724106578731537,False,REGULAR,USD,2027-04-16,7332.16015625,0.0363499975204467,call,1.1388185503398185,0.852054794520548,144.3
SPX270416C08375000,2026-06-08 17:20:29+00:00,8375.0,163.0,136.2,138.7,0.0,0.0,20.0,22.0,0.1713110823822021,False,REGULAR,USD,2027-04-16,7332.16015625,0.0363499975204467,call,1.1422281867180812,0.852054794520548,137.45
SPX270416C08400000,2026-06-08 18:49:38+00:00,8400.0,157.23,132.0,134.1,0.0,0.0,200.0,2505.0,0.1712176232337952,False,REGULAR,USD,2027-04-16,7332.16015625,0.0363499975204467,call,1.145637823096344,0.852054794520548,133.05
SPX270416C08425000,2026-06-04 19:39:03+00:00,8425.0,213.47,124.0,126.7,0.0,0.0,6.0,8.0,0.1696297713756561,False,REGULAR,USD,2027-04-16,7332.16015625,0.0363499975204467,call,1.149047459474607,0.852054794520548,125.35
SPX270416C08450000,2026-06-08 17:20:15+00:00,8450.0,142.88,121.1,123.2,0.0,0.0,6.0,15.0,0.1699549710655212,False,REGULAR,USD,2027-04-16,7332.16015625,0.0363499975204467,call,1.15245709585287,0.852054794520548,122.15
SPX270416C08475000,2026-06-08 18:50:17+00:00,8475.0,137.98,113.0,115.3,0.0,0.0,2.0,7.0,0.1678950551414489,False,REGULAR,USD,2027-04-16,7332.16015625,0.0363499975204467,call,1.155866732231133,0.852054794520548,114.15
SPX270416C08500000,2026-06-08 19:31:57+00:00,8500.0,128.6,109.8,111.6,0.0,0.0,1.0,783.0,0.1679723019886017,False,REGULAR,USD,2027-04-16,7332.16015625,0.0363499975204467,call,1.159276368609396,0.852054794520548,110.7
SPX270416C08525000,2026-06-08 17:19:28+00:00,8525.0,124.83,103.2,105.8,0.0,0.0,42.0,29.0,0.166830765247345,False,REGULAR,USD,2027-04-16,7332.16015625,0.0363499975204467,call,1.1626860049876586,0.852054794520548,104.5
SPX270416C08550000,2026-06-08 19:01:07+00:00,8550.0,119.7,99.9,101.6,0.0,0.0,1.0,1.0,0.1664855385971069,False,REGULAR,USD,2027-04-16,7332.16015625,0.0363499975204467,call,1.1660956413659216,0.852054794520548,100.75
SPX270416C08575000,2026-06-08 18:49:38+00:00,8575.0,115.27,95.4,97.1,0.0,0.0,30.0,16.0,0.1658942664337158,False,REGULAR,USD,2027-04-16,7332.16015625,0.0363499975204467,call,1.1695052777441846,0.852054794520548,96.25
SPX270416C08600000,2026-06-09 11:20:50+00:00,8600.0,111.99,91.3,92.9,1.0699997,0.964659,1.0,561.0,0.1653935924243927,False,REGULAR,USD,2027-04-16,7332.16015625,0.0363499975204467,call,1.1729149141224475,0.852054794520548,92.1
SPX270416C08650000,2026-06-08 17:18:17+00:00,8650.0,99.8,81.0,82.9,0.0,0.0,168.0,86.0,0.1631515265274048,False,REGULAR,USD,2027-04-16,7332.16015625,0.0363499975204467,call,1.1797341868789737,0.852054794520548,81.95
SPX270416C08700000,2026-06-08 17:20:15+00:00,8700.0,90.58,76.2,77.8,0.0,0.0,4.0,649.0,0.1636331272411346,False,REGULAR,USD,2027-04-16,7332.16015625,0.0363499975204467,call,1.1865534596354992,0.852054794520548,77.0
SPX270416C08800000,2026-06-08 14:09:06+00:00,8800.0,77.78,61.6,63.0,0.0,0.0,202.0,619.0,0.1607006080436706,False,REGULAR,USD,2027-04-16,7332.16015625,0.0363499975204467,call,1.2001920051485508,0.852054794520548,62.3
SPX270416C08900000,2026-06-08 16:46:56+00:00,8900.0,64.13,49.1,50.6,0.0,0.0,4.0,140.0,0.1579807560920715,False,REGULAR,USD,2027-04-16,7332.16015625,0.0363499975204467,call,1.2138305506616027,0.852054794520548,49.85
SPX270416C09000000,2026-06-09 11:20:50+00:00,9000.0,51.99,40.1,41.6,0.7900009,1.5429705,1.0,673.0,0.1566437180709838,False,REGULAR,USD,2027-04-16,7332.16015625,0.0363499975204467,call,1.2274690961746544,0.852054794520548,40.85
SPX270416C09100000,2026-06-08 16:22:09+00:00,9100.0,44.79,33.4,34.9,0.0,0.0,4.0,82.0,0.1562908621025085,False,REGULAR,USD,2027-04-16,7332.16015625,0.0363499975204467,call,1.241107641687706,0.852054794520548,34.15
SPX270416C09200000,2026-06-04 19:32:41+00:00,9200.0,56.53,26.7,28.0,0.0,0.0,8.0,363.0,0.1545895241355896,False,REGULAR,USD,2027-04-16,7332.16015625,0.0363499975204467,call,1.2547461872007577,0.852054794520548,27.35
SPX270416C09300000,2026-06-08 14:11:33+00:00,9300.0,28.75,21.8,22.9,0.0,0.0,6.0,44.0,0.1537750944137573,False,REGULAR,USD,2027-04-16,7332.16015625,0.0363499975204467,call,1.2683847327138096,0.852054794520548,22.35
SPX270416C09400000,2026-06-08 16:46:56+00:00,9400.0,23.44,17.5,18.6,0.0,0.0,16.0,1085.0,0.1529320547485352,False,REGULAR,USD,2027-04-16,7332.16015625,0.0363499975204467,call,1.2820232782268612,0.852054794520548,18.05
SPX270416C09600000,2026-06-08 14:07:29+00:00,9600.0,15.66,12.0,12.8,0.0,0.0,28.0,98.0,0.1527870977020264,False,REGULAR,USD,2027-04-16,7332.16015625,0.0363499975204467,call,1.3093003692529646,0.852054794520548,12.4
SPX270416C09800000,2026-06-08 14:11:33+00:00,9800.0,10.7,8.1,8.9,0.0,0.0,4.0,28.0,0.153141861000061,False,REGULAR,USD,2027-04-16,7332.16015625,0.0363499975204467,call,1.336577460279068,0.852054794520548,8.5
SPX270416C10000000,2026-06-05 18:37:27+00:00,10000.0,7.44,5.5,6.3,0.0,0.0,18.0,123.0,0.1540154179382324,False,REGULAR,USD,2027-04-16,7332.16015625,0.0363499975204467,call,1.3638545513051714,0.852054794520548,5.9
SPX270521C07275000,2026-05-15 15:53:20+00:00,7275.0,780.35,696.1,700.3,0.0,0.0,3.0,122.0,0.2368636151742935,True,REGULAR,USD,2027-05-21,7332.16015625,0.0363499975204467,call,0.9922041860745124,0.947945205479452,698.2
SPX270521C07300000,2026-06-08 13:38:38+00:00,7300.0,759.0,680.9,685.1,0.0,0.0,1.0,499.0,0.2355938105201721,True,REGULAR,USD,2027-05-21,7332.16015625,0.0363499975204467,call,0.9956138224527752,0.947945205479452,683.0
SPX270521C07325000,2026-05-11 18:08:44+00:00,7325.0,753.89,662.9,667.0,0.0,0.0,56.0,61.0,0.2332535171508789,True,REGULAR,USD,2027-05-21,7332.16015625,0.0363499975204467,call,0.9990234588310382,0.947945205479452,664.95
SPX270521C07350000,2026-05-28 14:02:54+00:00,7350.0,786.46,649.8,653.1,0.0,0.0,69.0,702.0,0.2323494429397583,False,REGULAR,USD,2027-05-21,7332.16015625,0.0363499975204467,call,1.002433095209301,0.947945205479452,651.45
SPX270521C07375000,2026-05-19 16:02:24+00:00,7375.0,659.38,635.8,639.0,0.0,0.0,500.0,788.0,0.2313252069664001,False,REGULAR,USD,2027-05-21,7332.16015625,0.0363499975204467,call,1.005842731587564,0.947945205479452,637.4
SPX270521C07400000,2026-06-08 16:33:59+00:00,7400.0,690.9,620.2,623.0,0.0,0.0,4.0,4482.0,0.2295838150787353,False,REGULAR,USD,2027-05-21,7332.16015625,0.0363499975204467,call,1.009252367965827,0.947945205479452,621.6
SPX270521C07425000,2026-06-08 17:57:05+00:00,7425.0,662.94,604.3,607.5,-4.1400146,-0.6206174,4.0,773.0,0.2279702142715454,False,REGULAR,USD,2027-05-21,7332.16015625,0.0363499975204467,call,1.01266200434409,0.947945205479452,605.9
SPX270521C07450000,2026-06-08 15:34:07+00:00,7450.0,657.83,586.3,590.8,0.0,0.0,96.0,2748.0,0.2258855030632019,False,REGULAR,USD,2027-05-21,7332.16015625,0.0363499975204467,call,1.016071640722353,0.947945205479452,588.55
SPX270521C07475000,2026-06-08 17:57:05+00:00,7475.0,635.05,570.0,573.6,0.0,0.0,4.0,1108.0,0.223575250134468,False,REGULAR,USD,2027-05-21,7332.16015625,0.0363499975204467,call,1.0194812771006156,0.947945205479452,571.8
SPX270521C07500000,2026-06-09 13:41:31+00:00,7500.0,642.41,555.0,558.1,-39.76001,-5.8284607,170.0,4178.0,0.2218104934597015,False,REGULAR,USD,2027-05-21,7332.16015625,0.0363499975204467,call,1.0228909134788786,0.947945205479452,556.55
SPX270521C07525000,2026-05-28 14:49:23+00:00,7525.0,683.7,540.3,543.1,0.0,0.0,2.0,28.0,0.2201682827091216,False,REGULAR,USD,2027-05-21,7332.16015625,0.0363499975204467,call,1.0263005498571416,0.947945205479452,541.7
SPX270521C07550000,2026-06-05 17:17:42+00:00,7550.0,611.6,527.1,530.7,0.0,0.0,5.0,368.0,0.2193853239250182,False,REGULAR,USD,2027-05-21,7332.16015625,0.0363499975204467,call,1.0297101862354046,0.947945205479452,528.9000000000001
SPX270521C07575000,2026-06-05 14:17:17+00:00,7575.0,638.9,512.7,516.0,0.0,0.0,2.0,1195.0,0.2177412058448791,False,REGULAR,USD,2027-05-21,7332.16015625,0.0363499975204467,call,1.0331198226136675,0.947945205479452,514.35
SPX270521C07600000,2026-06-08 14:33:23+00:00,7600.0,585.0,498.2,501.7,18.5,3.2656665,1.0,844.0,0.21618196393013,False,REGULAR,USD,2027-05-21,7332.16015625,0.0363499975204467,call,1.0365294589919305,0.947945205479452,499.95
SPX270521C07625000,2026-05-20 19:54:10+00:00,7625.0,553.5,487.5,490.5,0.0,0.0,1.0,3.0,0.2156574483013152,False,REGULAR,USD,2027-05-21,7332.16015625,0.0363499975204467,call,1.0399390953701932,0.947945205479452,489.0
SPX270521C07650000,2026-06-08 14:53:16+00:00,7650.0,545.36,475.2,478.0,0.0,0.0,4.0,236.0,0.2146217683506012,False,REGULAR,USD,2027-05-21,7332.16015625,0.0363499975204467,call,1.0433487317484562,0.947945205479452,476.6
SPX270521C07675000,2026-05-26 18:16:58+00:00,7675.0,573.1,455.1,458.1,0.0,0.0,5.0,7.0,0.2109167806816101,False,REGULAR,USD,2027-05-21,7332.16015625,0.0363499975204467,call,1.0467583681267192,0.947945205479452,456.6
SPX270521C07700000,2026-06-05 15:22:45+00:00,7700.0,544.6,443.2,447.6,0.0,0.0,4.0,257.0,0.2104704655647278,False,REGULAR,USD,2027-05-21,7332.16015625,0.0363499975204467,call,1.0501680045049822,0.947945205479452,445.4
SPX270521C07725000,2026-06-05 18:28:45+00:00,7725.0,492.88,435.2,438.3,0.0,0.0,1.0,16.0,0.2103946492147445,False,REGULAR,USD,2027-05-21,7332.16015625,0.0363499975204467,call,1.053577640883245,0.947945205479452,436.75
SPX270521C07750000,2026-05-29 17:32:04+00:00,7750.0,566.65,421.3,425.7,0.0,0.0,2.0,111.0,0.2090924199581146,False,REGULAR,USD,2027-05-21,7332.16015625,0.0363499975204467,call,1.056987277261508,0.947945205479452,423.5
SPX270521C07775000,2026-06-01 15:09:05+00:00,7775.0,548.95,403.2,407.1,0.0,0.0,50.0,55.0,0.2055877018928527,False,REGULAR,USD,2027-05-21,7332.16015625,0.0363499975204467,call,1.0603969136397708,0.947945205479452,405.15
SPX270521C07800000,2026-06-03 14:43:13+00:00,7800.0,440.55,389.9,392.9,-100.85004,-18.627638,2.0,1264.0,0.2035821448612212,False,REGULAR,USD,2027-05-21,7332.16015625,0.0363499975204467,call,1.0638065500180338,0.947945205479452,391.4
SPX270521C07825000,2026-06-03 19:49:59+00:00,7825.0,520.4,382.9,385.7,0.0,0.0,1.0,136.0,0.2040284599781036,False,REGULAR,USD,2027-05-21,7332.16015625,0.0363499975204467,call,1.0672161863962968,0.947945205479452,384.3
SPX270521C07850000,2026-06-08 14:15:11+00:00,7850.0,421.0,368.2,371.2,0.0,0.0,165.0,318.0,0.2017868709135055,False,REGULAR,USD,2027-05-21,7332.16015625,0.0363499975204467,call,1.0706258227745595,0.947945205479452,369.7
SPX270521C07875000,2026-06-08 19:31:58+00:00,7875.0,397.7,356.1,359.3,0.0,0.0,165.0,302.0,0.2004164546251296,False,REGULAR,USD,2027-05-21,7332.16015625,0.0363499975204467,call,1.0740354591528225,0.947945205479452,357.70000000000005
SPX270521C07900000,2026-06-01 17:49:58+00:00,7900.0,499.84,344.6,347.8,0.0,0.0,1.0,254.0,0.1991256693458556,False,REGULAR,USD,2027-05-21,7332.16015625,0.0363499975204467,call,1.0774450955310857,0.947945205479452,346.20000000000005
SPX270521C07925000,2026-05-28 18:31:08+00:00,7925.0,462.22,330.7,334.3,0.0,0.0,8.0,209.0,0.1970333288192748,False,REGULAR,USD,2027-05-21,7332.16015625,0.0363499975204467,call,1.0808547319093484,0.947945205479452,332.5
SPX270521C07950000,2026-06-08 16:33:59+00:00,7950.0,373.28,326.0,328.8,0.0,0.0,2.0,1394.0,0.1978220095920563,False,REGULAR,USD,2027-05-21,7332.16015625,0.0363499975204467,call,1.0842643682876114,0.947945205479452,327.4
SPX270521C07975000,2026-05-22 18:35:51+00:00,7975.0,393.62,309.5,313.3,0.0,0.0,85.0,112.0,0.1948470523118972,False,REGULAR,USD,2027-05-21,7332.16015625,0.0363499975204467,call,1.0876740046658744,0.947945205479452,311.4
SPX270521C08000000,2026-06-08 15:34:07+00:00,8000.0,349.18,298.5,301.7,0.0,0.0,48.0,3550.0,0.1932406039905548,False,REGULAR,USD,2027-05-21,7332.16015625,0.0363499975204467,call,1.0910836410441371,0.947945205479452,300.1
SPX270521C08025000,2026-06-04 13:52:14+00:00,8025.0,397.45,287.6,291.0,0.0,0.0,1.0,18.0,0.1918987976455688,False,REGULAR,USD,2027-05-21,7332.16015625,0.0363499975204467,call,1.0944932774224,0.947945205479452,289.3
SPX270521C08050000,2026-06-08 14:54:36+00:00,8050.0,334.34,278.3,281.8,0.0,0.0,13.0,250.0,0.191054804315567,False,REGULAR,USD,2027-05-21,7332.16015625,0.0363499975204467,call,1.097902913800663,0.947945205479452,280.05
SPX270521C08075000,2026-05-15 20:11:59+00:00,8075.0,314.5,267.4,269.8,0.0,0.0,4.0,4.0,0.1890687974119186,False,REGULAR,USD,2027-05-21,7332.16015625,0.0363499975204467,call,1.101312550178926,0.947945205479452,268.6
SPX270521C08100000,2026-06-02 19:43:31+00:00,8100.0,395.72,256.8,259.8,0.0,0.0,285.0,3516.0,0.1877713364791869,False,REGULAR,USD,2027-05-21,7332.16015625,0.0363499975204467,call,1.104722186557189,0.947945205479452,258.3
SPX270521C08125000,2026-05-22 18:36:34+00:00,8125.0,324.22,247.8,250.7,0.0,0.0,35.0,291.0,0.1867504383325576,False,REGULAR,USD,2027-05-21,7332.16015625,0.0363499975204467,call,1.1081318229354518,0.947945205479452,249.25
SPX270521C08150000,2026-06-08 18:56:01+00:00,8150.0,278.98,241.8,244.7,0.0,0.0,252.0,351.0,0.1868844282341003,False,REGULAR,USD,2027-05-21,7332.16015625,0.0363499975204467,call,1.1115414593137147,0.947945205479452,243.25
SPX270521C08200000,2026-06-08 14:22:16+00:00,8200.0,261.08,220.8,223.4,0.0,0.0,36.0,932.0,0.1832452434349059,False,REGULAR,USD,2027-05-21,7332.16015625,0.0363499975204467,call,1.118360732070241,0.947945205479452,222.1
SPX270521C08225000,2026-06-08 14:04:54+00:00,8225.0,252.17,212.7,215.3,0.0,0.0,138.0,74.0,0.1823297252464294,False,REGULAR,USD,2027-05-21,7332.16015625,0.0363499975204467,call,1.1217703684485036,0.947945205479452,214.0
SPX270521C08250000,2026-06-01 14:18:55+00:00,8250.0,306.7,209.5,212.7,0.0,0.0,16.0,657.0,0.1836152653694152,False,REGULAR,USD,2027-05-21,7332.16015625,0.0363499975204467,call,1.1251800048267664,0.947945205479452,211.1
SPX270521C08275000,2026-06-08 04:19:54+00:00,8275.0,228.41,196.6,199.2,0.0,0.0,1.0,45.0,0.1803174925613403,False,REGULAR,USD,2027-05-21,7332.16015625,0.0363499975204467,call,1.1285896412050294,0.947945205479452,197.9
SPX270521C08300000,2026-06-08 04:19:54+00:00,8300.0,219.92,191.7,194.1,0.0,0.0,1.0,517.0,0.1804490983009338,False,REGULAR,USD,2027-05-21,7332.16015625,0.0363499975204467,call,1.1319992775832923,0.947945205479452,192.9
SPX270521C08325000,2026-06-08 19:53:16+00:00,8325.0,207.47,180.8,183.7,0.0,0.0,4.0,320.0,0.1782499473190307,False,REGULAR,USD,2027-05-21,7332.16015625,0.0363499975204467,call,1.1354089139615553,0.947945205479452,182.25
SPX270521C08350000,2026-06-03 16:05:25+00:00,8350.0,215.26,174.5,178.2,-52.949997,-19.741993,8.0,1124.0,0.178079241323471,False,REGULAR,USD,2027-05-21,7332.16015625,0.0363499975204467,call,1.1388185503398185,0.947945205479452,176.35
SPX270521C08375000,2026-06-08 19:13:37+00:00,8375.0,194.4,169.9,172.2,0.0,0.0,22.0,22.0,0.17762911154747,False,REGULAR,USD,2027-05-21,7332.16015625,0.0363499975204467,call,1.1422281867180812,0.947945205479452,171.05
SPX270521C08400000,2026-06-09 14:44:24+00:00,8400.0,184.9,165.1,167.0,-68.71001,-27.092783,12.0,433.0,0.1774727105236053,False,REGULAR,USD,2027-05-21,7332.16015625,0.0363499975204467,call,1.145637823096344,0.947945205479452,166.05
SPX270521C08425000,2026-06-05 14:24:33+00:00,8425.0,219.41,156.2,158.5,0.0,0.0,2.0,6.0,0.1757589749145507,False,REGULAR,USD,2027-05-21,7332.16015625,0.0363499975204467,call,1.149047459474607,0.947945205479452,157.35
SPX270521C08450000,2026-06-09 13:56:28+00:00,8450.0,188.21,148.6,151.1,16.210007,9.424423,6.0,177.0,0.1744467321777344,False,REGULAR,USD,2027-05-21,7332.16015625,0.0363499975204467,call,1.15245709585287,0.947945205479452,149.85
SPX270521C08500000,2026-06-08 15:02:43+00:00,8500.0,170.59,137.6,139.8,0.0,0.0,70.0,2128.0,0.1732145972824096,False,REGULAR,USD,2027-05-21,7332.16015625,0.0363499975204467,call,1.159276368609396,0.947945205479452,138.7
SPX270521C08525000,2026-06-01 20:07:32+00:00,8525.0,218.0,129.5,132.3,0.0,0.0,7.0,7.0,0.1715857378387451,False,REGULAR,USD,2027-05-21,7332.16015625,0.0363499975204467,call,1.1626860049876586,0.947945205479452,130.9
SPX270521C08550000,2026-06-09 14:39:21+00:00,8550.0,148.6,128.0,129.8,-3.9399872,-2.5829208,12.0,326.0,0.172333411026001,False,REGULAR,USD,2027-05-21,7332.16015625,0.0363499975204467,call,1.1660956413659216,0.947945205479452,128.9
SPX270521C08600000,2026-06-03 12:55:50+00:00,8600.0,194.2,114.8,117.5,0.0,0.0,100.0,962.0,0.1699950249862671,False,REGULAR,USD,2027-05-21,7332.16015625,0.0363499975204467,call,1.1729149141224475,0.947945205479452,116.15
SPX270521C08650000,2026-06-05 18:32:48+00:00,8650.0,132.12,106.3,108.4,0.0,0.0,18.0,436.0,0.1689784183311462,False,REGULAR,USD,2027-05-21,7332.16015625,0.0363499975204467,call,1.1797341868789737,0.947945205479452,107.35
SPX270521C08700000,2026-06-09 14:44:24+00:00,8700.0,112.4,98.0,100.0,-46.730003,-29.365929,22.0,1219.0,0.16806194647789,False,REGULAR,USD,2027-05-21,7332.16015625,0.0363499975204467,call,1.1865534596354992,0.947945205479452,99.0
SPX270521C08750000,2026-06-03 18:39:39+00:00,8750.0,149.23,90.2,92.1,0.0,0.0,135.0,140.0,0.1671492892837525,False,REGULAR,USD,2027-05-21,7332.16015625,0.0363499975204467,call,1.1933727323920251,0.947945205479452,91.15
SPX270521C08800000,2026-06-01 14:18:55+00:00,8800.0,136.0,79.9,84.1,0.0,0.0,1.0,33.0,0.1658894981098175,False,REGULAR,USD,2027-05-21,7332.16015625,0.0363499975204467,call,1.2001920051485508,0.947945205479452,82.0
SPX270521C08900000,2026-06-04 18:00:52+00:00,8900.0,124.47,67.6,69.1,0.0,0.0,1.0,92.0,0.1630237354469299,False,REGULAR,USD,2027-05-21,7332.16015625,0.0363499975204467,call,1.2138305506616027,0.947945205479452,68.35
SPX270521C09000000,2026-06-09 14:39:21+00:00,9000.0,67.9,57.0,58.5,-31.909996,-31.97074,17.0,447.0,0.161936557598114,False,REGULAR,USD,2027-05-21,7332.16015625,0.0363499975204467,call,1.2274690961746544,0.947945205479452,57.75
SPX270521C09100000,2026-06-01 17:37:39+00:00,9100.0,87.92,47.3,48.8,0.0,0.0,1.0,84.0,0.1604745894908905,False,REGULAR,USD,2027-05-21,7332.16015625,0.0363499975204467,call,1.241107641687706,0.947945205479452,48.05
SPX270521C09200000,2026-06-04 15:07:56+00:00,9200.0,68.23,37.9,39.6,0.0,0.0,5.0,156.0,0.1582535042190552,False,REGULAR,USD,2027-05-21,7332.16015625,0.0363499975204467,call,1.2547461872007577,0.947945205479452,38.75
SPX270521C09300000,2026-06-03 16:39:59+00:00,9300.0,57.0,31.0,32.4,0.0,0.0,1.0,365.0,0.1566723280143737,False,REGULAR,USD,2027-05-21,7332.16015625,0.0363499975204467,call,1.2683847327138096,0.947945205479452,31.7
SPX270521C09400000,2026-06-01 20:07:58+00:00,9400.0,34.3,25.7,27.1,-18.3,-34.790874,40.0,75.0,0.1560524459075928,False,REGULAR,USD,2027-05-21,7332.16015625,0.0363499975204467,call,1.2820232782268612,0.947945205479452,26.4
SPX270521C09500000,2026-06-09 02:17:55+00:00,9500.0,26.0,21.0,22.3,-1.0,-3.7037036,1.0,71.0,0.1550739858436585,False,REGULAR,USD,2027-05-21,7332.16015625,0.0363499975204467,call,1.295661823739913,0.947945205479452,21.65
SPX270521C09600000,2026-06-08 18:47:01+00:00,9600.0,22.2,17.6,18.9,0.0,0.0,19.0,937.0,0.155094966468811,False,REGULAR,USD,2027-05-21,7332.16015625,0.0363499975204467,call,1.3093003692529646,0.947945205479452,18.25
SPX270521C09800000,2026-06-03 18:31:01+00:00,9800.0,24.37,12.2,13.2,0.0,0.0,24.0,214.0,0.154568543510437,False,REGULAR,USD,2027-05-21,7332.16015625,0.0363499975204467,call,1.336577460279068,0.947945205479452,12.7
SPX270521C10000000,2026-06-05 19:13:19+00:00,10000.0,10.6,8.9,9.8,0.0,0.0,376.0,1339.0,0.1557587171554565,False,REGULAR,USD,2027-05-21,7332.16015625,0.0363499975204467,call,1.3638545513051714,0.947945205479452,9.35
SPX270521C10200000,2026-06-08 13:44:49+00:00,10200.0,8.51,6.4,7.2,0.0,0.0,2.0,181.0,0.1567009379577637,False,REGULAR,USD,2027-05-21,7332.16015625,0.0363499975204467,call,1.391131642331275,0.947945205479452,6.800000000000001
SPX270521C10400000,2026-06-05 18:52:21+00:00,10400.0,6.0,5.0,5.7,0.0,0.0,18.0,201.0,0.1592186129760742,False,REGULAR,USD,2027-05-21,7332.16015625,0.0363499975204467,call,1.4184087333573785,0.947945205479452,5.35
SPX270521C10600000,2026-06-05 18:59:47+00:00,10600.0,4.56,3.9,4.6,0.0,0.0,16.0,227.0,0.1619651675415039,False,REGULAR,USD,2027-05-21,7332.16015625,0.0363499975204467,call,1.4456858243834818,0.947945205479452,4.25
SPX270521C10800000,2026-06-08 19:57:35+00:00,10800.0,3.7,3.0,3.8,0.0,0.0,8.0,171.0,0.1650016361999511,False,REGULAR,USD,2027-05-21,7332.16015625,0.0363499975204467,call,1.4729629154095851,0.947945205479452,3.4
SPX270521C11000000,2026-06-05 18:38:48+00:00,11000.0,3.04,2.4,3.1,0.0,0.0,1.0,20.0,0.1676108630371094,False,REGULAR,USD,2027-05-21,7332.16015625,0.0363499975204467,call,1.5002400064356889,0.947945205479452,2.75
SPX270521C11200000,2026-06-08 13:44:49+00:00,11200.0,2.63,1.95,2.55,0.0,0.0,4.0,96.0,0.1702200898742676,False,REGULAR,USD,2027-05-21,7332.16015625,0.0363499975204467,call,1.527517097461792,0.947945205479452,2.25
SPX270521C11400000,2026-06-03 16:34:46+00:00,11400.0,2.72,1.65,2.15,0.0,0.0,8.0,150.0,0.1731344894409179,False,REGULAR,USD,2027-05-21,7332.16015625,0.0363499975204467,call,1.5547941884878955,0.947945205479452,1.9
SPX270617C07275000,2026-06-01 17:00:32+00:00,7275.0,923.0,734.0,737.3,0.0,0.0,21.0,113.0,0.2408408741378784,True,REGULAR,USD,2027-06-17,7332.16015625,0.0363499975204467,call,0.9922041860745124,1.021917808219178,735.65
SPX270617C07300000,2026-06-08 13:38:03+00:00,7300.0,791.0,718.3,721.6,0.0,0.0,2.0,2627.0,0.2394189599514007,True,REGULAR,USD,2027-06-17,7332.16015625,0.0363499975204467,call,0.9956138224527752,1.021917808219178,719.95
SPX270617C07325000,2026-06-08 19:56:47+00:00,7325.0,751.98,696.4,700.1,0.0,0.0,54.0,39.0,0.2359819520854949,True,REGULAR,USD,2027-06-17,7332.16015625,0.0363499975204467,call,0.9990234588310382,1.021917808219178,698.25
SPX270617C07350000,2026-06-09 13:40:37+00:00,7350.0,767.66,685.3,688.5,29.619995,4.013332,2.0,937.0,0.2358727574682235,False,REGULAR,USD,2027-06-17,7332.16015625,0.0363499975204467,call,1.002433095209301,1.021917808219178,686.9
SPX270617C07375000,2026-06-08 18:01:13+00:00,7375.0,700.85,666.4,669.9,-35.48004,-4.818497,500.0,187.0,0.2333412543106079,False,REGULAR,USD,2027-06-17,7332.16015625,0.0363499975204467,call,1.005842731587564,1.021917808219178,668.15
SPX270617C07400000,2026-06-09 14:43:40+00:00,7400.0,707.8,651.8,654.9,-11.76001,-1.6343335,7.0,3522.0,0.2319884808206558,False,REGULAR,USD,2027-06-17,7332.16015625,0.0363499975204467,call,1.009252367965827,1.021917808219178,653.3499999999999
SPX270617C07425000,2026-06-05 18:12:25+00:00,7425.0,720.28,639.6,641.9,0.0,0.0,50.0,77.0,0.2312679870796203,False,REGULAR,USD,2027-06-17,7332.16015625,0.0363499975204467,call,1.01266200434409,1.021917808219178,640.75
SPX270617C07450000,2026-06-08 19:21:52+00:00,7450.0,674.66,623.0,626.1,0.0,0.0,204.0,1383.0,0.2295542514705658,False,REGULAR,USD,2027-06-17,7332.16015625,0.0363499975204467,call,1.016071640722353,1.021917808219178,624.55
SPX270617C07475000,2026-06-08 19:32:01+00:00,7475.0,660.29,605.4,608.4,0.0,0.0,22.0,65.0,0.2271524467229843,False,REGULAR,USD,2027-06-17,7332.16015625,0.0363499975204467,call,1.0194812771006156,1.021917808219178,606.9
SPX270617C07500000,2026-06-09 13:53:29+00:00,7500.0,682.5,590.5,593.8,28.72998,4.394509,1.0,6165.0,0.2257529436588287,False,REGULAR,USD,2027-06-17,7332.16015625,0.0363499975204467,call,1.0228909134788786,1.021917808219178,592.15
SPX270617C07525000,2026-06-08 16:57:35+00:00,7525.0,644.73,575.1,578.4,0.0,0.0,4.0,384.0,0.2240353933906554,False,REGULAR,USD,2027-06-17,7332.16015625,0.0363499975204467,call,1.0263005498571416,1.021917808219178,576.75
SPX270617C07550000,2026-06-09 14:39:27+00:00,7550.0,618.15,560.6,564.4,-117.89996,-16.01793,4.0,342.0,0.2227427007818221,False,REGULAR,USD,2027-06-17,7332.16015625,0.0363499975204467,call,1.0297101862354046,1.021917808219178,562.5
SPX270617C07575000,2026-06-08 18:17:23+00:00,7575.0,609.21,545.9,549.1,0.0,0.0,9.0,48.0,0.2209617318058013,False,REGULAR,USD,2027-06-17,7332.16015625,0.0363499975204467,call,1.0331198226136675,1.021917808219178,547.5
SPX270617C07600000,2026-06-08 19:09:27+00:00,7600.0,584.79,533.3,536.2,-4.630005,-0.7855188,1.0,5036.0,0.2199422641563415,False,REGULAR,USD,2027-06-17,7332.16015625,0.0363499975204467,call,1.0365294589919305,1.021917808219178,534.75
SPX270617C07625000,2026-06-05 19:52:57+00:00,7625.0,573.6,521.9,524.6,0.0,0.0,3.0,591.0,0.2193137990665435,False,REGULAR,USD,2027-06-17,7332.16015625,0.0363499975204467,call,1.0399390953701932,1.021917808219178,523.25
SPX270617C07650000,2026-06-05 17:15:56+00:00,7650.0,587.0,502.4,505.7,0.0,0.0,8.0,611.0,0.2161614601373672,False,REGULAR,USD,2027-06-17,7332.16015625,0.0363499975204467,call,1.0433487317484562,1.021917808219178,504.05
SPX270617C07675000,2026-06-05 17:25:50+00:00,7675.0,573.9,491.3,494.5,0.0,0.0,5.0,404.0,0.2155663733148575,False,REGULAR,USD,2027-06-17,7332.16015625,0.0363499975204467,call,1.0467583681267192,1.021917808219178,492.9
SPX270617C07700000,2026-06-09 14:50:04+00:00,7700.0,500.84,474.1,477.0,-21.660004,-4.1454554,4.0,2356.0,0.2127783343315124,False,REGULAR,USD,2027-06-17,7332.16015625,0.0363499975204467,call,1.0501680045049822,1.021917808219178,475.55
SPX270617C07725000,2026-06-05 14:27:15+00:00,7725.0,517.8,465.1,470.0,-56.400024,-9.822366,1.0,186.0,0.2135102720499039,False,REGULAR,USD,2027-06-17,7332.16015625,0.0363499975204467,call,1.053577640883245,1.021917808219178,467.55
SPX270617C07750000,2026-06-08 19:55:55+00:00,7750.0,493.78,456.6,459.3,0.0,0.0,32.0,2697.0,0.2129333048582077,False,REGULAR,USD,2027-06-17,7332.16015625,0.0363499975204467,call,1.056987277261508,1.021917808219178,457.9500000000001
SPX270617C07775000,2026-06-08 18:30:12+00:00,7775.0,495.8,434.6,437.7,0.0,0.0,49.0,298.0,0.2085712421560287,False,REGULAR,USD,2027-06-17,7332.16015625,0.0363499975204467,call,1.0603969136397708,1.021917808219178,436.15
SPX270617C07800000,2026-06-09 14:28:07+00:00,7800.0,478.16,425.8,428.3,-0.32998657,-0.06896415,100.0,4371.0,0.2083290113019942,False,REGULAR,USD,2027-06-17,7332.16015625,0.0363499975204467,call,1.0638065500180338,1.021917808219178,427.05
SPX270617C07825000,2026-06-08 19:56:47+00:00,7825.0,452.08,413.6,416.8,0.0,0.0,28.0,206.0,0.2073128814792633,False,REGULAR,USD,2027-06-17,7332.16015625,0.0363499975204467,call,1.0672161863962968,1.021917808219178,415.2000000000001
SPX270617C07850000,2026-06-09 14:43:40+00:00,7850.0,443.56,396.7,400.1,2.5700073,0.5827813,4.0,915.0,0.204440443162918,False,REGULAR,USD,2027-06-17,7332.16015625,0.0363499975204467,call,1.0706258227745595,1.021917808219178,398.4
SPX270617C07875000,2026-06-08 19:50:00+00:00,7875.0,428.4,384.8,388.0,0.0,0.0,9.0,201.0,0.2030967294883727,False,REGULAR,USD,2027-06-17,7332.16015625,0.0363499975204467,call,1.0740354591528225,1.021917808219178,386.4
SPX270617C07900000,2026-06-08 20:01:59+00:00,7900.0,412.88,373.2,376.2,0.0,0.0,467.0,1640.0,0.2017978380584716,False,REGULAR,USD,2027-06-17,7332.16015625,0.0363499975204467,call,1.0774450955310857,1.021917808219178,374.7
SPX270617C07925000,2026-06-08 19:02:33+00:00,7925.0,411.1,361.6,364.7,0.0,0.0,40.0,526.0,0.2005447225379943,False,REGULAR,USD,2027-06-17,7332.16015625,0.0363499975204467,call,1.0808547319093484,1.021917808219178,363.15
SPX270617C07950000,2026-06-08 18:51:17+00:00,7950.0,399.3,351.0,354.7,0.0,0.0,12.0,1036.0,0.1997603332567215,False,REGULAR,USD,2027-06-17,7332.16015625,0.0363499975204467,call,1.0842643682876114,1.021917808219178,352.85
SPX270617C07975000,2026-06-08 19:21:52+00:00,7975.0,380.04,342.0,345.2,0.0,0.0,3.0,150.0,0.1990970594024658,False,REGULAR,USD,2027-06-17,7332.16015625,0.0363499975204467,call,1.0876740046658744,1.021917808219178,343.6
SPX270617C08000000,2026-06-09 14:19:13+00:00,8000.0,368.45,331.3,334.0,1.25,0.34041393,74.0,9563.0,0.1977714653587341,False,REGULAR,USD,2027-06-17,7332.16015625,0.0363499975204467,call,1.0910836410441371,1.021917808219178,332.65
SPX270617C08025000,2026-06-05 19:22:07+00:00,8025.0,352.4,320.5,323.6,0.0,0.0,7.0,220.0,0.1966695057058334,False,REGULAR,USD,2027-06-17,7332.16015625,0.0363499975204467,call,1.0944932774224,1.021917808219178,322.05
SPX270617C08050000,2026-06-09 14:39:27+00:00,8050.0,350.24,305.9,309.3,-1.8600159,-0.5282635,2.0,565.0,0.1940922266387939,False,REGULAR,USD,2027-06-17,7332.16015625,0.0363499975204467,call,1.097902913800663,1.021917808219178,307.6
SPX270617C08075000,2026-06-08 18:46:34+00:00,8075.0,340.6,296.5,299.9,0.0,0.0,2.0,30.0,0.1932186697006225,False,REGULAR,USD,2027-06-17,7332.16015625,0.0363499975204467,call,1.101312550178926,1.021917808219178,298.2
SPX270617C08100000,2026-06-05 19:05:44+00:00,8100.0,328.45,286.5,288.9,0.0,0.0,609.0,5247.0,0.1916961438798904,False,REGULAR,USD,2027-06-17,7332.16015625,0.0363499975204467,call,1.104722186557189,1.021917808219178,287.7
SPX270617C08125000,2026-06-08 19:32:01+00:00,8125.0,313.71,280.1,282.8,0.0,0.0,8.0,145.0,0.1919197782707214,False,REGULAR,USD,2027-06-17,7332.16015625,0.0363499975204467,call,1.1081318229354518,1.021917808219178,281.45000000000005
SPX270617C08150000,2026-06-08 17:03:42+00:00,8150.0,307.5,267.3,270.6,0.0,0.0,103.0,1680.0,0.1898174242639542,False,REGULAR,USD,2027-06-17,7332.16015625,0.0363499975204467,call,1.1115414593137147,1.021917808219178,268.95000000000005
SPX270617C08175000,2026-06-08 18:46:40+00:00,8175.0,298.2,257.6,260.8,0.0,0.0,3.0,145.0,0.1885361756324768,False,REGULAR,USD,2027-06-17,7332.16015625,0.0363499975204467,call,1.1149510956919777,1.021917808219178,259.20000000000005
SPX270617C08200000,2026-06-09 14:32:31+00:00,8200.0,287.8,251.7,254.0,5.7099915,2.0241737,100.0,4015.0,0.1883287535429001,False,REGULAR,USD,2027-06-17,7332.16015625,0.0363499975204467,call,1.118360732070241,1.021917808219178,252.85
SPX270617C08225000,2026-06-08 17:03:45+00:00,8225.0,277.2,245.2,247.6,0.0,0.0,143.0,144.0,0.1882228967523574,False,REGULAR,USD,2027-06-17,7332.16015625,0.0363499975204467,call,1.1217703684485036,1.021917808219178,246.4
SPX270617C08250000,2026-06-09 02:10:27+00:00,8250.0,264.69,233.6,235.9,-4.1099854,-1.5290124,30.0,299.0,0.1860089639663696,False,REGULAR,USD,2027-06-17,7332.16015625,0.0363499975204467,call,1.1251800048267664,1.021917808219178,234.75
SPX270617C08275000,2026-06-05 20:09:06+00:00,8275.0,251.1,225.5,228.0,0.0,0.0,1006.0,1080.0,0.1851935805797576,False,REGULAR,USD,2027-06-17,7332.16015625,0.0363499975204467,call,1.1285896412050294,1.021917808219178,226.75
SPX270617C08300000,2026-06-08 14:30:05+00:00,8300.0,256.6,214.7,217.3,0.0,0.0,250.0,2455.0,0.1831994675254821,False,REGULAR,USD,2027-06-17,7332.16015625,0.0363499975204467,call,1.1319992775832923,1.021917808219178,216.0
SPX270617C08325000,2026-06-09 15:22:23+00:00,8325.0,222.3,210.2,212.7,-21.569992,-8.844873,20.0,37.0,0.1835685357952117,False,REGULAR,USD,2027-06-17,7332.16015625,0.0363499975204467,call,1.1354089139615553,1.021917808219178,211.45
SPX270617C08350000,2026-06-08 14:12:01+00:00,8350.0,237.87,198.7,201.7,0.0,0.0,2.0,28.0,0.1812911843013763,False,REGULAR,USD,2027-06-17,7332.16015625,0.0363499975204467,call,1.1388185503398185,1.021917808219178,200.2
SPX270617C08375000,2026-06-05 17:33:06+00:00,8375.0,242.4,194.8,197.1,0.0,0.0,7.0,7.0,0.1815534421157836,False,REGULAR,USD,2027-06-17,7332.16015625,0.0363499975204467,call,1.1422281867180812,1.021917808219178,195.95
SPX270617C08400000,2026-06-08 19:42:30+00:00,8400.0,210.7,183.9,186.2,0.0,0.0,9.0,4057.0,0.179137809228897,False,REGULAR,USD,2027-06-17,7332.16015625,0.0363499975204467,call,1.145637823096344,1.021917808219178,185.05
SPX270617C08425000,2026-06-08 18:46:29+00:00,8425.0,208.9,177.5,181.1,0.0,0.0,1.0,80.0,0.1790739136886596,False,REGULAR,USD,2027-06-17,7332.16015625,0.0363499975204467,call,1.149047459474607,1.021917808219178,179.3
SPX270617C08450000,2026-06-08 18:46:34+00:00,8450.0,200.9,170.3,173.3,0.0,0.0,2.0,17.0,0.1777979102134704,False,REGULAR,USD,2027-06-17,7332.16015625,0.0363499975204467,call,1.15245709585287,1.021917808219178,171.8
SPX270617C08475000,2026-06-05 18:42:24+00:00,8475.0,197.52,166.2,168.4,0.0,0.0,49.0,602.0,0.1777063583946228,False,REGULAR,USD,2027-06-17,7332.16015625,0.0363499975204467,call,1.155866732231133,1.021917808219178,167.3
SPX270617C08500000,2026-06-09 14:59:26+00:00,8500.0,175.6,161.7,163.8,-13.299988,-7.040756,14.0,5903.0,0.1776958680820465,False,REGULAR,USD,2027-06-17,7332.16015625,0.0363499975204467,call,1.159276368609396,1.021917808219178,162.75
SPX270617C08525000,2026-06-05 17:18:43+00:00,8525.0,195.0,155.3,157.5,0.0,0.0,9.0,10.0,0.1768766700363159,False,REGULAR,USD,2027-06-17,7332.16015625,0.0363499975204467,call,1.1626860049876586,1.021917808219178,156.4
SPX270617C08550000,2026-06-08 14:55:32+00:00,8550.0,180.86,148.3,150.9,0.0,0.0,247.0,375.0,0.1758495730686188,False,REGULAR,USD,2027-06-17,7332.16015625,0.0363499975204467,call,1.1660956413659216,1.021917808219178,149.60000000000002
SPX270617C08575000,2026-06-08 19:57:48+00:00,8575.0,160.2,139.3,142.3,0.0,0.0,25.0,35.0,0.1738125450992584,False,REGULAR,USD,2027-06-17,7332.16015625,0.0363499975204467,call,1.1695052777441846,1.021917808219178,140.8
SPX270617C08600000,2026-06-08 14:21:08+00:00,8600.0,161.07,134.1,136.4,0.0,0.0,1.0,2944.0,0.172936127166748,False,REGULAR,USD,2027-06-17,7332.16015625,0.0363499975204467,call,1.1729149141224475,1.021917808219178,135.25
SPX270617C08625000,2026-06-05 17:31:02+00:00,8625.0,168.7,130.6,133.2,0.0,0.0,3.0,3.0,0.1732832611465454,False,REGULAR,USD,2027-06-17,7332.16015625,0.0363499975204467,call,1.1763245505007105,1.021917808219178,131.89999999999998
SPX270617C08650000,2026-06-08 14:17:12+00:00,8650.0,147.98,125.4,128.4,0.0,0.0,1.0,1585.0,0.1728131044101715,False,REGULAR,USD,2027-06-17,7332.16015625,0.0363499975204467,call,1.1797341868789737,1.021917808219178,126.9
SPX270617C08675000,2026-06-05 17:32:22+00:00,8675.0,155.6,118.5,121.8,0.0,0.0,5.0,5.0,0.1713845145702362,False,REGULAR,USD,2027-06-17,7332.16015625,0.0363499975204467,call,1.1831438232572362,1.021917808219178,120.15
SPX270617C08700000,2026-06-09 14:16:16+00:00,8700.0,136.78,113.7,116.1,5.220001,3.9677722,2.0,3143.0,0.1703116416931152,False,REGULAR,USD,2027-06-17,7332.16015625,0.0363499975204467,call,1.1865534596354992,1.021917808219178,114.9
SPX270617C08750000,2026-06-05 20:01:02+00:00,8750.0,121.6,104.1,107.1,0.0,0.0,14.0,1591.0,0.1691710586166381,False,REGULAR,USD,2027-06-17,7332.16015625,0.0363499975204467,call,1.1933727323920251,1.021917808219178,105.6
SPX270617C08800000,2026-06-08 16:12:11+00:00,8800.0,120.27,98.0,99.3,0.0,0.0,12.0,5679.0,0.1684109877872467,False,REGULAR,USD,2027-06-17,7332.16015625,0.0363499975204467,call,1.2001920051485508,1.021917808219178,98.65
SPX270617C08850000,2026-06-05 17:16:33+00:00,8850.0,117.4,87.9,89.9,0.0,0.0,4.0,293.0,0.1664817239379883,False,REGULAR,USD,2027-06-17,7332.16015625,0.0363499975204467,call,1.2070112779050768,1.021917808219178,88.9
SPX270617C08900000,2026-06-08 14:12:01+00:00,8900.0,100.71,80.6,82.3,0.0,0.0,4.0,2437.0,0.1652743843269348,False,REGULAR,USD,2027-06-17,7332.16015625,0.0363499975204467,call,1.2138305506616027,1.021917808219178,81.44999999999999
SPX270617C08950000,2026-06-08 15:16:57+00:00,8950.0,97.3,76.4,78.2,0.0,0.0,429.0,431.0,0.1659591156387329,False,REGULAR,USD,2027-06-17,7332.16015625,0.0363499975204467,call,1.2206498234181284,1.021917808219178,77.30000000000001
SPX270617C09000000,2026-06-08 13:30:02+00:00,9000.0,88.6,67.6,69.1,0.0,0.0,1.0,5084.0,0.1632507076644897,False,REGULAR,USD,2027-06-17,7332.16015625,0.0363499975204467,call,1.2274690961746544,1.021917808219178,68.35
SPX270617C09050000,2026-06-08 17:41:36+00:00,9050.0,76.0,62.0,63.5,0.0,0.0,512.0,513.0,0.1624973124885559,False,REGULAR,USD,2027-06-17,7332.16015625,0.0363499975204467,call,1.2342883689311803,1.021917808219178,62.75
SPX270617C09100000,2026-06-08 16:37:09+00:00,9100.0,78.4,58.5,60.0,6.9000015,9.650352,5.0,66.0,0.1629989401626587,False,REGULAR,USD,2027-06-17,7332.16015625,0.0363499975204467,call,1.241107641687706,1.021917808219178,59.25
SPX270617C09200000,2026-06-08 19:03:15+00:00,9200.0,58.21,47.1,48.5,0.0,0.0,890.0,4646.0,0.1599929887771606,False,REGULAR,USD,2027-06-17,7332.16015625,0.0363499975204467,call,1.2547461872007577,1.021917808219178,47.8
SPX270617C09300000,2026-06-09 14:48:31+00:00,9300.0,44.8,39.5,40.9,-4.200001,-8.57143,1.0,2211.0,0.1589973627471924,False,REGULAR,USD,2027-06-17,7332.16015625,0.0363499975204467,call,1.2683847327138096,1.021917808219178,40.2
SPX270617C09400000,2026-06-08 18:35:09+00:00,9400.0,42.05,32.9,33.9,0.0,0.0,1060.0,4988.0,0.1575840315437317,False,REGULAR,USD,2027-06-17,7332.16015625,0.0363499975204467,call,1.2820232782268612,1.021917808219178,33.4
SPX270617C09500000,2026-06-09 15:22:23+00:00,9500.0,30.7,27.6,28.6,-6.0,-16.348774,50.0,4702.0,0.1569584274482727,False,REGULAR,USD,2027-06-17,7332.16015625,0.0363499975204467,call,1.295661823739913,1.021917808219178,28.1
SPX270617C09600000,2026-06-08 16:47:37+00:00,9600.0,29.81,23.0,24.1,0.0,0.0,6.0,5281.0,0.1564186531829834,False,REGULAR,USD,2027-06-17,7332.16015625,0.0363499975204467,call,1.3093003692529646,1.021917808219178,23.55
SPX270617C09800000,2026-06-09 14:20:41+00:00,9800.0,19.55,16.8,17.8,-0.55000114,-2.736324,57.0,2173.0,0.1567257332420349,False,REGULAR,USD,2027-06-17,7332.16015625,0.0363499975204467,call,1.336577460279068,1.021917808219178,17.3
SPX270617C10000000,2026-06-08 18:46:11+00:00,10000.0,14.49,11.6,12.6,0.0,0.0,91.0,7583.0,0.1560791485214233,False,REGULAR,USD,2027-06-17,7332.16015625,0.0363499975204467,call,1.3638545513051714,1.021917808219178,12.1
SPX270617C10200000,2026-06-08 19:44:17+00:00,10200.0,10.58,8.8,9.7,0.47999954,4.7524705,7.0,1563.0,0.1576546027374267,False,REGULAR,USD,2027-06-17,7332.16015625,0.0363499975204467,call,1.391131642331275,1.021917808219178,9.25
SPX270617C10400000,2026-06-09 14:03:58+00:00,10400.0,8.0,6.5,7.2,-0.069999695,-0.8674064,14.0,2924.0,0.1583412413787842,False,REGULAR,USD,2027-06-17,7332.16015625,0.0363499975204467,call,1.4184087333573785,1.021917808219178,6.85
SPX270617C10600000,2026-06-03 18:44:02+00:00,10600.0,9.03,4.9,5.7,0.0,0.0,12.0,1018.0,0.1604011573028564,False,REGULAR,USD,2027-06-17,7332.16015625,0.0363499975204467,call,1.4456858243834818,1.021917808219178,5.300000000000001
SPX270617C10800000,2026-06-08 19:44:54+00:00,10800.0,4.73,4.0,4.7,0.0,0.0,27.0,1228.0,0.163170599822998,False,REGULAR,USD,2027-06-17,7332.16015625,0.0363499975204467,call,1.4729629154095851,1.021917808219178,4.35
SPX270617C11000000,2026-06-08 19:14:13+00:00,11000.0,3.9,3.1,3.8,0.0,0.0,159.0,263.0,0.1653754727935791,False,REGULAR,USD,2027-06-17,7332.16015625,0.0363499975204467,call,1.5002400064356889,1.021917808219178,3.45
SPX270617C11200000,2026-06-08 15:09:40+00:00,11200.0,3.46,2.55,3.2,0.0,0.0,4.0,163.0,0.1682364671325684,False,REGULAR,USD,2027-06-17,7332.16015625,0.0363499975204467,call,1.527517097461792,1.021917808219178,2.875
SPX270617C11400000,2026-06-03 16:33:55+00:00,11400.0,3.48,2.1,2.65,0.0,0.0,8.0,222.0,0.1706168144226074,False,REGULAR,USD,2027-06-17,7332.16015625,0.0363499975204467,call,1.5547941884878955,1.021917808219178,2.375
SPX270917C07300000,2026-06-01 16:45:19+00:00,7300.0,1007.07,820.3,825.2,0.0,0.0,4.0,13.0,0.2461523101282119,True,REGULAR,USD,2027-09-17,7332.16015625,0.0363499975204467,call,0.9956138224527752,1.273972602739726,822.75
SPX270917C07325000,2026-05-19 15:51:10+00:00,7325.0,829.0,803.3,820.4,0.0,0.0,2.0,2.0,0.2481120912504196,True,REGULAR,USD,2027-09-17,7332.16015625,0.0363499975204467,call,0.9990234588310382,1.273972602739726,811.8499999999999
SPX270917C07350000,2026-06-02 19:29:33+00:00,7350.0,992.7,789.7,797.1,0.0,0.0,2.0,13.0,0.2443823082971573,False,REGULAR,USD,2027-09-17,7332.16015625,0.0363499975204467,call,1.002433095209301,1.273972602739726,793.4000000000001
SPX270917C07400000,2026-05-22 16:34:19+00:00,7400.0,870.63,757.7,761.9,0.0,0.0,41.0,26.0,0.2403163585090637,False,REGULAR,USD,2027-09-17,7332.16015625,0.0363499975204467,call,1.009252367965827,1.273972602739726,759.8
SPX270917C07425000,2026-06-05 19:10:30+00:00,7425.0,800.06,741.6,746.5,0.0,0.0,1.0,3.0,0.2389049346351623,False,REGULAR,USD,2027-09-17,7332.16015625,0.0363499975204467,call,1.01266200434409,1.273972602739726,744.05
SPX270917C07450000,2026-06-04 14:42:12+00:00,7450.0,886.0,726.5,731.6,0.0,0.0,1.0,52.0,0.2376108115291595,False,REGULAR,USD,2027-09-17,7332.16015625,0.0363499975204467,call,1.016071640722353,1.273972602739726,729.05
SPX270917C07500000,2026-06-08 18:07:30+00:00,7500.0,770.65,696.3,701.2,0.0,0.0,2.0,328.0,0.2347374195480346,False,REGULAR,USD,2027-09-17,7332.16015625,0.0363499975204467,call,1.0228909134788786,1.273972602739726,698.75
SPX270917C07525000,2026-06-08 13:44:28+00:00,7525.0,757.39,679.9,685.9,0.0,0.0,1.0,6.0,0.2332172778892517,False,REGULAR,USD,2027-09-17,7332.16015625,0.0363499975204467,call,1.0263005498571416,1.273972602739726,682.9
SPX270917C07550000,2026-05-26 17:04:16+00:00,7550.0,787.55,668.6,673.5,0.0,0.0,2.0,4006.0,0.2325396990633011,False,REGULAR,USD,2027-09-17,7332.16015625,0.0363499975204467,call,1.0297101862354046,1.273972602739726,671.05
SPX270917C07600000,2026-06-01 11:16:15+00:00,7600.0,815.07,636.3,643.5,0.0,0.0,1.0,17.0,0.2295008462429046,False,REGULAR,USD,2027-09-17,7332.16015625,0.0363499975204467,call,1.0365294589919305,1.273972602739726,639.9
SPX270917C07625000,2026-06-08 13:44:28+00:00,7625.0,696.13,632.5,636.4,0.0,0.0,1.0,1.0,0.2303171832942963,False,REGULAR,USD,2027-09-17,7332.16015625,0.0363499975204467,call,1.0399390953701932,1.273972602739726,634.45
SPX270917C07650000,2026-05-01 19:53:11+00:00,7650.0,548.9,655.0,661.7,0.0,0.0,2.0,4000.0,0.2409047696781158,False,REGULAR,USD,2027-09-17,7332.16015625,0.0363499975204467,call,1.0433487317484562,1.273972602739726,658.35
SPX270917C07700000,2026-05-01 19:54:13+00:00,7700.0,522.7,626.0,632.7,0.0,0.0,3.0,3.0,0.2378830828237533,False,REGULAR,USD,2027-09-17,7332.16015625,0.0363499975204467,call,1.0501680045049822,1.273972602739726,629.35
SPX270917C07725000,2026-05-18 16:11:09+00:00,7725.0,606.8,570.3,574.4,0.0,0.0,1.0,6.0,0.2230297538805007,False,REGULAR,USD,2027-09-17,7332.16015625,0.0363499975204467,call,1.053577640883245,1.273972602739726,572.3499999999999
SPX270917C07750000,2026-05-22 17:25:55+00:00,7750.0,655.75,553.3,557.8,0.0,0.0,2.0,24.0,0.220772906179428,False,REGULAR,USD,2027-09-17,7332.16015625,0.0363499975204467,call,1.056987277261508,1.273972602739726,555.55
SPX270917C07775000,2026-05-11 17:07:06+00:00,7775.0,603.5,540.1,545.2,0.0,0.0,8.0,11.0,0.2196904966545105,False,REGULAR,USD,2027-09-17,7332.16015625,0.0363499975204467,call,1.0603969136397708,1.273972602739726,542.6500000000001
SPX270917C07800000,2026-06-04 19:15:10+00:00,7800.0,694.23,532.5,536.3,0.0,0.0,52.0,127.0,0.2196971723079681,False,REGULAR,USD,2027-09-17,7332.16015625,0.0363499975204467,call,1.0638065500180338,1.273972602739726,534.4
SPX270917C07825000,2026-05-18 16:11:09+00:00,7825.0,552.0,513.2,521.4,0.0,0.0,1.0,11.0,0.2178327576637267,False,REGULAR,USD,2027-09-17,7332.16015625,0.0363499975204467,call,1.0672161863962968,1.273972602739726,517.3
SPX270917C07850000,2026-06-01 14:39:03+00:00,7850.0,645.07,502.3,512.2,0.0,0.0,1.0,51.0,0.217670634651184,False,REGULAR,USD,2027-09-17,7332.16015625,0.0363499975204467,call,1.0706258227745595,1.273972602739726,507.25
SPX270917C07875000,2026-05-13 15:02:19+00:00,7875.0,551.5,493.1,497.1,0.0,0.0,1.0,6.0,0.2156593556308746,False,REGULAR,USD,2027-09-17,7332.16015625,0.0363499975204467,call,1.0740354591528225,1.273972602739726,495.1
SPX270917C07900000,2026-06-05 17:34:12+00:00,7900.0,556.89,477.6,482.5,0.0,0.0,36.0,70.0,0.2137558407306671,False,REGULAR,USD,2027-09-17,7332.16015625,0.0363499975204467,call,1.0774450955310857,1.273972602739726,480.05
SPX270917C07925000,2026-05-11 17:07:00+00:00,7925.0,523.1,464.4,469.3,0.0,0.0,2.0,5.0,0.2122366527366638,False,REGULAR,USD,2027-09-17,7332.16015625,0.0363499975204467,call,1.0808547319093484,1.273972602739726,466.85
SPX270917C07950000,2026-06-05 17:34:12+00:00,7950.0,530.43,455.5,459.1,0.0,0.0,36.0,54.0,0.2116015119934081,False,REGULAR,USD,2027-09-17,7332.16015625,0.0363499975204467,call,1.0842643682876114,1.273972602739726,457.3
SPX270917C08000000,2026-06-08 18:08:34+00:00,8000.0,484.26,432.5,436.3,0.0,0.0,44.0,324.0,0.2094605345630645,False,REGULAR,USD,2027-09-17,7332.16015625,0.0363499975204467,call,1.0910836410441371,1.273972602739726,434.4
SPX270917C08025000,2026-06-01 19:31:27+00:00,8025.0,574.9,416.3,420.1,0.0,0.0,60.0,101.0,0.2068179294586181,False,REGULAR,USD,2027-09-17,7332.16015625,0.0363499975204467,call,1.0944932774224,1.273972602739726,418.2000000000001
SPX270917C08050000,2026-06-01 19:31:42+00:00,8050.0,561.2,408.0,411.4,0.0,0.0,21.0,64.0,0.2064793784618377,False,REGULAR,USD,2027-09-17,7332.16015625,0.0363499975204467,call,1.097902913800663,1.273972602739726,409.7
SPX270917C08075000,2026-06-08 18:46:29+00:00,8075.0,444.1,393.1,397.4,0.0,0.0,1.0,2.0,0.2044237540292739,False,REGULAR,USD,2027-09-17,7332.16015625,0.0363499975204467,call,1.101312550178926,1.273972602739726,395.25
SPX270917C08100000,2026-06-01 19:48:59+00:00,8100.0,530.65,383.5,390.5,0.0,0.0,1.0,39.0,0.2045710952377318,False,REGULAR,USD,2027-09-17,7332.16015625,0.0363499975204467,call,1.104722186557189,1.273972602739726,387.0
SPX270917C08150000,2026-06-01 19:31:55+00:00,8150.0,509.1,364.6,368.0,0.0,0.0,2.0,5.0,0.2019656830596923,False,REGULAR,USD,2027-09-17,7332.16015625,0.0363499975204467,call,1.1115414593137147,1.273972602739726,366.3
SPX270917C08175000,2026-06-08 18:46:34+00:00,8175.0,397.5,350.1,354.1,0.0,0.0,4.0,20.0,0.1997288623189926,False,REGULAR,USD,2027-09-17,7332.16015625,0.0363499975204467,call,1.1149510956919777,1.273972602739726,352.1
SPX270917C08200000,2026-05-01 15:14:03+00:00,8200.0,294.02,373.6,379.7,0.0,0.0,1.0,2.0,0.2102310957050323,False,REGULAR,USD,2027-09-17,7332.16015625,0.0363499975204467,call,1.118360732070241,1.273972602739726,376.65
SPX270917C08225000,2026-05-15 19:26:53+00:00,8225.0,390.05,330.6,334.7,0.0,0.0,1.0,1.0,0.1978177181005478,False,REGULAR,USD,2027-09-17,7332.16015625,0.0363499975204467,call,1.1217703684485036,1.273972602739726,332.65
SPX270917C08250000,2026-06-05 19:17:51+00:00,8250.0,351.7,320.6,325.1,0.0,0.0,3.0,8.0,0.1968225689029693,False,REGULAR,USD,2027-09-17,7332.16015625,0.0363499975204467,call,1.1251800048267664,1.273972602739726,322.85
SPX270917C08275000,2026-06-02 18:54:27+00:00,8275.0,446.5,311.0,315.5,0.0,0.0,1.0,6.0,0.1957778291368484,False,REGULAR,USD,2027-09-17,7332.16015625,0.0363499975204467,call,1.1285896412050294,1.273972602739726,313.25
SPX270917C08300000,2026-06-08 18:46:33+00:00,8300.0,344.4,300.9,304.9,0.0,0.0,3.0,902.0,0.194346855134964,False,REGULAR,USD,2027-09-17,7332.16015625,0.0363499975204467,call,1.1319992775832923,1.273972602739726,302.9
SPX270917C08350000,2026-06-05 19:17:58+00:00,8350.0,312.2,284.9,291.9,0.0,0.0,7.0,9.0,0.1941027169513702,False,REGULAR,USD,2027-09-17,7332.16015625,0.0363499975204467,call,1.1388185503398185,1.273972602739726,288.4
SPX270917C08375000,2026-06-08 18:46:27+00:00,8375.0,315.3,276.2,279.7,0.0,0.0,1.0,1.0,0.1919684151744843,False,REGULAR,USD,2027-09-17,7332.16015625,0.0363499975204467,call,1.1422281867180812,1.273972602739726,277.95
SPX270917C08400000,2026-06-05 18:38:06+00:00,8400.0,311.5,267.7,271.1,0.0,0.0,1.0,2.0,0.1910080747413635,False,REGULAR,USD,2027-09-17,7332.16015625,0.0363499975204467,call,1.145637823096344,1.273972602739726,269.4
SPX270917C08450000,2026-06-05 19:55:55+00:00,8450.0,285.16,248.4,252.5,0.0,0.0,1.0,1.0,0.1884331798362731,False,REGULAR,USD,2027-09-17,7332.16015625,0.0363499975204467,call,1.15245709585287,1.273972602739726,250.45
SPX270917C08500000,2026-06-08 18:08:34+00:00,8500.0,272.66,237.8,240.2,0.0,0.0,42.0,56.0,0.1878876835823058,False,REGULAR,USD,2027-09-17,7332.16015625,0.0363499975204467,call,1.159276368609396,1.273972602739726,239.0
SPX270917C08550000,2026-06-08 17:04:01+00:00,8550.0,251.8,219.1,222.0,0.0,0.0,10.0,8.0,0.1850047549533843,False,REGULAR,USD,2027-09-17,7332.16015625,0.0363499975204467,call,1.1660956413659216,1.273972602739726,220.55
SPX270917C08600000,2026-06-08 18:46:28+00:00,8600.0,237.6,205.3,209.3,0.0,0.0,1.0,3.0,0.1839247295904159,False,REGULAR,USD,2027-09-17,7332.16015625,0.0363499975204467,call,1.1729149141224475,1.273972602739726,207.3
SPX270917C08700000,2026-05-08 18:47:43+00:00,8700.0,200.6,199.0,203.5,0.0,0.0,1.0,2.0,0.1888303812170029,False,REGULAR,USD,2027-09-17,7332.16015625,0.0363499975204467,call,1.1865534596354992,1.273972602739726,201.25
SPX270917C08750000,2026-06-04 18:22:14+00:00,8750.0,257.3,168.9,171.1,0.0,0.0,4.0,6.0,0.1794439356231689,False,REGULAR,USD,2027-09-17,7332.16015625,0.0363499975204467,call,1.1933727323920251,1.273972602739726,170.0
SPX270917C08800000,2026-06-09 14:43:57+00:00,8800.0,174.8,159.8,162.2,-68.59999,-28.184055,40.0,53.0,0.1791044309616088,False,REGULAR,USD,2027-09-17,7332.16015625,0.0363499975204467,call,1.2001920051485508,1.273972602739726,161.0
SPX270917C08900000,2026-06-02 15:03:16+00:00,8900.0,218.71,135.2,138.2,0.0,0.0,2.0,44.0,0.1751924980354308,False,REGULAR,USD,2027-09-17,7332.16015625,0.0363499975204467,call,1.2138305506616027,1.273972602739726,136.7
SPX270917C09000000,2026-06-08 14:50:06+00:00,9000.0,143.9,117.6,120.3,0.0,0.0,2.0,1044.0,0.1730829915428161,False,REGULAR,USD,2027-09-17,7332.16015625,0.0363499975204467,call,1.2274690961746544,1.273972602739726,118.95
SPX270917C09100000,2026-06-02 09:45:17+00:00,9100.0,163.07,104.1,106.4,0.0,0.0,1.0,9.0,0.1721340950870514,False,REGULAR,USD,2027-09-17,7332.16015625,0.0363499975204467,call,1.241107641687706,1.273972602739726,105.25
SPX270917C09200000,2026-06-05 19:55:34+00:00,9200.0,104.1,87.8,90.1,0.0,0.0,1.0,10.0,0.1691634292984009,False,REGULAR,USD,2027-09-17,7332.16015625,0.0363499975204467,call,1.2547461872007577,1.273972602739726,88.94999999999999
SPX270917C09300000,2026-06-09 14:48:37+00:00,9300.0,82.2,76.3,78.1,-9.25,-10.114818,5.0,1.0,0.1676852488899231,False,REGULAR,USD,2027-09-17,7332.16015625,0.0363499975204467,call,1.2683847327138096,1.273972602739726,77.19999999999999
SPX270917C09400000,2026-06-05 15:59:39+00:00,9400.0,89.67,66.2,68.1,0.0,0.0,5.0,22.0,0.1666743642234802,False,REGULAR,USD,2027-09-17,7332.16015625,0.0363499975204467,call,1.2820232782268612,1.273972602739726,67.15
SPX270917C09500000,2026-06-02 15:03:16+00:00,9500.0,98.58,55.9,57.8,0.0,0.0,4.0,81.0,0.1647079074478149,False,REGULAR,USD,2027-09-17,7332.16015625,0.0363499975204467,call,1.295661823739913,1.273972602739726,56.85
SPX270917C09550000,2026-05-11 17:06:16+00:00,9550.0,67.76,51.1,53.2,0.0,0.0,1.0,25.0,0.1637885746002197,False,REGULAR,USD,2027-09-17,7332.16015625,0.0363499975204467,call,1.3024810964964388,1.273972602739726,52.150000000000006
SPX270917C09600000,2026-06-08 14:15:46+00:00,9600.0,58.0,46.5,49.9,0.0,0.0,1.0,97.0,0.1636512468719483,False,REGULAR,USD,2027-09-17,7332.16015625,0.0363499975204467,call,1.3093003692529646,1.273972602739726,48.2
SPX270917C09800000,2026-06-04 18:21:42+00:00,9800.0,62.95,33.3,36.9,0.0,0.0,1.0,10.0,0.1616847900962829,False,REGULAR,USD,2027-09-17,7332.16015625,0.0363499975204467,call,1.336577460279068,1.273972602739726,35.099999999999994
SPX270917C10000000,2026-06-08 11:10:42+00:00,10000.0,33.0,27.3,29.0,0.0,0.0,1.0,525.0,0.1621139392471313,False,REGULAR,USD,2027-09-17,7332.16015625,0.0363499975204467,call,1.3638545513051714,1.273972602739726,28.15
SPX270917C10200000,2026-06-03 18:26:19+00:00,10200.0,34.84,20.3,21.9,0.0,0.0,106.0,54.0,0.1614406519126892,False,REGULAR,USD,2027-09-17,7332.16015625,0.0363499975204467,call,1.391131642331275,1.273972602739726,21.1
SPX270917C10400000,2026-06-03 18:23:33+00:00,10400.0,26.49,15.0,17.6,0.0,0.0,102.0,137.0,0.1626670648193359,False,REGULAR,USD,2027-09-17,7332.16015625,0.0363499975204467,call,1.4184087333573785,1.273972602739726,16.3
SPX270917C10600000,2026-05-21 13:54:31+00:00,10600.0,15.67,12.9,14.1,0.0,0.0,10.0,66.0,0.1637599646568298,False,REGULAR,USD,2027-09-17,7332.16015625,0.0363499975204467,call,1.4456858243834818,1.273972602739726,13.5
SPX270917C10800000,2026-05-28 15:38:01+00:00,10800.0,16.37,9.7,11.0,0.0,0.0,1.0,95.0,0.1641624111938476,False,REGULAR,USD,2027-09-17,7332.16015625,0.0363499975204467,call,1.4729629154095851,1.273972602739726,10.35
SPX270917C11000000,2026-06-05 18:27:18+00:00,11000.0,10.16,8.4,9.3,0.0,0.0,1.0,337.0,0.1664664653015137,False,REGULAR,USD,2027-09-17,7332.16015625,0.0363499975204467,call,1.5002400064356889,1.273972602739726,8.850000000000001
SPX270917C11200000,2026-06-08 19:14:13+00:00,11200.0,8.0,6.6,7.5,0.0,0.0,30.0,226.0,0.1675612724685669,False,REGULAR,USD,2027-09-17,7332.16015625,0.0363499975204467,call,1.527517097461792,1.273972602739726,7.05
SPX270917C11400000,2026-06-05 19:46:11+00:00,11400.0,6.9,5.5,6.4,0.0,0.0,4.0,81.0,0.169830994644165,False,REGULAR,USD,2027-09-17,7332.16015625,0.0363499975204467,call,1.5547941884878955,1.273972602739726,5.95
SPX270917C12000000,2026-06-09 15:24:48+00:00,12000.0,3.9,3.3,4.1,-0.17999983,-4.411761,5.0,203.0,0.1765447946929932,False,REGULAR,USD,2027-09-17,7332.16015625,0.0363499975204467,call,1.636625461566206,1.273972602739726,3.7
SPX271217C07300000,2026-06-08 18:33:43+00:00,7300.0,1001.77,921.2,927.1,0.0,0.0,4.0,1798.0,0.2537525415897369,True,REGULAR,USD,2027-12-17,7332.16015625,0.0363499975204467,call,0.9956138224527752,1.523287671232877,924.15
SPX271217C07350000,2026-06-04 16:33:22+00:00,7350.0,1071.45,889.7,904.4,0.0,0.0,2.0,583.0,0.2535403511762619,False,REGULAR,USD,2027-12-17,7332.16015625,0.0363499975204467,call,1.002433095209301,1.523287671232877,897.05
SPX271217C07400000,2026-06-08 18:00:24+00:00,7400.0,931.17,862.6,867.8,0.0,0.0,1.0,3433.0,0.2493327821683883,False,REGULAR,USD,2027-12-17,7332.16015625,0.0363499975204467,call,1.009252367965827,1.523287671232877,865.2
SPX271217C07450000,2026-06-05 17:08:21+00:00,7450.0,923.08,826.7,832.0,0.0,0.0,14.0,659.0,0.2452525274085998,False,REGULAR,USD,2027-12-17,7332.16015625,0.0363499975204467,call,1.016071640722353,1.523287671232877,829.35
SPX271217C07500000,2026-06-05 19:16:00+00:00,7500.0,846.53,798.9,804.5,0.0,0.0,25.0,3938.0,0.243375238289833,False,REGULAR,USD,2027-12-17,7332.16015625,0.0363499975204467,call,1.0228909134788786,1.523287671232877,801.7
SPX271217C07550000,2026-06-02 18:18:47+00:00,7550.0,958.53,767.2,773.6,0.0,0.0,25.0,805.0,0.2404422422599792,False,REGULAR,USD,2027-12-17,7332.16015625,0.0363499975204467,call,1.0297101862354046,1.523287671232877,770.4000000000001
SPX271217C07600000,2026-06-05 19:45:58+00:00,7600.0,796.09,732.4,751.3,0.0,0.0,22.0,5386.0,0.2397784915733337,False,REGULAR,USD,2027-12-17,7332.16015625,0.0363499975204467,call,1.0365294589919305,1.523287671232877,741.8499999999999
SPX271217C07650000,2026-06-08 15:53:42+00:00,7650.0,794.42,715.3,720.5,0.0,0.0,1.0,356.0,0.236644272274971,False,REGULAR,USD,2027-12-17,7332.16015625,0.0363499975204467,call,1.0433487317484562,1.523287671232877,717.9
SPX271217C07700000,2026-06-08 18:33:43+00:00,7700.0,752.82,686.2,691.5,0.0,0.0,2.0,613.0,0.2338900883913039,False,REGULAR,USD,2027-12-17,7332.16015625,0.0363499975204467,call,1.0501680045049822,1.523287671232877,688.85
SPX271217C07750000,2026-06-08 17:07:25+00:00,7750.0,719.37,658.6,663.8,0.0,0.0,4.0,482.0,0.2313747975349426,False,REGULAR,USD,2027-12-17,7332.16015625,0.0363499975204467,call,1.056987277261508,1.523287671232877,661.2
SPX271217C07800000,2026-06-08 16:58:53+00:00,7800.0,694.65,625.8,631.7,0.0,0.0,2.0,3682.0,0.2275134088420867,False,REGULAR,USD,2027-12-17,7332.16015625,0.0363499975204467,call,1.0638065500180338,1.523287671232877,628.75
SPX271217C07850000,2026-06-04 17:52:43+00:00,7850.0,765.6,601.6,606.0,0.0,0.0,300.0,674.0,0.225298999223709,False,REGULAR,USD,2027-12-17,7332.16015625,0.0363499975204467,call,1.0706258227745595,1.523287671232877,603.8
SPX271217C07900000,2026-06-05 17:14:36+00:00,7900.0,658.35,573.5,579.0,0.0,0.0,44.0,324.0,0.2225915449142455,False,REGULAR,USD,2027-12-17,7332.16015625,0.0363499975204467,call,1.0774450955310857,1.523287671232877,576.25
SPX271217C07950000,2026-06-08 16:59:28+00:00,7950.0,612.46,549.9,555.8,0.0,0.0,28.0,739.0,0.2208124832677841,False,REGULAR,USD,2027-12-17,7332.16015625,0.0363499975204467,call,1.0842643682876114,1.523287671232877,552.8499999999999
SPX271217C08000000,2026-06-09 14:01:44+00:00,8000.0,558.51,523.7,527.6,-22.070007,-3.8013723,5.0,13511.0,0.217492299337387,False,REGULAR,USD,2027-12-17,7332.16015625,0.0363499975204467,call,1.0910836410441371,1.523287671232877,525.6500000000001
SPX271217C08050000,2026-06-08 17:01:06+00:00,8050.0,557.65,501.3,507.3,0.0,0.0,20.0,181.0,0.2162596876096725,False,REGULAR,USD,2027-12-17,7332.16015625,0.0363499975204467,call,1.097902913800663,1.523287671232877,504.3
SPX271217C08100000,2026-06-08 16:58:12+00:00,8100.0,537.01,480.9,485.7,0.0,0.0,2.0,1107.0,0.2145254482078551,False,REGULAR,USD,2027-12-17,7332.16015625,0.0363499975204467,call,1.104722186557189,1.523287671232877,483.3
SPX271217C08150000,2026-06-05 19:08:50+00:00,8150.0,500.76,453.3,458.8,0.0,0.0,1.0,618.0,0.2111294479274749,False,REGULAR,USD,2027-12-17,7332.16015625,0.0363499975204467,call,1.1115414593137147,1.523287671232877,456.05
SPX271217C08200000,2026-06-09 15:15:40+00:00,8200.0,464.2,435.7,440.3,-10.169983,-2.1438925,6.0,4104.0,0.2099993551635742,False,REGULAR,USD,2027-12-17,7332.16015625,0.0363499975204467,call,1.118360732070241,1.523287671232877,438.0
SPX271217C08250000,2026-06-08 17:06:48+00:00,8250.0,460.9,410.9,416.0,0.0,0.0,2.0,15.0,0.2070387028551101,False,REGULAR,USD,2027-12-17,7332.16015625,0.0363499975204467,call,1.1251800048267664,1.523287671232877,413.45
SPX271217C08300000,2026-06-08 19:09:59+00:00,8300.0,434.3,390.4,395.1,0.0,0.0,9.0,1532.0,0.2049105998992919,False,REGULAR,USD,2027-12-17,7332.16015625,0.0363499975204467,call,1.1319992775832923,1.523287671232877,392.75
SPX271217C08350000,2026-06-08 17:07:25+00:00,8350.0,418.45,369.5,374.2,0.0,0.0,6.0,31.0,0.2026227580928802,False,REGULAR,USD,2027-12-17,7332.16015625,0.0363499975204467,call,1.1388185503398185,1.523287671232877,371.85
SPX271217C08400000,2026-06-09 14:23:13+00:00,8400.0,376.9,350.3,354.9,-24.0,-5.9865303,4.0,4478.0,0.2006524866580962,False,REGULAR,USD,2027-12-17,7332.16015625,0.0363499975204467,call,1.145637823096344,1.523287671232877,352.6
SPX271217C08450000,2026-06-03 17:29:39+00:00,8450.0,445.5,334.9,339.1,0.0,0.0,7.0,13.0,0.1995920114231109,False,REGULAR,USD,2027-12-17,7332.16015625,0.0363499975204467,call,1.15245709585287,1.523287671232877,337.0
SPX271217C08500000,2026-06-08 17:16:01+00:00,8500.0,355.65,317.6,321.9,0.0,0.0,222.0,2494.0,0.1979555226612091,False,REGULAR,USD,2027-12-17,7332.16015625,0.0363499975204467,call,1.159276368609396,1.523287671232877,319.75
SPX271217C08550000,2026-06-08 17:16:01+00:00,8550.0,337.07,298.0,303.6,0.0,0.0,222.0,114.0,0.1958116842365265,False,REGULAR,USD,2027-12-17,7332.16015625,0.0363499975204467,call,1.1660956413659216,1.523287671232877,300.8
SPX271217C08600000,2026-06-08 16:58:12+00:00,8600.0,324.2,280.4,285.4,0.0,0.0,2.0,1306.0,0.1935195509386062,False,REGULAR,USD,2027-12-17,7332.16015625,0.0363499975204467,call,1.1729149141224475,1.523287671232877,282.9
SPX271217C08650000,2026-05-29 19:30:10+00:00,8650.0,367.2,262.8,269.8,0.0,0.0,583.0,980.0,0.1918887841653824,False,REGULAR,USD,2027-12-17,7332.16015625,0.0363499975204467,call,1.1797341868789737,1.523287671232877,266.3
SPX271217C08700000,2026-06-08 17:06:48+00:00,8700.0,286.42,252.2,255.9,0.0,0.0,2.0,1321.0,0.1906547419404983,False,REGULAR,USD,2027-12-17,7332.16015625,0.0363499975204467,call,1.1865534596354992,1.523287671232877,254.05
SPX271217C08750000,2026-06-08 17:06:48+00:00,8750.0,270.62,234.1,239.4,0.0,0.0,2.0,61.0,0.1883792977762222,False,REGULAR,USD,2027-12-17,7332.16015625,0.0363499975204467,call,1.1933727323920251,1.523287671232877,236.75
SPX271217C08800000,2026-06-04 13:58:55+00:00,8800.0,303.3,221.4,225.6,0.0,0.0,41.0,1654.0,0.1868386523246765,False,REGULAR,USD,2027-12-17,7332.16015625,0.0363499975204467,call,1.2001920051485508,1.523287671232877,223.5
SPX271217C08900000,2026-05-29 19:54:49+00:00,8900.0,280.05,198.2,201.9,0.0,0.0,2.0,311.0,0.1846347330188751,False,REGULAR,USD,2027-12-17,7332.16015625,0.0363499975204467,call,1.2138305506616027,1.523287671232877,200.05
SPX271217C09000000,2026-06-08 19:54:55+00:00,9000.0,188.8,175.4,178.8,-6.199997,-3.1794856,2.0,4880.0,0.182002618227005,False,REGULAR,USD,2027-12-17,7332.16015625,0.0363499975204467,call,1.2274690961746544,1.523287671232877,177.10000000000002
SPX271217C09100000,2026-06-08 16:58:53+00:00,9100.0,180.58,150.7,159.8,0.0,0.0,2.0,142.0,0.180295558271408,False,REGULAR,USD,2027-12-17,7332.16015625,0.0363499975204467,call,1.241107641687706,1.523287671232877,155.25
SPX271217C09200000,2026-06-05 19:09:17+00:00,9200.0,154.8,133.8,137.8,0.0,0.0,7.0,2014.0,0.1766806919240951,False,REGULAR,USD,2027-12-17,7332.16015625,0.0363499975204467,call,1.2547461872007577,1.523287671232877,135.8
SPX271217C09300000,2026-06-08 17:16:01+00:00,9300.0,138.14,119.7,123.0,0.0,0.0,180.0,91.0,0.175432821559906,False,REGULAR,USD,2027-12-17,7332.16015625,0.0363499975204467,call,1.2683847327138096,1.523287671232877,121.35
SPX271217C09400000,2026-06-08 17:01:06+00:00,9400.0,122.69,102.9,106.7,0.0,0.0,42.0,1339.0,0.1728617413139343,False,REGULAR,USD,2027-12-17,7332.16015625,0.0363499975204467,call,1.2820232782268612,1.523287671232877,104.8
SPX271217C09500000,2026-06-05 19:07:16+00:00,9500.0,106.9,91.4,95.0,0.0,0.0,5.0,2490.0,0.171868976278305,False,REGULAR,USD,2027-12-17,7332.16015625,0.0363499975204467,call,1.295661823739913,1.523287671232877,93.2
SPX271217C09550000,2026-06-08 17:06:48+00:00,9550.0,100.59,86.6,89.5,0.0,0.0,2.0,85.0,0.1713473216438293,False,REGULAR,USD,2027-12-17,7332.16015625,0.0363499975204467,call,1.3024810964964388,1.523287671232877,88.05
SPX271217C09600000,2026-06-05 18:10:43+00:00,9600.0,102.16,79.4,82.8,0.0,0.0,3.0,431.0,0.1700217276000977,False,REGULAR,USD,2027-12-17,7332.16015625,0.0363499975204467,call,1.3093003692529646,1.523287671232877,81.1
SPX271217C09800000,2026-06-08 17:27:16+00:00,9800.0,72.8,59.1,63.5,0.0,0.0,32.0,3185.0,0.1673381149101257,False,REGULAR,USD,2027-12-17,7332.16015625,0.0363499975204467,call,1.336577460279068,1.523287671232877,61.3
SPX271217C10000000,2026-06-08 18:36:56+00:00,10000.0,56.5,49.5,51.6,0.0,0.0,92.0,5831.0,0.1674001031208038,False,REGULAR,USD,2027-12-17,7332.16015625,0.0363499975204467,call,1.3638545513051714,1.523287671232877,50.55
SPX271217C10200000,2026-06-05 19:22:31+00:00,10200.0,42.2,36.8,39.3,0.0,0.0,4.0,514.0,0.1653087162590027,False,REGULAR,USD,2027-12-17,7332.16015625,0.0363499975204467,call,1.391131642331275,1.523287671232877,38.05
SPX271217C10400000,2026-06-05 18:10:43+00:00,10400.0,37.43,28.2,30.8,0.0,0.0,3.0,360.0,0.1645362477874755,False,REGULAR,USD,2027-12-17,7332.16015625,0.0363499975204467,call,1.4184087333573785,1.523287671232877,29.5
SPX271217C10600000,2026-06-05 19:54:12+00:00,10600.0,27.34,23.2,25.3,0.0,0.0,10.0,1021.0,0.1653430481910706,False,REGULAR,USD,2027-12-17,7332.16015625,0.0363499975204467,call,1.4456858243834818,1.523287671232877,24.25
SPX271217C10800000,2026-06-09 13:02:34+00:00,10800.0,22.67,18.8,20.6,1.2700005,5.9345818,2.0,1051.0,0.1658828224563599,False,REGULAR,USD,2027-12-17,7332.16015625,0.0363499975204467,call,1.4729629154095851,1.523287671232877,19.700000000000003
SPX271217C11000000,2026-06-08 17:35:40+00:00,11000.0,18.48,15.2,16.9,0.0,0.0,4.0,5995.0,0.1666304956436157,False,REGULAR,USD,2027-12-17,7332.16015625,0.0363499975204467,call,1.5002400064356889,1.523287671232877,16.049999999999997
SPX271217C11200000,2026-06-08 13:43:54+00:00,11200.0,15.51,13.1,14.5,0.0,0.0,1.0,337.0,0.1685073079299927,False,REGULAR,USD,2027-12-17,7332.16015625,0.0363499975204467,call,1.527517097461792,1.523287671232877,13.8
SPX271217C12000000,2026-06-09 15:22:02+00:00,12000.0,7.6,6.6,7.8,-0.20000029,-2.5641062,8.0,9845.0,0.1748320127487182,False,REGULAR,USD,2027-12-17,7332.16015625,0.0363499975204467,call,1.636625461566206,1.523287671232877,7.199999999999999
SPX281215C07300000,2026-06-05 14:19:07+00:00,7300.0,1422.04,1263.5,1279.6,0.0,0.0,4.0,475.0,0.2746783310174942,True,REGULAR,USD,2028-12-15,7332.16015625,0.0363499975204467,call,0.9956138224527752,2.5205479452054798,1271.55
SPX281215C07400000,2026-06-05 17:26:18+00:00,7400.0,1314.1,1203.9,1220.9,0.0,0.0,2.0,1277.0,0.2708264789724349,False,REGULAR,USD,2028-12-15,7332.16015625,0.0363499975204467,call,1.009252367965827,2.5205479452054798,1212.4
SPX281215C07450000,2026-06-05 15:29:36+00:00,7450.0,1310.84,1174.5,1193.1,0.0,0.0,2.0,10.0,0.2691585192728042,False,REGULAR,USD,2028-12-15,7332.16015625,0.0363499975204467,call,1.016071640722353,2.5205479452054798,1183.8
SPX281215C07500000,2026-06-08 18:00:24+00:00,7500.0,1225.17,1073.4,1244.9,0.0,0.0,1.0,404.0,0.2848119729661941,False,REGULAR,USD,2028-12-15,7332.16015625,0.0363499975204467,call,1.0228909134788786,2.5205479452054798,1159.15
SPX281215C07550000,2026-06-02 14:10:09+00:00,7550.0,1302.5,1120.0,1136.1,0.0,0.0,1.0,11.0,0.2653486284780503,False,REGULAR,USD,2028-12-15,7332.16015625,0.0363499975204467,call,1.0297101862354046,2.5205479452054798,1128.05
SPX281215C07600000,2026-06-05 19:36:48+00:00,7600.0,1153.98,1091.1,1105.8,0.0,0.0,17.0,623.0,0.2629692348527909,False,REGULAR,USD,2028-12-15,7332.16015625,0.0363499975204467,call,1.0365294589919305,2.5205479452054798,1098.4499999999998
SPX281215C07650000,2026-06-01 18:51:43+00:00,7650.0,1254.5,1059.0,1074.3,0.0,0.0,1.0,3.0,0.2602751318502426,False,REGULAR,USD,2028-12-15,7332.16015625,0.0363499975204467,call,1.0433487317484562,2.5205479452054798,1066.65
SPX281215C07700000,2026-06-04 17:05:58+00:00,7700.0,1211.53,1033.8,1050.0,0.0,0.0,16.0,568.0,0.2590811435461044,False,REGULAR,USD,2028-12-15,7332.16015625,0.0363499975204467,call,1.0501680045049822,2.5205479452054798,1041.9
SPX281215C07750000,2026-06-05 13:55:40+00:00,7750.0,1141.28,956.4,1066.1,0.0,0.0,2.0,199.0,0.2665473851060868,False,REGULAR,USD,2028-12-15,7332.16015625,0.0363499975204467,call,1.056987277261508,2.5205479452054798,1011.25
SPX281215C07800000,2026-06-05 17:26:18+00:00,7800.0,1077.1,984.6,1000.9,0.0,0.0,6.0,567.0,0.2564027760124207,False,REGULAR,USD,2028-12-15,7332.16015625,0.0363499975204467,call,1.0638065500180338,2.5205479452054798,992.75
SPX281215C07850000,2026-06-05 19:36:48+00:00,7850.0,1011.28,950.2,966.8,0.0,0.0,1.0,1.0,0.2529152239131927,False,REGULAR,USD,2028-12-15,7332.16015625,0.0363499975204467,call,1.0706258227745595,2.5205479452054798,958.5
SPX281215C07900000,2026-06-04 19:59:24+00:00,7900.0,1102.76,921.7,937.3,0.0,0.0,176.0,495.0,0.250358448638916,False,REGULAR,USD,2028-12-15,7332.16015625,0.0363499975204467,call,1.0774450955310857,2.5205479452054798,929.5
SPX281215C07950000,2026-06-05 15:29:36+00:00,7950.0,1017.44,890.5,908.8,0.0,0.0,2.0,0.0,0.2479542597293853,False,REGULAR,USD,2028-12-15,7332.16015625,0.0363499975204467,call,1.0842643682876114,2.5205479452054798,899.65
SPX281215C08000000,2026-06-05 16:32:44+00:00,8000.0,966.47,822.6,926.7,0.0,0.0,62.0,4789.0,0.255476290678978,False,REGULAR,USD,2028-12-15,7332.16015625,0.0363499975204467,call,1.0910836410441371,2.5205479452054798,874.6500000000001
SPX281215C08050000,2026-05-15 14:07:07+00:00,8050.0,905.61,844.0,860.6,0.0,0.0,4.0,15.0,0.2448491272068024,False,REGULAR,USD,2028-12-15,7332.16015625,0.0363499975204467,call,1.097902913800663,2.5205479452054798,852.3
SPX281215C08100000,2026-06-05 17:09:21+00:00,8100.0,908.56,819.5,835.4,0.0,0.0,18.0,150.0,0.2429623014402389,False,REGULAR,USD,2028-12-15,7332.16015625,0.0363499975204467,call,1.104722186557189,2.5205479452054798,827.45
SPX281215C08200000,2026-06-04 15:03:18+00:00,8200.0,913.54,769.7,786.4,0.0,0.0,1.0,751.0,0.2392902152061461,False,REGULAR,USD,2028-12-15,7332.16015625,0.0363499975204467,call,1.118360732070241,2.5205479452054798,778.05
SPX281215C08300000,2026-06-04 16:24:46+00:00,8300.0,873.0,715.4,734.1,0.0,0.0,80.0,634.0,0.2346248871040344,False,REGULAR,USD,2028-12-15,7332.16015625,0.0363499975204467,call,1.1319992775832923,2.5205479452054798,724.75
SPX281215C08350000,2026-06-09 13:37:22+00:00,8350.0,773.52,701.4,716.4,-33.929993,-4.202117,1.0,4.0,0.2340255087900161,False,REGULAR,USD,2028-12-15,7332.16015625,0.0363499975204467,call,1.1388185503398185,2.5205479452054798,708.9
SPX281215C08400000,2026-06-03 17:08:32+00:00,8400.0,815.1,669.2,689.2,0.0,0.0,6.0,1269.0,0.2312827688837051,False,REGULAR,USD,2028-12-15,7332.16015625,0.0363499975204467,call,1.145637823096344,2.5205479452054798,679.2
SPX281215C08450000,2026-06-05 15:53:21+00:00,8450.0,749.67,646.6,667.9,0.0,0.0,1.0,1.0,0.2297559515714645,False,REGULAR,USD,2028-12-15,7332.16015625,0.0363499975204467,call,1.15245709585287,2.5205479452054798,657.25
SPX281215C08500000,2026-06-05 15:53:21+00:00,8500.0,725.82,623.8,642.1,0.0,0.0,1.0,298.0,0.2271634138679504,False,REGULAR,USD,2028-12-15,7332.16015625,0.0363499975204467,call,1.159276368609396,2.5205479452054798,632.95
SPX281215C08550000,2026-05-11 17:10:41+00:00,8550.0,637.82,607.2,622.8,0.0,0.0,2.0,2.0,0.225930325307846,False,REGULAR,USD,2028-12-15,7332.16015625,0.0363499975204467,call,1.1660956413659216,2.5205479452054798,615.0
SPX281215C08600000,2026-06-08 15:51:06+00:00,8600.0,655.44,581.6,602.2,0.0,0.0,30.0,3240.0,0.2243357977962493,False,REGULAR,USD,2028-12-15,7332.16015625,0.0363499975204467,call,1.1729149141224475,2.5205479452054798,591.9000000000001
SPX281215C08700000,2026-06-04 13:45:08+00:00,8700.0,655.27,540.2,557.4,0.0,0.0,2.0,33.0,0.2201029566717147,False,REGULAR,USD,2028-12-15,7332.16015625,0.0363499975204467,call,1.1865534596354992,2.5205479452054798,548.8
SPX281215C08750000,2026-06-08 13:33:38+00:00,8750.0,591.0,525.2,539.8,0.0,0.0,25.0,16.0,0.2189509296178817,False,REGULAR,USD,2028-12-15,7332.16015625,0.0363499975204467,call,1.1933727323920251,2.5205479452054798,532.5
SPX281215C08800000,2026-06-03 17:08:21+00:00,8800.0,629.7,466.0,552.8,0.0,0.0,5.0,644.0,0.2247120185518264,False,REGULAR,USD,2028-12-15,7332.16015625,0.0363499975204467,call,1.2001920051485508,2.5205479452054798,509.4
SPX281215C09000000,2026-06-04 19:41:51+00:00,9000.0,560.4,435.4,448.0,0.0,0.0,1.0,2030.0,0.2111475675582885,False,REGULAR,USD,2028-12-15,7332.16015625,0.0363499975204467,call,1.2274690961746544,2.5205479452054798,441.7
SPX281215C09100000,2026-06-03 15:18:36+00:00,9100.0,517.29,362.9,442.1,0.0,0.0,25.0,38.0,0.2148539857244491,False,REGULAR,USD,2028-12-15,7332.16015625,0.0363499975204467,call,1.241107641687706,2.5205479452054798,402.5
SPX281215C09200000,2026-06-05 19:23:42+00:00,9200.0,401.0,368.2,380.3,0.0,0.0,1.0,539.0,0.2047370329093932,False,REGULAR,USD,2028-12-15,7332.16015625,0.0363499975204467,call,1.2547461872007577,2.5205479452054798,374.25
SPX281215C09300000,2026-06-02 16:17:36+00:00,9300.0,458.3,336.4,351.1,0.0,0.0,1.0,200.0,0.2021554623508453,False,REGULAR,USD,2028-12-15,7332.16015625,0.0363499975204467,call,1.2683847327138096,2.5205479452054798,343.75
SPX281215C09400000,2026-06-03 17:09:26+00:00,9400.0,406.5,311.3,322.4,0.0,0.0,3.0,581.0,0.1993502574014663,False,REGULAR,USD,2028-12-15,7332.16015625,0.0363499975204467,call,1.2820232782268612,2.5205479452054798,316.85
SPX281215C09500000,2026-06-03 17:08:23+00:00,9500.0,375.4,283.3,294.3,0.0,0.0,2.0,480.0,0.1963300010442733,False,REGULAR,USD,2028-12-15,7332.16015625,0.0363499975204467,call,1.295661823739913,2.5205479452054798,288.8
SPX281215C09550000,2026-05-14 15:58:26+00:00,9550.0,345.0,270.8,281.6,0.0,0.0,100.0,185.0,0.1950411230945587,False,REGULAR,USD,2028-12-15,7332.16015625,0.0363499975204467,call,1.3024810964964388,2.5205479452054798,276.20000000000005
SPX281215C09600000,2026-06-05 16:08:33+00:00,9600.0,316.3,257.7,270.9,0.0,0.0,1.0,514.0,0.19421667989254,False,REGULAR,USD,2028-12-15,7332.16015625,0.0363499975204467,call,1.3093003692529646,2.5205479452054798,264.29999999999995
SPX281215C09800000,2026-06-04 15:35:01+00:00,9800.0,295.52,189.4,250.7,0.0,0.0,100.0,1294.0,0.1967434147262572,False,REGULAR,USD,2028-12-15,7332.16015625,0.0363499975204467,call,1.336577460279068,2.5205479452054798,220.05
SPX281215C10000000,2026-06-08 18:12:57+00:00,10000.0,206.77,177.9,190.7,0.0,0.0,75.0,2486.0,0.1862035115814208,False,REGULAR,USD,2028-12-15,7332.16015625,0.0363499975204467,call,1.3638545513051714,2.5205479452054798,184.3
SPX281215C10200000,2026-06-08 13:48:27+00:00,10200.0,177.0,149.1,159.8,0.0,0.0,24.0,71.0,0.1830616629648208,False,REGULAR,USD,2028-12-15,7332.16015625,0.0363499975204467,call,1.391131642331275,2.5205479452054798,154.45
SPX281215C10400000,2026-06-03 17:08:39+00:00,10400.0,176.0,123.9,134.6,0.0,0.0,4.0,314.0,0.1806670107030868,False,REGULAR,USD,2028-12-15,7332.16015625,0.0363499975204467,call,1.4184087333573785,2.5205479452054798,129.25
SPX281215C10800000,2026-06-08 19:20:05+00:00,10800.0,97.8,88.5,96.7,0.0,0.0,2.0,404.0,0.1774288419437408,False,REGULAR,USD,2028-12-15,7332.16015625,0.0363499975204467,call,1.4729629154095851,2.5205479452054798,92.6
SPX281215C11000000,2026-06-05 20:01:51+00:00,11000.0,82.3,71.9,80.5,0.0,0.0,3.0,3784.0,0.1753956286334991,False,REGULAR,USD,2028-12-15,7332.16015625,0.0363499975204467,call,1.5002400064356889,2.5205479452054798,76.2
SPX281215C11200000,2026-06-08 19:56:40+00:00,11200.0,69.61,59.7,67.8,0.0,0.0,20.0,365.0,0.1740833858966827,False,REGULAR,USD,2028-12-15,7332.16015625,0.0363499975204467,call,1.527517097461792,2.5205479452054798,63.75
SPX281215C11400000,2026-06-03 17:27:26+00:00,11400.0,73.7,51.2,58.9,0.0,0.0,6.0,1009.0,0.1740690809249878,False,REGULAR,USD,2028-12-15,7332.16015625,0.0363499975204467,call,1.5547941884878955,2.5205479452054798,55.05
SPX281215C12000000,2026-06-09 15:21:19+00:00,12000.0,37.29,33.5,38.9,0.29000092,0.78378624,5.0,1946.0,0.1743933269500732,False,REGULAR,USD,2028-12-15,7332.16015625,0.0363499975204467,call,1.636625461566206,2.5205479452054798,36.2
SPX281215C13000000,2026-06-08 17:24:38+00:00,13000.0,20.86,18.2,22.0,0.0,0.0,3.0,172.0,0.1783414991378784,False,REGULAR,USD,2028-12-15,7332.16015625,0.0363499975204467,call,1.773010916696723,2.5205479452054798,20.1
SPX291221C07300000,2026-06-08 16:32:09+00:00,7300.0,1664.45,1411.4,1711.4,0.0,0.0,10.0,153.0,0.3131582280445099,True,REGULAR,USD,2029-12-21,7332.16015625,0.0363499975204467,call,0.9956138224527752,3.536986301369863,1561.4
SPX291221C07400000,2026-06-05 19:53:20+00:00,7400.0,1583.58,1481.9,1564.7,0.0,0.0,404.0,204.0,0.2927223838973044,False,REGULAR,USD,2029-12-21,7332.16015625,0.0363499975204467,call,1.009252367965827,3.536986301369863,1523.3000000000002
SPX291221C07500000,2026-06-05 19:44:49+00:00,7500.0,1521.94,1295.3,1595.3,0.0,0.0,114.0,626.0,0.3055670563983917,False,REGULAR,USD,2029-12-21,7332.16015625,0.0363499975204467,call,1.0228909134788786,3.536986301369863,1445.3
SPX291221C07600000,2026-06-08 16:32:09+00:00,7600.0,1491.89,1365.9,1457.8,0.0,0.0,10.0,386.0,0.2868306428885459,False,REGULAR,USD,2029-12-21,7332.16015625,0.0363499975204467,call,1.0365294589919305,3.536986301369863,1411.85
SPX291221C07700000,2026-06-05 19:34:13+00:00,7700.0,1409.72,1299.8,1410.6,0.0,0.0,284.0,506.0,0.2848317615103721,False,REGULAR,USD,2029-12-21,7332.16015625,0.0363499975204467,call,1.0501680045049822,3.536986301369863,1355.1999999999998
SPX291221C07800000,2026-06-05 19:53:20+00:00,7800.0,1359.08,1266.6,1345.0,0.0,0.0,404.0,463.0,0.2793036051988601,False,REGULAR,USD,2029-12-21,7332.16015625,0.0363499975204467,call,1.0638065500180338,3.536986301369863,1305.8
SPX291221C07900000,2026-06-09 14:27:12+00:00,7900.0,1314.84,1210.3,1290.6,14.049927,1.0801072,1.0,58.0,0.2757037590718268,False,REGULAR,USD,2029-12-21,7332.16015625,0.0363499975204467,call,1.0774450955310857,3.536986301369863,1250.4499999999998
SPX291221C08000000,2026-06-05 18:18:17+00:00,8000.0,1277.11,1159.3,1239.6,0.0,0.0,18.0,340.0,0.2725828910803795,False,REGULAR,USD,2029-12-21,7332.16015625,0.0363499975204467,call,1.0910836410441371,3.536986301369863,1199.4499999999998
SPX291221C08100000,2026-06-04 19:25:54+00:00,8100.0,1320.71,1001.8,1301.8,0.0,0.0,4.0,7.0,0.2899453120589256,False,REGULAR,USD,2029-12-21,7332.16015625,0.0363499975204467,call,1.104722186557189,3.536986301369863,1151.8
SPX291221C08200000,2026-05-06 19:31:53+00:00,8200.0,1063.43,1102.8,1186.2,0.0,0.0,1.0,162.0,0.2747355509042739,False,REGULAR,USD,2029-12-21,7332.16015625,0.0363499975204467,call,1.118360732070241,3.536986301369863,1144.5
SPX291221C08300000,2026-05-18 13:55:57+00:00,8300.0,1094.96,1001.8,1095.2,0.0,0.0,4.0,279.0,0.2638899981975555,False,REGULAR,USD,2029-12-21,7332.16015625,0.0363499975204467,call,1.1319992775832923,3.536986301369863,1048.5
SPX291221C08400000,2026-06-01 19:45:36+00:00,8400.0,1160.2,943.3,1042.1,0.0,0.0,1.0,2527.0,0.259781610326767,False,REGULAR,USD,2029-12-21,7332.16015625,0.0363499975204467,call,1.145637823096344,3.536986301369863,992.7
SPX291221C08600000,2026-06-03 17:43:47+00:00,8600.0,1049.67,862.1,953.1,0.0,0.0,2.0,669.0,0.2542105391001701,False,REGULAR,USD,2029-12-21,7332.16015625,0.0363499975204467,call,1.1729149141224475,3.536986301369863,907.6
SPX291221C08700000,2026-06-08 17:39:36+00:00,8700.0,915.78,806.5,910.3,0.0,0.0,1.0,1.0,0.2514899718999862,False,REGULAR,USD,2029-12-21,7332.16015625,0.0363499975204467,call,1.1865534596354992,3.536986301369863,858.4
SPX291221C08800000,2026-04-10 19:51:40+00:00,8800.0,490.0,809.7,882.9,0.0,0.0,6.0,116.0,0.2514327520132065,False,REGULAR,USD,2029-12-21,7332.16015625,0.0363499975204467,call,1.2001920051485508,3.536986301369863,846.3
SPX291221C09000000,2026-06-05 15:37:47+00:00,9000.0,824.63,680.7,779.4,0.0,0.0,1.0,1288.0,0.2418336391735077,False,REGULAR,USD,2029-12-21,7332.16015625,0.0363499975204467,call,1.2274690961746544,3.536986301369863,730.05
SPX291221C09200000,2026-06-03 17:59:00+00:00,9200.0,781.7,601.1,707.0,0.0,0.0,1.0,201.0,0.2372751215267181,False,REGULAR,USD,2029-12-21,7332.16015625,0.0363499975204467,call,1.2547461872007577,3.536986301369863,654.05
SPX291221C09500000,2026-05-26 17:12:18+00:00,9500.0,616.56,501.7,597.9,0.0,0.0,1.0,123.0,0.2289672707986831,False,REGULAR,USD,2029-12-21,7332.16015625,0.0363499975204467,call,1.295661823739913,3.536986301369863,549.8
SPX291221C09800000,2026-05-26 15:29:27+00:00,9800.0,519.02,400.7,500.1,0.0,0.0,1.0,17.0,0.2210969137883185,False,REGULAR,USD,2029-12-21,7332.16015625,0.0363499975204467,call,1.336577460279068,3.536986301369863,450.4
SPX291221C10000000,2026-06-08 14:36:31+00:00,10000.0,442.0,351.6,442.7,0.0,0.0,190.0,6226.0,0.2164222874546051,False,REGULAR,USD,2029-12-21,7332.16015625,0.0363499975204467,call,1.3638545513051714,3.536986301369863,397.15
SPX291221C10200000,2026-05-06 17:32:44+00:00,10200.0,314.3,336.2,413.1,0.0,0.0,1.0,111.0,0.2169959168195724,False,REGULAR,USD,2029-12-21,7332.16015625,0.0363499975204467,call,1.391131642331275,3.536986301369863,374.65
SPX291221C10400000,2026-05-08 19:53:09+00:00,10400.0,298.21,290.1,364.8,0.0,0.0,3.0,214.0,0.2128574885082244,False,REGULAR,USD,2029-12-21,7332.16015625,0.0363499975204467,call,1.4184087333573785,3.536986301369863,327.45000000000005
SPX291221C10600000,2026-05-08 19:53:09+00:00,10600.0,258.76,248.7,322.0,0.0,0.0,3.0,62.0,0.2091777729558944,False,REGULAR,USD,2029-12-21,7332.16015625,0.0363499975204467,call,1.4456858243834818,3.536986301369863,285.35
SPX291221C10800000,2026-04-22 15:02:15+00:00,10800.0,151.0,212.2,283.9,0.0,0.0,99.0,9.0,0.2058423303890228,False,REGULAR,USD,2029-12-21,7332.16015625,0.0363499975204467,call,1.4729629154095851,3.536986301369863,248.05
SPX301220C07300000,2026-06-01 17:04:47+00:00,7300.0,2046.7,1772.1,1942.0,0.0,0.0,2.0,98.0,0.3155595559597015,True,REGULAR,USD,2030-12-20,7332.16015625,0.0363499975204467,call,0.9956138224527752,4.534246575342466,1857.05
SPX301220C07400000,2026-06-03 16:17:23+00:00,7400.0,1984.29,1712.8,1895.0,0.0,0.0,1.0,10.0,0.3138191177368163,False,REGULAR,USD,2030-12-20,7332.16015625,0.0363499975204467,call,1.009252367965827,4.534246575342466,1803.9
SPX301220C07500000,2026-06-08 15:08:11+00:00,7500.0,1850.0,1600.4,1900.4,-2.709961,-0.14627011,1.0,131.0,0.320783254790306,False,REGULAR,USD,2030-12-20,7332.16015625,0.0363499975204467,call,1.0228909134788786,4.534246575342466,1750.4
SPX301220C07600000,2026-06-09 13:30:02+00:00,7600.0,1784.74,1598.7,1785.4,-11.800049,-0.65682083,11.0,29.0,0.3074276563835143,False,REGULAR,USD,2030-12-20,7332.16015625,0.0363499975204467,call,1.0365294589919305,4.534246575342466,1692.0500000000002
SPX301220C07800000,2026-05-29 16:12:32+00:00,7800.0,1749.9,1498.7,1693.1,0.0,0.0,4.0,39.0,0.3035471943950652,False,REGULAR,USD,2030-12-20,7332.16015625,0.0363499975204467,call,1.0638065500180338,4.534246575342466,1595.9
SPX301220C07900000,2026-05-21 16:15:33+00:00,7900.0,1577.98,1436.0,1626.3,0.0,0.0,1.0,2.0,0.2980729201436042,False,REGULAR,USD,2030-12-20,7332.16015625,0.0363499975204467,call,1.0774450955310857,4.534246575342466,1531.15
SPX301220C08000000,2026-06-09 13:30:02+00:00,8000.0,1571.29,1366.8,1581.0,-80.80994,-4.8913465,11.0,4259.0,0.2960373226714134,False,REGULAR,USD,2030-12-20,7332.16015625,0.0363499975204467,call,1.0910836410441371,4.534246575342466,1473.9
SPX301220C08200000,2026-06-05 15:13:25+00:00,8200.0,1511.54,1273.3,1480.1,0.0,0.0,1.0,459.0,0.2899980020380019,False,REGULAR,USD,2030-12-20,7332.16015625,0.0363499975204467,call,1.118360732070241,4.534246575342466,1376.6999999999998
SPX301220C08300000,2026-06-05 15:13:25+00:00,8300.0,1460.54,1224.7,1449.4,0.0,0.0,1.0,101.0,0.2900244662356376,False,REGULAR,USD,2030-12-20,7332.16015625,0.0363499975204467,call,1.1319992775832923,4.534246575342466,1337.0500000000002
SPX301220C08400000,2026-05-01 15:30:09+00:00,8400.0,1172.8,1258.9,1422.0,0.0,0.0,2.0,104.0,0.2904724502658843,False,REGULAR,USD,2030-12-20,7332.16015625,0.0363499975204467,call,1.145637823096344,4.534246575342466,1340.45
SPX301220C08600000,2026-05-29 17:35:03+00:00,8600.0,1350.0,1077.4,1291.1,0.0,0.0,3.0,183.0,0.2788181898260116,False,REGULAR,USD,2030-12-20,7332.16015625,0.0363499975204467,call,1.1729149141224475,4.534246575342466,1184.25
SPX301220C08700000,2026-06-03 13:59:33+00:00,8700.0,1298.56,1016.2,1316.2,0.0,0.0,18.0,19.0,0.2873854373741149,False,REGULAR,USD,2030-12-20,7332.16015625,0.0363499975204467,call,1.1865534596354992,4.534246575342466,1166.2
SPX301220C08800000,2026-05-29 17:38:50+00:00,8800.0,1243.0,1006.9,1190.4,0.0,0.0,1.0,63.0,0.2716204049015044,False,REGULAR,USD,2030-12-20,7332.16015625,0.0363499975204467,call,1.2001920051485508,4.534246575342466,1098.65
SPX301220C09000000,2026-05-13 19:43:23+00:00,9000.0,1060.31,870.3,1170.3,0.0,0.0,1.0,864.0,0.2769525831007957,False,REGULAR,USD,2030-12-20,7332.16015625,0.0363499975204467,call,1.2274690961746544,4.534246575342466,1020.3
SPX301220C09400000,2025-12-17 16:44:20+00:00,9400.0,506.8,613.3,657.2,0.0,0.0,1.0,0.0,0.2087309810066222,False,REGULAR,USD,2030-12-20,7332.16015625,0.0363499975204467,call,1.2820232782268612,4.534246575342466,635.25
SPX301220C09600000,2025-10-10 15:28:15+00:00,9600.0,465.0,385.3,448.8,0.0,0.0,1.0,17.0,0.1792255463886261,False,REGULAR,USD,2030-12-20,7332.16015625,0.0363499975204467,call,1.3093003692529646,4.534246575342466,417.05
SPX301220C09800000,2026-05-21 15:39:05+00:00,9800.0,721.6,610.9,793.6,0.0,0.0,1.0,757.0,0.2460574204826354,False,REGULAR,USD,2030-12-20,7332.16015625,0.0363499975204467,call,1.336577460279068,4.534246575342466,702.25
SPX311219C07600000,2026-06-08 19:30:45+00:00,7600.0,2032.26,1823.3,2123.3,0.0,0.0,76.0,297.0,0.3298201822423934,False,REGULAR,USD,2031-12-19,7332.16015625,0.0363499975204467,call,1.0365294589919305,5.531506849315068,1973.3
SPX311219C08000000,2026-06-02 18:41:23+00:00,8000.0,1960.62,1671.0,1892.1,0.0,0.0,1.0,97.0,0.3142921354675292,False,REGULAR,USD,2031-12-19,7332.16015625,0.0363499975204467,call,1.0910836410441371,5.531506849315068,1781.55
SPX311219C08400000,2026-06-08 16:11:59+00:00,8400.0,1649.72,1462.2,1702.2,0.0,0.0,6.0,17.0,0.3040469147396087,False,REGULAR,USD,2031-12-19,7332.16015625,0.0363499975204467,call,1.145637823096344,5.531506849315068,1582.2
SPX311219C08800000,2026-06-03 17:57:14+00:00,8800.0,1540.08,1265.3,1495.7,0.0,0.0,2.0,14.0,0.2903060357618331,False,REGULAR,USD,2031-12-19,7332.16015625,0.0363499975204467,call,1.2001920051485508,5.531506849315068,1380.5
SPX311219C09200000,2026-06-08 15:17:38+00:00,9200.0,1285.89,1058.0,1351.4,0.0,0.0,75.0,207.0,0.2844882037734984,False,REGULAR,USD,2031-12-19,7332.16015625,0.0363499975204467,call,1.2547461872007577,5.531506849315068,1204.7
SPX311219C09600000,2026-06-08 17:30:43+00:00,9600.0,1104.4,915.6,1155.6,0.0,0.0,1.0,238.0,0.2699421933054924,False,REGULAR,USD,2031-12-19,7332.16015625,0.0363499975204467,call,1.3093003692529646,5.531506849315068,1035.6
SPX311219C10000000,2026-06-03 18:48:14+00:00,10000.0,1024.37,900.0,1009.2,0.0,0.0,4.0,563.0,0.2612786256146431,False,REGULAR,USD,2031-12-19,7332.16015625,0.0363499975204467,call,1.3638545513051714,5.531506849315068,954.6
SPX311219C20000000,2026-06-09 15:23:40+00:00,20000.0,30.39,25.0,32.0,3.3899994,11.974565,45.0,2144.0,0.1991352059936523,False,REGULAR,USD,2031-12-19,7332.16015625,0.0363499975204467,call,2.727709102610343,5.531506849315068,28.5
